date,open,high,low,close,volume,returns,sigma,sector
2000-01-03,137.81049758483064,141.03222114418548,133.91490191509632,137.12049463687038,733184,0.015585283732935098,0.014,Consumer
2000-01-04,133.0740591463053,139.36876733075312,126.5791206630589,132.86388723405736,1949288,-0.03153486224051741,0.017124110498224827,Consumer
2000-01-05,136.95683881240177,142.80650850556637,130.86273628581662,136.70150000528594,951083,0.028474516710953194,0.0219944369958313,Consumer
2000-01-06,139.3919533418349,143.50300113029957,135.29552123134684,139.40615175863468,1113327,0.019591910973714294,0.02467030446304275,Consumer
2000-01-07,133.92441866730658,141.9146870725139,126.09868067547686,134.07986569102786,1635826,-0.03895599258997129,0.02538652367260381,Consumer
2000-01-10,140.52414446805102,151.0655310274306,130.25243618451154,140.77545316323426,847675,0.04873045517040348,0.02903817954253027,Consumer
2000-01-11,131.89913500286704,147.8287339050663,114.19894767910412,129.88533819809572,1749948,-0.08051404280426358,0.03362694285959674,Consumer
2000-01-12,128.34239003053233,131.54442444449478,124.55577576628677,127.74285221733555,1415189,-0.01663277120521493,0.04446339721803864,Consumer
2000-01-13,121.26421711886184,130.9083541459388,111.51158595602696,121.14634893220715,1665250,-0.05301996613243234,0.041510147138139886,Consumer
2000-01-14,128.4560397063503,141.1812768280206,116.33744565947423,129.0103855710541,1815995,0.0628935993697616,0.04359061107218685,Consumer
2000-01-17,128.71609526436634,129.54162185364984,127.63606997946232,128.45995379365812,1335545,-0.004275697288610112,0.04704735726021111,Consumer
2000-01-18,122.15228642220204,130.72780836687699,115.16098436841385,123.65074317217322,1347838,-0.03815620789732228,0.04328400741880915,Consumer
2000-01-19,125.66667183772584,128.12370505936406,122.82370153510682,125.2730384414236,922651,0.013034658464369974,0.04262849597101418,Consumer
2000-01-20,126.22294518936239,127.52131457817359,124.83759095479914,126.13505629042231,1357934,0.006857545521871917,0.03973960597682158,Consumer
2000-01-21,123.99784842841746,128.11333340028744,119.27995633396415,123.37476105405685,626601,-0.022126647217570173,0.03701949373157484,Consumer
2000-01-24,127.02760929741181,134.5636793995728,120.30815916025001,127.80320228836746,1869748,0.03526503765245471,0.03563414949844192,Consumer
2000-01-25,126.03873139953313,129.3582399403942,122.27140582787933,125.57880108751331,1348985,-0.017558140020406322,0.03608846797075492,Consumer
2000-01-26,126.56143576115234,129.43441028569924,124.25255883648943,127.1154268290936,1047104,0.01216208771535663,0.03446948300348284,Consumer
2000-01-27,133.73064763958465,144.00490743460603,123.49716927903316,133.76853018570813,1395292,0.05101537327046415,0.03275215509644088,Consumer
2000-01-28,143.0660691332363,154.96142092646951,129.63652982330476,141.39275223920436,1313676,0.05543057537588985,0.03672258402206703,Consumer
2000-01-31,149.36862071061466,161.3825996166026,137.1824306954407,149.18134683685108,940818,0.05362116375283268,0.04049346669256103,Consumer
2000-02-01,143.09885328645686,152.8403757513331,132.85729187666183,142.56228736109216,1250922,-0.04538365025830815,0.0429308869714621,Consumer
2000-02-02,149.65828851753048,159.0115587458361,139.33876835583376,148.6276246604944,1891411,0.041665005976643125,0.04339815896487348,Consumer
2000-02-03,145.03403391218382,151.30260652866747,138.16470690962984,144.40614112684187,1565794,-0.028814260337814722,0.04321013850576504,Consumer
2000-02-04,157.11846033447114,176.94315957617493,137.2591060736251,157.0788012617853,1596441,0.08411784416039247,0.04145156324642321,Consumer
2000-02-07,158.2225881558184,163.38066992305735,154.46195308093417,159.58759144482715,1200397,0.01584533585971833,0.050358290602308876,Consumer
2000-02-08,159.36904120019977,160.12056166649458,158.33648956063925,159.0866785177956,1081052,-0.003143732562004676,0.04654489387876358,Consumer
2000-02-09,162.78977316252553,168.23240385504565,157.23366744217614,162.672373038507,1096758,0.0222889951327443,0.04283251306089222,Consumer
2000-02-10,151.2488811824025,167.66976838454116,135.10494163146583,151.49911904927689,2081565,-0.07115838664824006,0.04052430425921371,Consumer
2000-02-11,142.9756365545903,157.90322953885456,126.55876365466966,141.31273927000984,2061098,-0.06960436684173428,0.04661869568222309,Consumer
2000-02-14,130.0971214520378,146.2409310579043,113.94957660182023,130.09285703417999,1795908,-0.08272696288066686,0.05064935747080301,Consumer
2000-02-15,133.79766007953933,138.86909589703149,128.36488313139282,133.42208316777015,1295626,0.025269180415050285,0.05638127781349972,Consumer
2000-02-16,125.16268072230352,136.54249393928026,115.39483861417234,126.65795859566921,1455798,-0.05202744700876104,0.05233410467499834,Consumer
2000-02-17,122.7153781655819,129.20901301675568,115.79773440545088,122.26767868935306,1626869,-0.035277484904469,0.05193375680657391,Consumer
2000-02-18,130.24997968430577,143.327529943593,117.477552571555,130.52785421129494,1153901,0.06537391736366241,0.04944054225039654,Consumer
2000-02-21,139.65359436672784,155.44499179360574,124.55777341712218,140.28131728903708,1494532,0.07206316943510153,0.05192837504805288,Consumer
2000-02-22,140.72279753371535,141.0830782383772,140.1611914074374,140.52095535259392,975882,0.0017068104148774683,0.05510181454779702,Consumer
2000-02-23,144.46207372824287,151.8726118999138,137.63465647592645,145.01887946999196,1579506,0.031507311116872244,0.05029318993101057,Consumer
2000-02-24,146.40861504913963,149.67550446246216,143.61643129444474,146.87443693878674,1319499,0.012714114096622653,0.04767001741998496,Consumer
2000-02-25,139.62016353812072,150.16734641134676,129.22719032765676,139.76368949058502,1744479,-0.04962498704626018,0.044070304664781096,Consumer
2000-02-28,149.79756645119448,162.5135511975079,135.34625352884493,147.901265470921,1995649,0.05659186170404799,0.044979432005067876,Consumer
2000-02-29,140.82213811944544,150.92404217900156,131.36235078485095,141.42383556149085,1445622,-0.04478361835679879,0.046892592852905174,Consumer
2000-03-01,152.60330398999503,170.3203731779723,135.01499466235282,152.71875727071424,1876211,0.07683673449514712,0.046475456776063837,Consumer
2000-03-02,140.44694402248356,157.76435670759093,124.10183699885161,141.31788969797458,1967106,-0.07758615249051076,0.052091813475983746,Consumer
2000-03-03,142.36405537435536,147.98267063560826,138.39510253216514,143.9689744205687,961790,0.018585931360991476,0.05633637620326199,Consumer
2000-03-06,142.3169901825009,144.6687394700818,141.90259297395798,144.24871747705248,1340324,0.0019411934256128181,0.051873358804454664,Consumer
2000-03-07,140.7993164020638,145.58395164139702,136.73469514086065,141.49912808436318,1943816,-0.01924545925870026,0.04746832120174361,Consumer
2000-03-08,140.77001440987155,142.1157182697753,139.25613232747332,140.60021295479825,1219813,-0.006373061126429636,0.044251004163535834,Consumer
2000-03-09,147.78060416533373,158.74208386850634,136.7700238249338,147.72756975320104,1352710,0.04944933861058492,0.04089759750649412,Consumer
2000-03-10,138.29898316015203,151.723542535675,125.56843072522065,138.9344910017919,1134411,-0.06136729831768051,0.04248383632390321,Consumer
2000-03-13,147.95311573351125,165.4799706026515,131.94673676865878,149.32515672357994,1704157,0.0721236538818269,0.045921594859702305,Consumer
2000-03-14,161.24888360332722,178.3537349418246,143.2667677199976,160.26751846280524,959917,0.07071822124187176,0.050668604845177496,Consumer
2000-03-15,158.0825928435313,163.90156770559133,150.62605558947737,156.38244863113678,1194327,-0.024539808621094703,0.053888830344585734,Consumer
2000-03-16,144.0910930892951,161.94911555944188,126.13655784045837,143.9809267778023,1546057,-0.08262376291401498,0.05013516889170743,Consumer
2000-03-17,132.5713195133266,148.80410397518904,116.88413769779746,133.0591921284283,1731268,-0.07888675505942652,0.055989562041069106,Consumer
2000-03-20,131.1537656375776,133.83357872858875,128.80833652999317,131.48227487449864,972790,-0.01192203210830481,0.05950909900688696,Consumer
2000-03-21,135.27033104906067,139.4900752864997,130.0575219025718,134.2452900914534,688288,0.020796598952205095,0.0543542686375955,Consumer
2000-03-22,126.21362172718436,138.37906985775186,113.75593091936261,125.89020570432048,1556998,-0.06425850587856825,0.05028303883516933,Consumer
2000-03-23,123.21468950564868,126.40361381157587,121.68189793992381,124.85047308710165,877611,-0.008293337814804395,0.05236487880498929,Consumer
2000-03-24,122.76333455351318,126.39175055474968,118.79637694133379,122.41448219729797,888259,-0.01970412427800169,0.04799980566237266,Consumer
2000-03-27,128.30576290518385,139.52189004736954,117.99985202001584,129.1483037105275,1320271,0.05354870351268605,0.04473726580754433,Consumer
2000-03-28,136.30123064438703,146.20566094614264,125.70828375570454,135.55876202284904,1711238,0.048443829181051126,0.046165548937831695,Consumer
2000-03-29,127.2534853780537,140.0680894591668,113.99228784228936,126.75688341019688,1276004,-0.06713426639772094,0.04644380491350268,Consumer
2000-03-30,128.52072246745828,133.7225324805552,124.35587588548229,129.5251368155653,1075337,0.021604021006705925,0.050016727907659264,Consumer
2000-03-31,138.57152348318172,151.34426210724132,125.0384895200845,137.73403301341614,1642496,0.06144955953912047,0.04659773079260175,Consumer
2000-04-03,152.40930165363636,175.97214659326204,129.5479064055909,153.0192579071844,1649958,0.10523925361969656,0.049025361468821575,Consumer
2000-04-04,156.48037405512497,157.9042801909809,152.54946952304005,153.95035352736625,1098416,0.006066388599651964,0.060696655007368525,Consumer
2000-04-05,152.37944008160503,155.2229314750747,149.20972539556806,152.04701351060933,817626,-0.012440398310720784,0.05525203438664598,Consumer
2000-04-06,160.98423377584828,173.60783091290583,147.64431820578935,160.2069657842246,1583513,0.05227674305312997,0.0506502158890749,Consumer
2000-04-07,146.38421104730605,165.82897238923636,128.0593309768975,147.37949877117072,2387499,-0.08345563108344893,0.050619010019204866,Consumer
2000-04-10,159.0433937164139,177.82848013974927,140.52062582538792,159.278348559361,1688602,0.07764240713681547,0.0565203829975523,Consumer
2000-04-11,160.19318740586573,163.16029803268026,157.86870874451935,160.8266278518703,970326,0.009673647587592992,0.059664851154191706,Consumer
2000-04-12,172.82972643396758,191.495893373929,154.16600635717325,172.83193481602706,1307089,0.07199270812911972,0.054423822809949896,Consumer
2000-04-13,172.19588867029304,173.04546292746528,171.55448083760635,172.40328257878883,907433,-0.00248324872964815,0.056982492881267936,Consumer
2000-04-14,186.6184905268762,209.22515999088816,164.19484410890416,186.78188095658948,1931224,0.08010512554128946,0.051947363500075686,Consumer
2000-04-17,170.26351176357448,193.6122524989658,147.8437235118181,171.0843753885622,2382494,-0.08778466593550276,0.05675691614583247,Consumer
2000-04-18,177.3754836893285,186.1581528732618,168.0705999694188,176.82606492447687,1457045,0.03300970724648763,0.0619112280634072,Consumer
2000-04-19,165.4511156713054,182.67115856186,147.8024995403401,164.97275496431863,2153154,-0.06938622654264828,0.05770481993846093,Consumer
2000-04-20,175.1592726869297,193.97915694958667,157.64406466160128,176.34534642112425,1737773,0.06666392918340931,0.05904273249417167,Consumer
2000-04-21,182.26094880238844,190.74388202422463,173.43659096456037,181.90285762355157,576446,0.03102852723920064,0.059627571864266316,Consumer
2000-04-24,189.45064078533412,198.74449095956527,178.73001436194846,187.95026062346108,1944696,0.03270456141225019,0.05557673332013737,Consumer
2000-04-25,187.82291553685923,191.65383291525367,181.63014030722204,185.41188118675686,979452,-0.013597621523601798,0.05226334164407478,Consumer
2000-04-26,191.17821718286285,200.2749720137949,182.21060744742587,191.30157588334043,1129493,0.0312713790220826,0.0480926169022761,Consumer
2000-04-27,205.84473193783845,227.23314569563448,183.71984471097758,205.02286156053313,1652158,0.06927037855650975,0.04579306401955089,Consumer
2000-04-28,217.66270726669268,238.25652409909986,197.51636995803673,218.07227791510948,1846352,0.06170506517980445,0.04997360875145274,Consumer
2000-05-01,233.47786882201498,256.07090613252825,210.09567075563794,232.6041617368897,1676407,0.06451157426470082,0.051662525273559814,Consumer
2000-05-02,226.2243533740851,234.7188230125743,219.8148942037168,228.2519182399565,983490,-0.018888208614656708,0.05347405629115362,Consumer
2000-05-03,233.25661145680817,241.08719115140894,225.52467624756554,233.35209100847925,1233940,0.022098509622664683,0.04940743284855217,Consumer
2000-05-04,256.7033967563999,296.4666497854658,218.26065319304902,257.8519100485974,2110155,0.09983699488488222,0.04610994638555552,Consumer
2000-05-05,258.6884059615831,259.7574320549818,257.4947600495241,258.5632690163077,1021533,0.0027549903507142186,0.05741093586321027,Consumer
2000-05-08,238.57709603783638,267.0796573503781,210.91358517625767,239.3289656431202,2008791,-0.07730138760453772,0.05232543302378485,Consumer
2000-05-09,230.83111542879544,243.16365828897574,218.93414435985994,231.24533828974685,1540270,-0.03435981336928371,0.05645074341175076,Consumer
2000-05-10,248.68355778729997,276.5554658263654,221.13179385697026,248.97177066127279,1280423,0.07386030175718288,0.05316426113101977,Consumer
2000-05-11,233.73657707902507,255.97374192769672,211.4401226156237,233.67105372150306,1273221,-0.06342514616687024,0.05638663454787069,Consumer
2000-05-12,247.5128554241861,267.5903100772562,226.6475060391271,246.6554072247103,1047369,0.054077877069351826,0.056982228979318,Consumer
2000-05-15,267.0565694769767,298.0993128691281,235.54822846219116,266.52973210511607,1989398,0.0774935524033923,0.056002161153033476,Consumer
2000-05-16,258.20636045827075,271.6703877709867,244.0003556851038,257.42356453922076,1834436,-0.03476296320720548,0.059243406744234936,Consumer
2000-05-17,277.99476603158246,306.9367907193774,247.19855531900046,275.92510798502366,1567508,0.0694066417171488,0.05557962338638251,Consumer
2000-05-18,265.0799167933306,281.9964571101299,247.55701749781818,264.4322241728227,2082705,-0.04254450386494384,0.057392228705510244,Consumer
2000-05-19,248.5797639961381,271.0589982755142,227.6080433124569,249.96998959361136,1507705,-0.05624410811924072,0.05483246806405497,Consumer
2000-05-22,233.6463500518811,257.2852150720103,210.08784072357827,233.71934561715295,1735772,-0.06721985120695347,0.05458744908782433,Consumer
2000-05-23,244.7895001928737,259.38103247286,228.69769471873528,243.1941293532482,1541046,0.03973899280399251,0.056228177436009746,Consumer
2000-05-24,242.01317055433194,243.2605148234632,241.97353615622816,243.22068267159315,641517,0.00010917972773407802,0.05353657144963321,Consumer
2000-05-25,226.35940521440736,252.31557048092208,199.48347744073592,225.32051535358153,1808291,-0.07644528912454966,0.04891761823818989,Consumer
2000-05-26,218.27684697931278,227.92137912241537,210.3386423903282,219.92329709766116,1180018,-0.02424506522745375,0.05376736030044835,Consumer
2000-05-29,205.42438075827428,226.22960335847094,185.19627926484668,205.94976716128457,1828795,-0.06564654568187235,0.05000916621105681,Consumer
2000-05-30,214.58640052383788,231.48397065464198,199.22306748596318,216.01813262555623,1217485,0.04773006117930574,0.05241329705422478,Consumer
2000-05-31,206.5255967881706,220.40820101014938,192.7382651835292,206.6149071808775,1081308,-0.04450564262270049,0.05137554649346873,Consumer
2000-06-01,213.5102600764635,225.68877760427995,202.01932375084013,214.16272612398438,1300320,0.03587941963228733,0.0500866275146469,Consumer
2000-06-02,195.53834033059942,223.05581329701042,167.5446713511047,194.9841557252515,1789125,-0.09381782593935899,0.047958691783713744,Consumer
2000-06-05,188.54122816900417,197.63377524663954,180.39335144882452,189.4467654101742,1171043,-0.028810238833195966,0.05709900667859626,Consumer
2000-06-06,185.8637083489008,190.77819951465938,181.8291613452534,186.72495736251767,1865896,-0.014471345838976435,0.053223507308235274,Consumer
2000-06-07,192.6221464183348,205.30434343156483,181.47279535598742,194.07112275132593,1274050,0.03858798609838395,0.048965358792829324,Consumer
2000-06-08,200.67408933195892,213.92448698990796,188.74212761347556,201.9185314830058,1344219,0.03963960256222648,0.04734384849204559,Consumer
2000-06-09,209.6743161079195,217.97724862155223,199.11035053585246,207.32005627336542,1721792,0.02639945819388199,0.04613942680315724,Consumer
2000-06-12,212.71342490942175,219.08557612963577,205.1662034188854,211.50206657455956,1188054,0.01997100472283291,0.043676275865951554,Consumer
2000-06-13,202.84152895391418,215.93634205210267,189.51381790439882,202.59255823352876,1013378,-0.04303790966186114,0.04105995388771003,Consumer
2000-06-14,213.1795979745253,229.1312597854214,197.0203168402885,212.95518654102136,1217058,0.04988489193292731,0.04155207697357711,Consumer
2000-06-15,223.37661793555094,237.80074477323151,207.96674719165088,222.32282748411885,1795929,0.04304875168818334,0.04306431756255331,Consumer
2000-06-16,222.9917320337309,224.86833738622911,221.46541439953722,223.33963842758385,891568,0.004563151647741507,0.04314635107386696,Consumer
2000-06-19,215.20610983025193,227.15461094548476,203.3214379059726,215.26659855538904,1006887,-0.036816401831879786,0.03990500522159529,Consumer
2000-06-20,207.97831799439737,218.31168857349212,198.59803389131633,208.8902732621978,1165607,-0.03006814746696731,0.03971453978035505,Consumer
2000-06-21,216.3096305042868,227.04398570020115,205.2017870125647,215.91664007709332,1241583,0.03308330184186786,0.038696379156022045,Consumer
2000-06-22,219.50605453991696,229.0202179371711,211.66426143359416,221.12074061718886,1393581,0.023816482337306898,0.03823746248044337,Consumer
2000-06-23,233.9831713526027,249.1579261733282,215.9166082483339,230.89081099530074,1273489,0.043236029135496505,0.036807153573634836,Consumer
2000-06-26,229.24395466460285,232.785275800376,224.99495472918312,228.5251722378016,845497,-0.010298551866443743,0.038265080369252295,Consumer
2000-06-27,207.71123867134202,237.24577156891877,178.8725641976903,208.3222624221086,2010478,-0.09256014795066098,0.03587871410898312,Consumer
2000-06-28,211.84369257376295,219.1721591783112,205.33148901785597,212.63561155282727,325941,0.02049373755019698,0.0491419662731209,Consumer
2000-06-29,222.85567246397105,240.5960255138931,205.97139063593315,223.6514527434553,1264111,0.05050886863639689,0.045770572108804745,Consumer
2000-06-30,226.98339149702113,228.78717770163152,223.05272002111641,224.83946895316313,1523787,0.00529785077434934,0.04646103839318656,Consumer
2000-07-03,219.4812094374666,226.30989456100946,215.05708356618138,221.83825721447386,802575,-0.01343813101396183,0.0427915009585153,Consumer
2000-07-04,219.65037003313944,222.4516126113513,217.80791225286967,220.6011793109348,1098904,-0.005592092499826884,0.03989959333374656,Consumer
2000-07-05,221.2813803431457,223.9019585900069,216.27437709099144,218.8663548141342,1253509,-0.007895161182856516,0.037125096139103475,Consumer
2000-07-06,219.3684630277822,219.86670430931042,218.70015228538986,219.1980064168277,722404,0.001514168672048725,0.03481333431582837,Consumer
2000-07-07,222.13705304577473,224.17563503623904,218.51923560937496,220.54319050623275,1482255,0.006118090798789438,0.03270960872532135,Consumer
2000-07-10,221.5375873211128,222.14155545525793,220.34204215718668,220.9443930921197,679237,0.0018175038720621088,0.031008860953350575,Consumer
2000-07-11,222.5977229232777,223.19629643056518,220.74563974338645,221.34083342834975,850568,0.0017926913160556902,0.02949127098224368,Consumer
2000-07-12,236.8266016118316,261.0459939224163,212.69042468974112,236.90212049528927,2168904,0.06794331593331915,0.02821825849767667,Consumer
2000-07-13,242.1489875336227,249.0722828479271,234.55732734018022,241.46095096219491,1184839,0.01906070414147578,0.037808203040022734,Consumer
2000-07-14,243.9770452096857,247.75691634532186,240.1880733820078,243.9678013042889,975275,0.01032848843733789,0.03602866553243123,Consumer
2000-07-17,247.84581050423512,259.8963415695502,238.33377154899685,250.29047903018838,1236681,0.025585904763089928,0.0339772489034688,Consumer
2000-07-18,244.6359141321986,252.66483696564205,237.39095464205087,245.39732799572536,1207787,-0.01974351562633504,0.03349266386569608,Consumer
2000-07-19,243.77028265490065,248.81819483400616,237.02093407328283,242.032868469824,1023499,-0.01380510679734683,0.03249427315158016,Consumer
2000-07-20,235.70415319551435,244.72849858090973,227.44837208954357,236.44670870233057,1648827,-0.023350687699091165,0.031197586063228123,Consumer
2000-07-21,234.22974966533664,237.18788063358403,231.99885606824904,234.95012589811628,972444,-0.0063495879587600465,0.03099063880175905,Consumer
2000-07-24,226.1024487321871,239.29515086883123,212.80037310370457,225.98629804051384,1395838,-0.038898892104350394,0.029569973702385663,Consumer
2000-07-25,232.91203133014687,251.08829738147458,217.91457061807844,235.8985325837734,1091427,0.042927396598102824,0.03203865238816557,Consumer
2000-07-26,231.31060838111344,237.70055151145075,225.83867790917856,232.20740620896515,1186637,-0.015770801319869077,0.03460627694918059,Consumer
2000-07-27,243.35113737491477,259.09358745785426,226.757297132792,242.4408612072864,1506244,0.043126844752694744,0.03309657458963582,Consumer
2000-07-28,244.58120091841175,246.18028828588814,241.90787893970457,243.49989667159576,1162473,0.004358708849989939,0.03543014691477185,Consumer
2000-07-31,234.04186024475848,247.91161406541693,220.26370261844963,234.12836392553893,1270580,-0.03924698943997966,0.033272901883480206,Consumer
2000-08-01,234.8737371460702,240.64701472370285,230.98461466269785,236.72720191457958,1404119,0.011038902662138774,0.03488148114420375,Consumer
2000-08-02,243.98418501078123,251.46102269317822,234.2090612274934,241.61324191923796,1107368,0.02042984242897165,0.03304016929811922,Consumer
2000-08-03,253.99836089794164,270.8811760085466,235.7731594274184,252.5603955634511,1346291,0.0443121366372088,0.03218585091386579,Consumer
2000-08-04,262.9884257316951,278.2895340849784,247.27357331906123,262.5491222583638,1866159,0.03878778647314244,0.03497539159527561,Consumer
2000-08-07,284.34539885725553,325.1015279110998,246.4974188978572,286.91192836581865,1372542,0.08873710192253055,0.03611504216690345,Consumer
2000-08-08,291.3784804527004,295.3417767750927,285.5873635975493,289.52545528638194,588268,0.009067922738002051,0.0482138777243151,Consumer
2000-08-09,292.6281531713403,295.3302114721978,288.623308173637,291.3132247402017,1089102,0.0061558403764279445,0.04440716707457843,Consumer
2000-08-10,289.19069425253593,297.66946896918665,277.2988242291515,285.6745079682616,743962,-0.019545983290980628,0.04102781185589389,Consumer
2000-08-11,303.09552798379576,330.1959996106127,276.0740971495204,303.1680989623769,1789478,0.05943435504536155,0.03878056080006832,Consumer
2000-08-14,305.7082355914319,313.1345034496122,299.740787386672,307.13912418967396,1252257,0.013013384462727089,0.04281368824012889,Consumer
2000-08-15,292.03191377502463,313.53942756134353,271.9895695145976,293.4029857222739,1270120,-0.04575377624850337,0.03989751554739434,Consumer
2000-08-16,281.65191043939967,298.69458977319965,265.1532313995122,282.165807535252,1321465,-0.039052173808320566,0.04107871229278463,Consumer
2000-08-17,290.820478504806,303.72113430987235,277.74248715375705,290.63491128675884,1087804,0.02957301097775156,0.04097229948123478,Consumer
2000-08-18,312.0214377299031,348.4244506008487,276.9700843137375,313.2365912572339,1556261,0.07489090850333871,0.039675784889117514,Consumer
2000-08-21,296.2728387016812,323.15706333584205,268.0942800274162,294.84933377138833,1584832,-0.060494294722779104,0.04691088947912135,Consumer
2000-08-22,283.4804216109094,305.8487452781137,257.6667799670161,279.7399584140413,1476882,-0.05260404120113778,0.04908603870225056,Consumer
2000-08-23,293.09397070037886,308.6536193666284,274.4319984175054,289.8177188100557,1170687,0.03539171783727039,0.04942296155621111,Consumer
2000-08-24,288.9075607705625,291.4571392427825,287.92876801988984,290.4730427802985,1182235,0.0022586065200511005,0.04734965001887894,Consumer
2000-08-25,272.4277337147271,298.61309641783663,246.3070589558333,272.48676196455585,1979482,-0.06392074307247556,0.04352420798865984,Consumer
2000-08-28,288.6365105863714,315.46305289656544,262.6093264044188,289.36975037437537,1501789,0.06011525044441481,0.047205556389822496,Consumer
2000-08-29,266.9121202333152,300.79611614303894,232.13355597611596,265.88747509654735,1290277,-0.08463209009293599,0.04924193480822394,Consumer
2000-08-30,231.49156197435258,268.76687264845356,196.7678276781997,233.71032404213352,2309225,-0.12899077628440547,0.05580504561373215,Consumer
2000-08-31,220.38431556104183,241.34369442688592,198.49122687137975,219.35247368677685,1646792,-0.06340251214486207,0.07132429843839062,Consumer
2000-09-01,234.57849844494518,257.80186000513464,211.12063776911796,234.31823294468924,2266109,0.0660002563864988,0.06908477560305741,Consumer
2000-09-04,256.48152165906623,290.8325204038868,221.88882548367326,256.20244733843253,2403122,0.08928778058452717,0.06761338663728045,Consumer
2000-09-05,250.79652336935138,260.32283927188354,240.30781532817744,249.79613212741754,1072395,-0.02532282817573882,0.07037827936449213,Consumer
2000-09-06,250.97799190611804,255.5373412163138,247.5421594188908,252.08633575014366,979839,0.009126517325637198,0.06448773999038808,Consumer
2000-09-07,249.536882544487,252.99303829981366,246.8045636336365,250.25287953737953,827835,-0.007299706247801942,0.05864664427764467,Consumer
2000-09-08,269.4551128416094,299.29821546493247,239.58943658218584,269.42972771313794,2075824,0.07383568097509778,0.053474629168592684,Consumer
2000-09-11,283.2581431631434,301.67774152746665,263.07023996269396,281.36685220771244,1427335,0.04335173600220074,0.056616119078697597,Consumer
2000-09-12,272.0198547729749,288.1693090140689,254.39196437891317,270.448106001779,1141944,-0.039579106592720896,0.054279037425025226,Consumer
2000-09-13,287.816786402354,312.687562949027,261.7298149215675,286.4855575399441,1324753,0.057607889744843495,0.051883976089265996,Consumer
2000-09-14,266.40075507078967,295.41148181200845,237.48869622185603,266.48976306423606,1445728,-0.07235229455024367,0.052453388107855596,Consumer
2000-09-15,281.0793412514962,302.20153860332596,259.12574955546665,280.18039394394276,1691029,0.05009782945456825,0.055554608433481416,Consumer
2000-09-18,267.66711095127914,283.348592049247,258.1411895151218,273.6111307441797,1186107,-0.02372579234035022,0.054272649575700715,Consumer
2000-09-19,239.69857733621404,279.01232678991437,203.74379073578194,242.61941459992556,1917492,-0.12021384695248669,0.05040687826973675,Consumer
2000-09-20,239.87699055369396,244.67302472792483,234.62032495670184,239.40696150009387,996756,-0.013329148864064133,0.06557734404035766,Consumer
2000-09-21,222.05543883985726,247.35712020887004,196.61130836341349,221.89467139394142,1880208,-0.07596205554553719,0.05972403513264993,Consumer
2000-09-22,216.42842773717877,224.06473618308124,209.8121055161629,217.41815744391772,1418847,-0.02038032400269356,0.06179889465375812,Consumer
2000-09-25,202.9129786138538,228.11723877133375,175.27969745467385,200.1394518513413,2313999,-0.08280810926817395,0.05672377231204965,Consumer
2000-09-26,199.40000381006215,200.627228266263,198.0932188343795,199.3199505961973,1125338,-0.00410305728101458,0.0608493756774289,Consumer
2000-09-27,187.06107157291532,204.62041035676282,170.17513705940797,187.67872086735127,1937771,-0.06017975616740516,0.055359213127753125,Consumer
2000-09-28,186.6476379552602,189.5216464968663,182.90161432919948,185.7619855561967,818186,-0.010265362666219984,0.05563231471325318,Consumer
2000-09-29,195.87630037461378,209.38334871851023,181.0888348382747,194.5010499977056,1860756,0.045971354771912123,0.05090943137458825,Consumer
2000-10-02,196.2512532244858,203.39611730539684,190.94338850339972,198.03987698019986,892052,0.018030847816683154,0.04990411787860677,Consumer
2000-10-03,206.5025203095479,217.3581819930076,194.32134060361537,205.1034545934993,1674478,0.03504609908937039,0.04627205966824647,Consumer
2000-10-04,203.27451246773407,205.86611481055033,200.97232214920666,203.5606834557024,967700,-0.00755034916602523,0.044689116840240926,Consumer
2000-10-05,202.48101127718303,204.56247836180017,200.09213472617247,202.17040887595346,1265489,-0.0068532091692217354,0.04130671733565739,Consumer
2000-10-06,203.45305120979828,204.32317910213868,201.8805485317238,202.7476596056575,1093200,0.0028511996163777557,0.038367185054755906,Consumer
2000-10-09,206.39768524699045,213.47491446810238,199.95378822082688,207.01184295824996,1846845,0.020813854310598928,0.03576104182079393,Consumer
2000-10-10,213.20061317204397,220.2432316024611,204.6307546536999,211.62120062675302,1207275,0.022021882975649186,0.03446830673787565,Consumer
2000-10-11,214.62387247712599,222.00356976622265,208.40308310534496,215.75013608239644,1118665,0.01932307374130843,0.033514113966655976,Consumer
2000-10-12,210.0864724307699,221.8388596049909,196.22478028671307,207.85217952130708,891277,-0.03729380903092581,0.03247404878973072,Consumer
2000-10-13,210.5702906396217,213.8468655876092,206.75158285555523,210.0195886153102,1114585,0.01037365381423513,0.03394518087510395,Consumer
2000-10-16,216.76503098844174,228.92912420052116,205.3790531673367,217.50431418388857,1409005,0.03501788017247782,0.032217419942221596,Consumer
2000-10-17,227.63930557670545,244.58681965455196,211.27409692209395,228.18255619072116,1334942,0.04792730796394939,0.033381244853253576,Consumer
2000-10-18,226.5548574807035,229.17813608484263,225.96259703115973,228.58057998490173,1006782,0.0017428021808337697,0.036551334225483234,Consumer
2000-10-19,233.6806225299327,240.76712795301333,226.17542794550138,233.2488392818935,1391984,0.020217067626628994,0.03419438010619016,Consumer
2000-10-20,234.6499381153317,235.98513393000005,231.04350171877823,232.36569985104924,1227164,-0.003793440348894159,0.033116672208877575,Consumer
2000-10-23,238.07249860869672,242.2965534429042,230.9586966992257,235.1305534092726,889394,0.011828483225048435,0.03129743936817017,Consumer
2000-10-24,236.99920458273112,240.11575593556853,234.00457071890196,237.11960079001173,1301242,0.008423752220608004,0.030076747183068492,Consumer
2000-10-25,235.9765342718425,237.31331774798747,235.39628433849987,236.73121211416571,1445988,-0.0016392871015279312,0.02888481464563179,Consumer
2000-10-26,224.97260748244088,243.88625079857192,205.01063066987714,223.82805004395306,1124886,-0.056047248085843056,0.02771045115150941,Consumer
2000-10-27,232.859939324662,249.87231074754968,217.17784384279267,234.10627970789622,1568423,0.04489707569093652,0.03443093645423483,Consumer
2000-10-30,231.05842980171275,236.70329564248695,224.69734767724515,230.32427784119764,868861,-0.016286979432340833,0.03675260016559506,Consumer
2000-10-31,222.25298519231862,233.9226329914154,211.1050250230516,222.74975538700636,1476068,-0.03343925139969219,0.03493412014063189,Consumer
2000-11-01,205.7680646604018,229.74726220248246,183.21768031831073,207.05575791606108,2072307,-0.07306084929265082,0.03527097574672205,Consumer
2000-11-02,204.62666084013338,211.49789793804123,195.67316555393018,202.4720522230099,1420802,-0.022386255599007126,0.043542123730994094,Consumer
2000-11-03,190.10456192074457,208.9653382532219,170.711336858046,189.51346933156682,1611953,-0.06614176304490953,0.04113277157165283,Consumer
2000-11-06,193.65359829578492,204.43265585342337,184.7290063233922,195.42636530995912,1510692,0.030723560181451302,0.045931839071998416,Consumer
2000-11-07,198.2884944434288,202.58349579186296,193.9742676462473,198.26884334469202,1089843,0.01444024395024268,0.043924681500976843,Consumer
2000-11-08,195.6977459930763,201.86789309826128,188.02367639296537,194.14486269728053,986689,-0.021019309050203314,0.04092407864291124,Consumer
2000-11-09,200.38119568301056,208.89484887612247,191.23693811725352,199.72260978279127,1166696,0.028324857410206336,0.03880845105333555,Consumer
2000-11-10,196.84110174962117,200.56042680232943,194.32111208338637,198.0252771429445,821664,-0.008534767870584947,0.037752103658254474,Consumer
2000-11-13,189.28174251803324,201.93328741058986,177.04704481765208,189.67328160443827,1877922,-0.04309166338539159,0.035370940104690295,Consumer
2000-11-14,177.47208716171434,196.57697379591306,157.53369036553116,176.53802513608562,1764105,-0.07176672846508028,0.03714049597285496,Consumer
2000-11-15,178.75141626627655,180.90541245890228,175.81747026322253,177.96195324256686,1155662,0.008033488582889565,0.044453376138093366,Consumer
2000-11-16,187.486459942497,200.52501435596255,173.44351188707824,186.40699608910487,1123607,0.04636265259711576,0.04111645243551004,Consumer
2000-11-17,191.24456604297416,196.9815335240101,184.46761700913672,190.17242224778718,1161248,0.019998711945090664,0.04212925897854571,Consumer
2000-11-20,190.67511329208813,191.2103888168464,189.99380065258094,190.52866505837463,1325813,0.0018715098351204345,0.039747853295297675,Consumer
2000-11-21,194.34087874315452,208.69614540809727,183.54748284929403,197.71533723794562,1072682,0.03702564951393233,0.03693831148857576,Consumer
2000-11-22,192.96480432035503,198.8672680689169,189.51015135530722,195.36956266447223,741031,-0.011935347406022305,0.037378949862067044,Consumer
2000-11-23,189.73057402944642,199.10071658340726,179.70574955878993,189.0418798693959,1476910,-0.03292438097863488,0.03520108793614345,Consumer
2000-11-24,181.33057584202862,194.5783675306329,166.90046044942585,180.05506485405004,1737797,-0.0487058571601864,0.03541038693567789,Consumer
2000-11-27,186.2845119098628,199.2593918054725,174.75138000542938,187.64220334554398,1394092,0.041274255836555855,0.03819627574258797,Consumer
2000-11-28,175.13189863063155,195.42884883218946,153.56037297137803,173.69024206588972,1391984,-0.07726348106869234,0.03902177614758548,Consumer
2000-11-29,172.22469281362586,175.5026723001186,168.23605887517704,171.50024992702302,1115476,-0.012688770825834396,0.04704897487722388,Consumer
2000-11-30,173.81237904902866,177.25806466276552,170.33677950977537,173.7818601109906,1412862,0.01321611127503922,0.0435320062179392,Consumer
2000-12-01,168.46485746620723,176.0764404818134,161.40344966494195,168.99289917508844,1052759,-0.027944137855504023,0.04052441599668144,Consumer
2000-12-04,176.97135806331713,190.17427271276037,164.16766356306792,177.34364373003007,1288927,0.04823264299325501,0.039126894325652584,Consumer
2000-12-05,179.12331204713405,181.28970686848987,176.61710310137988,178.7793377487744,1632590,0.008062955054433012,0.0409107475509046,Consumer
2000-12-06,165.15791987750626,186.2480622423636,143.22299723737922,164.18947186348146,1802036,-0.0851312181718741,0.03806183257241496,Consumer
2000-12-07,171.23255055142457,183.018064474059,159.861788441005,171.6214756460251,1321242,0.04427025147497571,0.048436155143967846,Consumer
2000-12-08,161.6496024908185,176.0973500125917,147.37885282376732,161.81224218830997,1414715,-0.05885466443944904,0.04765319690170909,Consumer
2000-12-11,152.67500364507393,165.80577599460477,140.01559752918558,153.1102780779254,1597661,-0.05527823072386219,0.04935830698985195,Consumer
2000-12-12,142.40562483330922,157.96703262541303,126.79713866264963,142.35277082016805,1455039,-0.07285015513639984,0.050073410048823874,Consumer
2000-12-13,138.35987129505764,145.2917622647055,130.77900998780927,137.67667238899216,1640962,-0.03340029593245928,0.05386973993480712,Consumer
2000-12-14,121.18160199449812,139.39621072625562,103.0043616953234,121.21409628370056,1975908,-0.12734960960018732,0.05088119564015159,Consumer
2000-12-15,130.04893438638345,145.46622550590104,115.35397363347623,130.697930976963,1535983,0.07533041733992005,0.06785134719086366,Consumer
2000-12-18,142.0779239332787,159.39604617416776,124.48242864643647,141.76204825866645,1422583,0.08126114534641729,0.0680752893418976,Consumer
2000-12-19,158.18014848542006,181.90717075823306,134.34575017776874,158.05382373855144,1989596,0.10878569606013772,0.0692668901903225,Consumer
2000-12-20,155.42327323003087,159.26072772475055,151.74800379375228,155.58171171871513,927513,-0.015764560694584023,0.07558750433374457,Consumer
2000-12-21,161.46542341425373,175.2815764937126,149.66860082345437,163.3472647263836,1442880,0.04870732214716376,0.06861526692513167,Consumer
2000-12-22,161.9281332025017,164.01650522539748,159.90429150411896,161.99186695739954,902666,-0.008332263036927122,0.06497926106672645,Consumer
2000-12-25,169.17289188474382,181.5322886259388,157.37705137399888,169.6997145904284,1040592,0.04648436038551354,0.05906147209577252,Consumer
2000-12-26,176.65751325900288,184.952392868956,166.87429871598425,175.09585113437774,1296607,0.031303054356149336,0.05669854806750625,Consumer
2000-12-27,161.44522809010837,180.2745977492552,144.96374779265133,163.5756307540113,2141126,-0.06805808794488132,0.053092018836867184,Consumer
2000-12-28,167.2330290709177,173.95970557127436,160.98904405596517,167.6983469669873,1608308,0.02489135489419247,0.055224953341278506,Consumer
2000-12-29,157.90790219405162,172.14517836395038,143.70017490601703,157.93501188746757,1327515,-0.05998318045149651,0.051310557485837224,Consumer
2001-01-01,152.62064045784186,159.85783852263526,146.74959723756803,153.9361885200267,1650055,-0.025645474961802802,0.05240148793848744,Consumer
2001-01-02,153.92806827440353,155.39312031833813,151.50666567339402,152.9625279257779,1180216,-0.006345180405187329,0.04894268391124892,Consumer
2001-01-03,144.30543626065554,157.38892974707227,130.93583885928598,143.9908063337524,1982134,-0.06044352324460984,0.04497052639124091,Consumer
2001-01-04,158.49856742046782,178.98841648399758,136.66106286658786,156.95082850121787,1618071,0.08618310939965325,0.04760138149736297,Consumer
2001-01-05,173.99351577766976,200.09254314432022,147.7114533501322,173.77818041192023,1968001,0.10184709868175881,0.055016747161522384,Consumer
2001-01-08,178.62664819030445,185.9956143971373,171.25495901628673,178.62380805784596,921564,0.02750230263882439,0.06385451198679458,Consumer
2001-01-09,190.02417951612313,214.541020954544,168.45107682345287,192.66779352681309,2096047,0.07568546538868169,0.05895231512352146,Consumer
2001-01-10,180.91957263231134,198.09691616840453,163.67976029436895,180.85055055415967,1985570,-0.06329642609022097,0.06115180960040007,Consumer
2001-01-11,182.5476447291669,184.76960154742684,180.1048189116878,182.32405420211416,501854,0.008114618776398453,0.06076677288857856,Consumer
2001-01-12,191.86132304839333,206.21648493495775,177.3097928381786,191.64907415441834,1224198,0.049880339467701935,0.05535302706733039,Consumer
2001-01-15,196.5784955787267,201.61616884407664,189.95545855088497,194.95143551073878,1152618,0.017084517986971873,0.05407747520202165,Consumer
2001-01-16,186.58458812217282,201.52114853748978,170.02466106550753,184.81995848911617,1766781,-0.053368325024918443,0.049832527254869266,Consumer
2001-01-17,182.4076834018108,185.99273071757324,178.84311304963057,182.42776787900962,1003384,-0.013027851625921292,0.050138322024980364,Consumer
2001-01-18,192.02455951008483,204.36988970786228,178.17468998680997,190.41664688518105,1439849,0.042860247422775104,0.046222719587693646,Consumer
2001-01-19,203.13743568036745,221.45134831565392,183.98178124678958,202.21228682705734,1255670,0.06010352079762406,0.04565941267950423,Consumer
2001-01-22,208.09993408042385,217.9695238295921,198.60464065013645,208.45789707518585,1043435,0.030419017901972014,0.0480592400567298,Consumer
2001-01-23,208.06494855235925,210.70989632620885,204.07115291248383,206.69873318488766,511202,-0.00847475044772374,0.04567876904407976,Consumer
2001-01-24,194.86871280295,211.20086691708426,180.82260143841802,197.00105649757637,1368007,-0.04805324625144018,0.04219020220831589,Consumer
2001-01-25,199.6999724213079,201.86641835545507,196.27831952867,198.43099899967496,579537,0.007232335948371569,0.043247863544897784,Consumer
2001-01-26,200.18551544595402,207.26096199124257,194.91529056266154,201.94443066692455,942549,0.017551136243305725,0.04005181847867828,Consumer
2001-01-29,189.33291625334584,209.00563132774064,168.85037719650407,188.42919024581357,1767720,-0.06927027609599881,0.037809058283351335,Consumer
2001-01-30,198.70645907967483,211.53992412146755,184.01438603870477,196.71952484942068,1303304,0.04305669478899324,0.04430999416814984,Consumer
2001-01-31,192.12079459314177,200.16190011170838,183.2993256737444,191.3063427794043,1236744,-0.027902950452241698,0.044145014570934914,Consumer
2001-02-01,190.54926854764543,191.34631084189138,190.42973891949813,191.22635648333298,696658,-0.00041819325454362893,0.04214038497410154,Consumer
2001-02-02,191.37527483851142,193.62350551722517,187.505595889872,189.73455174852717,1257557,-0.007831839581892609,0.038995844258742605,Consumer
2001-02-05,194.67000592169504,205.2583575481379,185.35468331032362,195.88489999120787,947860,0.03190124254039229,0.03641073127866511,Consumer
2001-02-06,191.6499856212435,198.36202480004323,184.66227457411057,191.36430866516957,1357424,-0.023348255265251076,0.03623874270916238,Consumer
2001-02-07,205.18514985232218,226.20275162462605,183.90152501747852,204.88876765838822,1807960,0.06828824856454727,0.03510510407479793,Consumer
2001-02-08,219.79039844116582,239.59165607863343,197.97029210466775,217.5716601728322,2218847,0.0600610332325871,0.04225384478936709,Consumer
2001-02-09,205.22728770101267,223.76381192959695,186.35419576980487,204.85730219421822,1563368,-0.06021461842374287,0.04549075814417726,Consumer
2001-02-12,196.41865160040953,210.63029337885553,181.08614577407425,195.21036326326535,955522,-0.04823588684221252,0.047952031260554195,Consumer
2001-02-13,188.49963043225864,197.67314722280636,180.97045698457495,190.08081700432714,1096390,-0.026628428679738473,0.04783850915871797,Consumer
2001-02-14,182.81850474020302,197.0347912257985,166.44359581282328,180.47787048763522,1242275,-0.051841165297782585,0.045135123229207895,Consumer
2001-02-15,181.18832328331308,182.72564765565446,179.83971367955536,181.37564379953773,1380837,0.004962091667275906,0.046182999491668236,Consumer
2001-02-16,189.86408224589889,204.4911626211446,175.90548910480132,190.48678879689302,1776189,0.049012581266843165,0.04254396439796261,Consumer
2001-02-19,204.2781324263149,228.10372931101466,181.47844725114444,205.20103775573253,1839842,0.07440732855859163,0.04368439187767096,Consumer
2001-02-20,204.69661148917038,209.17361814455987,202.33352344862797,206.78640481160772,1167997,0.007696229144035548,0.04956943066509308,Consumer
2001-02-21,197.2154603780685,210.7171865257124,184.98100261421834,198.4087046626669,1685164,-0.04135733152088693,0.04554764051654928,Consumer
2001-02-22,192.62686366009788,200.76479989831373,185.40916884388653,193.51386914217034,1253093,-0.024979883141489613,0.044902498548289316,Consumer
2001-02-23,200.26041789725517,214.79425653961903,187.48994776377876,201.91807851990495,1457419,0.04251287820651065,0.04250396081505429,Consumer
2001-02-26,210.28271778477145,228.16030169254205,194.5291938614747,212.2587420846707,1238955,0.04994394876019814,0.04261890507725859,Consumer
2001-02-27,225.89166103517573,246.8000876268636,204.87192983056033,225.76900327751403,1616655,0.06170635514940356,0.043900530277568364,Consumer
2001-02-28,209.07917223735222,234.54740537883416,182.80331791031406,208.15952785347767,2102654,-0.08120762059956159,0.047042070392309544,Consumer
2001-03-01,201.45161309177288,211.27178240740994,191.8120270346348,201.62394992470888,1573460,-0.031900418200330516,0.053474917072889004,Consumer
2001-03-02,201.7335397027612,204.9072464516998,196.38145712344036,199.52034552079311,1145017,-0.010488114680433726,0.05040137802645163,Consumer
2001-03-05,191.3609101724205,203.0776931023929,180.29031273777508,191.97175700149225,2067996,-0.0385679514333084,0.046354495014019025,Consumer
2001-03-06,212.84460241858648,245.08392032599636,180.9179120557985,213.11645245738816,2016215,0.10449047920462902,0.04518975988061982,Consumer
2001-03-07,211.59207434731474,213.4050405072975,210.72780335384542,212.53691022822886,1029666,-0.002723072988864017,0.05806402117590904,Consumer
2001-03-08,207.25471176008668,216.26820069595175,197.48417457922852,206.46324259151905,1054926,-0.02899327389413437,0.052898551143377576,Consumer
2001-03-09,206.43718892125924,207.30391683941093,205.02174464592426,205.8861590615251,690084,-0.0027990044580656036,0.04964571341132959,Consumer
2001-03-12,221.77760490973478,243.54529052827397,198.23421339002005,219.808643554306,2017669,0.06543397570852962,0.04552947014834828,Consumer
2001-03-13,224.51781707350906,226.27962291113855,219.22765871081987,220.9615583561927,1279559,0.005231376468896248,0.0489957844936188,Consumer
2001-03-14,231.05572135705802,249.9735373044398,213.57521897254145,232.39194316442484,1083763,0.05043661411151811,0.04499527323486332,Consumer
2001-03-15,242.31935165125046,260.5679589039214,225.33989102499774,243.50539174515922,1546027,0.04671372855847351,0.045839257162819884,Consumer
2001-03-16,262.32519816197646,295.7135408404974,230.69081904536694,263.8904094172343,1605725,0.08039481614998197,0.045916400808061156,Consumer
2001-03-19,269.76376674426945,277.63789798599635,261.2217764264843,269.07582741568126,1078353,0.019459325064934557,0.052499063421185196,Consumer
2001-03-20,272.0580137313066,280.36168609889205,265.30162046017927,273.56779825856995,973958,0.016556256215264728,0.0485975424057505,Consumer
2001-03-21,259.69455360414094,279.55704344677935,240.86880746000563,260.66122171496806,1566147,-0.04832791930074357,0.04506099583101553,Consumer
2001-03-22,246.268404235285,267.1619069819928,225.6055322808977,246.4811821382833,887272,-0.055935912738650194,0.04554923538125658,Consumer
2001-03-23,247.33081556834154,249.2122971261915,245.69229898222088,247.5721815393723,885611,0.004416531713757602,0.04721345385734427,Consumer
2001-03-26,256.8680766466039,268.1865476479817,243.71855841441845,254.95262832327725,1228783,0.02937557454690266,0.04343056576845915,Consumer
2001-03-27,264.69972740973793,278.6075721666736,250.1681016894728,264.04135422313334,1569712,0.03502797904386012,0.04169424290437301,Consumer
2001-03-28,264.40121575380954,266.2352089662368,261.0001276559648,262.8231749424106,1025989,-0.004624268228617535,0.04092397598571836,Consumer
2001-03-29,260.9048486595233,262.97392019893675,260.45487970072065,262.5211636661034,998862,-0.0011497651630840296,0.03798716924016914,Consumer
2001-03-30,266.4303952852459,271.4078041321507,260.84535286085617,265.81119388906654,1077013,0.012454557075031228,0.035420591687527446,Consumer
2001-04-02,268.76879510684,271.0194605157599,265.06091640538045,267.2992760865262,1099737,0.005582655551029043,0.03357025545309288,Consumer
2001-04-03,259.08381231280725,269.84493679376243,251.37960055447908,262.05244857316114,1274997,-0.01982424577733794,0.031721357905974724,Consumer
2001-04-04,262.3578869382139,269.4965381717062,257.92635602468135,265.0200403794978,1405312,0.011260778080023102,0.031047475678631288,Consumer
2001-04-05,269.4618472283837,275.83172562564255,262.8653184918468,269.229709320989,898379,0.015759506000021347,0.029835840280731,Consumer
2001-04-06,269.8493857691303,271.0766792952897,268.74108386203494,269.96789067516,615588,0.0027380753006261923,0.029144402491911525,Consumer
2001-04-09,262.3022937847275,273.2900035145979,252.0975297822741,263.0559199912488,1455117,-0.025936395383636988,0.027939962701142174,Consumer
2001-04-10,259.3963920911094,265.8187685418589,252.34320785412615,258.7495696756221,924766,-0.01650595162864031,0.028730083595726357,Consumer
2001-04-11,265.666128395427,278.21727291501736,253.9524740602865,266.4682516528675,545206,0.029394424261983066,0.02830549643813003,Consumer
2001-04-12,264.7012964440767,266.81767371304505,263.6544699030878,265.7666340318977,1039478,-0.002636497705279432,0.029505350862872523,Consumer
2001-04-13,268.45782290723554,272.8917510015115,264.1760631811068,268.60760237244455,765790,0.01063297933795797,0.028239958421631246,Consumer
2001-04-16,272.3710999819036,282.62819921734996,263.9800516478775,274.1813808181583,1482073,0.020538273785492625,0.027476448801920992,Consumer
2001-04-17,288.5269337009851,306.4560534732674,268.02006718868466,285.77839204812784,1112070,0.04142679631857896,0.027699048621294676,Consumer
2001-04-18,287.6431040384413,301.1758456843189,278.50083753042406,291.8983336494307,1574192,0.021188911721185068,0.031164350684765293,Consumer
2001-04-19,287.9377522986628,293.3235982408124,283.634729790561,289.0046319835466,1165580,-0.009962853600011215,0.03072977220663458,Consumer
2001-04-20,299.7172077944113,313.89820869799604,284.1536848438427,298.266023539538,1463048,0.03154306912159261,0.029501591273617924,Consumer
2001-04-23,296.2757039159836,298.49351311509304,295.59571023161254,297.8099980137355,964018,-0.0015300921301418019,0.03074930717238883,Consumer
2001-04-24,294.5122534103336,298.8820031296736,291.2848952409416,295.64226197005127,1014691,-0.007305543616653116,0.029270584048743317,Consumer
2001-04-25,305.92794030915957,318.517837440359,291.36059829823824,303.86562465253945,936117,0.027435430531945006,0.02816769989853379,Consumer
2001-04-26,298.25989703570497,309.93274809377453,284.45402607845466,296.03999804015024,1245912,-0.02609100580641633,0.029114272811287346,Consumer
2001-04-27,294.65502417136065,297.8997799168912,293.54660180998275,296.78335129333954,1191618,0.002507841985714316,0.029668565733156366,Consumer
2001-04-30,295.3337424278512,301.8876019240411,285.93567444105105,292.4249846250241,632704,-0.01479424473549287,0.02837467929059098,Consumer
2001-05-01,298.849898669634,303.48207983567994,290.8827061749828,295.4623807251933,1131491,0.010333350592090102,0.027873435229070046,Consumer
2001-05-02,302.1466569468468,307.7346602822483,293.59567995014,299.1278524861348,1220276,0.01232956073245474,0.027158045462517877,Consumer
2001-05-03,303.37059874408106,311.8889197650593,295.7093461923695,304.20655613430614,1050923,0.01683584936142634,0.026699255735949716,Consumer
2001-05-04,306.80860129905284,313.7821796882022,301.0716253625284,308.0225051149652,1603455,0.012465917214040818,0.02669825985042866,Consumer
2001-05-07,313.0058340669805,322.9770035009178,304.0265637356364,313.9700718583455,1524502,0.01912481995340413,0.02633529052490036,Consumer
2001-05-08,328.6987892558682,361.6305689511969,300.12190600060114,332.7053570054211,1278347,0.05795961569143883,0.026640229585389162,Consumer
2001-05-09,336.7409931902688,345.791979268115,328.89204767768666,337.91565410847704,901772,0.015539035779837004,0.03422950516082123,Consumer
2001-05-10,349.19508021475093,363.5390604322985,333.0312690075868,347.2972933226017,1468686,0.027384845950533244,0.03276501890414239,Consumer
2001-05-11,338.50197085916125,351.4830202245263,325.6186040752604,338.5960719578753,1344905,-0.025373297435957266,0.0327311264577193,Consumer
2001-05-14,345.9928741552227,357.08174475646985,334.8222863069822,345.9084512016144,1073361,0.02136627934572697,0.03245969723779018,Consumer
2001-05-15,370.64500235812824,406.08900784832053,333.42291211421394,368.67890370718686,1294692,0.0637519374148479,0.03180225211800492,Consumer
2001-05-16,343.67540717150337,382.1249131342667,303.89908711980416,342.18145344591807,1301540,-0.07458492356534537,0.03897118192259148,Consumer
2001-05-17,338.8493523321585,343.26804687524736,335.57939858595563,339.98711354032946,1366207,-0.0064334464538044304,0.046362043093917234,Consumer
2001-05-18,327.13794354038765,351.1737219143344,299.949393443363,323.7351593426119,1216611,-0.048981943445271986,0.042728908444575164,Consumer
2001-05-21,328.7814761750888,338.1648472952641,320.11162628528706,329.47666551140026,1116536,0.017579761468850156,0.04382342194584173,Consumer
2001-05-22,300.742045114768,343.40350959317266,257.2260202807341,299.746223467156,1476185,-0.09456933867721383,0.04102134872026853,Consumer
2001-05-23,289.63964440652495,303.5785330826001,277.90651031569604,291.7595239022917,1035736,-0.027006280200051594,0.05279871980778262,Consumer
2001-05-24,302.34526918425496,323.1468736123019,283.4701765201666,304.15857801221676,1467905,0.041619288912120106,0.04939195001423961,Consumer
2001-05-25,309.7697982091645,315.0793668406695,302.38080014609073,307.65410501566987,1708635,0.011426912634695328,0.04807781777909532,Consumer
2001-05-28,301.31510340403895,312.9640381840986,288.2347125293222,299.82608125406244,1315215,-0.025773538837933013,0.04437079444605493,Consumer
2001-05-29,280.5605663045948,312.7626455500365,245.86134583140475,277.73964657160917,1563438,-0.07651842564000018,0.0421266568274034,Consumer
2001-05-30,300.6519846435426,334.94269178669305,265.50154225478195,299.68156916015715,1645801,0.07603632304596515,0.04896922086093147,Consumer
2001-05-31,319.8316089977202,348.2301807735654,289.72463623851417,317.9567335871277,1712603,0.05919484082022595,0.05371793030947772,Consumer
2001-06-01,320.9426937002194,330.7750039747154,313.2778497901658,323.0596034295811,1248569,0.01592152131934397,0.05416730754197505,Consumer
2001-06-04,309.8387973675446,329.60637586818774,289.8542235801602,309.6070144318195,1262017,-0.04253303904824627,0.04985280324360782,Consumer
2001-06-05,326.8767613746772,353.23852456866035,300.36042674293833,326.70863062819035,1457268,0.053764937960347335,0.04857571929059462,Consumer
2001-06-06,326.85879836665436,327.50511752750674,325.6330617210731,326.27823289205264,569086,-0.0013182433598893696,0.049206510613545,Consumer
2001-06-07,311.7426744720611,337.56415024659236,283.17611358137634,308.7496813688515,1391407,-0.055219636554967824,0.04513629597388467,Consumer
2001-06-08,294.0274316945053,315.17559850139065,273.87568092692686,294.959936663933,1184498,-0.04569131673971638,0.04676761069996098,Consumer
2001-06-11,312.909953647482,338.7350176283362,285.92322278083424,311.64378763014275,1552615,0.05502129005447201,0.046507225162095475,Consumer
2001-06-12,339.97122340099804,386.2446893259105,294.51920096993325,340.6957960690406,1715315,0.08912915623930888,0.04779580470826941,Consumer
2001-06-13,340.5926325088757,346.23487123592724,337.28735183712735,342.9071295314281,1042276,0.0064696656284096675,0.05584937002293305,Consumer
2001-06-14,352.1443805056978,367.4791524573585,337.3402435375503,352.65360760063277,1131874,0.02802664245630911,0.051005883891648306,Consumer
2001-06-15,379.558568472472,419.81163159829885,338.34964570859927,378.4893116812901,1865142,0.07070154027932093,0.047948973465140154,Consumer
2001-06-18,384.958555410776,400.6874539816624,371.6596538301903,387.3074081808045,1483705,0.02303088024007313,0.05185643079473208,Consumer
2001-06-19,372.4713846692144,395.28854419197944,349.0321436033619,371.80870835339437,1862276,-0.0408392169383761,0.04827871941663282,Consumer
2001-06-20,374.83690814644297,378.4228209046151,370.60788074607774,374.1875816609712,1262861,0.006377729763244489,0.04706212962487916,Consumer
2001-06-21,369.68977540891217,375.48038658045755,365.8037372877653,371.5745365678275,927441,-0.00700774609711356,0.0433356268144709,Consumer
2001-06-22,384.5148933325742,403.66010614556205,364.99013689570336,384.1154617873926,1182020,0.033193708306167385,0.04012165895033147,Consumer
2001-06-25,430.3548053185209,494.908026116299,364.1007273620721,428.3537968965554,2341725,0.1090062932457658,0.03940902630373668,Consumer
2001-06-26,428.0389365350222,435.74136798450735,423.633905813017,431.3027487455911,466550,0.006860794421591488,0.055900025746364115,Consumer
2001-06-27,406.6388662103712,444.35884684938213,367.83016669026574,405.43883165333176,2111024,-0.061840261344647755,0.051057916896105726,Consumer
2001-06-28,409.2653502302061,420.66208849012776,400.1541099810049,411.5010755673626,1516636,0.014841618433413587,0.052527720212206634,Consumer
2001-06-29,404.91861149099606,412.9964422193941,400.43846277941583,408.4769232116158,1750586,-0.007376212707838348,0.048377372378126796,Consumer
2001-07-02,408.150871318888,411.6252112615049,402.70797236722484,406.16541129714585,1405173,-0.005674927560308,0.04450233031714461,Consumer
2001-07-03,379.91723429975235,417.5611012484476,343.44022981657525,380.98187717762596,1872262,-0.06400868608555402,0.041099837509985485,Consumer
2001-07-04,385.6644521373451,391.6411733842368,378.97291398684257,384.9383831941558,902314,0.010331470295432297,0.04545243776562064,Consumer
2001-07-05,382.57268481429,385.49819495836175,380.89376356562434,383.813826954102,1850069,-0.002925668446473426,0.0420565116342274,Consumer
2001-07-06,376.86245158085825,387.2097361772331,366.5052985583583,376.8523045539471,1716617,-0.018304263802297476,0.03893949238306436,Consumer
2001-07-09,375.9377794159851,377.81407181153565,375.36258902024815,377.23689375153697,902496,0.0010200099187166586,0.03692267818891523,Consumer
2001-07-10,374.9140332229149,377.3668886193859,374.5259144722998,376.9766346212026,876981,-0.0006901471025747214,0.03450772949280928,Consumer
2001-07-11,386.42766532498706,395.2756011545243,374.0108314921905,382.7751362948259,1410459,0.01526449686617905,0.03244531031216373,Consumer
2001-07-12,383.91818700614385,384.9848870246564,382.419313527349,383.4848094250634,916360,0.0018523043964668166,0.03125874691488316,Consumer
2001-07-13,399.26286976857784,419.9295040935044,376.4022051869599,396.9490728138375,1133483,0.034507982734792324,0.029701886500482583,Consumer
2001-07-16,376.227444847744,409.38973818586294,341.30334416522254,374.2953329075432,1338549,-0.05876284641513318,0.03137485904691443,Consumer
2001-07-17,374.18641143956626,376.40791819021393,370.60344949440366,372.81682515024323,938985,-0.003957932343759056,0.03748954843676139,Consumer
2001-07-18,369.5261540870036,377.7932830489843,359.0803166710246,367.2975876017671,1350757,-0.014914828753066982,0.03502460246540264,Consumer
2001-07-19,370.30346245385624,375.9190466063465,365.1270115188662,370.73654168158697,890777,0.009319295226474894,0.03338781274353844,Consumer
2001-07-20,383.27734505802226,407.24308136484433,361.31553183971255,385.1726661428167,1570794,0.038200037129744825,0.03169896246513126,Consumer
2001-07-23,379.8019800824544,392.5102102876701,364.07220203160153,376.67583082202526,1184276,-0.02230676487864676,0.03350739922166032,Consumer
2001-07-24,384.9371060682005,399.54230228040075,371.1813685927748,385.757256700833,1536717,0.02382335063499701,0.032754166238548384,Consumer
2001-07-25,364.555557162402,394.6570437264981,336.53659354126495,366.48944556213473,1793392,-0.05123858000177679,0.032301720234496366,Consumer
2001-07-26,336.19734141546445,379.3138985109676,294.25635200754476,337.24252170797513,1839153,-0.08316740247724527,0.03644900157995977,Consumer
2001-07-27,365.6326229422304,407.9067074800186,322.1490517651895,364.2650147927575,1958813,0.07707934483090412,0.04690784900379193,Consumer
2001-07-30,360.2370846706373,368.09909105376255,351.1683593092554,359.00344201674557,1331457,-0.01454968911249739,0.052454369202805676,Consumer
2001-07-31,362.1438735202345,369.62577575914673,355.774784296269,363.2374535472044,958089,0.01172478617785152,0.048300338474610585,Consumer
2001-08-01,385.45969369657485,420.18797619351494,350.8978310335931,385.61241952040785,1752764,0.059776008106981804,0.04457531546772281,Consumer
2001-08-02,383.5004068623235,388.5086146977404,377.2776615203605,382.26979859851394,798177,-0.008706132154926062,0.04717565761087491,Consumer
2001-08-03,389.0946249327076,404.6477377847517,375.6775189711252,391.1594313373591,1010925,0.02298859129515997,0.04349486920752441,Consumer
2001-08-06,424.87810843029365,475.24314353713334,373.14469192123386,423.32570520808525,2172331,0.07902664177091884,0.04114260829558707,Consumer
2001-08-07,441.8135145217288,469.8428245221043,413.59734926229027,441.6140018825042,1514784,0.0422943301930118,0.048897370996094036,Consumer
2001-08-08,459.32775959867274,493.8030789882467,427.9273932001015,462.20595465904,1868060,0.045574379430796244,0.04776069374742219,Consumer
2001-08-09,465.0982398937808,466.4549636551623,459.9623029770236,461.3079702595072,1565788,-0.0019447128154994296,0.04729080991972299,Consumer
2001-08-10,478.47838657540143,513.3845540391279,447.1832179143862,481.8677049566691,1106987,0.043603737095285464,0.04347072403906923,Consumer
2001-08-13,452.2923716139044,499.39188506947,402.73570920888255,449.5496043035193,1600147,-0.06942340310759822,0.043554057929037396,Consumer
2001-08-14,425.6372900000752,459.317796219596,395.03925472207,428.51303088500333,1589399,-0.04792505418247831,0.04837877741866539,Consumer
2001-08-15,425.6616790881002,429.014984069318,424.15877414751156,427.50556881521766,1058227,-0.0023538332818814236,0.04813446277230937,Consumer
2001-08-16,450.4590611346671,482.53766356513364,416.3668601667559,448.2910733909547,1314344,0.047475424070226376,0.04420828298826933,Consumer
2001-08-17,428.5814002629053,456.37930747926004,403.4651028293865,431.1145585344193,270158,-0.03906888698095881,0.044739079241909945,Consumer
2001-08-20,442.67909202224934,465.21239597718824,422.184846264409,444.6279270644354,1534195,0.030863961617912116,0.04393432437879019,Consumer
2001-08-21,461.6988679736768,485.0081354709186,436.6317637947193,459.8475667449326,1204799,0.03365724445682177,0.042273721221456236,Consumer
2001-08-22,442.7632166754903,466.5419342843965,422.17229531920947,445.80935095393653,1314064,-0.031003661521973796,0.04122590836344856,Consumer
2001-08-23,486.912474820971,548.1506539625268,423.82772758941,484.8002565175501,1976869,0.08384556747297964,0.04004802704851432,Consumer
2001-08-24,470.57035185660095,490.73562227019846,452.36144053592324,472.45382903345336,1237483,-0.025796938047394,0.049371929819612324,Consumer
2001-08-27,487.1376871176213,511.2123868243443,463.76664232934615,487.8091287758706,1324249,0.03198417395645832,0.046366930728519676,Consumer
2001-08-28,485.7736311322269,489.51014052513426,484.758415097917,488.4892491334948,1735719,0.0013932635412145361,0.044422538420245884,Consumer
2001-08-29,466.29618549517875,499.71544493930344,432.32177524774596,465.6981755612267,1299206,-0.04777973097168623,0.04097536715214239,Consumer
2001-08-30,472.40479406178594,480.60611274750806,462.9404082585127,471.1194116956382,1687659,0.011573857545921435,0.042256596814714054,Consumer
2001-08-31,468.90054051616414,471.577875450386,467.5262627609933,470.1997897888053,650600,-0.0019539008615886036,0.03935211692225762,Consumer
2001-09-03,480.6262034515456,497.9618865445518,463.9128666605319,481.2276355038068,753487,0.023182723803501053,0.03659841450523458,Consumer
2001-09-04,479.6468044578178,482.5427679166932,478.86100407364216,481.75351612864114,1215977,0.0010921930844006813,0.035386027721121566,Consumer
2001-09-05,478.4735325726182,481.8017665535896,478.3297091908692,481.65698626399853,581979,-0.00020039197149273154,0.033195115591966674,Consumer
2001-09-06,486.697263625416,492.86555676761964,479.5876268012814,485.7438364185898,1133545,0.008449185428954281,0.03132951616084358,Consumer
2001-09-07,502.4492108021339,522.5036155456644,478.9319789470298,498.84242497545756,949569,0.02660886488608414,0.029932243091021014,Consumer
2001-09-10,507.0149251634008,517.9044863566128,495.16794891824173,506.036495604733,944587,0.014318528117888574,0.030380192473828446,Consumer
2001-09-11,504.45188802516105,506.4893844326571,503.0925975583234,505.1282713906988,490727,-0.001796392611604723,0.029480805839001503,Consumer
2001-09-12,503.1335277658902,509.60853978699333,500.4635511694117,506.9184776129241,1628885,0.0035377972236439992,0.028209544205743176,Consumer
2001-09-13,508.87946789234286,514.050281367764,498.38004457987927,503.49615729264923,1503638,-0.00677411686089764,0.027175358485509737,Consumer
2001-09-14,513.492842769045,532.3577415972521,496.1477954533802,514.9630333645914,1243754,0.02251903807413093,0.026413696938133016,Consumer
2001-09-17,510.17535303429696,522.6892611088442,494.1841451670725,506.61061506373017,1850475,-0.0163524273240826,0.02709636082796459,Consumer
2001-09-18,539.4082845358041,584.3854623255464,490.91256460595014,535.5696692990824,1557097,0.0555882919354221,0.026971846395896105,Consumer
2001-09-19,566.1962188355411,607.7208071355445,521.1593960639678,562.4060122344392,1790992,0.04889304793239854,0.03384513448706782,Consumer
2001-09-20,547.9807191603929,568.7453606431551,528.543808040481,549.2629680724093,1172309,-0.023646709260978876,0.03708064216240247,Consumer
2001-09-21,557.8601491910048,578.3593620463336,540.4225550297546,560.8289685218307,888179,0.02083866860005174,0.035830911897018494,Consumer
2001-09-24,562.2195426786508,569.0706338542934,557.2854389517242,564.1198527860943,1008656,0.005850743766297325,0.034528552159784204,Consumer
2001-09-25,578.9381123384984,611.5626723153028,550.4819723007344,582.9112437296845,962198,0.03276820029786549,0.03254091903732254,Consumer
2001-09-26,603.3548985525424,637.2862414791261,570.5527788468343,604.4258957156956,1362194,0.03624414064801216,0.03328952345782408,Consumer
2001-09-27,581.9291901077925,614.6685022032076,550.0680399827489,582.7617677009947,1537760,-0.036500603700760456,0.03440348176182388,Consumer
2001-09-28,603.23431909599,633.8532713465041,572.2212057634273,602.8190813889518,1213632,0.03383864973774455,0.03530897557912031,Consumer
2001-10-01,628.2835431619972,677.3289430346882,583.4344202953018,632.2002328703879,1457234,0.04758904728585936,0.03562495105356069,Consumer
2001-10-02,668.6519351237148,718.6130077450172,614.8393341832098,664.4893847776465,1612924,0.049812735143542626,0.0381446893196319,Consumer
2001-10-03,693.4517378914319,734.1846562987791,650.4362403144814,691.0267143670799,1768220,0.03915958019054374,0.04045009451169553,Consumer
2001-10-04,677.0591216781075,698.2369346272733,655.5974649470347,676.7661128377669,1382457,-0.02085274611043911,0.04048442941315865,Consumer
2001-10-05,670.258847571694,686.7196223341738,649.425256869802,665.7759365719719,1593295,-0.016372554993359375,0.03842416912542398,Consumer
2001-10-08,673.4913614632638,697.5754496537867,654.4792674782453,678.4241083772667,1313365,0.018819438598006465,0.03635027512873781,Consumer
2001-10-09,672.2548233408065,680.497926488939,666.0129482556838,674.2376409743845,721807,-0.006189989141422454,0.03478792451296237,Consumer
2001-10-10,653.279908253517,681.2913633082322,631.8511678607034,659.6535559591068,1148682,-0.021867849826782776,0.03277052255261264,Consumer
2001-10-11,640.4050975356976,669.5306383368207,610.8481013352498,639.9530846488889,1071580,-0.03031991356012982,0.03210694857977076,Consumer
2001-10-12,676.1543317127032,730.073708689647,621.0763803410375,674.8953617856034,1206577,0.0531627908482231,0.03259723134604067,Consumer
2001-10-15,663.4301240208852,680.3970282620489,646.6448097492791,663.60723299143,1552981,-0.01686720139655843,0.03706758614689692,Consumer
2001-10-16,603.6996502526142,687.1318714695319,527.1851316628182,609.8392087149908,1402277,-0.08449512773200936,0.03524031961615713,Consumer
2001-10-17,674.1248604813563,768.9392415077181,575.5832943008437,669.7876557161431,1752770,0.09376540023427306,0.04652330698570786,Consumer
2001-10-18,670.4882188927012,678.4850463108105,665.2859052951285,673.2612170392003,1489118,0.005172662199458414,0.056127774020293585,Consumer
2001-10-19,655.6321832228406,684.5077880324736,624.9865318579848,653.7805879985115,1650769,-0.029361589774001547,0.051227678830032604,Consumer
2001-10-22,628.4000681137078,667.5118501185738,588.1704560304836,627.208046290199,1845146,-0.04149350494955579,0.04825697364898559,Consumer
2001-10-23,597.2759537738222,647.9212915322887,542.4755938811438,592.7359687538594,1159151,-0.05652924463526957,0.04713008643697711,Consumer
2001-10-24,639.0290756186873,708.4078643172228,568.045269317432,637.2285798784623,1752625,0.07237937609371452,0.04854203706995278,Consumer
2001-10-25,657.0076237821836,682.0621056313133,628.7104883822634,653.6364116419338,1270640,0.025422822041646965,0.05263914515717217,Consumer
2001-10-26,627.0199053672204,675.4047089421858,572.9513587766321,620.860894279319,1870644,-0.051444197290279416,0.04912892899694091,Consumer
2001-10-29,586.0031495922923,635.986965787494,538.118045290647,587.943320864052,1533203,-0.05447650390612057,0.049273696296658606,Consumer
2001-10-30,586.8837617466734,594.3276265336243,575.5982327187191,582.9927449683028,1275795,-0.008455808199334863,0.049874554023703443,Consumer
2001-10-31,611.4484926953943,654.9721801243278,567.8102148796813,611.3251205189655,1085075,0.047454187827630966,0.04583341592218762,Consumer
2001-11-01,652.9158904691689,714.6217693760807,589.5487164532362,651.08120236473,1558342,0.06300543945261866,0.04602549949141243,Consumer
2001-11-02,675.2639793230724,708.7295048375273,639.6009355470259,672.9518750835691,1214735,0.033039449794634704,0.048888956757532104,Consumer
2001-11-05,621.4560152551367,697.6980748884778,544.0267091544819,620.1027456788635,2245401,-0.08178863589355298,0.046645952243272976,Consumer
2001-11-06,584.1297648680926,636.2659621138824,532.5944292837694,584.6819128164085,1799791,-0.05881722256921325,0.0533299449910141,Consumer
2001-11-07,560.1701844641993,595.786583953142,525.4519130960833,561.015896950605,1696923,-0.04131871864538678,0.05379764192610236,Consumer
2001-11-08,519.7640683641878,581.944336075342,456.0396735154158,518.0101124724487,1948535,-0.07975447771505158,0.05168592166172328,Consumer
2001-11-09,508.03262315130394,521.8252387209661,496.45926030855253,510.2024456989238,1278926,-0.015187164912051422,0.05649127459845048,Consumer
2001-11-12,479.4404464275834,523.6113875657276,436.7403794682994,480.79103416186445,1934871,-0.0593748640072006,0.0518421525528783,Consumer
2001-11-13,482.62360011644927,491.2597157980215,476.36195005461127,484.9676535427512,1379881,0.00864945968981095,0.05271520839789747,Consumer
2001-11-14,493.52358074414286,501.4886321701193,482.30216865812537,490.2138030837761,901221,0.010759433776148589,0.04831497211099121,Consumer
2001-11-15,479.49402172598906,495.41960418007716,463.5536039981982,479.47867679641973,1025289,-0.022142205091890032,0.044551476253275664,Consumer
2001-11-16,454.3297118906304,490.4660724810297,419.6745387985167,455.70592516433084,1815783,-0.05085172315042736,0.04196914123527722,Consumer
2001-11-19,471.7326397653213,515.4857501814879,436.0745827950623,479.2587945719583,1903543,0.0503930319343577,0.04355469796619504,Consumer
2001-11-20,516.3690060574033,576.5841078989503,457.19810565966816,517.3058537991799,1962994,0.07639356055277688,0.04470489930725444,Consumer
2001-11-21,483.76868071566474,534.2845485356596,432.13346960944654,482.51882564553824,1986991,-0.06961435610819071,0.05073676016210559,Consumer
2001-11-22,473.05529747968774,489.249151145823,455.4865351818158,471.6316540083445,1392786,-0.022821650030361917,0.05372428549409772,Consumer
2001-11-23,490.9601309076433,523.6430818162175,459.5661969220529,492.1716767915251,1215071,0.04262930532675791,0.04987146717309711,Consumer
2001-11-26,517.554562328574,556.1382505856749,478.68962477278063,517.2506568813542,1313644,0.049699994378055896,0.048603695757566984,Consumer
2001-11-27,518.2657792881225,524.5195142691991,506.91487992451925,513.1063579419995,528759,-0.008044437469473108,0.0485836269664187,Consumer
2001-11-28,510.4515644178727,523.1517593465812,492.1094806443314,504.66572200005623,829856,-0.016586875639796814,0.04469901557640549,Consumer
2001-11-29,485.9345232123996,513.4048473715541,458.6986376239871,486.15651924557363,947386,-0.03736564535260489,0.041709354602095024,Consumer
2001-11-30,494.57150741598855,515.7630272454387,476.8428047673333,497.91449006437676,1121357,0.023897727470908105,0.04124518065121234,Consumer
2001-12-03,540.3217176305354,600.6393310863217,476.5059096211071,536.3839377795083,1841658,0.07442185089320016,0.039326799365089225,Consumer
2001-12-04,534.9480933153521,547.8603429303826,528.1272476172376,540.9628067407868,1197933,0.008500320913807126,0.046562533245057054,Consumer
2001-12-05,515.3755060754246,559.7885748791198,466.74465837385327,510.75997888688795,2266880,-0.0574507561705185,0.042956884431989376,Consumer
2001-12-06,504.3023575548074,517.2908038853009,489.1341744656855,502.0649969568021,1142539,-0.01717018389982039,0.04551179565527258,Consumer
2001-12-07,518.5896244804918,540.3793575926702,494.63274751753687,516.3274293083592,567006,0.02801152984116197,0.04244150229771418,Consumer
2001-12-10,500.99080617467786,526.4597589402923,473.7476343551324,499.12155993964785,796928,-0.03389144398355065,0.04072740802501245,Consumer
2001-12-11,467.2726409627704,515.0365386339763,418.5831218859385,466.24163132195844,2250891,-0.06814565128799753,0.03999089781240479,Consumer
2001-12-12,484.0498176247104,507.50929635603705,458.21348939735117,481.55190686123206,1637381,0.0323100059500007,0.04556305515100546,Consumer
2001-12-13,466.10933156144534,487.9894883623764,446.3132324363185,468.10848338988245,1255760,-0.028313956668793862,0.04378794432749972,Consumer
2001-12-14,446.76724888677006,476.3138579133302,421.39386756071457,450.7162025235119,1021499,-0.037862192434322345,0.04188268468089077,Consumer
2001-12-17,434.04092598434215,458.53397732663706,409.6701038346425,434.15665703214427,1597344,-0.03743244886324974,0.0414530971491056,Consumer
2001-12-18,403.76506112623235,446.1254655857595,365.7772638483229,407.7616532758449,2015241,-0.06272260931798491,0.04104711493865946,Consumer
2001-12-19,418.0660732690528,430.1421393409102,403.682592284921,415.69002490659034,420424,0.019257029520762938,0.04514433933261734,Consumer
2001-12-20,397.9666460887143,421.8396311324444,379.138293561614,402.7833917072091,1033321,-0.03154092218891312,0.04226149638757875,Consumer
2001-12-21,388.60808646739747,409.67531867465937,367.42554919290103,388.48617217945196,818057,-0.036141351558535366,0.040964029677424636,Consumer
2001-12-24,369.6383337527994,402.04248472756836,334.30947446596224,366.4325961307108,1791926,-0.05844298424675782,0.04047679552289173,Consumer
2001-12-25,359.18508539288234,367.93130766564923,354.7036885900118,363.39735618380416,1007704,-0.008317711369648022,0.0438524131809369,Consumer
2001-12-26,373.6792938712496,382.7722853927158,360.3532133301185,369.3406291831699,1134258,0.01622245183789265,0.040605479455334624,Consumer
2001-12-27,343.76670406459436,380.93237271788564,306.5031597565431,343.6569640854065,1418002,-0.0720753701349502,0.03819056376885518,Consumer
2001-12-28,357.1407099399622,376.58753662206544,336.9568526474927,356.3612358408335,1107830,0.03630096138740826,0.04523321982569786,Consumer
2001-12-31,363.82035149512495,369.97680476887683,354.305506836381,360.4041522638854,1180718,0.01128112313023329,0.043982943401817035,Consumer
2002-01-01,356.3421075728788,367.8167606935618,341.3906660257622,352.749637191966,1574762,-0.021467484713569834,0.040825102683176136,Consumer
2002-01-02,343.7038101207174,356.328385302415,332.7861576590635,345.35818218886146,1097883,-0.021176474511235468,0.038761825837576376,Consumer
2002-01-03,348.97024713487576,352.9444260415321,344.0271722723689,347.9901899913333,1249460,0.0075922019891099,0.0370033751800945,Consumer
2002-01-04,348.91924081733924,352.96546266417806,345.9397126639335,349.9769028114005,810079,0.005692870641405475,0.034699366700727895,Consumer
2002-01-07,370.1606209889476,397.10212459577525,340.63836224132046,367.3772855709639,1900940,0.04852218573808819,0.032681771004127565,Consumer
2002-01-08,393.8174558237887,436.2875808955084,351.9485198855031,394.3608714077375,1509183,0.0708770613036168,0.03616129009166039,Consumer
2002-01-09,390.61837810378273,399.6974740611583,379.2721036339571,388.29724988751394,1076884,-0.015495253110293417,0.043584914749601966,Consumer
2002-01-10,382.6869232396577,392.13804549414215,372.52339010066686,381.95647260026414,1511526,-0.01646449822825662,0.04069067786762547,Consumer
2002-01-11,368.16910151052247,388.07883158760103,349.1857916313548,369.05009638967545,1374680,-0.03437425864235219,0.03827854448052763,Consumer
2002-01-14,372.92668296769517,377.4112736048908,367.5469414830674,372.0206365543306,542320,0.008016929943633852,0.038071459423298766,Consumer
2002-01-15,374.87672321386157,388.5270579199227,365.0357282865741,378.5886209158306,1774123,0.017500855290808633,0.03562568585941999,Consumer
2002-01-16,391.674641471349,414.5189635275566,370.0206658080568,392.80262651120404,1133388,0.03685708046172843,0.034077757918468406,Consumer
2002-01-17,408.83238570858214,430.43642282894547,385.38599433772293,406.8872438141504,1053411,0.03522884173819312,0.035111273471979586,Consumer
2002-01-18,388.3315816591834,414.9500440726575,363.11773990620526,389.6505626751525,1180323,-0.04328576049236009,0.03567074310119581,Consumer
2002-01-21,384.4818931454916,390.8368645741571,380.9265169056716,387.25583715337893,617017,-0.0061647918115346634,0.03740280858336044,Consumer
2002-01-22,381.3775407069647,393.1517008444203,367.6547887343087,379.3668741356652,1383318,-0.02058181002763423,0.03499823953645005,Consumer
2002-01-23,387.46340148430994,394.3428884310198,377.0681087383783,383.884043498096,707047,0.01183679442644245,0.03381483479366168,Consumer
2002-01-24,384.68377525762014,392.87616657279597,379.31735904216913,387.47086982624626,1247288,0.00930013439715452,0.032183394740800494,Consumer
2002-01-25,377.4783181695285,390.54582458514824,368.1894873432995,381.166242829353,1352108,-0.0164050584790715,0.030685348174731834,Consumer
2002-01-28,381.35811297530415,383.49729980342244,377.61336787699327,379.74349769643777,1017322,-0.003739594107366495,0.0298938349102098,Consumer
2002-01-29,377.7129576415816,380.5174574467922,375.3843992097473,378.18598286698153,1315159,-0.004109925954307916,0.028583400377216846,Consumer
2002-01-30,369.97178871068985,381.98544559160484,358.3392276845011,370.3412675049974,1059845,-0.020961167637000868,0.02749804257400712,Consumer
2002-01-31,357.79121678321576,375.21526791093055,342.84571523505485,360.1703847758301,1269015,-0.02784771462070535,0.027763635544133886,Consumer
2002-02-01,333.9915111825056,371.6583294121414,296.7218817715538,334.3488275813213,1455215,-0.07439236859443463,0.028861390270418934,Consumer
2002-02-04,347.27197073139666,368.9456799340726,326.3934463840109,348.0220591204759,1690188,0.04008102410993724,0.03995644571826528,Consumer
2002-02-05,351.4219498969027,365.18796689386835,341.18233706854204,354.8485120665661,1275244,0.01942510578591667,0.0402266990642353,Consumer
2002-02-06,371.31492028521217,389.9603775032279,348.5034497768711,366.9286519665698,2071286,0.033476448515622904,0.03809396362027385,Consumer
2002-02-07,351.7871622490838,376.74463167962875,325.1490738639636,349.9782073534823,1465602,-0.04729653250369559,0.03780239333990734,Consumer
2002-02-08,363.9308203189488,386.01159942562754,342.15653491475473,364.22001147279343,1319377,0.03988722432670234,0.0397336262101891,Consumer
2002-02-11,367.7367446238588,372.947129098812,362.46714900120685,367.67668246812696,904512,0.009445859574141263,0.04002071265135246,Consumer
2002-02-12,351.62875106438327,374.99553999351474,328.6841383599017,352.0250667476691,1034781,-0.043501586327488954,0.037345810907809425,Consumer
2002-02-13,360.8490759929603,368.9414912508005,349.3141818333186,357.32762489335056,1150803,0.014950692309191362,0.03872500323874334,Consumer
2002-02-14,378.99830876675856,417.4816746239992,342.63357973899787,380.93146049717586,1892481,0.06396638751254531,0.03651341097119198,Consumer
2002-02-15,377.6318690840565,385.4832844189358,367.8768754058556,375.6878727466404,1091475,-0.013860792264739736,0.042194053542077434,Consumer
2002-02-18,370.0702506339014,380.6788119097003,358.01057586975134,368.5763113679638,1599671,-0.019110896300774057,0.0394092471100413,Consumer
2002-02-19,358.96571358447204,373.22811031508087,344.6802059399145,358.94164643654636,1599934,-0.026487946138719597,0.037379873726874464,Consumer
2002-02-20,365.73814216695575,372.3793602464663,356.71607055798427,363.313256604793,1436392,0.012105597445870463,0.036373694635915395,Consumer
2002-02-21,351.76097829881354,371.3594056803712,330.56209601701596,350.0660925271428,1669826,-0.03714345552926229,0.03435721689254932,Consumer
2002-02-22,341.12657202674677,356.2528979838157,324.7985061868854,339.8690717284274,1074461,-0.029561512153095947,0.035373438133428366,Consumer
2002-02-25,336.9217516426408,340.8819885072136,333.8726913212452,337.8247562129726,816310,-0.006033172008099952,0.03510137533516647,Consumer
2002-02-26,326.5099621448668,341.04197562234083,316.80105668750883,331.1937945195919,971457,-0.019823602305178215,0.03303248575278713,Consumer
2002-02-27,324.40976140779196,336.1775966527844,311.5537061590724,323.2805808269877,910217,-0.024183068544599066,0.03212261467034631,Consumer
2002-02-28,308.2634884369983,328.79638975473597,291.2607879284185,311.60915439705974,1520868,-0.03677092519084743,0.03183100719805383,Consumer
2002-03-01,292.9951764946489,319.39170777973703,268.371351837037,294.63045174363083,1579701,-0.05602782715221386,0.033367432569837895,Consumer
2002-03-04,287.75926977423256,297.89634122339913,277.73032403891335,287.86375401786626,1127645,-0.02323457322084439,0.038230564439357885,Consumer
2002-03-05,274.77456255992865,296.09916396823746,252.13490899281052,273.34886543202833,1484112,-0.05173841714613577,0.03674558007155056,Consumer
2002-03-06,281.03630065787894,290.97535309857284,269.9724146245535,279.87022806286814,1553193,0.023577149802184477,0.0397708397592246,Consumer
2002-03-07,297.3231942848574,322.3267809105652,271.11591253892317,296.00897941370954,1040552,0.05606376519183265,0.03806255449969607,Consumer
2002-03-08,286.95940697940364,299.7983337403085,275.3191555247008,288.1113545631096,1491485,-0.027042736525537688,0.04159901812731412,Consumer
2002-03-11,294.0291579654895,302.5010557737386,285.2367198683161,293.6991079040954,1303608,0.01920874756519547,0.03992591999120039,Consumer
2002-03-12,291.2728938215282,294.33594270959975,289.3614903471719,292.4170311283452,1443633,-0.004374828588358015,0.03782340105237098,Consumer
2002-03-13,278.1326339664625,301.29723039266537,253.58446571341443,276.62336056813905,1584495,-0.055524100368593864,0.03531796430304875,Consumer
2002-03-14,295.8832025862752,324.4932204158277,266.513738391333,295.0424619673143,1581622,0.06446241305009585,0.03950095872596504,Consumer
2002-03-15,275.59246549629114,303.0797143376137,250.01745528798546,277.34231766162685,1827645,-0.06186673781096742,0.044402376024853564,Consumer
2002-03-18,273.9441168743266,278.8559035774356,269.35725817052617,274.26369394697923,506825,-0.011162516784167499,0.04744871741604446,Consumer
2002-03-19,270.48023208176534,276.4822639474928,264.2396148276448,270.2362322694135,1355675,-0.01479351946112667,0.04381546410441906,Consumer
2002-03-20,276.87215490002603,286.1843670347058,267.06890166075647,276.36402349826574,769836,0.022422411619404323,0.0408492735364476,Consumer
2002-03-21,280.63728185143543,287.7939987200209,273.7637188664644,280.9136663345614,938174,0.016328462466151807,0.03886315993571437,Consumer
2002-03-22,288.25792902852646,298.671691279776,277.36559832544253,287.76142355056635,1355415,0.02408436149838781,0.03671878215746556,Consumer
2002-03-25,280.88833702952184,290.80932221303266,271.55481732008525,281.4569096447242,1219682,-0.022152384605074422,0.03557560457419779,Consumer
2002-03-26,286.7612080791156,298.9029291698851,276.3020662412394,288.3845776074245,1793855,0.02431556650203206,0.0344399206475482,Consumer
2002-03-27,271.9987943255525,294.58202295985865,252.68372852336367,275.0502672269987,1169609,-0.047341057399616936,0.033727933875568855,Consumer
2002-03-28,278.7191903692368,283.4915178251378,273.4443529538239,278.20792636869976,1484968,0.011414899824631735,0.03669107760980685,Consumer
2002-03-29,286.03604555022105,302.3769817356218,271.52533243326803,287.7779035269804,1285280,0.03382024362008896,0.03459094002244016,Consumer
2002-04-01,286.84314315074374,287.95005252139896,286.32713688826215,287.4329851835873,849724,-0.0011992762706791481,0.03505421282937569,Consumer
2002-04-02,274.22574256272577,293.5064620798248,255.1138959096694,274.38361283998756,1710825,-0.046462563955399584,0.03291282438815827,Consumer
2002-04-03,262.59225568048555,279.5808552931825,246.36521773824973,263.30949513076825,1361630,-0.0411970462220597,0.035922398093126195,Consumer
2002-04-04,262.05968798110894,263.48857461388894,261.52353816434055,262.9506020695239,1145681,-0.0013639381697069883,0.037241300197793946,Consumer
2002-04-05,255.58713285920317,266.45789348772985,244.75813025604614,255.6271935483186,1811491,-0.028246081827399,0.03478233174238587,Consumer
2002-04-08,259.8819793376023,266.1473835860859,253.5062607444467,259.76893976109744,1545744,0.016072434788676333,0.034460479566307906,Consumer
2002-04-09,260.87597029151976,262.14785689010944,259.3440271302962,260.6146396254427,531996,0.0032502970592203423,0.032996487624554496,Consumer
2002-04-10,268.02630485286505,278.45911044967494,257.05502715044327,267.46602406491695,1360442,0.025949705701553184,0.031186523068336407,Consumer
2002-04-11,280.30595086199537,307.6507392047439,256.17525805577134,283.26528615971546,1810615,0.05739132004872405,0.03129037329232565,Consumer
2002-04-12,268.38477423430123,291.9484308584752,243.70487783481218,267.161098094703,1331805,-0.05853202537637943,0.037112457627577436,Consumer
2002-04-15,268.38717090185105,272.2338093314376,265.3479945772532,269.18559180749577,1186859,0.00754923397762869,0.04142182164181282,Consumer
2002-04-16,264.2172939464774,274.32156065566187,252.37436054023817,262.4094928480249,1010778,-0.025494840649936863,0.03848587385714751,Consumer
2002-04-17,273.7340052856383,291.46886843597815,256.15966430229685,273.88484331095543,1629890,0.04280150473084949,0.037181016987213614,Consumer
2002-04-18,273.8400239663721,274.1151910857075,273.4264021275992,273.7014299812893,1103804,-0.000669897495503139,0.03848035525364226,Consumer
2002-04-19,282.54419521836445,295.7130193525081,269.18010950107436,282.3393879761689,1191587,0.03107201010675204,0.03584211917221669,Consumer
2002-04-22,273.01705937768486,285.7359113395271,262.64637195459505,275.27929190023576,1221468,-0.025323661573209092,0.03567276940770679,Consumer
2002-04-23,275.78244523469476,276.2357294711646,275.12814208835874,275.5810953802139,1278436,0.0010957531786429647,0.03484580831453765,Consumer
2002-04-24,279.2717459508047,294.4057668380393,268.0683455363106,283.05076544981455,1266779,0.026744322395500928,0.03273475808569657,Consumer
2002-04-25,287.7449020066951,292.6885616864306,281.39237931448724,286.31141060429167,862038,0.011453801950406017,0.03262729419676776,Consumer
2002-04-26,275.35466288360834,291.41665441434304,259.4233216781635,275.47816753460705,1934584,-0.038571687966848234,0.031165857892087895,Consumer
2002-04-29,280.5405850062609,291.6369234307575,270.84767521778303,281.8971434243087,1107697,0.023033886019882033,0.03316948636038309,Consumer
2002-04-30,286.64695041120314,293.44764246163334,279.5966335422735,286.39125932785987,1675255,0.015816650739814017,0.032553891412638356,Consumer
2002-05-01,289.7667813656746,301.5782999106665,280.6999216956434,292.4281650217706,901683,0.020860131326530897,0.0313899608629649,Consumer
2002-05-02,285.57498745114856,300.06642352882693,268.3552428511002,282.7008305054722,1199270,-0.03382984438289276,0.030879369751126595,Consumer
2002-05-03,281.8912390580563,282.9766180441904,281.06300490976804,282.1476305833222,955998,-0.001958755797817238,0.03216359955954938,Consumer
2002-05-06,283.13727414890604,285.66356849647815,281.02870596545733,283.55191243594817,966015,0.004964772393619496,0.03046593536957233,Consumer
2002-05-07,284.22505889183634,288.0177706226589,281.55262287073333,285.33489928854925,759181,0.00626835656579696,0.02909013439454059,Consumer
2002-05-08,277.6296653414295,288.21490582989065,268.85794487076606,279.3876420153325,1190640,-0.02106336021374838,0.02798003894527923,Consumer
2002-05-09,274.94771110118893,281.3119163987751,269.10229166500875,275.45569712232935,1308193,-0.014173408737171026,0.028157695840171148,Consumer
2002-05-10,280.37402500840375,287.3828771679922,273.08314344335463,280.08476460717674,1188380,0.01666548142700534,0.027648101115749536,Consumer
2002-05-13,293.0835588237441,310.44302334502316,274.10800161229014,291.3657176672657,1367497,0.039486951755213176,0.027444393542660907,Consumer
2002-05-14,296.66584380347757,303.59176837121333,289.0270980111906,295.93598334579434,1227001,0.015563918602695058,0.030601285812484058,Consumer
2002-05-15,314.8536481228382,338.25843377452105,287.8549653385419,310.9711432690286,1316051,0.049556962504584794,0.029757121652514852,Consumer
2002-05-16,304.5129807194073,313.58311186025026,296.56607639324505,305.6076401036431,1023147,-0.017398063638946464,0.03430412382114107,Consumer
2002-05-17,299.43876337359694,308.41530942859697,290.8618407958339,299.82725904215135,1142835,-0.01909555169395791,0.032966986845428675,Consumer
2002-05-20,302.7046111579725,305.21228968981615,298.99013701671436,301.48773464794516,1191968,0.00552282861334828,0.032002402902092004,Consumer
2002-05-21,283.0189497157707,311.7448433737032,253.16398120413646,281.76233034834104,1664912,-0.06766541883922433,0.030395695066738056,Consumer
2002-05-22,291.7007624368459,310.13924523906314,274.61732380783326,292.98083899871347,1531291,0.0390432955706592,0.03906289747158098,Consumer
2002-05-23,278.70078687388474,300.43944031102575,256.4406375905069,278.1351731752677,1312929,-0.051999981009449525,0.03936222562880402,Consumer
2002-05-24,270.886410970959,281.07545450928745,261.90334587151176,272.05368071256777,1626263,-0.022107827575522817,0.04177448442422441,Consumer
2002-05-27,284.25674217422454,301.9488469470556,265.9295857418627,283.57954163625993,1850272,0.04149325157604017,0.039615646468840714,Consumer
2002-05-28,270.4797001249976,289.4689413127384,251.98576688892325,270.9433090178854,1858968,-0.04558304678078166,0.04017179414798674,Consumer
2002-05-29,273.90159086253175,282.16076657268155,267.1861043172513,275.40833778599324,1074718,0.016345253841310907,0.04126367117850054,Consumer
2002-05-30,294.92809851815946,325.62576701388076,264.40173520442715,295.0833359400278,2007713,0.0690029501362295,0.038758580285821444,Consumer
2002-05-31,283.5038940828951,300.6647576432913,266.2572132421386,283.4125474720451,1318415,-0.04035421010332088,0.04489981186757267,Consumer
2002-06-03,260.79615530415225,293.03876287446445,229.41684993595723,261.5667398517377,1749066,-0.08021413079396322,0.04423871410375962,Consumer
2002-06-04,279.7441260820194,315.6504494401573,247.1395212497846,282.70119384693095,2087451,0.07770101744734001,0.05129129631134312,Consumer
2002-06-05,285.5351255215594,296.9550392240217,277.0333302743736,288.36886938350614,784518,0.019849969378621678,0.05576965912296018,Consumer
2002-06-06,300.721613174215,320.03592618789503,281.57074853641967,300.8752758450486,1162720,0.04245535582594528,0.051451988257041864,Consumer
2002-06-07,326.39986052832285,366.90275219367453,286.1693829722986,326.64238254042635,1446720,0.08217012815897189,0.049882003390284584,Consumer
2002-06-10,363.78952137817583,418.3579495849022,307.3747018165113,361.6172962547192,1899227,0.10172051886565521,0.05570781726142184,Consumer
2002-06-11,340.67848952825256,370.7039055266259,311.8491764918058,341.78127151975883,1801561,-0.056415484437868986,0.06430200865424263,Consumer
2002-06-12,350.26128140441546,362.1751262849564,337.7280470870912,349.62008210926206,1603005,0.022676109736843513,0.06233141010943159,Consumer
2002-06-13,343.7833242732803,353.5186614413774,333.3661150111843,343.08158002019997,722153,-0.018878823725528324,0.05731748984301149,Consumer
2002-06-14,353.84947211948673,363.58322312009926,339.8191068665427,349.4313226663167,824783,0.018338779184473204,0.052741797573764175,Consumer
2002-06-17,347.66198503112946,354.68196392022514,337.797674566781,344.75903723341486,1157184,-0.013461310489971342,0.048742223916703506,Consumer
2002-06-18,369.81085686261554,409.4329810942425,330.49061051700636,370.0837222566682,1452478,0.07088352620614854,0.045031372907040734,Consumer
2002-06-19,414.57886450135794,477.9892925379761,352.39203482615426,415.642863076501,2342576,0.116097132906227,0.04975872566522411,Consumer
2002-06-20,439.4290933408088,485.450056943895,397.3599819479049,443.0356671902329,1824238,0.06382389033168583,0.06405096614586346,Consumer
2002-06-21,430.4036541621847,449.55631255864864,410.947023097531,430.0855249697904,1479127,-0.029666195459773174,0.06319054009846328,Consumer
2002-06-24,410.23797198339395,438.95457596398495,382.4065125996064,411.0668815084695,725588,-0.045228154200726775,0.05853586899762416,Consumer
2002-06-25,402.33135578800324,415.9913570596117,388.22276350482,401.86699887622166,1445782,-0.022634744678473685,0.056107007203256905,Consumer
2002-06-26,403.9952554624634,412.6848600931971,397.52569081693076,406.1803041609663,859465,0.010675974627683415,0.0519157659660725,Consumer
2002-06-27,357.2582633717338,413.4861143145299,303.6695238659737,359.55314288219995,2111757,-0.12193516927255403,0.04767907161232117,Consumer
2002-06-28,361.73499372331764,363.7736191539351,356.18606098475493,358.204791297217,1096668,-0.0037571250887913116,0.06441166758964746,Consumer
2002-07-01,320.6509096482662,370.7917184338777,272.55327320102623,322.4275812468502,2117615,-0.1052263088298762,0.05849109107961072,Consumer
2002-07-02,309.4652877680755,329.6843469445364,288.51699027726545,308.6850738102292,1703300,-0.04355697817200483,0.06706603163331439,Consumer
2002-07-03,316.32806441497996,320.61351601705303,307.265791586674,311.48564049431945,1528482,0.009031660659003113,0.06310993290563742,Consumer
2002-07-04,295.6767468399271,323.04557851311245,265.7385173990161,292.845256860115,1497178,-0.06170890331122823,0.05743280020356097,Consumer
2002-07-05,309.6593518246229,334.12729082866895,284.29407994765234,308.68503246117297,1337200,0.05267710869997906,0.057532769302015174,Consumer
2002-07-08,324.2643325503193,350.3990920506103,299.04414688443325,325.11290711807123,1220704,0.051851083893050674,0.056251642660419536,Consumer
2002-07-09,341.4797166120738,372.9733088483267,312.65005413098646,343.93625168578995,1509956,0.05628379681837886,0.055087912256039005,Consumer
2002-07-10,392.3679971650833,451.2231967398458,332.8866452540663,391.6313473577251,2651802,0.12986463155137623,0.05479892634921897,Consumer
2002-07-11,375.6593925706333,397.90240645878674,356.311050491574,378.4122770286047,1820706,-0.03433667565478893,0.070937023072708,Consumer
2002-07-12,403.52597711849563,443.89945788205546,363.77827691377576,404.0956448528681,1522620,0.06566731339669189,0.06559344546665964,Consumer
2002-07-15,399.8484498956026,408.77789851029456,389.2330716752027,398.1240099546774,1150090,-0.014888055073571707,0.06472116715465678,Consumer
2002-07-16,372.724175234302,409.2751349453685,337.008000901563,373.48596258455916,1728088,-0.06388311912830637,0.05902805866594187,Consumer
2002-07-17,370.62046060127784,378.67661672402124,360.1110489057245,368.1126938433914,1091813,-0.014491295865809203,0.059157478853735034,Consumer
2002-07-18,378.477995965756,399.98113518401584,359.3425606547279,380.7317524019301,1065257,0.03370594066232845,0.05414042382402127,Consumer
2002-07-19,349.7150700691064,393.616694061118,307.8206236656801,351.5075194900399,1738952,-0.07986396162481196,0.05114060968414026,Consumer
2002-07-22,375.6814898027,410.99613965434224,339.0613658174915,374.24056662855185,1485971,0.06266771331603052,0.05611619571971963,Consumer
2002-07-23,375.8848296836255,376.83696385982165,373.9235086273996,374.873079993443,1034449,0.0016886984186043389,0.05664193041804042,Consumer
2002-07-24,368.7694509206812,382.52288713189677,352.0295437618852,365.6672831144454,1331971,-0.024863657906727864,0.051643725471135944,Consumer
2002-07-25,386.1076767113039,418.39975928762016,354.1468959347968,386.4136509265873,2006157,0.05518457277468123,0.04823266245093529,Consumer
2002-07-26,390.2691490299708,394.0098206503339,385.16324197675294,388.890701381879,1419279,0.006389900627401575,0.0491722720904099,Consumer
2002-07-29,371.39018278133165,396.60075553013064,347.2630166128812,372.4074998951587,1541177,-0.04330964627329449,0.04517139026564108,Consumer
2002-07-30,375.5763892906695,387.2807492070598,366.6894699312465,378.3287043428971,837337,0.01577472140214007,0.04487451858095379,Consumer
2002-07-31,374.2301564954812,382.6643119977016,364.2874707349161,372.6868440668992,949964,-0.015024899082074626,0.041812727842071774,Consumer
2002-08-01,363.0978459941816,377.2198756678034,349.1442678002636,363.2600635738305,934325,-0.025619500543005345,0.039147228593351416,Consumer
2002-08-02,374.5690280962757,395.22000857913366,355.3313889948673,375.91332709300156,1329165,0.034239597436699534,0.037741995528099016,Consumer
2002-08-05,378.2752401991158,385.153691129088,372.7395849988536,379.59866895865076,971146,0.009755956531102025,0.03762205584558775,Consumer
2002-08-06,385.9475617649569,401.26391754223357,372.9662745763989,388.20664638802685,1603678,0.02242323133086434,0.035307394013355496,Consumer
2002-08-07,389.3684298436394,390.8681110299292,385.7197485693429,387.2111207206499,464897,-0.0025677157696837524,0.03424485148323882,Consumer
2002-08-08,388.09637301676474,390.4250562348268,386.16871723439283,388.49541841340545,927014,0.003311300863043905,0.03223595596734102,Consumer
2002-08-09,400.04125092543813,420.2087708155487,380.9412693712687,401.0601422637928,1339185,0.03183002004582339,0.030544560771330775,Consumer
2002-08-12,409.96554883153175,419.6130617726903,397.8145412472189,407.40172091632235,1376285,0.015688331159623037,0.03159665616150613,Consumer
2002-08-13,394.964043035634,412.2998868487807,379.97033533643133,397.22051836082284,1178401,-0.025308139586519212,0.03058753838831844,Consumer
2002-08-14,402.23774096679125,411.749520246241,393.5118606846887,403.00695318163486,1376375,0.014462227008882165,0.030733585751179356,Consumer
2002-08-15,393.4511899159892,409.66950979606094,375.9210100134703,392.08292927956614,1353101,-0.027480443649667962,0.02978281444068948,Consumer
2002-08-16,396.0380835289271,396.9230330645002,391.7900212047224,392.6674390143788,987377,0.0014896707705273915,0.030379088964026225,Consumer
2002-08-19,395.2502865748309,401.0780598624699,390.2051998929075,396.0231086604085,1291398,0.008509522283788427,0.028959352632233693,Consumer
2002-08-20,399.7107343487149,405.93454327629485,393.75602685510563,399.97588567957075,1278510,0.009931694734713245,0.02796027681063248,Consumer
2002-08-21,380.8600563525271,414.3389085574377,344.052001212999,377.21000159381134,1347307,-0.0586021937218191,0.027206937488576027,Consumer
2002-08-22,379.5775178769011,381.373573068045,374.24274319203823,376.02197454150524,960755,-0.0031544811561194006,0.03474631670202281,Consumer
2002-08-23,375.5371102530473,378.15406395109216,374.2618182993921,376.8742312487324,1060844,0.002263943063302791,0.03267013670296563,Consumer
2002-08-26,372.7140370497496,381.033616143589,363.0192775118204,371.3074595242192,1128611,-0.014881076405016715,0.03089723420439848,Consumer
2002-08-27,348.0254567251321,386.3495320717907,307.0316913374531,345.02540521840274,2206577,-0.07341239863559124,0.02994876008169542,Consumer
2002-08-28,351.8452321851801,362.04320186818785,341.5616862862234,351.75710156955756,1086467,0.019322832408768635,0.04032306567412014,Consumer
2002-08-29,340.64647133422744,357.86361022532833,322.91247172497975,340.10209652914097,1496333,-0.033695028599916056,0.03816759722765017,Consumer
2002-08-30,374.0656080933827,422.7453794981524,322.65521634038134,370.9264697355846,1627561,0.0867579917382071,0.037890838277320774,Consumer
2002-09-02,353.98662524325846,379.75807437922117,327.62789544733647,353.35323131749544,1144371,-0.04853563627957729,0.048760792342346974,Consumer
2002-09-03,328.8329140230479,363.64829272309964,295.8472296618659,330.49580179031267,1838990,-0.06687425529199517,0.048532958844915895,Consumer
2002-09-04,337.00768740498614,344.379483480097,328.01513331628183,335.3506836491129,1015592,0.014582844547503554,0.05152847153295625,Consumer
2002-09-05,332.7054618561556,338.35316942448526,325.94845127202683,331.5770031439825,1624758,-0.011316731495421868,0.04749784843635176,Consumer
2002-09-06,325.3079444810695,333.3193127015657,320.06800520569476,328.0354399445622,1439932,-0.010738418503188763,0.043863957261367055,Consumer
2002-09-09,326.2317404077152,330.32147598697355,321.22717814429814,325.3052995931948,809892,-0.00835752640979916,0.040700545968009726,Consumer
2002-09-10,332.0176722789688,339.2900124795948,322.8602362732903,330.09036167773314,1190536,0.014602315494651616,0.037890695306748226,Consumer
2002-09-11,324.919118699135,331.9843821069375,319.19241428880383,326.2344941836793,1141934,-0.011750010142542441,0.03578474500864673,Consumer
2002-09-12,316.66699218742565,330.0479380649399,304.9968813862723,318.31701892162266,1388502,-0.024568629062642438,0.033840032373205126,Consumer
2002-09-13,331.8413195243434,359.64311349732293,307.00647294780765,334.60168265641977,1836346,0.0498930163612208,0.03326651263535622,Consumer
2002-09-16,340.78151085817666,356.60354835177117,327.61127192777803,343.334638286978,721323,0.02576477598453534,0.03686089598175563,Consumer
2002-09-17,361.3862394692222,388.40809868356126,333.89887536448964,360.88311452013045,1398359,0.049848530027091977,0.0358685666606883,Consumer
2002-09-18,360.4179362520994,361.10392226897505,359.75474092906006,360.44068508641925,1477747,-0.001226715351508821,0.03875531771658021,Consumer
2002-09-19,375.8855224321361,402.8508450389043,350.2976600721018,377.17519040039036,1504819,0.04538236747271729,0.036080541093967876,Consumer
2002-09-20,353.5755810849646,387.82000304481625,319.3955770108019,353.63432064214055,1321510,-0.06444638883956037,0.038083831846613285,Consumer
2002-09-23,343.4501323222601,358.16474284002265,329.50738003627737,344.19187851603056,1413272,-0.027064098440741004,0.04339704083996816,Consumer
2002-09-24,335.12019040406545,348.1631908535573,322.93808884177844,335.9508920886563,1391800,-0.024234293468658075,0.04143081385387221,Consumer
2002-09-25,334.8699063074647,340.5628590695921,332.12367171518974,337.79265530525635,765102,0.005467266622148008,0.03951335237946946,Consumer
2002-09-26,333.84990427672807,338.43925299243125,331.91787839287645,336.4919373742856,633730,-0.0038580728626882023,0.036790320244039026,Consumer
2002-09-27,339.5896370441022,339.80448345138575,336.4209152985862,336.633891709861,500647,0.0004217765283882589,0.0344246254861143,Consumer
2002-09-30,336.7994631579568,336.9232135153999,336.5926416676923,336.7163614910577,1042327,0.00024495359203324064,0.032373917838336604,Consumer
2002-10-01,324.92399574827857,341.6709097384167,309.63960776297284,326.3208155096283,1992066,-0.031359924547086304,0.0306343833837411,Consumer
2002-10-02,315.1367997188989,330.4921020194038,302.373330128689,317.6277457234572,1102653,-0.02700090796884583,0.03159571310132861,Consumer
2002-10-03,302.9670317592846,326.9689370699411,277.4186265667314,301.2874724365869,1290131,-0.052815219247412185,0.03174883657358939,Consumer
2002-10-04,309.0494972864075,316.5076287776839,298.78514802735583,306.1738838280427,1503580,0.016088321464710707,0.03639791211929638,Consumer
2002-10-07,284.3652022610376,315.2079999856095,255.4156319478123,286.0834997780374,2161471,-0.06786946289030722,0.034621835861894996,Consumer
2002-10-08,276.2384939915993,290.4805992984676,262.6233547931482,276.8360099573881,1054384,-0.03285841641574435,0.04183152894302595,Consumer
2002-10-09,293.1872432101046,314.46748950841965,269.4713909563513,290.56101952431726,1312196,0.04838829517345948,0.04076582858683903,Consumer
2002-10-10,323.8054178902168,375.7174513413408,275.23460520668425,326.71082725333986,2175032,0.11726185509697992,0.042198297249608434,Consumer
2002-10-11,340.79566515907084,361.724273623231,319.46206163904264,340.36417164774525,1278033,0.04094067815170417,0.05989247391559991,Consumer
2002-10-14,338.4761313044541,341.1740292092373,336.0366589160192,338.7327076185225,1095804,-0.004804814210548997,0.056754802567825634,Consumer
2002-10-15,334.67446693542826,340.00131681436994,330.85641624630335,336.1662475163054,654230,-0.007605501397793759,0.05177208734009068,Consumer
2002-10-16,325.6127137554303,347.6527640313363,299.5834037814767,321.3338249343225,1017286,-0.0451252860526823,0.047465311225849544,Consumer
2002-10-17,316.5280350516621,326.3334691350348,305.0148362099586,314.76567576813216,627551,-0.020652060265419745,0.04698732097080943,Consumer
2002-10-18,339.61385145471183,375.84749611920415,301.9112815655026,337.96948790725713,1527072,0.07112714339003558,0.043934301002657064,Consumer
2002-10-21,314.00771666211205,347.41975809225517,283.9767333100275,317.0936437015683,2012398,-0.06375848269232054,0.049020799898590615,Consumer
2002-10-22,311.3017946454285,319.75207601877906,303.19340897624585,311.63501115776444,800369,-0.017364469267768655,0.051304996593335525,Consumer
2002-10-23,314.5786502121462,320.42870412465385,309.3000786459517,315.14070144276633,1344587,0.011186543360215783,0.047444608326936664,Consumer
2002-10-24,341.42475252258174,383.40538742777005,299.85255515390105,341.788856426967,1966428,0.08117395719267335,0.04381282346858783,Consumer
2002-10-25,354.9210562324275,373.0503944852233,335.56502392976415,353.6283298243531,1318923,0.03405327829845347,0.051225311118424724,Consumer
2002-10-28,335.29711084396735,361.0632181774549,312.0580392207462,337.66035286551534,1764175,-0.04620592875520005,0.048715191303887066,Consumer
2002-10-29,344.1878411992539,353.0212252515361,334.6718939594634,343.48729899686526,580479,0.017109618634413893,0.04815375446254472,Consumer
2002-10-30,349.5650227170352,357.6696903286535,340.74990770852384,348.8377126304586,1422799,0.015456671548779489,0.0447094857110155,Consumer
2002-10-31,333.8875137689486,356.4887983175598,310.8740833628948,333.4454436009352,1425766,-0.0451275426934181,0.04165317268035926,Consumer
2002-11-01,338.343505909966,343.90876177357205,331.57686053625326,337.12202482231584,496522,0.01096569170363994,0.042349305801911354,Consumer
2002-11-04,347.635093801862,366.35915183513737,330.0287728421415,348.6989507926271,751859,0.03376398849182432,0.03940568386291416,Consumer
2002-11-05,363.60485827356865,381.5802395755757,342.56666037204843,360.38275174104183,1178001,0.03295772116899272,0.03890048038770927,Consumer
2002-11-06,373.782984323477,396.8914431154591,351.76743702642403,374.8151046764845,1281157,0.039266184248416575,0.0383865810826336,Consumer
2002-11-07,380.5650533896439,393.87461544047994,369.1385799722351,382.39325037174456,997946,0.02001668013678544,0.03885998802863265,Consumer
2002-11-08,397.28293838471774,420.37070832858103,374.3291480868604,397.4095999157454,1162165,0.03851795631459931,0.03698890452856283,Consumer
2002-11-11,372.66366330374234,408.0043576826571,338.92659300757987,374.1341636641794,1606428,-0.060353027172144434,0.037644231834060786,Consumer
2002-11-12,356.99906415960584,381.9956319931283,332.2716773570589,357.25080824468444,1592594,-0.04617638024860848,0.04219056453316847,Consumer
2002-11-13,358.1752204597189,358.21269554909725,357.2383470497556,357.2757280272094,458417,6.975187419949632e-05,0.0429403505159375,Consumer
2002-11-14,316.7392855132221,366.58673193569143,269.2283926862388,318.77107124842735,2259738,-0.11403463092285386,0.03968752564400876,Consumer
2002-11-15,321.44976945782867,329.11852198670834,315.2532116784245,322.8941215639741,1439032,0.012851272304753457,0.05753837250784737,Consumer
2002-11-18,322.8380294160083,324.4444718492981,320.2233482332268,321.82474857982373,1402023,-0.003317334157102042,0.052662175502528226,Consumer
2002-11-19,324.0652143811958,325.4927392428084,321.3494165022161,322.7712413423477,1187665,0.002936702857455082,0.04816943521377169,Consumer
2002-11-20,323.4822338238712,332.4047451582582,317.743983072795,326.61099334774036,1393382,0.011825998774326378,0.04424397387895832,Consumer
2002-11-21,346.4253190875439,376.33869764310884,316.09074704673225,345.9643188255034,1180912,0.05756580501362575,0.04107312401964468,Consumer
2002-11-22,357.24891511823404,370.8404237364461,341.3510428193142,354.8513357056661,1477962,0.025363284147345587,0.04412113438496915,Consumer
2002-11-25,374.4367086950509,403.5267450070499,344.68064515091055,373.7145791230952,1556478,0.051793419531221775,0.04187880164169045,Consumer
2002-11-26,373.42278896212883,376.55623279236283,368.51142209273786,371.62982087225436,1114872,-0.005594094991618746,0.04365147153952333,Consumer
2002-11-27,410.4712684750658,473.51259961116403,348.90057820380594,411.75008661840354,2399134,0.10251832577905566,0.04036155174010212,Consumer
2002-11-28,401.45307416269657,415.1438653319873,391.17925544605123,404.78478292199236,1062878,-0.01706105375341526,0.05458704017600002,Consumer
2002-11-29,399.0994669862579,408.06881606078866,389.8034049923022,398.7652427210359,1278971,-0.014982646042704672,0.05027382915014064,Consumer
2002-12-02,398.103314948451,399.8346034114537,397.46331259016245,399.19284948605355,838366,0.0010717525397000484,0.04642885170128776,Consumer
2002-12-03,383.54305747428214,411.5301581057564,352.49230036754466,380.23824947160585,1347263,-0.04864660361868391,0.042716307357566506,Consumer
2002-12-04,370.2124749381323,384.7983205915601,356.1957006384341,370.7607864336745,1404087,-0.025240954404252225,0.04375751521690731,Consumer
2002-12-05,345.22920289722,381.5847970502863,310.51740082766366,346.7228164406398,1568640,-0.06703141329151607,0.041561303844464874,Consumer
2002-12-06,351.4869962811213,357.3984832897371,344.73515453739907,350.632266261986,1108911,0.011212338950727924,0.046431187115776505,Consumer
2002-12-09,360.9496105306808,378.5895615854069,344.1068429846679,361.7112539456602,1726179,0.031108252702734273,0.04293648321993899,Consumer
2002-12-10,360.62697349465435,366.32015614469674,357.88109835904845,363.5520092888691,1662226,0.005076113431000475,0.04147278361732496,Consumer
2002-12-11,356.24656391410343,368.20565297796065,343.57192311848684,355.5061569450351,1570083,-0.022379797730466906,0.038468928551627535,Consumer
2002-12-12,390.050088906246,442.1378129445443,336.71246865399746,388.6075551212627,2841110,0.089027410444232,0.0368648216203018,Consumer
2002-12-13,422.07535746974526,471.81469513359053,370.8308235825787,420.3690862517428,1645012,0.07856312351744073,0.0487451949430731,Consumer
2002-12-16,405.20374954664675,429.5394262852984,379.61498492218993,403.8705952444333,1715449,-0.04003858431859546,0.05409898225062147,Consumer
2002-12-17,400.3224262846075,404.608011145368,398.1133959691677,402.3875850200677,394405,-0.0036787518766507273,0.05178632193521796,Consumer
2002-12-18,429.2236374792964,470.97054855800235,387.55251480805464,429.292719105773,1402682,0.06472324919159315,0.04740768391271529,Consumer
2002-12-19,401.275509397408,441.8933357778597,360.67359373659275,401.2899581602661,1501729,-0.06745476147927523,0.05026286544818052,Consumer
2002-12-20,389.1760668608832,405.7192493354873,375.67299918491534,392.1142372766402,1369614,-0.023131034726577456,0.05294909103453436,Consumer
2002-12-23,372.6830785909293,403.15923859445405,340.9458701232626,371.30972405499887,1291578,-0.05451666890583729,0.049225417298739534,Consumer
2002-12-24,379.0806295776864,390.5298887176515,367.4192197942711,378.86187186016986,1033507,0.020135134404379113,0.04984298792083335,Consumer
2002-12-25,381.97002032857563,393.89141358406573,372.9916812614712,384.845485696696,1171935,0.01567023342020602,0.04634945848144758,Consumer
2002-12-26,385.97181998207,387.35346104778563,382.5538490067296,383.92817455275514,720406,-0.002386428221244848,0.04307494948964314,Consumer
2002-12-27,369.0065654397068,393.0518269171887,343.6528076690216,367.6068614221849,262434,-0.043441433892157995,0.039814762020844975,Consumer
2002-12-30,345.5033915598755,378.7706672463858,311.5563903121719,344.7512444673929,1380037,-0.06419092933032296,0.040635525671661066,Consumer
2002-12-31,363.90920255123615,396.0714292235147,332.8566720657091,364.93165262833594,1217971,0.05688695654086047,0.045156041329298985,Consumer
2003-01-01,364.18147255002526,366.4803800638375,363.25540320834864,365.55082861566774,981599,0.001695252525601624,0.04708156038725723,Consumer
2003-01-02,378.17395887886215,397.9989272277016,358.5827570611026,378.39621166328664,1419785,0.034536490165953934,0.043287062096751185,Consumer
2003-01-03,357.104231221375,386.674133751332,331.23910988878333,360.55879757898487,1721111,-0.048286782160915656,0.04216552109154883,Consumer
2003-01-06,357.9580471077294,361.8389126524603,354.08990341082443,357.9706329512064,1224770,-0.007204091332600307,0.04326761993518754,Consumer
2003-01-07,357.348811061483,362.57351273773594,349.3153608658753,354.49838725575586,1524544,-0.009747155560665919,0.04006812183861302,Consumer
2003-01-08,358.74534882016746,364.5194045110907,352.5554155918326,358.32266817976034,1193034,0.01073009161867937,0.03739805564956183,Consumer
2003-01-09,364.48954157761574,373.0440844246998,355.43087073734256,363.9732973706979,1836096,0.015646617842691297,0.035159093887868705,Consumer
2003-01-10,373.48904492557534,390.6237227101945,357.45282006216934,374.5422760360033,1161272,0.028624177123412985,0.03355073775492958,Consumer
2003-01-13,391.49156595981606,422.04483986817513,362.8436800579617,393.2670320131045,1578265,0.048784168707216934,0.03351750483730739,Consumer
2003-01-14,394.0406206603584,400.88813932203243,389.4871246793063,396.30843667454815,1889875,0.007703936670997786,0.03682014084551103,Consumer
2003-01-15,360.69898237197623,414.8038297277726,304.75055205934547,358.5300612462888,1653162,-0.10018027920276096,0.03454679165336816,Consumer
2003-01-16,393.3026872302234,446.7361070300183,339.19196266989684,392.51889826217416,1115963,0.09057217512901983,0.050598398215797834,Consumer
2003-01-17,418.7680152152511,458.7857565490865,378.3621315562769,418.3388628097526,1298816,0.06370709618031332,0.05812620887124704,Consumer
2003-01-20,381.21940336271075,434.3669735540827,328.0631750055442,381.2093425758199,2015879,-0.09294310087150302,0.058409879658789104,Consumer
2003-01-21,361.85761609259475,391.55681111766205,331.28986812105717,360.9114034460815,1828602,-0.054716171415274045,0.06422720788999735,Consumer
2003-01-22,352.3547028843794,366.9634021469042,336.5168315438361,351.07236480280466,1101613,-0.027640138649941564,0.062041810892556955,Consumer
2003-01-23,347.3673690130899,353.43741802921693,340.94249569632626,347.0062340830671,604125,-0.011649624302886604,0.057392905735381944,Consumer
2003-01-24,352.96902387601244,363.4604538667348,343.076004716233,353.55111971912584,856472,0.018685339676822066,0.05249298586440013,Consumer
2003-01-27,361.6007104314448,371.41092739007195,350.2369582467524,360.00385249512067,1383031,0.018086647648676898,0.04854670060667174,Consumer
2003-01-28,354.93765381646426,363.3506312205431,345.96057390084337,354.35985594062,1380083,-0.01580179375845941,0.04510537368551741,Consumer
2003-01-29,337.8004050160005,364.99168174996,308.81106087511256,335.8449315833106,743349,-0.05366339872144624,0.042012501605425336,Consumer
2003-01-30,333.0192439336379,336.96343512296096,332.3544963616935,336.292154417161,1352742,0.0013307490664150223,0.044090863988668114,Consumer
2003-01-31,330.38440846999134,343.0749765850216,315.1989131686775,327.78981915817144,1318056,-0.025607681617100142,0.04068745585282336,Consumer
2003-02-03,308.24788543445567,335.8748585001175,282.70604699823747,310.17346400805246,1868562,-0.05524090543820732,0.039022278953064427,Consumer
2003-02-04,288.8627766133117,319.51086365398675,258.7570512028069,289.3539476393706,1539215,-0.06948103124367151,0.04214171625358375,Consumer
2003-02-05,295.8999889508205,312.8430904486898,281.8487462169478,298.66074899575693,1792075,0.0316576394244882,0.04738017997476012,Consumer
2003-02-06,283.92109527673426,304.99056888071084,264.06721548322315,285.05724128744225,1328453,-0.04661830375597787,0.045235341091254794,Consumer
2003-02-07,297.60842510107983,315.6899878704848,278.80536915146916,296.84026118548667,1521504,0.04050414626369931,0.04542002646054299,Consumer
2003-02-10,282.8715425638076,305.3748343560811,259.1126445317565,281.50741589764857,1747726,-0.053035361536229036,0.04468188584453226,Consumer
2003-02-11,273.7063581063798,284.6179455002433,264.1989314887095,275.0633815034653,1108466,-0.023157242146770823,0.04603356573296086,Consumer
2003-02-12,275.80643399154144,276.9577668421797,273.1539183067937,274.29895831559304,1422245,-0.002782948978566538,0.043309468004690266,Consumer
2003-02-13,270.3586068908055,276.5684884141099,263.92604840258457,270.1306950054169,895883,-0.01531270286952005,0.04002161585733424,Consumer
2003-02-14,256.46215365865993,275.553505482891,239.5709836937968,258.5263809035108,1363018,-0.043908154930193094,0.03763715742509194,Consumer
2003-02-17,258.1851302840419,260.58181819334686,256.95661797779974,259.3477737258433,1512486,0.0031721741808306884,0.0390183726677446,Consumer
2003-02-18,265.76101126568966,272.53990293705533,257.0669277610665,263.7956890296542,928818,0.017004981628872946,0.0363243186841299,Consumer
2003-02-19,278.34382051671975,300.62333162776383,255.98234922793372,278.2547291901859,1716832,0.0533620878659691,0.034625717499031386,Consumer
2003-02-20,294.439694799697,319.2195239862399,269.5436549162558,294.31280516393525,1607469,0.056106178671323975,0.038552290633248935,Consumer
2003-02-21,276.1878175159197,301.4030324519255,253.90351467839474,278.8999040412939,1479344,-0.05379021430163901,0.04196675807375612,Consumer
2003-02-24,277.3381987445827,280.77341262449073,273.18019928377157,276.60634819105456,1276446,-0.008257580805572639,0.044079191233158725,Consumer
2003-02-25,269.7168370353765,283.55478168642406,253.59115217163767,267.3053757054637,1444856,-0.034203635692278675,0.04079961061002404,Consumer
2003-02-26,266.44324041470367,267.4060410010626,266.1417639285358,267.10381708241226,979064,-0.0007543232239597543,0.040089523381167634,Consumer
2003-02-27,275.95441613906326,288.9469963878291,262.64383026101586,275.6206982919079,1775672,0.03138822812489049,0.03722662029344432,Consumer
2003-02-28,289.0427415438413,308.73681161190376,268.7768407001253,288.42909999815095,763637,0.04542366286469623,0.03682988102751419,Consumer
2003-03-03,280.6539884900103,293.47658867634175,266.99382340696235,279.7763246345096,844643,-0.03045885850478561,0.03866068392317338,Consumer
2003-03-04,266.68932131647165,288.4009336254222,243.42255821907239,264.9963423511756,1420660,-0.05427441989246634,0.03787981117083606,Consumer
2003-03-05,247.229120817163,272.8936854345517,221.76535423744036,247.41116855147644,1674125,-0.06866442080274254,0.04110670229622073,Consumer
2003-03-06,236.62740468966288,252.1372014876004,221.86936215862173,237.33502584715927,1771000,-0.04157884854291317,0.0464653546372188,Consumer
2003-03-07,248.15963223985548,263.0692242028826,232.19216252352305,247.03413380948695,1435315,0.040053766543884546,0.045678697903652914,Consumer
2003-03-10,235.00899453622338,252.2818919161577,218.5332918549625,235.75396202990288,1428334,-0.046737793203120395,0.04483168952751334,Consumer
2003-03-11,245.5160967843821,259.53606342539507,230.91709436107735,244.9019931918999,2064465,0.03806937528642128,0.04511726394339229,Consumer
2003-03-12,248.60927153897012,253.87022644122302,243.12534686995434,248.38148138181492,773806,0.014107692953111877,0.044111739988294936,Consumer
2003-03-13,245.75914595616004,249.50792152489595,242.35289341521172,246.09698647208697,1130839,-0.00924008349094755,0.04106739015210053,Consumer
2003-03-14,256.1269350319362,274.19393670027415,239.1911752856141,257.188015625537,1465032,0.04408168354546656,0.038236517866587,Consumer
2003-03-17,242.35435413494852,263.3191223611296,223.02993093110572,243.8735631533114,1880440,-0.05315748854005879,0.039510811969382005,Consumer
2003-03-18,247.6851266325331,250.51423492003084,242.9308351705775,245.73769956261933,426535,0.007614797938446028,0.0421039332861772,Consumer
2003-03-19,235.37122127846493,253.10142947879066,216.09726671678254,233.7017130305583,1012152,-0.05021913357127408,0.039075449206375006,Consumer
2003-03-20,233.626850809471,237.00312027900677,228.1159879790162,231.46095693086207,1509420,-0.009634364822472732,0.04122871318682424,Consumer
2003-03-21,225.84478023612212,233.46963678866922,219.74778335324365,227.3324774315735,1285791,-0.017997602531862854,0.03838969367763966,Consumer
2003-03-24,226.19419504692056,229.79849330397738,221.3461429906641,224.93030170088926,1138948,-0.010623020207066413,0.03643627202479204,Consumer
2003-03-25,228.58659049577938,233.45377538859634,223.2881569652454,228.14595971774742,1286256,0.014195014333548816,0.03433669784646852,Consumer
2003-03-26,225.48122229689463,229.85197012386382,220.85104066325675,225.21666019519853,1495327,-0.012922725249419923,0.0327632693727166,Consumer
2003-03-27,219.85612828680738,227.62342852870927,212.4821841824425,220.2367194494413,1494180,-0.022359907702141763,0.03136550621578027,Consumer
2003-03-28,223.30947209800888,229.17154281757965,217.94306961460367,223.79350834519275,1145306,0.01602082357721616,0.031016621431177276,Consumer
2003-03-31,220.085064997514,225.42563726502894,215.12188290807225,220.45413226618092,1036976,-0.015034132641691098,0.030135106806145805,Consumer
2003-04-01,222.23216704004554,228.14428526102188,217.63196980065405,223.5174820507542,1227439,0.013799974146144712,0.02933263543252543,Consumer
2003-04-02,226.44367501328938,232.10726699793705,221.285437459051,226.93777419035362,1045703,0.015186226932402106,0.028581264739319996,Consumer
2003-04-03,230.41617326253325,232.54896879281858,226.22890185853373,228.34250292532346,1079245,0.006170850191305105,0.028073193237422057,Consumer
2003-04-04,221.96301476259936,232.69681699874496,210.40637662149072,221.09836571176015,1835506,-0.0322390113735117,0.02713291822950567,Consumer
2003-04-07,221.225793454558,222.88312777673448,220.15707662696465,221.81158107529188,1038149,0.003220591387362744,0.02906646314002523,Consumer
2003-04-08,214.7877682153792,225.55512951597058,203.7671127669798,214.52110624007776,1262340,-0.03342015668165476,0.027882669436569547,Consumer
2003-04-09,211.44984992160556,216.24578032863565,206.50920819512243,211.30178020750492,1195222,-0.015120781306798987,0.02982432957873757,Consumer
2003-04-10,213.87025234175783,215.27166124526303,210.83621141256714,212.22685174869127,996356,0.004368408378944994,0.0290841574049539,Consumer
2003-04-11,210.3574254706466,214.5759373279906,205.2089198325656,209.40839991312117,706242,-0.01336934615898198,0.027920834842993028,Consumer
2003-04-14,209.44506148903375,211.4498187377907,208.22380045014555,210.22401566587249,681755,0.0038872915891984532,0.027394695237792987,Consumer
2003-04-15,208.35512614540514,214.21997693166222,200.50838077793517,206.31582872856328,1168773,-0.018765559535323256,0.026507397403784553,Consumer
2003-04-16,204.2730814014423,209.22866950218275,198.08105695002743,203.00590379888246,1189414,-0.01617308251203725,0.026738280187753205,Consumer
2003-04-17,214.75377415677826,234.37322957791986,195.76443115937892,215.33269610660605,1858895,0.0589491944808582,0.026668029391205703,Consumer
2003-04-18,215.41672013118347,216.0000217131086,215.0165651942389,215.59952719644326,557374,0.0012383902131672612,0.03449924872775457,Consumer
2003-04-21,213.00074766280687,216.47737372049585,210.35535665371776,213.8217857204588,1205018,-0.008279755002791218,0.03244053901789535,Consumer
2003-04-22,214.8286401294047,218.5602808123923,211.99220951414443,215.71218456224398,601520,0.008802149203047567,0.030857641012449567,Consumer
2003-04-23,211.5612156822577,217.49864222195265,206.12025293847913,212.0452314878506,915741,-0.017145432276680694,0.029552950473201053,Consumer
2003-04-24,219.5847026629714,233.2103648991667,206.83594416069755,220.41348834330972,1233781,0.03870566679635306,0.029030955591063758,Consumer
2003-04-25,208.9475626033896,226.1883365371589,191.40291671426962,208.61636251989404,1788687,-0.05500829560283702,0.03160627156668118,Consumer
2003-04-28,212.44027268869738,223.51230652069592,203.54030616842508,214.52500239555235,1173177,0.027929313676834388,0.036783855285258016,Consumer
2003-04-29,225.32569910784702,250.80325447964373,203.61233132150713,228.75903542152986,1835901,0.06424290962611497,0.03604786529166872,Consumer
2003-04-30,244.09678656035322,268.37300145418794,220.0383427567952,244.29501958855167,1998163,0.06570738911280054,0.04193604164979584,Consumer
2003-05-01,255.29783581004708,276.69399214835187,235.79626350912315,257.0579677107252,2104382,0.05092502315722456,0.04641685490213524,Consumer
2003-05-02,248.56812959926526,260.00880066669123,239.58077307855748,250.9358361365368,1358267,-0.024104341226144417,0.04703852923656606,Consumer
2003-05-05,259.702328896642,273.75719708792525,245.9272226702248,259.9679992024196,1482848,0.035361269919915304,0.04424083493881399,Consumer
2003-05-06,262.73551098878175,269.2899013622445,257.1466469252085,263.6809265826965,1238434,0.014181217307448875,0.043050715353163106,Consumer
2003-05-07,270.83502837084455,285.19300071850915,257.91133583537226,272.20398440640224,1494832,0.031811967142783705,0.04016039482604002,Consumer
2003-05-08,265.548410796115,275.1512373001648,256.5188253138409,266.1028006030147,1618391,-0.02266902534570714,0.03926940333250265,Consumer
2003-05-09,254.64263157009538,270.9675764455981,239.50422371198465,255.7625876248442,1351153,-0.03963308045938509,0.03755997253714735,Consumer
2003-05-12,255.43875051328027,256.0975718703463,254.66467111296316,255.32319443061647,954090,-0.0017194503072124777,0.03826510668478561,Consumer
2003-05-13,249.45705352388214,257.68043454710306,242.27518613096396,250.46942109654861,720248,-0.01919333018507096,0.0356625600326486,Consumer
2003-05-14,235.31715401005138,257.9861544635181,212.261506877177,234.88928950860188,1956029,-0.06422254693906541,0.03424488485897983,Consumer
2003-05-15,240.20528287182793,249.52862451163725,231.3970991827677,240.70221849138449,1205675,0.02444626691456582,0.04070442287399365,Consumer
2003-05-16,245.08014523382448,255.09909368748288,236.4487908531246,246.4205328687679,1264304,0.023478998057186416,0.03892458128371643,Consumer
2003-05-19,264.6966840370518,290.71015349802997,237.2489162919755,263.10606527320147,1472898,0.06551768125496385,0.03734685963980804,Consumer
2003-05-20,246.7406394433156,272.8072210638193,219.30800569121575,245.2132257555065,1460522,-0.07042909963896737,0.043124416790473526,Consumer
2003-05-21,248.03617665020087,253.88753962358106,242.83032038467337,248.66841377914193,1697027,0.013992196181041205,0.048288828627417735,Consumer
2003-05-22,255.8896900979332,266.5204536669817,245.03096582931514,255.65184842752825,1330808,0.027696214372633143,0.044663363165594765,Consumer
2003-05-23,258.8893110029966,262.2299515771351,254.53321248696813,257.86057856432956,1236995,0.008602493890010715,0.04255484521174614,Consumer
2003-05-26,254.03762405598664,259.6748196010983,248.5169742773935,254.15169096351667,971077,-0.0144877484168158,0.03949471250643166,Consumer
2003-05-27,247.67015380529472,257.7047417008974,237.3559949132727,247.37877742222847,1788006,-0.02701062344796804,0.03713960259481641,Consumer
2003-05-28,257.0826897976745,276.00453247495307,239.86151967285852,258.6765918097559,1721117,0.04465792734721307,0.036234184571725954,Consumer
2003-05-29,259.2732163209438,259.5427366493664,258.58683415036376,258.85592069061136,1014687,0.0006930149650551631,0.038072069506459284,Consumer
2003-05-30,258.3943504774208,259.93464434649826,257.7491303075206,259.28719471179926,949455,0.0016646911170414519,0.035491661297620346,Consumer
2003-06-02,263.32135444983913,268.7494156250652,257.4561979302696,262.8750592529583,810919,0.013742552166767192,0.033288768328210566,Consumer
2003-06-03,279.32446159523647,304.3509259758491,254.0529053847424,279.05524931604873,1221787,0.05973092901276938,0.0318565901887799,Consumer
2003-06-04,291.9072519756773,312.82413575941604,271.4908688800112,292.37503527499064,1474856,0.046627557114995985,0.03803999806616673,Consumer
2003-06-05,301.0736583690071,310.86760524142835,289.0654475545231,298.78494233655107,1319010,0.021686712648055596,0.03979638833708414,Consumer
2003-06-06,280.7428340615453,306.8216846630897,255.06635014444092,281.1114843283327,1276116,-0.06097272616754898,0.03791502400846801,Consumer
2003-06-09,300.8047702759878,337.8124250794231,266.5548839839505,303.28063475745046,1398647,0.07590723214620351,0.042516940587201256,Consumer
2003-06-10,294.46537892767304,306.48417532954716,284.7085709202048,296.65482236176,1516127,-0.02208931554307828,0.04909621546851779,Consumer
2003-06-11,298.12711903214165,303.33541867182646,294.12760165048866,299.3198995707983,1229010,0.008943651049787723,0.04584257167567231,Consumer
2003-06-12,319.0034544911318,347.8924237261875,289.15415588224533,317.94749760765905,1721363,0.06037336759908311,0.04234656345426837,Consumer
2003-06-13,317.8532510144043,323.4604428527085,308.6868855133007,314.2301631117717,1030187,-0.011760546353617167,0.04562155933763339,Consumer
2003-06-16,304.2495842739016,318.23806257049813,291.95574709342105,305.8784093264104,1180415,-0.026938053089582244,0.042258820483990094,Consumer
2003-06-17,326.92133433066095,359.2297977557472,294.4221326253627,326.7096789033771,2052032,0.06588427659768087,0.04046597499872026,Consumer
2003-06-18,337.51648719213637,357.4679526671554,319.0019253737626,338.8786680355552,1432465,0.03657018747419797,0.04539941399949564,Consumer
2003-06-19,325.09653560481615,350.2217934298523,296.98540738306116,321.86057205216264,1451846,-0.05152368619430251,0.04415305453740181,Consumer
2003-06-20,335.4720387491509,359.2085507709117,312.9395511078388,336.6002829020537,1102423,0.044777676504878135,0.04536295091639836,Consumer
2003-06-23,325.27897746719344,341.0108494872041,311.7545647270713,327.39831900307126,1028464,-0.027718591684858608,0.04524371668697413,Consumer
2003-06-24,334.6097941494108,345.51464014003335,323.6851911484976,334.5893715726662,1654319,0.021726492930555123,0.04304466480842581,Consumer
2003-06-25,339.2829867609064,341.6085444113856,333.81790439838863,336.12179419090654,1123832,0.004569553521640825,0.0406580940162596,Consumer
2003-06-26,335.38985623692474,336.2588682473476,334.9788583298271,335.84730976145585,616483,-0.0008169555507910086,0.037757073643703835,Consumer
2003-06-27,367.4323618361151,419.74795665071497,316.31633605688927,368.48543119892923,2015504,0.09274455398864213,0.03522183130623187,Consumer
2003-06-30,372.873126332081,378.2567306068801,366.6776809751918,372.0493920371027,1132154,0.009625444321606327,0.04881285450201153,Consumer
2003-07-01,369.7338963813296,377.77979998401554,366.33377317204025,374.3373428547095,870956,0.006130757359219962,0.04494500181851025,Consumer
2003-07-02,378.20420413592916,381.34700408033234,373.2889281680068,376.4168757776031,1379383,0.00553986428501567,0.041493137729537354,Consumer
2003-07-03,365.5473057458616,384.3595228351116,345.0032472294953,363.72150273840083,980077,-0.03430876896742663,0.03849607638913795,Consumer
2003-07-04,365.6669499580508,374.4058019892292,359.28186337487136,367.9803205292425,1054389,0.011640987486768036,0.038237704717931406,Consumer
2003-07-07,375.2341089834528,385.4603706903021,364.51469609024485,374.7271414007335,815189,0.01816867827670451,0.03591691158948156,Consumer
2003-07-08,347.5476975122798,386.6989729648475,308.6897532510423,347.81153056525346,1753397,-0.07453738396078144,0.03437346012623208,Consumer
2003-07-09,355.8709458212676,364.8388213743962,344.79080470872344,353.7040755716792,1495530,0.01679986459217271,0.04334283158721033,Consumer
2003-07-10,375.0273586594052,403.952992101284,343.6466576212436,372.36710749947366,2112581,0.05141959695114521,0.04056126424983722,Consumer
2003-07-11,368.1666855234482,376.75247962788734,358.0729226710874,366.62271066537284,973966,-0.015546932846883504,0.04257662702268501,Consumer
2003-07-14,361.5618713743321,369.62628962196044,353.15490643363165,361.21151008520604,1886419,-0.01486959565541705,0.03983053355209908,Consumer
2003-07-15,341.36318116714307,371.5159953941684,310.47356720038084,340.5549937487332,1587839,-0.05888706591794861,0.0374478684797847,Consumer
2003-07-16,337.51797613797623,344.53439272622325,328.8857341109489,335.86784736813803,1462717,-0.013858850163640296,0.041737600108381005,Consumer
2003-07-17,342.14464106217645,359.80112966100324,327.8394113068136,345.3614054601368,1305797,0.027873649598315644,0.039018354263403214,Consumer
2003-07-18,352.52099458427165,371.97794692962714,336.6084209311549,355.9122922549721,1275568,0.030092909637684514,0.03787461718392677,Consumer
2003-07-21,357.8493798235083,365.25538523183417,352.2598012733229,359.63787059948066,1027299,0.010413279749042596,0.03719444559383131,Consumer
2003-07-22,377.84707926720824,409.22820069401644,347.88475722310113,379.1616374924378,1737691,0.052864988136145125,0.03497151534743319,Consumer
2003-07-23,380.51790652309836,381.9927632295389,378.6692354559331,380.1426376504993,1035722,0.002583946214983301,0.038698986474477844,Consumer
2003-07-24,418.6806127380634,478.69018521732,358.3095519988106,418.2586435540344,2050099,0.09555346112447449,0.036042901659380094,Consumer
2003-07-25,450.93011726377637,504.4038089959434,398.5665446527452,451.92473761277193,1878628,0.0774156506094129,0.05008834393301663,Consumer
2003-07-28,431.5518043710132,463.9258387620737,397.63048189081786,429.8790284376704,1574401,-0.05001181636929334,0.05482746758927987,Consumer
2003-07-29,437.07942217664663,448.42699791391317,425.9174549060714,437.2604086791929,726861,0.017025078592488432,0.05366580129175578,Consumer
2003-07-30,470.45141040762496,518.413389332315,420.29908600077414,468.01241183257025,1852834,0.06796589809084722,0.04947213940988437,Consumer
2003-07-31,460.7131426730596,469.8221132513663,455.2837915202843,464.3499040750587,698619,-0.007856444932703306,0.05244900912054623,Consumer
2003-08-01,457.03655941950245,474.34472579775223,435.6265268361092,452.77323949914876,1075602,-0.025246946546586234,0.04806222430588085,Consumer
2003-08-04,455.63642667768147,461.77693373849985,450.23433134666254,456.36618626591905,1228205,0.007904102210628535,0.045206118730454735,Consumer
2003-08-05,443.84850066002235,462.28862851767843,425.58206882401225,444.01533084307175,877837,-0.027436436545123094,0.04176416838991273,Consumer
2003-08-06,447.3912858735258,454.9671457817289,440.8219137593441,448.38320854448875,1035460,0.009789152242657992,0.04010374442100106,Consumer
2003-08-07,413.99341378855365,464.5053044188493,362.92120727896616,413.3552325636803,2147861,-0.08134089246823054,0.037430233481939024,Consumer
2003-08-08,434.98282552656525,476.2744817877873,397.06656340948496,438.08758618364436,1178926,0.058111508304848694,0.047045393195712715,Consumer
2003-08-11,448.9132003073976,458.6804073440201,434.81740812430195,444.4883415117301,1026013,0.014504967448695102,0.048756100401601485,Consumer
2003-08-12,460.12050954081803,487.99608118549247,433.90823584394417,461.69415936587245,1412346,0.037978852863325786,0.04509196129245203,Consumer
2003-08-13,468.39806142115924,474.7593381881959,459.5660347323788,465.8932944587893,1189263,0.009053946903958804,0.04407932586011401,Consumer
2003-08-14,453.40648189599546,469.38746235254894,442.88213528373376,458.7393311103712,1490813,-0.015474483394021191,0.04082506176121046,Consumer
2003-08-15,462.04110125912615,470.4488523544663,455.02195631193075,463.40892792764697,1226238,0.010127735285983973,0.03833102502793389,Consumer
2003-08-18,450.35705917414685,469.0206547113507,433.1304066420265,451.74106252962895,1464023,-0.02550073277961584,0.035927700135927436,Consumer
2003-08-19,473.2633927207444,511.91285470335157,436.9607923208849,475.44305873043095,984627,0.051137979341214154,0.03507396207288681,Consumer
2003-08-20,466.38636822173163,480.6895043945699,451.5353616595994,465.8211641553012,1476971,-0.020445331949951236,0.03842408349014467,Consumer
2003-08-21,434.2754219291362,478.6909911266613,393.314004633579,437.43185499750194,1716864,-0.06288085890070808,0.03665828546764894,Consumer
2003-08-22,421.930915597981,442.3758021546362,406.9226186145034,427.1807653489085,1161647,-0.02371367196010775,0.042049545504746266,Consumer
2003-08-25,426.29399569812654,435.8797293496274,421.1190805651069,430.6519121165322,1457820,0.008092873596221366,0.03998602452606813,Consumer
2003-08-26,405.53035222132013,440.27392173364785,375.4593107278674,409.8803197847827,1629808,-0.04943492117377745,0.03726835006243394,Consumer
2003-08-27,416.89599110979873,427.320555112526,406.3489240085773,416.7703462372323,1313043,0.016670127521857432,0.03972046887713606,Consumer
2003-08-28,422.782515884042,432.7929018078372,413.1482113511645,423.15021813132284,1271078,0.0151918999657655,0.037468072955449364,Consumer
2003-08-29,440.79348139164165,468.0105891635689,413.6625760475398,440.8746856830671,1876561,0.04103343400700344,0.03546412647283695,Consumer
2003-09-01,441.8660011118281,441.87866208703247,440.85363172044543,440.86626404975686,738451,-1.9102284663245837e-05,0.03686088467666187,Consumer
2003-09-02,437.46420492731573,441.0127869168961,437.027447193748,440.5729254831194,525849,-0.0006655900507948221,0.03445257479567419,Consumer
2003-09-03,424.3772655817874,446.3624924771422,406.67869634062885,428.4923062840272,1611764,-0.02780320040140888,0.03239830828235599,Consumer
2003-09-04,437.16839212898196,455.4086942715712,421.0135682021073,439.1795513330401,953763,0.02463554733558803,0.03249112181090393,Consumer
2003-09-05,429.5857778864511,445.3486034747725,412.8412226252827,428.5666533965162,1032611,-0.024462053757729203,0.0321803499997032,Consumer
2003-09-08,463.25980454888884,517.469076067279,409.10082842596677,463.3048354521816,1852531,0.07793895288866509,0.031909540140679295,Consumer
2003-09-09,487.1443189621918,518.063168305306,452.6526274018334,483.32934170953644,1379196,0.04231305883368539,0.04272876148683615,Consumer
2003-09-10,448.11350476668804,496.92590441530956,404.95694802992534,453.2724993569274,1490322,-0.06420479971807193,0.04276864375612797,Consumer
2003-09-11,447.70374285780974,461.6024200560175,430.20455172144466,443.9878720809811,1300849,-0.020696241536108807,0.04670828574264449,Consumer
2003-09-12,451.5606867266348,467.5479794000574,437.4218927386146,453.35306436577804,785849,0.020873966524872365,0.043698756591822666,Consumer
2003-09-15,452.63693990405164,453.6353961576335,451.7891668666022,452.78734142343836,836324,-0.001248643173237493,0.04114636598667391,Consumer
2003-09-16,484.4068987656481,529.6444440440329,436.87222210260387,481.8731466236457,1666652,0.06225832785571761,0.03813990841092259,Consumer
2003-09-17,488.96069962422376,498.34989284227004,478.70921961804817,488.08153072955776,1100895,0.01280156493185386,0.04295505789756725,Consumer
2003-09-18,463.9710068368831,502.965866047262,422.70005788807623,461.48606820329746,1873656,-0.05603059765339781,0.040008644177131944,Consumer
2003-09-19,498.6590585932777,554.5713664576149,441.5438808270976,497.3042841722895,2158847,0.07475021513639177,0.043028681924077404,Consumer
2003-09-22,489.18921763660705,497.3829659557647,488.9568769938702,497.1468458338746,1155535,-0.00031663363835557557,0.049186514147063404,Consumer
2003-09-23,508.6011806203041,529.758909047129,488.99115376353944,510.09142322522786,1563911,0.02570452396885604,0.045116134338843296,Consumer
2003-09-24,515.5371254838732,517.7921084353114,506.3814811603546,508.6061476981516,1241948,-0.00291603047251835,0.042749044960259275,Consumer
2003-09-25,500.3818767084161,516.0086159350356,482.57025732164396,498.1265639734145,1407220,-0.020819751146083882,0.0395380849443788,Consumer
2003-09-26,496.68355692256375,502.6808026696704,488.1664325324251,494.13287992398165,1185255,-0.008049720542747461,0.03762482471085892,Consumer
2003-09-29,511.5208364442038,544.8291443387701,481.02054634033664,514.1708431297296,1338530,0.039751121141532224,0.035245164884573,Consumer
2003-09-30,496.41747189417976,522.5448880062834,470.3782960940252,496.50131431970965,1757598,-0.03496945920778722,0.036480132442110264,Consumer
2003-10-01,497.5876437514776,500.09214435077024,495.43341243621376,497.93640313389915,1067431,0.002886233667999108,0.03671606612898349,Consumer
2003-10-02,487.3297540821305,500.5743852705202,479.414028951584,492.5734859034164,995852,-0.010828704881708572,0.034346836263450156,Consumer
2003-10-03,494.72835018659487,496.05887603904586,492.1303239579795,493.45743179369975,975134,0.0017929379519745982,0.03257841703427094,Consumer
2003-10-06,516.5563395806091,554.5083203955147,479.6487087760597,517.5310473257496,2036042,0.04763292078267731,0.030815009315949337,Consumer
2003-10-07,524.2310134167228,534.4973031776033,514.0260548473491,524.2911735001808,1371606,0.012977686437463283,0.034640815675398826,Consumer
2003-10-08,517.7242814893193,526.8983049384185,509.84177846052955,518.9964330317438,1286439,-0.010150194238671412,0.03294316226952011,Consumer
2003-10-09,559.4380372958535,621.2612729092365,496.9371422223182,558.6761860063403,2118068,0.07367302124850962,0.031363282970938496,Consumer
2003-10-10,535.831936516393,573.4944065652041,495.6307646828256,533.101304502333,1679240,-0.04685856078141016,0.041244169575282166,Consumer
2003-10-13,525.5810214225256,539.8263234739042,509.3646665358923,523.5550570253874,879809,-0.01806927504449902,0.04231103788539666,Consumer
2003-10-14,521.0217698377961,524.2120991554599,519.0502487618966,522.235983553822,1017289,-0.0025226342928860233,0.03976372651860789,Consumer
2003-10-15,565.3312410731583,646.2896922684816,490.2908241734195,570.5557847133734,2120688,0.0884913851653777,0.036957782805299065,Consumer
2003-10-16,570.0390047316016,570.6150555383869,569.8612794379013,570.4372060944906,1583085,-0.0002078516174332669,0.04865501983536757,Consumer
2003-10-17,555.4444884881802,580.4368053054174,528.6715980422642,553.5800229223561,1517179,-0.029996777158009885,0.0446526062451929,Consumer
2003-10-20,563.8821304247135,595.3713014581732,538.9372876134756,570.1492172055126,1498348,0.02949179324935578,0.0427791443529518,Consumer
2003-10-21,528.6773778350512,594.6830682407182,459.11636876380373,524.6148501279199,1643874,-0.08323373658236484,0.04116441465168626,Consumer
2003-10-22,509.6171090009798,535.3274689807927,481.67198515150903,507.2636103055006,901821,-0.0336335646582638,0.049947827407327186,Consumer
2003-10-23,470.2195495289271,522.8009373436435,420.20445278748065,472.5391186715904,1429942,-0.07091027555327052,0.0475973830258866,Consumer
2003-10-24,454.20523691561283,482.9805266389931,424.2981118816479,452.9968463714435,1497260,-0.04223537053981089,0.05163960470013766,Consumer
2003-10-27,485.26899813665744,532.8997818201126,436.16034550911024,483.6302838786422,1568908,0.06543557472432618,0.050008929178342265,Consumer
2003-10-28,450.3625488185635,496.8546131195902,408.38717242193695,454.4941563439325,1861715,-0.06213568232488922,0.05237352922972628,Consumer
2003-10-29,455.6110119744767,457.2768495391348,451.72996098529205,453.38766940585003,754306,-0.002437514342829168,0.053605183554191166,Consumer
2003-10-30,483.5788840739721,523.2218839645235,439.60010864125627,478.8559284108323,1261854,0.05465223454558085,0.04898677152587774,Consumer
2003-10-31,507.0061479330725,551.0163089305405,463.2343091143922,507.22552999397647,1691676,0.05755596060932238,0.049676886363243564,Consumer
2003-11-03,517.2920094163427,541.6330322624216,496.681152299795,520.8792461569135,1541379,0.02656250466063692,0.05070638738114333,Consumer
2003-11-04,524.8410352981356,528.6324035127483,519.6128818674833,523.3937954514852,1461533,0.004815894032192112,0.04756832112944718,Consumer
2003-11-05,493.3869405648224,535.1318980015348,456.6476497383167,498.0456999093949,1424890,-0.04964229601003367,0.04374557195144172,Consumer
2003-11-06,458.94426805686885,515.1453642998041,402.99840615392264,459.171769674269,1811393,-0.08126747377528908,0.044727996660471864,Consumer
2003-11-07,493.75698957345713,543.9554288023132,441.4162154015736,491.3722021506796,1278934,0.06777752388169887,0.05187615340674307,Consumer
2003-11-10,542.7003907119687,622.7065578577672,462.197582477256,542.1178735780395,1934646,0.09828156691372977,0.054239995808942426,Consumer
2003-11-11,594.9898224179798,684.2058906773078,508.4442301435391,597.3211848061495,2258876,0.09697151000300924,0.062469766091573974,Consumer
2003-11-12,570.0338235111092,611.2497409113074,528.0550432750381,569.2115033624871,1414938,-0.04820289101013902,0.06806245957404368,Consumer
2003-11-13,540.2260079888408,586.3406684388361,491.82232358139595,537.7233529073835,1817997,-0.05690786173200789,0.06445561672868366,Consumer
2003-11-14,520.3025227806041,544.2127586840472,500.4720896188351,524.232539706227,1317048,-0.02540885003566904,0.0625251703823058,Consumer
2003-11-17,587.2258185524988,675.3082116317005,492.4622062348857,579.3655839265801,2048275,0.09999832011964686,0.057657254479287906,Consumer
2003-11-18,531.9072395523806,602.1164320594186,460.53040691628985,530.5620394983417,2040715,-0.08799678751771528,0.06526436086628136,Consumer
2003-11-19,503.3574012680415,542.0095025885228,467.4546099443232,505.9236680799857,1633151,-0.0475510922368787,0.06833055415729516,Consumer
2003-11-20,509.8970431311068,519.114923249264,501.9859040175574,511.18381958083256,586325,0.01034344641416199,0.0646097334856944,Consumer
2003-11-21,506.60382501141845,511.37661527786736,506.0297530432764,510.79779080278144,800143,-0.0007554515511591184,0.05878419993018842,Consumer
2003-11-24,547.8480663529671,600.4414653454369,492.28011451269174,544.5576318889769,1361306,0.06399998128749437,0.05352150348414004,Consumer
2003-11-25,533.4817012258019,548.5738582537995,521.3111477300429,536.3381395694522,1442825,-0.015208960891934754,0.05482737189472241,Consumer
2003-11-26,495.9347724846192,556.5582484818067,433.93203660556276,494.3634304559805,1476101,-0.08149388368617577,0.0503937440642945,Consumer
2003-11-27,482.36963879410877,497.36523917897324,473.35993903172,488.2457847663901,716148,-0.012451999514884342,0.055926840733162154,Consumer
2003-11-28,442.10280900480626,507.09843039091595,379.80609887917007,444.4683866952193,2412999,-0.09394000498944124,0.05123970194392031,Consumer
2003-12-01,457.76272939110146,472.33685490886575,439.54869783061133,454.0031261199814,961095,0.021225152365360746,0.05936425123636168,Consumer
2003-12-02,442.91951214174156,458.3383529679296,429.7122927515078,445.06709574019675,1440126,-0.019879035999671314,0.05465224170903708,Consumer
2003-12-03,427.0648502146331,453.3766026994931,401.08680851306974,427.37942560744153,1175185,-0.040552844512970185,0.05048534866572523,Consumer
2003-12-04,419.8073121112732,432.23189724338823,406.6280424208618,419.0296107633059,1343227,-0.01973061572721692,0.04884359040482022,Consumer
2003-12-05,397.42930955791684,431.125535117674,362.42631398810505,396.00148040050743,1801494,-0.05652363787200185,0.0454637398203595,Consumer
2003-12-08,381.57054479576163,404.05550748930415,358.3098139443656,380.74620014540164,1576292,-0.03928493782729441,0.047252508467862886,Consumer
2003-12-09,376.48739520699667,382.19098471043424,372.13472748784005,377.822877140763,127589,-0.007707504995864006,0.04601886130945138,Consumer
2003-12-10,353.1480028539438,388.69851514110735,318.2185235184181,353.71313882972896,1342926,-0.06593926446937315,0.04246291702137298,Consumer
2003-12-11,347.93080010686657,355.9586323834106,341.1284645215434,349.1327967668989,1177793,-0.01303388601647959,0.04684738463762408,Consumer
2003-12-12,336.19776470431344,358.6728877274539,311.5920519580537,333.9145393094991,1766776,-0.0445672664181401,0.04337308250069373,Consumer
2003-12-15,340.63203394199263,352.9680794266397,329.17748372446573,341.4848512297236,1505942,0.02241822861846585,0.04362242099984146,Consumer
2003-12-16,357.6067863443718,385.3626054053476,331.10850328751053,358.7775686249721,1525698,0.049399291938760415,0.04120338623545883,Consumer
2003-12-17,362.6596172037944,368.4997441164303,356.8100867420027,362.6500597451073,1144265,0.01073573609263852,0.04271087374922632,Consumer
2003-12-18,368.0049142263637,375.76981531713784,360.02707214084796,367.78738333127217,985241,0.014066661957667637,0.039707220924606365,Consumer
2003-12-19,369.6242964854997,370.045744481123,367.6473862142684,368.06705863730065,1102994,0.0007601376129411216,0.037296264714299365,Consumer
2003-12-22,377.6969057680988,392.26652307672975,363.08723894017845,377.65524935726484,804077,0.025716594595873332,0.03482665302164227,Consumer
2003-12-23,363.3467614035927,387.7433076514603,336.87592409608897,361.1231695454759,1995515,-0.044762650704292944,0.03419821770492093,Consumer
2003-12-24,383.71986014589413,415.0462945052715,350.1916055087491,381.3223064254588,1071406,0.05442587611956756,0.036553641543158384,Consumer
2003-12-25,412.96836461077976,451.6828306423859,367.8614186456103,405.91461849352345,1096679,0.0624978720716203,0.04016542501654811,Consumer
2003-12-26,395.0137690204637,417.004233401635,369.3518446020218,391.12586912495266,967599,-0.03711341410655494,0.04445792050276364,Consumer
2003-12-29,389.3778555827928,391.1447323715844,389.32150788121754,391.08813717150554,850623,-9.647475798868661e-05,0.04344900668992027,Consumer
2003-12-30,404.7939245363927,424.4602813753263,384.33652978773233,403.96249265046004,1070667,0.03238908433298471,0.04012797455615507,Consumer
2003-12-31,396.6911632061076,407.19790485122786,386.83634924121947,397.32728793570675,114215,-0.016561689762619236,0.039313628567876076,Consumer
2004-01-01,400.3320488249304,403.23455942879565,396.3577372794269,399.25242029802445,1307473,0.004833505273742677,0.037115933884348445,Consumer
2004-01-02,384.18702468380235,405.6550316834119,364.36775885667464,385.7548838493823,1150095,-0.03439169736569412,0.03472144084669521,Consumer
2004-01-05,379.04141368732945,392.6921907444877,363.0405016994297,376.60347911210425,1145286,-0.024009297426303106,0.03524033329482665,Consumer
2004-01-06,386.9500335035866,418.8315560071835,361.80603219505514,393.2764634732665,1525299,0.0433199795519997,0.0343507179986107,Consumer
2004-01-07,403.91935714612583,425.2418088447253,384.71522627000223,405.941534616923,810006,0.03169631187738317,0.03640701245466198,Consumer
2004-01-08,441.39973362268205,488.56997874906034,389.33294652447546,435.91731187315446,2468772,0.07124342787015278,0.03620876789802963,Consumer
2004-01-09,465.5722514225407,511.4889425856048,419.62817596111296,465.5418708660793,1904965,0.06574946713106597,0.043705878327270284,Consumer
2004-01-12,476.3215768940709,490.86078135479835,460.6100661619191,475.11236059405235,983252,0.020349283853613644,0.04771385442918432,Consumer
2004-01-13,460.805136120605,481.72172285923443,440.3885967571963,461.28396824838387,1826265,-0.029537488138392028,0.04453541878768802,Consumer
2004-01-14,456.81432025135604,465.6474174897656,446.5705005294057,455.37578176072964,1660266,-0.012890864474285337,0.042633230021951796,Consumer
2004-01-15,447.01170258011115,457.43763235119854,440.82625545837755,451.19430913466715,892318,-0.009224884696950573,0.03973663296906118,Consumer
2004-01-16,453.6254901392529,457.2852906348565,449.9669844985814,453.6267746346838,597880,0.005376690273068609,0.037093999170015476,Consumer
2004-01-19,459.8882141873229,471.84758690451383,448.94472580699284,460.8804864386433,1912774,0.015863983235822464,0.034714667494935965,Consumer
2004-01-20,453.4197986688689,469.00477700839105,434.9570793864022,450.4396229076319,1201194,-0.022914715215753542,0.03319392122125887,Consumer
2004-01-21,449.68153130470836,452.73017310292204,448.3117416290164,451.3552849512974,774614,0.002030755220207532,0.03256120008303402,Consumer
2004-01-22,460.1354877590345,470.0222302401381,448.0291990294787,457.86720382410675,631286,0.014324393204639586,0.030802662152686736,Consumer
2004-01-23,447.2262978572288,458.96383409536384,443.9815646174716,455.65792737654743,852000,-0.004836825346666147,0.029829874834739364,Consumer
2004-01-26,464.36342452469813,484.1577312640222,447.2759903698385,466.97422602273946,754290,0.024531696874202376,0.028554620957738107,Consumer
2004-01-27,471.05344522677217,479.55232528397966,463.50548174464274,471.98936501443455,1308628,0.010682387966254021,0.029026948257804157,Consumer
2004-01-28,457.88676881379433,477.11015485890294,442.283815858789,461.38789741937666,1366831,-0.022717338314050133,0.028127708616739956,Consumer
2004-01-29,467.64628274363935,481.63977467056856,455.49993490084216,469.4466648453412,726067,0.01731557702335135,0.02846657711481718,Consumer
2004-01-30,463.01118899206904,473.26106071847306,452.32922447883135,462.5693142396167,1300769,-0.014758277942435881,0.0281647153590234,Consumer
2004-02-02,456.97055361972855,467.70887175472893,444.6782698095451,455.379192668131,1213580,-0.015665951996163437,0.027699674513932026,Consumer
2004-02-03,443.9327375706447,457.3110802157189,438.18399518550046,451.4648007774582,1491308,-0.00863305316116631,0.027397643736900713,Consumer
2004-02-04,441.28287902901775,455.0327038536533,430.4706948856433,444.15026388450184,1160407,-0.01633447184289163,0.02667740892402852,Consumer
2004-02-05,465.9981403347188,490.57737542307706,435.78072119774157,460.0460090365477,1341126,0.03516356677690233,0.026633992623671766,Consumer
2004-02-06,449.45931215248936,468.58900058656513,428.1434411719108,447.17594598517695,1264117,-0.02837437177937568,0.02920560074255094,Consumer
2004-02-09,431.6369240915832,451.9749672686371,417.0954503668134,437.2445765931661,1204104,-0.02245942197117573,0.030052278413920105,Consumer
2004-02-10,424.9316440958363,444.44114671790226,404.59443746584776,424.0641097682025,1163491,-0.030608064290085907,0.02996957449791562,Consumer
2004-02-11,440.51038148441825,473.45982881582523,410.81357929560033,443.5575998220927,1076964,0.04494302281631678,0.030968828786487813,Consumer
2004-02-12,426.94329049337375,450.7735983979685,404.57506288508614,428.33258355069006,1701226,-0.03492771070749463,0.0342087120497927,Consumer
2004-02-13,405.9490147364877,444.3653050160205,364.0881059607289,402.14434812686227,1185103,-0.06308885908487762,0.0349167657490563,Consumer
2004-02-16,390.0154198768885,408.0500311788198,371.90554441655735,389.93650671345824,1062097,-0.030827176538514106,0.040894682360843794,Consumer
2004-02-17,383.69985089889207,390.8959531241508,380.8391935360939,388.00321224013993,743402,-0.004970304012535726,0.03975483943265215,Consumer
2004-02-18,404.41924037792654,423.74115110121915,381.42298260266153,400.5605362810266,946121,0.03185128829056435,0.03698734100944968,Consumer
2004-02-19,387.7174817549424,409.1035182214498,364.80170843599757,386.0984405074519,1163653,-0.03677254267670507,0.03669640855485384,Consumer
2004-02-20,408.6238452379854,443.5091686784075,373.79319033405267,408.6742198933033,1438147,0.056825946094991316,0.03715015618939327,Consumer
2004-02-23,375.3835240954565,422.072727893341,332.0976090651961,378.4349494246446,1870596,-0.07687411629579707,0.04109118526345621,Consumer
2004-02-24,371.01721127217843,381.7227308609547,360.989614444639,371.6772937794993,1425941,-0.018018206025457863,0.048344936327639365,Consumer
2004-02-25,394.19964820113546,431.3811328696204,358.02748892790873,395.12414118329946,2005173,0.06117400905571978,0.0449275489769382,Consumer
2004-02-26,394.6900360619632,405.9231760493746,388.2736430646407,399.42973082995337,1444107,0.010837859942521651,0.047708768934573625,Consumer
2004-02-27,378.5729663159604,408.51037500480123,349.95168513906333,379.79658452597783,1717108,-0.05040205142911957,0.04402862918399899,Consumer
2004-03-01,391.708134483652,408.2364531793636,374.14916240181145,390.6320762891781,1612920,0.028130330111728306,0.04507628166228013,Consumer
2004-03-02,382.62284629187434,394.38881323494684,371.12866362909625,382.8867041494744,811733,-0.020027001827294624,0.04294408289423574,Consumer
2004-03-03,389.62697138974556,401.2489175888464,378.5840734745724,390.19006047240237,1478054,0.018894821159812943,0.040441532177084516,Consumer
2004-03-04,381.8540883327377,393.51568332676834,371.73659745620523,383.35833634803396,694335,-0.017663799141547844,0.038235666070611705,Consumer
2004-03-05,392.94766864592685,407.4482981837764,378.4073691491979,392.90647868736966,1124233,0.024601460015982603,0.03628187423366665,Consumer
2004-03-08,408.59661970159,443.0828075481774,378.49810861440324,412.68326157748885,1545892,0.049108761772867944,0.03526874386143886,Consumer
2004-03-09,398.43008448232155,419.16521503635886,378.33003788802813,399.034668326938,1162682,-0.033632076453947626,0.03816880935110067,Consumer
2004-03-10,414.2789537202156,435.36263384002126,391.79683822345464,412.80553228382485,1682585,0.033928314775144776,0.037883425014314145,Consumer
2004-03-11,434.1698742002073,461.5133705003407,403.39374200018517,430.50652497363416,1167461,0.04198586455820378,0.03769340385497609,Consumer
2004-03-12,434.6344032836018,445.12453005972566,425.87425130811914,436.330198949683,880310,0.013436813268501708,0.038743464981135026,Consumer
2004-03-15,441.17498125940654,445.30411825265156,434.9518852448073,439.06123885886944,1465068,0.006239605853528821,0.036440733467061774,Consumer
2004-03-16,423.2144550193802,444.85993301902516,405.4703053257017,426.958794091606,1158571,-0.027951391992452782,0.034178670931957804,Consumer
2004-03-17,389.9548730998162,445.57417955564966,332.8576510733568,388.2310948473834,1998128,-0.09508674001807146,0.03393725511126981,Consumer
2004-03-18,383.63419401494764,390.2435389430461,377.54006620128547,384.14135475069315,1065946,-0.010590171416306233,0.048760773647262556,Consumer
2004-03-19,422.9882364612935,482.49995639869456,362.5551583457508,421.9160250440375,2174108,0.0937957052663753,0.04493231795642945,Consumer
2004-03-22,426.372488860018,434.0483631770958,419.08301259085556,426.75239189654843,1135099,0.011397665123989195,0.055088798376009704,Consumer
2004-03-23,394.1268274308417,443.3931665836916,343.5514941258989,392.6308320071096,1784291,-0.08333415493687292,0.05047084882139302,Consumer
2004-03-24,436.0165156078359,502.76430333576377,370.61403826666054,437.18635072675113,1854150,0.10748972443356078,0.056387343184955425,Consumer
2004-03-25,466.82231005699236,506.32321347649093,423.41734749951553,462.5573659725595,1466809,0.056411047727740506,0.06615687497144024,Consumer
2004-03-26,451.71271251934206,465.5970737184024,442.5621693124887,456.3525394946197,1162757,-0.013504960052770288,0.06386483093730566,Consumer
2004-03-29,502.6985897694265,576.3672850914759,429.34753068681937,502.9757799212571,2055388,0.09727639394711812,0.05822654803802597,Consumer
2004-03-30,474.01223812640575,515.1712339358705,435.48734562417604,476.4483488577146,1589806,-0.05418269741234852,0.06505128161722008,Consumer
2004-03-31,456.08628848563706,489.5903182920162,420.35020695506745,453.67727067742226,1833548,-0.04897323255448594,0.06265540756284343,Consumer
2004-04-01,426.355710789746,463.61971911247383,395.41360068435966,432.2498508552267,1092583,-0.048382308203122656,0.060002639137942744,Consumer
2004-04-02,436.5453738102737,446.09487799796295,428.2405590738653,437.76682641561547,548192,0.012682629320478894,0.05771811262397477,Consumer
2004-04-05,395.53559072853545,455.142055561974,337.8279394678459,397.19264433375724,2072152,-0.09726499563861085,0.052813178117503676,Consumer
2004-04-06,386.81555276197184,408.16485950458946,361.71347206105435,382.8435543930893,1464441,-0.03679498163948776,0.06124097756228083,Consumer
2004-04-07,396.7036752449593,414.6939604517477,376.70013929747944,394.594787656006,1328475,0.03023295275443677,0.05747561628468688,Consumer
2004-04-08,353.64536826082974,407.31808026588607,300.5985630217053,354.189635013814,1699218,-0.10802692248591936,0.05366434466833124,Consumer
2004-04-09,389.3215931676519,442.63673159634396,334.9070098147675,388.0476960640406,1664307,0.09129579823696582,0.0644543397158949,Consumer
2004-04-12,355.46080052230025,403.2518013845814,307.08003013938855,354.77942085436194,1832622,-0.089632013416686,0.068364668820439,Consumer
2004-04-13,376.9544439353445,410.65062442584764,342.90339169781697,376.5647359623289,1166816,0.059593727275052744,0.07102159550947859,Consumer
2004-04-14,374.27469207028923,380.55287809529517,366.1307719709958,372.3771277329444,1019976,-0.011182848957411956,0.0683225107307218,Consumer
2004-04-15,357.83323147143125,384.2559810474529,328.31401312132044,354.48988692407204,1543207,-0.04922730712175566,0.062073591765422445,Consumer
2004-04-16,348.67398359688536,356.3846274044399,342.9589128219985,350.6373749326935,1274406,-0.010927248267719378,0.059548331636555575,Consumer
2004-04-19,342.7310354962535,355.7654748853422,328.8577676416524,341.8590442413139,1100143,-0.025354068816121105,0.05435727875605457,Consumer
2004-04-20,328.7494926580922,347.77786437484775,310.3270853407854,329.3233020271735,1222561,-0.03735855157950833,0.0505983727390578,Consumer
2004-04-21,329.5568270928579,334.3015193698951,326.5821384867737,331.3109970472935,687047,0.006017553193733863,0.048554149827695674,Consumer
2004-04-22,344.0096130502423,361.35588816902293,325.36052209728945,342.6376158930855,1470559,0.03361587285304001,0.04462550856133932,Consumer
2004-04-23,320.8616148921619,351.6178243710696,292.37507771038014,322.94621363473,1231062,-0.05918758712922766,0.043158462062929184,Consumer
2004-04-26,328.75259918093246,336.76659151084164,320.23595850965546,328.23739164068337,548073,0.01625131350013275,0.04599562858182096,Consumer
2004-04-27,341.9382187665542,356.02806669257063,323.4772536521155,337.37924529477215,1503947,0.02747055296878207,0.04280296785833197,Consumer
2004-04-28,328.05548343201906,347.1223376226991,305.69325575580484,324.5567613446065,1540141,-0.03874721432526845,0.04097401540057698,Consumer
2004-04-29,318.2042889139658,327.3679782878178,309.630925390661,318.779126930274,1349087,-0.01796196934274675,0.04084480313494752,Consumer
2004-04-30,329.3057035626303,342.8470362080896,314.16619824634626,327.6389943824532,1386456,0.02741390446417192,0.03851017016200475,Consumer
2004-05-03,311.34039543727096,335.0007217321169,288.10833224098263,311.7389207761488,1844020,-0.04974633024765788,0.03740527888441498,Consumer
2004-05-04,310.17334635746965,315.2237446941569,303.35220524446106,308.3732942275575,1483638,-0.010855001772389105,0.039881430725377004,Consumer
2004-05-05,302.0288710644294,310.7280600616185,294.8867871318332,303.55000581912276,1351963,-0.01576468260010065,0.037284010954888175,Consumer
2004-05-06,301.2245229600874,304.01860430487346,299.8207910132193,302.6084232646523,753964,-0.0031067234789382493,0.0353462411145749,Consumer
2004-05-07,299.0022609637809,303.62459292071975,295.9486653194182,300.55513833415665,1390651,-0.006808411491650018,0.03318031296356199,Consumer
2004-05-10,299.94478674569336,302.816001013654,298.59427141961834,301.4586693608283,1094265,0.0030016976140347152,0.03142769009558101,Consumer
2004-05-11,295.05576896561564,307.02708041961625,281.50920008895133,293.4138957442864,890129,-0.027048697711099863,0.02985818634947575,Consumer
2004-05-12,303.5257373195169,319.87390848300925,287.5578999511388,303.88706256902265,1664544,0.03507190199507202,0.030380155378865077,Consumer
2004-05-13,298.94407115010256,309.2617262949376,286.7250347191344,296.97472035279065,642377,-0.023009109151288832,0.031982320414691276,Consumer
2004-05-14,304.53127593179397,317.1397791120008,292.3858929002055,304.976634204267,1600083,0.02658814598364097,0.0315865148580335,Consumer
2004-05-17,292.2336725654439,310.5226853345686,274.9602364391745,293.1925703864594,1093896,-0.039405534561048054,0.0316892057762344,Consumer
2004-05-18,301.96496090908454,313.97293417517295,289.096915432167,301.06927057365533,1758000,0.026510743122728855,0.03370881239808242,Consumer
2004-05-19,300.59069635413215,301.72380115391684,300.19887476790814,301.33101455893893,1241197,0.0008690035785681146,0.03338338137111323,Consumer
2004-05-20,293.7482249751315,304.282345715032,284.75420292413435,295.2425696217604,985675,-0.02041208828129049,0.03149084623344197,Consumer
2004-05-21,305.0574280638624,325.01368596166554,287.17044989443576,307.0120962349135,1202426,0.039089859862237945,0.030916609118710102,Consumer
2004-05-24,302.9322240604477,308.14001545528475,299.54309682939027,304.7307665963498,1223532,-0.007458493928950448,0.033073735004179636,Consumer
2004-05-25,318.48184091679985,341.2970021783291,296.38715279002867,319.1555738100595,1610555,0.046250021797513176,0.031359877669636826,Consumer
2004-05-26,325.5725713314297,334.6089323728009,316.092362071584,325.1160522948329,1238106,0.01850352647832508,0.03475072976793776,Consumer
2004-05-27,314.39711262378887,329.9312764659136,299.50421201211776,315.0093732450737,1373579,-0.0315798078580366,0.033428246279808047,Consumer
2004-05-28,299.88745798964646,321.8783267202713,278.24467793163086,300.2121161860811,1188220,-0.048113115951568815,0.03381642735605547,Consumer
2004-05-31,295.74374727787085,301.53185450996165,291.77273879151284,297.53677075069476,1111266,-0.008951462254983828,0.03690625145266405,Consumer
2004-06-01,285.84849277307103,302.35177081792665,270.9573035481399,287.3807586727031,1662396,-0.03472979474888689,0.0346652047232549,Consumer
2004-06-02,285.73116083812715,287.88270146215933,284.22338938058095,286.371550738555,809028,-0.003517925621934203,0.0352457789146319,Consumer
2004-06-03,285.10622339970706,287.73353816352574,281.99481491961745,284.61762716473845,1181439,-0.006143475771917896,0.03310088088165492,Consumer
2004-06-04,297.7898227009713,316.27004213110763,278.2309386710884,296.63978941836746,800904,0.041371952120502764,0.03134000632254607,Consumer
2004-06-07,299.0261642593443,302.45065468435797,295.4900340819956,298.9132311812376,1076831,0.007634762069501634,0.03380092543669416,Consumer
2004-06-08,288.1012633866779,306.13982013673944,268.7426537723819,286.69303896850647,1325201,-0.041741241807400895,0.03198039222836787,Consumer
2004-06-09,303.81183635715536,327.0402540757417,278.6191170569979,301.68491783305996,1618592,0.050971061555963496,0.034344520375276584,Consumer
2004-06-10,334.03626521057953,384.1417049921664,283.754671408737,333.82902518674945,2171330,0.10124580696659877,0.037859532898168506,Consumer
2004-06-11,339.4461588234343,341.2644562213392,333.2286896100477,335.0232952349121,1588262,0.0035711061497103215,0.05276629984432933,Consumer
2004-06-14,361.9238578639251,404.61900608435224,319.5557540424174,362.2166293799757,1780848,0.0780423891212262,0.04826322450146914,Consumer
2004-06-15,358.7578411210733,363.4641433910007,354.99873201961884,359.69521239719535,1263677,-0.006985415918636987,0.05363826289493072,Consumer
2004-06-16,373.9548778209901,394.84770024875064,352.48650408989494,373.34526765747796,1738426,0.0372466014251089,0.04908125917742956,Consumer
2004-06-17,375.44657757404525,375.5431119551676,373.3132586550543,373.4092692058524,814232,0.00017141254688593543,0.047278667489807163,Consumer
2004-06-18,373.93669527561065,376.00088744451364,372.3829754432462,374.44505535851704,1114104,0.0027700229334616105,0.04345368024723088,Consumer
2004-06-21,406.6928620508111,450.81416136489986,358.86060456715273,402.5303177311701,1788968,0.07232534004752438,0.04014634249443718,Consumer
2004-06-22,437.7258708388257,489.5395404526799,384.02239704573293,435.58233617615815,1596106,0.07891342209918172,0.04662645466356012,Consumer
2004-06-23,435.04186596257966,435.62814035051105,434.90456617196503,435.49069890762286,1413477,-0.00021040088530464098,0.05266232284760106,Consumer
2004-06-24,413.7548040535725,446.16786985719534,380.9506886863017,413.3305162839596,1258254,-0.05222588432580638,0.04815249566163578,Consumer
2004-06-25,422.1874019596821,441.6747360392845,405.1861217434831,424.57721905724964,1945673,0.02684634064917392,0.04862161782373103,Consumer
2004-06-28,422.20256004844055,425.3893574000002,419.76098821194466,422.9435007483078,1300405,-0.003855292960509627,0.04581875464016116,Consumer
2004-06-29,384.1266620215289,440.0305198699855,327.97441687512224,383.8359686801857,2207984,-0.0970233057229152,0.04221037922113393,Consumer
2004-06-30,366.8921941615449,390.30847510278153,346.91128308161467,370.1501368024127,1274452,-0.03630659795600623,0.05419779671909079,Consumer
2004-07-01,372.6781744329859,380.9767905887181,366.1982272691779,374.46576172494156,1277424,0.011591676336948412,0.051455284409222465,Consumer
2004-07-02,405.3823490277231,452.7734514735646,357.4926077035695,404.8177000265624,1678807,0.07793646756698577,0.04731038024527243,Consumer
2004-07-05,396.70657921389545,408.2112899456204,386.3746225185229,397.8495649535169,1097574,-0.01736288605018191,0.05293138586589988,Consumer
2004-07-06,367.020380678922,411.99725007662175,321.7085226374273,366.6386072375643,2079616,-0.08169731485483284,0.048852899192848,Consumer
2004-07-07,378.51656158104925,405.59115544589423,355.17049652312,382.028482845172,1316973,0.041118526774475646,0.05486758875520874,Consumer
2004-07-08,403.15615458161193,445.7359997683,364.81957784529834,407.0309630891127,1709560,0.06339409068610749,0.05255446530280807,Consumer
2004-07-09,403.01737682198655,408.13831731512437,402.36008783062914,407.4737603199961,797220,0.0010872798199430306,0.05396664774375938,Consumer
2004-07-12,413.7767325145216,426.30251605364293,402.4708676518394,414.9642051774462,1651024,0.018215725171360612,0.04929600979359522,Consumer
2004-07-13,405.27052339853583,417.42325341384924,397.88764924981,409.95504070792293,799612,-0.012144767050601453,0.0457585965888812,Consumer
2004-07-14,387.5652293487263,419.1065340999338,358.85464025375796,390.20071023405126,1544458,-0.04938624850878096,0.04239343857761696,Consumer
2004-07-15,385.80114094199985,396.9305228511169,371.7263204611329,382.7682100253786,1363877,-0.01923163814729825,0.043630415294986666,Consumer
2004-07-16,371.17142304305776,391.1752366549853,349.35900860834647,369.2597975882018,1509343,-0.03592915540736027,0.040967900811790414,Consumer
2004-07-19,365.1720311929235,373.4923455920447,355.4065936259207,363.6932136961754,1398332,-0.015189762063541902,0.04045158524437201,Consumer
2004-07-20,376.04954075027774,400.17007849766753,354.1145478200772,378.1146288510455,1902663,0.03888670782832989,0.03799570935985021,Consumer
2004-07-21,372.25849397778165,382.3430817976255,361.2872047758484,371.34710274972156,1134624,-0.018060188431761694,0.038493707936043925,Consumer
2004-07-22,370.3890814991839,372.47869481403455,369.7125373059118,371.7995742470897,702200,0.001217718028716828,0.03652859156141901,Consumer
2004-07-23,372.92186782710365,377.805159054165,369.3261849408956,374.1971797125418,1184677,0.0064279467924634424,0.03417152069704239,Consumer
2004-07-26,360.1174844299983,379.41740942428305,344.1140166608663,363.2736815961286,1409813,-0.029626382983435902,0.032254488623968736,Consumer
2004-07-27,368.5616794729598,380.8177270176629,358.0435200644427,370.2513472012642,1304810,0.01902559778426223,0.03261809335962429,Consumer
2004-07-28,376.6542734760536,385.6100081128295,367.2229531500368,376.167104332488,1268374,0.015851379310661537,0.031708800311443686,Consumer
2004-07-29,385.09944071334957,397.94498124469214,371.7961231284919,384.62586693160046,1308396,0.022237616527561142,0.03069280612228832,Consumer
2004-07-30,371.41124095796937,390.2937259784127,353.91252482186167,372.7327481838843,1370319,-0.031409417569904154,0.030460062646887855,Consumer
2004-08-02,366.8895844745162,375.32451746262547,359.0125488849337,367.43575570153183,938012,-0.014313181082104004,0.03146800057159585,Consumer
2004-08-03,360.7248833779789,370.49736450492435,351.3888610542351,361.15033105012805,703047,-0.017254187801549994,0.030379567490050455,Consumer
2004-08-04,366.1407962054872,371.574092696467,359.32836697411716,364.74088974377173,981162,0.009892909225609195,0.029715156843094368,Consumer
2004-08-05,376.11989561093935,397.79104549255993,356.24067019217694,377.8218651510747,1670516,0.03523561795186288,0.02865436938600604,Consumer
2004-08-06,385.02759479695993,388.47579357991253,376.68046130671405,380.08439013989494,889057,0.005970479050591942,0.03070978058852245,Consumer
2004-08-09,382.65302852814375,389.3148498772506,377.1201805890882,383.7659105794318,1498367,0.009639451455255979,0.02932267880071986,Consumer
2004-08-10,375.4173189231104,390.75367859207057,358.19913059475346,373.4553405073487,1773925,-0.0272343316729104,0.0283159574673696,Consumer
2004-08-11,395.3963735460831,431.8430880860222,360.0387584308227,396.39607633302035,1180326,0.05961547699280131,0.029200874663023724,Consumer
2004-08-12,386.3552995899557,403.7024040638147,367.4335334746861,384.7066129800863,1169043,-0.029932904578194853,0.0362664256500469,Consumer
2004-08-13,388.6842173284736,395.95958532994644,381.9256369832473,389.19217247868704,990042,0.01159223871017938,0.035869202946502754,Consumer
2004-08-16,400.01037090414565,415.5350976491371,383.8927013034655,399.3934862551812,1582090,0.025873873736324732,0.03390334461024441,Consumer
2004-08-17,410.39568819777804,423.3132772351969,395.0250256734517,407.86289259473534,951692,0.020983958342163968,0.03346592329411042,Consumer
2004-08-18,430.4449643448236,461.6570403280268,397.02423136945623,428.06363427919814,1021714,0.04834079238710712,0.03258870039902906,Consumer
2004-08-19,412.4635273012759,434.8818956907544,391.34018944831814,413.695466979306,1117931,-0.03414174661077149,0.03605750332801968,Consumer
2004-08-20,439.28340618185007,478.8765909267705,399.71043086854945,439.3019454940573,1802210,0.06005686345292782,0.03626242774891443,Consumer
2004-08-23,464.3788841737671,496.9610682861045,428.0398778026001,460.33858250322106,1924724,0.046775288057162426,0.04114601997966187,Consumer
2004-08-24,478.4080120790317,500.9802693864263,452.6347715609665,475.0485213008622,2048839,0.03145468127272326,0.042220671525426565,Consumer
2004-08-25,480.013877170287,487.3474310211409,472.57971535542833,479.91170829103896,767605,0.0101851969976169,0.04092038158841708,Consumer
2004-08-26,511.7226563061473,563.4305973249506,461.04869492299116,512.6634706515352,2116080,0.06601748135594185,0.03814633454416519,Consumer
2004-08-27,501.4094175409319,517.2244789296564,487.5191996002507,503.2823756524563,1179738,-0.01846823168819225,0.04379338360998858,Consumer
2004-08-30,504.7450115733117,505.7260776859498,501.65369273495594,502.63064918977324,1279825,-0.0012957910630030651,0.04105422871839885,Consumer
2004-08-31,513.6603201092465,530.3186628986413,496.9591638467164,513.6160716287188,1336603,0.021620439471039053,0.0380606308106149,Consumer
2004-09-01,506.8581409489949,516.8999009085131,496.8761613860183,506.91676677824796,1237244,-0.013129221974268482,0.03645553187925904,Consumer
2004-09-02,501.4318895958787,509.4568053887084,493.7377443817345,501.75766141847834,1222044,-0.0102295650699376,0.034482765465188255,Consumer
2004-09-03,511.4337265296662,522.7055078300597,497.96223081969237,509.1844387769225,1436746,0.014693049122745171,0.03266413157470679,Consumer
2004-09-06,511.2106270992067,522.6909245580297,503.1427244098498,514.5700043311502,1610945,0.010521302781643531,0.03139966953810686,Consumer
2004-09-07,535.8670119992901,563.6003006350959,505.06793200286705,532.6338936678544,1273596,0.03450270062632955,0.030089135406576675,Consumer
2004-09-08,534.0135037778164,536.1380171301333,531.910008324544,534.03443921155,1599385,0.002626020301473562,0.03166781186297473,Consumer
2004-09-09,526.6712247179644,536.0811120049432,520.5205239123627,529.8927883464589,1088391,-0.007785629841330787,0.030055193294081028,Consumer
2004-09-10,520.1141335285893,539.3433599009458,497.8781303186982,516.9919249987955,1453566,-0.024647444516200576,0.02883997434048081,Consumer
2004-09-13,500.1036832402365,527.2371603878785,471.57291756659936,498.62623470458243,1602014,-0.03617046898733834,0.02926635908589504,Consumer
2004-09-14,475.2877109277881,510.7417160207836,439.04560317472897,474.43608108608055,1716808,-0.049729885397608004,0.03132828184452894,Consumer
2004-09-15,480.3273260684356,482.54833489663963,473.70030857843193,475.9008496073576,1407881,0.003082632346270219,0.03544189921425032,Consumer
2004-09-16,467.3248348043659,485.41060296610357,445.83088766398157,463.7794470666455,1662331,-0.025800423766349306,0.033261508824131876,Consumer
2004-09-17,461.57646116046277,464.9302351869065,458.1848616349794,461.53835881311386,449768,-0.004843941446540167,0.03293799713681332,Consumer
2004-09-20,481.00279386155813,508.97512667395586,451.8819271816139,479.7833438540353,1652694,0.03876946685739871,0.031168074846201276,Consumer
2004-09-21,502.64616176040965,532.2606952711725,469.60343992018636,499.003348885568,1092735,0.039278171888079125,0.033205720075850854,Consumer
2004-09-22,528.0403380772294,568.5034275061062,484.91553514976044,525.1577341420424,1660260,0.05108585652908794,0.03483550049353439,Consumer
2004-09-23,501.9934808922561,540.0867955687444,461.3659343219449,499.25114971323114,1309566,-0.050589388277553236,0.038239696472443546,Consumer
2004-09-24,478.91572545464464,506.6901518991857,456.08290012149155,483.63245154673206,1123461,-0.031784054576585376,0.040665863325254084,Consumer
2004-09-27,500.96312995910813,529.6794558976217,473.180714573851,501.8479690995616,1039655,0.03697200282653524,0.039680018533132015,Consumer
2004-09-28,483.5088044687479,513.3566429470027,451.88302651889893,481.61388854524233,1309056,-0.04115449150376201,0.039555561500028785,Consumer
2004-09-29,549.2128398699299,631.5947658504193,464.9015659050287,546.9430187117985,2131291,0.12720189453045055,0.04007203241795992,Consumer
2004-09-30,636.7842924444931,733.6838463490393,541.2666485778191,637.9859533469908,2369442,0.15397163995421725,0.061738663101052034,Consumer
2004-10-01,585.197986695862,668.1183422456658,498.2265499698242,580.4781178399378,1627297,-0.09446416134362512,0.08188662835733823,Consumer
2004-10-04,577.3568973883159,584.6512493001135,574.8721923393058,582.14593421934,597806,0.0028690573199463168,0.08247943737525996,Consumer
2004-10-05,578.0807108734522,587.8797893810887,565.8472065850389,575.6043074393638,442234,-0.011300704005882485,0.07445482385498817,Consumer
2004-10-06,622.1704901380754,689.7596854211906,551.610799867402,618.8379682165687,2201519,0.07242301625729149,0.06748312769038005,Consumer
2004-10-07,594.7538604864876,631.980646130837,556.3952679325547,593.5464814027173,1752367,-0.041727946206070565,0.0673048438886199,Consumer
2004-10-08,585.631877249978,598.8288477646091,571.520358344884,584.6962447711741,1411040,-0.015023055753729158,0.0631279401919919,Consumer
2004-10-11,555.8724500873136,597.8101221193909,514.4769250898273,556.3770219260815,1341373,-0.04964631123678829,0.057636475403462284,Consumer
2004-10-12,585.2354638217485,629.3167555093556,540.9630548500766,585.0287785218035,1425903,0.050214878640179206,0.055922125053149925,Consumer
2004-10-13,590.7838589023169,612.538920980353,574.3609627000505,595.9718076626234,1388614,0.018532323290822685,0.054589901647606034,Consumer
2004-10-14,595.4042705785363,599.8225683398583,588.6300643795731,593.0307490240791,1192996,-0.004947112384698369,0.050354373598522455,Consumer
2004-10-15,583.5051814353728,597.2124694459999,570.7955224308831,584.4815437375959,877539,-0.01452104672344126,0.04617490054717699,Consumer
2004-10-18,555.3515321635642,600.219697479208,509.08773857659753,553.8332372510469,1441349,-0.05386157861831443,0.042864044047721435,Consumer
2004-10-19,573.323713914766,601.5463796544184,544.1374680049094,572.3102442770069,1425521,0.03281760380122482,0.044777466044747694,Consumer
2004-10-20,561.9240434839923,581.3369001069655,539.9582578602559,559.2797621832938,1536164,-0.02303141245758814,0.043192203465428236,Consumer
2004-10-21,579.0473079805683,604.6519185668996,550.5417886997006,576.012190924769,685787,0.02947900828762724,0.04089034172182831,Consumer
2004-10-22,585.0500937329404,611.2150325867256,564.0051888239186,589.9923492308598,1424501,0.023980744138499,0.03959757349062709,Consumer
2004-10-25,585.532519068744,590.2607010920418,584.7320908587126,589.454910937114,1066047,-0.000911339318158367,0.03795570674472963,Consumer
2004-10-26,640.3114338136651,727.9251406274645,556.1975627983127,643.4048995764948,1879645,0.08757599981660391,0.03539255741672894,Consumer
2004-10-27,644.6830315426433,654.244393939641,638.2012788625091,647.7319865481039,633651,0.0067027798809638885,0.04746092980524966,Consumer
2004-10-28,595.9530545997078,668.2631889433565,529.9437232324176,601.6255563306128,1981703,-0.07384175745367232,0.04368948357560394,Consumer
2004-10-29,632.5754132586885,678.9760504726207,585.4349663158333,631.7770414007863,1492170,0.048901296974644244,0.04944600642781395,Consumer
2004-11-01,620.7227428797536,640.3066801531991,599.1095223816438,618.6273495404016,947691,-0.021033478041622523,0.04913884988680431,Consumer
2004-11-02,655.9431232201204,725.6505490302262,591.3521871384916,660.6009547398035,2036003,0.06564688694810661,0.04580461040482085,Consumer
2004-11-03,673.5772631636373,693.6713474452912,653.6621517681264,673.7510964619562,1349235,0.019710791406442184,0.049243039430629805,Consumer
2004-11-04,677.6862336441798,690.718419393593,667.527963038039,680.517706044152,1450977,0.0099930912978373,0.0458058821612846,Consumer
2004-11-05,644.1975034322513,701.1323574192884,584.8760477691978,641.579521779869,1897012,-0.05892070230396837,0.04234999827050563,Consumer
2004-11-08,698.9866937892722,786.8743050507195,609.9545046377473,697.6775039409415,1857562,0.08382382863875934,0.045338342016536,Consumer
2004-11-09,777.8643868688674,894.5440448991975,659.4667329365047,775.8432152194174,2546051,0.10619349027061549,0.05290006940067025,Consumer
2004-11-10,673.9639949435054,776.7648158468288,572.8693957019796,675.4476659537643,2389848,-0.13857477765977658,0.06348458458913375,Consumer
2004-11-11,672.1893819076048,675.7976884104764,671.980416164727,675.5876662316783,1299793,0.000207248878071403,0.07876978694196386,Consumer
2004-11-12,692.0468418636349,714.3155673660547,668.0264799980049,690.2369672445017,1325284,0.021452040676371693,0.07116003028892359,Consumer
2004-11-15,650.8881029782708,705.19552299588,604.2341816672266,658.0297103378248,1426132,-0.047784886626513055,0.06496174594292801,Consumer
2004-11-16,666.0277768304888,675.032375102928,655.0104825445064,663.9874965251914,895185,0.009013235969717292,0.06179427204239181,Consumer
2004-11-17,750.1487071333221,864.7684784655268,637.6264010633238,751.9725899700234,2445694,0.1244365550128056,0.05627620642150794,Consumer
2004-11-18,685.1123329551938,779.0722729874549,596.5086088460727,689.855170529016,2006971,-0.08621819600194498,0.0704008349444464,Consumer
2004-11-19,699.2832617856516,704.6555608859746,688.0703977286757,693.3974788348334,1403601,0.0051217195223622345,0.07197262428850722,Consumer
2004-11-22,611.5513242013393,705.7357395027932,519.8186255711383,613.6832517415594,2039147,-0.12212447890341492,0.06517654270678645,Consumer
2004-11-23,658.6249015138848,721.5036329809105,591.5734804793186,654.0118005093864,1688194,0.06364647649215378,0.07573337195373148,Consumer
2004-11-24,604.409792761774,675.7582629560529,533.5258705635299,604.8255782959661,1787481,-0.07818527875968503,0.07277407503682706,Consumer
2004-11-25,598.4975116752488,606.208198208378,594.3549207779678,602.0410799680965,974022,-0.004614433996765793,0.07248305643515619,Consumer
2004-11-26,711.2616586783707,817.9509074801263,599.7773366039228,705.620396004615,2384928,0.15875172804674798,0.06562186164924161,Consumer
2004-11-29,666.5663602537851,724.5110786492039,608.0037617860728,665.8896540006122,1954156,-0.05795343804764597,0.08558796442680512,Consumer
2004-11-30,575.8628172878861,662.2422398810689,488.95741635317546,575.24401923903,1753959,-0.14632964007104898,0.08039919073604285,Consumer
2004-12-01,567.4056002932073,578.7150771797268,556.8756364531906,568.170910641863,1360849,-0.012372059580865706,0.09210362876296943,Consumer
2004-12-02,543.1130863154418,582.9976511950161,501.2931871895891,541.0243625830327,1608222,-0.048957962143951796,0.08312293861375683,Consumer
2004-12-03,586.6234731405473,656.6267134854221,515.916111795235,585.8239421106598,1610071,0.07955499401811693,0.07737616330383927,Consumer
2004-12-06,690.2987827843107,793.8436002019572,583.672589576729,686.6736347961519,2443260,0.1588398164737646,0.07641338939663202,Consumer
2004-12-07,620.9064360129532,714.0424014148962,527.1876102924796,620.2207179911525,1645083,-0.10178370937816617,0.09249712405192896,Consumer
2004-12-08,480.29803485408706,552.9578833522138,408.253329625974,480.83294204540334,3114859,-0.2545555155038268,0.09218765042303224,Consumer
2004-12-09,394.63440918772386,454.3990428277193,335.43924780956525,395.1296024588864,2625428,-0.19630607736694028,0.1289132533272984,Consumer
2004-12-10,438.19080374100054,505.27211023151153,372.46218317985046,439.36705237522744,2492314,0.10612135534741488,0.13847495408347982,Consumer
2004-12-13,390.84500381650645,451.82436395967653,332.21825324403045,392.89075126928395,2213639,-0.11180358729222324,0.13087976022232511,Consumer
2004-12-14,417.5801085112719,459.0547090624695,377.5001875688068,418.8526480053766,1464820,0.06398759603333802,0.12521427885187106,Consumer
2004-12-15,513.081552646721,590.0437855437291,435.7446018154091,512.6407080181284,3067803,0.2020560428954795,0.11513928247837116,Consumer
2004-12-16,520.5952556586747,528.0438977704414,510.1488618357849,517.5539897178039,797795,0.009538622094359277,0.12972910300427695,Consumer
2004-12-17,563.7437884263005,636.3924662279692,491.24984056996203,563.8808881935558,1925663,0.08572919039304064,0.11652192896512781,Consumer
2004-12-20,549.8731143122309,569.3827796025546,533.1036041147203,552.5321758607462,1009303,-0.02033136949965335,0.1098376622867601,Consumer
2004-12-21,521.8616657312292,566.042885495019,479.0413228670056,523.1193461156801,1498099,-0.054702035266024025,0.099062880702895,Consumer
2004-12-22,564.4020546846397,640.4410672502138,493.40502663546533,568.8806674149264,1748874,0.0838610555009927,0.0916493882459758,Consumer
2004-12-23,540.7526590003847,581.2185914627122,501.96027870795024,542.3141904163896,1062787,-0.047825168182121874,0.08873888542882637,Consumer
2004-12-24,571.1429471619279,612.7914073250088,527.8134568586378,569.3296921949329,1581061,0.0486141696167153,0.08211430348281312,Consumer
2004-12-27,501.09198546371925,580.3153686823869,425.92818764416137,504.6220597238147,2583754,-0.12064993771747418,0.0764768441575778,Consumer
2004-12-28,502.9597361479636,507.499421584853,497.06735255801954,501.5947174149139,1668894,-0.006017294706540765,0.0834411605535692,Consumer
2004-12-29,493.064512616688,503.83672250700107,486.33091935191106,497.0487184683762,1220176,-0.009104411414024793,0.07533507148041353,Consumer
2004-12-30,523.2782560312587,557.3073498073786,485.316039327575,519.0715698168042,1650832,0.04335372673321644,0.06821093711456094,Consumer
2004-12-31,572.9290995592783,662.1231910871574,486.9897346253865,575.7592965975282,2682268,0.10364791239194017,0.06406338577445021,Consumer
2005-01-03,570.2654803859131,578.3798988644105,562.3323359716745,570.4442672887214,2031685,-0.009274211967462427,0.07067338522378788,Consumer
2005-01-04,524.6152076622242,591.355109416356,457.3898376541662,524.0589775586116,1621160,-0.0848112429572096,0.06409901367676846,Consumer
2005-01-05,557.2926907178096,605.8230965450922,507.01951477058304,555.3836792240525,1332540,0.058054958236008224,0.06682730641930487,Consumer
2005-01-06,548.5216919527921,558.3366551133228,539.5790566492344,549.3800262508795,1029691,-0.01086877138407058,0.06463952222112591,Consumer
2005-01-07,534.6203519222647,556.0431568537374,514.1370576339847,535.5251946739332,1428252,-0.02554247977358257,0.0588246019543713,Consumer
2005-01-10,466.48901762792076,538.8295304841665,396.5156649837326,468.5474178123187,2688719,-0.1336106291223739,0.05446218667130214,Consumer
2005-01-11,477.4778678506718,486.4159922541338,465.550261611752,474.431356999168,1571468,0.012479635190487037,0.07176819528027224,Consumer
2005-01-12,449.30068258953094,485.8657094825186,413.0310960431857,449.57405507101987,1691325,-0.05381635350489792,0.06514522451571549,Consumer
2005-01-13,453.52897859400434,464.83495817957055,444.39069598068454,455.65386072021926,774492,0.013432853679529838,0.06268612452087785,Consumer
2005-01-14,495.0843381695745,562.8554541816375,429.9556630137227,497.41957682225035,1986480,0.0877004450011426,0.05719009004761185,Consumer
2005-01-17,478.90152853556134,503.87206473283896,459.20130092342976,483.9636022369883,1340309,-0.027424187003360453,0.06221149674885605,Consumer
2005-01-18,486.7192446258735,489.2899029102288,483.1055550601717,485.6706752161923,889529,0.0035210692991758546,0.05752416159411308,Consumer
2005-01-19,466.18366528067963,493.53199540273897,441.8920703391643,469.0890106177979,1261175,-0.03473823266185561,0.05243169864724914,Consumer
2005-01-20,456.53387681345083,472.8311352028146,445.23894868677445,461.41543434862274,588804,-0.016493742232250176,0.04980239090344097,Consumer
2005-01-21,455.2755534688328,464.43282825402173,446.11239751909034,455.26955158418673,882162,-0.013409131701183111,0.046098037286666546,Consumer
2005-01-24,447.6019941816098,457.8917273410683,439.6824009981666,449.9309274510309,1165529,-0.011795588173407388,0.04274334983705969,Consumer
2005-01-25,449.81080305843506,452.05729001306037,446.1957430792268,448.43536067153804,1254636,-0.0033295286808744007,0.03978021555105139,Consumer
2005-01-26,448.36263302729697,451.9891068309208,442.4162699267956,446.02382685670017,873134,-0.005392173710133173,0.03698155355871362,Consumer
2005-01-27,451.582906110631,465.6973106854063,439.79706186656443,453.85223920741515,1072001,0.01739930672690128,0.034618919299868975,Consumer
2005-01-28,450.0894218628458,454.11443852179525,449.30753566643733,453.3269281951827,1525337,-0.0011581197845417365,0.033229294906440485,Consumer
2005-01-31,458.8190436929879,470.72899903447797,448.3788877668641,460.2561427689916,1417360,0.01516960563521519,0.03136160101459515,Consumer
2005-02-01,481.1513289550147,513.4115808573016,448.9810799372282,481.2356912911123,1614064,0.044573986161700004,0.030353872155428823,Consumer
2005-02-02,471.6485676775323,485.96892712526886,457.2739892686499,471.5926509531641,800508,-0.020241567456679457,0.033691424431359494,Consumer
2005-02-03,472.1538694224666,472.2120783423498,471.57326785712576,471.6314123665215,844902,8.218919530678825e-05,0.03270394199690156,Consumer
2005-02-04,479.5460945344418,489.7458912478929,468.1919767405691,478.36668783937495,1233690,0.014179793252691671,0.030913415711773667,Consumer
2005-02-07,483.0994357172435,494.561567903542,473.3910673856688,484.81865022975234,1074638,0.013397336191821483,0.029911058110312815,Consumer
2005-02-08,489.1608362615221,490.56775506804286,482.4981623469965,483.8899210073056,708338,-0.0019174590471759856,0.029028613648920808,Consumer
2005-02-09,476.47356325008775,493.7469423312341,455.21192853202785,472.335284477592,897279,-0.024168363036866543,0.02783307071960061,Consumer
2005-02-10,471.2902600694321,476.1077911474379,469.03751532242774,473.84284516659505,1030380,0.00318663456171361,0.028414086758650148,Consumer
2005-02-11,454.56019169848065,481.79882227372434,429.9196800412453,457.02471527942504,1549005,-0.03613824543260186,0.0273388269140606,Consumer
2005-02-14,465.87596648814446,484.00448126282447,449.678168139207,467.7418103619785,1385914,0.02317898541542338,0.029896907583755496,Consumer
2005-02-15,467.4242869223998,473.84819753510715,457.1062198852125,463.4758665231635,1400068,-0.009162140682367318,0.02992741003145035,Consumer
2005-02-16,463.03180333444686,469.6106235309068,452.5834573136515,459.10650634509716,1390407,-0.00947209262817176,0.02879429839803303,Consumer
2005-02-17,478.7974679987065,510.8155624384293,447.55090667733026,479.52173508606745,1503982,0.04350699883186051,0.02787018796135889,Consumer
2005-02-18,443.1978381439799,493.99254085099625,396.874161058664,447.2457682720271,1877909,-0.06968096125996426,0.031706887953637235,Consumer
2005-02-21,495.29812896836773,572.286681675135,421.0034096231126,497.640592760987,1959553,0.10676985450689139,0.0404051586963905,Consumer
2005-02-22,457.6313850715871,515.0868557938013,400.4115608691355,457.8408421754721,1818873,-0.08335649763692193,0.05582142737460064,Consumer
2005-02-23,487.68554137453606,523.0924359435179,445.6574156109666,480.54596327925026,1384384,0.0484012634715229,0.06029155212842324,Consumer
2005-02-24,478.8470026006629,480.9321708291266,477.68874421466927,479.7716757986931,1057106,-0.001612565711250877,0.057960843267584265,Consumer
2005-02-25,498.9606356984195,526.3709212244756,470.3288682292087,497.66815143533324,1662899,0.036623177013671765,0.05280111302858625,Consumer
2005-02-28,492.2210023496928,501.2167481403545,482.6562560112149,491.6414092589302,1522675,-0.01218388453928779,0.050314556480528,Consumer
2005-03-01,515.2185204073511,543.8636497502606,481.8397440043434,510.2061981570549,1099803,0.037065346331444836,0.04634124223017547,Consumer
2005-03-02,538.6742953394015,594.5499782891027,487.87449060006253,543.3127436068152,1223639,0.06287015509354206,0.04498982740519385,Consumer
2005-03-03,575.0003488371907,619.9966921046662,527.6159584523672,572.409561010901,1480540,0.052169641703662215,0.04808498847023061,Consumer
2005-03-04,538.5717859689195,587.7775407412963,489.4199963065537,538.6212379338971,1134754,-0.06084213957840256,0.04855907351123003,Consumer
2005-03-07,546.4202689592713,562.4049668290285,532.1439333267826,548.0851332468798,708982,0.017418016184599497,0.050414797316729404,Consumer
2005-03-08,546.5323753138944,548.5787461340865,546.2371317201042,548.2825570703208,1459789,0.00036014163372059224,0.046677934015555686,Consumer
2005-03-09,591.9637389191909,672.4620391953815,516.8113932648092,596.7074579797817,2347935,0.08463620400307519,0.042931143409742856,Consumer
2005-03-10,598.0229634814806,598.4585040134621,596.562456454149,596.9972499582723,891783,0.00048553378780629797,0.05146804361719853,Consumer
2005-03-11,619.1989741857204,651.2920950891208,585.9557932051702,617.9860480736029,1463446,0.034553374323231655,0.04710841721480723,Consumer
2005-03-14,588.2013979508981,632.7601621417664,543.0414994988661,587.5509927199339,1519124,-0.050502842899383955,0.04532607119038315,Consumer
2005-03-15,580.5309552973043,594.1312931972391,564.8942621831907,578.4457490982832,1267775,-0.015618274702761545,0.04611011553642567,Consumer
2005-03-16,577.3353126788121,580.1154943840318,573.8151065467545,576.5917073904309,804251,-0.003210360477599115,0.04286611458401213,Consumer
2005-03-17,571.7887591411223,581.5540168424378,560.3282791715561,570.0640820862513,699075,-0.01138562396829172,0.039642767130753445,Consumer
2005-03-18,543.8163408509619,578.4967861207189,518.0898245153797,552.3658166415566,350200,-0.031538241134038504,0.03710369326089544,Consumer
2005-03-21,581.688273282138,631.0388821283312,534.1071638068611,583.3239750369761,1926132,0.054532197238913546,0.03674978014836562,Consumer
2005-03-22,594.8222018658448,609.6105465459415,578.3280092735395,593.0728622391697,1620374,0.016574526677841386,0.040329903956222504,Consumer
2005-03-23,584.9723978392199,599.4635092221489,568.9076391265731,583.3587774213856,1415643,-0.016514866269994436,0.037979048996567524,Consumer
2005-03-24,561.8479692173393,591.9742488551493,535.3141833585292,565.2784551505679,1325724,-0.03148394502018272,0.035983852647184844,Consumer
2005-03-25,542.4482931185149,578.2490744888177,505.2443589257141,540.9459905592421,1207257,-0.0439990094594827,0.0358407022834728,Consumer
2005-03-28,562.022471937541,595.4962945467664,529.0664067920682,562.5115506378736,1095909,0.03909222707988714,0.03765676137362815,Consumer
2005-03-29,581.641001374533,633.3224853962633,539.3838644141571,590.4270296141698,1102481,0.04843438577004707,0.03825775312835449,Consumer
2005-03-30,619.6235654751728,660.2181902283003,576.3776139934104,616.786359240217,1228876,0.04367665253014983,0.04028409113139274,Consumer
2005-03-31,606.1762943022278,621.826315949373,590.8016824391586,606.444891581501,1170038,-0.016908845394300077,0.04104136809442152,Consumer
2005-04-01,605.8615691274051,610.8976450854644,598.080501746034,603.0935693839251,424429,-0.005541503444219157,0.038605718150744095,Consumer
2005-04-04,584.6814820891786,611.7184292666702,558.0021403715375,585.0234819068421,1355832,-0.03042037135879042,0.03601287850493345,Consumer
2005-04-05,592.8819594047549,604.1068117099303,581.2375692834039,592.4543253236742,1024481,0.012621795538575611,0.03572606588486739,Consumer
2005-04-06,577.7874136939873,597.3268283322259,563.0344766927257,582.4547186822941,1241487,-0.01702233572603143,0.03383752185489578,Consumer
2005-04-07,596.0432115934335,611.3397029074997,577.2999250268772,592.5056299932982,839041,0.0171089288120272,0.03254913662848676,Consumer
2005-04-08,579.5330216270522,598.7508358799297,560.373856102912,579.5897934969867,569425,-0.022039774334573024,0.03148752694277801,Consumer
2005-04-11,605.6243399985367,644.0460940261659,566.2703514118723,604.6289567730299,1151955,0.04229437457079092,0.031081091201654625,Consumer
2005-04-12,634.3830130715362,677.0183927152856,589.8377023798895,632.3354716121721,1447448,0.04480508753149907,0.03378090440291102,Consumer
2005-04-13,620.2839487338596,639.1641948149928,600.7729574759804,619.6334021756142,1395851,-0.02029204648362745,0.03624974458018545,Consumer
2005-04-14,600.3117019015706,626.4762475390737,579.4715784370401,605.4574855985207,1298314,-0.023143669528698153,0.03482815324241298,Consumer
2005-04-15,595.3900527470432,608.6145910848034,585.8747175206189,599.0409090297196,1424936,-0.010654455492408729,0.0339226269989463,Consumer
2005-04-18,604.4993322378468,607.0657892716828,598.188341169669,600.7388326596599,906282,0.0028303941206298264,0.03221216092229253,Consumer
2005-04-19,602.3268517954267,604.9793061773008,599.7815857404426,602.4335890801841,968969,0.002817148250319798,0.03051721348122483,Consumer
2005-04-20,621.4186431329589,661.3376274568183,586.0546706415894,625.7283937339392,1586920,0.037938967427902995,0.029090044750164315,Consumer
2005-04-21,655.6584682992831,697.4814043311974,611.2637456946078,652.9114561821112,1196364,0.04252512352495466,0.03151014678286302,Consumer
2005-04-22,656.2268774576321,662.4391083865121,650.5079102783122,656.7158795909024,892457,0.005809949145917771,0.03414043643312071,Consumer
2005-04-25,671.8407098574498,694.6071316377916,648.958303110853,671.7206566932852,1337375,0.022591090860582443,0.03221053936581763,Consumer
2005-04-26,651.6256380061992,685.5827760212421,614.9760357781115,648.7851520324783,1142375,-0.03474094739319216,0.031726466631665326,Consumer
2005-04-27,677.6630689799964,732.8516138425045,627.0416061220333,681.9127031163588,1738582,0.04980003109230222,0.032958989089634114,Consumer
2005-04-28,688.1399429745736,694.0641948940421,679.9332848003736,685.837716669068,1146731,0.0057393867627758815,0.036620246230297755,Consumer
2005-04-29,674.3503004809047,688.2611461930765,667.0982326608514,680.9382307481936,1146936,-0.007169436829178631,0.03431872712144229,Consumer
2005-05-02,659.9620145996073,690.340522097421,630.9526225946245,661.2734829859677,1519354,-0.02930410272433889,0.032402625644474436,Consumer
2005-05-03,681.2823681636185,706.643121278698,652.6549704657893,677.8894210397158,1406206,0.024816683263004815,0.03269179842707576,Consumer
2005-05-04,670.3675485645043,681.6870164460513,658.9828777843603,670.3012257747521,669855,-0.011256976769222642,0.03236329885446921,Consumer
2005-05-05,665.5823301450387,671.7251410785317,661.304082232424,667.4349846238812,1149425,-0.004285217839925138,0.03093403334666162,Consumer
2005-05-06,655.0114347945133,680.829682715695,624.4991557837113,650.1247893203923,1251303,-0.026277656185021297,0.02946669304595004,Consumer
2005-05-09,638.4647377197828,656.1327501216308,620.5791408519713,638.2409607516906,610639,-0.018448434562935868,0.029970086443621088,Consumer
2005-05-10,654.2336507514613,693.8154471918297,620.9696112187941,660.2457279186987,1497194,0.033896187286667046,0.029489262042715406,Consumer
2005-05-11,653.8744853007548,662.593149106047,646.7985088040259,655.4995863945278,916199,-0.007214408530279616,0.031113276708586476,Consumer
2005-05-12,616.9426763839977,670.8475873662945,568.7340766096826,622.2261323557967,1461859,-0.052094088715960454,0.02970245686138306,Consumer
2005-05-13,611.4347196728193,628.4113227873275,593.855201908081,610.8145869168156,853951,-0.018510128793026975,0.034826108980961556,Consumer
2005-05-16,603.027626022515,613.1626781595523,595.9633153395702,606.0628110787047,1332519,-0.007809825374601984,0.03349149180901346,Consumer
2005-05-17,624.8645928466813,647.732107877942,598.303737616897,621.030957095874,1280480,0.02439730174402925,0.03172527422626697,Consumer
2005-05-18,601.6939359627949,632.4205809466999,569.5914504977691,600.2440545292662,1078084,-0.034044601025423525,0.03153535586677045,Consumer
2005-05-19,580.6529352338166,610.7799681066218,549.7520084878081,579.836690717241,1324000,-0.03458983389756291,0.03270226543470839,Consumer
2005-05-20,540.5489167090011,595.9780037197905,489.1173172441599,544.199100293566,1725789,-0.06343132308045908,0.03369004338092855,Consumer
2005-05-23,546.672084567218,547.8336703676808,542.2740643389261,543.4287586198233,880094,-0.001416554010170305,0.04014405473501294,Consumer
2005-05-24,543.0573387025395,546.6396841551245,537.4750770716545,541.0441422226194,1158379,-0.004397749798261178,0.03727649525161575,Consumer
2005-05-25,514.7244560501881,551.5236624540244,482.13000047814046,518.6788015675102,1239179,-0.042216057140119743,0.03485011777725006,Consumer
2005-05-26,479.5862218299753,543.0319658874449,412.0682090399286,474.8930855453559,2175190,-0.08819511649768598,0.036591718862868945,Consumer
2005-05-27,483.01982358015584,490.686439717432,472.32704098014574,479.9448503432716,1078736,0.0105815065455643,0.048352041296903396,Consumer
2005-05-30,474.99283928266175,484.0281025699094,464.88255432802913,473.8969721471383,1084879,-0.012681262452844257,0.04457724935634807,Consumer
2005-05-31,488.63675618722954,516.6016068967145,462.9489429562454,490.80006759284646,1099155,0.035046910826524634,0.041398394784727045,Consumer
2005-06-01,464.99133203220566,502.0156881331943,429.6330061600388,466.5396285146104,1610988,-0.05069388529263725,0.040685434326968264,Consumer
2005-06-02,470.2563145950758,482.2656644237054,460.8465608926601,472.80491366127194,1371593,0.013339893458624729,0.04254085276541477,Consumer
2005-06-03,421.1297246757952,488.1723243583749,357.9602659744259,424.49767335510865,2086616,-0.10777633389278188,0.039679619917913495,Consumer
2005-06-06,432.91148158420737,444.843471846495,420.45277342287056,432.36983470887316,1100816,0.018374796033934958,0.055695049255470835,Consumer
2005-06-07,438.46417316659125,450.82505042329524,427.3854200139384,439.71469998453637,1440837,0.016844786614517104,0.05130492937962945,Consumer
2005-06-08,419.9178308326129,447.84426008567584,394.646073882195,422.42180726308015,1254067,-0.04012174937544179,0.04741643858760698,Consumer
2005-06-09,437.1647935613388,454.2387793355741,416.63164275723653,433.56503575149225,860606,0.026037451666899716,0.046261410858378586,Consumer
2005-06-10,383.85407737950436,441.43218898643,321.6331072602134,378.39189089436877,2367499,-0.13611140280466963,0.04374684949893063,Consumer
2005-06-13,380.3121463626082,380.8604049344786,377.48343904297894,378.02840537034206,1133126,-0.0009610676863100191,0.0664076544449804,Consumer
2005-06-14,363.7099110308791,385.6326487862765,341.2507081064971,363.1390361878805,903789,-0.040183558545803334,0.06023387587372898,Consumer
2005-06-15,353.5475696044177,366.5543556072807,343.1707499043883,356.10254591772673,1043893,-0.019567041028623094,0.05696229980283479,Consumer
2005-06-16,382.6478401945887,428.65561018995413,338.66438248116003,384.46345645706344,1399882,0.07663000300060345,0.05247087995502648,Consumer
2005-06-17,404.54831203037253,439.99575540517714,371.0094651082333,406.31079115694433,1597920,0.05526961951517788,0.0564214338579295,Consumer
2005-06-20,453.4105113642027,521.4220880688331,385.24677632407503,453.2315015577353,2051179,0.1092846736924005,0.05572173889130391,Consumer
2005-06-21,484.6083684483299,531.0606339771783,436.8285210868563,483.1400395545787,1641490,0.06390351268260082,0.06614681196901849,Consumer
2005-06-22,465.12282900028964,488.83533262243094,447.82906827261974,471.3114715910961,810989,-0.02478737464515945,0.06490662082490545,Consumer
2005-06-23,491.75255541493954,523.0286653268597,460.4508427026874,491.72521364184354,1763124,0.042400877660282506,0.059686327017134874,Consumer
2005-06-24,476.41326097430124,498.33599837382246,456.05793726393705,477.9164491588381,1014545,-0.0284841269513727,0.05674188285729888,Consumer
2005-06-27,443.4260332587112,493.5519716335115,393.1205249316447,443.223577188495,1534996,-0.07536159301312383,0.05289059310860893,Consumer
2005-06-28,459.9839893363745,481.4593191821097,435.8887097605741,457.2357313428015,1044273,0.03112474976461386,0.056478644873312084,Consumer
2005-06-29,446.1110883099024,467.43278058120075,421.72841362947776,442.8964642948794,1403476,-0.031863053590643904,0.052888395405486024,Consumer
2005-06-30,432.7369546474737,452.7489213591091,409.5902995060316,429.4502732869206,1200520,-0.030830071242606703,0.04990024070554836,Consumer
2005-07-01,432.6690542625027,443.01969579241717,424.548139120699,434.85770117956343,1272193,0.012512897269940832,0.04727156874804308,Consumer
2005-07-04,435.0564446926293,438.2772083783297,433.00894931930236,436.2242171464183,1029522,0.0031375168261574002,0.043716894437207963,Consumer
2005-07-05,412.4802001460212,449.0534965951021,374.72727198249856,411.1857979392881,1653647,-0.05911119521394988,0.04037833687959858,Consumer
2005-07-06,393.0673756050155,419.21504549939397,367.954043369324,394.03959737748517,1728020,-0.04259377025297795,0.043914098889458436,Consumer
2005-07-07,404.59493648913906,420.7290122935215,388.4980646716874,404.63071694512183,1501721,0.026523435936744992,0.04375948873870704,Consumer
2005-07-08,401.02985012011,405.56219921681503,398.234359474248,402.75468512650224,1332946,-0.004647186312980112,0.04168258847315045,Consumer
2005-07-11,396.25485721726847,404.15106973467334,392.07475570066634,399.93217609742464,982990,-0.007032681855237021,0.038641816682859834,Consumer
2005-07-12,435.7399440262615,486.00811016734764,382.07841390595934,431.90406208835003,1872694,0.07690851210717627,0.03608283233551578,Consumer
2005-07-13,403.65642211272524,443.40243139602563,367.1717471869049,406.6474142443653,1307361,-0.06025697916536817,0.04504236357767325,Consumer
2005-07-14,428.97762484366655,464.3527719247408,394.011704746938,429.3560097176044,1420872,0.05433992835014219,0.04762023880716042,Consumer
2005-07-15,430.03052609535,433.3578446166897,427.6327953751595,430.9549595126383,681723,0.003717148085527334,0.04854970532563074,Consumer
2005-07-18,447.3241562704829,471.7321009415783,422.5341912306996,446.9200881964425,1914289,0.03637622266977351,0.044583984660951106,Consumer
2005-07-19,418.88958471793774,457.6450234596209,385.2388840040447,423.61473662461145,1314992,-0.053555402889844235,0.04345882864225036,Consumer
2005-07-20,456.19087839281605,518.382761803476,398.9402603065393,460.5811744326962,1565960,0.08366471258401545,0.045179232025004755,Consumer
2005-07-21,485.6702458320307,523.7677039901807,447.239290381167,485.3083612032123,1904551,0.0522953704838462,0.05275318023456272,Consumer
2005-07-22,498.2611515248001,507.7889617740327,482.13552768937643,491.5347141869637,1056540,0.012748080961259251,0.05231194209733201,Consumer
2005-07-25,444.09347817877006,510.44514991544855,381.80285365439323,447.65497343885426,1507536,-0.09350977903695867,0.04809998403352039,Consumer
2005-07-26,440.64255316693703,450.7549092064532,431.22211560528854,441.31998883916907,1080540,-0.014252576521783106,0.057118285929735835,Consumer
2005-07-27,433.54338710031845,444.62264058471004,423.5027515915551,434.55849569780275,1085089,-0.015439647345591584,0.0523494915034257,Consumer
2005-07-28,421.8230003580383,442.6673233582335,399.6982079586811,420.4759675248207,1518903,-0.032943237617836206,0.04825072864794092,Consumer
2005-07-29,437.11713187601003,470.27028382658114,407.175204790568,440.12249356618975,1738295,0.04566575699734899,0.046100919597743,Consumer
2005-08-01,449.3861823328506,460.69815456029596,436.30439943534276,447.57067153097074,1056429,0.01678136781853966,0.04596781520289158,Consumer
2005-08-02,445.8871880592867,450.060223242752,444.4017175903676,448.56582889808715,912451,0.00222099596594461,0.042809743908378155,Consumer
2005-08-03,462.7349803270776,486.07925704484063,440.11459516451777,463.42513432221875,1519421,0.03258940304098176,0.03958382576587119,Consumer
2005-08-04,493.0581576232979,530.6860945540456,450.40049226996916,487.61286981254995,1434549,0.05087694199825109,0.038894906972448344,Consumer
2005-08-05,464.4273155977576,495.29341479635957,440.9265500418965,471.43790233031956,973368,-0.0337344004348145,0.04121311095731963,Consumer
2005-08-08,452.56758191894085,489.6258888459177,409.83945196414174,446.3920805473783,1370921,-0.054589720824817965,0.04036728722280869,Consumer
2005-08-09,457.24553874138724,482.28526926067053,435.7336133266671,460.6148295961082,1446063,0.03136451292513248,0.04301883244746098,Consumer
2005-08-10,439.54076487708903,476.21660677231694,399.33694242262635,435.69160555589553,1330766,-0.05562751675677344,0.04156989122873426,Consumer
2005-08-11,396.5992335293976,452.2462138961486,341.831596679329,397.37187987898915,1654136,-0.09206209899883575,0.04412037826780052,Consumer
2005-08-12,401.8232256765746,412.9779565750213,392.4715929180781,403.58531471471224,1455403,0.015515334705952805,0.05411654768742883,Consumer
2005-08-15,380.04040557853216,418.6013184318775,338.9167220138522,377.1882389293208,1350160,-0.06764353173560476,0.04978945097648967,Consumer
2005-08-16,364.2260211943254,385.372862941129,341.79959211676356,362.8675621849408,1820060,-0.038706445112408325,0.052626406400989235,Consumer
2005-08-17,361.6561532696495,364.59845989662125,357.96858794494,360.9047816782342,1330888,-0.005423764350697895,0.05040197669270171,Consumer
2005-08-18,388.2876442127563,437.1627613788828,342.10066196774045,390.69001597921334,2065414,0.07930028667048078,0.04622445225835675,Consumer
2005-08-19,385.5087865723139,393.0253667119316,378.423242072212,385.9320428783977,1110362,-0.012253148301498429,0.0524656107290399,Consumer
2005-08-22,391.06019014218435,403.2501268058064,380.6794328658309,392.82258642920027,1036082,0.017696776673652465,0.04821445005215443,Consumer
2005-08-23,378.16236294082205,397.63551096820345,363.51754600413216,382.8106819834778,1136885,-0.025817511862370086,0.04479601478659597,Consumer
2005-08-24,377.3739987599564,390.54030279848484,360.9605272049193,374.00944439136845,1213738,-0.02325951457845121,0.04248915085552173,Consumer
2005-08-25,387.40819635166446,411.38374260461137,364.89083146999945,388.78627927311555,788008,0.038748732549143364,0.04031641235405755,Consumer
2005-08-26,371.17657431875944,403.25176437958703,335.30517346854606,367.0212845393337,1580024,-0.05760993963532852,0.0403181116274892,Consumer
2005-08-29,384.6611556785901,411.89902838146094,357.48665709327474,384.72034812840985,1609590,0.04709685946388522,0.04356920784089692,Consumer
2005-08-30,417.90810451380815,467.4906513813591,366.9841888157752,416.38616585447943,1577782,0.07909641112007149,0.04417394959940488,Consumer
2005-08-31,355.5967381765111,409.3944241463765,302.25722745003446,355.99515143163177,2368277,-0.15669600179159035,0.050985356685816316,Consumer
2005-09-01,328.64298058503255,366.8216142015017,293.97920520257617,331.82247963751695,1675893,-0.07031698515868655,0.07656794906306714,Consumer
2005-09-02,365.3918425609428,415.8076913964593,313.5977849082103,363.7930341781197,1308514,0.09198499248033581,0.07437602045854967,Consumer
2005-09-05,372.42156287356704,401.1355067785866,350.2045717465844,378.55275629849757,1000826,0.03977032721657074,0.07612239986785489,Consumer
2005-09-06,362.6701766197607,386.26679866422234,338.8992834160502,362.48377767695996,1564639,-0.043375723666044835,0.07051912966245572,Consumer
2005-09-07,377.0307551160091,397.99115196814296,355.2577311198991,376.1702919558209,1414373,0.03706222294020295,0.0660346585454423,Consumer
2005-09-08,407.9501804027076,447.3553454698893,362.43861974531404,401.19088349465073,1440826,0.06439538773792261,0.061599530507633914,Consumer
2005-09-09,404.35858725817474,406.37810757424364,397.8602659210955,399.85730512509565,1098546,-0.003329586460642315,0.061299401475841064,Consumer
2005-09-12,389.53176122755445,403.9079516057918,377.1775935921306,391.4916260142583,1029681,-0.021143620563813043,0.0557472530169596,Consumer
2005-09-13,398.3881833840582,423.65070512667216,379.25041103828175,404.2321979953739,987237,0.03202533465929819,0.051509832835406326,Consumer
2005-09-14,410.8642963567021,431.1140937108673,394.8091638863067,414.90121273845864,1073251,0.026050989929866805,0.04874888318711732,Consumer
2005-09-15,391.55591050161536,431.4874248051961,348.09934843204917,387.63054780637515,1671068,-0.06798776067922663,0.04585805273931582,Consumer
2005-09-16,363.34252545523185,401.2507486238611,323.86044440461393,361.58533669691286,1349666,-0.06955461309524026,0.04975659897098943,Consumer
2005-09-19,376.5297528316814,396.8237942271308,354.61239511760476,374.8139594044698,1524379,0.03593171808748832,0.05297406859353148,Consumer
2005-09-20,356.60393737174644,383.36961714195985,329.761064465932,356.5204801758057,1986091,-0.05003810851049047,0.050385164576386504,Consumer
2005-09-21,334.97410263963235,368.11448739214285,300.74376174951357,333.7644727756539,1857670,-0.06595611320668404,0.05006499468698449,Consumer
2005-09-22,325.4626289747162,343.18428917100965,304.3401215565867,321.8659395837854,1510185,-0.03630045074016804,0.052514134143163464,Consumer
2005-09-23,318.6848662518513,324.3206922896398,312.4681319740728,318.0934999130846,1005451,-0.011789757708658808,0.0500384435852659,Consumer
2005-09-26,334.60840842391764,361.8175139353123,308.1547597422131,335.30851579449535,1302371,0.05270568624043699,0.046086076283114,Consumer
2005-09-27,337.1486232049933,340.471868162381,334.04885303475766,337.37006206635544,1154185,0.006129384208006426,0.047072545565857285,Consumer
2005-09-28,333.15097045326314,339.2240679049177,327.53302107716513,333.598570614305,481807,-0.011242049149578472,0.04333930132633857,Consumer
2005-09-29,340.6128427234596,358.92819934128994,325.4599729494468,343.64063206939295,1419641,0.029658051357966116,0.04026901515962824,Consumer
2005-09-30,332.69361821260657,348.42468622908973,317.94134905198837,333.63085806691026,999491,-0.029561270696794248,0.03910517698583985,Consumer
2005-10-03,323.0875641827696,337.60186702034963,310.95204319090334,325.38023096570754,1126656,-0.025040726492754052,0.03813728100502786,Consumer
2005-10-04,323.59198742492214,326.2768785182984,323.05742681152446,325.7387715061644,1383188,0.001101305829915755,0.03684586081852213,Consumer
2005-10-05,358.41817158251956,406.2977630186635,308.51199798469463,356.0791260680812,2081576,0.08905722464673367,0.03444235617297363,Consumer
2005-10-06,345.6189190045725,364.74666519760274,324.1879584395139,343.18076897852046,985297,-0.03689563879222937,0.04731489309153723,Consumer
2005-10-07,331.26855772688043,347.9792007879291,316.51144619689046,333.13877612471657,836913,-0.029698183313364202,0.04577283594987181,Consumer
2005-10-10,327.3481878257806,334.64592849429556,322.8223380812684,330.08227777588957,887182,-0.009217198308163347,0.04368545893695326,Consumer
2005-10-11,338.9330691569107,347.6971025583392,327.1381390212352,335.82172005633436,985991,0.017238474099972742,0.04049047998880212,Consumer
2005-10-12,352.33427781638386,381.6318609385462,324.6823403753998,353.86016838645855,1758725,0.05232140646350366,0.03815963736951889,Consumer
2005-10-13,336.364696068618,365.4485273117048,305.1564527239156,334.0392104537225,1548161,-0.05764344788660328,0.04093355317446093,Consumer
2005-10-14,347.73799029377756,379.1497683903882,320.7092029484077,351.80487264902257,1526681,0.05181830017582159,0.044032484406713514,Consumer
2005-10-17,362.9035835088371,378.6093395895492,346.43189446831065,362.10300299281505,1686782,0.028852027176394977,0.04531951214861771,Consumer
2005-10-18,369.51166957071445,380.0671274220984,358.5222684120553,369.0649657368338,1014965,0.019043977444874616,0.04321981566294657,Consumer
2005-10-19,373.5680125665804,384.78409994998185,364.1490949283071,375.3209839527663,1435453,0.01680892960394037,0.04060496194173071,Consumer
2005-10-20,355.36609550192287,383.420803823737,330.0125835115464,357.8874092840257,1484887,-0.0475631793265044,0.03822814885128566,Consumer
2005-10-21,350.1332728024452,362.1781290063501,337.7406099325204,349.7730750544677,1423306,-0.022933850506881917,0.040105504557649246,Consumer
2005-10-24,338.63285578548715,355.03334622003166,322.32718250323535,338.7233170919637,1376948,-0.03210098686265879,0.038283879394853663,Consumer
2005-10-25,350.47034069529514,368.6482258066719,332.3976715704462,350.570397084,1121157,0.03437793354875565,0.03777691544911058,Consumer
2005-10-26,357.8130454967392,367.75870938531784,347.20059251410595,357.12719264285926,1124724,0.018530466331044337,0.03766898750884869,Consumer
2005-10-27,351.56211968781156,361.78648081755136,340.08297074433904,350.2697462175637,864530,-0.019388439116286807,0.035870166201459594,Consumer
2005-10-28,354.69065698865217,361.70393344827903,347.8150614698772,354.82571976906075,1093313,0.012923177578925147,0.03443431129500286,Consumer
2005-10-31,360.11965011556856,366.31269800397877,352.7447653507766,358.91713332327873,837731,0.011464796744494594,0.032766274022222826,Consumer
2005-11-01,359.42042031957226,362.3180720441698,354.1151614677666,356.9932452781695,848876,-0.005374674635015973,0.03128288997676528,Consumer
2005-11-02,347.27956676285584,361.5559262065212,333.2165043026541,347.4845624595117,1388449,-0.02699662137009616,0.029786379997468033,Consumer
2005-11-03,333.5526901838322,352.4390274471352,318.3812338683908,337.105952974238,1309652,-0.0303229579851986,0.030316750839971308,Consumer
2005-11-04,346.3280219845951,367.6962414832646,327.99763735179215,349.21315316796927,974255,0.03528520837511729,0.03119625894783121,Consumer
2005-11-07,351.19391638934985,352.19696725092405,348.87942116060816,349.87871565520686,1077889,0.0019040778987796146,0.03263927308295067,Consumer
2005-11-08,347.14808767403485,351.78792896810916,342.1401505002288,346.77500532614937,1065826,-0.008910397721353264,0.030867483616314365,Consumer
2005-11-09,348.3003835618706,355.670368997203,342.98318316126176,350.32230172259244,832381,0.010177422806205014,0.029566036494187944,Consumer
2005-11-10,370.9789251648183,397.76070342439317,341.05748938242783,367.5949727303711,1093703,0.04812812164945537,0.028545707232909154,Consumer
2005-11-11,342.01456347913364,378.268398584461,307.8430609045314,343.9077437847875,1690085,-0.06660827973131436,0.033156196029811465,Consumer
2005-11-14,340.26108967322114,344.1285975196267,339.60386265044184,343.46518167329447,1005449,-0.001287691604527327,0.04055818175718165,Consumer
2005-11-15,352.11467873615845,360.8414848957035,340.53302814758416,349.1872817333855,1175485,0.016522659020953158,0.03763271991776732,Consumer
2005-11-16,361.3031114071688,390.689397699852,336.46771914812325,365.561304149996,1564463,0.045825589788620114,0.0356921143377035,Consumer
2005-11-17,376.02450069841893,395.18898061700656,358.19648951295636,377.3004732335911,1388622,0.03160788929506681,0.03787003198622616,Consumer
2005-11-18,375.3559923535267,377.82637707811494,373.7775763782062,376.2442259762255,935594,-0.002803411530164687,0.037378740722014886,Consumer
2005-11-21,376.4822049234299,377.1396865858082,375.1501353211811,375.8064368344827,959775,-0.0011642545185935546,0.03491296426547036,Consumer
2005-11-22,384.5422335861966,390.70047419591947,373.7572194222665,379.8401587895415,467979,0.010676314280301268,0.03279230675523175,Consumer
2005-11-23,375.7592864410889,381.7153076731674,370.0805184625967,376.03241200767553,896877,-0.010075187641672199,0.031262851099270184,Consumer
2005-11-24,398.2981106680422,428.4832819876692,365.54448046220506,395.5190387790811,1743386,0.05052358273220561,0.029951946480760595,Consumer
2005-11-25,416.4982489569693,455.5099893063166,380.3161580189311,419.1017285453378,1280502,0.05791475478972358,0.034649533044527184,Consumer
2005-11-28,427.6620371094968,436.39280632024054,416.1714740638756,424.8447275795928,1209331,0.013610075952737024,0.039542255063616395,Consumer
2005-11-29,480.14096867734486,552.1621139789465,407.9512239176628,479.9426163737209,2566210,0.12194279223650147,0.037130271659776046,Consumer
2005-11-30,446.7003588080635,494.37647670118395,400.19837583112894,447.76378946099004,1554065,-0.06940070983453941,0.05859549765628924,Consumer
2005-12-01,443.6321472260316,449.4799212706449,438.45094075571694,444.2910197881377,792451,-0.0077860400074130295,0.059742904643993074,Consumer
2005-12-02,429.23912555704936,449.74145608475686,412.5940100813107,432.95234854998944,1764435,-0.025852125283527018,0.05444690153801734,Consumer
2005-12-05,423.9537417579073,440.9757610664481,404.59300440455183,421.51719476164976,1395543,-0.026767101583551202,0.0507131336728832,Consumer
2005-12-06,408.04027240090545,428.81495177180335,386.70542781983255,407.4500573932644,1240451,-0.03394220419904447,0.04759127231558953,Consumer
2005-12-07,387.38597555788255,418.6268602698432,354.98354816498613,386.12254288346986,1447818,-0.053763578933508624,0.045659110201324814,Consumer
2005-12-08,371.0065733806667,391.8818510768777,353.2988328517537,374.02981453346996,1138796,-0.031819275451209154,0.04691888573338375,Consumer
2005-12-09,346.5850296443334,388.60968668841434,303.15401573542016,344.98461711683694,1299385,-0.08083568427100794,0.04486619456011224,Consumer
2005-12-12,326.128284322025,353.51942631569216,299.0126485258264,326.3826421704784,1319802,-0.05542938591903739,0.05187043000765454,Consumer
2005-12-13,348.98125356094357,385.87644215373575,312.87060615871343,349.6922271427502,1537549,0.06898297455572651,0.05208930534041924,Consumer
2005-12-14,334.7725926768433,356.5019758070353,313.4480243270255,335.15316547666305,1035015,-0.042465778892484256,0.054629975301672476,Consumer
2005-12-15,346.42316284233107,357.74156567653347,331.34205952387595,342.53337445928463,1312591,0.021781458917348874,0.05251712785092955,Consumer
2005-12-16,372.43833941769617,416.1749089576196,326.927086296351,370.4275190734603,1547546,0.07828869893524781,0.04876067849255102,Consumer
2005-12-19,403.6410669080021,464.26337564639596,346.7566734463483,406.9172725473255,2048210,0.09395210766073818,0.05405044931163129,Consumer
2005-12-20,414.38377244072086,423.32028565910827,403.9072881140735,412.80985863867795,1181869,0.014377193015629484,0.06132870972648633,Consumer
2005-12-21,451.40987009615736,507.99553846992507,392.53306217921033,448.79036754528295,2079484,0.08356879504608386,0.05603547145535403,Consumer
2005-12-22,521.5998925435828,599.8398764251201,442.1683278402684,520.1980327532569,2256099,0.1476536800056954,0.06049413835072942,Consumer
2005-12-23,526.40858767478,528.4578787185212,519.5194857236645,521.5498619103419,906185,0.0025953110590302086,0.07935914567787003,Consumer
2005-12-26,496.50253833394373,533.6518762882647,459.04779508674426,496.17243395454796,1832871,-0.04988136694323027,0.07168897787038875,Consumer
2005-12-27,501.144314342845,511.8986038493538,491.70934580769455,502.4392556492424,1082067,0.012551232935131192,0.06771019312998337,Consumer
2005-12-28,524.301448113644,558.4945797421019,490.3975049615294,524.5730720343316,1365696,0.043109987297187805,0.06157407100548498,Consumer
2005-12-29,574.1495773016096,650.563582429555,496.95074531056935,573.2442612324104,1690762,0.08872717511126185,0.05841116012257726,Consumer
2005-12-30,619.528151080523,689.978582388688,548.0708759159411,618.3921222628696,1817447,0.07581084753538306,0.06332746356815475,Consumer
2006-01-02,626.4361164745512,636.4927158969878,615.0116916552578,625.0459741905892,1183629,0.010702447446179604,0.0645785320689913,Consumer
2006-01-03,763.222222032115,882.7311830821932,648.7388887272978,767.5923331149506,3332922,0.20543357022223782,0.05876640877703287,Consumer
2006-01-04,760.1812501955235,772.7666927951462,746.5981750038619,759.1668229029324,1084475,-0.01103722969259907,0.0958813611009863,Consumer
2006-01-05,803.1416832787187,871.2633025960732,735.1395636262953,803.2518547127818,2096145,0.05644676073824964,0.08644571354992255,Consumer
2006-01-06,820.2751617168607,843.9144429484465,795.2357825964312,818.8335174847542,1356785,0.019212480831520076,0.08097051705775622,Consumer
2006-01-09,783.258087462836,836.8211715851642,728.8407024084686,782.3410767788056,1739120,-0.04558998281637663,0.07348705749338139,Consumer
2006-01-10,819.8135779415563,874.544062063742,763.3409062692756,817.9467624016146,1542065,0.044506446827099914,0.0687898617181926,Consumer
2006-01-11,751.2485977151279,849.5314781156345,651.5589650412509,749.6301043629068,1969552,-0.087217361158856,0.06467425787392128,Consumer
2006-01-12,773.6914424033699,796.3138502293468,742.035710902227,764.3860325113641,940353,0.019493049025421347,0.06772915117112516,Consumer
2006-01-13,750.970420431159,774.2212512153864,725.5875731213372,748.7702854212321,1748433,-0.02064069826778547,0.061861031180663495,Consumer
2006-01-16,672.0158971881987,772.8182817664284,566.8620618047652,666.8965432997237,1635864,-0.11579731505640105,0.05679203735327059,Consumer
2006-01-17,638.27805226332,678.0780151363995,603.7318956851564,643.2621018929576,1722986,-0.036082661734086696,0.06849540956537845,Consumer
2006-01-18,600.9030488392938,665.4086214101014,534.5519711528542,598.8356087418005,1724805,-0.07156514704039403,0.06362853665530606,Consumer
2006-01-19,628.6138413536598,671.4277641826052,583.9725111424009,626.6528756075274,1265951,0.04540564229039752,0.06408672313477641,Consumer
2006-01-20,681.0209846053252,768.4977663053005,594.6106416010346,681.9673456729904,1882038,0.08458901654782187,0.0607859960722313,Consumer
2006-01-23,664.6476038390234,694.9850561989689,631.3328482449177,661.5279037114557,1073489,-0.030429611305515344,0.06425920255398294,Consumer
2006-01-24,647.5943576024981,668.3034722576391,626.8655823339967,647.5740475020092,1270141,-0.02131901903511484,0.05951714271476545,Consumer
2006-01-25,646.3383495659426,654.1210739444672,642.4302556692979,650.1896928466541,1639100,0.004031009351133452,0.05479057681241132,Consumer
2006-01-26,626.9228225251252,669.6249697218699,579.0044932670777,621.325376698959,964017,-0.04540925470937414,0.05004041567980561,Consumer
2006-01-27,623.5814697616677,625.7470121567109,620.6028060466559,622.7655148344271,859859,0.002315166501949736,0.049117559213740565,Consumer
2006-01-30,659.6141750825128,710.1962833701363,605.1696499212082,655.4309718345039,1354503,0.05112292427745968,0.045064750059020754,Consumer
2006-01-31,617.6410336152852,672.4785983002387,563.2817388836149,618.0806154664126,1059804,-0.058674096843906086,0.046007590311897884,Consumer
2006-02-01,595.5903101854996,627.5873360709318,566.2124423645381,598.0863495342852,871952,-0.03288375394803578,0.04805992237939178,Consumer
2006-02-02,591.0980881839998,600.4640463266578,583.9330869239452,593.2726856619944,919744,-0.008081006523601117,0.04593480273548341,Consumer
2006-02-03,589.4700264542853,595.6877828735226,582.901392589388,589.115408482266,944260,-0.0070320300611241265,0.042400475019077226,Consumer
2006-02-06,593.7014820074346,603.3404874004534,585.1657311340335,594.7890996563722,988632,0.009584784196641265,0.03931485269579166,Consumer
2006-02-07,584.3156101207412,600.3573472582228,567.9688083841338,584.0019338884896,1156374,-0.018302594077159524,0.03674651449059985,Consumer
2006-02-08,572.3494866718041,590.8117379411307,553.1399161082513,571.5772576203086,1253334,-0.021504636239749225,0.035078380867127876,Consumer
2006-02-09,565.9276164077963,573.9559908978225,558.740865374501,566.7586860578336,1299716,-0.008466042682175455,0.03396706714419155,Consumer
2006-02-10,561.0556761298909,568.7391819081332,555.0897393340724,562.7551736530298,1235898,-0.007088942089753562,0.03215214459576338,Consumer
2006-02-13,546.6461962869984,571.7075106899903,520.7922400271723,545.815469264215,1591984,-0.030563723023796847,0.030570349796465904,Consumer
2006-02-14,547.8230061799303,550.0943353155022,542.0521226961827,544.3088819200725,1110026,-0.0027640668731193255,0.03142862077953679,Consumer
2006-02-15,532.5103130463832,548.7883187615342,518.9043515914738,535.1157858951724,1085496,-0.017033737652982463,0.029855528351295457,Consumer
2006-02-16,519.3436623672625,542.1120169207533,497.8011766111619,520.5207070984453,1163895,-0.02765347536017031,0.029267802979940267,Consumer
2006-02-17,504.16399498610417,526.6794449811148,485.34526262844344,507.72769190177087,1226656,-0.024884406059420477,0.02999984396530109,Consumer
2006-02-20,501.0616426402176,509.3353396030903,496.2403980231474,504.48119188194767,1677725,-0.0064147059054662165,0.030213863706805993,Consumer
2006-02-21,503.4137257826441,504.4899673713522,503.4084716594413,504.48470207038224,1021489,6.957992248671826e-06,0.028921865704909185,Consumer
2006-02-22,478.3952718549877,515.9358090792896,442.2900565249583,479.72986963460636,1819180,-0.05031434248925681,0.027734084804519693,Consumer
2006-02-23,491.5175010483908,517.1264554083112,469.0820801064098,494.5525012368096,2121948,0.03043014188253989,0.03309189518559442,Consumer
2006-02-24,493.75814171480056,495.44028639546747,491.7495132694462,493.4305418767191,911177,-0.002271212750470415,0.03339098458908063,Consumer
2006-02-27,501.17759352557385,521.8127025027893,484.19118424210825,504.70668184915036,1016570,0.02259532948387059,0.03150777749328348,Consumer
2006-02-28,529.3847406008216,565.3607219466021,492.2099357320226,528.0985070918796,1270270,0.04530540025886122,0.031157252305453857,Consumer
2006-03-01,516.2395398301945,532.9401480595124,501.48471161690696,518.1312521355197,752102,-0.01905424010223477,0.034416658624464275,Consumer
2006-03-02,506.5585705235811,523.9775112089844,488.9753496627401,506.3884401032294,914297,-0.02292454969540721,0.03319736017485985,Consumer
2006-03-03,495.5759239957941,511.19942192241314,480.87647171107477,496.47335074630024,515152,-0.019774235151429054,0.032565042988979394,Consumer
2006-03-06,481.00460130034105,502.8320723120177,461.48292180240713,483.22046162635763,1343039,-0.027056816012652564,0.031733872695794044,Consumer
2006-03-07,477.7509420491768,485.7996431670637,469.9314129165681,477.9764234949317,1481232,-0.010911583762408484,0.031865994962179824,Consumer
2006-03-08,501.1392771314161,533.8689010445313,466.6413042374338,499.2473666554064,1098502,0.04354028963826009,0.030499388632796307,Consumer
2006-03-09,470.4170161369321,510.81127859159335,434.10065854313683,474.20266740086134,1390119,-0.0514668990109038,0.03359365548503188,Consumer
2006-03-10,440.45778549893936,489.1497901502455,391.99373660931906,440.66314529864934,1472549,-0.0733540579599798,0.03741862110163061,Consumer
2006-03-13,415.4898882393715,451.8823528799816,379.8015059080404,416.138277355327,1618831,-0.057263138191817796,0.045024940166504705,Consumer
2006-03-14,422.30940489385637,427.8621851458256,414.2822585347378,419.8020708374448,1378750,0.008765737770493779,0.04704950838142888,Consumer
2006-03-15,381.1954972620257,436.33287046153015,326.1356655237932,381.2632522071761,2279066,-0.09629325308353186,0.04338721833612379,Consumer
2006-03-16,381.6754338782673,381.8988480548804,380.89141346336936,381.1144992962468,1255763,-0.0003902341392404593,0.05474321108930813,Consumer
2006-03-17,379.65159069071734,382.76229280913253,375.93270460051565,379.0383823531133,920304,-0.005462380411744937,0.0499747753441409,Consumer
2006-03-20,400.04462803249544,431.841324168327,367.8982416236793,399.6647434409862,1575207,0.05298858161936323,0.045852570010003535,Consumer
2006-03-21,420.887634786449,442.70835465097855,392.2707474297971,413.71985726740417,1337778,0.03456301723792394,0.046937565004190496,Consumer
2006-03-22,408.9737242797679,420.58276736834205,394.4406760633819,405.9642940924911,1356445,-0.018923861362191315,0.04518515609031843,Consumer
2006-03-23,403.909545963093,408.7861927206864,397.8476117812997,402.7097729461373,461226,-0.008049074033750764,0.04227381629393623,Consumer
2006-03-24,388.8646718314239,412.5862324287892,363.07377034354926,386.6608959924777,1401506,-0.04066806495199582,0.0392349152434779,Consumer
2006-03-27,374.4617964558931,395.9580442165838,350.77965549702884,372.14277836227285,1439036,-0.038270477725885904,0.03974401320162923,Consumer
2006-03-28,361.6967116125344,379.3276587606293,342.68361585722005,360.24373762377013,806950,-0.032496742126834545,0.03979150271228962,Consumer
2006-03-29,395.38056850554614,457.1742815623555,336.4538162476302,397.8756649716226,1677723,0.09935870559791116,0.03905248632046901,Consumer
2006-03-30,406.5428821303033,417.45377529767075,394.18752861983324,405.0585858969598,1393023,0.017892156271754684,0.05292353169396571,Consumer
2006-03-31,377.13509429161275,417.0189145786339,338.7093542458726,378.4583499592386,1562222,-0.06792568609561812,0.048874733288046576,Consumer
2006-04-03,390.97373455444364,409.1350521457032,372.2287939129386,390.3616806819218,1262761,0.030967668645663693,0.051991119125445046,Consumer
2006-04-04,361.1791005214936,403.64980188201963,318.48762606519404,360.9289074661467,1642679,-0.07839268901809687,0.049054160369280786,Consumer
2006-04-05,338.16263267381265,369.7202381085789,310.5368590841463,341.7975171731644,1714796,-0.05446250003286405,0.0542849939978932,Consumer
2006-04-06,360.85541511924066,392.47450317012357,330.1812474623821,361.7263062499251,1299085,0.05666935910554392,0.053874047974470034,Consumer
2006-04-07,338.32313810055973,370.9889920161433,309.07195864606757,341.46607634214473,2038604,-0.05763952892042097,0.05388546070452922,Consumer
2006-04-10,372.80296155375356,417.6832905654129,325.4580177770558,370.0010333172891,1714719,0.08025746151909817,0.05404869650969112,Consumer
2006-04-11,361.276951213083,374.2582769794767,348.2630379656688,361.2431491641032,1408162,-0.02395452338859973,0.05833693765480655,Consumer
2006-04-12,388.2980669024019,422.3743597108072,349.3962275652467,383.00830064324475,1213511,0.0585053866483627,0.053931730127716786,Consumer
2006-04-13,404.4978603362075,436.4344787992337,371.833983141895,403.7082596809245,1394468,0.05263582595382405,0.05422487668668563,Consumer
2006-04-14,393.81584457368,407.335416263119,382.7941771516212,396.24574360619084,1113641,-0.018657904151435936,0.053552304594902345,Consumer
2006-04-17,413.61727927910624,436.83130610606713,388.26571744156746,411.3526428810081,1433728,0.03741627504444153,0.04946207708981482,Consumer
2006-04-18,437.6535492652095,497.652474137716,385.94227837920516,445.06544532499134,1798154,0.07877048100843542,0.04761506381137405,Consumer
2006-04-19,419.920472794718,455.3368607826306,387.63454870200576,422.82743273156865,1530613,-0.05125720413651674,0.053333608008028305,Consumer
2006-04-20,402.6047428767509,434.8821928888294,368.6871031437687,400.8215954458787,1011415,-0.05344770619018698,0.05262769366889546,Consumer
2006-04-21,404.16709369053734,408.75116084815915,399.28320341321114,403.8638309619785,1287007,0.007561339899897516,0.05238547420110428,Consumer
2006-04-24,398.4961287165346,406.37324992639236,390.8750334123185,398.74735010340225,1756278,-0.012749760503758572,0.0479996500506193,Consumer
2006-04-25,407.92480292178465,425.57176863274714,391.8036499405361,409.3926081169518,1752547,0.02634660909033539,0.044357148047648585,Consumer
2006-04-26,411.6147611776892,418.6342359558953,406.07954903845905,413.0793289608517,871110,0.00896503666582654,0.04216831556892749,Consumer
2006-04-27,390.19505692114006,422.77370273700603,359.625312800377,392.058006267969,1976697,-0.052229850307818994,0.03917383377586964,Consumer
2006-04-28,363.4277730203597,408.8078803229401,315.6979413766037,360.7427821319721,1698829,-0.08324461451296977,0.041675712251095946,Consumer
2006-05-01,368.6137737612219,376.28364488933806,358.1707712355815,365.7817147567062,1047307,0.013871558207307613,0.05028858588308941,Consumer
2006-05-02,364.53120591496116,368.7329565498314,358.7978197468704,362.98171019717955,1096253,-0.007684299847204234,0.04638983202342402,Consumer
2006-05-03,372.26115503007856,387.52642318031957,357.4749096464789,372.72187784647014,1206250,0.02648005785509172,0.04278399796361321,Consumer
2006-05-04,363.9961805044327,381.69303752124296,343.29167937139204,360.83483742238764,1408576,-0.032412166142852854,0.04086019340387069,Consumer
2006-05-05,366.6865932193927,373.9268599904792,358.3969235714357,365.6160523972441,1226019,0.01316340603478167,0.039915242716438024,Consumer
2006-05-08,346.97196181274205,375.6055016522765,317.487598667078,346.04460962617924,1169749,-0.05501604930830635,0.03742422436945362,Consumer
2006-05-09,350.54513966052264,358.4490870635798,343.09075137535154,350.9853379051106,922459,0.014176753940809916,0.040920323898379206,Consumer
2006-05-10,354.1731807916046,357.30746405591765,349.9377217379687,353.0621730523986,1167620,0.005899718808573995,0.03833699752462824,Consumer
2006-05-11,321.5748380972194,368.08824679180725,274.2335050738233,320.60691019627205,1849131,-0.09642837515897468,0.03579107857645139,Consumer
2006-05-12,319.78360906175345,321.4990169366744,319.2501943281501,320.9636338638641,1401646,0.0011120326756133554,0.050195276420222736,Consumer
2006-05-15,311.61046951703264,327.15997405235595,294.9696114843605,310.4617967234446,1196795,-0.033266970692445254,0.045998240318764365,Consumer
2006-05-16,297.6891539911189,316.1873495177226,279.8222622372872,298.28471312732313,1077695,-0.040012412308365546,0.04425691122069006,Consumer
2006-05-17,305.1957080147882,312.10626921773775,295.9647828076577,302.82158666588055,840552,0.015095365632543975,0.043670222388339515,Consumer
2006-05-18,295.45628638920294,307.4176734159533,282.8247388084203,294.7578500186572,1435266,-0.026989637334468786,0.0407412710687167,Consumer
2006-05-19,294.3930254091409,301.0204643662793,283.8303061117163,290.36711286173073,936756,-0.01500814304942119,0.039206466471140254,Consumer
2006-05-22,312.26612836690356,349.59639149961663,276.33311042171255,313.51918240137763,1991303,0.07671451726793495,0.03692565861553317,Consumer
2006-05-23,317.4389944527587,331.49194307853753,306.71571652025716,320.65986231502137,1419055,0.022520396296381626,0.0455364797201163,Consumer
2006-05-24,342.1645294218733,369.1677705776031,311.3091160918358,337.98230042247616,1896226,0.05261258611727898,0.04283610656493377,Consumer
2006-05-25,348.3678166496,363.62247253704516,332.75601727892905,347.9943180607201,1413575,0.029192623731540673,0.04453266501351681,Consumer
2006-05-26,365.03278173467936,394.50764209515944,336.9390726983122,366.31523285835874,1574973,0.0513081024355539,0.04259528136559941,Consumer
2006-05-29,354.72631357145013,371.3345205423052,339.2608951644143,355.8213601092771,1389439,-0.029065447201303142,0.044117622352323776,Consumer
2006-05-30,358.6862673807571,369.9939505858239,350.22155743209976,361.4636955467453,1216017,0.015732801835374382,0.04223519521405777,Consumer
2006-05-31,362.50053079174063,364.78147203286346,360.5099940846886,362.7893493860272,1018006,0.003660751802127365,0.039549684320539506,Consumer
2006-06-01,360.56971289776266,368.04005338754376,350.39968656360935,357.81291119862306,1441215,-0.013812105717818617,0.03678793537896602,Consumer
2006-06-02,348.8320664731672,361.6674627858966,337.03350987005996,349.83498446006394,1517590,-0.022548685049505045,0.034803705136258314,Consumer
2006-06-05,346.5243090613166,350.71905672168754,343.87016696336747,348.05320431897593,522735,-0.0051062162712120765,0.033842352054615776,Consumer
2006-06-06,352.9037791552342,356.1264523713225,346.9807991489069,350.17858624383985,1045374,0.006087916700320962,0.03193986303605737,Consumer
2006-06-07,352.4562309990245,360.3373411996617,346.3775418620869,354.2280933731104,1397840,0.011497766440781978,0.03035923731044952,Consumer
2006-06-08,358.088137510944,362.3135739613555,352.81277533511064,357.02567473536925,1273897,0.007866660016129585,0.029277575497755413,Consumer
2006-06-09,374.80993892299887,405.811101085494,345.3460722366806,376.2351948152623,1684436,0.052406768740767676,0.02819616627474062,Consumer
2006-06-12,367.4037661085438,379.51272485888234,357.44589072099427,369.4980863621044,1146664,-0.018068904578779903,0.03388199293948781,Consumer
2006-06-13,355.4385910367779,374.6572650398988,339.62835707928457,358.7018771292521,1326261,-0.02965394371195781,0.032670542593332595,Consumer
2006-06-14,364.4154039298566,383.0586147226383,349.8815301511867,368.3671351930397,1156259,0.02658847315808019,0.03295140269131198,Consumer
2006-06-15,373.586293920372,380.0685442294003,366.1869466493802,372.6530030423551,923634,0.011567609080808424,0.03278228160442306,Consumer
2006-06-16,386.5897921340774,404.6444065021397,366.48388204106413,384.43800300848727,1053880,0.031134835486120872,0.031301978000284836,Consumer
2006-06-19,384.88775267135196,390.3655255703547,381.34452398482705,386.80465016439194,1320832,0.006137250253583066,0.032082047292783925,Consumer
2006-06-20,393.618796503665,405.28669687833786,382.50308452025865,394.1558194791116,1336006,0.01882652637889263,0.030480421304476833,Consumer
2006-06-21,401.26224492199265,410.9761832356698,390.8715487993235,400.56869740021443,1017816,0.016138968860735212,0.029940116576977375,Consumer
2006-06-22,410.1763247456914,421.7980840092689,396.6410102989901,408.2069707344977,1130835,0.018889046104392654,0.029260868269714135,Consumer
2006-06-23,422.3946421347681,439.82820785119935,402.2769091919826,419.5949215664769,1289041,0.027515446421262336,0.02895648699217727,Consumer
2006-06-26,405.08132042618473,425.7810541437327,385.986473086591,406.61396073584655,1347100,-0.0314255375019582,0.029737980427505646,Consumer
2006-06-27,415.1573515209303,446.0763158002603,391.7015817927591,422.22143586688145,1598260,0.03766567004412652,0.03091298505512553,Consumer
2006-06-28,414.56184348309205,425.4274499025929,404.81554948264215,415.65544546449,1578405,-0.01567324498328623,0.03282218032056498,Consumer
2006-06-29,415.53507362027045,417.0335843074477,413.16200379333935,414.65734921364214,1067047,-0.002404146336147251,0.03160196209165599,Consumer
2006-06-30,410.1903910344461,415.6775821423975,407.1323545051869,412.60156988004076,1386571,-0.004970109159224408,0.02999690307973161,Consumer
2006-07-03,421.62894944679806,430.50241939970437,409.62518544049135,418.4313599325096,1484277,0.01403045650217462,0.028697676791999038,Consumer
2006-07-04,412.76024516758224,421.0852789732157,404.69801639650103,413.01801531345353,796011,-0.013021649356125823,0.028077987446669755,Consumer
2006-07-05,410.4887715746493,417.83435509255145,400.8168640845158,408.1200601640735,1176860,-0.011929816398670627,0.027497876391411744,Consumer
2006-07-06,415.1940396975972,427.5058330877466,403.5370242041401,415.83093604991075,1661672,0.0187173777060117,0.026949112095313758,Consumer
2006-07-07,428.5185184756346,447.6726966296021,409.25951021182686,428.4087833596617,1051783,0.029799067139664542,0.02708421585368597,Consumer
2006-07-10,431.24467078307595,436.84403710975465,426.1818301266103,431.7749706975888,688291,0.007826710294602683,0.02863636602445183,Consumer
2006-07-11,411.5718784193933,442.9693010359981,379.0595721377932,410.3649199896054,1328580,-0.050857738770011776,0.027662642252222567,Consumer
2006-07-12,417.61625291071914,427.4355078216816,407.0469104414084,416.848104157764,1131427,0.01567508423107546,0.03316856734951592,Consumer
2006-07-13,426.827684016755,435.4310676532636,413.9714969425338,422.48739522854504,1517556,0.013437715747558225,0.031890113324715474,Consumer
2006-07-14,441.8914877414233,476.6798084616272,409.20200992099126,443.84576083456705,1704638,0.04931750399856922,0.030670332456094802,Consumer
2006-07-17,421.69989889146484,454.9071184667852,387.9824576012448,421.14606491455663,1125447,-0.05249739552165454,0.034890799137756064,Consumer
2006-07-18,426.1424014872247,436.3532517605922,417.01479669222925,427.2029313259252,1185416,0.014279428289918005,0.038565409009377126,Consumer
2006-07-19,440.2564146151108,470.0409895773198,414.58120463207445,444.1393326154414,1407219,0.03887917605998265,0.03633755534555777,Consumer
2006-07-20,441.9903403684736,445.7970536447357,437.7931707377611,441.59649193066724,1288474,-0.005741774466667473,0.037189687985497384,Consumer
2006-07-21,454.5726659013704,471.6913676485835,435.77069271565364,452.823523710567,1618028,0.025105926263396604,0.034805222453977075,Consumer
2006-07-24,458.05975495022403,462.6884435706916,451.27763360677017,455.8843396806502,619120,0.0067366590937035665,0.03411259207518728,Consumer
2006-07-25,446.2381776007355,463.24313250737896,427.5117654162546,444.448521260394,1544546,-0.02540490073122393,0.03221401149860447,Consumer
2006-07-26,442.54410311331816,447.60766604171255,436.02447342293954,441.07118329159755,995570,-0.007627959778881553,0.032046924605026894,Consumer
2006-07-27,440.7978143221742,447.1436223213251,437.1725506106672,443.49616648936126,1001339,0.00548288216459158,0.030501346968133353,Consumer
2006-07-28,456.814098112505,476.85546099036907,436.62454542165074,456.6591085943653,1715942,0.029248021548477172,0.029133743889534446,Consumer
2006-07-31,458.0396927021293,459.1604087136641,456.28544637145234,457.4046084804164,1338263,0.0016311774276202551,0.030122035805898253,Consumer
2006-08-01,482.6804414173844,518.1562272331546,445.0684864049011,480.3748145016167,1393622,0.0489983058102183,0.028744890743287056,Consumer
2006-08-02,481.2775493385714,488.05242123134695,476.68576180864585,483.4400021060655,639444,0.006360553678068083,0.03348343009483286,Consumer
2006-08-03,469.6702923462013,487.78333460184314,456.52626916270304,474.50403601373756,1316882,-0.018657092571384152,0.03166986847456403,Consumer
2006-08-04,487.1222489641535,511.0470519622239,465.1493452963593,488.98990295103624,1411885,0.030071717061468328,0.030896561634582053,Consumer
2006-08-07,480.65142115489556,491.85003832557345,472.0117081390495,483.1651411729449,1508124,-0.01198333849381158,0.03161209011953137,Consumer
2006-08-08,495.7113908452277,512.3667203969576,477.5082686100881,494.1097860940814,1189754,0.02239922914733537,0.030347972808721316,Consumer
2006-08-09,511.275117237937,534.4670458728589,486.1787692074045,509.28020679542027,1747700,0.030240638034843368,0.030200304350094496,Consumer
2006-08-10,524.9891890514251,544.7738388738486,502.55644257279397,522.2373885268418,1533212,0.025123882211963662,0.031093747515920808,Consumer
2006-08-11,529.598000976378,547.2701395332781,514.5953001339191,532.193900821122,958010,0.01888564636422293,0.031114921280266144,Consumer
2006-08-14,515.3783176030269,538.8239089344498,495.06549842385084,518.392298478195,765281,-0.02627560956729016,0.030463269798412976,Consumer
2006-08-15,545.4635414557399,591.7272706149018,501.13465428206354,547.2529604281278,1295889,0.05417885743609418,0.030756621956395353,Consumer
2006-08-16,587.2607982691591,646.7389305681822,526.1819805013288,585.4797245681848,1641647,0.06752040714485948,0.03601497083570927,Consumer
2006-08-17,566.7580080754346,595.0878419686858,537.9843097176793,566.29078932311,1702998,-0.033323844850411594,0.04267919055685956,Consumer
2006-08-18,572.3085011359134,596.1751665058293,554.4861734472291,578.1702959612999,1478258,0.02076074664079552,0.04151845903466468,Consumer
2006-08-21,597.0229875686284,627.7949473561753,567.0901040432038,597.8220036396256,988047,0.0334246018983021,0.03928965821501886,Consumer
2006-08-22,610.4833262560562,631.8570453060595,590.0001266210445,611.3449365511378,1223479,0.022368287283269103,0.03876238377514206,Consumer
2006-08-23,642.0531277659094,681.780816098704,597.670060067501,637.0906926985107,1479028,0.04125067601080632,0.03710887977483483,Consumer
2006-08-24,649.4070896255469,665.8795682129886,631.5200145435705,647.9556774630748,1349494,0.016910274875440556,0.03816933202476556,Consumer
2006-08-25,682.4994987221245,749.6283339598441,621.2565464035413,687.9007127260135,1639900,0.05982221958477743,0.036171977209269034,Consumer
2006-08-28,658.5250768722327,700.5361162732532,619.1741380963173,661.0351831509364,1587189,-0.0398374490285866,0.04103089374592883,Consumer
2006-08-29,665.6715467469073,672.4856734906705,649.8187835467579,656.5394296488303,838720,-0.006824313258857033,0.04104729887626647,Consumer
2006-08-30,656.3068659236005,657.9393882088807,655.4677607220578,657.0992698984837,915727,0.0008523504731401312,0.03814302405090988,Consumer
2006-08-31,716.9917628371445,807.5262680057788,624.5499167248067,714.8087763223948,2484110,0.08417995841438791,0.03555307584721737,Consumer
2006-09-01,770.9130339551076,865.003802352985,679.6930314244764,773.480051724795,2342863,0.07888481883413342,0.046627854031207616,Consumer
2006-09-04,771.9158556424306,782.5500917045763,755.8503498464114,766.4087172641795,988389,-0.009184279162392457,0.052656885718950296,Consumer
2006-09-05,781.4869238499648,800.1168942651123,760.12316013367,778.6863677198335,1222290,0.015892755077178352,0.048278885016690136,Consumer
2006-09-06,724.4438162156777,801.7328084368587,650.4291696842221,727.414640119169,876102,-0.06811169697795708,0.04475005631678363,Consumer
2006-09-07,702.4893800029215,743.2103656386691,659.2728934670583,699.8403219713797,1557260,-0.038644461439477105,0.048968709622235325,Consumer
2006-09-08,665.2162022594653,714.307739135607,619.9635610359769,668.8105830832736,1767199,-0.045351311919126225,0.04735352972741871,Consumer
2006-09-11,661.8588388150508,671.2053649581474,654.6447702309057,663.9683038198083,793521,-0.007266472507502013,0.04692969897660013,Consumer
2006-09-12,651.4274322383682,671.9403458510843,629.701569246111,650.1750462551279,1353804,-0.020992784560547567,0.043241618381286165,Consumer
2006-09-13,673.566188510206,703.5904451658937,639.930296819412,669.7860537210462,1326049,0.029716710020827607,0.04076732268284322,Consumer
2006-09-14,690.2049322833765,714.8383887443345,661.4333283250244,685.9136278675912,1390596,0.023793374314170924,0.039522678390399406,Consumer
2006-09-15,713.0883879227921,752.1641426148312,672.449576604933,711.4347133852758,974022,0.036531941298203606,0.037875485276216495,Consumer
2006-09-18,694.5234766015017,728.7688465817404,654.4839056492118,688.4287589925397,1047164,-0.032871814161282695,0.03805035240545642,Consumer
2006-09-19,685.0790984516414,688.8805978914013,683.7266198987862,687.5232940240705,502670,-0.001316128853745379,0.037687489694613836,Consumer
2006-09-20,648.7550223396028,702.9911212543022,600.2758134049532,654.1116315249955,1388065,-0.04981768388712608,0.03516443278170783,Consumer
2006-09-21,602.2024028646354,680.6572129447763,521.5687487388286,599.697178711162,1845109,-0.08685320163335654,0.038229571152042,Consumer
2006-09-22,613.7094617673758,632.4542661586465,593.3399482936421,612.0335650159212,930814,0.020362300142577755,0.048997161994037024,Consumer
2006-09-25,620.0172443952987,629.1697430982817,608.962400787327,618.0863969299672,1495644,0.009841122738351764,0.0456373859553808,Consumer
2006-09-26,642.7779622107676,686.1487400065691,601.7345458884583,644.965633892616,1489102,0.042568786045645374,0.04219886197499888,Consumer
2006-09-27,615.2165718219733,657.9778107685014,574.4743056551473,617.1101441624857,1527791,-0.04414951095586509,0.04238408183974256,Consumer
2006-09-28,601.1437497976721,628.3244358470965,571.7118908164822,598.7859699628393,1575212,-0.030143301618592588,0.042772715746895285,Consumer
2006-09-29,582.3669037688773,606.3966645379905,558.9219389629691,582.9290680843925,1334836,-0.026838710160416574,0.041229806751453255,Consumer
2006-10-02,586.5981251462688,589.3810712369498,578.3314815147261,581.0882877666683,951697,-0.003162808257057993,0.039597538133967006,Consumer
2006-10-03,583.5407526024482,593.1113137935442,576.3440070577223,585.8856488942309,1134124,0.008221928531560879,0.03682217435768038,Consumer
2006-10-04,609.1452744553776,642.3792827460331,574.4388946631444,607.5879370752606,1045814,0.036372284997060474,0.03456642931890197,Consumer
2006-10-05,611.3558189237986,617.2225747280818,605.5684909042207,611.4345018656807,1064203,0.006310921660172294,0.03541626598150947,Consumer
2006-10-06,610.7312305147434,613.7662137537628,606.3837731201197,609.4122015431735,1489400,-0.0033129502115700695,0.033308012199597635,Consumer
2006-10-09,600.2000831299391,613.2819962489109,588.4624499183828,601.5185782817078,1124184,-0.013037467050816959,0.03145131614442371,Consumer
2006-10-10,631.0752394703069,678.9512666157615,584.2300746539489,632.034867897305,1608329,0.04948714182445972,0.030279441240524247,Consumer
2006-10-11,617.0301915194016,639.1139136795636,595.2897723806973,617.361810297011,855220,-0.023489308883648793,0.03465288199217804,Consumer
2006-10-12,624.177279929475,626.3129866221847,616.6544647749627,618.7716754633998,793572,0.0022810898563422103,0.033814492884941705,Consumer
2006-10-13,600.0440327160367,636.5283629031047,558.0627500900252,594.1912126965956,1861510,-0.04053516986292438,0.0318671688245524,Consumer
2006-10-16,620.5999536325082,681.4661272771177,568.3182343856865,628.5174110636649,1876739,0.05616255575571694,0.034042299547569335,Consumer
2006-10-17,595.1353500138314,643.7226110464047,546.8887634638613,595.4504776478582,1266648,-0.054045505837564234,0.038732898512004676,Consumer
2006-10-18,600.5646185666561,613.1364229106682,589.9622781576982,602.4999168342835,921944,0.011769302953901516,0.04169325421334645,Consumer
2006-10-19,601.7893711985608,608.0277779298393,592.1476663336335,598.3504234576537,1020979,-0.0069109526021855,0.038877235386818504,Consumer
2006-10-20,603.7637952689305,605.4397225110828,597.7947386073421,599.4587158120825,1171660,0.0018505330012439378,0.036281065791099944,Consumer
2006-10-23,606.5565844242444,611.7735827581336,597.7202904208351,602.9058890931777,651224,0.00573400566174842,0.03396419083106209,Consumer
2006-10-24,631.800692805489,675.6794286346328,587.6206160407961,631.4768617092161,1209526,0.046300187520953634,0.0320590834271098,Consumer
2006-10-25,632.4941285482143,635.8226366389649,629.8881965790575,633.2137398075249,985617,0.0027467258604053535,0.035267321543043635,Consumer
2006-10-26,635.2663662972085,638.281403101304,632.2056238480859,635.2204426942342,1290172,0.0031640657253421993,0.03310828975497189,Consumer
2006-10-27,630.0775453835707,641.0268750619316,626.6319581308104,637.5404766723433,795968,0.0036456753384355917,0.03127984618227021,Consumer
2006-10-30,592.4638684652463,653.5164170573377,542.4837661851743,602.6749135899788,1148679,-0.05623983159180481,0.029744523261437207,Consumer
2006-10-31,635.6129423280428,675.9016361975097,588.8381770524313,628.6879246737415,1280256,0.04225705214235418,0.03580819919880541,Consumer
2006-11-01,662.3702180503445,695.1250568380415,617.628270915835,649.7594975517919,1436479,0.03296730226801683,0.037331360439358606,Consumer
2006-11-02,656.3070009577592,667.1904153957945,645.8326526602955,656.7096411518975,1266060,0.010639683646198432,0.03712049071102462,Consumer
2006-11-03,658.3155172382021,669.1961761529183,650.8505785453257,661.6929393366577,1271110,0.007559636169794596,0.03491883581558081,Consumer
2006-11-06,687.6317180017872,744.2946091713277,638.0752607133778,694.2604316767245,893690,0.04804554142481703,0.03292464564160625,Consumer
2006-11-07,670.7454657728542,708.3325159427807,631.3242462234979,668.8024120845596,975856,-0.03735848354598252,0.036241991392869745,Consumer
2006-11-08,718.9651002625142,796.4779974938418,641.1638464633517,718.641898771078,1869049,0.07187451074053115,0.03687999452311501,Consumer
2006-11-09,744.1637893795346,788.8040119279285,701.875645457671,746.3893948736808,1139923,0.03788426197331496,0.044305744446387574,Consumer
2006-11-10,730.3114106433567,756.7489446926187,702.2166846091828,728.5919744539301,1405916,-0.024133571573229977,0.04342443768833739,Consumer
2006-11-13,736.8976290450818,750.2924259287904,723.8527613693561,737.2414714127617,1431075,0.011801610030627064,0.0411814256961882,Consumer
2006-11-14,731.5419594655226,739.2046882182092,725.6344326192409,733.2831008802258,1458535,-0.0053836299885408,0.038439817348600726,Consumer
2006-11-15,765.9904053270662,822.5526772521634,712.1053828839267,768.4916967993863,1731547,0.046897908962825224,0.03586702060407382,Consumer
2006-11-16,777.5900706907618,788.1486461497101,764.9500443809627,775.4799676189665,1318604,0.009052392219608105,0.03819773047411667,Consumer
2006-11-17,763.0430369409439,779.9894340260229,749.4090345865409,766.2972849835219,789493,-0.011911955765135743,0.03577073051299417,Consumer
2006-11-20,760.6361499261802,769.8930011446145,750.8548827466175,760.1052732593374,1266722,-0.008113253815535494,0.033836671418287945,Consumer
2006-11-21,754.2383220633774,761.7654675908001,749.2523479190095,756.7628050779545,1019991,-0.004407072228600813,0.032028268752098396,Consumer
2006-11-22,769.2068177487577,778.6723346820309,753.6075011129553,762.9965978425521,1181931,0.008203703446948901,0.030390152060322598,Consumer
2006-11-23,787.4258656893343,816.7689127326225,753.0412426609558,782.189145852327,1098147,0.024843013437292977,0.029136646792938373,Consumer
2006-11-24,774.7129702335657,792.2245147358169,753.0743889234826,770.4904888237205,1390274,-0.015069275267175514,0.02952510197384566,Consumer
2006-11-27,783.2935272442687,805.4630352400411,762.2648955267607,784.4045758386585,862869,0.017897617335091553,0.028834836150296986,Consumer
2006-11-28,812.8925341297348,839.3828152033209,775.5089819323124,801.632318719104,1301236,0.02172511942343929,0.028516783244128093,Consumer
2006-11-29,776.5498141314115,810.0324268091412,751.0343291675512,784.2634897540139,1028350,-0.02190499952442412,0.028659425384478188,Consumer
2006-11-30,782.3542478136306,785.4104563545634,781.6680642502199,784.7221959224249,275806,0.0005847168469001562,0.028793479840400177,Consumer
2006-12-01,816.6636532663697,855.8954729931927,771.3363263419474,810.2605463163509,1106534,0.03202609345957736,0.02762793638917468,Consumer
2006-12-04,782.9336796089033,820.8727716219705,750.3966923511343,788.1202423211461,1181562,-0.027705188068225688,0.02940226002608751,Consumer
2006-12-05,774.1114013445305,792.1830758586699,761.883594732279,779.8643953769117,681048,-0.010530617506311856,0.030111973243175116,Consumer
2006-12-06,777.7290474090496,780.8177833403323,774.8626492469058,777.9505687391784,1303017,-0.0024570666538198953,0.029017560749273735,Consumer
2006-12-07,785.1527599649726,791.7068944842116,767.1752762113473,773.6332505716861,1174972,-0.005565061011848158,0.02783021095772417,Consumer
2006-12-08,765.8130043939437,775.1910907838978,761.1489411388567,770.498491310135,870891,-0.004060228130824363,0.026912116215024474,Consumer
2006-12-11,782.4198996227271,810.7732445716707,758.2820797270304,786.5092668300582,553128,0.020566808101664922,0.02611287837845413,Consumer
2006-12-12,751.4450338475082,802.0768711611306,702.7156522174982,753.2316329288002,1076540,-0.043231710846064496,0.02662620838741326,Consumer
2006-12-13,796.6254627199727,851.271787470744,734.390419292189,788.4778393998981,1588450,0.04573150730431389,0.030781668276323566,Consumer
2006-12-14,812.7704432415456,847.2823207157985,776.6753362886474,811.1170054488719,1319703,0.028308015513466293,0.034230315446217796,Consumer
2006-12-15,782.5010788850778,834.7717721238506,723.9657510824987,775.7880148968401,1033603,-0.04453301058127534,0.03402312680787377,Consumer
2006-12-18,729.1123673483164,795.600277224206,666.2660699007627,732.4649977021662,1208631,-0.057463751141786486,0.03638044640933539,Consumer
2006-12-19,726.8656809228945,734.1066715946811,725.8889067807088,733.1214907915696,828214,0.0008958777096620138,0.040671143444053724,Consumer
2006-12-20,759.1280170384043,810.023387719073,712.8810425828082,763.50948883231,1660581,0.04061411990037387,0.037728423194828005,Consumer
2006-12-21,755.5107313630403,767.2725435897813,744.1118673610937,755.8682849526923,999853,-0.010058417905268421,0.03855091624989892,Consumer
2006-12-22,747.3200236221035,760.1728538837682,734.3995675420828,747.2512143837491,1717747,-0.011465708447428497,0.03611252248983626,Consumer
2006-12-25,748.4526340223493,754.8933287554067,743.874953467446,750.3043229143739,1000420,0.004077461816389451,0.03410294408102267,Consumer
2006-12-26,781.9340725260644,832.9540134171228,731.9888559615279,782.94427145817,1451688,0.04258263223580716,0.03213880038558229,Consumer
2006-12-27,746.8088101762262,798.7238360742776,697.4082334384057,749.1672510794147,1598832,-0.04409926259097325,0.03461667340168526,Consumer
2006-12-28,768.1129542772788,799.3300395407484,737.895812485209,769.0750494528319,1150349,0.02622630054933458,0.03674728569675993,Consumer
2006-12-29,760.6117182698364,779.4243246386275,737.7868854172792,756.497738580532,1115210,-0.01648901440504074,0.0358254550695318,Consumer
2007-01-01,769.5829794407957,796.6051265830034,745.5078465889034,772.4405978571739,1117649,0.020855565932072453,0.03416948527793007,Consumer
2007-01-02,760.729098146938,788.620279874921,726.1523566101949,753.789091673504,1276755,-0.024442500224169373,0.033155484823464684,Consumer
2007-01-03,785.6180005172588,831.9582711660756,737.7754020729448,784.0215020551315,1698948,0.03932383645173268,0.032696243082110756,Consumer
2007-01-04,774.6766367232334,786.1763228235224,768.2176539815921,779.6756599751391,1322979,-0.005558433403440702,0.0344556245965731,Consumer
2007-01-05,739.5307553892727,796.4063647985062,687.1013422496293,743.6826042025363,1114232,-0.047263676105934474,0.03247131781060097,Consumer
2007-01-08,739.2833492182972,745.5095586496499,733.7804508871101,740.0013160905596,821761,-0.0049623718582830195,0.03575734115035182,Consumer
2007-01-09,692.2274721426035,762.5252520030996,621.3300326490075,691.5600319526304,1483710,-0.06770200325711646,0.03356432223482394,Consumer
2007-01-10,713.6633188672472,741.9955647824955,681.9164775355023,710.1075607910385,880419,0.02646649119290441,0.04109483140761705,Consumer
2007-01-11,748.697192433364,791.6006284947904,695.4837503256512,737.7604669223524,2124380,0.0382027487169498,0.039447425874776516,Consumer
2007-01-12,791.893424188451,878.6731296402556,706.2492405154715,792.918123553605,2258709,0.07210076596754968,0.03954487359881622,Consumer
2007-01-15,779.6765789967016,797.7341976816843,765.109371998549,783.102973123121,1579872,-0.01245576896076388,0.046160759204363036,Consumer
2007-01-16,775.9131333004087,789.4348769926318,760.5681849390064,774.057592344945,1738700,-0.011617918820978549,0.042754233466630404,Consumer
2007-01-17,755.9225927966185,781.1748691748348,734.2518336375275,759.4042966661513,1266343,-0.019111973779323544,0.03978172933791263,Consumer
2007-01-18,746.5762865476981,769.6443420239635,720.9353404932842,743.9213629254982,1078643,-0.02059897150223924,0.03769428235890933,Consumer
2007-01-19,733.2806802599367,748.2985062874786,720.0195509049191,735.0061720066125,1231289,-0.01205643778888482,0.03606015504798969,Consumer
2007-01-22,750.4236596555725,760.490733839857,731.6603259541134,741.6091518626304,695442,0.008943458409351583,0.034089169533616286,Consumer
2007-01-23,772.7480778287169,824.6119027771765,722.6241895470946,774.3820291239563,1750707,0.04324297462502174,0.03227468049169931,Consumer
2007-01-24,745.7443876026492,791.7448189591456,697.3408496793153,743.1833033388507,1775772,-0.041122608158339125,0.03483987986253773,Consumer
2007-01-25,770.9508097388891,813.5974655771395,728.3978179599852,771.0395743915702,1486006,0.036796979557676385,0.03639662234782912,Consumer
2007-01-26,787.946484102655,814.4233277100585,761.8124639409415,788.278302058354,587504,0.0221115018079567,0.036917122725770544,Consumer
2007-01-29,804.2194161339412,844.8409553827031,770.3654313377906,810.7135951455809,1069028,0.028063638783964454,0.03554767133175075,Consumer
2007-01-30,805.0831911692345,812.2051591691776,800.606456476068,807.7137967661437,642384,-0.0037070576409747656,0.035057734138955195,Consumer
2007-01-31,800.3781502335091,820.8886931687617,773.6840664833143,794.0319820979936,931049,-0.01708404369382035,0.032943847981363045,Consumer
2007-02-01,853.0289538454037,931.032491611816,766.7709165827443,843.9436684809255,1616137,0.06096200870617336,0.03181222057944369,Consumer
2007-02-02,832.5802134960173,846.7191027785301,824.2554698880934,838.3368006182023,951627,-0.006665819079035563,0.03830233515570399,Consumer
2007-02-05,823.1250434874443,844.2565810600228,805.170153257606,826.2338775914526,1146197,-0.01454205155656245,0.035781560534765215,Consumer
2007-02-06,815.8336967521167,835.9014698269132,792.8022669068553,812.7953019339776,923523,-0.01639858152030051,0.03399965807127348,Consumer
2007-02-07,824.6707483215284,835.6558462205039,809.1219007102624,820.0453860720745,797892,0.008880390888390906,0.032636152048801666,Consumer
2007-02-08,797.7991223590524,829.6170548182351,768.4432922638952,800.1738444100413,1324499,-0.024530678021934038,0.03104712446896803,Consumer
2007-02-09,819.6422078398882,839.0823398552404,793.6458044434463,812.9266582151804,1178895,0.015811884608029445,0.031006487625425173,Consumer
2007-02-12,788.5526258492426,824.2597447036932,753.5347819551915,789.212593150067,803017,-0.029605163304806337,0.030110200499517792,Consumer
2007-02-13,732.0322940084509,812.883770310345,656.0668200497876,736.4589293849875,1477640,-0.06918226111099804,0.030931685913356984,Consumer
2007-02-14,735.0831917775579,756.0354146854537,723.4577750386089,744.2647900202523,1036763,0.010543402315082868,0.039791244547244316,Consumer
2007-02-15,730.4745654749294,750.3985618564449,711.7827816809929,731.6760342213073,792074,-0.01705903228520457,0.03719340013969595,Consumer
2007-02-16,724.2310047011541,736.3236786018699,711.4947944973505,723.5765406410283,1192050,-0.011131507140879425,0.03536001694763982,Consumer
2007-02-19,765.8983260844965,825.9662569954246,702.620743568136,762.4155251046511,1430182,0.05228538294198346,0.03344923327243867,Consumer
2007-02-20,792.7175906154338,851.8009981992454,738.9412954071526,797.6875513037642,991070,0.04522526546226171,0.03748526584699237,Consumer
2007-02-21,788.035267357583,802.0967438001198,774.6673784338747,788.717285417472,1468113,-0.011309044554594732,0.03912690659783317,Consumer
2007-02-22,767.378814061817,802.9942931758706,729.1965228696316,764.687073283937,1919157,-0.0309412408938223,0.03665946029666994,Consumer
2007-02-23,761.1847248837803,765.2508228244444,759.4962326873355,763.5570681955857,1063747,-0.001478828236428904,0.03631441699383218,Consumer
2007-02-26,783.9552872322696,812.8591133110746,753.7051719023038,782.5574612152466,1400105,0.02457948520750372,0.033989962418697534,Consumer
2007-02-27,798.1237853041831,812.0204111043687,777.909439052608,791.6941138753771,1224827,0.011607744776824108,0.033389769393325566,Consumer
2007-02-28,803.8836458195094,814.5448814719656,788.132047386622,798.7248664683118,1102311,0.00884144175830961,0.031813712781317297,Consumer
2007-03-01,866.1504107823691,969.4820612363796,761.6687043202933,864.8445678539916,2031522,0.07953326132711294,0.030354826973655418,Consumer
2007-03-02,877.4179132260565,886.4705388892604,861.8291867281994,870.8136741608678,1278032,0.006878231780429168,0.042260659780456254,Consumer
2007-03-05,850.8550976928622,879.7123241872481,823.6232772915093,852.4300956020439,1130181,-0.02133682572210265,0.03919014165485211,Consumer
2007-03-06,870.882814082132,901.082533964732,841.5903506027596,871.7605475960729,1202601,0.022423578316710907,0.0373762328509202,Consumer
2007-03-07,805.2541445640501,898.6550143679352,718.8737180073939,811.5944561722039,1667902,-0.07151400762916572,0.0359584309360102,Consumer
2007-03-08,781.0783537007562,823.8951500519364,743.1545265266825,785.7447543512168,1759316,-0.0323687775107241,0.043606708169518005,Consumer
2007-03-09,726.52057731313,811.8015112048785,641.5896576626517,726.8339571634191,1413852,-0.07793394277931852,0.042171040555528394,Consumer
2007-03-12,703.7580944968076,736.6764656879773,673.4573634729853,706.2676828188935,1483224,-0.028703737132371267,0.049333277255807065,Consumer
2007-03-13,701.1385650840625,708.2189323111264,695.2618666008734,702.3322289544275,654728,-0.00558776707471949,0.04658973572197319,Consumer
2007-03-14,732.0308408767883,767.1207672998657,690.3793543584624,725.1389161032897,1392332,0.03195669222628982,0.04290881320715876,Consumer
2007-03-15,732.0731845765465,752.3882876281491,715.762360138255,735.9901910345509,1017473,0.014853546322900577,0.041546570585119846,Consumer
2007-03-16,739.6963400523564,746.0029182289762,733.6845750229136,739.9887764688041,1281695,0.005418227907790091,0.0389100012549789,Consumer
2007-03-19,762.6715880477559,811.0368809487428,720.0295693496574,768.0918101681641,1695294,0.0372742513434484,0.03627111987765309,Consumer
2007-03-20,765.4218243983491,777.6683048577137,759.7186167251043,771.9167034195023,1250729,0.00496737658586951,0.036890117670257565,Consumer
2007-03-21,728.5836140736805,791.7475220714216,665.4051861209095,728.5677158349971,1400847,-0.05779607334709513,0.034531230066451965,Consumer
2007-03-22,683.9520702486597,749.8394169924966,617.4287805784331,683.2483341114511,2183195,-0.0642221871091861,0.03943326760583263,Consumer
2007-03-23,712.7923705929022,759.6652556967737,666.5889949164869,713.4211240665236,1064109,0.043213496274268764,0.0443019127445042,Consumer
2007-03-26,740.8632173760041,785.7544346211189,697.1918207571441,742.0151362558952,1214991,0.03929775932957026,0.04416150492560537,Consumer
2007-03-27,745.4608953684418,750.4231064237582,733.8121787877515,738.7295824013502,1100009,-0.004437711923050303,0.04349526292694571,Consumer
2007-03-28,766.3524626005878,795.5436252715808,728.8664272273663,757.7291177194629,1086419,0.025394026983296805,0.04020477970010665,Consumer
2007-03-29,699.6640127283881,779.8002147200511,629.5004486365331,708.7277252538439,1850446,-0.06685453095145609,0.03859880748872363,Consumer
2007-03-30,701.0245795025398,712.4077841312453,689.8691693022065,701.248805815651,1472084,-0.010608672436040599,0.044298121833234845,Consumer
2007-04-02,790.7986986631694,910.553545483172,672.1788938636939,791.7856917244975,1554291,0.12142801004228528,0.041069946043183155,Consumer
2007-04-03,828.5067743798268,888.6376980522753,769.9557370239178,829.982378899268,1614871,0.04711370638237447,0.06050707907192662,Consumer
2007-04-04,945.2569139885795,1090.2284562233294,803.4683768902926,948.0247445420256,2761876,0.13297613342852138,0.057981380577007594,Consumer
2007-04-05,951.3492402587124,955.3568173323549,946.6860645343885,950.6908682030136,987186,0.002808346226637562,0.0737690328263332,Consumer
2007-04-06,971.4898248504229,1002.7859526070873,940.0381411956589,971.3290909796616,1169505,0.0214763805419392,0.06674338307716653,Consumer
2007-04-09,980.9115207579063,987.8549973157558,969.0155181202427,975.92368782286,871054,0.004719064129579211,0.06109769705844605,Consumer
2007-04-10,1035.688835873838,1115.849832110582,948.067230903511,1027.6023428867481,1839561,0.05159915054287535,0.05558491975001296,Consumer
2007-04-11,1043.156319725714,1073.2110878096662,1015.7635990844934,1045.7502519124575,818088,0.017506306020957034,0.05450795807406705,Consumer
2007-04-12,1042.688518624352,1048.4443003012527,1036.1573914184478,1041.90886932575,892935,-0.003680090186149733,0.05022812565981644,Consumer
2007-04-13,1081.7283490685427,1169.721661469476,1005.0708073003832,1092.3139618155633,1288131,0.04724386477385507,0.04604696673403557,Consumer
2007-04-16,1055.4705333326738,1113.7124371901346,994.7628965222827,1052.8607922984088,1661414,-0.036787323453146226,0.04616336133926827,Consumer
2007-04-17,1088.5035705794426,1134.0775958631484,1037.333114525047,1082.6625864939174,1243972,0.027912341625390382,0.04480893682223268,Consumer
2007-04-18,1086.4065391124361,1108.7557790824524,1070.816327872902,1093.0699462490718,1207556,0.009566836893471379,0.04269821398563348,Consumer
2007-04-19,1144.1766733114296,1202.4246954012422,1073.2369130436653,1130.804164214582,1366565,0.033938827483832285,0.039651464503499746,Consumer
2007-04-20,1148.0574367697072,1166.2440403822318,1124.7061681840921,1142.8096404227458,673188,0.010560797761533793,0.03912246811570609,Consumer
2007-04-23,1146.847850715989,1170.034390706544,1130.5789020851942,1153.6686831444501,1465714,0.009457196738950163,0.03662217329126651,Consumer
2007-04-24,1142.654000093039,1160.9987510508065,1123.0623959892714,1141.3868027130466,1268425,-0.01070300718402001,0.03444361547201927,Consumer
2007-04-25,1140.8237008172832,1142.3120740770007,1140.2689557781828,1141.756875265862,1516630,0.0003241780704608999,0.03265384007807715,Consumer
2007-04-26,1148.536141468209,1152.1729963496637,1140.5466515028013,1144.1696799260358,850003,0.0021110088167276215,0.030871254933820154,Consumer
2007-04-27,1132.8715668348698,1158.611521639189,1101.3633269475404,1126.9691735792435,1518343,-0.015147321525148201,0.029378494833547503,Consumer
2007-04-30,1154.9769863626418,1191.5862909014315,1114.5525139108202,1151.0369305024126,1152262,0.02113133275730636,0.028720950007890662,Consumer
2007-05-01,1148.2757554386158,1151.5363982928068,1146.7783442429175,1150.036690746052,1200029,-0.0008693679420969428,0.028755770883417558,Consumer
2007-05-02,1170.4814382988764,1177.4024883121808,1147.7520586774087,1154.5790781264673,1669176,0.003941996166046753,0.027597624125502106,Consumer
2007-05-03,1108.1997296837412,1173.364401425696,1050.1324120141091,1114.9437133041881,1200001,-0.034931920732497825,0.026676468768635136,Consumer
2007-05-04,1088.1151555948368,1125.859963547779,1054.8113906026022,1092.424308992805,1783471,-0.020404559095296985,0.029194914825708938,Consumer
2007-05-07,1077.7622962129326,1111.2013687793788,1036.8602979600864,1070.0604087683962,1133986,-0.020684259527940663,0.029057294198279023,Consumer
2007-05-08,1076.0890269459283,1084.1442508182326,1067.3636499064598,1075.413819412718,838194,0.0049904321238587275,0.028976488153900783,Consumer
2007-05-09,1051.9341367155762,1094.7287193899003,1004.0600867082009,1046.639264403248,1636770,-0.02712120539405659,0.027846815877294626,Consumer
2007-05-10,1018.6646581765605,1071.2473924548735,959.034937457437,1011.2341123229158,1506465,-0.0344128520648706,0.028821694795885082,Consumer
2007-05-11,998.1265014003318,1017.4504739827843,979.2464663247013,998.5621975090905,682078,-0.012610315458773683,0.03069509294352307,Consumer
2007-05-14,1033.0262245669853,1091.0027211732734,977.2788820172984,1035.1412415628213,1789986,0.03597671980564001,0.02962438173269923,Consumer
2007-05-15,1058.590902475946,1097.196475675117,1021.225359094955,1059.7886547126216,1686210,0.02353162321320817,0.03156314068073354,Consumer
2007-05-16,1008.1786816451889,1082.2160258851247,937.7968018948948,1011.5956074089119,1152446,-0.046540612315164896,0.031305687556140355,Consumer
2007-05-17,1024.1595660824405,1056.1105001008555,997.4922018368511,1029.3090520441433,1889450,0.017358860297909697,0.03476983100175663,Consumer
2007-05-18,1012.5394866869467,1032.8919095288788,1001.8152049758048,1022.0667204065394,899704,-0.007060980075112649,0.03335194781326759,Consumer
2007-05-21,960.8498940910703,1054.2965212512938,864.7424873256493,957.9024647933925,1662664,-0.06483609128050186,0.03158101572613381,Consumer
2007-05-22,996.7954042752469,1044.3724980303323,941.674121633089,988.8730825835199,1372861,0.03182003284460554,0.039095348231157685,Consumer
2007-05-23,931.1735098034179,1011.5318046304693,860.1514451212068,939.8481142555135,1107562,-0.05084771272270172,0.0384009658236242,Consumer
2007-05-24,1003.5796901095171,1085.962662697624,911.22458108406,992.7157417202382,1374160,0.054726079320528274,0.04083541140137177,Consumer
2007-05-25,943.6904127439315,1019.0147143751541,866.140412399852,941.2716512214578,1474812,-0.05321257947452285,0.04339661534180909,Consumer
2007-05-28,980.6577967898138,1027.9012797554053,925.1669878011446,971.9930436920573,1216757,0.03211686626414988,0.04507049778568918,Consumer
2007-05-29,903.1481183686603,1000.7666365513694,810.8534187506319,907.9783272288261,1938009,-0.06812813811370429,0.04335670399504838,Consumer
2007-05-30,911.377633594734,930.446467794556,897.9522318274576,916.9391400983453,1507810,0.009820591942275917,0.047958935616602145,Consumer
2007-05-31,914.2375300320084,938.1847530688099,901.6209714376797,925.4139587715746,906208,0.009200058832184766,0.044209888128069454,Consumer
2007-06-01,973.7006813235964,1048.0173732605342,899.3961031310561,973.7119361918959,1442242,0.050874346102291385,0.040942734752511124,Consumer
2007-06-04,979.3270286973911,1006.4747008401162,959.7656737238434,986.7647820775464,1122558,0.013316188498385746,0.04277003491829233,Consumer
2007-06-05,1015.8531622801188,1065.8639141555375,968.2039126803618,1018.1088596134443,1302181,0.03127043117977568,0.03987504032534936,Consumer
2007-06-06,974.6855669732527,1037.063089863188,915.5803300242733,977.7707655120271,759474,-0.040426874711689355,0.03897038686854357,Consumer
2007-06-07,990.8326572124265,1007.7464086140136,972.0796983631553,988.9615088122049,1374567,0.011380160096305101,0.03949813504445947,Consumer
2007-06-08,956.6517861661345,1024.5665570115214,876.2831019649194,943.2461799505417,1508837,-0.047328102609178434,0.03697983699483972,Consumer
2007-06-11,882.0688055642418,969.7777536013826,797.13009748915,884.5957169066932,1891114,-0.06419658537541426,0.03911520254095166,Consumer
2007-06-12,904.732385913231,926.0392065983941,877.4314590631814,898.5937114335367,1170173,0.015700274848793053,0.04407016555375263,Consumer
2007-06-13,909.5198562335403,946.1133197313617,881.1382907518491,917.4832563629229,930229,0.02080333213704172,0.04111834612551043,Consumer
2007-06-14,961.8466098533271,1015.3923031007835,899.1664717314927,952.1736758347821,1489904,0.03711312018564069,0.038954993321504164,Consumer
2007-06-15,927.6951814456272,980.0166328981668,865.3166899447031,917.0370279360791,1092781,-0.03759959988222788,0.038994881167017534,Consumer
2007-06-18,907.2988703225344,929.1700372983757,880.664040132052,902.4175386938713,941617,-0.016070534705626787,0.039096548344827065,Consumer
2007-06-19,915.4451599728467,933.249103064018,896.4144912598798,914.1941033012417,1040303,0.01296559959360786,0.03689947678277069,Consumer
2007-06-20,917.4637748711082,947.7771343480814,897.4756904881376,927.5688973590661,1161220,0.014524158831795956,0.03484929160538348,Consumer
2007-06-21,957.9793264761909,993.5714527176223,915.5041146961364,950.8306435297127,1295471,0.024768889583698217,0.03321477350191216,Consumer
2007-06-22,928.7647016853874,960.2642171834176,899.9424599072025,931.361392612217,1018157,-0.020688585405167707,0.03278111692282733,Consumer
2007-06-25,930.6231030133799,937.0127862404794,920.7424183169524,927.1079665224688,1181362,-0.004577351243777494,0.031998186452930406,Consumer
2007-06-26,925.925321881923,937.2841381050761,919.8487191180386,931.1730955915976,489860,0.004375156844206983,0.03036856879542623,Consumer
2007-06-27,896.1392255637892,947.1692510083006,846.3459489001066,897.3108726866643,1205231,-0.0370428130237286,0.028994331793606495,Consumer
2007-06-28,918.1579116668845,945.3000605560138,888.116369206297,915.1701966814938,1488531,0.0197076839355834,0.03127878706780091,Consumer
2007-06-29,912.5239139752089,931.5437497665365,902.7838179504759,921.7056497479025,1330690,0.007115865404047274,0.030674890990221818,Consumer
2007-07-02,882.2189527676376,941.2103079880883,822.5755585319968,881.5201895351385,1946151,-0.04457801549557674,0.029331799823346518,Consumer
2007-07-03,894.8246701507938,913.1352856326776,875.3420368182615,893.6281685305047,1015787,0.01364186459663136,0.032960028891523725,Consumer
2007-07-04,872.6023267474023,902.1162097609699,846.7259266581349,876.1350493021404,1089911,-0.019769524861510835,0.03157539982446757,Consumer
2007-07-05,887.121001395156,900.6947733004059,871.5747818567163,885.1179045270262,1322855,0.010200616664395526,0.030922965838474707,Consumer
2007-07-06,889.8825102991211,937.8837332469265,858.6437713295745,906.0765144362149,1294083,0.02340289390865478,0.02967476604875042,Consumer
2007-07-09,888.7419657944343,912.448459653675,869.4374532476164,893.0503636774804,1428814,-0.01448077791590264,0.02977629440567478,Consumer
2007-07-10,875.5070412068839,897.8108842601989,861.1961054385445,883.3713986246761,956036,-0.010897255414882675,0.028995794629293907,Consumer
2007-07-11,859.09902548684,892.7054405292135,830.623991558112,864.0657823082789,1302696,-0.022096819329678205,0.028114363078041268,Consumer
2007-07-12,838.3172837739511,880.759602586879,793.0944783324702,835.3885197084392,1977694,-0.03375199313706164,0.02838264157368743,Consumer
2007-07-13,854.2232940710014,887.6974353613283,822.7555810971752,856.1584360022233,1230942,0.02455853810296639,0.030254570402981542,Consumer
2007-07-16,854.1723405085793,874.2463643387264,823.0412532636999,842.8491696697694,855607,-0.015667426722648606,0.030376627417776338,Consumer
2007-07-17,870.5352874041018,916.221530083732,826.284276368259,871.90109250377,1440647,0.03388797036805355,0.029580598939831417,Consumer
2007-07-18,870.0188876999979,881.0053623160467,864.5862448509158,875.5382549839167,1256359,0.004162854336372694,0.031181222671044118,Consumer
2007-07-19,911.4074984829227,963.4658543963068,857.5702706789934,909.5208646346179,1521498,0.03807909268542516,0.02967177650972161,Consumer
2007-07-20,896.139205063743,931.1604303446236,851.500668096647,886.1307622583698,1039432,-0.026053411555547724,0.03196613914685466,Consumer
2007-07-23,890.3531899365781,899.1912948364446,882.5164177202423,891.3457859202076,1364218,0.005867912722660817,0.0319262318418142,Consumer
2007-07-24,937.5132392157451,1004.14951428669,868.1698673453741,934.5990054102925,2062128,0.04738512644129904,0.030341263712178036,Consumer
2007-07-25,985.126318099558,1051.6513947337642,911.6165699181838,977.6358168311074,1496116,0.04501965917937095,0.034253121873782974,Consumer
2007-07-26,954.3480860221339,991.6683980858339,915.230677093157,952.4778526415569,1161399,-0.0260703703469152,0.03664200517676662,Consumer
2007-07-27,944.6067988250848,958.026886698765,930.0948134176448,943.4991650692767,1246911,-0.009471375031651567,0.03572196615813792,Consumer
2007-07-30,949.1371060478075,966.4342064780437,935.4003538761476,952.6466609223332,1405748,0.009648589990585963,0.03367941707795801,Consumer
2007-07-31,960.7774203707625,972.8309657673474,948.5958484038295,960.6477672216822,758172,0.008363744568388816,0.031959455581874435,Consumer
2007-08-01,992.1011684921841,1035.2948072221423,945.8832103177546,988.9391840409642,878492,0.029025022918851926,0.030456826399883362,Consumer
2007-08-02,1002.2092037461551,1008.9863723746917,986.689887881701,993.4075376240623,1067559,0.004508152990549403,0.03112012874006288,Consumer
2007-08-03,977.1522706264947,1005.9338558150755,945.3994810587026,974.0908947845145,1080838,-0.019636369924977765,0.029628001058903723,Consumer
2007-08-06,1017.6398456361238,1093.7503482061838,945.4274695102971,1021.2796866290305,1063389,0.04730709424392808,0.029327338968472845,Consumer
2007-08-07,1022.9590217803001,1033.167327818797,1015.8411790731096,1026.028129975264,1357894,0.004638727818443758,0.033522655378832214,Consumer
2007-08-08,990.9332760757687,1056.050347694026,917.5163414011035,982.0496440439813,1683119,-0.043808581391830116,0.03165821233557573,Consumer
2007-08-09,977.1567978596252,983.3548042167754,973.2399238926575,979.4288229744514,715541,-0.002672293041435543,0.03449163227744101,Consumer
2007-08-10,1025.799257982452,1071.2992537107423,964.0764017010453,1008.8234231955591,1029969,0.029570435199170162,0.03244702344198407,Consumer
2007-08-13,984.6445394584274,1026.4195647854403,939.0820587392059,980.6892760688628,1323714,-0.028284335888353464,0.032762922028964074,Consumer
2007-08-14,1006.7748792046824,1041.8386436148467,968.7682788303878,1003.7258523105803,1144797,0.023218540135383246,0.0328439917853717,Consumer
2007-08-15,1015.7217967740311,1044.5374306718516,991.2587485457949,1019.9720184131603,976017,0.016056265476059654,0.032308626216860585,Consumer
2007-08-16,1033.9161297359578,1051.2512241690301,1014.1433157549784,1031.436841343958,1243461,0.011177627749167205,0.03120494210172973,Consumer
2007-08-17,1047.628640964249,1068.7344948759405,1024.3227677502746,1045.3833880962018,1208786,0.013430874953466674,0.029962303542496307,Consumer
2007-08-20,989.2183324845024,1068.5901495242972,916.3907722071847,995.3138306226227,1578342,-0.049080880587406374,0.029073182955440195,Consumer
2007-08-21,982.4653555367771,1001.0315474102326,965.1285149359114,983.6733895256705,929379,-0.011764174348515103,0.03372743541412073,Consumer
2007-08-22,972.3616494229673,990.1114672775534,954.0359541346463,971.7750642657188,1067969,-0.012169558425180242,0.03210593853800707,Consumer
2007-08-23,1026.4885520930543,1109.7727937036545,942.5587559609608,1025.785995585731,1631383,0.05409006035886774,0.030770891348230574,Consumer
2007-08-24,991.4342058684316,1034.682130389753,964.6874885868897,1007.501940908122,1341749,-0.017985202395495684,0.036004699664565765,Consumer
2007-08-27,927.0301272874057,1041.7487137184469,815.3840234118343,929.7723522551382,1472890,-0.08028944661684327,0.03443240979265766,Consumer
2007-08-28,982.811896321524,1062.5429109576046,901.8225329420148,981.4424507493237,1653384,0.054083604356370045,0.04489356257871995,Consumer
2007-08-29,992.7914500470504,999.2969848088562,979.2799507262399,985.7392741965001,1038249,0.004368513824662481,0.04637996343071015,Consumer
2007-08-30,964.8811941746058,1008.0629266628234,913.945102859717,956.7635426886785,842573,-0.029835612749648282,0.04270530872412292,Consumer
2007-08-31,928.9654324632963,966.6586793367591,898.857733230399,936.3128508316183,1461212,-0.021606616120660935,0.041140239216613285,Consumer
2007-09-03,888.7192040189295,955.1432819774113,830.0690605898833,896.0118665118698,1578797,-0.04399600621045127,0.0390389844292596,Consumer
2007-09-04,862.3018028482957,910.0033442684612,819.0726456858854,866.5606798815525,1344165,-0.03342152134331527,0.04011958534911458,Consumer
2007-09-05,862.7210252594499,873.2082931274055,849.1175098793899,859.5664303783063,1332198,-0.0081040240208215,0.03943620945531103,Consumer
2007-09-06,876.6471437614338,927.3504214193961,836.179086361931,886.4307310294123,1535458,0.03077487347673797,0.03679705115579288,Consumer
2007-09-07,882.9364859132709,887.6129538007062,879.3847785764217,884.0567401203658,790271,-0.002681738640332255,0.03640442699227685,Consumer
2007-09-10,889.1561380484738,899.9910286705615,879.5954262079131,890.4167618864552,1032962,0.0071683786693487565,0.03407791956720759,Consumer
2007-09-11,829.5997053488684,914.6470204124473,752.7061673254076,837.0618360149477,1654832,-0.06179167898902526,0.03219862620571462,Consumer
2007-09-12,837.2868115335925,848.8020744488819,830.272197988155,841.7500686699419,1301446,0.005585193706474719,0.03875736010709034,Consumer
2007-09-13,870.2858317758945,907.8618455922226,828.9261656078122,866.3314421877354,836951,0.028784423419181686,0.036143955625904715,Consumer
2007-09-14,870.0105656622667,876.1555518695685,864.1124372310667,870.2557611659449,513425,0.004519583756786706,0.03562849810707863,Consumer
2007-09-17,849.0718428593301,882.4352201018974,814.442966382738,847.754583308814,1616516,-0.026195959366809244,0.03344511769291709,Consumer
2007-09-18,901.3543589678675,979.9248915606415,820.1597647680785,898.4797164531947,1619175,0.05811294363942466,0.033132989014977035,Consumer
2007-09-19,871.0571157951549,911.42010183436,831.009245290269,871.3583803394099,1184773,-0.03065078035924036,0.038533142898278014,Consumer
2007-09-20,885.1329175089661,898.6460214524734,866.8333094481555,880.2722061207215,686801,0.010177834067782275,0.03779898188827114,Consumer
2007-09-21,895.3085219828863,910.4778415310957,875.1876332371792,890.2716118129445,1017640,0.011295413201706992,0.03547602953232755,Consumer
2007-09-24,921.3022634989542,962.8723008684362,876.0617978357989,917.4583962464727,1158893,0.03008063623014517,0.03355557913391535,Consumer
2007-09-25,900.8975242492296,923.3843616782056,882.9684476909771,905.3663494671175,707661,-0.013267566381051598,0.03371213749099147,Consumer
2007-09-26,872.5995192971228,929.4706007852171,810.3732250619992,866.8709509989001,1463709,-0.04344954757244869,0.032180907678630695,Consumer
2007-09-27,853.0617436614882,870.0625771015973,843.4970254617045,860.4154079802162,1437691,-0.007474815096603487,0.0348090237273902,Consumer
2007-09-28,864.078992224026,866.0395784477995,859.7626796285658,861.7179085781653,994113,0.0015126597154634946,0.032828576505728554,Consumer
2007-10-01,847.5819971199713,872.8499617207481,819.576863184129,844.7607203817365,1154792,-0.019874548764710016,0.03102443503476246,Consumer
2007-10-02,830.5093957774712,851.0199849358041,811.4716798405558,831.9492630106229,1192771,-0.015281959107433143,0.030483800758289353,Consumer
2007-10-03,838.11092864894,845.6151591695913,829.4364962888397,836.9301544599317,1071970,0.005969162525019879,0.029638495711845004,Consumer
2007-10-04,861.4937892262708,898.5592926003319,824.2270671616636,861.283523936789,1598828,0.028683126787136075,0.028427046586593535,Consumer
2007-10-05,887.5664806878325,935.5947845069036,842.8398909666143,890.7097956550701,1452514,0.03359492176597799,0.02949382726015947,Consumer
2007-10-08,949.978929922079,1033.793007696984,861.3253562486487,944.6711422374984,1837247,0.05881820121475726,0.031067692100171008,Consumer
2007-10-09,909.6035451567228,956.6578825608734,873.0499328029363,919.6985876734002,1331428,-0.026790875027125818,0.037297430381539334,Consumer
2007-10-10,941.1761207828681,958.4060047379157,913.948385762373,930.9918283350207,999866,0.01220450567085217,0.03633925285638767,Consumer
2007-10-11,966.1616124938092,1011.2398853133797,915.5954463846671,960.4051390006271,1454042,0.03110471528893024,0.03433330063260541,Consumer
2007-10-12,921.5816061140673,995.1011879393917,838.0133488350995,910.6617981299112,1035210,-0.05318362934443123,0.034469492639780795,Consumer
2007-10-15,910.6417479028711,915.3709502855104,907.8209832213377,912.5442923641448,980005,0.002065037971320371,0.038403014241228495,Consumer
2007-10-16,885.0564842522822,924.5660005581126,848.047553794678,887.4567041109767,934319,-0.027876887796504258,0.0357836954425203,Consumer
2007-10-17,901.4836573369265,934.3491500159731,873.3753911936359,906.097038615217,710438,0.02078667088750506,0.035227069401261184,Consumer
2007-10-18,911.6328465887559,930.5795929784924,896.9798001815011,915.858623929235,1335654,0.010715605126987344,0.034023080223119645,Consumer
2007-10-19,941.8342151966232,1015.2506705581309,882.5374976216019,955.1176446878092,1810684,0.04197250897469409,0.03229983930735098,Consumer
2007-10-22,961.7623154191091,967.7375047093356,953.1232510004711,959.0817868354432,984459,0.004141833655732069,0.03462480934054617,Consumer
2007-10-23,1009.542140622944,1081.8588375455938,933.9318509126664,1005.9944128745012,1712685,0.047755442137380755,0.03258335703085398,Consumer
2007-10-24,1016.6188466653259,1029.060411283177,1001.8232814530429,1014.2356804533981,1052815,0.008158786785339977,0.0359364364173827,Consumer
2007-10-25,1007.0743608108758,1015.6839435361314,1002.7353648128318,1011.3266265829666,1113443,-0.0028723440008609873,0.03381015883097516,Consumer
2007-10-26,1044.804432423785,1083.1297960401553,998.347345063439,1036.363063622128,1432236,0.024454569312690307,0.03187066089916408,Consumer
2007-10-29,1056.0592152047864,1114.3619370038664,1009.481031214008,1067.2884789731902,1125122,0.029403770369540783,0.03165904475754095,Consumer
2007-10-30,1025.5565360892906,1079.7175231578458,987.9109373743245,1041.4871516492324,1291219,-0.024471655073916212,0.032117337199084356,Consumer
2007-10-31,1001.7458141379882,1057.8196869356839,951.2957319405572,1007.0999584689291,539066,-0.03357477281855433,0.03185981739301497,Consumer
2007-11-01,995.3843611831414,1009.0423523445775,989.5799393266982,1003.1923991856495,868313,-0.0038875581351937283,0.03288051363536826,Consumer
2007-11-02,1025.9747327356024,1045.416764473784,996.6943362100635,1015.9463315984492,1609790,0.012633210232733075,0.031099348992843678,Consumer
2007-11-05,1052.094423574332,1101.3596300531733,999.0805308718516,1048.1615785750173,1568955,0.03121722751301496,0.029961230053864852,Consumer
2007-11-06,1100.6738848603666,1179.5663580896348,1020.6575429460675,1099.4632414707485,1676451,0.047784346368423,0.031053462594570553,Consumer
2007-11-07,1106.6388392812255,1155.0017795910364,1073.6282219340724,1121.5464731723775,1041079,0.019886414112963217,0.03484186554948697,Consumer
2007-11-08,1119.296899433602,1136.9715438226062,1092.276918003278,1109.8016239645276,1208391,-0.010527230322266268,0.03362268424614045,Consumer
2007-11-09,1116.7378231591385,1118.3564123219662,1109.2644085700813,1110.8744994874332,738576,0.0009662603159912354,0.031953267492875206,Consumer
2007-11-12,1103.5544575821673,1117.3958091626912,1087.8073063557406,1101.6244507914703,1075403,-0.008361678625780088,0.030281167276489312,Consumer
2007-11-13,1077.6786545308855,1107.6785301127027,1059.5052524508544,1089.3090000454674,1056554,-0.011242313592971103,0.029052485671926694,Consumer
2007-11-14,1088.3693763153237,1096.9585101945959,1075.0415767576594,1083.5930168245047,820466,-0.005261163514388716,0.028181482949135417,Consumer
2007-11-15,1040.241376736786,1102.4640123565835,981.5777169012631,1043.6103610861112,1945943,-0.03759618433915751,0.027193910369762903,Consumer
2007-11-16,1047.9820762953973,1062.9684817251425,1036.3871997720432,1051.336491938056,1321056,0.007376001801062445,0.030060405361347766,Consumer
2007-11-19,1008.5882776439979,1067.2615917991297,959.648326699867,1017.8712034054911,1415668,-0.032348813372060845,0.028828166552457478,Consumer
2007-11-20,1018.4275489650007,1032.347787983534,1009.7761485648316,1023.6520065427843,1326455,0.005663240622900344,0.030361446085587655,Consumer
2007-11-21,1006.0507670987488,1024.3861612560158,1003.8799330149347,1022.1805227423858,782103,-0.001438518581637974,0.029021798202030265,Consumer
2007-11-22,990.2247493917206,1034.139016963341,953.700064556106,997.3514615855063,1175720,-0.02459016491495233,0.027823051900536567,Consumer
2007-11-23,1015.8781113407281,1043.9042356906216,987.838776582552,1015.8645261429525,1465834,0.018392051852825365,0.028460484978820092,Consumer
2007-11-26,983.9876209660918,1037.7709003156772,925.9750142257393,979.5137590291591,1397170,-0.03643899455888166,0.02826197975880791,Consumer
2007-11-27,985.3532090256593,1003.5905016638957,970.9340811916336,989.1163066867081,1536969,0.009755640719794038,0.030629424555142157,Consumer
2007-11-28,1032.2302102401477,1093.605345239389,967.9218142248768,1029.1115154807737,926312,0.03963917763716835,0.029407570415479273,Consumer
2007-11-29,1029.2672444376926,1037.3150611571039,1024.3568843066066,1032.3898041246769,1444949,0.0031804892640028763,0.03205516836261737,Consumer
2007-11-30,1053.9597744766752,1100.1837515597429,1013.2808635657562,1059.2987751627204,1303060,0.02573084343193102,0.030389873013857135,Consumer
2007-12-03,1004.3355951731106,1084.7794367077818,923.7838641494615,1004.2183116778322,1235772,-0.05339771680653921,0.03062918462833237,Consumer
2007-12-04,1024.0067454166817,1057.9032962842264,991.7095792904813,1025.557227948987,1278821,0.021026662354037648,0.035752132591215895,Consumer
2007-12-05,1024.9459802688825,1030.1860997051244,1022.1743132674904,1027.4077754976638,816782,0.0018028052565690704,0.034480285197754826,Consumer
2007-12-06,1031.6609764493683,1079.6539231310344,1000.6841582067576,1048.1810699078478,1392842,0.020017440451043277,0.032428375998094255,Consumer
2007-12-07,1018.6180544055793,1058.348985243425,987.741314558941,1027.2117500105442,1359736,-0.020208254842983775,0.03164465743582446,Consumer
2007-12-10,1003.0881014957569,1036.0487598242044,976.2523122461946,1009.0533804367113,1342398,-0.01783544849121164,0.031021984300724392,Consumer
2007-12-11,980.4355169645679,1029.8713678482134,926.5009507933888,975.6979210133508,1532073,-0.03361489190484041,0.03029201695820059,Consumer
2007-12-12,981.9197957015568,1011.525700438141,960.5360718804062,989.9667346862266,832836,0.014518309889639909,0.03167931780804071,Consumer
2007-12-13,985.1096758707225,992.8995866665837,976.9744295100861,984.7615877439503,1163504,-0.005271772261618657,0.030569274439116455,Consumer
2007-12-14,965.1424140651469,997.7827439898426,930.2460883924382,962.8074517960117,1046287,-0.022546123383122185,0.029184810590510448,Consumer
2007-12-17,986.179727273804,1017.3458190480363,952.2322971879361,983.3076222528215,948286,0.021068567870069548,0.02928569082852959,Consumer
2007-12-18,995.5110766925309,1007.1269942158768,979.4233428504373,990.9864658772823,1484241,0.007778863738304521,0.02920109642903391,Consumer
2007-12-19,1001.9829678020138,1013.779410820816,987.0361448842783,998.795056310764,1199859,0.00784873156389022,0.02812898566043674,Consumer
2007-12-20,1038.6145271266626,1096.3243548318762,978.8954321359518,1036.4870480832565,1029512,0.03704282721384512,0.027243939794059625,Consumer
2007-12-21,1095.8385126797314,1195.2756502170314,999.7282035760179,1098.8970892360196,1271373,0.05846987367307623,0.029993523660968784,Consumer
2007-12-24,1102.7357072861776,1115.1687689221242,1092.9847062621895,1105.3942595042126,1144132,0.005895036595235928,0.03650339831279684,Consumer
2007-12-25,1101.2245988422196,1105.8277707429577,1100.9655057619652,1105.5676558402552,1040070,0.00015685149092314174,0.03422296289299095,Consumer
2007-12-26,1109.1162862903966,1109.6476777714345,1105.3909792647562,1105.9208397674092,926622,0.0003194083359314275,0.03220205958783629,Consumer
2007-12-27,1078.3790779317146,1115.0168525882266,1050.8423261405562,1087.2534898733852,1484541,-0.017023544784129613,0.03048923443793902,Consumer
2007-12-28,1106.4600082934592,1134.7209500540555,1077.6783019262668,1105.9255937972696,1243060,0.01702784348207595,0.029784977670662696,Consumer
2007-12-31,1105.9435298958074,1112.3430195985331,1095.292807804492,1101.6675547803236,1086358,-0.0038576349995788823,0.029209724988794605,Consumer
2008-01-01,1070.7946390412862,1117.4917577981753,1023.4328693115013,1070.0996811056273,1448547,-0.029073186743319525,0.028014257607605918,Consumer
2008-01-02,1058.929025907297,1081.0894755916693,1033.189905083934,1055.273862324832,1082436,-0.013951485662843733,0.029233994450913382,Consumer
2008-01-03,1046.610211287587,1064.744851907668,1025.079401754734,1043.154159277467,817806,-0.01155134956930525,0.028511361561225163,Consumer
2008-01-04,1024.775251723142,1051.0659038344807,1000.7116299270549,1026.951187045075,1510198,-0.015654568651760185,0.027754877805365483,Consumer
2008-01-07,1027.9697956849886,1030.3806340008357,1025.9122842596182,1028.322416794066,1005269,0.0013343527108852196,0.027441326891087404,Consumer
2008-01-08,1005.3064877547155,1034.6682738836098,986.2151633175664,1015.38554263756,951580,-0.012660367539447754,0.02650826685787606,Consumer
2008-01-09,985.4116677343615,1044.9177245425653,916.4233857746185,975.3200393975762,1521912,-0.040258001643123084,0.026195291664377045,Consumer
2008-01-10,942.7991783782676,988.093617832987,903.6200981230827,948.6705462808856,1215237,-0.02770408315556505,0.02986738436405305,Consumer
2008-01-11,980.374035998268,1029.784022988632,931.404201939609,980.7932491676128,1767341,0.0333001026550683,0.03047582570700315,Consumer
2008-01-14,987.8696174842562,997.8168054218648,977.4569004439057,987.399353133262,1016360,0.006712888530735751,0.03177035233585898,Consumer
2008-01-15,1002.158529212698,1010.6444931374991,984.5807874799673,992.989107620301,1349788,0.005645124117882997,0.0302364624402328,Consumer
2008-01-16,1001.4362603861954,1008.0288711892941,990.7909316837302,997.3566860136369,894289,0.004388770451588802,0.028916691419760193,Consumer
2008-01-17,987.4052874201707,1008.4561375139571,962.3186725762127,983.2816084684515,1190954,-0.014212907548015224,0.02778181473633458,Consumer
2008-01-18,972.9156208320553,989.5214355513721,955.5636697741877,972.1565282300487,809322,-0.01137872895569649,0.027345281040436903,Consumer
2008-01-21,1025.9906300131136,1100.0379620455062,946.454382068842,1020.0747563403188,1975539,0.048114365353379714,0.0267886699378947,Consumer
2008-01-22,1017.5761771015478,1029.0421447970798,1001.0326160794464,1012.4407178269846,953652,-0.007511947150198683,0.031958646602084806,Consumer
2008-01-23,1013.2552057047077,1013.8899968915842,1012.2291142020138,1012.8636600906638,1496892,0.000417657982117197,0.030422828215135818,Consumer
2008-01-24,1052.1696901947505,1102.871190689866,995.5294047569087,1045.930241375916,1238509,0.032125046601390476,0.028990773480792733,Consumer
2008-01-25,1162.3993913029938,1345.1276125623904,988.0394826075446,1169.6761848368612,2104478,0.1118202728328441,0.03044954433949603,Consumer
2008-01-28,1234.9728743525216,1334.7357887908033,1134.6790870334592,1234.3953480528555,1596773,0.0538543080635603,0.05212778350216036,Consumer
2008-01-29,1212.644414541586,1242.397837688505,1188.4197226899973,1218.0648629060329,853314,-0.013317831982783471,0.05204697517463632,Consumer
2008-01-30,1173.5851189671116,1241.053244664073,1104.872444663944,1172.264658533937,1539520,-0.03832593796368794,0.04789274263572316,Consumer
2008-01-31,1172.4906534511133,1186.295717017195,1149.4045902188088,1163.0990760824773,942079,-0.007849423518756468,0.04642524599672855,Consumer
2008-02-01,1145.368771915705,1171.3915720437285,1120.1356330130106,1146.1414114437341,1593182,-0.014687053649681894,0.04281921052660744,Consumer
2008-02-04,1134.3359714042772,1151.6052874784643,1117.7933305180416,1135.0522014188223,1098814,-0.009722364039851042,0.03998930186729745,Consumer
2008-02-05,1167.0992315058782,1226.8782053352832,1111.8626889157567,1171.4363932914414,1099735,0.03155204007737549,0.037329533421214624,Consumer
2008-02-06,1211.6658523350948,1265.5593594764855,1153.02032313382,1206.6926269135276,1231407,0.02965256856226952,0.0369340620202153,Consumer
2008-02-07,1207.459523883358,1222.3461600638957,1198.1002180577198,1212.9443401236433,1105479,0.005167491823680349,0.03637569481400324,Consumer
2008-02-08,1182.437897718041,1234.7272498965258,1125.627212347899,1177.7073729254141,1637166,-0.029481098488355666,0.034096310420973296,Consumer
2008-02-11,1170.9179325869804,1194.877268952203,1137.9791845367545,1161.750945913977,1347071,-0.013641341092845313,0.03406489369821542,Consumer
2008-02-12,1232.2925599483112,1322.4651223883998,1130.569257272577,1219.829866636456,1603640,0.048783092246574275,0.03249994637162154,Consumer
2008-02-13,1203.8077864899326,1225.6958615341043,1186.0954440841738,1207.9229699777118,1573707,-0.009809064539228831,0.03608276215448711,Consumer
2008-02-14,1145.3818164302234,1236.061725935037,1056.3907951469657,1146.9489457446828,1312151,-0.051797004868713185,0.03400007708561913,Consumer
2008-02-15,1146.768154918265,1150.829777610034,1140.1912826383755,1144.2439651565173,987973,-0.0023611995585735143,0.037778878364343474,Consumer
2008-02-18,1146.3672159051148,1147.014226172409,1144.0285324879947,1144.6745874348785,1603092,0.0003762670217810954,0.035250974594720055,Consumer
2008-02-19,1127.4634039444188,1147.5209722605991,1118.9675332740712,1138.9386313354423,1008237,-0.0050235899102503935,0.0330775785757185,Consumer
2008-02-20,1137.108687027913,1141.2970453762048,1135.6968474359185,1139.8817627201493,1191183,0.0008277365263325722,0.03129035685134033,Consumer
2008-02-21,1080.5124078436181,1171.779430646586,986.4578752793778,1077.4677245632242,1861058,-0.05631095156979561,0.029721573270453404,Consumer
2008-02-22,1070.775607716436,1081.1746351749994,1060.117756875199,1070.5142460737575,833218,-0.006474451717442668,0.03580971968811155,Consumer
2008-02-25,1146.0655866688608,1257.2891304807563,1031.2295773534815,1142.0648578376845,1384996,0.06469876599597665,0.03364753479928543,Consumer
2008-02-26,1144.2078005929473,1150.7386585153074,1131.233495321202,1137.727364501336,1038557,-0.0038051700742794607,0.040418001270048236,Consumer
2008-02-27,1130.2307151356895,1142.356407367954,1117.4998533579449,1129.618982611324,1435697,-0.007152340414442852,0.03753749804164664,Consumer
2008-02-28,1139.2005186078409,1155.4258263953775,1123.6980561382093,1139.9136593674345,758189,0.009072129805895987,0.03514149119476735,Consumer
2008-02-29,1130.688898458858,1139.937960866452,1130.6744356541637,1139.923379942174,1053279,8.52742943634004e-06,0.03317054496983405,Consumer
2008-03-03,1106.3809166322123,1152.9205025604062,1066.6619889787141,1112.9652000099804,838561,-0.023933244603435645,0.0313085939285715,Consumer
2008-03-04,1072.5672495878575,1137.392653920912,1004.401435358025,1069.011959835473,1404206,-0.040292985114586205,0.031146468060030973,Consumer
2008-03-05,1134.64297174231,1238.9135891960912,1031.5777395301222,1135.747983317935,1896090,0.0605566301641271,0.03346058390865682,Consumer
2008-03-06,1090.314583624976,1159.1973960867194,1020.11209869516,1088.905915735285,1843122,-0.04211800489893371,0.03931608270074526,Consumer
2008-03-07,1058.240416928298,1097.9740051587805,1030.867664495183,1070.2895854507128,1330094,-0.017244192652408563,0.040033641323834926,Consumer
2008-03-10,1097.1453282389332,1155.4495719068846,1046.0543554096362,1104.0376433439244,859669,0.031044792040026824,0.03777245394664448,Consumer
2008-03-11,1147.2425248331954,1200.8187089386915,1085.7616934327093,1138.9506471526715,924504,0.031133309040757465,0.03722866487859026,Consumer
2008-03-12,1160.0315921550698,1187.5111151482415,1129.670579765389,1157.0801881327504,976265,0.015792399206485407,0.03679906562248558,Consumer
2008-03-13,1118.6995180612162,1181.126357498679,1052.6146661441976,1114.8253131511046,1190760,-0.037202029934217964,0.034939189536320824,Consumer
2008-03-14,1102.2288393855445,1120.3491182961063,1085.5084645738052,1103.6078248216293,1326252,-0.01011306921289906,0.03583568371118274,Consumer
2008-03-17,1079.630151560887,1114.0886128768282,1047.6199772431523,1082.0079390533017,1622403,-0.019766135820651568,0.0338038179348735,Consumer
2008-03-18,1098.3357968572034,1121.4126640315906,1074.2159693552546,1097.270452844854,1318207,0.014007171723146802,0.03275306862526513,Consumer
2008-03-19,1062.2981198833938,1120.3830559694516,1000.143057761254,1057.9925727091684,944480,-0.03645237622023565,0.03142675504167301,Consumer
2008-03-20,1062.8092769986047,1069.9129403277911,1055.6143551059797,1062.7174043718303,1088702,0.00445590347702345,0.03300650096230584,Consumer
2008-03-21,1090.028115962811,1124.2272418062544,1051.1326682305373,1085.1796765390575,1565428,0.020916357014170998,0.031217327656114954,Consumer
2008-03-24,1073.212508012614,1086.5067531133413,1069.2557599896936,1082.5157058167508,1040853,-0.0024578841521005284,0.030744777367921056,Consumer
2008-03-25,1093.5237222256583,1109.7452641699729,1077.0564723131138,1093.2743144950166,628932,0.00988946199923226,0.02927625740251299,Consumer
2008-03-26,1080.830893752347,1098.2831366020807,1065.694349190752,1083.1146096392715,1196567,-0.009336363131420828,0.02829045098250815,Consumer
2008-03-27,1096.9680928583189,1124.9884409761178,1071.8317954070885,1099.7875378107976,1107068,0.015276225209512863,0.027447310340235894,Consumer
2008-03-28,1137.872193023735,1202.4123262135104,1075.9900904566489,1140.3931251386514,1807502,0.03625603586910355,0.02716041852454302,Consumer
2008-03-31,1079.1255482131353,1167.3191175744137,994.004464053956,1081.973396071055,1170978,-0.05258645718602229,0.029788012489656478,Consumer
2008-04-01,1063.813614551684,1087.276130378367,1047.8550719109944,1071.2066824181939,1531596,-0.010000838757463923,0.034995154984279575,Consumer
2008-04-02,1106.3957485880608,1182.8867898724625,1039.3912359938488,1115.3405693443724,1592067,0.04037404800209484,0.033086722628222286,Consumer
2008-04-03,1068.1927828443854,1142.4239993831638,990.8487334354149,1064.8474768296883,1251737,-0.04632822697111254,0.03493271438398185,Consumer
2008-04-04,1084.4642016694936,1103.28784572825,1058.5428741431483,1077.2411435938518,1034902,0.011571701509235565,0.037392262829752894,Consumer
2008-04-07,1045.792822683986,1087.3362146011586,1015.212960044741,1056.4448769273536,1674692,-0.019493894632503537,0.03519418555665527,Consumer
2008-04-08,1070.1969870412424,1119.3373355091123,1032.6793318484,1081.426026407511,1584601,0.023371183465682708,0.03388076662043671,Consumer
2008-04-09,1067.287004722793,1087.8571194103843,1047.773654833714,1068.324795455667,771284,-0.012188755103817147,0.033170120740190094,Consumer
2008-04-10,1126.866501485645,1220.8740518448421,1034.465303351203,1128.3511176304241,1726832,0.05466556923564678,0.03166212864894203,Consumer
2008-04-11,1121.6449451017752,1131.6027417501734,1111.8340172408894,1121.790540380427,133920,-0.005831273615137164,0.03674562533750539,Consumer
2008-04-14,1169.2962274273907,1241.6466055000435,1096.6981342122508,1169.0321739358192,1628959,0.04125009920530473,0.03442808951933935,Consumer
2008-04-15,1100.2071107769755,1201.4322393966177,998.3236163360524,1099.482033877689,1218201,-0.06133701411191949,0.03610360482041146,Consumer
2008-04-16,1058.5686671385931,1113.6810772693414,1015.2279637231148,1069.877364768838,996852,-0.02729516107357316,0.04131719520789887,Consumer
2008-04-17,1087.828481582307,1101.077785519578,1065.4629371661613,1078.5998400413398,1570516,0.00811972607912062,0.039717028697813524,Consumer
2008-04-18,1019.9228178787887,1102.442035726859,945.1907652222587,1027.1783535542108,1325698,-0.048848175140648376,0.03703840422596993,Consumer
2008-04-21,1122.3539632772463,1265.815536381822,975.5717988957733,1118.5467227496208,861848,0.08521469328367162,0.03943851343890634,Consumer
2008-04-22,1086.4046452809912,1152.012201210346,1009.5256433343766,1074.4087731924817,1705129,-0.04025974190146911,0.04933101120523652,Consumer
2008-04-23,1103.4438667061465,1139.6745392021849,1062.1282374713917,1098.1862814773997,748465,0.021889452098842334,0.04785358874651799,Consumer
2008-04-24,1132.1855311026002,1178.2157887466321,1082.4839801119679,1128.3586517336694,1140715,0.02710407224465211,0.04476432711115879,Consumer
2008-04-25,1136.301309554723,1146.2346519156297,1125.032227697788,1134.9537902868033,825725,0.0058278804969426655,0.0425825151348339,Consumer
2008-04-28,1175.0382847822054,1264.5018203045333,1097.3591057236843,1186.091910524789,1498964,0.04407185709863573,0.03944250378499929,Consumer
2008-04-29,1212.1239309562309,1239.3480152888285,1176.9438537701017,1203.9851423828657,1644536,0.014973212797430035,0.040446485287131344,Consumer
2008-04-30,1196.1095395461994,1208.0469685422725,1184.0647004854468,1196.0010466997105,1265823,-0.006653475901882219,0.037978468938166456,Consumer
2008-05-01,1142.997952745075,1219.615916262332,1069.0765135493805,1145.5306774263356,1114779,-0.04311552732482241,0.035503965884762206,Consumer
2008-05-02,1205.2576959878131,1287.700250097313,1116.9650990470263,1198.9781145310903,1624159,0.04560161940689441,0.037246041122671186,Consumer
2008-05-05,1132.7881056810033,1224.0671248796157,1054.6856997058708,1145.1148277000752,1154586,-0.04596470459829404,0.03900948881142968,Consumer
2008-05-06,1060.8555641296416,1178.7904078366082,953.2768134785907,1070.258162805524,1419734,-0.06760502515678572,0.04042654182816669,Consumer
2008-05-07,1028.7248216959892,1091.0775831085407,965.5723263794335,1027.873486944486,1380101,-0.0404078007370683,0.04574942777035636,Consumer
2008-05-08,1017.0033779929821,1030.8389689649207,1008.0973806693157,1021.8901774638205,475355,-0.005838064727796685,0.04493691875410502,Consumer
2008-05-09,1095.0739808864093,1201.4942076164411,984.3322719464213,1090.2873276146329,1926603,0.0647872372628132,0.0414797997060656,Consumer
2008-05-12,1112.7666093487592,1161.985958309597,1069.7575995623379,1118.7458478372748,1532599,0.02576701434969198,0.045891904991473866,Consumer
2008-05-13,1190.123997825557,1291.9091627165358,1083.0919474672273,1184.3864057084963,1302241,0.0570165602222669,0.043410187851145685,Consumer
2008-05-14,1187.647803275524,1188.9075388964288,1182.2937960236825,1183.549184247681,896102,-0.0007071319838707088,0.04577323178839695,Consumer
2008-05-15,1183.388752539836,1195.6011819422815,1176.181985088162,1188.3641148287868,1372839,0.004059960536330711,0.04214529634526067,Consumer
2008-05-16,1111.7195468175485,1221.3647537006093,1006.2405820203553,1115.5247542010907,1509093,-0.06325274217413394,0.039031439829416474,Consumer
2008-05-19,1072.1259006352072,1155.325054332733,977.0784984210302,1059.2808500273638,1762587,-0.05173469126354934,0.043805239926383306,Consumer
2008-05-20,1042.9578022755413,1069.6440199381818,1014.7193810796878,1041.364839518149,1076629,-0.017058036035856174,0.04512860487569519,Consumer
2008-05-21,1110.8306791424084,1206.3224231469428,1007.9878309610301,1102.7882100095753,1529393,0.05730951067973549,0.04210604791988179,Consumer
2008-05-22,1075.9595648566406,1121.4296244842744,1026.843389198462,1072.152564981596,1197456,-0.028173338548394367,0.04484409012676824,Consumer
2008-05-23,1023.7670758710399,1093.7859545039742,955.9594672194386,1025.8409838086727,1593601,-0.04415562240653184,0.04275341490667777,Consumer
2008-05-26,1100.7044194697855,1201.92949667245,990.397272508471,1090.7025375913631,1441123,0.06130927032552787,0.04306670915524266,Consumer
2008-05-27,1071.3783659910093,1115.5277686743973,1017.4187979751257,1061.1465683300596,1103442,-0.027472026742889944,0.046342390358581065,Consumer
2008-05-28,1041.0420152937909,1068.097978511689,1020.0213839428812,1046.9578942389983,1513217,-0.01346127632512981,0.04394656474995509,Consumer
2008-05-29,1066.2438594277983,1079.1497367245709,1042.6652537147143,1055.4403648892169,1534735,0.008069371862517037,0.04089280299395997,Consumer
2008-05-30,1066.1341733243285,1093.0411967381315,1043.600741727587,1070.4172397766265,781771,0.014090428866302691,0.03804660673043779,Consumer
2008-06-02,1128.6727598221985,1224.1828982893835,1035.5913894198247,1130.9164881525253,1475849,0.05497983928015706,0.0358861596553034,Consumer
2008-06-03,1021.0523335365635,1176.7528194274873,868.0529590474076,1023.4014431039395,2547070,-0.09989652796686747,0.039795358685850865,Consumer
2008-06-04,949.0093130395713,1056.992420601121,840.6997568258022,948.6409501881315,1572855,-0.07585672488691864,0.0535148007874802,Consumer
2008-06-05,896.1042750761769,969.843302001158,829.6316463218307,902.868877924219,533264,-0.04945304588850854,0.0570456267319801,Consumer
2008-06-06,790.774292263895,909.3904361034791,670.8933620017702,789.2863082373768,2158514,-0.1344482058536951,0.05540941603683584,Consumer
2008-06-09,827.8880607662348,898.3277489225036,762.1188349932214,832.2147977644063,1446322,0.05296144804257882,0.07257830748251275,Consumer
2008-06-10,809.3221610844258,850.533238432114,763.4753902963301,804.4377511172324,1181135,-0.03394699031633149,0.06881007063240052,Consumer
2008-06-11,762.5999168832362,823.8169122371647,701.3085829188199,762.5190899676684,970826,-0.053516043383205786,0.06372378189561041,Consumer
2008-06-12,770.7593878023009,787.7780229547384,755.6002207768535,772.5829896327868,1086246,0.013111888755729972,0.06146683120327934,Consumer
2008-06-13,778.5256702761106,779.3281885066333,772.3171604900007,773.114100377168,923488,0.000687211962441734,0.05610993953435829,Consumer
2008-06-16,795.3489717693824,839.8196822044548,755.2685350297304,799.5286183485836,1099745,0.033595682031655034,0.05117353896968308,Consumer
2008-06-17,832.7770152344065,889.2034070081438,778.6488151034623,834.9349472699437,1312360,0.0433314874135973,0.04862391747094375,Consumer
2008-06-18,838.305770482003,841.9632286437883,833.7136211940964,837.3669835066029,1370916,0.0029086110665660996,0.04767673384784376,Consumer
2008-06-19,812.9238954414,855.8399733668549,765.7308726565795,808.4085767698575,1379155,-0.03519483038622576,0.04381467520213961,Consumer
2008-06-20,835.8364206936754,870.1040605308939,796.7472232719055,830.8087380669467,1070949,0.027332014565544616,0.04267999558742327,Consumer
2008-06-23,821.6942482856529,833.118601438591,814.7629784949306,826.1497479960304,1013382,-0.005623559537855954,0.04085733069726469,Consumer
2008-06-24,770.9739897409212,853.5047286803137,686.900458690609,769.24624734863,1587728,-0.07136491419736594,0.03794997813762071,Consumer
2008-06-25,709.1835443693342,795.5263933582322,623.2514381109455,709.5498960883787,1257402,-0.08078031603210867,0.04490103917813398,Consumer
2008-06-26,726.3741828858418,766.9324340461396,692.0081147695437,732.286637094673,827454,0.03154119821069246,0.0518816111368774,Consumer
2008-06-27,695.9641567772987,755.4413296028545,632.616516962408,691.7320100681193,1798394,-0.05697340612191683,0.049016204840965166,Consumer
2008-06-30,649.8484305081655,714.867085229834,582.3542444408687,647.0976810999861,1300483,-0.06670135339182133,0.05008957995810203,Consumer
2008-07-01,668.793749400514,702.1961305236832,635.5225872225387,668.918749822699,1468080,0.033165344031996405,0.05267383978739705,Consumer
2008-07-02,712.52289524188,777.9191121972372,645.8582823306826,711.1263199049439,1161067,0.0611874765868935,0.04984593990560114,Consumer
2008-07-03,722.5049943861624,738.6516866326031,705.6696224268774,721.8005720971412,555253,0.014898805657077335,0.05147115963060271,Consumer
2008-07-04,711.112867129284,729.4545199491955,691.1951999445865,709.4951265672759,920005,-0.017195257056689704,0.04746283156825236,Consumer
2008-07-07,707.6030956099366,715.0754769247342,697.077960298387,704.5177600659702,1096965,-0.007040087266583184,0.04411947227889155,Consumer
2008-07-08,677.2883591182509,716.5092010766655,640.0291941560392,679.1477469813439,1378615,-0.03667484162946363,0.04080020455392926,Consumer
2008-07-09,651.7073905577225,691.0049338347054,614.8547770160636,654.0214645213839,1371858,-0.03769852756579496,0.04041635751271893,Consumer
2008-07-10,642.0945273550444,657.5200978167637,631.5610998114634,646.9077109938961,1078170,-0.010936528392448176,0.04024875663633698,Consumer
2008-07-11,645.7987821287255,654.4452115322343,632.5749082683728,641.1592197966587,830807,-0.008925824000480805,0.037602008943787665,Consumer
2008-07-14,667.6824576043431,714.0376189958649,623.7217138577231,669.9289635143896,1913415,0.04389386326383543,0.035257331314211576,Consumer
2008-07-15,670.1775298229694,678.2731283093074,656.5278787638147,664.5555651421892,1202921,-0.008053188024648121,0.03719494876933842,Consumer
2008-07-16,663.1367646359942,665.4212453568831,660.746954187977,663.0310707976465,1276911,-0.0022966410980022746,0.034878352122298124,Consumer
2008-07-17,672.6238790506168,685.5186009791082,658.6850189957681,671.5593327451622,1263086,0.012780517542425898,0.03277179795897029,Consumer
2008-07-18,697.6256749704564,731.7870708050258,659.8681891191364,693.8444243378564,907254,0.032645392374180356,0.03136389385055201,Consumer
2008-07-21,672.8141401875585,703.6073889704461,642.6397765073509,673.4064608954274,1365779,-0.02989866183232105,0.032354494532670176,Consumer
2008-07-22,691.6184882231858,712.2177884051598,666.4522393314735,686.9113409184384,1260551,0.01985613025363654,0.03273438788302282,Consumer
2008-07-23,682.047371715204,688.426662212155,677.4931562833268,683.8603410916494,946398,-0.004451514289419851,0.031880589805685214,Consumer
2008-07-24,691.5309895325175,694.4664172688059,682.8872331325473,685.7983267208731,1091564,0.0028298830476349607,0.030266648344457046,Consumer
2008-07-25,719.8473615193483,762.14004072732,671.2910923557756,713.1928009047019,1251494,0.03916819172952304,0.028880049122449798,Consumer
2008-07-28,721.8247136114895,736.7785946716928,707.6512819082442,722.5901335207117,1262823,0.013090372621844013,0.03158113165097464,Consumer
2008-07-29,723.0808232780909,734.168359997292,716.1645554448575,727.2125719890181,1544969,0.0063766664440805965,0.030390754834188675,Consumer
2008-07-30,754.3040040610408,795.5678645122301,712.9638917447336,754.223339476177,1171546,0.03646969942183517,0.02906849952705281,Consumer
2008-07-31,716.3532836823767,770.265839815395,666.060936566013,719.7360051282618,2001432,-0.04680404511941234,0.031232802919226865,Consumer
2008-08-01,764.4692636293663,831.6336403267236,696.1026189315833,763.1511932268851,1169549,0.05857168268478635,0.03477043540831795,Consumer
2008-08-04,761.7830635869244,773.9667166452141,742.9813111997938,755.0573966359705,1069044,-0.010662399520866138,0.039771633668562116,Consumer
2008-08-05,751.2017680327419,758.2376039177778,749.3059410458832,756.3288376151565,1303227,0.0016824836038602,0.03718170639258543,Consumer
2008-08-06,761.3338206970643,764.8511769895233,755.1569054600664,758.6619175810431,862802,0.0030799947818234822,0.03473338516288229,Consumer
2008-08-07,723.858870923738,772.574802445599,680.679145886569,729.0834218085465,1260188,-0.03976808811001699,0.03265806777929328,Consumer
2008-08-08,754.9408610804647,788.8986262744156,717.4846576449606,751.2776490113002,957405,0.029987130510992017,0.03450311055036114,Consumer
2008-08-11,743.7643999037224,762.2550360917749,720.5582372913647,738.9286525533213,882864,-0.01657391882917587,0.03445658006191044,Consumer
2008-08-12,721.0448800072596,751.9455777000566,687.3407927058767,718.1159706927485,1161350,-0.02857029527527321,0.03303042454243802,Consumer
2008-08-13,763.6488665932882,832.1020071838727,694.0028840397025,762.3385702565885,1358995,0.0597596998525956,0.03309450743220691,Consumer
2008-08-14,763.705366702272,764.1572230239283,761.5870613656647,762.0379311271388,1144948,-0.0003944420988836747,0.03888290622773928,Consumer
2008-08-15,777.4336702585244,800.0821512783261,754.3472241461851,776.9825633552741,797810,0.0194215763018258,0.03618739635643243,Consumer
2008-08-18,789.6336267099233,836.3272888971788,754.3018178990375,800.5088720249774,1360405,0.029829706347992327,0.03470161045186775,Consumer
2008-08-19,789.5699448868602,805.7025111845468,773.7844046507619,789.9101689908541,392788,-0.01332838662221396,0.03459527599953005,Consumer
2008-08-20,823.9697884887499,874.4571986690847,772.4267397594268,822.8452453881913,1552730,0.040848916943046494,0.032925877067735185,Consumer
2008-08-21,831.7074561236985,846.8045821699883,817.3106424620648,832.3958524038427,762563,0.011539966010590813,0.034893922205115814,Consumer
2008-08-22,869.1626221984623,912.9298918166143,817.4672190833597,860.8140928811997,1007202,0.03357044930398787,0.03307634000028084,Consumer
2008-08-25,846.4238000017353,863.0562946160312,839.7394770337157,856.2940251481077,1248351,-0.0052647566290125215,0.033827232730776036,Consumer
2008-08-26,881.7924539624332,923.0056229026001,841.566072246575,882.736189051556,1622862,0.030412584832252017,0.03193090961328973,Consumer
2008-08-27,841.0113493973528,900.8346428522988,784.3182396584119,843.9438512960197,1223761,-0.044940423835790694,0.03247160587979137,Consumer
2008-08-28,828.2016013711198,852.6166132976016,803.1248041952429,827.5197143994902,875772,-0.01965303446734206,0.03530538776038406,Consumer
2008-08-29,805.684521914147,843.0066412770653,765.1866953511616,802.3545592185103,1295834,-0.030882327054637813,0.0339869473253342,Consumer
2008-09-01,795.2706211252591,807.6441746823017,781.7201069241604,794.0750588205669,1241891,-0.01037261466168976,0.03416354474351975,Consumer
2008-09-02,774.4276984884975,800.3098774585006,755.5801943727998,781.2952358061273,1074984,-0.016224888092616564,0.03240149536351626,Consumer
2008-09-03,796.0582921786051,819.760379723597,772.9054621810275,796.5920264179538,1403641,0.019389559973231323,0.03129492883002392,Consumer
2008-09-04,783.6516159684971,801.3942676349408,769.1223302992745,786.806489069637,1029926,-0.012360327279077292,0.030657646872751663,Consumer
2008-09-05,808.4537798968338,853.4655535052226,768.4308309138007,813.2072798908004,1554797,0.03300369996673597,0.02957752023051218,Consumer
2008-09-08,836.8459109129459,881.9920582394899,795.4824131679374,840.4503984116188,1734265,0.03295190285778626,0.031036275454912998,Consumer
2008-09-09,814.3527653812786,861.3520428219138,762.0529836186244,808.7276129314788,864972,-0.038475772366807236,0.03214769821593663,Consumer
2008-09-10,806.1827580228003,819.4382533021693,786.7587546102961,799.9111299261056,1168219,-0.010961530453201217,0.033894503379599816,Consumer
2008-09-11,832.0032674649806,874.7377888584832,785.2588551773118,827.776263237675,1427181,0.034242270485074694,0.032203930815371457,Consumer
2008-09-12,837.7355825802704,855.9428996557158,820.8156584973684,838.9974885882582,1063592,0.013464808733393533,0.03324987956617193,Consumer
2008-09-15,804.6898844588968,852.8213274732326,761.9490378895521,809.8086018615819,1174181,-0.03540978737673191,0.03180626910006863,Consumer
2008-09-16,849.0559786125718,903.8865069203696,790.837349706282,845.4339754795991,1869022,0.04305215022249011,0.03312686160146459,Consumer
2008-09-17,872.7881908513488,909.338955493131,832.9624151996107,869.3700337050537,1194242,0.027918774203493955,0.03543916355484494,Consumer
2008-09-18,874.8749252430865,890.2242409500086,862.3787806887683,877.687917444207,1440048,0.009522233173956157,0.0349523410335773,Consumer
2008-09-19,884.831092257009,899.6159474349107,871.6720444004397,886.4330751782826,811001,0.009914546005236918,0.033029287816646484,Consumer
2008-09-22,926.8109967000486,987.7529383395962,865.2564682121289,926.1552945194627,1393349,0.04383629589818141,0.0314243825128417,Consumer
2008-09-23,932.4427379744019,969.5681929376208,906.603313362432,943.4244482184682,1329401,0.018474360272318944,0.03432545088941514,Consumer
2008-09-24,948.2259880768712,955.906376855218,940.7303923160698,948.4093317876494,1806765,0.005269908126720922,0.03307241389935177,Consumer
2008-09-25,938.0964515361445,958.1628671291342,914.9808660965426,934.9806325528372,789560,-0.01426037842209125,0.031292066704735895,Consumer
2008-09-26,966.5470448145638,1017.7778838409564,916.5905452212909,967.7587562935337,1595591,0.03445702228448854,0.030230092785734207,Consumer
2008-09-29,938.9307103865214,978.8310346675972,905.1007240980009,944.7899384403664,1322632,-0.024020222091854542,0.03176758986096271,Consumer
2008-09-30,938.0614844598973,951.0773772332857,923.1021857551113,936.0907337538794,487352,-0.009250205868884696,0.03152601263814971,Consumer
2008-10-01,905.3944398418646,953.8531297112979,854.9330853099897,903.2785268923806,1579792,-0.035681457522459846,0.030132151011521443,Consumer
2008-10-02,891.106132970599,921.4133259977857,852.9957249776567,883.0281807448099,1194321,-0.022673837160230168,0.03189564517773503,Consumer
2008-10-03,839.6987940168223,914.921348887176,757.3177808934539,831.8359613291939,1635712,-0.05972185534967498,0.03147985353807214,Consumer
2008-10-06,866.0606204297832,912.8522021939095,815.7529820875022,862.3437484404519,1401864,0.036018711747072295,0.03778610781734345,Consumer
2008-10-07,877.3926915360126,887.483595691643,858.9868834779801,868.9810451852917,1001676,0.0076673415472720136,0.03790559450232809,Consumer
2008-10-08,859.8770649363667,873.7793670720445,845.7661393156297,859.6650130432162,2074618,-0.010778519164796075,0.03547232011893667,Consumer
2008-10-09,857.800543718862,860.4035417780129,855.5821207964286,858.1841268422266,1269673,-0.0017241171339712731,0.033526927491258976,Consumer
2008-10-10,851.8507020047626,862.3042479240494,840.7464612904045,851.1919229561723,1635571,-0.008181046979777935,0.03161787122162176,Consumer
2008-10-13,818.9396339835274,872.6275578502124,761.3756271066995,814.7916158090479,1416913,-0.04370523511037766,0.030162746127009823,Consumer
2008-10-14,817.2540786358601,839.4034305452715,802.5835870167093,824.601053703431,897123,0.011967303684094878,0.03338195829405407,Consumer
2008-10-15,778.9483940393861,847.8891926985276,708.5546989242316,777.354423258678,1768995,-0.05900330855179058,0.03182713567471749,Consumer
2008-10-16,740.3357305712175,797.7141857926284,680.995745804148,738.2094036959699,1498539,-0.05166886035802497,0.03784946254855107,Consumer
2008-10-17,757.6836643417212,787.0555635660132,728.1698675855729,757.5360442605316,1262580,0.025843590235695883,0.04057728578621171,Consumer
2008-10-20,697.0329660698964,791.0378034460451,599.0186587589495,692.398467962695,2060114,-0.08990950878184842,0.038953774796049,Consumer
2008-10-21,690.6324291313622,695.1107216669499,689.0112587007096,693.4828602174622,1499850,0.0015649138984988756,0.0502640549707048,Consumer
2008-10-22,684.4925432111552,700.3712210382844,667.0001878350287,682.8405429960511,1079282,-0.01546515783565016,0.04606025967148779,Consumer
2008-10-23,691.1135776506618,696.7699496373729,680.9572619679423,686.576500556312,460147,0.005456287909472252,0.04281487688685024,Consumer
2008-10-24,675.4663289647463,695.4891756866173,653.1876309650715,673.1415647057527,1321559,-0.01976199835409414,0.039635294977224185,Consumer
2008-10-27,657.5662159782682,680.5195432148053,634.918174082307,657.861336705116,1381070,-0.022961481643099642,0.0376210814994378,Consumer
2008-10-28,679.6827669840926,715.6041991569255,644.8547191524186,680.7228555019517,1845686,0.034161081731520104,0.03621271964982516,Consumer
2008-10-29,678.8831448958385,683.4239168058416,673.1614085491798,677.6942282818386,1063062,-0.004459060879762748,0.03638867649846043,Consumer
2008-10-30,740.3169714104731,832.7604619063277,644.5548728923394,736.5248392847934,2116076,0.08324676597172383,0.0340923907263351,Consumer
2008-10-31,725.4032651666935,741.0809862784155,711.5932543081317,727.2360827850576,927672,-0.012691801026829092,0.04548996033260881,Consumer
2008-11-03,717.091715960328,736.166315065457,695.4490425197571,714.4534642793196,1125375,-0.017733295644601712,0.04218567843291787,Consumer
2008-11-04,676.5575166109429,732.3363881162361,620.4912792160875,676.2443300119293,1373254,-0.05496341910904531,0.039634273527330725,Consumer
2008-11-05,581.1678994924424,672.526752125746,493.99271456857605,584.8058714136922,2482434,-0.14527449724772265,0.0425422980861977,Consumer
2008-11-06,654.2776718363181,753.0111644859741,556.1360210608703,654.7923169443253,1637412,0.1130381635671598,0.06865551422683183,Consumer
2008-11-07,607.0452213743188,674.9770113012764,541.9882427435389,609.6417616916758,1277045,-0.07144660325139567,0.07607567068646823,Consumer
2008-11-10,542.2357365224934,623.5710970008674,459.5895774407898,540.6936205185763,2235824,-0.12001871097972854,0.07413297986551681,Consumer
2008-11-11,525.9405400157705,547.4101054904661,505.27454728410095,526.7137314379162,1146884,-0.026195600908358513,0.0815918660822158,Consumer
2008-11-12,578.1814818376164,652.9383551334641,499.8964935073106,574.1294535018834,1247545,0.0861977027907688,0.07435534624130997,Consumer
2008-11-13,644.1725831542396,740.7984706273755,545.9381669613725,642.2801964251441,1806165,0.11216975186551695,0.0750831579429963,Consumer
2008-11-14,700.422463344221,796.1817099737092,606.6932900948611,702.2129387800939,2219109,0.089212038119435,0.08060578434820971,Consumer
2008-11-17,668.4170565716714,722.6878212570144,611.2028431276993,665.2135016835201,1766258,-0.05412864533379719,0.08057078960842819,Consumer
2008-11-18,740.8054011726152,850.9163827187024,625.332037878693,734.5068178360161,1638847,0.0990912335608365,0.07571531052139509,Consumer
2008-11-19,677.9003478551697,759.1383646881065,597.5802476210816,678.7210273596986,1590909,-0.07898909280517452,0.07847998141674259,Consumer
2008-11-20,668.5416838868499,682.9542181013078,655.7064576671969,670.0892798314942,1840433,-0.012799228060126261,0.07722161293229687,Consumer
2008-11-21,704.1833296393854,757.4027977339126,651.2974394322962,704.4936050822541,1234604,0.05006829706706468,0.06996509872023803,Consumer
2008-11-24,713.100224090475,731.238489911737,697.0512220174538,715.143501918381,1163771,0.015003970485346414,0.06627305023028213,Consumer
2008-11-25,721.3594056992949,739.5062285423273,706.7729973098432,724.8492529205312,1030384,0.0134804816888853,0.06039421842369657,Consumer
2008-11-26,709.3421679451815,732.7522469959679,685.6742335847816,709.0755123282498,1313159,-0.02200167996835772,0.05518358273247572,Consumer
2008-11-27,708.5326735971241,709.3207767819936,707.7964238727591,708.5844732316468,809789,-0.0006927459634074964,0.05107634805629802,Consumer
2008-11-28,735.4456773629337,767.4406328109034,697.7027899219485,729.4363129450087,1071948,0.029002781517635277,0.046766512048258976,Consumer
2008-12-01,736.2155847523018,754.3273485477431,721.3042391267426,739.3524683322933,100000,0.013502698516020532,0.04445064138673271,Consumer
2008-12-02,713.0252124847478,760.4914066849575,660.1751621536005,707.2573916660266,1057160,-0.04438009892600156,0.041328392732305874,Consumer
2008-12-03,709.1246539829054,717.2398122127723,703.1463382806656,711.2436323430242,875222,0.005620371226846788,0.04197460915566485,Consumer
2008-12-04,663.3555787164038,739.0391199971917,583.9477977445845,659.1517115623648,1346560,-0.07606130981037945,0.038913140928557716,Consumer
2008-12-05,612.5937409789923,683.435215755975,539.6744034254405,610.244169392586,1982623,-0.07709456805067391,0.04668173579732457,Consumer
2008-12-08,632.642155678259,661.7065079294991,600.3162740291007,629.2235723947263,1507437,0.03062747978497688,0.05229611294426164,Consumer
2008-12-09,682.154820341808,761.5950252566448,600.8289820159806,680.0206528804905,1953989,0.07763653503665699,0.04928096103933091,Consumer
2008-12-10,694.4010051970515,722.4278972119961,668.922792153313,696.859480444962,1232366,0.024460614594980785,0.05428632638743159,Consumer
2008-12-11,725.6481455276562,768.7038352509608,681.9610843043315,724.9769491875373,1166827,0.039556075938150026,0.05047130309461833,Consumer
2008-12-12,747.09640130387,774.3751229509593,715.7175322056567,742.8408717550395,1231205,0.024341991742503444,0.04870918209535824,Consumer
2008-12-15,684.3763127896443,770.8135229452218,596.6092431215119,682.85421071316,1917937,-0.08420046938137835,0.04568311964629638,Consumer
2008-12-16,663.4853881470706,690.0130978003176,641.6739928742554,668.0515932614569,1283773,-0.02191597651077978,0.05322608188755705,Consumer
2008-12-17,719.0698888452422,802.1071271948125,637.5924436614696,720.4709306708479,1013909,0.07553966259998979,0.04938075676256796,Consumer
2008-12-18,691.751403962223,737.9133011417761,643.1347965116371,689.121173361404,1199978,-0.04448794457579835,0.05391385169521062,Consumer
2008-12-19,693.6282393541347,716.3378552292486,677.395490710796,699.9569968016741,884627,0.015601776016168432,0.052175083187067636,Consumer
2008-12-22,695.8762779503802,701.2232547391294,692.071979317423,697.4105682666416,1326429,-0.0036446120797624507,0.048107211067476625,Consumer
2008-12-23,709.692779475633,719.6215156137156,694.0972681124874,703.9456001250664,755726,0.009326792686659587,0.044197686420607916,Consumer
2008-12-24,726.9465691750137,758.0828305025676,693.3116131277238,724.3360623552068,1539143,0.02855437859106982,0.04093649651863848,Consumer
2008-12-25,789.5208517400993,897.7791286251454,683.9371043642086,791.8799020881344,2396571,0.08915428232468235,0.039534039488581516,Consumer
2008-12-26,798.2496655227017,799.2239029864661,791.5572231416876,792.5244731965092,1211597,0.0008136447411904272,0.05042444973573984,Consumer
2008-12-29,834.190922487991,906.2831965100423,765.4460807526661,837.283498657717,1646115,0.054939334934894786,0.04619739611262146,Consumer
2008-12-30,865.0426632282031,919.7086054794871,815.4887672737809,869.8777329633608,1159389,0.03818994373410039,0.04754060479771419,Consumer
2008-12-31,912.0963996094284,969.6384430370091,850.0078144872409,907.2437132000425,1656833,0.04205845160827362,0.04611787130807339,Consumer
2009-01-01,912.4509408818184,914.341614907543,906.6153524978268,908.4978353610525,330992,0.0013813886248666635,0.045462329966063544,Consumer
2009-01-02,879.4510089672084,924.0048298045044,833.8297714361221,878.3266301793903,1152514,-0.03377396457790816,0.04187773862011329,Consumer
2009-01-05,878.0170796483822,888.6785884992502,871.8313857338997,882.4615827386142,714482,0.004696714948460655,0.0409157438652176,Consumer
2009-01-06,942.4065975170389,1034.853530881642,849.684500990462,942.1015058871948,1769878,0.06539776893764898,0.03798140790612346,Consumer
2009-01-07,940.8572319657655,962.631117802839,928.6406705058913,950.2920499416226,1199426,0.0086563338515946,0.043538489920165915,Consumer
2009-01-08,987.9946393643944,1061.0158476603729,921.3707762173104,993.9878423076575,1377198,0.044955617161340805,0.040345010856179614,Consumer
2009-01-09,914.905727830744,1047.2198481925982,772.090110675183,902.6287247608633,1906094,-0.09641366415282523,0.04129560567350668,Consumer
2009-01-12,874.0018851268278,914.2141950540362,838.449757528779,878.4799129115859,1178527,-0.027118269196021068,0.05346588476458117,Consumer
2009-01-13,826.38391492658,906.0883932243258,744.3190318343848,823.7715481475304,1678795,-0.06429979807857804,0.04997189955920985,Consumer
2009-01-14,837.2667303670645,853.8756298761126,818.1792948927018,834.7380325032951,861780,0.013224698021673855,0.052133695451085114,Consumer
2009-01-15,797.2206022204158,856.8200066971755,734.7847483764306,794.1549692374913,1572247,-0.049839324532225796,0.04796427479670535,Consumer
2009-01-16,808.0211478715427,851.4105595889743,773.8487958595847,816.8642215407738,1620236,0.02819427197912119,0.04809418952319885,Consumer
2009-01-19,895.7854287471705,1011.3984353026021,775.3613035220975,890.2613549941777,2104166,0.08604218737004606,0.04549371823207677,Consumer
2009-01-20,842.2302560743567,909.8248600019701,780.9212141212175,848.0893155340723,1605323,-0.04852912174627177,0.05353719660177392,Consumer
2009-01-21,862.4496535437963,883.1029005102351,841.10134877965,861.7375426911699,987409,0.015964794297711502,0.05240464182304144,Consumer
2009-01-22,842.7829324332204,883.3715856002771,794.3191196603607,834.5093130899987,1312512,-0.032106846342091974,0.048324200833808395,Consumer
2009-01-23,828.2324584446558,836.0994607526351,823.461332720092,831.3106030318495,756018,-0.003840407907963124,0.046073963865573844,Consumer
2009-01-26,807.0855444178709,840.945075544039,777.6092306830573,811.3143188475528,708193,-0.0243479467066688,0.042431832708049455,Consumer
2009-01-27,817.7688024850619,823.03025947434,809.5593784983719,814.8017456890793,1203891,0.004289278317041421,0.040364485849515463,Consumer
2009-01-28,784.5171555671305,828.0034451195876,743.5950054417978,786.9541746864921,1434201,-0.034774807948166134,0.037499240800164785,Consumer
2009-01-29,778.7236046695799,788.6392100762272,773.6778868988686,783.5621411440421,1185259,-0.004319647981607271,0.03750130049272652,Consumer
2009-01-30,738.1329828637911,803.5411457876221,674.624114194735,739.8818083909667,1235492,-0.05735991584484405,0.03504107496523711,Consumer
2009-02-02,769.1952065613194,810.0108351957823,725.8498417635213,766.5237135792664,1405219,0.03537518026312956,0.039696669125187725,Consumer
2009-02-03,762.2252741325718,772.5725297300608,749.30607718937,759.617938036873,1027068,-0.009050041546019572,0.03934934482942559,Consumer
2009-02-04,743.0255606233824,773.6783479350614,708.5239084767408,739.0110824472065,1777699,-0.02750267638703394,0.03675571028563775,Consumer
2009-02-05,687.8597828965744,760.0164936359834,620.8149701473367,692.5176814734144,1403538,-0.06497914683223407,0.03597562191469213,Consumer
2009-02-06,721.5751693450345,758.9862486219603,679.7052649444399,716.872529232235,105737,0.03456427074754924,0.042056387459883625,Consumer
2009-02-09,721.676324240671,737.8241368594382,709.1379226013443,725.2240962431932,760644,0.011582664063439828,0.04116060134141833,Consumer
2009-02-10,722.2038395160264,733.3109278161171,706.7866274798142,717.8263931197472,1017168,-0.010252957860700383,0.03841197467262924,Consumer
2009-02-11,759.7681997549689,812.024462146026,699.8189612576382,751.5070266236735,1464781,0.04585281178119866,0.036002115359164144,Consumer
2009-02-12,755.8253663216775,768.9378318964556,745.3840406089038,758.4601086192131,669095,0.00920964566509837,0.03810897401536749,Consumer
2009-02-13,787.7056533850996,830.8420304034574,743.582449663276,786.6616551999683,1768310,0.03650803387702233,0.03570094895650063,Consumer
2009-02-16,833.1939690324776,906.690712332745,760.4006749594448,833.8408982747754,1476900,0.058244375882494655,0.036325909290072865,Consumer
2009-02-17,774.4839521703317,867.8170295925044,676.7415834321396,769.470488206179,2375060,-0.08034001407055286,0.04079851035138024,Consumer
2009-02-18,796.2300624795828,827.9486978554007,758.7017518180023,790.1793509378429,1533184,0.026557345563367456,0.048987676375205215,Consumer
2009-02-19,863.1490185201587,971.7089171658312,751.2165225187296,859.2912182672617,1902104,0.08384793843346221,0.046104531662508934,Consumer
2009-02-20,904.8555632230587,984.8268979753801,829.0184463545755,908.6700813975168,1102705,0.05587419690744487,0.053432890514987876,Consumer
2009-02-23,894.9568580043715,910.8483414480853,888.4579509454287,904.2817200504757,641827,-0.004841132471595277,0.053407376953349184,Consumer
2009-02-24,886.2038648467604,910.7221996806248,866.7013072151885,891.1116374224687,1324982,-0.014671234919476259,0.04884049359876328,Consumer
2009-02-25,841.4187381607977,913.0349815322129,771.8992442628579,843.3554713377813,1722085,-0.05508117084080942,0.04517302095372899,Consumer
2009-02-26,868.9187708238567,913.3511148233691,826.7558702529756,871.0831892908003,1212962,0.03234893907739669,0.046771484526878085,Consumer
2009-02-27,884.4147535535153,925.4478532207227,851.9399001852224,892.6698796168542,926739,0.02447935446411402,0.044799838066597576,Consumer
2009-03-02,887.6404871817003,900.4907489689858,871.2969918620245,884.0959396724589,1108035,-0.009651251058549349,0.042373413974822145,Consumer
2009-03-03,849.9663703896326,901.8221982868074,797.0704484063183,848.8586980207162,1545606,-0.040672846756986895,0.03937482655904144,Consumer
2009-03-04,871.6157617508543,899.2889687032467,839.490108975872,867.0173184856751,1046292,0.021166212733314173,0.03985528374935094,Consumer
2009-03-05,840.3882780069251,879.9407622261872,800.6905143608415,840.235823373549,1449815,-0.03137635721832866,0.03792039290953891,Consumer
2009-03-06,783.2767340836285,864.0979491409236,707.007604495484,787.424904402679,1646260,-0.06491458788391337,0.03739032398328305,Consumer
2009-03-09,794.9309703610273,806.4806166428368,783.4769640486868,795.0252518468369,1346667,0.009605870815121252,0.04301760825616231,Consumer
2009-03-10,788.8711942598148,796.1092342160892,785.6266553859135,792.848337796235,872645,-0.0027419253379681987,0.03992809298203503,Consumer
2009-03-11,823.9666958981935,879.0025179926982,772.0256728820666,826.877974467859,1270236,0.042025179961516765,0.037101614662026196,Consumer
2009-03-12,796.2547473211508,855.2768674766703,728.6729475333368,787.0097881432501,1522635,-0.04941644647778721,0.03829022343945335,Consumer
2009-03-13,827.744186302663,898.3682931778136,760.4613767018285,830.8343047082337,1372037,0.05418969669954907,0.0404871676733309,Consumer
2009-03-16,785.1394350237599,853.2191821429452,716.1726096597124,784.1681349719772,1453754,-0.0578069270945273,0.0430330928614839,Consumer
2009-03-17,832.523863533835,910.8856105463819,755.6950808234509,833.9273117656812,1442432,0.061522787174145326,0.045636868735671125,Consumer
2009-03-18,742.874987618666,860.9376303787402,631.4437394758661,748.6414177206437,1632435,-0.10788612155990561,0.04831083762106365,Consumer
2009-03-19,719.7830750822903,760.7402324106023,682.3407128336711,723.1240748506854,1126232,-0.03467930227389558,0.060934898942271436,Consumer
2009-03-20,751.2582895985217,791.6465357533627,709.2169431278121,749.5112680053512,1054981,0.03584053288909448,0.05701620496152387,Consumer
2009-03-23,674.0260672722399,775.1299773630758,568.8652166491491,669.2531960578226,2104505,-0.11325889348904906,0.0537899588421272,Consumer
2009-03-24,660.5451005055704,674.314804584809,646.2580149293287,660.0167040717761,1082542,-0.013897314070555286,0.06586975239777933,Consumer
2009-03-25,607.0539466653214,683.3359765422308,530.7053380246496,606.9777992656049,1656746,-0.0837729280304693,0.06000024771208993,Consumer
2009-03-26,688.3800049739209,791.637005720009,584.5064755189851,687.654677081159,2303760,0.12479457321136342,0.06350361644055755,Consumer
2009-03-27,740.7467295144717,823.2076612920472,658.1819655064946,740.6298906196442,1792907,0.07421423858923644,0.07524772598739786,Consumer
2009-03-30,730.639974052517,755.3330282459951,699.6563382244805,724.1293565075509,947217,-0.022530982034391276,0.07386432964852944,Consumer
2009-03-31,725.5817727820772,729.1936640039085,718.1375135834983,721.7302321270676,1034692,-0.003318616276685415,0.06738618647954794,Consumer
2009-04-01,704.3750211052575,729.5828191605956,680.3011593119288,705.4714829123052,1064109,-0.022785079985330914,0.061109495863604625,Consumer
2009-04-02,691.9432797151779,715.7427059697814,665.7643818220855,689.4790507905269,1181684,-0.02293003579175822,0.05626162429448529,Consumer
2009-04-03,666.9798271827824,698.8481346502209,638.1566292501678,669.8987949911684,945447,-0.02880966485834035,0.05206884169841645,Consumer
2009-04-06,680.580916130162,699.3256944212965,662.8904363947041,681.60850437328,1311703,0.01732880378725808,0.04892270371759195,Consumer
2009-04-07,663.8093188757111,696.0237003447659,627.8841871879108,659.909302537174,998544,-0.03235304733153999,0.04538488589096618,Consumer
2009-04-08,667.6331787821246,669.5005306792923,659.2917561167643,661.1409494244652,633667,0.0018646485889891782,0.043644452621316575,Consumer
2009-04-09,678.0051115820421,699.5127279347414,653.8507041506306,675.2716085699252,1220997,0.02114793923653856,0.04030374837214947,Consumer
2009-04-10,666.9439647475259,679.1112084077887,655.2979033357872,667.4562023899712,1720418,-0.011641219280090877,0.03829620093911773,Consumer
2009-04-13,678.314024015484,687.379784468744,664.4293888677075,673.4298719552822,788579,0.008910091916417978,0.035966747184649595,Consumer
2009-04-14,675.1723189999099,675.5448847379645,673.3059127200685,673.6776536892916,909051,0.00036787224788919137,0.03386434678433133,Consumer
2009-04-15,666.7899434528882,676.5120986513223,658.2276792474545,667.9351290921205,1353231,-0.008560681205533374,0.03189757805856389,Consumer
2009-04-16,684.2097381645672,716.8329358292249,654.8375853091861,687.326964856709,1339076,0.028619053697553406,0.030413108657405565,Consumer
2009-04-17,686.1749149330038,688.8141622934894,682.9298619943738,685.5667702365822,1292577,-0.0025642124216905906,0.031029393770217985,Consumer
2009-04-20,675.5232021518119,688.6876079054864,666.1244330301944,679.2371652344938,857765,-0.009275545327117017,0.029516857895096612,Consumer
2009-04-21,660.3545544930122,687.2249991055758,635.863451048567,662.6488068677612,1158810,-0.024725205853743593,0.028458764575553384,Consumer
2009-04-22,626.3584550088286,679.200884939237,573.7103405806705,626.5377038751167,1664909,-0.05603619248918847,0.02897622120998384,Consumer
2009-04-23,635.1594465239208,647.3218455180915,622.435735635823,634.5871764733843,1335921,0.012765717396613568,0.035252026137383104,Consumer
2009-04-24,670.4711124277096,715.6073367904746,619.0347989482837,663.7162873906605,1236950,0.04488010845521354,0.03344560970486445,Consumer
2009-04-27,707.7505979223475,771.5241587195208,641.3001980905763,704.808669378224,1559747,0.060071594885152145,0.03601417314151275,Consumer
2009-04-28,712.2110931362608,718.349340702249,702.7605067803389,708.8699585136554,891930,0.0057457193287626124,0.04097445558467327,Consumer
2009-04-29,760.2818868477555,836.2238311608835,681.9993153972396,757.681517782888,1953952,0.06659104175864299,0.03805360432283685,Consumer
2009-04-30,770.4357234323397,797.7455300610095,746.3965501442648,773.6073941474813,1803536,0.02080136608150241,0.04385905229188636,Consumer
2009-05-01,775.0293337176889,789.3265846186649,750.0550584751077,764.1516446488612,795279,-0.012298244964393303,0.041277084429286424,Consumer
2009-05-04,776.9122559044491,795.4796518334881,757.8683754741293,776.424105106136,1738209,0.015932640859529685,0.038545105831565514,Consumer
2009-05-05,762.8251778990893,781.8812535545514,746.2651711194554,765.2682114872079,1228278,-0.014472522459420394,0.03642330989307647,Consumer
2009-05-06,776.1399861477823,782.456070113732,763.1697455088625,769.4312348952598,1135681,0.00542521029597449,0.03453612729887979,Consumer
2009-05-07,749.0476118579543,777.3169740598909,725.000542316849,753.138570326893,984547,-0.02140235071880896,0.03253629061612396,Consumer
2009-05-08,727.890531732839,764.1327004847518,693.9403795661627,730.0804084435822,1799214,-0.031094558578612593,0.031868436706075434,Consumer
2009-05-11,709.3427283669964,744.1364467569085,671.933766705074,706.5925889842788,1246284,-0.03270043003519799,0.03251935642738221,Consumer
2009-05-12,779.4614696447144,882.4537726102855,669.6976122135734,771.65894728967,1945548,0.08808842769569784,0.033262660035450135,Consumer
2009-05-13,776.8442566861187,799.608272383922,760.1544707786481,782.790731913557,686581,0.014322721501189264,0.04635794760547724,Consumer
2009-05-14,776.8492146262291,785.1699643365994,769.6777387033887,777.9879759497444,922907,-0.006154326809560527,0.04301184136530117,Consumer
2009-05-15,812.5727387691054,853.0104246125311,764.2093557128612,804.2319628044964,1204850,0.03317666953704046,0.03982080058058725,Consumer
2009-05-18,816.4073873148121,844.2712220864875,792.4000514883008,820.1537212869672,808907,0.019604049154489035,0.03916197948697967,Consumer
2009-05-19,837.1186831455307,869.2310757862864,807.6234430907682,839.6467608370211,792065,0.02348949290673418,0.03720989547631969,Consumer
2009-05-20,860.1396867589007,896.138648197792,826.1426742666097,862.0655172737181,790052,0.02634999331360195,0.03592247901578114,Consumer
2009-05-21,864.4421776724364,865.2089877723546,861.8103150659508,862.5754692878013,960405,0.0005913718077191953,0.03516373019256375,Consumer
2009-05-22,865.7967720953491,866.0397941793974,862.4947331162791,862.736896318183,1111913,0.0001871278895008226,0.03300367850613898,Consumer
2009-05-25,916.8902441018353,986.4371540809711,838.6514639694507,907.4849763365971,1534418,0.05056723741037838,0.031167282340241322,Consumer
2009-05-26,905.9560523329519,911.4099890971577,898.40892190015,903.8501811306705,1259682,-0.00401339318109396,0.03550600534668312,Consumer
2009-05-27,931.1785385513896,968.2578043137211,891.2062467412815,928.1655355782897,1137069,0.02654647791461823,0.033331025055747386,Consumer
2009-05-28,938.2752349281533,952.4291517727873,923.403973768583,937.5469037096753,1256736,0.010056691482230021,0.03308282195436455,Consumer
2009-05-29,967.31774417139,1005.3399708183309,924.6091659961098,962.4396500632174,730102,0.02620457574638416,0.03147616627397088,Consumer
2009-06-01,993.7627216335618,1027.2766164774705,951.1275438880342,984.3230944575442,1644658,0.02248282822068297,0.03155314886271301,Consumer
2009-06-02,1051.9070818397774,1151.7842172563503,949.0767820930722,1048.6441020518264,1925966,0.06329908610171686,0.031181767064137538,Consumer
2009-06-03,1040.58506846228,1055.1773691721621,1024.3177647715684,1038.8862425579812,923906,-0.00934877961263712,0.03845592572010965,Consumer
2009-06-04,1057.2871774942137,1131.7793242102152,1002.1238629053493,1075.6575467910025,1252641,0.034782927327655186,0.03600272948582262,Consumer
2009-06-05,1120.3652097869463,1184.4275358107873,1053.5572615064173,1117.4530718926983,690504,0.03811990677338945,0.03631026066231966,Consumer
2009-06-08,1106.3855331218322,1121.513709522056,1103.9760814801937,1119.0766196310833,870965,0.0014518457141185343,0.03705019726471459,Consumer
2009-06-09,1076.999956800548,1134.0850280987943,1031.102482972562,1087.7302707753763,661892,-0.028410693697911236,0.03461921247342366,Consumer
2009-06-10,1170.6531872357943,1298.3759139208198,1042.166488954156,1169.795655676058,1653277,0.07273587547968878,0.03434919249827456,Consumer
2009-06-11,1187.3456474639277,1204.951796229656,1163.8987079245858,1181.4169449532271,1021213,0.009885438613057372,0.04286571774152786,Consumer
2009-06-12,1080.479108823569,1223.8133669351241,941.4675210613125,1084.309031446041,2290120,-0.08577157215229149,0.03980746274862224,Consumer
2009-06-15,1143.015097779545,1227.5472249696313,1054.8659208215324,1139.1091846859622,1771745,0.049303593250460055,0.04971138361389391,Consumer
2009-06-16,1172.0972614741615,1230.5441154346836,1117.0465341282847,1175.3410354451173,1810036,0.031311808416899276,0.04941258923348581,Consumer
2009-06-17,1119.827531284758,1209.118478568768,1025.628635691873,1114.4943332947712,1445829,-0.05315755911184418,0.04690786268586802,Consumer
2009-06-18,1059.142231680539,1136.782052879617,989.6779590705515,1066.814585813661,2247943,-0.043723603580461304,0.04779264565824308,Consumer
2009-06-19,1087.1300018748043,1097.5046901191806,1063.3776393169835,1073.6234317958317,672825,0.00636212671681996,0.04705393298886613,Consumer
2009-06-22,1179.4419606674967,1343.8182329546867,1013.9596569870071,1178.156822326199,1669954,0.09291188984218854,0.043328161583786294,Consumer
2009-06-23,1129.4981650955924,1212.0198509269228,1040.1628062852803,1122.1474449220796,1303604,-0.04870699122935795,0.05382152506285568,Consumer
2009-06-24,1157.080423956514,1188.04202931277,1111.7776555634748,1142.3449637790022,1215674,0.017838924425775005,0.05266175934457369,Consumer
2009-06-25,1057.4588220537323,1179.6093472637992,936.2529825732496,1058.3063627422914,2040214,-0.0764132761501352,0.04864506965266791,Consumer
2009-06-26,1032.8464850769421,1080.712138719183,978.5558363096599,1026.109263986183,1237833,-0.03089562313717592,0.05356232404414369,Consumer
2009-06-29,1088.8887306962138,1175.4794083584159,995.9349826324918,1081.9759410007055,1006453,0.053014708311434636,0.050381732552216216,Consumer
2009-06-30,1078.6794688536743,1092.2079895449147,1059.5102022533606,1072.9670796269318,634318,-0.008361162008344279,0.05051968996908442,Consumer
2009-07-01,996.9899511752822,1106.0488509624056,890.1183213947805,998.9654581181189,2257596,-0.0714628598844071,0.04639264612174428,Consumer
2009-07-02,915.2645307695228,1034.6220698321572,798.2835102609685,917.3717262295295,1779285,-0.08520743936196652,0.050871044246906076,Consumer
2009-07-03,992.346583198242,1103.3483189674619,877.8372405953281,988.3972078013442,1432362,0.07457188691170888,0.05709060056270227,Consumer
2009-07-06,957.2676693390919,997.8181551734662,928.7773838271123,968.979306863869,1269931,-0.019841392625080872,0.05951146348161774,Consumer
2009-07-07,988.3722658847845,1024.5620139524472,954.9637268191836,991.0625394052392,762950,0.022534383193289185,0.054702317663646846,Consumer
2009-07-08,965.1450759129486,1013.8727343173183,909.8801677259326,958.260228116311,1514372,-0.033658261761512695,0.05069560740443814,Consumer
2009-07-09,922.3708851661091,978.5498341765052,864.0872522218051,920.1296969235478,1688444,-0.04060474292491636,0.04822828501828481,Consumer
2009-07-10,976.3635558566409,1057.2661354384004,891.8152685472238,972.3884678797226,1749406,0.055240747906843836,0.046990272959876636,Consumer
2009-07-13,1025.15456393583,1104.9048575070863,944.4772814176159,1024.1493781338604,1606755,0.051862289113474125,0.0482099537094892,Consumer
2009-07-14,997.2255255231195,1034.8496541565196,964.5599507917295,1002.0268064736442,1310257,-0.021837637789609243,0.048608787931302196,Consumer
2009-07-15,978.293297639248,1021.0577723373042,930.703021564072,973.2469013901916,1155564,-0.029142231544979125,0.045406869248548434,Consumer
2009-07-16,954.9305002920107,987.5783984315016,918.7907592886752,951.3150496208932,1432580,-0.022792512564706595,0.04332225142899426,Consumer
2009-07-17,896.89735439935,973.6926513514655,826.4476823502849,902.7808419502988,1469233,-0.05236546612868911,0.04098022412644228,Consumer
2009-07-20,920.9528246029658,975.4016991474092,877.6071108695417,931.5568926424861,1262823,0.03137744053438063,0.04306767142525803,Consumer
2009-07-21,932.5891556096275,934.3810335139998,930.8944368255758,932.6861384908083,840367,0.0012114793699939436,0.04161178948048832,Consumer
2009-07-22,952.3648922346285,993.9852138749802,915.5763708514481,957.0169885301765,557189,0.025752399234891227,0.03854157458322598,Consumer
2009-07-23,975.8982477200623,994.7796115418489,950.684547616557,969.4409782765691,1634410,0.012898451155741637,0.037253728498453424,Consumer
2009-07-24,939.2839246871537,983.6200387120789,895.38336832837,939.7000340969013,833708,-0.031158882637398893,0.03514580680482016,Consumer
2009-07-27,940.143861713776,944.7743925943334,937.1030592343858,941.7284648725094,1159975,0.0021562674984990197,0.035125682681637294,Consumer
2009-07-28,939.7445187678828,957.1961457152227,930.5317752944088,947.9034168483357,1346998,0.006535636930735856,0.03298102925182326,Consumer
2009-07-29,931.5070336392249,961.1952351370775,898.3997181485603,927.975361179518,1161851,-0.021247434122507416,0.03125069303105544,Consumer
2009-07-30,969.6949234711898,1045.0813055077188,899.0772379100857,974.1399150281949,1043124,0.048549761271525035,0.030805886944795947,Consumer
2009-07-31,997.1083456919793,1030.6485857994464,962.7210324371662,996.231787304736,1344848,0.022425005435218894,0.03482476179807624,Consumer
2009-08-03,1011.8903912180822,1023.8406734726939,992.2479631241307,1004.1063165591062,354820,0.00787323894519589,0.03384735377765358,Consumer
2009-08-04,1010.3365237535816,1013.8136495392688,998.357403260666,1001.8051679408345,1190967,-0.002294368067099764,0.032028313566638725,Consumer
2009-08-05,974.1756203631523,1017.7359846153777,928.9018551435893,972.3820182925581,1564963,-0.029810069383579146,0.03035522878619838,Consumer
2009-08-06,984.9477803044595,1036.3535261913662,946.8635929177495,997.7734200589797,1343126,0.025777466344417195,0.03115201385509495,Consumer
2009-08-07,978.3321014188328,1015.8783999770528,935.243828543146,972.5689496328149,1850339,-0.025585244181580924,0.031241479469657905,Consumer
2009-08-10,976.9340892446852,985.1803028955643,969.3646690839018,977.6056791633974,633399,0.00516542534726207,0.03128921123226205,Consumer
2009-08-11,1027.9256430330272,1115.4614458978758,944.6439597524911,1031.8609290104434,1214787,0.054012780557941724,0.029786138294220204,Consumer
2009-08-12,1078.7405633926357,1134.7092487323653,1012.7557285247256,1068.1763046200695,1137864,0.03458890687841148,0.03531824312060248,Consumer
2009-08-13,1014.1896567694379,1090.0758309272512,945.8257449800213,1021.2368837253198,1404673,-0.04493828239002192,0.035740194593165,Consumer
2009-08-14,982.3743746557521,1039.356845180896,925.8410732738255,982.7991017670827,1138733,-0.038365076044617114,0.0377466103282221,Consumer
2009-08-17,1056.8054972441807,1186.6287926505672,933.2807881256844,1062.4449196515945,1489874,0.07792333243320576,0.03821815186534931,Consumer
2009-08-18,1041.5857190054244,1072.041506121831,1012.2732649482587,1042.697756934452,1232773,-0.018761428542597675,0.046683065090316285,Consumer
2009-08-19,1105.6826512741795,1191.6914536107333,1012.770744622068,1098.1972747593259,1777019,0.05185864270514263,0.043545901450368615,Consumer
2009-08-20,1121.1033774037617,1165.4910463442568,1080.6712743503488,1124.9212532673603,1254453,0.02404304180348067,0.04494879586799983,Consumer
2009-08-21,1125.3039257129562,1166.9818441049617,1100.3559781334818,1141.67103822938,1316531,0.01477997603398161,0.04246204868893025,Consumer
2009-08-24,1083.7102010325848,1170.9483590747386,994.9149142142228,1082.0167502720055,1689345,-0.05366635099742308,0.03968863334537519,Consumer
2009-08-25,1089.143736394237,1100.3656966955334,1078.1215277509984,1089.3414868046993,1238357,0.006746711981119671,0.04233393057425325,Consumer
2009-08-26,1109.9531351536393,1140.3943231970854,1079.014781267589,1109.4419497173249,1286273,0.01828376777321166,0.039249930709187024,Consumer
2009-08-27,1120.9158357837614,1140.9690473624566,1101.9755159989327,1122.010235308793,1411101,0.01126478853581691,0.03718319611247124,Consumer
2009-08-28,1180.0756944987531,1271.4326104210522,1089.5725916955337,1180.8686906605099,1837770,0.0511284167194385,0.03500151964735671,Consumer
2009-08-31,1237.8379106186842,1340.6378117890501,1141.4514096801586,1243.7879965818672,1361527,0.05191121288265751,0.03836928917161383,Consumer
2009-09-01,1305.3726833231237,1391.0098939238896,1214.1481905302735,1299.3931199582194,1412003,0.04373576562710389,0.0410119249081316,Consumer
2009-09-02,1266.2827729201222,1313.7719716030604,1222.2293508482219,1269.603038933369,910502,-0.023193040824686425,0.04162337044239119,Consumer
2009-09-03,1280.0796822341708,1314.102482086612,1253.4568820729683,1287.328914083742,1451344,0.013865178619056348,0.03958145455882029,Consumer
2009-09-04,1315.2788612077798,1398.7534212875175,1248.7930363485987,1331.4501561754175,1273404,0.03369922876944346,0.03717781210230525,Consumer
2009-09-07,1336.7255748542168,1362.7913462576819,1317.9870518543833,1343.951528201082,1464954,0.009345484893500374,0.037095787808317876,Consumer
2009-09-08,1325.1849969019984,1352.9322355288134,1297.874629224388,1325.6130463006357,903971,-0.013739147234263555,0.03484219699846714,Consumer
2009-09-09,1349.7645656015038,1388.4003243876932,1311.9749647166707,1350.5876786588099,1149674,0.01866478636244869,0.033158672747151834,Consumer
2009-09-10,1341.960519898536,1373.3489346355093,1298.589462833634,1329.690891341042,978759,-0.015593312556043806,0.03212248745311523,Consumer
2009-09-11,1375.5044397363288,1425.4159281817947,1312.8186647207883,1362.2491731973123,1233739,0.024190634845707205,0.031015416644162744,Consumer
2009-09-14,1361.2834366431891,1367.1692988541117,1352.4550510399333,1358.3281352382887,764151,-0.0028825063429047154,0.03094095793320817,Consumer
2009-09-15,1325.9034692437365,1371.9075231979687,1284.4288713588674,1330.2955402155687,1056595,-0.020853502962034504,0.029446912039841785,Consumer
2009-09-16,1309.8650232020934,1339.4070793426692,1282.176182775373,1311.6798753063981,946907,-0.014092464967131924,0.02930745282029608,Consumer
2009-09-17,1323.0075760446732,1354.4499162636648,1297.390056929848,1328.7217530072528,1067182,0.012908728858233966,0.02858200601739809,Consumer
2009-09-18,1325.2101635716765,1338.2787443619698,1306.997583667868,1320.014931596645,1441778,-0.006574343778082241,0.027902332276947297,Consumer
2009-09-21,1358.5516972266444,1416.9707651326464,1299.991145142603,1358.4038557173467,1326809,0.028667326646584626,0.027005840416683965,Consumer
2009-09-22,1358.8540774787966,1363.254153516504,1351.0854733993767,1355.4746064449241,784380,-0.002158718933662667,0.028402899074714504,Consumer
2009-09-23,1345.8554391255584,1363.2737722352074,1326.4375825017478,1343.8296980611096,1213187,-0.008628134742795297,0.027314442165160862,Consumer
2009-09-24,1320.3403456885828,1356.390405373168,1283.5604678247123,1319.5900414951864,1952722,-0.018202407584934487,0.026608827614273217,Consumer
2009-09-25,1337.3078344728258,1359.4745627944951,1312.1368461869852,1334.2529376499006,1201888,0.01105042421809956,0.02676047293842355,Consumer
2009-09-28,1351.5939068319894,1389.681695138462,1318.3439610174146,1356.3155932674422,775765,0.016400362883409618,0.02629097013844247,Consumer
2009-09-29,1349.0460320862178,1369.9551376193028,1321.5675479425313,1342.37323053186,1172730,-0.0103327858035852,0.02633092998856111,Consumer
2009-09-30,1378.93261705665,1429.6403414423773,1325.1003755808797,1375.6888150832153,1477563,0.0245154470728544,0.025897283035473458,Consumer
2009-10-01,1365.6970428745103,1387.070358246321,1340.1040787554784,1361.4103062067325,1161731,-0.010433409802623085,0.02695712311565954,Consumer
2009-10-02,1395.004792292723,1479.8156346963694,1324.1575895793753,1408.2935447398859,1355698,0.03385756718293362,0.026413587324607794,Consumer
2009-10-05,1506.1320847941784,1651.3765319561187,1356.9795560824732,1501.8069025753628,1741538,0.06429026538832806,0.02881132250723272,Consumer
2009-10-06,1485.006398969382,1525.7828635555202,1434.0753872470218,1474.5651478106004,1357695,-0.018305853592926195,0.03720295119003152,Consumer
2009-10-07,1402.4685794051493,1507.8085380940524,1297.4243985230482,1402.7437472786512,1003580,-0.049932993116397234,0.03546143402575736,Consumer
2009-10-08,1328.047804176681,1436.1275797452163,1222.3544496367012,1330.2583016486592,2063780,-0.053057003022319145,0.03847084886982401,Consumer
2009-10-09,1346.6677624470492,1355.223755942535,1327.4171313607605,1335.9047424895512,1023002,0.004235636897769325,0.04130692200671007,Consumer
2009-10-12,1320.5899702761003,1353.3240174662799,1281.4394127259707,1314.010368417207,1272677,-0.01652496128092191,0.0383105799685179,Consumer
2009-10-13,1361.6140460690508,1452.2379005458222,1278.4342394744024,1368.6295245314086,992086,0.04072608134186373,0.03626460508291465,Consumer
2009-10-14,1349.9757051009658,1381.4939966606526,1316.0316129572682,1347.4919147106198,1196794,-0.015564868533358523,0.037428456028474145,Consumer
2009-10-15,1305.831344372092,1376.6232938875207,1229.2037012461954,1299.661151207051,1239760,-0.03614144599429827,0.03545491822595912,Consumer
2009-10-16,1313.9296012945936,1323.2963973571693,1296.5433549380798,1305.8525711316481,1402745,0.0047525610978177415,0.03607730032737172,Consumer
2009-10-19,1297.633116860027,1334.5199555445206,1280.6598331080274,1317.2895618178375,1256027,0.008720124628688604,0.03383260712208525,Consumer
2009-10-20,1280.0463879784172,1339.9172583275865,1217.1268566944354,1276.8481371027071,1148019,-0.031181614932837765,0.03204874927002423,Consumer
2009-10-21,1243.0426023763198,1297.0212104631273,1186.5492183878973,1240.4136660060744,1102606,-0.02894972276553072,0.0326732586420649,Consumer
2009-10-22,1157.3817746078373,1275.92757405692,1043.6192102095163,1161.7369283866328,1798288,-0.06552868834017932,0.03285949530140684,Consumer
2009-10-23,1102.7431921439704,1186.324156354375,1025.751301218176,1108.902249216542,1749126,-0.04654567595567772,0.04009860963310568,Consumer
2009-10-26,1181.7535428694146,1280.5798705863556,1074.4298683343734,1172.4807408133079,1956387,0.05575123415157052,0.04136778684111829,Consumer
2009-10-27,1123.3455761286598,1199.365920104829,1044.913929410392,1120.7592484198578,1645938,-0.04511543944660678,0.0439916474676642,Consumer
2009-10-28,1161.2513616885187,1231.3131115690264,1094.5990749182056,1164.475754485388,1159806,0.03826463357792316,0.04419867044385457,Consumer
2009-10-29,1115.9016367424772,1206.7783626472217,1013.1185296434313,1102.9396588218215,1734375,-0.05429195723142191,0.0433871559638504,Consumer
2009-10-30,1097.7571481005873,1105.154070442238,1091.0912867592162,1098.4837967052376,626965,-0.004048170006092079,0.0452559248619224,Consumer
2009-11-02,1076.3081382529483,1106.9200665011851,1050.7057040321422,1081.2012387684908,1190565,-0.015858181197294072,0.0417245388248463,Consumer
2009-11-03,1127.706788081301,1204.9464193533463,1052.962524528662,1130.0470439379612,1574835,0.044186582506853006,0.03912124740789609,Consumer
2009-11-04,1157.2657391161474,1193.6065968635978,1117.7169757130655,1153.953831805243,1408953,0.020934896523250993,0.040214993597476704,Consumer
2009-11-05,1117.4826149648818,1170.7190119728468,1065.6253443175594,1118.8005805545451,1086597,-0.03093695893064793,0.03820388791604799,Consumer
2009-11-06,1137.17699197483,1161.79923484968,1110.4907078923457,1135.0672709263079,1347980,0.014434717461815053,0.03756586157275055,Consumer
2009-11-09,1111.616440118293,1151.4934947516015,1068.4876919455808,1108.2437582465786,1431524,-0.023915356169114672,0.03549942710513522,Consumer
2009-11-10,1150.8237045168166,1220.5734098991527,1083.0066902061822,1152.648841872281,1385781,0.03928607196420123,0.034553713243855415,Consumer
2009-11-11,1168.1629562155586,1190.0848706941958,1145.2568495537337,1167.1599413100248,1033141,0.012510762796118069,0.035870274555784086,Consumer
2009-11-12,1186.9324021674374,1214.54818243146,1157.824663050499,1185.4049037500345,1018539,0.015511009845544568,0.03395319064870008,Consumer
2009-11-13,1148.038845014166,1195.9819489277686,1116.1387583733083,1163.6481333648017,1195514,-0.018524394465917308,0.03253220002007038,Consumer
2009-11-16,1192.6317835822094,1219.2003682357572,1154.7482656554641,1181.0590411587066,960659,0.014851515792938783,0.03159348364878476,Consumer
2009-11-17,1115.5326737919513,1204.022868056268,1044.5952714538755,1132.0360086032772,628171,-0.04239373948408186,0.030522183661314446,Consumer
2009-11-18,1127.9031267386342,1154.670511003224,1087.8228730368294,1114.2666362634807,1456589,-0.01582132580362537,0.03338962905575081,Consumer
2009-11-19,1100.829149393626,1119.8103755912844,1084.0599049370012,1103.007940980886,770869,-0.010155523507507523,0.032084903230525416,Consumer
2009-11-20,1120.1694205377619,1143.4125902390447,1095.1661380605485,1118.372012091395,1332711,0.01383312754608412,0.03064348235606513,Consumer
2009-11-23,1105.8583662178748,1128.829112385109,1080.0804335537402,1102.9916322967817,827022,-0.013847913300625254,0.029663474533188364,Consumer
2009-11-24,1022.7792786103917,1136.488495418264,915.0793481264806,1028.2160646051632,1451176,-0.0702008294042605,0.028856577803373303,Consumer
2009-11-25,976.2065441916552,1055.349569933562,895.1444321687641,974.1181473860389,1231927,-0.05404800600364814,0.03879929294941626,Consumer
2009-11-26,1042.6777399999858,1154.5286605337037,933.1504543164251,1044.7804927914951,2083010,0.07002949008550631,0.04174309702987137,Consumer
2009-11-27,987.9047202615885,1068.1568806870616,914.5338392596333,994.3102650756206,1170014,-0.0495127917346302,0.047218728720303436,Consumer
2009-11-30,1057.6463835577642,1173.0870938212793,949.619913259188,1064.373523217751,1185783,0.06809236809703911,0.04744906906750455,Consumer
2009-12-01,1023.4274014262993,1080.4494109804593,973.9214365613492,1030.5966500739305,1388572,-0.03224847852484448,0.05095701044270213,Consumer
2009-12-02,1026.4567326144509,1032.2666251989895,1021.4342272724459,1027.2402858906898,630143,-0.0032620341299155857,0.048304121829107156,Consumer
2009-12-03,983.1851988460797,1053.0421052518093,910.1061931347996,979.7166537756484,1398637,-0.04736775023852242,0.04436470081658042,Consumer
2009-12-04,987.5410530594272,988.9528650678521,979.2488879851796,980.6508495960337,1185213,0.0009530824087775405,0.0448457011009373,Consumer
2009-12-07,928.3390556111374,1003.1868711860302,857.301431249456,931.8784110748517,1640657,-0.051014137512446156,0.04134060692224263,Consumer
2009-12-08,864.8214803847353,972.9113927428473,750.2183856467602,857.3779690185346,1780433,-0.08332348722422703,0.043099918311759196,Consumer
2009-12-09,814.0061151874809,874.904639768826,759.312002374255,819.8198918593413,1358254,-0.04479418667154097,0.051259173766898945,Consumer
2009-12-10,784.163927746462,833.7231970757441,741.1947123264829,790.4116311546425,1176380,-0.03653081020398752,0.050029793025224895,Consumer
2009-12-11,801.093926626776,831.3576848700345,776.597526388559,806.6901591893172,966417,0.020385791165476144,0.047984988967816146,Consumer
2009-12-14,718.4430630096497,836.1820142317392,610.6766035582023,727.1147949841211,2017646,-0.10385528563572477,0.044770351854877245,Consumer
2009-12-15,728.0906305239278,731.1651364142211,725.6614909148159,728.7338508196616,884910,0.0022242099241261385,0.05763155019031941,Consumer
2009-12-16,704.9550933295992,749.2523149893738,654.9240624397266,698.8368312240991,1120411,-0.041891294049717656,0.05251531708310854,Consumer
2009-12-17,670.6914207754377,711.2396438319737,632.0837606158617,672.5263574353731,1341793,-0.03837597933879318,0.05069042217466266,Consumer
2009-12-18,636.1494146096198,687.0359945523174,590.7780116727515,641.2974255483869,1163251,-0.04754795219999372,0.04874958962625375,Consumer
2009-12-21,649.8781325917715,653.9318624225003,639.9529067814808,643.9697822315118,1015394,0.004158451282306582,0.04837705194350366,Consumer
2009-12-22,669.3495016902258,710.1130756871057,629.394920116317,670.1129241601699,1177722,0.03979443870306551,0.04443945579499887,Consumer
2009-12-23,682.576886475292,692.1141217515064,666.9334348962675,676.3841426975796,1018229,0.009314931367866883,0.04378848921621221,Consumer
2009-12-24,720.8724146938979,803.3554935015064,644.1755762849771,726.1022315053838,1629298,0.07092964658338181,0.0405827626244059,Consumer
2009-12-25,670.6569203621091,748.7713368685577,597.6956920063174,675.304495600993,1654762,-0.07252712590753319,0.04660708865022164,Consumer
2009-12-28,650.8837087358014,685.2067548896897,620.3794110065089,654.5314998823238,1171606,-0.031243981395222758,0.05125235769036163,Consumer
2009-12-29,658.4828250879733,669.7113592772065,649.3872163745526,660.5866899252742,1541297,0.009208651936320936,0.04845483764362822,Consumer
2009-12-30,664.1049873368521,673.5395674977187,656.3404581952501,665.7557382398159,1070254,0.007794479577432274,0.04462081267109489,Consumer
2009-12-31,694.3158603609172,726.1616289307033,654.9434320884574,686.4273846819979,1564424,0.030577599608370438,0.04125441340663573,Consumer
2010-01-01,670.9756411822398,688.771853264184,664.0043764608602,681.6892766200145,737709,-0.006926495581962245,0.04002236549845545,Consumer
2010-01-04,642.8295048570524,697.5083600479343,593.0995245671606,647.4230204617487,1787577,-0.051574048706170696,0.03726430253245869,Consumer
2010-01-05,601.9234533516452,668.9093145245384,534.2312560979531,601.1286685782482,1589977,-0.07419089675484022,0.040123371862001524,Consumer
2010-01-06,641.6389113523268,717.6873838546875,571.250291405295,646.7392501347174,1935608,0.07313419713348303,0.04704839370110598,Consumer
2010-01-07,641.9534538578337,661.1605902161102,614.9986604706133,633.966838683606,1084543,-0.01994655141308757,0.051702347126965996,Consumer
2010-01-08,675.096408070355,741.8231599426604,609.6683517667764,676.280359115599,1646865,0.06461107433094211,0.04793939815789382,Consumer
2010-01-11,682.6035300293189,690.4963913885109,673.6334093517585,681.5136687782367,1733558,0.007708585351981087,0.050643236029332066,Consumer
2010-01-12,677.2296954414409,682.59148031449,673.9960373853405,679.3477090988923,923701,-0.0031832213677443957,0.046483365063616326,Consumer
2010-01-13,663.0268378969052,687.3302790892898,638.6472382370941,662.9477815978917,1151567,-0.024436860172432,0.04277946372795422,Consumer
2010-01-14,613.2755545616997,686.4808580593494,539.1547418100064,612.2359500947368,1789662,-0.0795784787149703,0.04066497305721633,Consumer
2010-01-15,545.7560810347685,627.6194931899837,462.7724643071312,544.4381933025073,1845249,-0.1173633225742936,0.04871162251643494,Consumer
2010-01-18,525.0002852985606,553.3212519585643,497.4080458384406,525.6926254419798,1101578,-0.035037745353387315,0.06375249138189483,Consumer
2010-01-19,553.7961464331249,595.6545621540419,511.0731369289856,552.8608594311053,2062350,0.05038967977719777,0.05946133757187255,Consumer
2010-01-20,579.2955139063971,608.7392801064719,542.8466591022428,571.9153129344301,1193447,0.033884566677117894,0.057527284890530224,Consumer
2010-01-21,551.9073062193614,580.6738889487165,524.8104679742717,553.4989082643483,1439942,-0.032731146383628285,0.05403457582266551,Consumer
2010-01-22,567.5674303885579,584.1263349684031,547.904305291291,564.3699218566406,1552875,0.019450146588466624,0.05095574058932209,Consumer
2010-01-25,592.2604439562388,642.5547901872418,545.0849479999956,595.1491956404421,1723213,0.05310219677581446,0.04726453458516179,Consumer
2010-01-26,582.4871438671834,598.4683299667798,572.5154903921812,588.3955302565491,1335418,-0.011412730827327217,0.04806376471942416,Consumer
2010-01-27,599.353797106931,613.0011324568435,583.7927984875053,597.3955442586933,1134465,0.015180054936708884,0.04435806518485544,Consumer
2010-01-28,594.752888365214,598.5496729561414,591.2788230525742,595.073733525588,821507,-0.0038941274385835395,0.0413361278754715,Consumer
2010-01-29,600.9880549810313,610.5916315846721,591.6623245801311,601.261655631989,798042,0.010344887138890589,0.03833034057331157,Consumer
2010-02-01,569.1309396156946,615.6252197089444,523.643366609035,570.0631408728033,1044177,-0.0532830787438536,0.03593639534316571,Consumer
2010-02-02,585.7264306748715,621.2480733311506,555.0427901843487,590.3236069260452,1569305,0.0349237446967284,0.03948420671954544,Consumer
2010-02-03,602.2504984177968,609.4797313224594,587.92360391473,595.0666035169088,796845,0.008002465113387114,0.03911716063013492,Consumer
2010-02-04,580.3712893832117,601.8883246153237,559.4168035435392,580.9142355360036,1280543,-0.024070207265584318,0.036520237154140565,Consumer
2010-02-05,569.7414084184647,585.1047845044543,557.0370982608472,572.3424747818881,1283445,-0.014865586351865922,0.035410286769623364,Consumer
2010-02-08,545.7502206177186,583.1424979173535,512.1647190587047,549.3363083053208,1800978,-0.04102670695640386,0.033708434788985504,Consumer
2010-02-09,561.2891210309565,596.9852893215086,532.8577643330718,568.2036845696144,601212,0.033769116643086385,0.035517396628858174,Consumer
2010-02-10,583.3158728883344,600.1858516903603,562.5124280235955,579.2652597339234,907695,0.019280552882943565,0.03578046054009726,Consumer
2010-02-11,569.4375864524518,588.4677575907074,547.570154566168,566.5022282658779,1538199,-0.022279493065912,0.03435045913943456,Consumer
2010-02-12,531.9082035476855,580.7271238556515,486.93228524060424,535.4515915749874,1983573,-0.05637052660227696,0.03344278107698392,Consumer
2010-02-15,506.61496717480776,547.5208142904404,468.67778764059904,509.37681732709376,1498500,-0.04992243550135583,0.03835858607069819,Consumer
2010-02-16,522.9724640745333,542.9482403718287,502.5560782250033,522.5143563596592,1039798,0.025464408000454596,0.04063178971239864,Consumer
2010-02-17,522.9732449522306,532.6091238964311,516.9482158394751,526.5429689871979,1096730,0.0076804810072784386,0.03896176689279004,Consumer
2010-02-18,512.5058303759405,531.8006436281989,496.49438151664725,515.6897251335128,1769207,-0.02082766401252227,0.036376694349568965,Consumer
2010-02-19,506.70681148509016,518.4230974593596,505.0980826685722,516.7823800114207,1823948,0.0021165807393338765,0.0349811356544402,Consumer
2010-02-22,524.6005007363912,536.3962103401409,512.7919307246204,524.5873445089063,1501748,0.014990085582193098,0.03285750855502279,Consumer
2010-02-23,517.9099505261579,527.5202571698799,509.021153328135,518.6192857759861,1182328,-0.011441882498418328,0.03158161007008569,Consumer
2010-02-24,513.7080296586106,519.7159204333518,510.42131229377304,516.4119036124741,793414,-0.0042653507116636995,0.03029118645681103,Consumer
2010-02-25,512.3083239536278,518.6768683336472,505.7833095009977,512.1498843055028,1235696,-0.008287384871245244,0.028927042089938217,Consumer
2010-02-26,499.172566691371,519.2654218831491,478.519794630239,498.5891666138884,1483164,-0.026834881739005348,0.0279234869502193,Consumer
2010-03-01,520.5510600594466,552.6796782850813,487.46675064044206,519.5325031276022,1456795,0.041146931512623774,0.028840830959929266,Consumer
2010-03-02,517.3420703651033,524.1369876364366,508.23903856010276,515.0032369307156,1163770,-0.008756188810159332,0.03192797081405353,Consumer
2010-03-03,486.8989289674073,527.1794074245081,448.43444406288677,488.5819645431937,1404597,-0.05266594032303478,0.03044695194291733,Consumer
2010-03-04,487.5037775452432,489.9554964065437,486.6822158632158,489.13119213762474,1070614,0.001123494449163436,0.0354636249783898,Consumer
2010-03-05,474.4738359468756,501.65006375885696,443.839963730863,470.80611724262934,1182990,-0.038184371477157836,0.03326145356494351,Consumer
2010-03-08,479.78020770364355,498.26021836749953,463.29890909910495,481.7125407070492,1566163,0.022901178970293527,0.03469533640661454,Consumer
2010-03-09,428.5399680010921,493.50824739502843,364.2589728009283,429.1376064304595,1503948,-0.11556991916021193,0.03378879539771926,Consumer
2010-03-10,439.8198874324663,458.4749752263674,422.1620693467718,440.7786643204162,1602336,0.026765226084970846,0.0549254684800033,Consumer
2010-03-11,450.13050483505987,467.08875595700994,434.30930984517295,451.22895270196034,591119,0.02343201185721941,0.05119474845436013,Consumer
2010-03-12,461.6107234805493,477.29884673390995,445.88246696038976,461.56917827446813,1167852,0.022657075114535154,0.047739718185130696,Consumer
2010-03-15,441.94850849423364,469.6778167903517,416.7885763209539,444.37948992464055,1516792,-0.03795303704648364,0.0447243335537648,Consumer
2010-03-16,445.38962874371845,451.5413507101393,441.1047940790985,447.2387269467899,1225322,0.00641361239402287,0.04377530996601273,Consumer
2010-03-17,469.45789414550944,500.68821499147856,436.4185389349345,467.51993881136565,1775267,0.04434948087348478,0.0404869407795589,Consumer
2010-03-18,444.5319741225245,476.13463925375294,417.87649756592265,449.1992960137707,1637899,-0.0399753420200619,0.04130841762900325,Consumer
2010-03-19,430.56508771612073,458.49093950165474,402.2887224075885,430.1902636247066,1566346,-0.04323907129219928,0.04128937501407422,Consumer
2010-03-22,392.49837900769427,444.3765671541052,346.92199599857787,398.1445575043125,1650878,-0.07741243522133201,0.04176472894888783,Consumer
2010-03-23,387.33880337554507,404.89029695623566,368.79269928391784,386.2969849168623,1249806,-0.03020868453790228,0.04893196129702747,Consumer
2010-03-24,395.59017716903173,415.90405605019237,377.8297340296134,398.0338993937904,1125966,0.029930711401915493,0.046393471117449375,Consumer
2010-03-25,389.802610362745,403.52977270133096,375.1062645695401,388.79805065932464,1210881,-0.023477117176155186,0.04422963319556472,Consumer
2010-03-26,388.0766638587449,389.4991594681496,386.42745579723453,387.849117334504,981512,-0.0024436676940075156,0.041805318043603004,Consumer
2010-03-29,406.651047441735,435.0779362464935,377.94596280858957,406.3519427377543,1463919,0.04660324699123685,0.03871748209983766,Consumer
2010-03-30,394.6129203158402,411.00057061217416,380.39651859233686,396.7086671076367,1103539,-0.02401746283780201,0.040311464010129104,Consumer
2010-03-31,367.5061558507011,409.15762785923334,327.2817077069833,368.79239742719153,1549031,-0.07296829817831023,0.03855563619870287,Consumer
2010-04-01,346.2309790139235,381.1660386526738,310.00994462252896,344.8006862606844,1658180,-0.06726734801575997,0.045693386250147856,Consumer
2010-04-02,316.43250789310764,358.99106923074186,272.8333677516832,315.2302286522925,1662471,-0.08966327263276559,0.04948780510353198,Consumer
2010-04-05,318.3619346703714,323.02746825588326,313.66008803843675,318.3250815484581,1131616,0.009769873169337877,0.057141575512535354,Consumer
2010-04-06,319.22940643752264,320.3334358798329,317.9564197989157,319.05986288838307,1066292,0.002305613497266892,0.05221537402820712,Consumer
2010-04-07,345.51090680736735,391.73396613393237,301.4134706094046,347.39594337775736,2152458,0.08508643350883348,0.0477697980523706,Consumer
2010-04-08,339.4661698834531,353.9268365284258,323.28495881010895,337.66907223004813,1388078,-0.028398837013100794,0.054877300041632764,Consumer
2010-04-09,339.6151427085804,341.0480943011251,335.29984143630884,336.720579885547,1071673,-0.00281289301200634,0.05128536379360109,Consumer
2010-04-12,349.984459052351,365.4521468807331,331.4626995627987,346.7891704743499,848166,0.029463570792569446,0.04696102305761829,Consumer
2010-04-13,340.99848733584605,352.5109085239436,327.62372308479104,339.07107299995687,1181032,-0.022507277139832967,0.044659662446908825,Consumer
2010-04-14,339.7938403564223,339.86944889974285,339.04591629853616,339.12137520962636,440234,0.00014834199317486214,0.042090081830935634,Consumer
2010-04-15,347.55977186547653,359.55191275108285,335.0391846762905,347.01244053861694,1572358,0.02300254873426077,0.038952064022718065,Consumer
2010-04-16,329.62939914369576,354.96074904609515,304.4987453822715,329.8158782802794,1666795,-0.05082607685420476,0.037325302685239516,Consumer
2010-04-19,325.8497807842866,330.9901055433086,322.3186534698204,327.44172683111066,1333455,-0.0072244482431284025,0.04002544302933108,Consumer
2010-04-20,314.8124445427381,333.0765389692009,297.286946479948,315.5120917902213,1057811,-0.03711309885530031,0.0372754311795052,Consumer
2010-04-21,313.91179577747783,317.3142458693963,309.8452719619333,313.2404453720598,1097093,-0.007225915342432404,0.037658644846713704,Consumer
2010-04-22,324.75411012089666,335.39009732527495,309.6695656197414,320.15492541667453,1171309,0.02183392885655113,0.03524728221059226,Consumer
2010-04-23,310.0587395648834,324.07406868250445,298.0624562471318,312.0025775781146,668570,-0.025793571318317318,0.0341380255724236,Consumer
2010-04-26,316.470979485052,327.16111725651535,307.3859235220476,318.031269440597,1194474,0.019138260276476124,0.03364699214179071,Consumer
2010-04-27,280.13540316202597,322.2485491064497,238.11509268772207,280.21612965778235,1919173,-0.12658851247109706,0.03256742260470273,Consumer
2010-04-28,278.5879998391067,284.95943802017155,269.66438371779645,275.97608620947375,1550397,-0.015246979254297981,0.0578982498486561,Consumer
2010-04-29,274.53052109614646,276.2819806636078,274.3480105153877,276.09842772315835,968746,0.0004432065331752102,0.053071992848272374,Consumer
2010-04-30,257.90980549080126,283.41779411877724,234.71129974654076,260.0286979515273,1688303,-0.05996542266682164,0.048511221430863984,Consumer
2010-05-03,254.06031404922496,262.2553386335142,247.29605788721727,255.45397674903185,965794,-0.017749738383506075,0.05022000269925359,Consumer
2010-05-04,249.43239108753426,261.8494701880093,234.81349196982254,247.115219141809,1075717,-0.03318756115658213,0.04652845278743821,Consumer
2010-05-05,262.82835293791817,284.9679873230813,239.37118085954395,261.3896221825986,1389650,0.05615739737280839,0.04468925673316323,Consumer
2010-05-06,271.12423872720774,286.53067205160346,255.93927013281169,271.33395764224997,1606676,0.03733827873076899,0.04659132672336329,Consumer
2010-05-07,242.04480427468593,278.9918228330557,205.73808363348303,242.6015850722224,1981041,-0.11192984804999621,0.04522967432406559,Consumer
2010-05-10,217.96912892172733,250.6644982599864,184.32993117393858,216.8587425575748,1591592,-0.1121743445538367,0.06013170864230549,Consumer
2010-05-11,222.7100952926387,233.31180152746964,212.8098344441733,223.38168606542993,1358451,0.029635719432944362,0.06985785885501304,Consumer
2010-05-12,223.19758471555934,228.04173138741885,220.4223360269074,225.24107386387132,919831,0.00828936296417576,0.06431047920045199,Consumer
2010-05-13,229.39139061026958,234.36254778807174,223.56658995513666,228.51883798274895,1122827,0.0144473808558579,0.058472020819757824,Consumer
2010-05-14,225.01922374284797,230.62046026530055,219.16316566592465,224.75789718021596,1339193,-0.01659483851878571,0.05353961894743075,Consumer
2010-05-17,218.14105332156933,227.12617475715254,210.93175913662057,219.8600692061991,1178929,-0.022032515430344887,0.04934066210995303,Consumer
2010-05-18,211.2711713126701,227.81358013373037,192.33849876022904,208.6778522168495,1372311,-0.052199609056231604,0.04604796966628499,Consumer
2010-05-19,200.10889542725744,212.410662248119,188.4909860171382,200.75522809731547,1429354,-0.038705290554637055,0.04695798426416102,Consumer
2010-05-20,191.6809511918637,204.74659324410507,179.18984700759876,192.22033923312424,1354001,-0.04344408110315883,0.04570291846764697,Consumer
2010-05-21,184.98740622412478,195.601998759762,174.43984337505626,185.05082019001094,1370959,-0.038011823126631115,0.04532233039686933,Consumer
2010-05-24,189.48782052304384,194.89573774090982,183.22265331476316,188.60538615943065,1877451,0.019026437347225394,0.04427217761409452,Consumer
2010-05-25,186.02537691477463,189.46357300277785,183.43832254401016,186.8648441634499,369285,-0.009271331376649442,0.04150085982572325,Consumer
2010-05-26,186.5693442158545,187.33513783201857,186.28784087028845,187.05290487064835,1368465,0.0010058935342931613,0.03861024126891479,Consumer
2010-05-27,183.61045666674397,188.62724381523523,178.80861349069158,183.81992261440342,1481588,-0.01743489364467517,0.03595486556706058,Consumer
2010-05-28,190.08583332135157,198.33016813985998,181.0060979683779,189.21255737467072,1358011,0.02891442837324566,0.034348190837604375,Consumer
2010-05-31,190.462346818971,193.46563087489184,187.91193616764704,190.909236095006,1369577,0.008927086093113063,0.03419422752857453,Consumer
2010-06-01,197.1795880464967,206.16282047546713,187.8307831440284,196.7965655937562,1004191,0.030372421804134297,0.03236278861497905,Consumer
2010-06-02,189.23497184099347,200.44025958603066,177.97722759969295,189.17921370355884,1683462,-0.039475746778463855,0.032806290105519276,Consumer
2010-06-03,191.90964535875378,195.12301608386366,188.0996024102583,191.30281220845626,967461,0.011162790416649335,0.03456518948230435,Consumer
2010-06-04,190.76121034262934,191.61919231826164,189.87221750434657,190.7300593730337,1234254,-0.0029984501709099855,0.03277946068258275,Consumer
2010-06-07,183.4940648886459,194.057896950737,173.12498849242422,183.67840374003157,1548710,-0.03767270402819913,0.030999081270691,Consumer
2010-06-08,196.75936529707258,215.0458385527991,177.25697247204795,195.41886164987469,1427018,0.061958840699034054,0.03288828554395878,Consumer
2010-06-09,201.84615407279836,210.35897182328424,192.5145666877688,200.99133252495773,1310929,0.02811652201017623,0.03925743435238752,Consumer
2010-06-10,196.52215442416096,202.51584068483533,191.90713555426592,197.8691887959436,1317573,-0.01565563564887543,0.03809852678303876,Consumer
2010-06-11,212.00440418960702,234.9536371133468,189.4826069864438,212.3907928094373,1784045,0.07082179035935106,0.03602725403865646,Consumer
2010-06-14,215.62749533442312,223.46540720454666,208.99141804533105,216.7934469901768,1692786,0.020517102975202667,0.04348251746746376,Consumer
2010-06-15,211.9988430579327,223.53244822065764,197.6970253423148,209.0713636369942,1707885,-0.03626939655695245,0.04093563468936195,Consumer
2010-06-16,198.7600405023992,213.65733655199713,184.32089787182204,199.18716499125844,1272745,-0.048430736191841565,0.04047099355004194,Consumer
2010-06-17,198.57898259744255,200.6106344309773,195.80918310927174,197.83320492804043,1062367,-0.006820633976333437,0.04197798811704286,Consumer
2010-06-18,195.26024512668795,202.64225007468244,185.61620440730076,192.90933073241115,728932,-0.025203986755231538,0.03894482438347284,Consumer
2010-06-21,200.60972276303045,209.43497601645475,189.9117013589585,198.6507763454112,1311228,0.02932810079150264,0.03753192799818996,Consumer
2010-06-22,202.03165449172445,206.59217806983642,197.11065579607853,201.6628543331314,899262,0.01504887469106567,0.03682305147342535,Consumer
2010-06-23,203.8155307477455,206.60723152074573,200.72521071181583,203.5127644360445,825550,0.009131462366183828,0.034910170298520976,Consumer
2010-06-24,214.74512660737946,236.58764164301073,194.81947877913703,216.49923464290382,1741330,0.06185828488259536,0.03297701522210801,Consumer
2010-06-25,216.37171165278602,219.41710430481083,211.45854852974878,214.47727736225647,1154244,-0.009383212585915752,0.03929317927655847,Consumer
2010-06-28,198.5327325302137,220.958320712153,177.74928058294498,200.01925207108917,1960720,-0.06979017744292551,0.03672015593502681,Consumer
2010-06-29,195.576168791356,201.8057647306311,190.13609289226915,196.34432215568634,1426852,-0.018543758620851947,0.04369549418007996,Consumer
2010-06-30,186.6487731975723,201.68692228947174,171.0843148194476,186.076343704303,1609760,-0.05371282412513256,0.0409758174644678,Consumer
2010-07-01,183.00434371654433,188.42078537071177,177.04099226830962,182.44075314098657,1297040,-0.01973155953265965,0.043312517992258555,Consumer
2010-07-02,182.45491902721383,182.4751090332402,182.43402266856575,182.4542125964202,891651,7.377166967774987e-05,0.04073302760785664,Consumer
2010-07-05,179.27868026862288,186.64759118029266,170.22574263968514,177.5224677593616,1229439,-0.02740207183077038,0.03778021237130379,Consumer
2010-07-06,184.01308898030229,194.56575152689408,173.72529433015782,184.26393271753247,1627984,0.037271966927837095,0.03680362194879001,Consumer
2010-07-07,189.8134229892751,198.7494005567403,181.07784607806667,190.0050066011415,1162314,0.03068127558678857,0.037309317852783554,Consumer
2010-07-08,193.60825298941623,201.05260723037165,186.9764213621736,194.39386534099154,1497464,0.022835912294865337,0.03680746201053391,Consumer
2010-07-09,192.83366551515147,197.1836836579555,187.17250444975008,191.49226269690467,1479252,-0.015038930507571643,0.03552538868578829,Consumer
2010-07-12,193.74085604865968,195.7870772072826,190.80857255288296,192.8453355464238,851389,0.007041093277400081,0.03381668238669789,Consumer
2010-07-13,193.9710202986789,198.47346885394336,190.60573343536583,195.0887893337066,1061173,0.01156628743864639,0.03197328502508618,Consumer
2010-07-14,196.04503882569776,199.27773911839313,193.53653526432575,196.76008613536985,1266584,0.00853036484676465,0.030625146775212827,Consumer
2010-07-15,199.2551944872146,203.05478691621963,195.46907274885908,199.26841398921124,877130,0.012667580212397642,0.029346801540636427,Consumer
2010-07-16,205.03276456880602,219.3469206087669,193.01938273830845,207.20619222297418,1316689,0.0390616652766442,0.02851417098212799,Consumer
2010-07-19,205.36549503889242,208.93186155080642,201.26422391378645,204.82113713463085,1452543,-0.011577298679892892,0.031294063519557706,Consumer
2010-07-20,210.24509429551333,217.00268176591746,202.53149234527103,209.25733166773588,973457,0.021427650089521716,0.030059271547417905,Consumer
2010-07-21,204.0074732939374,210.96107878067545,198.8524798747296,205.76175698115387,1328167,-0.016845766598561157,0.02986167230787608,Consumer
2010-07-22,214.21490626365184,228.62022525006472,200.41964656307852,214.78805523785982,1184793,0.0429327723303388,0.029256495966919184,Consumer
2010-07-23,199.39362072648785,221.12971706279097,179.07946474082084,200.68408863442124,2019868,-0.06791977901684337,0.032576640189024904,Consumer
2010-07-26,204.4882984351343,205.51565782182155,200.3457506225908,201.35738011986749,717441,0.003349366506703848,0.04050869593135133,Consumer
2010-07-27,197.63825076339924,203.06133816013104,192.44037525493488,197.85769137521925,1152062,-0.017533297960244696,0.03760912515927987,Consumer
2010-07-28,195.6816791402629,200.3759825435901,190.04732626932247,194.71852407523477,1640259,-0.015992992373981663,0.03574450330892165,Consumer
2010-07-29,180.65560731032355,200.8989450172779,160.61331269077684,180.8365736318542,2313081,-0.07396133419436313,0.034066141316596805,Consumer
2010-07-30,172.37639616493567,184.88454492166022,159.79439655601243,172.2967671956932,1381691,-0.04837533457792889,0.042999342212799205,Consumer
2010-08-02,170.86899807523235,174.09582278121263,166.92809321277588,170.14117309879435,655432,-0.012589858282579464,0.04393382175403953,Consumer
2010-08-03,175.49030079881234,183.0057602302097,167.57136047350846,175.06876753310527,1766666,0.028550331641075743,0.040840179172830386,Consumer
2010-08-04,188.1125324283736,207.52675420236739,168.18323053411083,187.53817560493263,971199,0.06880357384441683,0.03945382622024666,Consumer
2010-08-05,199.37413685143113,217.8631721660998,180.96360103026254,199.44600035113376,1612761,0.061561096846737905,0.0453362249067846,Consumer
2010-08-06,202.066224530215,207.69428217899852,197.11736659009495,202.7291874370424,1138172,0.016327511608716986,0.048091204266319444,Consumer
2010-08-09,206.90328924053406,217.2343331735997,198.21797322631485,208.48271649830562,1040612,0.027985106942474778,0.04461164968399855,Consumer
2010-08-10,204.0997512657934,211.53408109842835,196.06924490077552,203.48103811793473,1277826,-0.02428332155078888,0.0425397973856189,Consumer
2010-08-11,211.4030873251483,226.24487885593285,197.69651344462181,212.46918335481308,1619188,0.04322413658177442,0.04044946779771593,Consumer
2010-08-12,215.35912206590694,221.37986778910653,210.01135542013554,216.01579474218664,965722,0.016554570475805188,0.041099591890683664,Consumer
2010-08-13,212.22641180916702,218.27447934242792,205.91029174883636,211.95049618768803,1307183,-0.0189987899611643,0.03863223050006769,Consumer
2010-08-16,207.8083640403515,216.97864238668663,196.72403170782422,205.80594629570905,1359882,-0.029419022308311144,0.03671651521763134,Consumer
2010-08-17,200.5778086852871,207.86487274718598,194.2990439737853,201.55550289572685,827255,-0.020868924475931996,0.036170482756216836,Consumer
2010-08-18,197.88653318112256,203.5042049814815,192.16226342694023,197.77682067034561,877701,-0.018925565440801356,0.03481335748777395,Consumer
2010-08-19,204.9998401677038,214.90961150918332,194.38063916649497,204.25437440550613,916410,0.03222692379783537,0.0335157044047316,Consumer
2010-08-20,189.51452699364702,210.4043829612958,169.7585970840518,190.54140610366463,1262069,-0.0694966246053089,0.033976876637163096,Consumer
2010-08-23,188.2350761005535,191.49880320179074,185.33857723048405,188.5967391802972,1067578,-0.010258445379656313,0.041809205224965514,Consumer
2010-08-24,182.0250860283942,191.1674972828462,174.13291222652327,183.22336879671857,1275785,-0.028905077404696583,0.03891263379001395,Consumer
2010-08-25,186.13567650400694,192.34118892265224,180.6645705527499,186.84911285988412,1207269,0.01959540500784209,0.037903561570732554,Consumer
2010-08-26,179.54264299684647,189.36374582962003,171.86296669574443,181.596230308026,1506263,-0.02851570031095414,0.036151638530089555,Consumer
2010-08-27,173.8190186604793,184.27367608125937,165.62498322436178,175.97786983127395,835542,-0.03142746019879038,0.03560231101153164,Consumer
2010-08-30,179.784429174335,185.2245237576935,174.1304386429069,179.56385899626406,1610273,0.02017265754823628,0.03552706612811484,Consumer
2010-08-31,181.23438888660098,184.25616087238717,178.41629744895042,181.43495081113693,754243,0.010366286644837066,0.03421663862831821,Consumer
2010-09-01,182.25315181060023,187.00294195022818,178.92979273514712,183.65403792514755,1017727,0.012156567362254393,0.032445980830253435,Consumer
2010-09-02,176.505382368514,187.57567478542478,165.08631193264554,176.1332654396577,1593829,-0.041812860580073136,0.03105415684147121,Consumer
2010-09-03,176.08257187425218,180.62120606197672,173.4122802288927,177.92300426523107,1435172,0.010109997890710938,0.033670993780865,Consumer
2010-09-06,181.1730267810084,188.21330413029344,174.9994399263276,182.01115743702934,1100264,0.02271709339361012,0.03197374651734399,Consumer
2010-09-07,180.42390552424493,184.68284181977793,174.93998646176513,179.1693077686293,1047132,-0.01573677753753717,0.031547841810849665,Consumer
2010-09-08,185.36143770776027,196.68545151967066,174.814243267967,186.09643521183358,1397806,0.03793379597620489,0.030550940794479727,Consumer
2010-09-09,189.79378550752577,195.19144920853168,184.26462302393614,189.65843747801358,1460943,0.018959748643585468,0.03259653230509183,Consumer
2010-09-10,185.69797520913465,191.49500340468632,180.07930719173768,185.87109723021285,1295777,-0.020171349063155413,0.031685137603420746,Consumer
2010-09-13,184.27540881446697,187.9963235710256,179.68282158763523,183.38577268743504,1144598,-0.013461426316537468,0.03105142274376997,Consumer
2010-09-14,176.78328942874134,186.20786114206803,168.05861643995314,177.4502710352365,1339545,-0.0329015750186992,0.029975559766269373,Consumer
2010-09-15,176.74095566990087,181.40543611225996,169.75392020092823,174.35544309790748,1255773,-0.017594414472032683,0.03132418223110722,Consumer
2010-09-16,179.05397640747208,191.64854835019682,168.72213776871683,181.19326754459587,1686140,0.03846824607883658,0.030518814312652152,Consumer
2010-09-17,180.62451243752665,181.53179614450272,179.68042404576246,180.5875219481216,1105697,-0.0033486916946554542,0.03266633305250839,Consumer
2010-09-20,183.4825046747418,187.48121724815567,179.237203230697,183.23042206004678,1677840,0.014528951340628201,0.030908793449240298,Consumer
2010-09-21,181.62368250717856,184.59276438887406,178.28148437358718,181.24436539228003,1282788,-0.01089829197275582,0.02993236332214667,Consumer
2010-09-22,180.11764011969964,181.828678565553,178.389292023224,180.10016445796887,1174075,-0.0063330404311177126,0.02888897738632692,Consumer
2010-09-23,184.9430256116049,194.27578492565996,176.4213397885654,185.71837313782524,890599,0.03071823802621863,0.027815005333587342,Consumer
2010-09-24,189.12839481122072,193.0865892520936,184.38631454074488,188.32775265405095,481287,0.013952406758113586,0.02933395881024768,Consumer
2010-09-27,190.74932254926304,198.455797485153,184.6977508712277,192.3533380013257,1288331,0.021150172722885004,0.028593449594909393,Consumer
2010-09-28,185.00403818838907,195.81409993474787,174.19530863206157,185.0052968424506,1807716,-0.038949526587526,0.02865602482411822,Consumer
2010-09-29,181.4368788060477,190.3471904463809,170.25342662914213,179.0463395933417,1640805,-0.0327398035025288,0.03137664816683329,Consumer
2010-09-30,180.38761686476388,181.57396013654508,178.6503815461406,179.833077817763,955436,0.004384422435791291,0.03237868820931175,Consumer
2010-10-01,187.7601113023864,202.72284345574394,173.9730971396155,188.85540323603857,1482275,0.048952584824462485,0.03068529019153933,Consumer
2010-10-04,185.32414951001817,189.59715714355426,183.10523749073766,187.35394213268313,1155787,-0.007982093447785514,0.03482417208578853,Consumer
2010-10-05,177.00423225810147,192.75921937300222,160.84445801120995,176.55989507399647,1258021,-0.05933939889048287,0.03285932807499063,Consumer
2010-10-06,178.31035245202023,181.0751840699991,175.5964522072194,178.36052026637077,976701,0.010146729031641898,0.0386259367826137,Consumer
2010-10-07,175.02577961703136,179.9313146284412,170.22800508860092,175.1306650011236,774746,-0.018274544237343468,0.036180295885658686,Consumer
2010-10-08,174.40484483821263,175.25060921443503,174.04551719625135,174.89028142374647,990763,-0.001373538456054534,0.03460209377135208,Consumer
2010-10-11,184.73602339713958,201.2453036049992,168.7869023868376,185.25166486592735,2012548,0.057556437259361,0.03252886265876342,Consumer
2010-10-12,187.17709936500415,189.4646311569808,184.4846421073428,186.767163990495,1327066,0.008147477441549863,0.03799227612550699,Consumer
2010-10-13,190.5729378910854,192.52326101178784,186.12131057925018,188.04577067498175,1162237,0.006822665527383079,0.035562447110069624,Consumer
2010-10-14,184.70256272522622,192.52019348440973,175.0761535705381,182.81384331120708,1116104,-0.028217008808962614,0.03344745775541066,Consumer
2010-10-15,179.03884808691134,184.43991815950116,174.08020291536076,179.4693498467139,1817432,-0.018463945021002726,0.033382868093660645,Consumer
2010-10-18,184.4020956800186,189.30491690453138,177.82182052540043,182.67882397846753,1152910,0.0177251102866001,0.032290405627489235,Consumer
2010-10-19,173.86369372606757,186.78860395601896,160.92242901584714,173.84602582597057,1550429,-0.04955955228665263,0.03132512037759873,Consumer
2010-10-20,172.59337444981642,177.61350095102725,165.54800370528454,170.50745833660096,831095,-0.019390958728721767,0.03540385454671369,Consumer
2010-10-21,174.67090112968,177.36989109852192,169.61103670942745,172.27297425256194,875499,0.010301238696643244,0.034046258611993424,Consumer
2010-10-22,172.90188294029673,174.60031210557628,169.46728719516065,171.14849266611634,1716815,-0.006548720528262501,0.032299156462399635,Consumer
2010-10-25,163.90721696959184,174.08218108363286,154.82125539623922,164.93902283165212,1450237,-0.036955710843971985,0.030676069950853396,Consumer
2010-10-26,161.70215521204744,166.12447265324624,158.11012130704074,162.5143957267111,1106692,-0.014809260067462904,0.03252192642973677,Consumer
2010-10-27,161.28578738525346,166.17036545090644,154.4426950737589,159.2661066320164,1206184,-0.02019015704913697,0.03128957792177503,Consumer
2010-10-28,159.12758530878318,159.5254244254684,158.97221089335906,159.36981349503174,583821,0.0006509427225648881,0.030730709647982222,Consumer
2010-10-29,156.8340719099142,160.6899751226081,152.92439228744718,156.77894003463265,1514801,-0.01639058471473275,0.029250038826283277,Consumer
2010-11-01,157.76946447807504,163.36046847418203,153.84798003256077,159.39849323439194,744062,0.016570525686480223,0.0287184523810892,Consumer
2010-11-02,158.18658515905693,161.67795579425186,153.6035198729973,157.07025166814566,1235210,-0.014714145457548858,0.028301712915667413,Consumer
2010-11-03,151.88062339528858,159.31797812079571,144.9454214807805,152.36084809471924,1102711,-0.030441460139205647,0.02780765136883319,Consumer
2010-11-04,153.81401037619108,154.9914429246498,150.42491768536146,151.5852895746072,1073550,-0.005103273950051827,0.029285060253164637,Consumer
2010-11-05,155.10503064350516,157.64167054327345,150.74079616343627,153.24705002248933,594895,0.010902891153795025,0.028106908652083713,Consumer
2010-11-08,156.11178312774072,165.07604372482854,149.0542491074636,157.93603839242968,1284636,0.030138805578402716,0.027383016753235716,Consumer
2010-11-09,160.60090913992653,166.3885791322321,155.53003362533101,161.29576400025638,1036607,0.021049592399577377,0.02891566747388523,Consumer
2010-11-10,157.55993575565316,162.7125101910757,153.25280784100767,158.38288575226147,848125,-0.01822429411380766,0.02890251652359177,Consumer
2010-11-11,161.06045729090278,165.60737792885553,156.71551337152943,161.25712839365087,812266,0.017984732741385605,0.028602501700186665,Consumer
2010-11-12,157.88524142697239,161.7030374056684,156.56071902180722,160.35777257471938,1507674,-0.005592764268503274,0.02833725594644275,Consumer
2010-11-15,154.98684116874054,162.90435024070504,147.07503966599236,154.99227152782203,1132711,-0.03403214295736791,0.027332982118382566,Consumer
2010-11-16,157.41827261710287,162.09469036482724,153.15228978315,157.8178783484551,1127359,0.018066444947507282,0.02951951121424042,Consumer
2010-11-17,154.01072410423436,161.17832397241276,145.87613731491214,152.99653732021252,1282261,-0.031026410270527053,0.02908746635268066,Consumer
2010-11-18,161.12019975456303,172.2400911787212,149.14406505300022,160.20048105911837,1473902,0.0460107482533632,0.030352269753610252,Consumer
2010-11-19,163.41228509957796,165.7726466789677,159.41421925394803,161.75057879633042,1153419,0.009629474217932477,0.03397876640759481,Consumer
2010-11-22,156.526629756819,166.14072773449806,145.72468020171948,155.2610440248648,1504117,-0.040947656393955,0.03221108922906192,Consumer
2010-11-23,157.30708202008992,161.91158872430293,153.3185269542557,157.90780226677114,1033160,0.016903477430320366,0.034373681794094765,Consumer
2010-11-24,154.63463697171113,161.15124255894716,147.06299158789935,153.53317961092083,1856935,-0.02809463526350044,0.03298634766764802,Consumer
2010-11-25,150.26082674360023,158.4034710768994,140.0607614491224,148.08552609351312,996046,-0.036126711619893045,0.03299811487871886,Consumer
2010-11-26,146.2229584111943,148.5978502631098,144.68380392362087,147.04999037135983,1478284,-0.007017386345242127,0.03415949885916564,Consumer
2010-11-29,145.3774386405944,150.27061946610738,138.9474325596866,143.78708451307668,1206085,-0.022438973893374695,0.032262728441891424,Consumer
2010-11-30,139.324835128627,145.71038645586967,133.40399143838275,139.7705992672528,1299811,-0.02833112361615469,0.03175268570720147,Consumer
2010-12-01,142.48715475981822,145.0058656139625,138.92749103611325,141.42747010173395,884207,0.011784504871754486,0.0320465961452902,Consumer
2010-12-02,154.76378850039052,175.16577083693144,134.06269954107654,154.41926444681042,2118888,0.08788439265726312,0.030698837809603214,Consumer
2010-12-03,152.76951697035838,154.47152576062825,152.61419757366136,154.31463545583551,1474355,-0.0006777940162287835,0.044860727649010106,Consumer
2010-12-06,154.80550646917345,157.2247159283164,153.06438412498548,155.47605185272158,893844,0.0074981068563591,0.041352833262887724,Consumer
2010-12-07,158.1639555983191,164.37520264149194,152.82912055529084,159.01177097440205,1503157,0.022486518384660096,0.03842497489991323,Consumer
2010-12-08,152.56284708434848,161.90476970702528,143.54055580309557,152.86463144371626,1614132,-0.039425462811683944,0.036837881090077886,Consumer
2010-12-09,146.75318267979472,155.46634981266538,138.68048419055526,147.36025696963438,1201088,-0.03667245162627253,0.03766667830128767,Consumer
2010-12-10,152.51596958199417,160.60657920387683,144.51744984665015,152.60347058202146,1524457,0.03496254526554756,0.03790452782510753,Consumer
2010-12-13,155.4912038494025,162.36281866582763,149.64344042158027,156.47794553780813,1506393,0.025072215375329443,0.03785180998885391,Consumer
2010-12-14,160.9879513827219,168.1176144700902,153.96830179432737,161.09336832649026,1809264,0.02906904741670791,0.03661283945721605,Consumer
2010-12-15,159.5036122319886,161.68501615189334,157.71969813916826,159.8967056390866,1110043,-0.007456107389909732,0.03604374339816999,Consumer
2010-12-16,159.15441045090603,160.06105839142518,158.66160905786717,159.56697953069525,1218216,-0.002064248556449826,0.033877133602682186,Consumer
2010-12-17,155.99095377584766,161.05909566215453,151.43988057648542,156.49336451005732,1830902,-0.01945015865429358,0.031918134551107515,Consumer
2010-12-20,162.3429713643633,170.7012726886836,153.6195501865073,161.9580327733224,1031138,0.034323634931960854,0.031173067724073317,Consumer
2010-12-21,169.09333755166816,186.6510972109893,154.33081978658862,171.66413835835044,1753208,0.05820263916102432,0.03246728982075818,Consumer
2010-12-22,166.4346676324853,174.0273552808698,159.1421347099094,166.72222278716848,1282364,-0.02921079294480863,0.038097664068028454,Consumer
2010-12-23,178.72502589998967,195.6900019167644,160.7541496715836,177.6136294735765,1398696,0.06328147921216107,0.03727111709651254,Consumer
2010-12-24,164.82153132804075,182.245271213669,150.27257729528827,167.4631398711525,2016577,-0.05884730356738007,0.042567484978436716,Consumer
2010-12-27,179.23291038807184,199.3088653560052,159.92876665761742,179.92967691852004,1560521,0.07180282418988579,0.0454867386441835,Consumer
2010-12-28,184.4902510934123,189.0949837300433,178.3824048570559,182.94866059844486,1540970,0.01663947953650772,0.05028500321401951,Consumer
2010-12-29,175.42001360445616,186.20242777419915,165.299058883128,176.04539152765417,1131142,-0.03846370211078755,0.04652307041107714,Consumer
2010-12-30,166.11834105906024,180.05801766480224,153.52277048352,167.36771589452974,1910798,-0.05054858480301561,0.045314846589052285,Consumer
2010-12-31,163.60333823903827,168.90046916003686,158.9326727658869,164.21241531748302,1049619,-0.019032478283245103,0.04610880795411679,Consumer
2011-01-03,160.80151872455147,165.43661816798274,157.09212067498402,161.70634737019765,1642134,-0.01537878530414273,0.04307148733443075,Consumer
2011-01-04,151.33091843980725,165.79432171530644,138.43653080726526,152.7767405483106,1539165,-0.05680437619965856,0.0402442352713362,Consumer
2011-01-05,165.6855636221171,184.3999293913103,146.11927071091316,164.72515756466444,2331921,0.07530072972793021,0.043355384341216247,Consumer
2011-01-06,168.4218060549413,176.1984162992819,161.53542798963983,169.27706852973347,1306711,0.027258457902436698,0.049540705139647354,Consumer
2011-01-07,176.68697494073942,190.25094484714595,164.0449187974389,177.54732981091846,1329190,0.047700388960158345,0.046635594792707666,Consumer
2011-01-10,169.71690272128865,182.93755218524427,155.43153613009986,168.5622393389571,1301606,-0.051932165671075343,0.04670334064473608,Consumer
2011-01-11,163.62526609856045,170.70418394195812,157.03971014692434,164.09953953106034,1087813,-0.026831862456862313,0.047428937333613204,Consumer
2011-01-12,172.02739185586992,183.47493975288705,160.12808681929744,171.5434294820499,1302795,0.04436327561372032,0.044806200505200657,Consumer
2011-01-13,177.75515105672775,185.16747590008708,169.02425202864046,176.37920022512512,1139962,0.027799756385095437,0.04473579681247034,Consumer
2011-01-14,176.75176703712006,179.50175201901868,174.88482957311888,177.62558486936805,1178835,0.007041655067241254,0.042625780713294904,Consumer
2011-01-17,182.8852037096414,190.6692526695162,174.96011788210555,182.737897106726,1435658,0.028374990802912708,0.039509536583554404,Consumer
2011-01-18,193.18250424074952,206.0930280331332,178.2947410025462,191.063660998017,1345771,0.04455380623321263,0.038335020546460985,Consumer
2011-01-19,177.44628027012496,196.55316121680036,159.933355267621,178.89705328087945,1498578,-0.06579615710867229,0.03966629914320301,Consumer
2011-01-20,180.27372693872658,180.32242113837913,178.816527644131,178.86484128605937,808222,-0.0001800750465396985,0.044811855280883175,Consumer
2011-01-21,184.38352474886898,193.34276119958372,175.65247549639045,184.60139520287763,930767,0.03156843600630895,0.041309644915264176,Consumer
2011-01-24,171.3211602338835,189.97792354526544,154.14274791411995,172.6647855996381,2421141,-0.06684682069750168,0.040183010504476056,Consumer
2011-01-25,178.52335219090054,186.89762295843514,169.79299319009422,178.14973827216755,1002871,0.03127236358628583,0.04540940521705671,Consumer
2011-01-26,172.46227531194296,181.10968678274395,163.65418234914432,172.29311181199762,1686582,-0.03342725804879111,0.0435465885503608,Consumer
2011-01-27,180.98973316452913,192.84381101645442,168.19463499301983,179.98276029278827,1252271,0.04366390529327005,0.04224513624784044,Consumer
2011-01-28,190.40794764633299,207.17117448482713,173.93092660365747,190.67135904123347,1216094,0.05769024261277232,0.04258757709823171,Consumer
2011-01-31,201.40272173654267,219.42530274134958,184.00265880166944,201.97573470711845,1519785,0.057596252208330714,0.045278979586407905,Consumer
2011-02-01,208.25202354614487,218.59118454276174,198.2338143647378,208.55824425312363,1298110,0.032070786190743224,0.04730484155111315,Consumer
2011-02-02,187.53142683754496,215.7100652989857,159.4017128119132,187.57396982520498,2655385,-0.10604507781608676,0.04521591231385907,Consumer
2011-02-03,192.1200510268891,195.81811402073927,186.3393303637586,189.9965180896211,1024607,0.012832472800501236,0.05850142528565144,Consumer
2011-02-04,169.7016134272573,195.83724691221428,144.2463714131687,170.29325818453418,1456387,-0.10948374714051924,0.05350359111394736,Consumer
2011-02-07,178.97863965095846,191.28883864194884,166.02120118941943,178.2835948091846,1763870,0.04585351270593913,0.06471561668453872,Consumer
2011-02-08,164.24294406291497,184.0966086757969,145.42814123114167,165.17503090599124,2129870,-0.07636980668736709,0.061366689078107974,Consumer
2011-02-09,144.89778018977816,166.63244721824486,122.8798399015066,144.56451753118424,2533191,-0.13327980901510572,0.06314703895470646,Consumer
2011-02-10,145.59016191340078,148.25747013761665,143.37670148090575,146.0372130237318,677992,0.01013557694377554,0.07716582758360872,Consumer
2011-02-11,144.7292955658991,146.2568152254801,144.07242118838053,145.59600715483296,1191078,-0.0030257609557675837,0.06985027877774048,Consumer
2011-02-14,143.5916733697549,148.6277428674472,137.24289634661085,142.23125296843548,1321720,-0.023381437003542786,0.06328208625406298,Consumer
2011-02-15,152.61515006878673,167.0457791553737,137.1618891938246,151.48572469799507,1422288,0.06303711909808335,0.05818678279459975,Consumer
2011-02-16,160.27564980113993,171.65602960674002,147.5513306732793,158.8289903594057,878675,0.047336696995541314,0.058349062642142215,Consumer
2011-02-17,154.5951233539054,160.35991331500784,149.94006247200085,155.67241381175492,1452189,-0.02007420320863115,0.05621214211663226,Consumer
2011-02-18,161.96775865419013,170.3796504380271,152.78699730311766,161.15676990435819,1414090,0.03462372945386345,0.05184872208879966,Consumer
2011-02-21,158.91013237972575,164.05031201548547,152.61709662787985,157.71873890686004,1310346,-0.021564304129149562,0.049299618477097934,Consumer
2011-02-22,166.14357543163143,182.4570917281167,151.24057123758357,167.43798002283143,2365063,0.059799700972811176,0.04597950399336753,Consumer
2011-02-23,161.67145304655932,171.90393516906732,150.36038273418288,160.51998642716225,1217589,-0.042194553335115556,0.0482461652926585,Consumer
2011-02-24,164.00751648342515,168.8241789303032,158.88633230332272,163.69378078872316,630277,0.019579031295454144,0.04721452130467604,Consumer
2011-02-25,169.8488638134334,182.35825286958976,158.63223882269165,171.06154387267415,1620702,0.04402590530156034,0.04405530146978933,Consumer
2011-02-28,167.36354712050252,174.2045084090815,159.65891699574112,166.46307146960396,1709583,-0.027249905594848457,0.04408443853241767,Consumer
2011-03-01,154.2833078714561,173.90329349140052,133.48400184614215,152.9321645152801,1639875,-0.08477903795136492,0.04202539446351494,Consumer
2011-03-02,158.97992464846038,167.8951375070879,149.85500606402346,158.75776048947927,1143419,0.03738506765698463,0.05090215923951627,Consumer
2011-03-03,155.73579270229837,159.9480762402025,152.12201401012175,156.3207244706732,1100636,-0.01546969873129786,0.04881055566938012,Consumer
2011-03-04,156.57354927252928,161.480013905937,153.50523051413447,158.37636596016463,820108,0.013064440631472381,0.045187089003702066,Consumer
2011-03-07,168.11253456095713,181.44078283823342,153.73457486187442,166.9724340254671,1062596,0.05285446962490272,0.04194163029085522,Consumer
2011-03-08,169.96667450957312,172.15980469919077,166.24185137011384,168.4149593204497,442879,0.008602196855925788,0.0438898567446203,Consumer
2011-03-09,160.4919774323819,176.37615520697412,142.05737567802748,157.6614068215874,2104224,-0.06598119120433715,0.040646713134801546,Consumer
2011-03-10,160.42722944088038,163.00814877272185,156.7976827154903,159.36145611145255,1178518,0.010725192312371153,0.045549444231974705,Consumer
2011-03-11,156.99018838688093,160.28948445132735,154.18096935951604,157.47165003696122,1622576,-0.011929488741644331,0.042155141541620055,Consumer
2011-03-14,155.75209283131224,160.7334534908818,149.2195111651694,154.14962055610653,710955,-0.021321749493128327,0.039280932676818786,Consumer
2011-03-15,144.92224107340104,158.24883752855197,131.84031258894683,145.1466518008614,1666901,-0.060179069766700614,0.03745111330502437,Consumer
2011-03-16,148.986568959473,154.26983994269682,143.3487013485696,148.61893553931785,1506996,0.023640927367356405,0.04201543497247686,Consumer
2011-03-17,141.68854707986432,152.30928797139262,130.77741905901317,141.37462918010695,1258165,-0.04997223892552532,0.03995086279117684,Consumer
2011-03-18,150.4726834859638,165.80146689593255,135.6734986912354,150.95485946445714,1451850,0.06556753669782144,0.04185021923111059,Consumer
2011-03-21,138.85391362632916,156.071229535161,122.18962125274557,139.34767885274084,1921038,-0.08000875134821667,0.046325133135768096,Consumer
2011-03-22,133.76575233128366,142.4706358393615,124.748385785631,133.43151885757376,1074194,-0.04338371796152712,0.05269748012839348,Consumer
2011-03-23,125.41924198675916,137.01478430021982,113.96973293557903,125.5530590992935,1640046,-0.06085992797601122,0.051028830842286994,Consumer
2011-03-24,121.04795165389663,127.35891612828642,115.49059516874142,121.76847992232173,930669,-0.030606914638505924,0.05233299997794301,Consumer
2011-03-25,115.50891668846987,125.95991644050451,104.26826218927226,114.6407083033951,1529047,-0.06031857425184027,0.049310361922281866,Consumer
2011-03-28,115.57216730226024,117.06168190874186,114.11758240779079,115.60666285515487,1155406,0.008390629730456503,0.05090146357710509,Consumer
2011-03-29,115.7330317764173,117.45013449492255,114.63134916463638,116.342648833645,1558739,0.0063461145296832425,0.04672609116461731,Consumer
2011-03-30,125.87528500110749,142.5239480649225,109.99080628867927,126.55384089386828,1795311,0.08412813106924827,0.04304303720537017,Consumer
2011-03-31,129.9562069696439,133.43468154075546,125.38398636980206,128.8323800114406,862095,0.017844342347952694,0.05141783549577906,Consumer
2011-04-01,126.9264719234236,130.12216238520003,123.49829055451455,126.68797629405778,1316425,-0.01678499587648098,0.04756887773252001,Consumer
2011-04-04,123.2377625585574,128.32023062454851,118.20458785548504,123.28512171788671,1440096,-0.027227448246261943,0.04418708992422078,Consumer
2011-04-05,123.08296235457327,125.44278939416678,119.38566480673954,121.71934773516686,1053021,-0.01278176927415506,0.04210937215724511,Consumer
2011-04-06,115.86863344133583,124.33735118400097,107.6328382066045,116.08609878870439,1206006,-0.04738581955631156,0.03928187142497867,Consumer
2011-04-07,122.34132591769703,130.87816238153965,113.12783432858699,121.61391274083995,831510,0.04651923024814255,0.040881104710762686,Consumer
2011-04-08,121.52921673579488,122.25981134237298,120.39930609707555,121.12748562528388,831924,-0.004007785815907481,0.04197162845696876,Consumer
2011-04-11,115.10736654811866,124.42148514202371,105.47990364849502,114.76643516968394,2225764,-0.05394452659414248,0.03888063050332122,Consumer
2011-04-12,114.5039435319234,116.0534585249787,112.19659446870939,113.73571345277992,1155166,-0.009021610640704256,0.0417835438311371,Consumer
2011-04-13,116.88717949157962,119.54145851747451,112.84851092310029,115.4706227177372,1364216,0.015138694921833321,0.03884456264207019,Consumer
2011-04-14,115.65363737674963,116.64055081349515,114.95283694562531,115.93802712951116,1150744,0.004039650615520842,0.03662645287320932,Consumer
2011-04-15,111.93716721303294,118.17643080657477,105.482370172002,111.70891099672762,1391001,-0.037159320410932555,0.03428768666187704,Consumer
2011-04-18,110.51155163927206,112.22227764587758,108.95903716620138,110.66757134000858,1283679,-0.009365624076044297,0.03532192844832797,Consumer
2011-04-19,114.17808986584987,118.97412673176147,109.02982990693744,113.81042296929327,1536342,0.028003252763856692,0.033335688692407536,Consumer
2011-04-20,111.64345226689083,115.14875943835894,107.95362630871827,111.45295228802023,1025746,-0.020931558458609455,0.033266226676332764,Consumer
2011-04-21,106.69239782946775,113.29790124772518,100.99688599182524,107.5562735259551,1029534,-0.035588364016625046,0.032419638967003485,Consumer
2011-04-22,112.8959901757198,120.13822410665493,105.05467576778365,112.25584460920274,1869584,0.04276640779217972,0.03362746110855906,Consumer
2011-04-25,116.97114813321812,125.8509647853858,108.7837171355607,117.61824037029399,1256816,0.04666353557165385,0.03576296628921004,Consumer
2011-04-26,111.79567935977394,120.21411986226818,103.61834223733251,112.02034918103278,1216401,-0.04876358471854487,0.03807643154301082,Consumer
2011-04-27,111.76809976919697,112.17577499529042,111.34068028556923,111.74828323064646,1374944,-0.0024316731216111683,0.04020615363884087,Consumer
2011-04-28,106.64718211010916,114.72967322799936,98.19066436497376,106.24248459187721,1747397,-0.05052479873648758,0.0373378465831871,Consumer
2011-04-29,107.85951647386938,109.20804079720705,105.79229850442518,107.13172352408316,789727,0.008335066250517118,0.039977557742814654,Consumer
2011-05-02,102.50949714709503,109.10097397730527,96.37900813038489,102.94447169579927,1592512,-0.039869405192205394,0.03726909038163046,Consumer
2011-05-03,95.30543685140927,106.19488866052092,84.79759299383343,95.64914902329738,2246994,-0.07350293403833552,0.038073921506148405,Consumer
2011-05-04,93.83011758694809,96.42088546911776,91.48130081564706,94.06615993171494,1453378,-0.016688435310581336,0.04549836256308204,Consumer
2011-05-05,101.67430792702434,113.93685423623846,89.5830632665411,101.8274032725427,1741640,0.07928089148579273,0.042401136514304084,Consumer
2011-05-06,112.194967174015,130.1817113904323,95.36572209791275,113.20148816559332,1840173,0.10589005677675487,0.0498106822416741,Consumer
2011-05-09,122.20557086025173,137.53672082110634,107.43172515078152,122.70276734340808,2076655,0.08059559317670743,0.06137417104069494,Consumer
2011-05-10,109.64085637678312,126.08698483330058,92.67793042132593,109.03285931920698,2225414,-0.11811560675572833,0.06393573760168707,Consumer
2011-05-11,110.66204824157715,113.55964792055413,107.94133554092795,110.83469067122294,1396375,0.016390519567647012,0.07391155064013001,Consumer
2011-05-12,104.49612854180073,113.8940309053664,94.9967965653835,104.3846753392708,2097035,-0.05995694127434463,0.0671612330453917,Consumer
2011-05-13,98.76870227773304,106.90833753959382,90.76752254804245,98.8967821536167,1824722,-0.05400617500060318,0.06517461315871552,Consumer
2011-05-16,103.04805011355872,108.34644895790318,97.08324442719419,102.34552151360114,1024424,0.03427785283018057,0.06273503168916023,Consumer
2011-05-17,99.31685910731566,103.42977132763185,96.01596449687595,100.10275663119421,920702,-0.022157329850534046,0.05852173134852623,Consumer
2011-05-18,98.28419597178437,102.05047508424879,93.83862347124632,97.57783460989425,1236013,-0.025546861495044006,0.053976629405132995,Consumer
2011-05-19,95.61781230097588,98.24053907428437,93.61410292374364,96.22412418970227,1178371,-0.013970265783570128,0.05028595765607233,Consumer
2011-05-20,89.6906891791629,98.90999574917778,81.130331864427,90.29222590522453,2107386,-0.06362873257770031,0.04639199584863943,Consumer
2011-05-23,91.67950516399821,93.00309294449225,89.84929467542527,91.1654611420181,1000338,0.009624744942550065,0.04928555736189678,Consumer
2011-05-24,92.41168796139976,94.16742881387334,90.57337240469133,92.3275140263783,1473208,0.012666080746603933,0.04535579664011675,Consumer
2011-05-25,91.33964730632947,93.45799146011903,88.80258700815926,90.91098975933302,1102949,-0.015461297229706347,0.042068789753326924,Consumer
2011-05-26,86.5568963967313,93.0964631348374,79.91423610438851,86.44537732790826,1298662,-0.05036815482332891,0.03939142310010516,Consumer
2011-05-27,78.95188117195741,89.38674164982116,69.43190277562361,79.76831773992116,2205008,-0.08038633367581839,0.04149566271464071,Consumer
2011-05-30,81.60760077651786,84.41066555617721,78.80966797012168,81.61256263159393,1463811,0.022856799119796902,0.04946520408911482,Consumer
2011-05-31,78.7709735911996,82.93439890718653,74.66370751438951,78.82434970010131,1807297,-0.03476124846127298,0.04621482578526763,Consumer
2011-06-01,85.8242405444473,100.31470869231148,72.9506044627802,87.23018147157521,2187898,0.10132843334561331,0.044608292469876756,Consumer
2011-06-02,86.04585708797143,88.3769411755364,83.34800595732933,85.66887721402448,1118923,-0.01806078887433034,0.05685101156799156,Consumer
2011-06-03,88.03634436744836,90.72553303338857,84.7606346534802,87.43134272985971,1203885,0.020364230896245925,0.05229300935361818,Consumer
2011-06-06,85.56647310454329,89.02141684019084,81.67275961571477,85.1092415735609,1332617,-0.026918204527968764,0.048475275623821076,Consumer
2011-06-07,83.89059537447136,86.30709578228159,81.0854585914081,83.49043214568687,871595,-0.019203586107385356,0.045700878959772435,Consumer
2011-06-08,89.65138654853415,100.3632931865696,79.42497600976479,90.08717307699618,1350468,0.07604575108445673,0.04273374460615617,Consumer
2011-06-09,89.97166750268856,90.84361328519076,88.63956324711224,89.50700583665116,492317,-0.006460891572532227,0.049278613831470724,Consumer
2011-06-10,96.20113443158237,105.34039391654757,86.29996620942516,95.35924485711425,1608844,0.06333438469976314,0.04526551549367108,Consumer
2011-06-13,96.00241602864558,96.75219405096739,95.10840024657159,95.85704290608861,1315219,0.005206660785829196,0.04838243645292019,Consumer
2011-06-14,103.91695736963432,118.29073622693987,90.31375375473493,104.59833692140124,2171903,0.08726970688407516,0.044460707632442066,Consumer
2011-06-15,102.77102576463766,106.54440581042925,98.32149512188775,102.06910310863707,1672236,-0.024477586736902878,0.05313947571708676,Consumer
2011-06-16,99.12263875451822,103.4236456642751,94.94540971080144,99.24141130440437,1133943,-0.028094685507460963,0.049486522826511795,Consumer
2011-06-17,98.4982503083774,99.91288001543532,96.8840224557276,98.29574376830581,1089531,-0.009574652020917573,0.04666400600282373,Consumer
2011-06-20,102.4381982652932,109.66467206512031,95.57937956538795,102.78278155827581,1682042,0.044637116596827474,0.04307870308149381,Consumer
2011-06-21,98.35647260188354,104.9016163332977,91.77975794083208,98.32265101021189,1663574,-0.044363416446804686,0.04339919992417624,Consumer
2011-06-22,96.41533395517781,99.19446876305459,93.75369185628544,96.5296702947109,1402318,-0.018404002694770036,0.04361203218232084,Consumer
2011-06-23,97.97360148302367,99.50526050642297,96.01609242804918,97.54098824213474,1516965,0.010422256609362936,0.04089515347979264,Consumer
2011-06-24,95.88038359328701,100.04273704228427,90.64483509401143,94.75848473731264,1442480,-0.028941293258716135,0.03813429398105265,Consumer
2011-06-27,93.00214427727072,95.19415457959151,91.69499754531411,93.87474345128696,910912,-0.009370011427260377,0.03726954883372926,Consumer
2011-06-28,91.4018999871693,95.12207756920225,87.64322989349617,91.36177430757859,1266632,-0.027134210430747263,0.034991212944649866,Consumer
2011-06-29,93.11812953738696,97.14957547330519,89.64843278997908,93.6596991711107,1145637,0.02484082505125773,0.034495619910726014,Consumer
2011-06-30,95.1615203426095,98.45081047630627,92.28748236174425,95.56459884662131,1059468,0.020134454700582546,0.03383072897240467,Consumer
2011-07-01,94.79217320559283,96.07303225409223,93.42788417712407,94.7076004543372,1019252,-0.009008191324835577,0.03280890150792788,Consumer
2011-07-04,93.9267442876776,95.06903997419455,92.83450729188067,93.97622755701099,1260410,-0.0077524032448922295,0.0311979380915992,Consumer
2011-07-05,87.8825866835857,96.621775967898,79.41182647061956,88.12741721507,1949174,-0.06425816180903919,0.02979369121717746,Consumer
2011-07-06,82.27592650103858,90.98423344384796,73.4311553708101,82.12330884776203,1446466,-0.07056180597127192,0.037808701815020225,Consumer
2011-07-07,81.0369128659722,82.34311619460098,80.37911733684183,81.68009976732503,1184635,-0.005411488878887438,0.044614387989064745,Consumer
2011-07-08,79.07346656686951,83.47887600482058,74.31727983438867,78.70199343983305,1811706,-0.037141910590413364,0.04119159531134953,Consumer
2011-07-11,77.07177696713478,79.26871507636238,75.35635958587301,77.5428136433074,1273654,-0.014838266775599499,0.0407961548161237,Consumer
2011-07-12,80.9993198309392,86.89254323318058,75.35381390821922,81.2308968140647,1557041,0.04646545950018018,0.038268617983414105,Consumer
2011-07-13,83.47731833551255,88.27231008598314,79.25150775042033,84.0190745752002,1420374,0.03374817391001006,0.039943028639210884,Consumer
2011-07-14,89.9565313567979,98.33709989411737,81.07382916601327,89.40281185190894,1834366,0.06210828282591519,0.03933442914085953,Consumer
2011-07-15,87.61589597270687,90.31835452264067,84.88175088575116,87.58320097865517,1112964,-0.020562924264912217,0.04377640542583893,Consumer
2011-07-18,96.31347666902633,110.18038376056845,82.50691174102485,96.36625328875915,1917159,0.09556686080700598,0.04118888218627223,Consumer
2011-07-19,94.71338997754313,97.57805051164834,91.58614013657744,94.44261079991799,1725939,-0.020163713809169852,0.05317116648409681,Consumer
2011-07-20,98.2686316409109,103.89983847241713,92.49767554552045,98.12038735451175,1675103,0.03820281024558312,0.0492211810038153,Consumer
2011-07-21,101.09856542540516,105.4718321955648,96.62258598881594,100.9912087837466,766805,0.028838304162264478,0.047508924783952786,Consumer
2011-07-22,106.604672446127,117.78097150331028,96.49709512070747,107.58084016094477,1328349,0.06320909514560238,0.045060243178938995,Consumer
2011-07-25,103.0965904918856,109.32654598554791,97.71005654177652,103.89813345937483,1569207,-0.034831633289450964,0.048204241189390866,Consumer
2011-07-26,104.93696352417304,104.95529503169195,103.86788622155854,103.88603414152897,927287,-0.00011646044065107247,0.046269919997311344,Consumer
2011-07-27,104.03302279728683,105.40178122100852,103.12651183314398,104.49127717270342,936920,0.00580912316601137,0.042576125137231656,Consumer
2011-07-28,103.15080874534918,105.18447472366063,101.09367354914089,103.12686751500549,812104,-0.013143642162043823,0.039436569731084004,Consumer
2011-07-29,104.5563227757157,107.90276285657147,101.69323159630105,105.02678879197487,911859,0.018255495241904417,0.037014966231462366,Consumer
2011-08-01,102.82309629013874,106.0123997153698,99.81206907715718,102.9963004659907,1042153,-0.01952237919053558,0.03529979668598841,Consumer
2011-08-02,104.90330264137401,106.77751424520355,102.36820659196916,104.23039598649632,1114216,0.011910725125828733,0.033971002491044525,Consumer
2011-08-03,98.86570921444584,106.84514410421993,90.79859165217924,98.77032836991013,1360301,-0.05380655539840206,0.03231877185399686,Consumer
2011-08-04,112.3538321960195,129.20690702542242,94.82536717291377,111.55925549754562,2180973,0.12175864967002924,0.0370118119239893,Consumer
2011-08-05,105.92858198853024,114.3667611136111,97.36225681413727,105.78934439290684,1605008,-0.053106089446784334,0.05847798468601446,Consumer
2011-08-08,113.166780028099,125.60707948946332,101.15004592222759,113.54968609799326,1088743,0.07079070437978165,0.05708570981252376,Consumer
2011-08-09,122.46408618953184,135.22707158256148,109.03412277183648,121.7195097567875,1786597,0.06947879328081526,0.05881089342823813,Consumer
2011-08-10,131.07135172243764,144.90089364733393,116.81097626333624,130.58969817415877,2000568,0.07034103559198455,0.059925556785279895,Consumer
2011-08-11,144.76981332313696,166.48528532160748,122.79519214023254,144.46493192968535,1995106,0.10097645950994215,0.060951103993640426,Consumer
2011-08-12,140.49105640301462,146.1393011332617,135.35975278933822,140.98978203523788,1339236,-0.024349372574800257,0.06783410992052084,Consumer
2011-08-15,154.37579343474974,175.84399716053932,133.1081466090069,154.55206606142806,1576242,0.09184361681130214,0.06221018378598,Consumer
2011-08-16,159.85149518262145,170.47075584175752,150.28385340523374,160.84372577490356,1179486,0.039902209512052464,0.06679351065556835,Consumer
2011-08-17,149.0415416843267,166.38726044169067,131.51425113799812,148.83605498966762,1939745,-0.07758784815445433,0.06251340977060824,Consumer
2011-08-18,149.2331207116916,153.50862378576434,146.44994167871647,150.6981226499057,1130949,0.012433249936753096,0.06425980273938119,Consumer
2011-08-19,159.18090357233882,173.43653298937878,145.4212944643233,159.63745918072118,2026837,0.057626716099826454,0.0585375576368011,Consumer
2011-08-22,168.59842232157604,181.81150197842078,155.0178916796051,168.19972540904644,1351080,0.05224675088850204,0.057787907770855906,Consumer
2011-08-23,167.5211941789911,168.51936606339135,166.55878497820473,167.55675257960613,987749,-0.003829999762131817,0.05640046342351397,Consumer
2011-08-24,179.35459018693246,196.22892489132514,161.61811570472963,178.4029131596298,1589289,0.06272243413380302,0.05144910256006804,Consumer
2011-08-25,179.96960152453727,180.96218322650702,178.07251578250887,179.0600812306578,1004172,0.003676849473694464,0.052987957923848215,Consumer
2011-08-26,181.9743905266023,187.30124951433865,177.02170321922196,182.33864841943458,1326986,0.018144264853415613,0.04845829992126672,Consumer
2011-08-29,186.37858383138058,195.33945469501163,178.5814823828234,187.49562222460187,1531884,0.027889833292618144,0.045032739391116156,Consumer
2011-08-30,183.25660988269195,189.16546483518388,178.17443126921137,184.0609789909733,1250171,-0.01848838673716904,0.04288396569602737,Consumer
2011-08-31,184.46834085315163,187.0665252109703,179.77255187008691,182.3407699946806,985203,-0.009389811266266724,0.04028027653425323,Consumer
2011-09-01,189.6179483974984,198.25809801791863,179.39997520817042,187.96479718176266,1495174,0.030377397264481864,0.03756628575575639,Consumer
2011-09-02,184.8973419690585,189.0702182447904,181.55521375981496,185.7133403842375,1439898,-0.012050392120844439,0.03697835312816322,Consumer
2011-09-05,172.45480097360485,191.3283753927432,154.38932264333397,173.18627192610597,1510991,-0.06983657255227088,0.03486689938318043,Consumer
2011-09-06,171.19996146933372,173.3811813573499,170.6193172485785,172.7951269506931,1106296,-0.0022610761348767824,0.042475081729818384,Consumer
2011-09-07,166.27703458795364,175.46408444923165,158.0382679028892,167.1805499908011,1022574,-0.03303228937770703,0.03929469333328557,Consumer
2011-09-08,166.00839155954648,167.78329484810666,165.64969390242322,167.42154376470546,871541,0.0014404800213351427,0.03871599360155248,Consumer
2011-09-09,169.07163252392672,174.87886186677687,164.6162669199497,170.3887866944421,1274558,0.017567960347010456,0.03604793719269027,Consumer
2011-09-12,174.50938257630645,179.90262798846686,168.5602812688616,173.93580000332383,1097806,0.0206034591857437,0.034436289075503376,Consumer
2011-09-13,167.9718426197374,177.30644005481477,158.29521829980135,167.60969004952395,1447994,-0.03704826273059527,0.033352088147462336,Consumer
2011-09-14,159.99412144123457,170.9472464632051,149.55009899056918,160.47202748244973,1084152,-0.04351835911880242,0.03457998688172337,Consumer
2011-09-15,168.49571066423064,181.4158643004467,155.82142253224356,168.72437591310268,1491101,0.05014682799945271,0.036615536746729335,Consumer
2011-09-16,172.70940951198588,175.97783284632064,167.63298515007517,170.86653314001813,1147530,0.012616272012702878,0.03936703797292696,Consumer
2011-09-19,174.35019184917732,180.83593901178668,168.35760678222525,174.82696673010628,1663745,0.022913979439479645,0.036928126014384687,Consumer
2011-09-20,165.33050933574765,178.35762628328132,154.36956250235698,167.26821502363885,1756492,-0.04419812119545158,0.035632944879848964,Consumer
2011-09-21,164.66669889332704,169.29111777375547,159.55534748944734,164.16569646313138,1484411,-0.01872233998133889,0.03753380471294454,Consumer
2011-09-22,166.42975077175115,171.69715090282543,161.91443651129077,167.16197117239065,1365198,0.018086967582508152,0.035771610239687175,Consumer
2011-09-23,177.81279107354268,195.43420357483294,160.67594195825177,178.2547594097403,1549246,0.0642505300540244,0.03424554334160401,Consumer
2011-09-26,178.33549971598026,178.6871367270055,177.66957871997533,178.02059481020802,724271,-0.0013145149136890094,0.04071148956796849,Consumer
2011-09-27,182.3713808008864,189.8796233389982,175.23288536075864,182.72720019217084,1188370,0.026095086516239454,0.03776505658267961,Consumer
2011-09-28,192.43983598955154,206.70919736093654,177.75118455915674,191.98696572380848,2135190,0.04943315157179742,0.03664836462924229,Consumer
2011-09-29,203.88613460336592,224.09482310393318,184.44543893979736,204.58727333690538,1515930,0.06356716606023888,0.03925592407709138,Consumer
2011-09-30,192.6176920452031,210.68257816630097,174.1627929825069,192.18731573425967,1311576,-0.06252414970915,0.044033393580969755,Consumer
2011-10-03,187.85746956974918,194.02848778314197,182.23675515696814,188.3917865524167,1384601,-0.019946733821317435,0.047302665831146354,Consumer
2011-10-04,199.56498106626717,218.11423097019326,181.56413706580224,200.0680132575927,2179397,0.06013360962859372,0.044155572517036334,Consumer
2011-10-05,209.84355652149134,224.2190848799525,195.07079408790923,209.41710820726686,1628536,0.045670621157842956,0.04692738346094334,Consumer
2011-10-06,210.14909816221086,216.82697275026493,205.73735360148308,212.36863260995665,1187489,0.013995601533416729,0.04663275994763571,Consumer
2011-10-07,219.2133740508128,229.38510981901806,208.87699509871874,219.0407195110223,1347889,0.030934048655405753,0.0432327765660428,Consumer
2011-10-10,221.24007701112976,223.324150938936,218.34426388972557,220.4206185469403,867835,0.006279977105900177,0.0416988690568432,Consumer
2011-10-11,213.9608109220697,223.001235861327,206.06264070527774,215.0624014253871,1088462,-0.02460939827486657,0.038690467319010234,Consumer
2011-10-12,219.25754038068905,224.44450373190057,213.31250682982716,218.48110202228565,1171170,0.01577129599041564,0.03726130944570213,Consumer
2011-10-13,207.27382732237572,224.1534967802992,190.08363448819156,206.93577404704132,1630638,-0.054291046377248915,0.035327527678416605,Consumer
2011-10-14,223.26484084906906,245.3209472470075,199.1885675060695,221.02322717008056,1424993,0.06585932149477661,0.039249904802507764,Consumer
2011-10-17,228.66362738256126,238.33285258035335,217.72927929624126,227.34264572326103,1422077,0.02819053561621665,0.044531579309155314,Consumer
2011-10-18,242.04130196184974,264.7319774116646,219.3172948486757,242.00452231218887,1148052,0.06249808129410729,0.04249300165160669,Consumer
2011-10-19,252.17096652935223,264.0010747501417,237.9790489134833,249.69290365603646,1124529,0.03127536418012518,0.046156534491959916,Consumer
2011-10-20,260.6517699536981,281.53427785550286,241.4778665154675,262.243299323334,1452182,0.049040918826004594,0.044170836552366845,Consumer
2011-10-21,252.32731963324244,268.2154103751746,235.62918436859542,251.46284226136694,1780989,-0.0419774620917663,0.04496222858448568,Consumer
2011-10-24,272.51258020944647,312.60805457124724,235.54335269995582,275.2653804543914,2113604,0.09044041803153216,0.044515140098360745,Consumer
2011-10-25,260.47858927249655,280.04671497237746,245.8305033906292,265.1366800601006,1530696,-0.03749018533609919,0.053964789821133285,Consumer
2011-10-26,247.23208002317295,276.2144436857837,216.46011387163895,245.20482815256713,1526766,-0.07815157229297605,0.051386631839725916,Consumer
2011-10-27,267.72588666361463,304.9563308105519,231.3333884909173,268.4635593598916,1882375,0.09062129086885258,0.0559340592416183,Consumer
2011-10-28,255.5336279483242,274.24749192651944,237.3368378050509,256.0163282411011,1830018,-0.04747396077083881,0.061925180180654064,Consumer
2011-10-31,277.6300359731619,311.190180450108,243.95740408851847,277.50208130061264,1991166,0.08058720870338477,0.05921020938162479,Consumer
2011-11-01,308.38394340231235,355.1678461031115,262.1263518919655,308.8416053070535,1676390,0.1070001079462617,0.06228020429480874,Consumer
2011-11-02,355.8733605988049,410.4602638236106,302.49235650898413,356.9219685422701,1741601,0.14468864108966953,0.07014565234338646,Consumer
2011-11-03,387.377407957024,435.25840248887863,339.62573655005224,387.4925389820046,1149644,0.08217941199136618,0.08471452333100665,Consumer
2011-11-04,360.65188990880085,402.92803871205564,316.35594944883576,358.3638962454485,1895745,-0.0781476542637745,0.08279045074069076,Consumer
2011-11-07,343.61871586982636,368.067003336078,317.44625358545426,341.7624701646681,1815890,-0.047432976022787274,0.08061926176241606,Consumer
2011-11-08,366.8625188065807,415.89794419818423,322.13406683006764,370.7014444090711,1504514,0.08128104250427218,0.07508032615705872,Consumer
2011-11-09,372.72312886802604,379.6197360352634,367.3839413586468,374.2585538566883,867754,0.00954987244927997,0.07483739360284701,Consumer
2011-11-10,370.01413132092443,375.7248132527573,365.59520032889714,371.2906374577561,992645,-0.007961733742892574,0.06778044256703836,Consumer
2011-11-11,411.0570824610175,471.1102111965826,349.48015997148104,409.27258343150027,1556280,0.09739625192041343,0.061521208508089106,Consumer
2011-11-14,412.2977022626774,414.02525576898404,408.6977586679698,410.417433729942,522726,0.0027933755905436533,0.06745955647836945,Consumer
2011-11-15,449.029646395049,512.8978861931331,386.589917380731,450.2837658456859,2553168,0.09270320199063876,0.06117028568091807,Consumer
2011-11-16,457.95122788036196,467.8839101071001,446.93336250251906,456.84198594976635,961571,0.014459592524312928,0.06620064674250306,Consumer
2011-11-17,468.13574498957837,484.6631055881962,451.20919547976,467.7219470956609,1627798,0.023536421896866267,0.060310716093376966,Consumer
2011-11-18,464.19015645927465,471.1988961414769,456.04618318051934,463.0375193627875,664077,-0.010065903071079208,0.05561475032680475,Consumer
2011-11-21,479.50532508620836,518.9210735544516,446.0542190504982,485.08099903258875,1146620,0.046507799163921164,0.05088810002177049,Consumer
2011-11-22,494.73734594727705,502.66059744272764,482.43582308238865,490.28781504453747,1026314,0.01067671100009632,0.04996123784016283,Consumer
2011-11-23,466.4761214411996,506.9126955173324,422.6429823673926,462.7571792065241,1966791,-0.05779013075196239,0.045978245430681575,Consumer
2011-11-24,454.62374739741404,466.87382170454646,442.27133558104435,454.5185759896678,1517497,-0.017963681509175374,0.04787644644453606,Consumer
2011-11-25,512.781846789316,592.8839720567665,435.8645697709186,515.5512800493623,2363857,0.12599799079527021,0.044521089130093026,Consumer
2011-11-28,488.90612770969574,531.1630414124937,444.6194597593982,486.68434099603553,1993968,-0.05762103235202853,0.06377323854510213,Consumer
2011-11-29,475.06237131488,497.5562327431613,449.23341453039404,471.5615128285552,1352822,-0.031566186935303685,0.06206164893894962,Consumer
2011-11-30,503.57538298650553,552.5046900345307,454.23345173621266,503.11835189862563,1402473,0.06477587891322886,0.05771292956402683,Consumer
2011-12-01,507.39149134419137,513.7577143918603,500.9787751063875,507.34440739339556,814308,0.008364643023875455,0.058258157921762775,Consumer
2011-12-02,525.5167465019231,553.0048782181418,497.86890319303683,525.3482198067383,1001747,0.0348712410520275,0.05315736505402775,Consumer
2011-12-05,470.43139079104316,541.8227895128641,399.8666821723867,471.15025175031667,2369163,-0.10888426955960454,0.05042781856739421,Consumer
2011-12-06,457.2329084234739,478.90352058992534,434.86046998631247,456.49616405941316,1301572,-0.031596751921132246,0.06255189471152825,Consumer
2011-12-07,478.3275069954324,503.1312140367705,448.04892521003524,472.553205431318,1253656,0.03457004761882387,0.05813729298304599,Consumer
2011-12-08,467.6483000661107,474.68177033473813,461.21138238885015,468.2367529324132,1107910,-0.009176294345345445,0.05461885294632601,Consumer
2011-12-09,460.2155704473153,481.6660266023559,432.7543327464008,453.91093234400915,1062981,-0.0310730558061322,0.04999205871360742,Consumer
2011-12-12,454.3895712871034,455.62443735557724,451.857967598067,453.0893000007332,909085,-0.0018117582305360925,0.04737293496406433,Consumer
2011-12-13,453.7985960288397,456.1281200850406,449.22342479379955,451.5413615908733,1053008,-0.003422258356587286,0.043541340630146676,Consumer
2011-12-14,445.1109565809172,461.3058507526785,424.685400860785,440.720554882766,1156070,-0.02425596574265584,0.040229783157944746,Consumer
2011-12-15,446.1010803686344,452.65880519843256,438.5184412111549,445.0608749301892,961875,0.009800058205611417,0.03850975387436977,Consumer
2011-12-16,460.69652861070665,483.0603634013431,437.384242596054,459.69968718723715,1487047,0.0323623519341864,0.03606670328567106,Consumer
2011-12-19,452.731934559226,461.3156549512054,447.88871637286246,456.432845304948,1099186,-0.007131840892527007,0.036024213275575215,Consumer
2011-12-20,458.6513528735252,469.2831659334986,450.9726010224764,461.5557879611796,554169,0.01116134917868834,0.033850031416185596,Consumer
2011-12-21,478.76943287116944,498.34747344610463,454.9158755912728,474.31162564218494,1423731,0.027261613114446467,0.032176793793426535,Consumer
2011-12-22,503.25943260916904,554.6804814929707,454.6722397975212,505.84378255944847,1609038,0.06436334775981652,0.03224525049522825,Consumer
2011-12-23,534.8340262912436,582.141247675332,488.61906147390573,535.839407913581,1697655,0.05760661257575705,0.03941067144603954,Consumer
2011-12-26,543.0117698022201,551.52561176021,532.9800429453994,541.469707013325,1571866,0.010452618072582997,0.042899173546003734,Consumer
2011-12-27,579.7348975916644,649.4633265595535,514.4223207967041,583.7036343264095,1453299,0.07510625640131029,0.03985799614167539,Consumer
2011-12-28,602.1889889760479,633.2436764927851,572.3255770017583,603.3239787544585,1128350,0.033060952094201915,0.04708577649074881,Consumer
2011-12-29,580.9671532402559,613.6600499070641,548.781012608123,581.447308225632,1034061,-0.03693397633310788,0.04513989655721056,Consumer
2011-12-30,562.0965075293436,600.9219615681913,516.9251103401402,555.2797106551411,1184673,-0.046048384359597246,0.04398529299803199,Consumer
2012-01-02,557.2227589444585,563.6485294813838,552.2080326864318,558.6212177928534,1196906,0.0059996667132142245,0.044337713691817236,Consumer
2012-01-03,520.5279146201481,575.5329557760382,465.9172113514361,520.8848092394347,1540151,-0.06994271486677625,0.04096420003410897,Consumer
2012-01-04,542.0761698551834,582.868407449594,504.77140581005216,545.3390944587567,1353463,0.04587887105127345,0.046650295304401554,Consumer
2012-01-05,545.65156125023,550.4931122855484,537.3125241703888,542.122764289008,1065678,-0.005915314679603829,0.04644061436858047,Consumer
2012-01-06,528.0944989926194,547.9463177152968,510.285576822525,530.0707504495755,1266255,-0.022481989118824073,0.042785899225197696,Consumer
2012-01-09,518.7640436715614,535.4874682259524,502.1607375464776,518.8804368773305,894786,-0.021337004530452272,0.04050089521501787,Consumer
2012-01-10,519.2409737723948,521.2293270669174,515.5755712294805,517.5574778357388,1216197,-0.0025528972673026645,0.0384778920280746,Consumer
2012-01-11,537.616939743248,566.0126166315455,507.79036507516065,536.1062508903451,1234380,0.0352117834454874,0.035852700492542314,Consumer
2012-01-12,550.8912200416584,584.801080303473,521.7066577585484,555.3787805430061,1317151,0.03531799772364374,0.03625345997416164,Consumer
2012-01-13,541.5564875497472,564.3100726864776,517.3486029094848,540.0384055819809,1094848,-0.02801010994522879,0.0365862656274128,Consumer
2012-01-16,527.3665763087018,550.3637280157908,501.6896301706539,524.5645943777348,1511368,-0.02907168402424151,0.03589608342032953,Consumer
2012-01-17,514.8937251251053,530.0175145631857,499.2835426616533,514.3926131157081,1401730,-0.019581761827848657,0.035462620683421105,Consumer
2012-01-18,527.7853251460116,548.4310179454667,507.2613113493889,527.902449527291,1055336,0.02592469932851921,0.03411150512702941,Consumer
2012-01-19,551.2016821443982,600.3420053019738,507.69596277305664,556.4240874436656,1726844,0.05261923875375551,0.033640590525676,Consumer
2012-01-20,536.4955584620004,568.2450997084812,503.2438435390119,534.898895035252,1552190,-0.03945300291332498,0.03769176445573582,Consumer
2012-01-23,541.2071768476333,561.5549260174498,525.2772721009667,545.4987043495598,1188170,0.019622682314812612,0.03834079031607409,Consumer
2012-01-24,510.6414302163928,560.3859630203765,463.1535735642263,512.7060993975507,1586867,-0.06199765476927419,0.036520821606764786,Consumer
2012-01-25,498.6443859574171,519.0225721936848,479.2210452176223,499.5634324869286,899972,-0.025968193348186324,0.04175610983077837,Consumer
2012-01-26,497.6754376219178,500.42697922866466,497.1595530284719,499.9087795788178,1125534,0.0006910589438382799,0.039950096701076195,Consumer
2012-01-27,517.0942489771603,542.6859618693726,491.106909517562,516.6780227978054,1442748,0.03299425967681785,0.03710633120519799,Consumer
2012-01-30,498.0675991788875,533.9871745848426,456.911970507943,492.42458364119176,2034994,-0.04807858138824527,0.0369431594229713,Consumer
2012-01-31,506.6681174195288,527.6998715294794,485.2278295847676,506.24189107222327,1331421,0.027673281433305566,0.03922461116144783,Consumer
2012-02-01,484.69788741896417,521.8481742542631,444.15526745288224,481.0239615622116,1602080,-0.051097515654718,0.03802272573614972,Consumer
2012-02-02,470.0462666288535,486.44359366154174,453.5716557181753,469.9661892933875,1500692,-0.023256330559810502,0.04059834422532269,Consumer
2012-02-03,466.6315089441859,474.1716590910731,457.4180041309839,464.93067097810683,898573,-0.010772454641918972,0.03872607622437768,Consumer
2012-02-06,472.73628255365406,484.40360733256676,460.97869619275156,472.64373690726484,1204781,0.01645360596664663,0.03629289256370837,Consumer
2012-02-07,479.5164349462173,482.95044886015216,471.50466832429373,474.9056626059143,1493581,0.004774273502318395,0.03455933177751783,Consumer
2012-02-08,490.95354568140726,513.4891259590958,467.1866033452108,489.66294281539416,1087198,0.03060110333712696,0.032540697341146264,Consumer
2012-02-09,493.9532784628287,499.1775049485691,487.91221526102555,493.1277102420819,1009493,0.00705090503295925,0.03297850384077324,Consumer
2012-02-10,489.388565049268,499.48675325926894,485.61760333966373,495.66741018913865,1022717,0.005136970196302805,0.03126535881336224,Consumer
2012-02-13,496.45921234243843,506.5365981910955,489.97266315928783,500.0037375755375,1154128,0.008710415709070645,0.029765355680762256,Consumer
2012-02-14,510.47826096307426,523.5866574728033,495.57592404445984,508.63704048381237,1084681,0.01711910511134994,0.02863846749244017,Consumer
2012-02-15,483.3508802275873,527.3123091909141,435.173032863581,478.7126042300361,1472142,-0.060634252481520184,0.028285844873796134,Consumer
2012-02-16,475.7435223052252,479.05293814799444,474.7259534701408,478.0304777390523,392494,-0.0014259347559847583,0.0359381148960053,Consumer
2012-02-17,469.91254497346387,481.6030588180023,459.0446809709436,470.7165991189066,1354268,-0.01541827888156504,0.03366813739000171,Consumer
2012-02-20,453.06267070488224,478.6716647611749,428.33004776471324,453.89367729636734,1064667,-0.03639323290041324,0.03228766449900151,Consumer
2012-02-21,455.3372073576784,459.52634785805765,446.9679645454365,451.11829065830807,758370,-0.006133389251874645,0.03365508480425542,Consumer
2012-02-22,458.33154845550837,488.9020428354643,435.8935143054462,466.084458008811,1086715,0.032637267680531205,0.031808403859712155,Consumer
2012-02-23,481.19402989723045,499.48152536709176,459.8763820368208,478.04416889599315,1680161,0.025336273704763122,0.032698598305273545,Consumer
2012-02-24,467.5635952414978,488.6224151288263,443.00964282148846,463.90361930612386,1034746,-0.0300263181331893,0.032429117775389926,Consumer
2012-02-27,449.39866109602525,473.53277504075754,423.551785677273,447.5886989951224,1093267,-0.0358020855185642,0.03281089926910588,Consumer
2012-02-28,446.43515115602145,448.0496893516243,445.0500211673495,446.66384979217037,706624,-0.0020684302973384395,0.0339633992379991,Consumer
2012-02-29,442.4314173621711,451.4587848923083,431.6385748602195,440.6291693342627,1157244,-0.013602661980862402,0.03199143245970734,Consumer
2012-03-01,453.34252576188146,467.3683600047869,435.89527656600353,449.8118770831412,1521450,0.020625808589702796,0.030765504426289735,Consumer
2012-03-02,450.1554401494875,451.78598185072445,447.1016217215751,448.7269893241984,775345,-0.0024147832145795397,0.030348420174369888,Consumer
2012-03-05,440.429157706286,454.046597733714,425.9813834883272,439.5723316797209,1224557,-0.02061238043116304,0.02894297777285698,Consumer
2012-03-06,442.0599529874385,443.4282824813863,439.1169144463019,440.4803545329663,1277095,0.002063565488045485,0.028877106917832396,Consumer
2012-03-07,450.46161479177215,465.04809824777305,435.51805147271654,450.09258531484755,1520525,0.021587460473176362,0.027708276534884967,Consumer
2012-03-08,460.0975513449926,472.27496432464267,445.9801339365134,458.1048048465651,1536104,0.017644682733117728,0.028001814910449438,Consumer
2012-03-09,472.5139065021656,493.7832374150265,450.81139300691177,472.0603059376206,1141443,0.03000875476210408,0.02782052362800011,Consumer
2012-03-12,477.37956474223574,480.6535670899717,470.97123741242785,474.22359524011637,607826,0.004572186145007149,0.029227795543022152,Consumer
2012-03-13,477.14178343601156,478.61432840378365,471.78837481175475,473.24890566176214,950231,-0.002057452688615765,0.028045444527863235,Consumer
2012-03-14,470.12903559929225,475.49585790508934,464.2994720158936,469.6609508360557,463001,-0.007610424513851209,0.027016153200395628,Consumer
2012-03-15,466.67711269745905,474.49975455146927,456.6565572243399,464.44172861187144,899467,-0.011174952504518986,0.026317025120441553,Consumer
2012-03-16,473.5623737487945,489.0621223279696,458.74953435110535,474.22844838521695,1267149,0.020853063529841405,0.025938399786295602,Consumer
2012-03-19,482.9701711958157,494.44404192989964,470.3529894941145,481.7990377357665,959143,0.015837928742300455,0.026522971280870854,Consumer
2012-03-20,503.0368776885327,533.1355277619381,471.4050243762495,501.40609860341567,1177676,0.03988925584900706,0.026465078924493086,Consumer
2012-03-21,495.5745968358742,502.74906647764334,491.54908957798244,498.69818658506387,1651378,-0.005415272538979569,0.029983215835060955,Consumer
2012-03-22,521.5434676033984,552.4324006097078,488.05726159119484,518.7826844570261,1254416,0.03948399948106651,0.02869831636089814,Consumer
2012-03-23,519.0393157014178,520.2259716574832,518.1736853463487,519.3598068018155,1484686,0.0011118365910286658,0.03150750104043931,Consumer
2012-03-26,521.3387228217664,526.948852873456,516.789176412182,522.3901311793418,1156185,0.005817774139827105,0.029905911197310137,Consumer
2012-03-27,520.0316976844894,524.3151840050206,518.8832342267527,523.159812265915,1131880,0.001472299301305779,0.02864555452464529,Consumer
2012-03-28,528.0929092677293,537.2399593359643,519.6377145536367,528.7738620174457,903696,0.010673872678725953,0.027509623498049456,Consumer
2012-03-29,540.5736903084705,557.3646099426667,523.0695630199345,539.8376193354478,741457,0.0207075309499613,0.026879606427509237,Consumer
2012-03-30,534.8908894660556,545.712183430921,531.4105510078657,542.18438885241,604949,0.004337755015998446,0.027245749559606125,Consumer
2012-04-02,519.7051960254333,551.3650273073996,491.2750557849871,522.7673726536896,1178106,-0.03646957346571655,0.026394831180339928,Consumer
2012-04-03,552.240030302888,592.5617134852406,508.76968778338517,548.843364140126,1957188,0.04867651862691813,0.029272071309468527,Consumer
2012-04-04,553.2156370546103,565.649016615749,543.1501360753402,555.5412030458821,1041447,0.012129689648518755,0.03377712016798937,Consumer
2012-04-05,556.4650031194965,557.7519015843909,555.1116273140597,556.3983716850034,1313263,0.0015417542974313634,0.03216806620112006,Consumer
2012-04-06,545.55837561836,564.1043815304397,525.4398464495218,543.9305139534481,1664606,-0.022663026531986808,0.030466114577391745,Consumer
2012-04-09,558.6289880981121,582.976178462189,535.1037539330798,559.4177285077379,1239633,0.02807496527659678,0.030324729606257664,Consumer
2012-04-10,543.5296483491294,566.1837783106577,522.7659503756014,545.3505201356951,894004,-0.025467728131720692,0.030885302845308632,Consumer
2012-04-11,527.5787042283844,552.4261941347117,505.871431802052,530.5948232255976,1300603,-0.027430058936995447,0.030990519871499884,Consumer
2012-04-12,515.666372768963,542.2184037875161,486.29130568100135,512.6900855374373,1321248,-0.03432714434590366,0.03132396969602863,Consumer
2012-04-13,484.4917837267476,523.1058188178328,452.1598479402507,490.38088165842737,1361319,-0.044489142193216986,0.03258382709038108,Consumer
2012-04-16,529.0475473850312,584.1296058967037,470.9015007040743,525.6274768013483,1882308,0.06941034416021938,0.0353023681393745,Consumer
2012-04-17,543.0977023756343,573.0189491621625,514.5320791273545,544.3855863379393,1340300,0.03506505136899831,0.0426576504095614,Consumer
2012-04-18,530.2018515652752,554.7483133008368,503.4030290548538,527.8401525163915,1123403,-0.03086429776772101,0.04171539026424249,Consumer
2012-04-19,505.93526363339726,538.7825269116721,472.66345663352604,505.48124315613194,1470658,-0.04328256417943112,0.04043550122630642,Consumer
2012-04-20,519.2325529956104,543.0166649684894,496.6303979104571,520.3652055983172,1180065,0.02901995127841992,0.04109782064574822,Consumer
2012-04-23,525.8371111277291,532.9550938388237,517.9746333257011,525.0823999046049,1219664,0.009024318951584344,0.03971836257065931,Consumer
2012-04-24,540.6495404229056,557.5509358461029,519.3799594239974,536.1403931418372,1316299,0.020840851802046204,0.03707093754029522,Consumer
2012-04-25,544.8084660280708,552.712465568145,533.4972074503399,541.3510472775649,1068164,0.00967190004430785,0.035560577802791725,Consumer
2012-04-26,564.5079181363374,611.1302407454673,522.5510138681818,568.8505700059984,1290398,0.04954982669587317,0.03355108943841891,Consumer
2012-04-27,569.3541266592425,585.919095853749,559.2010371206402,575.6536688214322,1277196,0.011888429436323915,0.03699754425421352,Consumer
2012-04-30,556.9336239630242,587.3689642336964,524.7259774276262,555.0588658083274,1014433,-0.036432037812214955,0.034874845345081576,Consumer
2012-05-01,566.3424930742021,584.731169035444,548.480559367215,566.8531302892021,1626890,0.021026068060017337,0.035666481143326795,Consumer
2012-05-02,546.0529855601635,574.3429515215387,523.1476225886541,551.220812952556,1119930,-0.027964762367046536,0.03440919401014067,Consumer
2012-05-03,576.2937931206933,616.4461392296514,536.8489492486669,576.9559720441309,1822556,0.045630480312744894,0.034124746095448216,Consumer
2012-05-04,562.2043635224068,583.8154056741718,541.1124018942711,562.7046741241041,863720,-0.025011025641977214,0.03665951100190531,Consumer
2012-05-07,537.5792557565848,572.6257466156964,506.85503216195224,541.6678480380755,1334853,-0.03810194591851887,0.035622584241862626,Consumer
2012-05-08,562.451532763436,600.0925779276367,527.2494537955686,564.7468427031048,2198027,0.04172457763594629,0.03650943095792565,Consumer
2012-05-09,567.073518908509,568.1243884839276,563.0043024819845,564.0495682377016,647428,-0.0012354301401593256,0.03778216372750439,Consumer
2012-05-10,533.2856598482789,577.9359115032129,489.19069735849854,533.7985411909995,1714960,-0.055123630491427426,0.03524517640600258,Consumer
2012-05-11,532.7683601638206,543.9433625741665,515.3449492007601,526.3860810784402,1194040,-0.013983566149848874,0.03936458006502174,Consumer
2012-05-14,497.06499021758515,542.6148249720077,449.8127441125728,495.19083589277807,1663605,-0.06109172261288352,0.03699982634143687,Consumer
2012-05-15,533.0461801170142,588.376656503072,475.5876990088642,530.6717034575217,1592800,0.06920035380288155,0.041892952930160154,Consumer
2012-05-16,512.5750866606833,541.058520027422,482.9554533984398,511.37203398266365,1032796,-0.03704619298127573,0.047141478011762515,Consumer
2012-05-17,490.7127232019273,522.52292383901,457.9957929117303,489.7431408714558,1514844,-0.04321632479049303,0.04564776250231417,Consumer
2012-05-18,476.3120828124788,498.86133112473306,452.0630035809025,474.52778065273253,1066491,-0.03156088780995262,0.045245134395134154,Consumer
2012-05-21,454.01340149139713,485.57081752550096,421.5507873278704,453.0405851604412,1702745,-0.04633845011393978,0.043440893119845767,Consumer
2012-05-22,465.0505535521551,482.59622146199683,447.0522135720694,464.58013322022424,2025278,0.02515234494518815,0.04395198232030273,Consumer
2012-05-23,474.4480142065062,482.7389843557063,461.81047271586965,470.0241356706326,1356411,0.011649987495562127,0.04171711241617309,Consumer
2012-05-24,455.136302177147,476.2695196755465,435.9305825854022,456.98575727374066,1060433,-0.028131821170748406,0.03889231679871889,Consumer
2012-05-25,472.74697363585176,485.40426041914424,452.76020505097125,465.21585429317844,1583794,0.017849275954035855,0.037799467577400804,Consumer
2012-05-28,462.3348475070718,467.6414249126891,456.3707329932951,461.6696757036654,359036,-0.007651852957844488,0.03592811290786754,Consumer
2012-05-29,449.797295253398,468.6632560785161,430.10923644273436,448.93920622438304,1512133,-0.027962167290623275,0.0337852936312481,Consumer
2012-05-30,430.7943093304555,455.3338489283863,411.2206695682002,435.5443840065592,1347511,-0.030290774256321727,0.03362200577803239,Consumer
2012-05-31,443.84390210649457,454.09068123624485,432.0885558161382,442.29968444527856,759732,0.015390965278736953,0.03379321039480492,Consumer
2012-06-01,455.97800122519936,479.0249204890346,433.84307581113916,456.8477730083494,2234139,0.032362563332126164,0.032390077598884105,Consumer
2012-06-04,435.3896866968168,466.2190999972788,406.02345723147954,436.7604172876513,1318964,-0.04496543420390572,0.033111841194703576,Consumer
2012-06-05,446.5158636614843,460.90988702919213,431.86296654080365,446.24836679692095,524000,0.021490872686545592,0.03578266008578011,Consumer
2012-06-06,476.5724798427742,526.0641997191118,428.1374046060312,477.5316427183026,1537398,0.06775475194975895,0.03454848262335094,Consumer
2012-06-07,489.06012544331617,504.0960610261384,472.4347824055366,487.4203023584843,1309973,0.020496369533558816,0.041755048593275404,Consumer
2012-06-08,487.93061583177223,492.9075512607178,484.6466318533138,489.61224916296516,610944,0.0044869548687234695,0.039469006081099406,Consumer
2012-06-11,505.1301220318188,538.5571839262641,475.7595742699094,508.96373271668926,1188256,0.03876301238153614,0.03673230005625817,Consumer
2012-06-12,509.00964602692585,510.07242216989084,508.3448356244646,509.40709266791276,671037,0.0008707240391878448,0.03748059715735671,Consumer
2012-06-13,465.1764813386136,527.1973993880688,407.28484261397716,468.8487441913968,1711252,-0.08296727664598001,0.03498499470730998,Consumer
2012-06-14,452.27943112021495,479.0082244621235,424.0983205218169,450.7358939609232,969846,-0.03939864237720789,0.04595318523066702,Consumer
2012-06-15,424.7144354282923,460.78464352598434,393.29752693483704,429.04723022660636,1526483,-0.04931456036144012,0.04496881296465655,Consumer
2012-06-18,441.4320347347677,460.9251569719296,422.2057738328688,441.68775821425993,1352110,0.029036196422930535,0.045634901020014586,Consumer
2012-06-19,451.86854080192234,473.56238757483703,432.7404265388856,454.33007379341814,1509808,0.02822076560746401,0.04350287873568683,Consumer
2012-06-20,462.3221922086828,475.6601998565189,449.4905469998147,462.8148802065493,1707817,0.018503178699637465,0.0416348664985756,Consumer
2012-06-21,473.54280563315876,489.06730972549616,457.53336257716654,473.04142969111143,619986,0.02185582648870229,0.039218934584993224,Consumer
2012-06-22,446.7675052653107,485.1664042325134,408.3056338443698,446.6986115119145,1395537,-0.05729885382539882,0.03744531261334617,Consumer
2012-06-25,473.14777466295527,510.7466065642534,433.573097100637,471.00136381033917,1610394,0.05297686954578696,0.04140283742480266,Consumer
2012-06-26,456.7565770274992,478.73816019975743,434.1783745210015,456.12979349866913,1793383,-0.0320835856965081,0.043501014511048035,Consumer
2012-06-27,447.17350148840893,466.7185583342914,423.66657822457125,443.0305551976697,1157444,-0.029138662854316627,0.042050851138402734,Consumer
2012-06-28,440.07160240408916,444.2083559409356,436.52378241905683,440.65582599479796,1130572,-0.005374610200780667,0.04052133408603319,Consumer
2012-06-29,439.94111215889797,441.46833462591457,438.11103531069875,439.6372027791717,1092543,-0.002314283169281704,0.03765522245467529,Consumer
2012-07-02,458.7822344563194,490.7135499679326,427.9313810742462,459.7946187137318,1322544,0.0448300610689993,0.035144501824282685,Consumer
2012-07-03,464.9382153100682,470.15122954895276,458.0503685145045,463.2443911341665,1509455,0.007474848725018862,0.03727692266133483,Consumer
2012-07-04,451.50989492716997,467.75715168794414,437.76305783910567,453.9364352564394,815972,-0.020297579658110906,0.03492901623290581,Consumer
2012-07-05,486.8125685241054,536.1639765805136,436.43974783525,485.67592702982284,1681733,0.06758440687761946,0.03373170172101434,Consumer
2012-07-06,471.46138399324315,490.8164624265438,455.8069552591988,475.04310600533955,1412028,-0.0221360352661371,0.04117535632810393,Consumer
2012-07-09,509.59737588700983,558.1695934017074,457.9593703214019,506.2085856715569,1117146,0.06354325959149251,0.03911302319678974,Consumer
2012-07-10,510.86581829351064,513.7832766162161,505.237611364876,508.13950019921543,1243109,0.003807207578761036,0.04392635590167776,Consumer
2012-07-11,503.63473742774465,510.6877947306863,496.36746698231684,503.41748176953655,1392379,-0.009336207081298972,0.04056838693703331,Consumer
2012-07-12,505.2429707934193,510.5066958253316,494.72471891674513,499.93312488348,1436776,-0.006945470247243953,0.03781150525088916,Consumer
2012-07-13,504.7675834319959,510.71752630877637,497.9377915306301,503.87723948700113,634845,0.00785832671256461,0.03536953317494758,Consumer
2012-07-16,476.76262034927555,517.1974899316139,435.7927340487368,476.17802316962894,1729654,-0.05654088338932809,0.033317654425532195,Consumer
2012-07-17,442.65352410124797,492.84641883875923,391.4456585941018,441.5087458625568,1661744,-0.07559395329100273,0.03830905377717111,Consumer
2012-07-18,480.4712065760515,540.5518975997917,419.8838698043978,479.89215285147645,1956367,0.0833635678218043,0.046165287253152616,Consumer
2012-07-19,466.3876679737343,488.2690259132537,443.29287616716715,465.1145013645827,1185424,-0.031277782328715274,0.05336112502309112,Consumer
2012-07-20,438.7450450127046,483.55925797558086,390.11670356901425,434.49701506467716,1522629,-0.06809453990388811,0.05024612105520528,Consumer
2012-07-23,427.9428221258253,442.1790486415286,410.82968103556817,424.9669088696351,820907,-0.02217777045538345,0.05305910006383266,Consumer
2012-07-24,427.75638515940375,428.3933473167568,424.75555368931424,425.3889906141069,1087107,0.000992717941725448,0.0492543653397625,Consumer
2012-07-25,435.6008700509359,450.5517537636262,420.29647729389245,435.2347964688788,1640351,0.02288162511542896,0.045176784163494986,Consumer
2012-07-26,428.1024673815966,441.69052561417493,412.5967293453086,426.12192475751414,910075,-0.021160133796451285,0.042559238445635555,Consumer
2012-07-27,440.5029713670319,461.38382553546984,418.95538803949455,439.8030650378778,1147876,0.0316015335888087,0.040201911782905664,Consumer
2012-07-30,441.995066077591,450.3158191048835,435.70394139760475,443.9962111808219,1021377,0.009488981759933457,0.03927790100775643,Consumer
2012-07-31,461.3431401100737,506.74491598394286,423.8858874586553,468.6910719547773,1762782,0.05412782719962891,0.036711155284002484,Consumer
2012-08-01,470.4994070170395,472.08842640285724,466.057632216892,467.6369843319988,924293,-0.002251535796671932,0.040219900415488945,Consumer
2012-08-02,456.22551123314946,472.45074457204396,441.5117990169032,457.6898073940616,1110226,-0.021500642195531813,0.03734799490684919,Consumer
2012-08-03,469.18253392235084,484.0563068424633,452.6463577979982,467.46570472001406,1365600,0.02113430892346333,0.03585024157621074,Consumer
2012-08-06,493.24672662353606,534.1415368747664,452.84482440745404,493.7023171783024,963782,0.054606751598263496,0.03457153032350451,Consumer
2012-08-07,465.3144705822208,504.78363888921484,430.6337530652552,469.7707843574427,1999093,-0.04968785586168092,0.038774181682459295,Consumer
2012-08-08,442.63751832506796,481.85116883222537,404.1825705033958,443.3355759698686,1787212,-0.05791789177321277,0.04090332731129787,Consumer
2012-08-09,458.1555615254724,477.1421184024809,436.8675464868372,455.75460461547493,1130044,0.027627525774274832,0.04406402246988093,Consumer
2012-08-10,456.03705889940125,457.7610722777429,452.88881171017965,454.6074204492137,1075015,-0.0025202825730909818,0.04204524334621183,Consumer
2012-08-13,438.51660335526054,465.13717850834496,410.0736887781257,436.5764873073274,1404720,-0.04047064573214953,0.03892550274654099,Consumer
2012-08-14,439.6464056374413,443.7344074112389,435.206498172318,439.2911970800072,874013,0.00619892368257533,0.039469441168495774,Consumer
2012-08-15,440.60047326417003,445.24226454552786,437.0346203602676,441.6677738008851,1571636,0.005395444202900287,0.03677000716815321,Consumer
2012-08-16,447.84990328174973,454.0164900213028,439.60320280710323,445.74074792046133,804996,0.009179543852178515,0.03443825437560421,Consumer
2012-08-17,449.49315516813937,449.7542573602012,445.30934410740315,445.5681663466485,903925,-0.0003872542352198681,0.032579660761756994,Consumer
2012-08-20,466.7881756802155,494.1299849003508,436.17341846950546,463.3115889150923,1538035,0.03904955987126586,0.030808601577438387,Consumer
2012-08-21,443.05257458124703,472.36902349470984,414.7102172196947,443.96809942190055,1321150,-0.04264709425413029,0.032985847932815185,Consumer
2012-08-22,458.5391514601192,473.01654209949095,439.0965224287009,453.41203536960484,959941,0.02104857072476315,0.035260021672221746,Consumer
2012-08-23,442.5681181296184,461.3252990679718,422.0987480328722,440.7801502712763,998541,-0.028255056747158676,0.03407450149442749,Consumer
2012-08-24,429.9455517438006,445.87122498035626,414.2992123960354,430.21507721169576,1328607,-0.024260962478164654,0.03389114274324143,Consumer
2012-08-27,428.43864932759845,432.12047135396034,427.3017437670697,430.97683047144193,1326802,0.001769067850302532,0.03327426618588681,Consumer
2012-08-28,413.54842635867743,440.4127692667074,385.9009379180149,412.71087287124163,1195552,-0.043307048938335,0.03140399452818457,Consumer
2012-08-29,415.0073223211375,418.2240309260417,411.63351678646995,414.8489982263321,1163566,0.005167312208554266,0.03420955672064604,Consumer
2012-08-30,431.9101360221413,462.31436083830704,403.29177894047024,433.5850256058988,1752948,0.04417332016522992,0.03225275467518364,Consumer
2012-08-31,410.66415051044623,443.2013270146881,380.461919615263,412.83913707207734,1382402,-0.04902989601542206,0.03499834966784934,Consumer
2012-09-03,425.1220569630233,444.4968448450216,406.02611244911515,425.38891347450834,1483997,0.02994582254066871,0.037953882397864194,Consumer
2012-09-04,421.4569248441924,427.32673497570136,415.5888462264339,421.4586325805867,954643,-0.009282211730855375,0.037241248561270174,Consumer
2012-09-05,403.14918653003684,433.6769061782432,370.36756343997104,400.7106277784257,1605046,-0.05048208896060353,0.03496358668263756,Consumer
2012-09-06,416.778294661801,435.8952598514402,394.20252159183434,413.15320983939915,1193638,0.030578951982375268,0.03821293119933868,Consumer
2012-09-07,383.49069097259576,426.6460011903064,340.158870279588,383.2917985624518,1113408,-0.07502191706098806,0.037529233063405054,Consumer
2012-09-10,356.34913513096024,394.2699290602294,321.3068580775287,358.96993100749665,1696343,-0.06555794790139037,0.04550821764679173,Consumer
2012-09-11,335.3853901434391,370.37988874875316,299.90992136762407,334.8483886136828,1559552,-0.06956076925980077,0.049004846481408605,Consumer
2012-09-12,320.94886045327,341.00464713416704,301.75066784756496,321.7580511803072,1614031,-0.03987798882474461,0.052411688352269545,Consumer
2012-09-13,302.0415119113638,334.0997117918619,267.95970844651293,299.77762277862627,1514496,-0.07075892687206922,0.05035996584246568,Consumer
2012-09-14,284.79314213003966,307.7736734269444,261.1545012288193,284.0772671327178,1465781,-0.053794673858196564,0.05366493070466479,Consumer
2012-09-17,269.3792831598834,293.80384538251104,243.16804893807247,267.4144611693527,1545830,-0.06044652465753041,0.05327306890311126,Consumer
2012-09-18,250.3516327374574,274.55620436748046,227.64151468224907,251.72179494955455,1996551,-0.06047525449674043,0.05402298814172099,Consumer
2012-09-19,272.12028395989864,303.39272206719875,240.53363679798542,271.76527701822806,1602396,0.07661425222753986,0.05462028065815161,Consumer
2012-09-20,263.45751129391346,275.939868941116,250.83982002379392,263.3154467948185,2051926,-0.03158601067751734,0.05802724871987267,Consumer
2012-09-21,256.1060012841499,272.8489762258203,235.60559327656796,252.08574313355908,1411732,-0.04358345075273232,0.05425293250854195,Consumer
2012-09-24,253.94166668692137,256.9414862837495,251.02470417128174,254.02358281860498,943226,0.007657828281841529,0.052341495255184514,Consumer
2012-09-25,256.05063724055896,259.59511743739773,252.7044563737274,256.246378538325,1301144,0.008712289368210219,0.047963549186209396,Consumer
2012-09-26,253.48453982883748,257.2507419256877,250.45590012725532,254.2133938577097,1592422,-0.007965350217222288,0.044179036186133086,Consumer
2012-09-27,250.16269047474742,256.38973569313066,243.80588765990223,250.02962050292618,864360,-0.016594654746652577,0.040877216285859976,Consumer
2012-09-28,256.2971463974744,267.2799869432141,245.91459432762156,256.8740640416345,1038771,0.02700654875480936,0.03844560877328997,Consumer
2012-10-01,242.7778613036904,262.4213717022251,225.4441094286262,244.9336982830673,1338027,-0.04759838694237842,0.037307571865587565,Consumer
2012-10-02,235.97495691062088,248.63560870516798,224.55185819932248,237.15536851393807,1492451,-0.0322720649706487,0.03941224303096998,Consumer
2012-10-03,242.10309398361503,252.58500925618128,232.84327911146536,243.2801741242226,1409128,0.025498269407429507,0.03871540839518885,Consumer
2012-10-04,247.90396385696016,257.6084337083921,239.30441176844002,248.9718380814212,1443228,0.023126030889074584,0.03737152042907922,Consumer
2012-10-05,256.80945621733923,264.94900011836467,246.2289210652485,254.28856565209884,1090578,0.021129917412742304,0.036021194136886044,Consumer
2012-10-08,261.9326979527984,273.1741036944473,250.4391109337181,261.66920845626197,1841776,0.02861143550616624,0.03471299689047581,Consumer
2012-10-09,268.6343324367648,277.38310932613524,258.703636782366,267.41262560596726,1290991,0.021711736818375377,0.03444975847162173,Consumer
2012-10-10,278.35316428482787,292.10724857836914,262.71230583585935,276.3683140107026,1514042,0.03294156742419797,0.03346847194529529,Consumer
2012-10-11,275.8105608296564,280.37936160431633,268.80531650172975,273.3330777801435,675336,-0.011043330516222642,0.03404236949944674,Consumer
2012-10-12,267.7990030973148,280.3150712011768,252.5650954370507,264.94791270303676,1061002,-0.0311578658100625,0.0323326399980433,Consumer
2012-10-15,273.091345993599,283.1327694234199,261.5390813941781,271.5228313764218,838311,0.024512978476821285,0.03289288034925088,Consumer
2012-10-16,290.21533430633497,317.3538678861544,261.9648149117392,288.9886380180723,1461960,0.062341143217409446,0.03249132467608659,Consumer
2012-10-17,313.44142840425087,347.08763795455724,277.1048147731949,310.42749520871985,1859728,0.07156299178786762,0.03908339371156927,Consumer
2012-10-18,315.4484008788141,320.5795136693448,308.7076116628594,313.8121083684598,1378702,0.010844061503637092,0.045718689835289324,Consumer
2012-10-19,307.53826579144095,316.2276185332002,300.2056516815685,308.8634091203937,974150,-0.015895288327784016,0.042306003482821555,Consumer
2012-10-22,318.30725307534715,335.7603292499057,302.12150595603185,319.5132574762831,1869502,0.03389962991823283,0.03961991132251959,Consumer
2012-10-23,317.85178280948134,319.9967932457599,316.39989173150724,318.54175051656915,705037,-0.0030452161594331168,0.03909178474887562,Consumer
2012-10-24,322.4582878265899,329.7420936165282,315.7307918941369,323.0032285044567,1422467,0.013908767296792012,0.036385781688739224,Consumer
2012-10-25,327.3892342081648,329.56108014729136,322.2826445910774,324.4348919128813,872624,0.004422556215854144,0.03446967012371774,Consumer
2012-10-26,323.7101925744905,325.2713836813648,323.2098312918966,324.76938519675764,973262,0.001030471687477602,0.0324570543529861,Consumer
2012-10-29,322.52054753062106,325.4022876247193,320.6200905560873,323.4960822975121,1296308,-0.0039283429414231595,0.03070712592547468,Consumer
2012-10-30,329.5706908727978,335.5058077654023,321.50721905074624,327.4033042783831,912627,0.012005753862975779,0.02926870082224665,Consumer
2012-10-31,321.18539567387256,330.7554128215337,311.40052896917393,320.9639478739796,1283631,-0.01986395246392919,0.028406798431546264,Consumer
2012-11-01,309.06042091323957,329.43021552083445,286.9214378278786,307.16639982010463,1151145,-0.04393918519751875,0.028368000437601962,Consumer
2012-11-02,309.9323332361811,321.0514859431804,301.6454072532617,312.69080435764005,1631515,0.01782523709049839,0.03214642372699498,Consumer
2012-11-05,305.0574606610537,315.4910196009456,296.5488734103638,306.93019841204153,1495738,-0.018594501797031898,0.031214978909944447,Consumer
2012-11-06,310.03613126932635,311.9803678314131,306.2832343729495,308.2160572509676,1076881,0.004180666629890009,0.030518244563549107,Consumer
2012-11-07,322.4029962008134,347.3326343274156,298.7956219850518,323.6350455353752,2223398,0.04881545662612756,0.029115499257492,Consumer
2012-11-08,328.394972583109,339.4214047618602,318.9306111839192,329.91328549985025,1357780,0.019213370462088077,0.0336988450611147,Consumer
2012-11-09,318.7952572745547,336.61716458110203,300.07523168111425,317.8439575984754,934835,-0.037269285745571104,0.03261690922572873,Consumer
2012-11-12,309.11315053291423,322.6199737222817,295.2290502180899,308.7186348879956,1588849,-0.029130267597440352,0.03405055304909593,Consumer
2012-11-13,315.6780294750188,325.6262421840926,305.33772287362393,315.2731771495034,959000,0.02100919667130034,0.033982907525757854,Consumer
2012-11-14,318.9185229888606,321.50410960141585,314.41192714991746,316.98181215455526,1359725,0.005404905278676305,0.03301633466693985,Consumer
2012-11-15,325.5343368268544,333.13406366446367,314.437641848618,321.95377916249004,998875,0.015563594942984345,0.031248114087608858,Consumer
2012-11-16,318.0112919114516,327.1298885141931,306.8009534590072,315.85780127191265,1162011,-0.019115875934117278,0.03029008963932211,Consumer
2012-11-19,306.6411802464654,319.69577801392353,294.86960799226097,307.876772899651,968277,-0.025592501404503556,0.0298128182363865,Consumer
2012-11-20,313.7897071699505,322.6314956485315,304.8752067874427,313.714887026436,1002120,0.018784955394329922,0.030154431252762556,Consumer
2012-11-21,296.6611309897553,321.2765555515259,272.7105458286351,297.27630504169383,2171866,-0.05382254399425025,0.029670911036183426,Consumer
2012-11-22,284.6020078496754,301.5871415120195,271.4214793022818,288.2382125374689,1558031,-0.030874761207717708,0.035196879203640195,Consumer
2012-11-23,289.710034779448,289.96636111584604,287.8133728592311,288.068246593025,913344,-0.0005898457207237004,0.03512896065194002,Consumer
2012-11-26,291.4373883464495,297.395224847392,285.8335571074396,291.784715121981,1351973,0.012818833965915703,0.03297403962035253,Consumer
2012-11-27,282.66503224663404,296.5885991835325,268.4500113669056,282.35847799735404,857198,-0.03283879114496612,0.0315353485273989,Consumer
2012-11-28,271.09288537490966,288.5914703375088,253.00759221468527,270.465692973863,1577978,-0.0430322001710455,0.03251677253318696,Consumer
2012-11-29,267.81381181606434,271.06269961225877,266.0244535290348,269.26365441679496,949238,-0.004454234516872585,0.03498053650981009,Consumer
2012-11-30,268.29698417766633,269.85956162218065,267.94097550299716,269.50195404870857,632142,0.0008846134337796854,0.03289204126199863,Consumer
2012-12-03,259.97266077802277,275.5671169781227,243.4048777086406,258.9372232010462,1519250,-0.039989990110063205,0.031074531112213095,Consumer
2012-12-04,251.67727281118158,263.86911134699574,238.56355321281973,250.70846018848366,1155488,-0.032294899998011835,0.0333523774778585,Consumer
2012-12-05,252.40079363057507,254.57493735331448,249.98030939387172,252.1523127383489,1480702,0.0057425696949843594,0.0338577753495809,Consumer
2012-12-06,247.91372559789028,254.92462026492552,240.4454216882947,247.44300456481702,775219,-0.018853049651653787,0.03196913710601857,Consumer
2012-12-07,253.8081738418271,262.26995932122986,244.56931086942106,253.00429561582524,1331082,0.0222261963994801,0.03115984922970407,Consumer
2012-12-10,256.52375526832475,257.6767143802877,252.62297320668202,253.76352632878405,361625,0.0029963673624351242,0.030835848199336935,Consumer
2012-12-11,264.70406882604345,283.766989618229,246.60022556043089,265.60175136160564,1371811,0.04559517689799199,0.029360285419996187,Consumer
2012-12-12,258.08390351416193,267.67194436924416,251.85023514629532,261.3591664457066,917230,-0.01610243357034096,0.033188237545985926,Consumer
2012-12-13,257.101892715039,264.6162954659032,248.82447492051256,256.31590535676327,1624645,-0.019484888971478306,0.03193838668687131,Consumer
2012-12-14,250.42067773430074,261.1144789693181,238.4834311275176,249.12176441565126,793772,-0.028468898366727908,0.03119290897083375,Consumer
2012-12-17,246.79711114542246,251.57173834038778,241.1714900599455,245.92932882060478,1838321,-0.012897577211784911,0.031622298812427264,Consumer
2012-12-18,240.68221983027172,247.54949145809428,235.794108792442,242.62198495790807,1643674,-0.013539598787914428,0.03041262814088983,Consumer
2012-12-19,251.88389250138772,266.2095780980998,237.6288674575075,251.95076830917174,871715,0.03772908991868587,0.029452342362696546,Consumer
2012-12-20,243.8272992016936,256.0498550898856,231.45538448505107,243.670058208992,1676005,-0.03341861480977035,0.03174074684744255,Consumer
2012-12-21,234.8935011210412,249.69091863133258,218.92945127925137,233.64843420130754,1639227,-0.04199752211014762,0.0327643187128516,Consumer
2012-12-24,225.7355402732576,236.89360266262395,215.75092084873717,226.85927861616793,1604370,-0.029487660390661422,0.03497669572848048,Consumer
2012-12-25,228.91391406012744,231.71967564761584,225.91719963117478,228.7205916970792,1097011,0.008171227741538504,0.034772456234258335,Consumer
2012-12-26,225.701368261323,229.96277802176513,221.94100668494718,226.19420539276365,1062756,-0.011107188834944588,0.03282246661162659,Consumer
2012-12-27,237.61446557757967,256.47193644357395,219.30138294061985,238.11989970927507,988487,0.05138038093891696,0.0313106515126936,Consumer
2012-12-28,240.19933516999603,244.15692162398267,236.57479491296777,240.5274305008991,1163938,0.010059812070845428,0.035780959326626595,Consumer
2012-12-31,224.3444935807926,247.37250035124956,202.44677409597807,225.37426717461054,2039480,-0.06507170924293583,0.03375502352394491,Consumer
2013-01-01,216.67304309529064,229.08885216433666,205.16057871933208,217.53081204733468,987875,-0.03542192485506214,0.04057918668543317,Consumer
2013-01-02,232.3285979082241,251.5820340218952,210.83597375372497,229.88707720915716,1455686,0.055247714622076546,0.040069230435667715,Consumer
2013-01-03,257.0624498171941,295.62181728977316,217.3849914081534,255.7470487154746,2216236,0.10660064533793075,0.04292180189378905,Consumer
2013-01-04,248.98915360992248,260.8807606889236,235.90082464684028,247.7324102425466,1209168,-0.031839692363014885,0.05725713492847187,Consumer
2013-01-07,248.25687416562184,253.69313687244883,244.70016257211606,250.10987777867544,760974,0.00955115974253062,0.05361686769701771,Consumer
2013-01-08,237.4432238429546,255.7992438999203,219.47991790094446,237.8083175059169,1117218,-0.050435371879022584,0.04912737016344048,Consumer
2013-01-09,237.1796470851315,239.52200180629785,236.15651168682058,238.4932000594528,1179527,0.002875838099614849,0.04911575928179118,Consumer
2013-01-10,220.04870980431733,245.9787021092949,195.9583525216457,221.7068193318065,1530023,-0.07298492321418117,0.04506802430302182,Consumer
2013-01-11,221.9013023326851,224.28712005189445,217.75664828368306,220.12334998067558,545259,-0.007167804467208303,0.05023864353412819,Consumer
2013-01-14,218.30409950722486,224.64597188319365,209.62915147978282,215.90121864458087,835638,-0.019367088968352646,0.04611771521282662,Consumer
2013-01-15,208.85346350240465,218.75517886521345,200.088549528593,209.94447847163607,895783,-0.027977874460644595,0.04310147961993088,Consumer
2013-01-16,204.07227350604055,211.6019363710137,199.07752288980774,206.54662501082976,1679889,-0.016316933638006688,0.04127474112871203,Consumer
2013-01-17,215.11899473380853,228.01559775110778,202.08132636042166,214.96893302533124,1441030,0.03996734623785835,0.038766219221066954,Consumer
2013-01-18,216.0028061147876,216.61515812920229,214.7650239741772,215.3755978995895,1071985,0.0018899508002664812,0.03926657760680429,Consumer
2013-01-21,215.1647585428454,216.6096211498783,214.426422081451,215.86886853963605,1404247,0.002287662305526837,0.0365243354582265,Consumer
2013-01-22,223.0095549818256,238.430614085292,209.47128507276065,224.7845870733772,1515795,0.04047141959206866,0.03417611262791116,Consumer
2013-01-23,222.3830909177512,226.4350711311578,218.02432586795078,222.07061249933497,1141313,-0.012147147209452872,0.03577842520366327,Consumer
2013-01-24,217.3870142902307,222.9965550442528,214.62108082532546,220.19489537789434,856257,-0.008482363352248399,0.03385571659029712,Consumer
2013-01-25,219.02104287445178,220.31942629574448,218.6485978345858,219.94540937167778,1315535,-0.00113366592536196,0.032058699441492484,Consumer
2013-01-28,232.98373079070703,254.96685754447273,211.7832683823731,233.70111630890398,1158220,0.060663641867132835,0.03037105443787735,Consumer
2013-01-29,237.14601780568225,242.97029441898437,231.572887332961,237.39139732167206,1390350,0.015667226249575648,0.03728179682931565,Consumer
2013-01-30,221.9601238141218,245.38389498018208,197.91357172133502,221.26386577491866,1614879,-0.07035429236432367,0.035337871987588684,Consumer
2013-01-31,216.67285698235426,224.1558639331236,208.76005737907604,216.22769005903046,1305788,-0.02302397896068336,0.0429123656467652,Consumer
2013-02-01,234.14784732629343,263.03069575715614,205.6580589253147,234.49826991372075,1883909,0.08111623695968241,0.04065332017681505,Consumer
2013-02-04,239.7202681127588,247.50793905843793,231.84753489076203,239.63234967466857,1256851,0.021657662371755232,0.049082894554965,Consumer
2013-02-05,223.55570253089124,246.6298660078435,201.07154009669165,224.09178678547025,1808123,-0.06705014210374916,0.04580024651927533,Consumer
2013-02-06,211.4675150773435,231.93001883906197,189.76272493037501,210.09214166125477,1586090,-0.064509526058835,0.049522603913779176,Consumer
2013-02-07,203.5542870475529,212.72108862693833,195.49378790394738,204.6184499429128,1420976,-0.026399179175635067,0.0518286839652636,Consumer
2013-02-08,202.33500681756723,205.84236034481032,198.76125457801115,202.26743682070713,521063,-0.01155625870977904,0.0485129620248963,Consumer
2013-02-11,210.65052450605543,221.6396814362189,198.50048340309277,209.42574645880512,1447654,0.034778477942495625,0.0447530787192158,Consumer
2013-02-12,214.19087909275197,220.092695978618,207.43081104062753,213.30830960093357,1259109,0.01836933770122659,0.04340163387567522,Consumer
2013-02-13,219.9286576147838,237.2900790304675,205.60088019966432,222.77675548086827,1427425,0.043431591470040276,0.04071334355711629,Consumer
2013-02-14,233.40275256353812,246.5934240927341,218.2567606573781,231.33030878123805,1146940,0.03767642379054681,0.04134013238395467,Consumer
2013-02-15,227.15943269399492,237.2161042994493,214.65905779495301,224.60253175427175,1189533,-0.029514282798905868,0.04098941537598518,Consumer
2013-02-18,225.32067957446677,226.82184846600737,223.98903681900958,225.4892096993527,1179210,0.0039399927190351585,0.03968336769557378,Consumer
2013-02-19,214.84254656238596,233.00881071740483,195.10838910112312,213.12983272354154,1902335,-0.05637078392429053,0.0369072387035876,Consumer
2013-02-20,211.60615466308616,214.07860058429645,211.04176711368788,213.5091374745619,1266252,0.0017781069121765138,0.04082113676779143,Consumer
2013-02-21,210.02872746427136,216.118595563914,203.3493185183652,209.42158219477884,952351,-0.019330270270380333,0.03786246710451468,Consumer
2013-02-22,201.59277961913216,212.455582372916,192.26592502361962,203.06080823453215,1242073,-0.03084387781855324,0.03609573429785378,Consumer
2013-02-25,208.48897116435438,218.78602388279342,199.03353147875472,209.29407111920477,1145252,0.030234819721457695,0.03584722231127375,Consumer
2013-02-26,212.04255619909836,214.3110298383738,208.53702388521003,210.7921201093189,1365520,0.00713213322186597,0.03556881114804743,Consumer
2013-02-27,211.67085210618936,216.8858197178203,208.0329127382738,213.2212342798913,1992430,0.011457850184904113,0.03346255160373364,Consumer
2013-02-28,220.44742327968152,234.08250436932988,207.89440754009266,221.47119181524687,1091687,0.03796223623402745,0.031866694800292444,Consumer
2013-03-01,222.05667121451427,228.68889461244453,217.7592209519001,224.34711747228985,1055758,0.01290196248585172,0.033594027698077594,Consumer
2013-03-04,224.2768024797635,227.27230963387038,222.5295146942472,225.5153724412762,968591,0.0051938431027998225,0.032059570380485646,Consumer
2013-03-05,227.31533288348453,227.40734206864678,225.48492914272808,225.5762344025012,849930,0.0002698430237711708,0.03043516458492586,Consumer
2013-03-06,220.81783933250603,227.70137255176675,214.32527131014882,221.19763756101244,848560,-0.019601580627069806,0.029000867520435347,Consumer
2013-03-07,227.6528839166597,238.46288313613712,217.24860032456525,228.0408677509225,1023873,0.030468267926425804,0.02881793795558942,Consumer
2013-03-08,224.78088436434385,228.7441606740901,222.67495653522172,226.62099322748688,1416051,-0.006245868682524466,0.030060374930716203,Consumer
2013-03-11,219.13855637006017,230.52740377045666,207.52700767257554,218.9036465789097,1248369,-0.034647325689122745,0.028788062528070313,Consumer
2013-03-12,211.34397565578683,222.50570333245437,200.16941994822736,211.330432361734,1482712,-0.03520872436205298,0.030709405919152694,Consumer
2013-03-13,220.6875722684254,231.5704498197481,207.623777499904,218.3935276731366,1260008,0.032875669555407244,0.03225526670493186,Consumer
2013-03-14,216.79651839559853,218.54116307360928,216.35565656406396,218.097655343413,601779,-0.001355685459640952,0.03308237040286682,Consumer
2013-03-15,204.4264243137926,225.75879956114477,182.21121212846907,203.44072762183657,1242820,-0.06956822507644497,0.031238282085252467,Consumer
2013-03-18,212.70527921112904,226.89542902360165,198.50367719148062,212.69300838354883,1191208,0.04447515317939874,0.04008272577000322,Consumer
2013-03-19,211.2482326281306,212.99762817540426,210.33532961329576,212.0811258371003,857051,-0.0028809803628570413,0.04101226416173913,Consumer
2013-03-20,204.86861335820254,215.76418837367282,193.80716909673225,204.6934271430609,1130080,-0.03545548807068825,0.03803747699986807,Consumer
2013-03-21,207.86553167596944,208.25449518116045,204.56543243739836,204.9489383356465,996439,0.0012474843778569125,0.03802687826211878,Consumer
2013-03-22,199.2442845047535,207.53313596793816,191.29065686177202,199.56664021535406,960528,-0.026612650103535692,0.03545515771901954,Consumer
2013-03-25,206.02386359232239,214.20051481093367,196.78462951119167,204.91736618911546,1086675,0.026458589395227064,0.0348122038793068,Consumer
2013-03-26,207.5206000903424,214.2059753843907,201.95684561218408,208.61293474465643,838031,0.017873741934491302,0.03427127330674076,Consumer
2013-03-27,205.2996663618237,210.5432564003057,199.85260566432933,205.0908626145076,1408142,-0.01702743484327145,0.032977821893863404,Consumer
2013-03-28,209.94858932535143,217.7825830028892,202.30333501907398,210.13069725673824,909612,0.024276591810228988,0.03183581976472381,Consumer
2013-03-29,202.4665504400102,215.54682357413986,188.26941542599974,201.27255066687886,1184134,-0.04306974199179394,0.03161041715260422,Consumer
2013-04-01,192.85476552050125,205.82767601003118,179.50044022813466,192.44584344020333,1395916,-0.0448451816561441,0.034316543813957705,Consumer
2013-04-02,201.7357097925814,215.2295185200249,187.76224663132245,201.22167212555087,1403540,0.04459236539833047,0.03665738249158152,Consumer
2013-04-03,210.0693497717309,227.81620246430109,194.07579323274624,211.69860327887085,1908264,0.050756433709039,0.038383366328137755,Consumer
2013-04-04,212.07196645420336,216.67860343210248,209.1009898706787,213.6850289959739,790065,0.009339523223173505,0.04080512937086496,Consumer
2013-04-05,217.82489244264062,221.56208345777284,212.43483156312396,216.143169494379,1515590,0.011437906149366732,0.03801487696262939,Consumer
2013-04-08,220.23234256555438,224.36647123958272,214.75661477531597,218.86507760382204,1513650,0.012514446109863197,0.03571734243962362,Consumer
2013-04-09,212.88552666225496,221.80027142915972,203.92666575866645,212.83948238618288,1404902,-0.027917178171371876,0.033824171016818304,Consumer
2013-04-10,214.0359737834396,219.90334088800302,209.81842402736856,215.65390992038104,1388692,0.013136576004861473,0.033647659079611994,Consumer
2013-04-11,223.88940043390616,232.5654447930496,212.72215510718047,221.2977699646587,1243056,0.025834316236287305,0.0321188015592108,Consumer
2013-04-12,212.6559589999181,223.87832919982557,204.83889579781885,215.94052786950297,1435272,-0.024506134192403103,0.03202195676702853,Consumer
2013-04-15,223.23480216077192,232.94231822743436,212.62583378145249,222.29236743800465,1539182,0.028990450033476903,0.031786902398786294,Consumer
2013-04-16,207.8187755525798,228.12496230903528,189.3447370500848,209.50135132662183,1856792,-0.059263296281013615,0.03216197537869061,Consumer
2013-04-17,202.36976789898813,211.80060475222768,195.39011517869213,204.73923021989685,1091245,-0.022993067896649667,0.03813574269791112,Consumer
2013-04-18,209.2741466979981,215.74147343939876,202.54221415398757,209.00110285477638,1120930,0.02060240707685567,0.03664382720994105,Consumer
2013-04-19,203.5768451235703,211.25416403719547,196.68616341821593,204.33772792354137,1907535,-0.022565374764409913,0.035183588996543315,Consumer
2013-04-22,201.89106811893208,206.68151871083134,196.35841114406222,201.13082271076092,1200594,-0.015818598404024036,0.03415680559538446,Consumer
2013-04-23,202.37666600137345,205.68220538215678,199.64861509038877,202.94647342916664,684484,0.00898671098431271,0.03272436558750801,Consumer
2013-04-24,194.42726186568564,208.65344347170347,179.14180484522106,193.28436073492801,1776729,-0.04877979034252087,0.031125896430966256,Consumer
2013-04-25,200.21869100884805,208.8892715554485,190.3304220912851,198.94588298634937,1450664,0.028870366707229714,0.035099534680448886,Consumer
2013-04-26,197.69115490305123,199.52639964257727,195.93997685045355,197.7744834531211,535863,-0.005905433835103206,0.03479377212805066,Consumer
2013-04-29,211.65544781270657,231.1083764621351,190.9458004287356,210.2715358447878,1736491,0.06127231419573436,0.03276761183602017,Consumer
2013-04-30,200.15984991907106,214.59013970939253,186.64113588340854,201.01375338446994,1403427,-0.045026392792655204,0.039014325335496834,Consumer
2013-05-01,207.10279620031872,213.15746955578948,198.977634993902,204.96995448380778,866990,0.019490074386745215,0.04027158393079372,Consumer
2013-05-02,213.06424430147203,224.00121051499102,201.21790820109712,212.1056690435142,1441224,0.03422118447380559,0.03813685655341955,Consumer
2013-05-03,204.8362662193373,215.31806318555388,194.89851692083263,205.35514040730996,1465262,-0.03234371686852034,0.037936780072107,Consumer
2013-05-06,212.26303196766966,221.83547355166783,202.07926002630654,211.6228303927345,1181052,0.030064715760950104,0.03752701465507459,Consumer
2013-05-07,209.90336049828514,213.09992204799107,206.29500842147368,209.48520194762077,1708420,-0.010152486497016817,0.03690805512629668,Consumer
2013-05-08,226.82913363830787,252.85365918988037,200.19188216813518,226.1369976828731,1440745,0.07648789828167933,0.03471634447742763,Consumer
2013-05-09,232.9382440773892,243.5939093297288,222.40657364702312,233.05687531017864,1509376,0.03014152376761038,0.04406517271760789,Consumer
2013-05-10,237.13818935302433,243.4727923964219,230.8683270853366,237.20126249389588,1058408,0.01762646577450211,0.0423044711060321,Consumer
2013-05-13,235.43387797825284,237.2483042460173,235.29369297640673,237.1071229396036,1009678,-0.00039695505464187197,0.039728308103968366,Consumer
2013-05-14,238.74055493924732,239.1570138928704,236.41841460608975,236.83154348068757,432121,-0.0011629331367099959,0.0369146909487318,Consumer
2013-05-15,219.45289645534353,243.8233019009856,197.09788046001307,221.28196419706453,1352885,-0.06791135700466662,0.03450157080908599,Consumer
2013-05-16,214.07339592177257,225.0108612235195,202.94454451101083,213.87170499410652,1057640,-0.03406141852938362,0.04176217872869891,Consumer
2013-05-17,213.23370346206497,216.4588695198115,208.52363528221844,211.7259972388438,904975,-0.010083353007780328,0.040856954029507744,Consumer
2013-05-20,212.55995084898294,216.2195186531717,209.87142491628026,213.51886408061864,898573,0.008432212251851675,0.038087841304507854,Consumer
2013-05-21,201.87355132966923,222.6865949949767,178.78464846484562,199.33608037667548,2303805,-0.06873293877353548,0.03565406364930849,Consumer
2013-05-22,207.0517398564549,214.98340596568232,196.65875070443826,204.49237349641012,1419392,0.025538435029898977,0.04272706793865148,Consumer
2013-05-23,203.67883272752013,204.55942327118225,203.4782202887868,204.35814175045388,1410274,-0.0006566299699936977,0.04072239699813565,Consumer
2013-05-24,207.18605450923928,208.90166755023253,203.7878285026969,205.4893922589073,1309213,0.005520362024548404,0.03777188859795917,Consumer
2013-05-27,201.08852725401167,207.41816836360752,195.19870917105712,201.51583458674597,1349892,-0.019526451569643406,0.03529792648495974,Consumer
2013-05-28,220.06488852797344,247.6533647175305,191.616488026865,219.08170754769145,1653705,0.08357679220311776,0.03396979890940395,Consumer
2013-05-29,215.35586537633316,222.5875572162603,207.03772020238776,214.23166104214715,728396,-0.022386796314369524,0.04550736005967323,Consumer
2013-05-30,217.82842111754962,220.94523170837113,213.19027651673787,216.28500302024392,1178619,0.009539038645893796,0.04280083121930875,Consumer
2013-05-31,218.17816338460185,224.47189804624264,213.28203319076874,219.5450926306074,1087781,0.014960648422614372,0.03973887153901305,Consumer
2013-06-03,232.52364639545044,248.65681633557247,213.98491848085513,229.9387400677653,1570176,0.04625528110141693,0.03737533249536526,Consumer
2013-06-04,247.33754074305264,273.00748767729567,220.8376794827878,246.41151919475757,1568557,0.06919005463040565,0.03922327163530536,Consumer
2013-06-05,242.252507941218,251.6816730258371,230.7543608690613,240.09973378542855,1585732,-0.025948586084145082,0.045264352190055014,Consumer
2013-06-06,242.9618285944338,246.3660403452251,238.9573000906379,242.35298109474823,813136,0.00934086853748474,0.04289625428068532,Consumer
2013-06-07,257.43802213981496,281.3685508683781,233.76577817093613,257.67455678724144,1629372,0.06130211787706169,0.03981405127346069,Consumer
2013-06-10,283.62744674605983,326.10109300637606,241.8678016084357,284.2498141369438,1881114,0.09815609788289821,0.043952467410562746,Consumer
2013-06-11,289.9669757031694,296.1471029275803,282.1725234250228,288.31749491805607,906331,0.01420880707633262,0.05559360076412418,Consumer
2013-06-12,279.3546335088561,293.7384847287046,264.2441284161217,278.58853347097937,1835539,-0.03432638301401804,0.05101766641582628,Consumer
2013-06-13,262.5819333183215,286.3870402685086,238.47477210262682,262.24976543498707,2091253,-0.06043854997779255,0.04856940307268541,Consumer
2013-06-14,261.19860276774045,269.1552413252027,249.14964491728054,256.97770642165585,1331132,-0.02030801715157557,0.050349898514121215,Consumer
2013-06-17,243.58682461630784,263.5674413231842,223.3450630435795,243.30234481929122,1497257,-0.05468444838467583,0.04679692466818891,Consumer
2013-06-18,227.90476447532018,250.23043260350354,205.64444963711807,227.96430246600113,1921031,-0.0651158387421154,0.04796373693730045,Consumer
2013-06-19,237.9952955836021,255.19561632995277,221.55613647096172,238.7072781184284,1526209,0.04604897496630197,0.050758515709739035,Consumer
2013-06-20,250.2447547781596,272.4467940128468,229.92480971165583,251.98549994505265,1700670,0.05413352242425558,0.049791743773056646,Consumer
2013-06-21,255.9784198561322,258.4789579239269,251.15426130503965,253.6318770514365,1110539,0.006512366860717047,0.05022887551874905,Consumer
2013-06-24,250.73549929503474,255.8936309752335,245.03049894920252,250.17714414505414,1167955,-0.01371466929546949,0.046094615596853336,Consumer
2013-06-25,267.28296643067154,290.21231092044997,242.1770278109945,264.9021278282644,1277660,0.05719118529693985,0.042754937641165544,Consumer
2013-06-26,260.8758794439231,269.2657278153162,250.94440293080615,259.2830246014618,966205,-0.021440204665597356,0.0453101810359471,Consumer
2013-06-27,231.61575987195283,267.4108618991755,196.8733958911599,232.5311842601526,2013296,-0.108895882268483,0.04256010292308567,Consumer
2013-06-28,239.32122036449482,252.2247433169461,227.47743164982347,240.330982400924,1299411,0.03299272471989134,0.057687406467214423,Consumer
2013-07-01,230.9427079063993,244.2923091467849,218.67129505436384,231.96649610283438,1315286,-0.03542411871550716,0.05408833029958745,Consumer
2013-07-02,233.39588663836298,239.93698190546465,228.63621809498508,235.14171057829793,951096,0.013595408247997669,0.05127053937392669,Consumer
2013-07-03,229.070512101868,237.8083688399343,220.8932362103129,229.61177127511849,1379146,-0.02379842438476947,0.047229861686957676,Consumer
2013-07-04,232.31857790647473,234.08257864336971,229.02472100004653,230.77701662380287,794454,0.0050620165716439075,0.04437885328008105,Consumer
2013-07-05,240.8519152653026,258.1483064338447,224.32953569501333,241.57623847712858,1421229,0.045733162227059955,0.0409808454833439,Consumer
2013-07-08,263.84338568837046,297.62643656071884,229.41495474053772,263.103235221721,1792450,0.08536137396864676,0.041919829154193296,Consumer
2013-07-09,262.5828903106718,263.1353819083575,262.4865939029772,263.03891826260127,1001476,-0.0002444851035564299,0.05097844923029415,Consumer
2013-07-10,255.75434893232514,266.46640862225183,245.18334158872742,255.88980261764138,1050536,-0.02755510613401123,0.046680304140883894,Consumer
2013-07-11,261.9920601403617,270.12436137772903,253.13126409620426,261.2402282783239,1257982,0.020693505579292372,0.04423949837935361,Consumer
2013-07-12,257.9872451171192,261.83105103306934,256.2207634430011,260.05044230387597,777641,-0.004564777800846023,0.041592544397517875,Consumer
2013-07-15,261.2729756854273,268.619577946332,256.16098751390496,263.4647070211157,1150767,0.01304379875265581,0.03856264227232441,Consumer
2013-07-16,244.6464371816722,271.61480281453424,218.31906466892437,245.2251524577749,1729298,-0.0717426416560956,0.03626545196331595,Consumer
2013-07-17,227.45102070611088,252.74771518216113,203.21486110566283,228.40943161784796,2169064,-0.07103700692778614,0.04386567450355806,Consumer
2013-07-18,214.41720918184274,234.71598679464614,194.20788289997586,214.49895571021008,1772830,-0.06283490135572643,0.04895198027363585,Consumer
2013-07-19,232.98613137095265,257.33068489002403,205.94379721437747,229.97357040160603,1932839,0.06965952115066976,0.05108102213568095,Consumer
2013-07-22,201.20439284522377,234.69547784997172,171.0237339184402,204.08302421736673,2299003,-0.11943749851561525,0.05399336987984574,Consumer
2013-07-23,214.20384651668107,231.16113285897887,197.83429018513695,214.74985064144823,1717248,0.05094697285705792,0.0676167479293082,Consumer
2013-07-24,210.4586844215052,218.10484157266853,201.99560395624175,209.61096259547818,1514596,-0.024220611825960244,0.06439688491629975,Consumer
2013-07-25,201.02806199663192,214.72668268644844,186.65257035274516,200.301694292926,1441875,-0.045428552126041195,0.059207792858052895,Consumer
2013-07-26,202.43995603233913,203.49672630527112,198.56385802160798,199.60583370415887,785324,-0.003480110987454752,0.05669226746513095,Consumer
2013-07-29,198.61614963116926,202.2951413778398,193.5041606246903,197.15610783480838,934221,-0.012348749932981923,0.051701327141023254,Consumer
2013-07-30,213.7428856318524,242.87085253272497,186.0045643559054,214.97290626029272,2330051,0.0865161623007907,0.047553081143608185,Consumer
2013-07-31,211.68063011535008,215.79844754525456,209.2034589843754,213.3022989984482,1603208,-0.007801599134270669,0.05506172329203819,Consumer
2013-08-01,206.6850261978916,221.8517768957001,188.21350116455955,203.11853956191777,1219575,-0.048920656313976796,0.05034445788633504,Consumer
2013-08-02,178.19303511733685,206.58011743119488,151.46407984973632,179.63488472277817,2247277,-0.12286337468755898,0.049866182368652465,Consumer
2013-08-05,185.5024483510087,194.2277171637862,176.63855891383065,185.3569857676288,1658831,0.031357245830946345,0.06598196906095855,Consumer
2013-08-06,181.96472362699546,189.57833841842222,172.71585782071097,180.25806399651393,1408284,-0.027894105478868118,0.06107690007559645,Consumer
2013-08-07,179.9934776853192,181.99547291068532,176.93625559708542,178.92638194472806,1311315,-0.0074150658165003745,0.0565775781237183,Consumer
2013-08-08,176.34554487460017,179.69646363950667,174.0282278561231,177.36574046100313,1153038,-0.008760516254701013,0.05166299795052367,Consumer
2013-08-09,180.93815331145038,186.92627633346933,175.1848162080657,181.16570375012773,1397597,0.02119817185445088,0.047400045174514155,Consumer
2013-08-12,177.66244617159407,181.92333746023883,175.3951064882338,179.63087654059183,917035,-0.008508043323049328,0.04432624278610146,Consumer
2013-08-13,177.80299441742648,180.29013158117294,175.81587221768558,178.29748298846965,706261,-0.007450651421823034,0.04102085640017723,Consumer
2013-08-14,178.13748702985,179.35439683820567,177.50510636856293,178.71994846308436,1418921,0.0023666389065771566,0.03813784680385872,Consumer
2013-08-15,171.68347464836742,183.60558368738228,158.78543831068558,170.6347192812592,1408756,-0.04629491981657159,0.03555891497254656,Consumer
2013-08-16,171.0097294203032,171.85065833376672,170.28022448428243,171.12068009680317,1380207,0.00284391201402659,0.03785541027836385,Consumer
2013-08-19,166.78323079230867,174.71802818652944,157.8914198164923,165.77841246557938,1078514,-0.031717007185619685,0.035321931504465234,Consumer
2013-08-20,161.09389598244226,167.48350953987273,155.90289541070868,162.25509125418571,1049654,-0.021482297803509333,0.03534128404411482,Consumer
2013-08-21,164.1249926345176,167.6387425809091,160.89175135785018,164.40008207754323,1036330,0.01313324771471536,0.03418228275213993,Consumer
2013-08-22,170.3925108694024,178.5089122577635,161.62087058166523,169.70449954326793,1366412,0.0317557047037978,0.03256708603249922,Consumer
2013-08-23,162.8850379127225,171.59757539236375,157.17031317924477,165.78123915968843,1012855,-0.023389603721776776,0.03316256611457843,Consumer
2013-08-26,168.95533379647998,176.33227997551685,162.63120588976108,169.97016611566934,1518556,0.024953845353142486,0.03258628035511711,Consumer
2013-08-27,178.58083125837803,192.10714850930196,165.1750018878497,178.69290584609743,1214068,0.05004579448631574,0.03229391109159923,Consumer
2013-08-28,170.51467517376037,182.44964037218568,158.69722058177467,170.62456958958418,1535578,-0.04620307931440824,0.03619398550503489,Consumer
2013-08-29,162.80834439130138,173.89992110903563,152.5993799326585,163.63887771537915,1401976,-0.041803608600085675,0.03831725916752091,Consumer
2013-08-30,158.15529547690673,165.15676923968593,153.5796845343726,160.51294873137462,1459345,-0.01928741801420212,0.03920077976121324,Consumer
2013-09-02,150.479138491457,164.79076150384108,136.8613973962027,151.11543793461192,1544606,-0.06033058239510245,0.03721775894862427,Consumer
2013-09-03,143.5426102940237,154.40161751656552,133.21454359428154,144.037913168116,1439249,-0.04796748356271713,0.04188193095770727,Consumer
2013-09-04,146.94564950594702,149.8769218148421,143.0544845871348,145.96621921734996,1044920,0.01329866890128173,0.04299312543300217,Consumer
2013-09-05,134.4747738615829,150.635326485627,119.41758176565203,135.4670309790208,1657794,-0.07464692280714533,0.04006563685728924,Consumer
2013-09-06,137.5596461043625,140.815552217097,134.34140484111524,137.59644991966985,754720,0.015596828257834133,0.04711718017995693,Consumer
2013-09-09,141.0235580145482,148.35909517039173,134.5651089863966,141.86223719270467,2205108,0.03053130091208033,0.04373227746463791,Consumer
2013-09-10,145.5223905125241,150.92164117785504,140.01969611408816,145.4149608664186,1269399,0.024735028272121318,0.04206939177243785,Consumer
2013-09-11,153.37428567982482,167.51431604074736,140.02533321707784,154.10202470949756,1841880,0.058023426824030805,0.040095389046942605,Consumer
2013-09-12,150.47574464122147,157.557479888739,142.31376854324748,149.34215442325078,1135568,-0.03137486937137276,0.04348700825903176,Consumer
2013-09-13,138.5046084877249,155.04858329251078,121.43793699419439,137.91100792952665,1534809,-0.07963140473770886,0.0419589474852204,Consumer
2013-09-16,146.19007629188943,157.88412198386268,133.8291073223701,145.46516594033176,1381190,0.05332804154058727,0.04959452300737559,Consumer
2013-09-17,149.28603198609926,155.60543759066238,143.17706674776542,149.48819941623023,1238535,0.02728080744085807,0.04994272091152499,Consumer
2013-09-18,134.91200358699862,155.25928953808113,114.67520304894883,135.008077859201,1957934,-0.10188284340220503,0.04697932168338488,Consumer
2013-09-19,132.05456028642078,135.21794523968975,131.4348613106865,134.5863651379282,1331815,-0.0031284996867465276,0.058503524676915844,Consumer
2013-09-20,145.8361117230657,162.04011665770594,128.83044692170813,144.9342444250413,1498374,0.07407403988485696,0.05328787898051016,Consumer
2013-09-23,143.32740001506383,145.63278064507426,141.2137003279932,143.51629525334423,1308505,-0.009831568315378996,0.05652188022989597,Consumer
2013-09-24,146.72208083190566,150.9644365165276,142.0791441692814,146.30957249380054,753913,0.01927615194008537,0.051674726086445376,Consumer
2013-09-25,145.3649073828737,146.87750902293732,143.7862236971357,145.29813048694893,1422132,-0.0069370325447237376,0.04787439146276343,Consumer
2013-09-26,152.98770938655136,164.19133755128686,141.39493549510507,152.56781377602854,1585126,0.04882147378443969,0.04405433292450262,Consumer
2013-09-27,150.39713879768658,155.02937820358335,144.86343474626472,149.46702665148436,1460330,-0.02053336671574149,0.04483478387269245,Consumer
2013-09-30,160.55761131066788,175.10996649899266,144.385937548423,158.77689512904115,1366103,0.06042423056966121,0.042087636524652965,Consumer
2013-10-01,163.31654291751082,173.11240185497513,154.71486905107338,164.45097870362017,1088888,0.035112482433503525,0.04543961338496817,Consumer
2013-10-02,164.66239403759724,164.66303888976873,164.4507640277575,164.45140805366404,934650,2.610805279427183e-06,0.04400840527736454,Consumer
2013-10-03,171.81149094108486,183.55519284251042,160.25913029412345,171.99077723946544,1901348,0.04482571987738492,0.040612704774095745,Consumer
2013-10-04,173.18313593374398,176.8859997106842,170.25223181194207,173.94224857376412,1618027,0.01128248469844556,0.04148391502297191,Consumer
2013-10-07,165.73292349421516,177.6588068344092,154.03900679824827,165.94960159128152,1762893,-0.04703920198601967,0.03867591412820288,Consumer
2013-10-08,162.58125280281635,167.46809956148604,157.94379548577402,162.8237259556502,1356351,-0.019015957609277302,0.04035547107201119,Consumer
2013-10-09,161.4533654233748,165.57474213713698,155.990041289898,160.076265134291,1387982,-0.01701782101993688,0.038171877513751146,Consumer
2013-10-10,167.39721718922652,178.56710101747476,156.19068213914412,167.35794549195285,1563101,0.04448454606276101,0.03618169041352058,Consumer
2013-10-11,161.8662951868638,171.90183862634876,150.6257114804716,160.58160548263444,1074514,-0.04133264609081469,0.03800161842218518,Consumer
2013-10-14,164.19404892265757,168.41022341136184,159.15960305586688,163.35421221923266,1419869,0.017118665450496978,0.038878741583217066,Consumer
2013-10-15,155.5657741692275,166.80411682422763,144.72998706678044,155.9421159877805,1382590,-0.04643603714811836,0.036785901425635384,Consumer
2013-10-16,158.29236146160505,161.22309128945392,154.95578074806002,157.87885463612594,467078,0.012343109087462112,0.038807317181949914,Consumer
2013-10-17,145.7068149304413,162.82259438323385,129.79922902872482,146.79608688418023,1391190,-0.07278353639720778,0.036437057301326084,Consumer
2013-10-18,152.40839863897264,160.33535706640453,144.07096121463908,151.97539875676551,259055,0.0346741977398476,0.0442350968281595,Consumer
2013-10-21,158.27519407395232,167.45783803214616,148.803794997226,157.9686544622139,1076775,0.03867796640284371,0.042962076665969316,Consumer
2013-10-22,162.699055744938,169.60652510178082,155.60444958799624,162.50362169501838,1109900,0.02830366500988017,0.04243807003058723,Consumer
2013-10-23,161.7841981628053,165.010024724369,157.1604155204537,160.3578010491551,1230193,-0.013292713784558591,0.04075483343464365,Consumer
2013-10-24,150.4829906614222,164.65584770410635,136.7758448788051,150.90982277641635,1704665,-0.06072511682713423,0.03814799594463866,Consumer
2013-10-25,165.92886450947088,188.39817706482404,142.8011789004838,165.1673739588239,1624202,0.09027688912265032,0.04263034890455507,Consumer
2013-10-28,167.68233001328437,169.811473352687,164.45641019358203,166.57144813045653,783778,0.008464987890033616,0.052691221513917995,Consumer
2013-10-29,159.11267359018706,169.6099176478388,149.6762113409065,160.11406602560442,1108036,-0.03953786138404562,0.04828913193152039,Consumer
2013-10-30,154.32433463850185,166.02440356383664,140.68178210163285,152.22250091899238,981861,-0.05054320155336787,0.04690371608501214,Consumer
2013-10-31,156.50332451171192,166.77794946416427,147.78777430927047,157.98015566651262,1405047,0.03712615575263907,0.047362001114357455,Consumer
2013-11-01,158.8856533055648,158.98630437333296,157.94676833235414,158.0468880581414,1060026,0.0004223207725142081,0.045839721157425246,Consumer
2013-11-04,156.15618931024494,158.56885700279858,154.58810184901873,156.9923727639941,946935,-0.006694525816972474,0.04220249734148009,Consumer
2013-11-05,148.98016000755337,160.2240110974749,138.89298146594282,150.0634827241804,1508627,-0.04513880032123794,0.03913519039014917,Consumer
2013-11-06,158.0543242636576,168.8996780330042,146.30859093551047,157.08761087473047,1866629,0.04574525803020724,0.04038412058798195,Consumer
2013-11-07,166.9994325574006,181.13938525634921,152.1366974529115,166.2097906477231,1514517,0.05644710876123668,0.04145595314751876,Consumer
2013-11-08,171.891935050654,180.2938146637563,163.32186052678654,171.7150964741441,1119041,0.032585898074571774,0.044190703255558725,Consumer
2013-11-11,166.48870559097463,173.74682931758448,160.27418022704438,167.49475127754758,1179441,-0.024884672474211465,0.04267939451744408,Consumer
2013-11-12,170.92882353452472,175.46902509537736,165.95868834219084,170.48715841971512,822492,0.017707961582951296,0.04062156584528501,Consumer
2013-11-13,165.23544363309537,173.5117422984799,156.62935131535502,164.8882602914328,1132796,-0.03339194256555121,0.03830306873987713,Consumer
2013-11-14,166.75575200030366,175.69929713695046,160.32931823730289,169.17945856186964,1769453,0.025692002368386323,0.037959891124166346,Consumer
2013-11-15,160.49680522744958,172.67934722135834,149.56995860642928,161.6724603573825,1527653,-0.045387597614109126,0.03676648630453318,Consumer
2013-11-18,162.3909156740443,162.40541524585305,161.66764797707378,161.6820842586919,1174377,5.952538148888215e-05,0.03860601915145076,Consumer
2013-11-19,164.90621627157105,172.81770953764325,158.23723950205493,166.10043724530473,1550951,0.0269606847669648,0.03594913494464648,Consumer
2013-11-20,166.24717173741186,168.42067749576225,162.50626106879758,164.65900320504085,1515879,-0.008715960841661569,0.0352548439378232,Consumer
2013-11-21,157.29061824289025,167.73421275744192,147.71939031648148,158.11294571399,1264966,-0.04056706425905518,0.03325234447182969,Consumer
2013-11-22,163.9773968278283,173.53934306747004,154.66525269821622,164.21377520068594,1055756,0.03785946238021069,0.03509170465634756,Consumer
2013-11-25,168.32880165828732,175.22778740076757,161.69588279725318,168.58478176171707,1756847,0.026269692790499285,0.03605749606265594,Consumer
2013-11-26,163.01165917589591,173.75324378470663,150.70783327991387,161.3392127350643,1323668,-0.04392971915062073,0.03526512344715158,Consumer
2013-11-27,161.37850917732118,162.2614814880775,160.82602298127597,161.70786771904392,1327041,0.002282361713306499,0.037207206010289644,Consumer
2013-11-28,167.5607693032826,174.66902347287362,159.28971891612724,166.34645970772604,1259320,0.028281298377685653,0.034760355572437146,Consumer
2013-11-29,156.2125383115272,170.30084571997065,143.7961302005373,157.76133309793408,1411750,-0.05298937906520001,0.03444706999596574,Consumer
2013-12-02,163.43786740141257,171.68739757987998,154.92481156002748,163.16033319282747,1340656,0.03365001558749782,0.038346598924844544,Consumer
2013-12-03,162.74500681744684,163.99481961092468,162.24640494836453,163.49392328649438,790495,0.002042466632649029,0.038029171061674985,Consumer
2013-12-04,159.90493401740753,164.66561364948674,156.36333470566544,161.0975990083062,1094333,-0.01476543686620095,0.03546265686327427,Consumer
2013-12-05,157.19510311010106,164.22201538207563,149.37760485508582,156.36752275218464,1124039,-0.029801234826222506,0.033745855216890434,Consumer
2013-12-06,146.59384438930786,160.72726143556957,132.62060408198425,146.74008185751026,1438490,-0.06354628038457523,0.03382666455668684,Consumer
2013-12-09,146.7983145577403,148.3907921642266,144.10230433500948,145.6826794598305,471578,-0.007232043098423712,0.04026306062176283,Consumer
2013-12-10,140.6435652625146,149.35032436406192,131.1385072479943,139.79258509608002,1233855,-0.041271039004621084,0.037479816002910386,Consumer
2013-12-11,141.8056798943293,143.95608958798567,139.07158563099486,141.213007758662,804571,0.010109654729668616,0.038461462337874744,Consumer
2013-12-12,134.9808052096528,143.71093755112662,127.23868117220326,135.91521818123726,1589983,-0.038238148134837564,0.036038285696564046,Consumer
2013-12-13,135.58652641529395,137.1198261270578,133.36892059432424,134.89439321840206,855114,-0.007539095770560705,0.03685552637902497,Consumer
2013-12-16,137.5827079945647,141.650106066632,133.51208071799255,137.579380415872,847946,0.019708862794143137,0.034571513627488996,Consumer
2013-12-17,148.1368606695571,163.964472191545,131.95172551348747,147.73656795299146,2148476,0.07122967887240393,0.03338289284187756,Consumer
2013-12-18,144.03737012442159,151.6437350329336,135.09408686033458,142.62591527437968,1150074,-0.03520551600343494,0.04186387584103617,Consumer
2013-12-19,141.0011782541902,143.2491415528276,139.119489238457,141.36262890562583,1284772,-0.008896800433544272,0.0410850524389001,Consumer
2013-12-20,141.933211292187,143.2240129862979,140.81656961340067,142.10601182109585,1262129,0.005244916105822751,0.03823948464374074,Consumer
2013-12-23,136.37028390578422,145.0087744256728,127.60015928177562,136.22974739819526,1449081,-0.04223056163690703,0.03569219691191164,Consumer
2013-12-24,133.4089629047965,138.09856749709988,128.39651477454174,133.0743572779253,1198133,-0.023434730271958044,0.03723787570128337,Consumer
2013-12-25,124.66595361229888,136.54348975118373,113.66539271688853,125.47181904946181,1512878,-0.05882686532374462,0.03594030462911101,Consumer
2013-12-26,124.63141069824849,126.8502662780575,121.78394863611202,123.99141006603608,1257981,-0.011868894405660359,0.04065039249551395,Consumer
2013-12-27,131.74483132145392,144.35300424372517,119.39898079288605,131.98467763952647,1185656,0.06247354781579914,0.037988078737853766,Consumer
2013-12-30,135.9988161112881,141.81954269044147,129.99244208877835,135.8048677087474,1125050,0.02853322181074599,0.04289425284882163,Consumer
2013-12-31,125.34837550129727,140.16539922016938,111.24973085008477,125.99412360711399,1955717,-0.07498379134593879,0.04115890248782272,Consumer
2014-01-01,128.39075274823222,131.39881294610507,124.97913423947016,127.97751265696476,698328,0.015619298293086623,0.04794402515322813,Consumer
2014-01-02,116.32304371784397,132.86408468460144,100.1606899933898,116.6555335883674,1294160,-0.09262913124165939,0.044446574785802793,Consumer
2014-01-03,108.02797202527233,120.35438029036726,96.0578644823668,108.34873086231181,1446386,-0.07387042027784689,0.05447404704388735,Consumer
2014-01-06,95.43810398570439,109.75381958356003,80.5689019116365,94.78694342545471,2462597,-0.13372334240262304,0.05737999032655532,Consumer
2014-01-07,102.98675169982477,115.13893667805606,90.44448685946529,102.5444855080651,2366953,0.07866503718621487,0.07359524765499359,Consumer
2014-01-08,105.49619445733389,113.55324323238304,98.92342603667517,106.89342277884916,1301920,0.04153557989757286,0.07322046567214768,Consumer
2014-01-09,126.82857531515181,145.85286161242456,107.75022382462282,126.76496920543862,2475575,0.17050244645829712,0.06817455488825046,Consumer
2014-01-10,119.75742813357867,131.19694474676396,107.58222094824052,118.94404085915212,1354118,-0.06368159810749852,0.09043715267857858,Consumer
2014-01-13,124.5815476808558,134.54089274384788,115.16814557292211,125.08913709667961,1848295,0.050373442312384206,0.08515518045495277,Consumer
2014-01-14,130.38783361781856,140.7051351114293,120.99063125194421,131.24607807249103,1751996,0.04804743972978648,0.07925746879766173,Consumer
2014-01-15,115.55409392488352,133.1402153246613,98.22097983615099,115.7741002823142,2312802,-0.1254331385967203,0.07397080882252118,Consumer
2014-01-16,124.1657007715029,140.30412877366692,109.35792895057197,125.35457411651375,1624716,0.07950543362041156,0.08268836245216124,Consumer
2014-01-17,128.29461959471203,132.2664452295671,124.00692699748868,127.9686614136832,984465,0.020639086541078773,0.08073449897219553,Consumer
2014-01-20,129.64605224861558,132.74399004095017,126.77738180876183,129.87035643577002,1019684,0.014751293438809076,0.07333718867955517,Consumer
2014-01-21,132.2296245651534,135.35992929973528,128.8128915313865,131.93625116461362,1847826,0.015782165531494297,0.06659815833380243,Consumer
2014-01-22,126.02029062016669,134.6043997769295,117.65281247978444,126.22343339047539,1779635,-0.044265242785927625,0.06070925190687905,Consumer
2014-01-23,117.90440711036251,129.72353213145982,106.73653205401355,118.49930819745353,1160773,-0.06314649486000107,0.05781351374470233,Consumer
2014-01-24,128.00263950350276,144.60906224431838,112.16596823003016,128.68764153145585,2208892,0.08248096203276199,0.058069302296245386,Consumer
2014-01-27,147.96098822101933,170.1551364541722,125.04303474617004,147.10945264255298,2385966,0.1337888009246409,0.061790787824850334,Consumer
2014-01-28,146.6800205522534,147.84039218856813,146.24343074787856,147.40165445699694,1106382,0.001984318440148757,0.07641595158041622,Consumer
2014-01-29,132.06668361721515,153.12375488465545,112.25668107463287,133.15109120404824,2097142,-0.10167669643426593,0.06908045130645284,Consumer
2014-01-30,131.9741740175527,133.3185800850987,131.47362105093768,132.81483863730938,644771,-0.0025285399982800257,0.07394869567362523,Consumer
2014-01-31,141.42554973077876,153.21610918040196,128.70009537126643,140.40562427481336,954187,0.05557958219981234,0.06690057324599534,Consumer
2014-02-03,144.68610931133003,148.42801553413585,139.15306255304014,142.84741605804146,807802,0.0172414902882585,0.06437323088163344,Consumer
2014-02-04,141.8609405758176,143.2103028209415,140.76861741993568,142.11601559833025,548764,-0.005133304729961376,0.058819389927268755,Consumer
2014-02-05,149.6649879572728,159.68886271047836,138.6524280171561,148.60533186318003,1546531,0.044650276995388476,0.0535885167526632,Consumer
2014-02-06,144.88918497914943,150.8555440432457,138.62755229202557,144.58123015383893,1439367,-0.0274525162797341,0.05192716425499383,Consumer
2014-02-07,130.91475177802968,150.55196454473412,111.03488207494044,130.6292730293417,2295311,-0.10147816163035002,0.04868460133928846,Consumer
2014-02-10,136.49164635638232,147.174753050572,126.5164676038344,137.1513605966856,1557930,0.048721803464819254,0.05950483105793742,Consumer
2014-02-11,129.63480991336374,141.83599890601772,116.68646788160682,128.81002871832848,1496811,-0.06274646447616021,0.05734746773238213,Consumer
2014-02-12,131.89809691667458,135.52712553482723,127.58486912727784,131.19454016837864,1496491,0.018342587714743046,0.057632919975409834,Consumer
2014-02-13,132.06449638783656,132.0916675985231,131.18554029193066,131.21253621864696,930841,0.00013716131854616735,0.05298783209874274,Consumer
2014-02-14,128.04851715601504,132.7379586037995,123.35836886767375,128.04778344522282,1151667,-0.024414919969076177,0.048437290411456106,Consumer
2014-02-17,123.98192036529119,130.01693963550568,117.92528096977198,123.95919399750254,1023255,-0.032451071642453144,0.04545712407849235,Consumer
2014-02-18,119.78558289338409,125.58961303171027,114.78516259380785,120.55699050714242,1783193,-0.027829839389085148,0.04371545391736775,Consumer
2014-02-19,128.27513040215567,141.07976392731496,115.83593823913442,128.60826662829132,1454717,0.0646485000588091,0.041773289588258954,Consumer
2014-02-20,127.75581814177562,129.57142152229264,125.58505863105772,127.39554194193039,1280917,-0.009474341531238838,0.04607516101325866,Consumer
2014-02-21,123.96642860061033,128.7621591584446,119.79193665006767,124.56742889874705,1455564,-0.022449583045271417,0.042565253928947167,Consumer
2014-02-24,122.30258091248295,125.75406178768489,118.7958627704486,122.24573953454,1148776,-0.018813889559543853,0.040311763053289824,Consumer
2014-02-25,116.47783241193143,124.92014791215394,108.04090294442123,116.48285466395507,1533852,-0.04828918540581144,0.038119876159629286,Consumer
2014-02-26,108.88676371791604,119.59506968628628,99.00442258847826,109.64400305529874,1505933,-0.06050531023855903,0.040153166510424845,Consumer
2014-02-27,112.73869260568108,117.42024916012369,108.04091960931365,112.72177358924098,1643662,0.027683820264600645,0.04403357025850577,Consumer
2014-02-28,119.22906532706973,128.11596931676357,109.63460481027167,118.46452254151772,1759072,0.04969092597969703,0.04202527017682359,Consumer
2014-03-03,116.38498219815395,121.81939193856118,109.47168156885131,114.83365455770708,1828482,-0.031128928823220773,0.043396738189130916,Consumer
2014-03-04,116.9308507746572,122.30956231271568,112.455804660888,117.8012069071513,1598166,0.02551391746559264,0.04185657701982988,Consumer
2014-03-05,114.07619522619873,119.4388293576261,109.02561383256693,114.37501795982513,1262551,-0.02951583593531285,0.03999027918781915,Consumer
2014-03-06,116.9243919452409,119.52214106574506,113.50267188494281,116.0816985997917,1503213,0.014811560857325982,0.0388594342375159,Consumer
2014-03-07,112.73437377358478,118.99344169187843,105.65291041755246,111.86363446062403,1461970,-0.03701366145794677,0.03661900945769013,Consumer
2014-03-10,114.58228160358439,117.51984127159395,110.87467567392508,113.79197413476331,1601451,0.017091413127744117,0.037124966708516303,Consumer
2014-03-11,111.77451086876495,113.81762661499582,111.69884956731052,113.7406344245409,876110,-0.0004512734365307133,0.03530478696851517,Consumer
2014-03-12,116.66266996561862,121.9544808670547,111.72085543440159,116.99844303514789,1165112,0.028239907605254435,0.033123600853031794,Consumer
2014-03-13,121.29901663675273,126.24851318622562,115.31913974341674,120.22480401964286,1350941,0.027202729731903526,0.03312645776429727,Consumer
2014-03-14,121.83523293237378,123.6109318183016,119.62931339371018,121.39864925033064,1156193,0.009716395075489312,0.03299830357666687,Consumer
2014-03-17,123.17274395203161,129.2132644180474,118.51066309139864,124.50091246022934,1302331,0.02523329275102491,0.031389037594990725,Consumer
2014-03-18,120.06696442686443,128.72368924661941,110.1030305281932,118.65818345188217,1429795,-0.04806609301222068,0.031364393894520455,Consumer
2014-03-19,117.6284643001913,120.32095081809376,114.18630002263649,116.86122461345934,1188776,-0.015259835471065065,0.03512168216522983,Consumer
2014-03-20,118.17133770845945,120.08166485732295,116.21784978562211,118.12746774403655,1758106,0.010777160158055021,0.033492617593776315,Consumer
2014-03-21,118.65523738977924,119.21041030976423,117.9420817861598,118.49651205026078,759196,0.003119249416476834,0.031856340401672054,Consumer
2014-03-24,120.08254682021351,123.16115737915004,117.28139753399343,120.35368332837089,1381248,0.015551242931880472,0.030221194492741205,Consumer
2014-03-25,115.17430374005295,122.6634534600619,107.95419892665,115.4274775586888,1525851,-0.041792336073496854,0.029443720056464118,Consumer
2014-03-26,119.18688489646063,124.07280506414835,113.76260941947878,118.62551699869621,1455684,0.027329182356107994,0.03248901389366501,Consumer
2014-03-27,119.04478026931879,119.79964655823535,118.34004177105456,119.09461305265694,729078,0.0039466297005764294,0.03250325291819601,Consumer
2014-03-28,116.72249556595298,120.83891544710019,112.22474181104376,116.32722167758908,1086452,-0.023511148450507394,0.030781577982786957,Consumer
2014-03-31,109.67456680370216,119.26345035861657,100.34599234550107,109.91447044922243,1263952,-0.05670457445190289,0.030674428270264228,Consumer
2014-04-01,111.9915579336864,114.01577046911113,109.23617520496065,111.24692880068426,1216472,0.012049792399669607,0.03653830530185791,Consumer
2014-04-02,116.88530428149103,125.33393102956738,108.30086195805566,116.73890690734508,1528763,0.04818756187250488,0.03449373606898349,Consumer
2014-04-03,116.67279833072907,116.78549388920881,116.64486553766511,116.75754080783335,726497,0.0001596075718510957,0.03741871764611699,Consumer
2014-04-04,107.23361913171516,123.03977999793273,90.23066374567395,105.8299203944604,1839522,-0.09826620292032891,0.03493039028425549,Consumer
2014-04-07,94.74434253446533,109.75052765135891,80.53269115429553,95.43524143596427,1974263,-0.10338536357751053,0.050244827870988044,Consumer
2014-04-08,94.71158307015298,96.21322727110872,92.93460032732386,94.43180872958987,1283934,-0.010569944050338252,0.06101568808541193,Consumer
2014-04-09,93.80934805485306,96.19505466078522,92.76460075096762,95.13553768765001,1482157,0.007424614039349639,0.0556335322589993,Consumer
2014-04-10,92.96183085857533,97.67085593065775,87.31731445820249,91.97642324625998,1417605,-0.033770312170711324,0.05083641080304046,Consumer
2014-04-11,91.37828809063384,93.36279777777169,88.68556302688789,90.65435058771494,1523445,-0.014478345849286072,0.048358428720177475,Consumer
2014-04-14,94.48265957566609,102.66635399149213,87.27158288638853,95.38630922932148,1394939,0.05088112973437623,0.04474677058076168,Consumer
2014-04-15,97.84551891586493,100.42727403597532,94.51753339908403,97.07906483633096,1362932,0.01759068886489928,0.04571818222964272,Consumer
2014-04-16,99.81434151527641,103.04704813967267,95.98519342026259,99.19793641186979,1243393,0.021591463880645565,0.04264430324577374,Consumer
2014-04-17,99.55867945448594,100.76324090444342,98.6208069401303,99.82287954626496,1672941,0.006280199238576632,0.040308286695546744,Consumer
2014-04-18,104.94263571127414,112.1145227386803,97.33607270737437,104.47607446194682,1218691,0.0455606816606485,0.03749296622615694,Consumer
2014-04-21,104.96604181193173,105.75130939605377,104.20029849250545,104.98542467567376,1049434,0.004863435235548328,0.03919112616595802,Consumer
2014-04-22,109.67849575717834,115.94309446748969,102.83092360765373,109.06020700000751,1089733,0.03807855962443051,0.03650073213605978,Consumer
2014-04-23,110.59270379030535,111.8508066308889,108.6403499646836,109.89046412529973,734612,0.00758400146040405,0.03719326905013065,Consumer
2014-04-24,109.8806522797324,110.84575754579606,108.28932707033357,109.24888337500836,921994,-0.005855475894620138,0.03486113841846013,Consumer
2014-04-25,106.47537125102993,110.42542288458638,102.8751672244512,106.81377651250864,1583961,-0.02254170132978929,0.03282350022708884,Consumer
2014-04-28,106.80476561149715,109.25072439233277,105.35328441343052,107.78590940932689,1137031,0.009060027672962368,0.032219946904865855,Consumer
2014-04-29,111.81325603170636,117.92534446204253,105.6757027727341,111.78631871900959,1409693,0.03644224097247163,0.03070525359050347,Consumer
2014-04-30,109.80761616706303,114.21256327533747,104.47040512874074,108.83639142758328,1624327,-0.02674342188658807,0.03245698102889507,Consumer
2014-05-01,113.01957685002593,117.51328725733046,107.31626547395967,111.7598901584759,720360,0.02650697358545567,0.032404414608794424,Consumer
2014-05-02,107.90396902408051,113.74170462184088,101.96866404750705,107.80081910979719,979282,-0.03606747524710355,0.03233310712272989,Consumer
2014-05-05,110.1501329183102,115.26578505914375,105.67186263537705,110.76261372068333,1256222,0.027104039213185133,0.033637379038400195,Consumer
2014-05-06,106.73872334649002,112.78704008581923,100.61278663745496,106.65644086544968,1342377,-0.03777646043660866,0.03339719982436979,Consumer
2014-05-07,109.29870483775767,113.46443427102781,105.19580544815804,109.3592616741876,929222,0.025025605415849132,0.03473265767768006,Consumer
2014-05-08,114.04832932620351,119.91951642649174,107.35124353236539,113.17760595291129,1441251,0.034319877868006415,0.03404450244089922,Consumer
2014-05-09,114.58940087606491,115.79067593587128,112.776563686713,113.97135963480943,806645,0.006988866629445769,0.034697271069782216,Consumer
2014-05-12,109.99887790571763,116.2904989616677,103.43234081908345,109.70728350999127,1200006,-0.03813142567595249,0.03271768840041398,Consumer
2014-05-13,110.93076109669589,112.69098269168803,109.1146614562254,110.87398209622745,932705,0.010578500063703747,0.03427037424694061,Consumer
2014-05-14,114.25074616056777,119.7217595547867,108.91520609994511,114.38017512719362,1375057,0.031133509641002595,0.032501577505714446,Consumer
2014-05-15,115.70240465474377,117.43540804121874,113.79763750535251,115.52802907515128,1582662,0.00998540691034757,0.03302236129765603,Consumer
2014-05-16,113.18769733249631,116.57786819897754,109.98227091806032,113.367353986161,1590616,-0.018879710368874147,0.03142192433975245,Consumer
2014-05-19,117.70633629607383,123.0007998499975,111.56384537524997,116.81836786354364,1365726,0.029986851008633204,0.030713781644603585,Consumer
2014-05-20,118.70184188417805,120.475808146376,116.2247649100062,117.98806395812029,1298610,0.009963149316188295,0.03145712624099674,Consumer
2014-05-21,114.14582730407501,119.64800436445387,109.02743466478658,114.51314107406057,1082320,-0.029893880837497763,0.03010864136287295,Consumer
2014-05-22,114.80678225141351,117.06795450208408,113.28082476084333,115.532353067145,615221,0.008861018258361017,0.030972097838271474,Consumer
2014-05-23,116.07524960077953,116.18548963230388,115.34957162512401,115.45922660173729,632902,-0.0006331526712398674,0.029651211143712487,Consumer
2014-05-26,110.83269105038151,117.36903345721537,104.92103846650913,111.42574808419818,1583170,-0.035559018600297955,0.028344586611502742,Consumer
2014-05-27,111.62935696456165,112.80213170982903,110.80526971695224,111.97548919215,1253919,0.004921568244639135,0.03053520988488592,Consumer
2014-05-28,110.33537545458562,112.96008792969295,107.59186006105807,110.21367752564896,1361033,-0.01585899635116062,0.02914708406117538,Consumer
2014-05-29,116.96616647780445,126.70177918097107,106.80525552935629,116.50225480702387,1541884,0.05548962289030283,0.028589651487999954,Consumer
2014-05-30,121.5937080752917,128.1901994063797,114.23984863499219,120.79289567839824,736422,0.03616684577683023,0.03486773974665466,Consumer
2014-06-02,119.40746322610988,121.35609150115992,117.70507196913152,119.65023899201098,957478,-0.009504661383712174,0.03562040889783701,Consumer
2014-06-03,117.29293514478564,120.52092271408618,114.65386308194635,117.8688917214611,1362898,-0.014999892133779617,0.03359466642552266,Consumer
2014-06-04,114.40799785196303,121.33229951106487,106.35605951687953,113.20771670260602,1209900,-0.040348587447889495,0.03219675145721172,Consumer
2014-06-05,108.36715505328334,115.4337955063052,101.39033291004866,108.45154051440498,1103207,-0.0429208901891859,0.03425647267121894,Consumer
2014-06-06,106.01271707014058,109.58921389791055,102.52543751740653,106.09909301560045,1177811,-0.021929944816128588,0.036264792265970576,Consumer
2014-06-09,104.45779532121082,106.95645952742211,101.92278894648891,104.42056253236397,715095,-0.015946882014423847,0.03498923403592834,Consumer
2014-06-10,104.57729802684308,107.94462843762258,102.48220781981817,105.82455090223651,1056692,0.013355927443495012,0.033429667297687336,Consumer
2014-06-11,108.76679313713342,113.18405101286217,104.31315069959446,108.72886836729249,1422602,0.027074794603039437,0.03194982385223177,Consumer
2014-06-12,111.89097751815036,116.02086314663677,107.32435718493068,111.43750519180513,1718813,0.024606604989316314,0.032040438055220576,Consumer
2014-06-13,108.84137377205498,112.56216081034889,105.40294314979806,109.1150833708613,1563406,-0.021060806217912276,0.03181343250863349,Consumer
2014-06-16,111.50668305033004,113.72519325646375,108.37209507538034,110.57200923560315,1139629,0.013263840010572082,0.031244347075389024,Consumer
2014-06-17,113.14098276806446,118.50930367670452,108.37636161565858,113.72028673196466,1040323,0.028074832159761854,0.03012236373706095,Consumer
2014-06-18,117.58263540346452,123.75668676260952,111.52534329587931,117.6936744568068,1181430,0.034343461724035865,0.030726452248934683,Consumer
2014-06-19,117.99377840361672,119.45079781715596,115.2873769364043,116.72877575157695,804893,-0.008232182144131264,0.03212807026143024,Consumer
2014-06-20,115.72393390660716,117.31599706361744,114.07185289390166,115.66307884202203,670458,-0.009171615604283104,0.030593065266606444,Consumer
2014-06-23,112.7379282144361,116.61897704191405,109.84474360955699,113.70107526973585,1394793,-0.017108614351306645,0.02934904246895259,Consumer
2014-06-24,112.87418851453526,114.54144845078287,110.92390403614702,112.58692075224532,1543705,-0.00984730556022502,0.0288617175134947,Consumer
2014-06-25,112.13544067990121,112.60471368284522,112.08224229576233,112.55131800156835,740137,-0.0003162745801941386,0.02794538252167036,Consumer
2014-06-26,113.79039130217043,116.93721046145029,111.16248271362105,114.2975885121424,1032780,0.015396195047617455,0.02692156250791352,Consumer
2014-06-27,115.40699164139409,118.100693224698,113.12714628260534,115.81283058702982,1060150,0.013169885846968167,0.026746454822754326,Consumer
2014-06-30,115.02167235780388,116.1665004022053,113.95476340102284,115.09887533216366,872416,-0.00618381408715247,0.026425653453639255,Consumer
2014-07-01,120.78899169177276,131.01297592623442,111.18574702330697,121.36401447206073,1544611,0.0530028690747536,0.02577572621403981,Consumer
2014-07-02,123.29474488180985,127.11969978059093,119.83851259654834,123.65341320596903,1555503,0.01868818382364765,0.0324485141264162,Consumer
2014-07-03,114.04168094722479,128.64915748752068,98.99032703704069,113.53259534938242,2108385,-0.08539261796778692,0.031539056539531304,Consumer
2014-07-04,123.35980070889632,138.92711421321118,107.88088948155949,123.438347154035,1927845,0.08365183870480825,0.044604422991805004,Consumer
2014-07-07,118.5689223979122,125.35972591930938,112.64513933941451,119.39468710120178,1205127,-0.03330711476327518,0.05235731236560733,Consumer
2014-07-08,123.3207944539681,127.34734524855618,118.03793873917202,122.02208534543102,1835273,0.02176735244269,0.04959269210879684,Consumer
2014-07-09,124.19279750739669,127.10205962646427,121.03924887381412,123.94265122386523,616358,0.015616912722035076,0.04624522389753324,Consumer
2014-07-10,117.75336390657726,126.20921786795137,110.75061201898318,119.12490113501681,1564753,-0.03964643644575568,0.04298231940125535,Consumer
2014-07-11,115.46554166819232,121.08255246849599,109.71342265328084,115.32352481043138,1459455,-0.03243109427079115,0.04258825910173281,Consumer
2014-07-14,117.65660045861515,120.77704693939515,114.2675748728177,117.38070412935056,603056,0.017681096051938603,0.041337322506340486,Consumer
2014-07-15,115.4007771730835,118.20166787884703,112.90824756089677,115.70261881973032,1900179,-0.014399265315451168,0.03890902927643203,Consumer
2014-07-16,104.48610294220413,120.38302582153243,88.868065074767,104.7287224544463,1559735,-0.09964985727065956,0.03663646917527819,Consumer
2014-07-17,96.81186360302365,108.53876441345116,84.90222526963268,96.60394013960959,1799533,-0.0807538826612792,0.05160715848614716,Consumer
2014-07-18,109.22722592796416,125.61130981715877,92.03808685667477,108.28010218432325,2711410,0.11410187986878234,0.0566464251329437,Consumer
2014-07-21,102.66541390424719,112.48987130405264,91.86664771251178,101.58800346859262,1138719,-0.06379595637383398,0.06797013927242067,Consumer
2014-07-22,109.18621958860142,120.05099616466835,97.75365911862782,108.55569408959036,1650738,0.06633789878737383,0.06638102495154492,Consumer
2014-07-23,106.73305023486802,110.17131359775921,102.8265532389293,106.24923100844708,961616,-0.021475780652917015,0.06546189655992775,Consumer
2014-07-24,110.3965515269562,118.42977286130952,103.06777391804292,111.05714138135896,1268386,0.04425728586352192,0.05997824017238232,Consumer
2014-07-25,107.77714631809881,112.17308256682009,104.38780780799013,108.75305404717353,640433,-0.020965103307431673,0.057198929519192976,Consumer
2014-07-28,114.5249255366421,122.52823529218513,105.9771656134499,113.93956908620514,1539679,0.04658845934216817,0.05275703141778333,Consumer
2014-07-29,113.19629018749795,115.59447849720029,112.21437672184516,114.6003853046299,927418,0.005782954335496047,0.05149967157948787,Consumer
2014-07-30,127.19555924338296,146.62707557589852,108.11622535687552,127.5018048486074,2199197,0.10667935372911001,0.04718886862770767,Consumer
2014-07-31,131.53411452914008,139.4799971784157,124.33368808456132,132.24088099924091,1321679,0.0364945954406557,0.059904124521601425,Consumer
2014-08-01,122.01366690745404,140.27200520706617,101.77519459347765,119.68507891778138,2249571,-0.09976116480711338,0.05630791802416595,Consumer
2014-08-04,102.91170698794642,119.9282714969399,87.47495093975445,104.28545347559992,2100356,-0.1377320666420933,0.06425969814995834,Consumer
2014-08-05,109.10985777839575,118.84444023586133,100.35440610711636,110.01625526995657,1469153,0.053496245891071686,0.07905039767315729,Consumer
2014-08-06,113.47164962481405,120.75810784285788,107.02300105305923,114.2644065147291,1891574,0.037886988177674434,0.07435354427660561,Consumer
2014-08-07,123.11572155569034,136.14416210090636,109.64110770416255,122.61674521581475,1896019,0.07054848008355406,0.0688336634080361,Consumer
2014-08-08,122.65274161831688,124.15093614226667,120.13668882050789,121.62229653093209,1125743,-0.008143285964271468,0.06809568107341016,Consumer
2014-08-11,118.67931999894712,123.33819263018283,113.82957692936229,118.48065059925497,992436,-0.02617065119279445,0.061802624463898434,Consumer
2014-08-12,117.48290759721854,118.6257862663659,117.3965933510374,118.53869633620657,591404,0.0004897974689621809,0.057082282365711015,Consumer
2014-08-13,119.79851358249466,121.65223074923777,117.91459814838701,119.76784069438959,782648,0.010315749399047601,0.05202639285302317,Consumer
2014-08-14,119.28662257122026,120.90499634912409,118.60912635233261,120.22218653317842,899894,0.0037863771828684184,0.047763570275758,Consumer
2014-08-15,122.6204941834301,125.28922686539548,119.32448304660063,121.97925979751311,1565213,0.014509443410403996,0.04390031223368987,Consumer
2014-08-18,122.51754292894103,123.11674227573548,120.98757146405842,121.582196289671,1264751,-0.0032604819003592125,0.04090682734684182,Consumer
2014-08-19,117.86653744784724,125.52887912107053,108.85682503351102,116.42548592710206,1654153,-0.043339084126477516,0.037951145308156985,Consumer
2014-08-20,115.62423206275648,117.01285830401747,114.10994289265085,115.49704159931093,1237040,-0.008006546819743325,0.03916596706451867,Consumer
2014-08-21,116.07008750964063,117.0414778858207,113.89322292060594,114.8544395408855,637302,-0.0055793322639327535,0.03656219495155728,Consumer
2014-08-22,115.53288149773223,115.728214607921,114.53108779313887,114.72505509957722,1080808,-0.001127142955070585,0.034265210082782924,Consumer
2014-08-25,118.87910741427702,123.98137829530388,112.98821738633752,118.05512299766526,1488362,0.028613218879838843,0.03224087879230301,Consumer
2014-08-26,115.81231742458651,118.86619850857632,113.35644946737582,116.39791266170826,1091458,-0.014137056758865483,0.03247132360159983,Consumer
2014-08-27,114.6314441986911,116.51147566721207,114.29460732894087,116.17011750834422,895167,-0.00195895563155952,0.031200768279360667,Consumer
2014-08-28,116.50571434288044,119.45198296106699,114.54853226337003,117.47845971054824,1790401,0.011199348120959135,0.029654105601971036,Consumer
2014-08-29,121.6565865458279,127.25557942625122,115.56363192937656,121.13879450145143,1230398,0.030681955052849586,0.028675888704492572,Consumer
2014-09-01,128.83572220021003,143.22332540604552,115.5027623157505,129.79145824545367,1683633,0.06899204483955244,0.02998420633056206,Consumer
2014-09-02,122.85100285306207,134.78546360676518,109.83408423511013,121.65207407605398,1509808,-0.06476387643861305,0.03915644826960684,Consumer
2014-09-03,120.65890715384663,122.07630409340987,119.37856725175098,120.79452511736413,1076384,-0.007074156022663894,0.044223702994838736,Consumer
2014-09-04,123.09844433748637,126.52935082169185,119.63013498322627,123.0599691152158,996553,0.018580827741409574,0.04089126163100761,Consumer
2014-09-05,115.10580011901175,126.47283237501873,104.20121821445895,115.5282313255888,1263670,-0.06315686318313637,0.038593565476045394,Consumer
2014-09-08,115.45401056240749,117.1232029709126,112.76582598943197,114.42007005937265,618405,-0.009638426015542408,0.043472854081519116,Consumer
2014-09-09,122.83036028545472,134.27803363558374,110.4073697720362,121.75480211878023,1484292,0.062132702498659716,0.04032178222751327,Consumer
2014-09-10,121.47288516498914,123.01247465657613,119.20018269878375,120.73036118381472,1083027,-0.008449564633269742,0.04449435700816956,Consumer
2014-09-11,116.9612590761934,121.75281245674618,113.8827244480292,118.63034583415595,894340,-0.017547318103331516,0.04116439621602786,Consumer
2014-09-12,116.87774989499005,120.64071011675225,112.37293877604253,116.1112200373907,949399,-0.0214637957189917,0.038752964642166786,Consumer
2014-09-15,123.30526496073738,133.43820305103512,112.57078181843133,122.64986028651326,1937198,0.05478510639711529,0.03702077786656588,Consumer
2014-09-16,127.57252438160118,134.1638518516442,120.38905345484744,126.94811961873663,1415373,0.03444486447738401,0.040578831643086746,Consumer
2014-09-17,126.78946668158639,127.91083075061228,125.08564381803367,126.20181047936188,1040404,-0.005896199941393306,0.039940963500448824,Consumer
2014-09-18,132.2161319299679,139.45303088964607,123.72757633122195,130.89199834882052,1266096,0.03649024696175212,0.03716771755620301,Consumer
2014-09-19,130.44313260686732,130.99389744821218,130.13752987741321,130.6877216943968,837664,-0.0015618695204402129,0.037481756911457526,Consumer
2014-09-22,124.78964798466457,134.1309147636736,115.01937761180392,124.32593245308398,1732859,-0.04990406885971283,0.03498959268690488,Consumer
2014-09-23,125.9998756967014,127.97837457285907,123.66148676829859,125.63424435950878,659796,0.010468258349292313,0.03811797070188351,Consumer
2014-09-24,127.3674813479254,130.36466276496955,124.52415873184758,127.51798044143925,1104597,0.014882514678456651,0.03576061265238404,Consumer
2014-09-25,134.3301868940792,144.5873198078734,123.93189021433045,134.17735310418666,1319071,0.050905077758791765,0.03400412504817983,Consumer
2014-09-26,132.07252719095828,135.13835103995777,129.14922452905094,132.2119621155632,1246925,-0.014756047171368011,0.037599514059068584,Consumer
2014-09-29,129.8818538846324,133.26684910427878,126.66794439575925,130.04880834901815,1188654,-0.01649657948229318,0.03554771307976116,Consumer
2014-09-30,131.24639390993744,131.63854991856084,129.91876582930377,130.30811832923064,1363244,0.001991958264862337,0.03393718453780691,Consumer
2014-10-01,127.3674637157272,131.3864597601285,124.09441130565163,128.09471856434914,1264469,-0.017131808048878837,0.03196844037706362,Consumer
2014-10-02,128.23368740514164,129.36329990676725,127.47411675184864,128.60155027968358,1175368,0.003948887735941023,0.031009833459195512,Consumer
2014-10-03,131.03657130829288,132.9925445779958,127.94886563109806,129.88768962839947,1252586,0.009951284338278524,0.02952332762556235,Consumer
2014-10-06,127.498977306728,132.79218019978148,121.09689463149896,126.34206766917761,1432351,-0.02767709987361698,0.028498345711044787,Consumer
2014-10-07,130.14823651543358,136.8726890063265,123.80678849155623,130.51344620968894,1293579,0.03248320629697431,0.029404554838070668,Consumer
2014-10-08,131.74030469891312,133.44132907638186,129.9419990854416,131.6417509416114,1176502,0.008607967426806674,0.03082168197681387,Consumer
2014-10-09,131.98470092265933,132.39373685909104,131.50519729631185,131.91401416626545,746489,0.002066077525512535,0.02951432583317849,Consumer
2014-10-10,133.07254067258035,133.95858432167424,131.6186316218903,132.50086887968135,953257,0.004438900490492466,0.028240337196301958,Consumer
2014-10-13,126.36703360776923,135.0146574343612,118.54443025019175,127.14395939498168,871695,-0.04126921995525117,0.02722074377388213,Consumer
2014-10-14,126.64581135481444,128.42110326047356,124.19561407944643,125.96131081368142,1110522,-0.009345180266485535,0.03079362581184472,Consumer
2014-10-15,129.45750081291706,134.31459895729185,124.30603726277026,129.1516606314981,1301564,0.02501257485468238,0.029524528305188792,Consumer
2014-10-16,129.80087064503823,131.6989567881741,128.27441857178036,130.1681851142062,829379,0.007839968333402988,0.029853015801494475,Consumer
2014-10-17,133.9898789642666,142.08213547329046,126.83855598715999,134.88313740560665,1508154,0.0355814087471178,0.02867371283032139,Consumer
2014-10-20,134.2187900113036,136.26490826918604,131.48379514053846,133.51924914387908,423326,-0.010163098910915528,0.030783939696617954,Consumer
2014-10-21,133.5869768314165,135.1642897461682,132.60332345379646,134.17629697288695,1050702,0.0049089285046170624,0.02955696265716365,Consumer
2014-10-22,131.6667737060685,137.18264425493766,125.01462041545422,130.48080770123514,1513192,-0.02792843577065609,0.02832853455569295,Consumer
2014-10-23,125.16484928239802,133.46781722174103,116.55497485070124,124.83613726426371,1343626,-0.044224173090906614,0.029308775558658556,Consumer
2014-10-24,116.07159538847569,128.6439263490304,103.78602851809559,116.33091216411121,1805386,-0.07056315445802791,0.03287202583709174,Consumer
2014-10-27,122.4177921254122,131.7814306129452,113.05323770478333,122.41680033073924,1975255,0.05099279728848725,0.041368223084484394,Consumer
2014-10-28,133.7293211459869,150.92365811608673,116.22436300276674,133.3728688848165,1950698,0.08571711286028529,0.04311732495447563,Consumer
2014-10-29,138.18556850440697,145.6695860050366,130.75778178888837,138.23893093806754,1526646,0.03583484052596856,0.05185939147877952,Consumer
2014-10-30,139.66689989520822,141.78606343796727,137.52553693774615,139.6443584596799,1037503,0.010115322214731689,0.04943821959747022,Consumer
2014-10-31,133.71397461798657,143.60271764480802,123.09594319016155,132.92644489171113,2199147,-0.049302964555864116,0.04550448337362295,Consumer
2014-11-03,142.45239317885793,156.21412080735237,128.07339772598786,141.76911690206998,1975160,0.06440386771280016,0.04605587641962512,Consumer
2014-11-04,139.52597833894302,142.7892386144266,136.42280460054994,139.6825818830371,864931,-0.014827220829345992,0.049184283350263466,Consumer
2014-11-05,145.17770263322092,155.0589362909623,135.91066962127908,145.75504985286253,1266220,0.042554895799456705,0.045478038156582044,Consumer
2014-11-06,139.20634012787158,148.20523952509734,131.65061913658388,140.57521967692003,2030654,-0.03618475511171496,0.045013769417064135,Consumer
2014-11-07,136.74223341168837,142.11014679271545,132.0512828500388,137.39674323221115,443111,-0.02287004019466114,0.04378803518177439,Consumer
2014-11-10,138.2480633577518,139.0190597080505,137.13942365881684,137.90852644391833,1380741,0.0037179368331236974,0.04138078576876063,Consumer
2014-11-11,137.26654848263985,140.27944220377427,132.9222155396777,135.9052293675709,1013924,-0.014632813575433069,0.0383662482244005,Consumer
2014-11-12,133.12370801951963,136.93349523431783,130.0055454596343,133.79950348700817,879002,-0.015615363114876112,0.03618968205473845,Consumer
2014-11-13,126.21127809605501,136.91508883794828,116.40979872300318,127.04858481232762,1609298,-0.05177286594833086,0.034414101827010705,Consumer
2014-11-14,114.53117122584268,131.85744759480895,97.35149554196627,114.65865008244256,2168909,-0.10261011668987718,0.0380726774856125,Consumer
2014-11-17,107.08158366532533,118.30246101119639,95.71795174798434,106.92211910288486,1087870,-0.06985874359709995,0.05328178322658978,Consumer
2014-11-18,121.50871220497478,139.735019035721,102.61454688690999,120.72299633754118,2715614,0.12139792411523727,0.05570633130613653,Consumer
2014-11-19,109.73233185054958,126.10609390846732,92.98379830029711,109.29183078185983,1573953,-0.09947698356407876,0.06923275723957968,Consumer
2014-11-20,117.6351276864941,132.80266674209184,103.40468418317012,118.47109536138848,1693005,0.08064735867701643,0.07361311213939306,Consumer
2014-11-21,111.07835051722955,121.68380913195126,100.82371589238385,111.39952410470593,1432485,-0.06154595428719536,0.07355754000994315,Consumer
2014-11-24,94.46628630861689,109.52836646542434,80.29634336232435,95.24205779602117,2951048,-0.1567014277221433,0.07068772897200575,Consumer
2014-11-25,81.19190768656688,93.71872763305542,69.01312153358184,81.49454576787429,2866317,-0.15588553289754048,0.08820830255310158,Consumer
2014-11-26,81.08507448231133,81.76202109364722,80.92556310511382,81.60149381113203,1012588,0.0013114733976703522,0.09984792745196132,Consumer
2014-11-27,81.23550473593096,83.72434140947594,77.50219549364604,79.95169984946239,1287484,-0.02042486785086835,0.08986626111913538,Consumer
2014-11-28,94.24953680111749,108.3869673212851,79.95832075258339,94.0686126500981,2404102,0.16260173735559216,0.08138385708501973,Consumer
2014-12-01,87.59280743596008,97.645680243783,77.13880611465663,87.1396735404148,1733465,-0.07651216351428294,0.09677067998049037,Consumer
2014-12-02,79.06506907524115,90.55213074452752,67.72441486398264,79.19311092216515,2299565,-0.09562296257079364,0.09203134399732865,Consumer
2014-12-03,83.60060113183397,90.35874381362248,76.82178280668408,83.57810710641284,2009534,0.05389229734629355,0.09081507181071885,Consumer
2014-12-04,78.55853500075992,86.43260957211577,70.34010017011353,78.17581385783821,1858498,-0.06682129507022744,0.08446039765107678,Consumer
2014-12-05,77.7582170260175,78.19674110551625,77.69570365946757,78.13392568968709,1483194,-0.0005359636485235783,0.08047738712415912,Consumer
2014-12-08,76.5124350257455,79.28913067213595,73.49848801911418,76.26624939801606,690810,-0.024193850715953227,0.0726727662829777,Consumer
2014-12-09,75.90687850762504,77.26266855123744,74.01741103809917,75.3634955957762,733449,-0.011907485156093384,0.06642940711195694,Consumer
2014-12-10,77.54036928892403,81.44576079080328,73.87914073780861,77.77352338776572,1508370,0.03147804242435556,0.06042814852209423,Consumer
2014-12-11,74.91621286969841,79.23953604158999,70.51938504515942,74.83820656866413,1334484,-0.038472519332240517,0.05630167830781826,Consumer
2014-12-12,71.23502496525074,76.46139810637956,66.12445133523308,71.34307285821045,1557297,-0.0478282851496219,0.05345954915435675,Consumer
2014-12-15,75.85945604370494,81.689664537858,69.32237973468307,75.09373872119896,1223187,0.05123693031135617,0.052244334101246806,Consumer
2014-12-16,76.48083291402355,77.08448204057522,74.89408616478195,75.48991415207108,1114133,0.005261877201139398,0.051743210286044054,Consumer
2014-12-17,76.99772786231223,77.66170019043913,75.27042086955025,75.92514401574034,1008756,0.005748847804221125,0.04739241449131496,Consumer
2014-12-18,75.46418240786282,75.98958417652868,75.2713794895951,75.79593366925523,985030,-0.001703262060807102,0.04360951901494323,Consumer
2014-12-19,76.26253975381604,76.41870476947054,75.53753345078594,75.69253124347321,352990,-0.001365152678791149,0.04027241343921325,Consumer
2014-12-22,74.2225963923523,76.1382255562053,72.87929107272366,74.78474626065525,938001,-0.012065555818318105,0.03738680748139109,Consumer
2014-12-23,75.42085354340033,75.92831104415302,74.6155117768553,75.12095143282967,868771,0.004485563138146229,0.03521441955366044,Consumer
2014-12-24,72.11432151935658,76.445263403819,67.99328100642875,72.31287629224255,1713683,-0.03809729169003491,0.03309172581025237,Consumer
2014-12-25,69.29748955887557,73.71105098425,64.91772888456829,69.32928101671017,1574814,-0.0421348661852674,0.03455083788850972,Consumer
2014-12-26,68.90638293201965,69.78253072961003,67.86999736232453,68.74408148968296,735749,-0.00847669703259813,0.0363498330299607,Consumer
2014-12-29,66.43193000042405,70.03623244798516,62.70475955574121,66.30201329813868,1082522,-0.03617038219962516,0.03417347579530338,Consumer
2014-12-30,68.5962493694997,71.93587479704857,65.15485319602,68.48927032209139,1225898,0.03245683214699463,0.03507856383342672,Consumer
2014-12-31,68.31269096909027,68.72029624510058,68.17458180291352,68.58164333242351,2126928,0.0013478136513876808,0.03524799860198252,Consumer
2015-01-01,71.91991235436261,77.03074230674419,66.7988569752118,71.90890469237134,1751794,0.047375196335979766,0.0330788393780997,Consumer
2015-01-02,75.01148382165664,79.0650355263942,70.51829194985811,74.54672871542687,1089006,0.03602605448498231,0.036221941911810725,Consumer
2015-01-05,75.08482876662785,75.11392674081853,74.53709392490592,74.56599083140961,883699,0.00025835644535791114,0.036664761705939256,Consumer
2015-01-06,71.77123836729993,76.60196851480549,66.49544423000681,71.29405654497403,1515271,-0.04487155075299655,0.03428489190548187,Consumer
2015-01-07,72.64552254441469,75.28359952156774,70.24901337690218,72.87937575122302,1422144,0.021992721951512854,0.036638524266450374,Consumer
2015-01-08,73.54656621362473,74.45324294758537,72.57494550787125,73.48081162402042,1000723,0.008218618313437837,0.035305199916784234,Consumer
2015-01-09,71.0097286454527,74.50829510141011,67.84624856335783,71.33052361831372,1127038,-0.02969996874550272,0.03327608098888115,Consumer
2015-01-12,70.94965435810225,71.5425298769443,70.3415094551073,70.93425630341893,1344628,-0.005570856538634674,0.03343876903095325,Consumer
2015-01-13,70.46314205088466,70.96938152517001,70.35825820669183,70.86390115413889,1307709,-0.0009923281982617501,0.03160974827217796,Consumer
2015-01-14,69.09170349810809,71.49759718222721,67.16747346186301,69.56031610782098,2340816,-0.01856691844627209,0.029991476388339506,Consumer
2015-01-15,70.95006479094083,73.82704836915516,68.38874098559985,71.2547261742301,1225252,0.024066915352256017,0.029517799610581385,Consumer
2015-01-16,69.92699239835984,71.65317967534864,68.72661392768626,70.44392741160384,981868,-0.011444111727607467,0.02973084017087727,Consumer
2015-01-19,68.58692248693528,71.27973409129903,66.0192876793333,68.70758223921402,1182844,-0.024957476969860858,0.028753842174535457,Consumer
2015-01-20,69.13704691296037,70.97273288274341,67.78367557864416,69.61010141324867,1383297,0.013050131535798492,0.02923795650081663,Consumer
2015-01-21,70.14266711929304,71.24786787082812,69.15986501908255,70.26337448263169,1229064,0.009340982130405883,0.028450524955440856,Consumer
2015-01-22,67.73252100899172,72.08910850992822,62.98446567589945,67.31414290080235,1287770,-0.04288031250018627,0.02757959369291387,Consumer
2015-01-23,67.3101987795624,68.1010907848342,66.8398146306248,67.62848237330226,1071573,0.004658869507309849,0.03137380070425029,Consumer
2015-01-26,68.07558054496783,68.91696101423929,67.30208601248557,68.14270380773594,1496666,0.007574860434928071,0.029844732471022994,Consumer
2015-01-27,69.76214344594996,73.22345616667216,66.71326761277025,70.15731002370158,1690806,0.02913591510216814,0.028656120142211215,Consumer
2015-01-28,72.37789095506625,74.86204215655692,69.3174390666054,71.78110748882278,1800801,0.02288130780188003,0.029736741745019526,Consumer
2015-01-29,71.7619377602001,72.2408796835007,71.4867117429897,71.96487534695433,970930,0.002556843045218882,0.029764948928171303,Consumer
2015-01-30,69.7147318319467,72.86650303351738,66.95051930504766,70.08750973748721,1200261,-0.026433557195748362,0.028455972390888342,Consumer
2015-02-02,70.69597976710004,72.08154280967119,69.5000194906143,70.8824283913385,690449,0.011277965927017778,0.029199380706993336,Consumer
2015-02-03,69.93858465529425,72.29933873141886,66.9657928911857,69.30516613199396,908698,-0.022503115533531175,0.028304804261029503,Consumer
2015-02-04,68.76597100399371,69.56487912306712,68.6115406440871,69.40900467795016,988633,0.0014971587220820835,0.02858125411369265,Consumer
2015-02-05,69.70442909078261,69.98339064214866,69.31591674235402,69.59443810280187,1194011,0.0026680423325059453,0.027456268719639316,Consumer
2015-02-06,68.24295599501325,70.28582400180512,66.17716141321239,68.21932192900213,795633,-0.019956814365242815,0.026535732910308734,Consumer
2015-02-09,70.41096474667377,72.90784280237429,67.37427773090194,69.8513095777768,952388,0.023640996490474124,0.026889724111844433,Consumer
2015-02-10,67.02592985815339,71.72152113766349,61.99373510907962,66.66396871602804,1048790,-0.046704226154935885,0.027609424432759874,Consumer
2015-02-11,66.15809694845558,67.01068594317155,65.95198801199446,66.80256921779058,1302365,0.0020769333457067883,0.03220274778829179,Consumer
2015-02-12,66.35453701859892,67.00631231188295,65.73984187791456,66.39127682102756,849703,-0.006175866472271173,0.030500174096412005,Consumer
2015-02-13,63.742634427434986,68.00375082635937,59.25272883253629,63.497455310235146,1821721,-0.044565843433777654,0.029153553727318596,Consumer
2015-02-16,61.30829829040635,64.86406812684692,57.546096349119665,61.08915635152639,1702093,-0.03866545460232837,0.03283079219406561,Consumer
2015-02-17,60.46476655545291,61.18504077558741,60.17824642426953,60.896474938292336,755583,-0.003159086384857562,0.034446209367833824,Consumer
2015-02-18,60.439996039390124,61.012155164185785,60.09290502981636,60.663779027735124,1113026,-0.003828491421999833,0.03241496638696643,Consumer
2015-02-19,61.3487722640547,62.31728773453974,60.337784123230286,61.305618320721784,1022997,0.010524692776968141,0.03070476573237092,Consumer
2015-02-20,62.494020697017774,64.71645219807853,60.44407405934346,62.66102736034385,1299931,0.02186818957302413,0.029510023460703288,Consumer
2015-02-23,63.791027408087224,64.5048923386631,62.42378471134533,63.130255151500826,1216184,0.0074604528732972126,0.02946872655886686,Consumer
2015-02-24,61.841344911032785,63.48290627812696,60.780906998150364,62.4126714196693,618890,-0.01143181167235832,0.02833855023748066,Consumer
2015-02-25,61.07390127241613,63.62955381735557,58.15579399988646,60.69561715199316,1433911,-0.027896831998555534,0.027605464882276706,Consumer
2015-02-26,61.930530288679776,64.56622822732251,59.607906457445075,62.23228738927673,1301491,0.025002464540059596,0.028746901370871866,Consumer
2015-02-27,61.35432594049155,62.53925300318025,60.42787762483734,61.608959725695,1738450,-0.010066644869266271,0.02923826184476171,Consumer
2015-03-02,60.38707355524484,62.09731978656619,58.90287398041393,60.607697689545546,1415868,-0.01638540046679688,0.02826838101838992,Consumer
2015-03-03,59.89855128588004,60.70821229802931,59.59853601064168,60.40565707018464,806550,-0.003339148930959014,0.0279204816324735,Consumer
2015-03-04,59.67552223067976,60.91464422482069,58.33819010046459,59.575229585430336,1089332,-0.01384288395892062,0.026931675087318665,Consumer
2015-03-05,61.47256552299854,63.895439620744405,58.750763384506335,61.161372134381054,1218267,0.02627593927071304,0.026626977182026165,Consumer
2015-03-06,58.59131300682084,62.873681959249616,53.995053074045224,58.25267109433769,1927870,-0.048725868877868714,0.027762573345521187,Consumer
2015-03-09,57.54497121534535,59.04627000598501,55.754698712977685,57.248256471219314,770497,-0.01739275977184844,0.03275270870779764,Consumer
2015-03-10,57.85568667173619,58.361260662157875,56.41835540774272,56.91571542576088,1253130,-0.005825690547243144,0.03167914386517506,Consumer
2015-03-11,55.69190933598602,57.650424029549406,53.64169527060241,55.59686763732612,1847330,-0.023444634560803455,0.030132131112438808,Consumer
2015-03-12,55.65818814480973,56.15727562261288,55.322653292484794,55.82076070318221,962418,0.00401899359296364,0.03014637447115665,Consumer
2015-03-13,54.65340489719755,56.70051563433215,52.404857635759996,54.444129712552986,1080699,-0.024970822842421744,0.028800450715730244,Consumer
2015-03-16,56.12181180152636,58.00587732628958,53.80725204555454,55.6763634213107,627761,0.022380668814069072,0.02927633973292268,Consumer
2015-03-17,56.53756623445172,58.22885000668913,55.00473395506211,56.691835225212905,1223690,0.01807449903347696,0.029339689926970298,Consumer
2015-03-18,56.582420314868564,58.010994357738376,55.79827282291792,57.21803815571549,1041176,0.009239000235845195,0.02894230556305568,Consumer
2015-03-19,57.33773206306632,59.292130111433096,56.10490412046521,58.044114132575416,1310117,0.014334108892960884,0.027980877574656574,Consumer
2015-03-20,56.40739110952843,58.64237710820717,54.58575079050898,56.80780565952117,1522939,-0.021529570069783958,0.0275166060687292,Consumer
2015-03-23,56.01614088386853,56.92111386028775,55.67824210120992,56.57981490115762,857879,-0.004021445453958668,0.027843477615803674,Consumer
2015-03-24,57.94659769177608,60.16675002211,55.785909883057705,58.00392463113623,382205,0.024858379896737497,0.026881837737109473,Consumer
2015-03-25,55.54175628326171,59.14841312370835,51.95241171983216,55.55801767966772,1067029,-0.0430828359732807,0.02776323860364646,Consumer
2015-03-26,53.31794727875701,56.65654387872459,49.949888622339564,53.286517171098886,1461343,-0.041744500308844995,0.0315445327677475,Consumer
2015-03-27,51.65000618678429,54.025335959205655,49.36966569574719,51.740979029968194,1422842,-0.029433239340322076,0.03402111894005943,Consumer
2015-03-30,52.038287116111796,52.48618473375667,51.00214614830502,51.44493675284737,1631943,-0.00573805227479897,0.033998478846216616,Consumer
2015-03-31,51.824661924389595,52.10735384648965,51.350714784556224,51.63235773035385,581607,0.0036365173336778142,0.032088253889415046,Consumer
2015-04-01,49.641130486353866,52.488647597854644,46.98584676293125,49.823603469360755,1849140,-0.03565972675491401,0.030425457578892198,Consumer
2015-04-02,50.62937775902626,51.41501306900109,49.56052858155804,50.34169988454534,742757,0.010344920212320367,0.03211400305074477,Consumer
2015-04-03,53.10787515694359,58.36126926021308,48.27313506836756,53.49159662087962,929612,0.06069081185277431,0.030677352553381897,Consumer
2015-04-06,52.33389059584297,54.152842017423694,50.44978135611413,52.26638656273577,1265801,-0.023171108955353247,0.03748848042065612,Consumer
2015-04-07,53.844251181202566,57.389940733564025,50.77242875415875,54.29254318211847,1504434,0.03803343111110323,0.03612262414239947,Consumer
2015-04-08,57.112997108580295,62.588758808669645,52.11618661500464,57.55341610082684,1751494,0.058326601025402054,0.036889788048441056,Consumer
2015-04-09,56.479651372990055,58.083770669614005,54.86996748713578,56.47392411991623,1135437,-0.01893448062123465,0.04121873394323979,Consumer
2015-04-10,54.281048558313664,57.67685171632288,50.77836795140357,54.1670386926259,1255829,-0.041706430368125394,0.038896843133681906,Consumer
2015-04-13,48.27911885725429,55.94030491829744,41.03725102866615,48.64374340721517,2407141,-0.10754938505610193,0.03963944342092481,Consumer
2015-04-14,51.10092600405812,55.52140756313128,46.95022713964041,51.35044166173481,1493306,0.0541503411515228,0.0556062848396511,Consumer
2015-04-15,57.51339279088371,66.14040170951625,48.7008193999996,57.29508164705835,1603346,0.1095412475617039,0.054895227916082784,Consumer
2015-04-16,63.665313812599265,73.45040874702288,54.115516740709374,63.86992064958511,2143185,0.10863374029214502,0.06565578097908147,Consumer
2015-04-17,60.89228936302919,65.74365616858933,55.74066571672034,60.566039801178206,1581396,-0.05311418852653234,0.07292968319043813,Consumer
2015-04-20,58.48552232950548,62.395584947658215,54.0532283926117,57.92587571150286,1198505,-0.04457014844487005,0.06912422517201146,Consumer
2015-04-21,55.90462158282186,58.808616334136154,53.17435670199039,56.070261925163024,1594253,-0.03255860670703969,0.06496538712548719,Consumer
2015-04-22,60.17481782818583,65.6189288896481,54.168032764829675,59.5561741533483,1663403,0.060314389063396014,0.06029436665308864,Consumer
2015-04-23,64.74518324856176,73.06384537056712,56.51472101156075,64.82343562548988,1915986,0.08474722827800824,0.059615453946869144,Consumer
2015-04-24,61.64819637476266,66.29081041215426,57.0097415808698,61.65206457228749,1845462,-0.050160481210679765,0.06340753728504007,Consumer
2015-04-27,61.39567045784007,61.91963008433205,60.77913260570578,61.30229535542421,1153558,-0.005689430786511086,0.060776835298788315,Consumer
2015-04-28,64.18235134967655,67.59841744195005,60.13590318090965,63.51653141767553,1633469,0.03548292243831094,0.05531649311507381,Consumer
2015-04-29,64.29904582853698,64.39903201331659,63.483539994763575,63.58241180060626,930782,0.001036678782100328,0.05231431158062281,Consumer
2015-04-30,62.09632304499418,64.79341093462813,59.08490646866342,61.767721917043914,918060,-0.028955959144093706,0.047849670451928686,Consumer
2015-05-01,64.40197288324264,69.77313985568055,59.59007138111216,64.92235698214066,1834401,0.04981111899428094,0.04535901129191096,Consumer
2015-05-04,62.49084459440401,66.05778394489093,58.95052248072654,62.51603472342816,1173877,-0.037768968522838606,0.04602308182448375,Consumer
2015-05-05,61.538200864123105,62.81102428823139,60.65007999974206,61.91743037401473,951417,-0.009621350119762957,0.044815995983469754,Consumer
2015-05-06,60.6233754655717,62.662888654673694,58.5073396389029,60.54418880206809,1562751,-0.02242823744074582,0.04148089142618998,Consumer
2015-05-07,65.20523712813879,74.32575298678907,56.888160663461036,65.91778891877212,2115248,0.08503485129917157,0.039395245373190155,Consumer
2015-05-08,65.57119353138154,65.91843568097082,65.56926337104781,65.91649535629739,854743,-1.9624067925543e-05,0.04925674752490181,Consumer
2015-05-11,61.35108779633667,67.94213356269385,54.80017022174746,61.38734457848642,2026461,-0.07118501953147521,0.045177226554439384,Consumer
2015-05-12,61.4490953336166,61.96308573165307,60.53536276223266,61.04598131674793,1652115,-0.005576327259128707,0.04992876415629963,Consumer
2015-05-13,60.27834926672487,61.69293115649815,58.6879915599919,60.098349301389845,1467862,-0.01564499699567542,0.045814511958499005,Consumer
2015-05-14,60.886949545651134,63.43663563299517,58.89287633650411,61.4249429147096,1178474,0.021833613760443363,0.04261326664837563,Consumer
2015-05-15,56.55467227609661,63.37534693664246,50.2774824530883,57.04386049759929,1529674,-0.07399553470859059,0.040301593008620434,Consumer
2015-05-18,62.899785584696,72.03647227356687,53.715607083176174,62.84422284939989,1795944,0.0968385568031137,0.04712404474095493,Consumer
2015-05-19,64.77288634186104,67.42469926514778,61.93903779755499,64.58308001782981,1114768,0.02729344610120662,0.057299183124670285,Consumer
2015-05-20,61.1298043590311,66.11552738825866,56.2809985463498,61.25665945099307,1498875,-0.052879888007962124,0.05327566930049327,Consumer
2015-05-21,60.687845986595406,61.53216185316928,59.853812071453675,60.69798854865548,965218,-0.00916200931266036,0.0528212072456945,Consumer
2015-05-22,64.29819567392639,70.1415608576953,58.575179147103164,64.40870792086098,1143451,0.05933828019940288,0.04842164092749108,Consumer
2015-05-25,59.47870364765239,66.65870172309495,52.25445613426795,59.42837928154956,1155445,-0.08047696217429762,0.05003877469165418,Consumer
2015-05-26,58.82613474699961,60.321756553086196,56.94403922485546,58.42957881664527,1414684,-0.016949629758031742,0.055448935014427506,Consumer
2015-05-27,64.52580959365622,73.59628051170395,55.149577334912394,64.17003684892072,2302608,0.09371413780178768,0.051017261860349945,Consumer
2015-05-28,60.84456173977324,65.73264725928955,55.937217482372155,60.82362065224572,1325874,-0.053558174905011496,0.05915707692044867,Consumer
2015-05-29,59.35240390869088,61.633253374372806,57.00688904088007,59.28515417099705,1129065,-0.025619287683678167,0.05770545480880361,Consumer
2015-06-01,56.69653611597608,60.35508321295736,53.37296960072314,57.012967408451566,1150697,-0.039080183058031334,0.053501287806608545,Consumer
2015-06-02,57.646262155680816,57.878814807668896,56.935888434368366,57.16650568525089,1325496,0.0026894215778759676,0.05117615991601787,Consumer
2015-06-03,54.640293604866145,58.55301305843024,50.59876065367713,54.50154446402408,1475626,-0.047739121875382685,0.04686453267945173,Consumer
2015-06-04,53.39599814487586,54.93191322200355,52.0888175046943,53.61926677097956,1333030,-0.016320581886241414,0.046892228590946876,Consumer
2015-06-05,59.062987721600486,68.58789748623465,50.20353956336041,59.64164998803014,2052048,0.10644569713826704,0.04357819512951769,Consumer
2015-06-08,63.714041396775876,70.07366455135846,57.37433178428434,63.73215280732657,1959339,0.0663350335709239,0.057609463098390414,Consumer
2015-06-09,58.5871742330638,65.84569485603174,51.73802562362695,58.95369772400955,1378985,-0.07793683741758291,0.05843911954004942,Consumer
2015-06-10,55.741930952850446,60.41994422495723,51.07942410102515,55.7562404612255,1462572,-0.05576301086243436,0.061181918473444105,Consumer
2015-06-11,57.681286065684475,61.1604479203172,54.426471794449185,57.89365044516631,1417535,0.037618373805892294,0.05967418810121781,Consumer
2015-06-12,54.94669534946069,58.93513412199505,51.73687937798752,55.68234384126857,784219,-0.03894460441534906,0.056223467409984566,Consumer
2015-06-15,55.599232090679905,56.591299032597846,55.05749657082502,56.04521801359284,1598811,0.006495719448922584,0.053444971344753116,Consumer
2015-06-16,51.99949973888626,58.77633752600043,44.685081179305875,51.38135984992309,1962974,-0.08688337158554521,0.04890215869782286,Consumer
2015-06-17,55.00772727327182,61.6316870903205,48.80913462983247,55.390015924325255,1701849,0.07512390168561202,0.05608426641185949,Consumer
2015-06-18,56.523262832529305,57.77696664598552,54.96827710100303,56.215146803669995,1015768,0.014786877126688783,0.05884637662452608,Consumer
2015-06-19,59.719053365081045,65.95060773762971,53.83265268336465,60.033238397125245,1269631,0.06571214545471779,0.05388055858788423,Consumer
2015-06-22,58.850086159342126,60.76310587869922,56.836603061729804,58.74624732752577,1419420,-0.02167110641296739,0.05540942685169409,Consumer
2015-06-23,59.64867925178022,60.628165502414625,58.41760603942243,59.39289202826285,1542450,0.010947280676575641,0.05125045556091101,Consumer
2015-06-24,58.30194829265376,60.309318516350245,56.046603368436834,58.045131230273086,940468,-0.02295372376031351,0.04710906281483946,Consumer
2015-06-25,56.29776186457783,58.95787030058579,53.587557167851266,56.24518112742836,871496,-0.031500464055234836,0.04420907208485278,Consumer
2015-06-26,56.60382285682917,56.758861206549476,55.98879584495267,56.14257082144549,1211587,-0.0018260056405549098,0.04257223894790171,Consumer
2015-06-29,57.00596589646467,58.6729041067653,55.486203882193884,57.1493203067583,1721470,0.017773134096537732,0.039375329429983084,Consumer
2015-06-30,56.36669059704068,58.221536075547455,54.06944728584872,55.90923952926737,1717486,-0.02193784377333617,0.037252058983602246,Consumer
2015-07-01,54.135482942363986,56.7544993271652,51.51580662687504,54.13478946183483,1624872,-0.03225261562845434,0.035810097280344275,Consumer
2015-07-02,56.381027072609896,60.15702076603859,52.74529637257662,56.51279313131421,1360487,0.042990002001335535,0.03580398212508909,Consumer
2015-07-03,53.80891872857452,57.57154688273448,50.523407316156096,54.25857968354007,1449529,-0.040705908859847206,0.03745345310678555,Consumer
2015-07-06,57.01028579914041,60.47236596871852,53.0691921690238,56.500302430587375,1499426,0.04048486012712133,0.03835041814783348,Consumer
2015-07-07,57.6395613562793,58.882652396680456,56.08235054925292,57.318517761525875,1533709,0.014377752723427934,0.039018678124941995,Consumer
2015-07-08,57.95521727540463,59.544249371469725,56.62143094650424,58.20472094379794,1626829,0.015342723705238367,0.036728378130550056,Consumer
2015-07-09,57.815749552465284,58.34063782825588,57.406879053700386,57.93095261835475,947950,-0.004714638046205321,0.03484951769658838,Consumer
2015-07-10,58.522944688133194,59.29484820378094,57.67175192848177,58.44259565983893,814589,0.008793172430188926,0.03278605311308256,Consumer
2015-07-13,58.27465128158859,58.459400094601165,58.26459851984812,58.44931720183731,913129,0.00011500439750258707,0.031169507618747393,Consumer
2015-07-14,57.92785828540683,58.470873005991244,57.86367302300811,58.406157777884516,985319,-0.0007386804242209661,0.02961811182465618,Consumer
2015-07-15,59.347111903999824,60.42038727674023,58.04552181299123,59.114592132847925,1369543,0.012056474059221254,0.02831727186297507,Consumer
2015-07-16,57.104783879681946,59.95016089500493,54.531353951436344,57.365004128301386,1405148,-0.030043366520368823,0.02762784996376687,Consumer
2015-07-17,59.168319713653595,62.85378365180577,55.87120298397925,59.53616876905831,1988445,0.03714957312326164,0.02908657861760151,Consumer
2015-07-20,60.95801294627399,62.99179465304861,58.84421487887737,60.87523480485226,1213680,0.022242432219338835,0.031366173850637495,Consumer
2015-07-21,60.12817670610739,61.415315589153884,58.72798467947705,60.01265054195251,1310281,-0.014271056195364453,0.03100448932457225,Consumer
2015-07-22,59.98022471882052,60.724769184761165,59.5547972055205,60.29709418092678,1048011,0.00472853083711477,0.029992868208320776,Consumer
2015-07-23,60.85338728561067,61.380577730816285,60.12095237299443,60.646349187442304,1151482,0.005775525611321994,0.028688178144855962,Consumer
2015-07-24,62.15574486009585,63.7011267272271,60.12690707510445,61.65996227114968,1098563,0.01657537176018825,0.02762992502034431,Consumer
2015-07-27,58.794371174406294,62.942232752798354,54.76839242891302,58.90844288088957,1628331,-0.045650387557801035,0.027421554435373384,Consumer
2015-07-28,61.820339294723155,66.68768204399449,57.11739543650289,61.97311580758839,1797839,0.050716251985174696,0.03184567475730938,Consumer
2015-07-29,60.60163946420989,62.56261433908564,58.801828093497676,60.75815461639672,1095218,-0.019799369418876823,0.03601580670916905,Consumer
2015-07-30,59.42389726003126,61.43303014366463,57.39551797485576,59.40397736311472,1720299,-0.022540122479027373,0.03459064787970231,Consumer
2015-07-31,62.51320734542757,66.77457605548878,57.928180957142295,62.16587273725478,1142873,0.0454449962497716,0.033666287362812616,Consumer
2015-08-03,59.48305921724795,63.364668643845725,55.73450860029469,59.60822992022727,1432620,-0.04201252890353826,0.03628391208866052,Consumer
2015-08-04,60.617310784342834,62.22872536327556,59.040448746218225,60.65098728504222,1120597,0.017342263210747243,0.03765601822945054,Consumer
2015-08-05,58.96185389922733,61.33114945846104,56.881674480050464,59.2411175915264,2130172,-0.02352005894898457,0.03577001091847744,Consumer
2015-08-06,58.049598245833586,59.945622475492804,56.07183498988924,57.965099303068335,1374201,-0.021774761433372553,0.03473577292692581,Consumer
2015-08-07,55.745238157599594,58.97244785485869,52.608701426188254,55.83108112149066,1578738,-0.037510369615713905,0.03371023838519694,Consumer
2015-08-10,56.15979805409644,56.44575763360039,55.73567455985422,56.02092702318287,1466227,0.0033945941095739466,0.03493076454782468,Consumer
2015-08-11,56.039392558565616,56.389196816432005,55.81882142989648,56.16811902022702,1115799,0.002624000946460646,0.03283070422473093,Consumer
2015-08-12,59.17813279468561,63.99158458154369,54.43987305945812,59.24775069770505,1394060,0.05337849766981273,0.03103734716528567,Consumer
2015-08-13,60.4063924151276,61.774517581867144,58.78682908818309,60.14912754470759,916109,0.015099121268904302,0.03602836573131931,Consumer
2015-08-14,55.1361227562006,62.21865744191671,48.3976045652621,55.44267379869345,1322087,-0.08147735524476031,0.03424371517928107,Consumer
2015-08-17,55.67838972279421,56.724437456605514,54.91171593885115,55.95396903288399,1347375,0.009179788756584567,0.0450986644600027,Consumer
2015-08-18,53.54163044151391,57.276936882981765,49.68495450574144,53.41115864417898,1775678,-0.04650968365694557,0.041710333337232584,Consumer
2015-08-19,50.85029895152908,54.46367096878678,47.568776829117354,51.16203179230865,1498430,-0.04302199711798089,0.04261776773556796,Consumer
2015-08-20,50.04672199856134,51.56421624114395,48.82722323340088,50.33762888799464,1804793,-0.01624480374153192,0.04278613252928088,Consumer
2015-08-21,49.11261919540505,51.89588838695227,45.724386171708986,48.47131172373007,1501218,-0.03778077457001952,0.04005129906433352,Consumer
2015-08-24,49.456416081591605,50.73155040856197,48.040267932074634,49.31167027933923,1212660,0.017188660616069117,0.03996740277349958,Consumer
2015-08-25,50.04389875792304,52.01609268396347,48.425347407869104,50.38646193934727,1268399,0.021561753983015915,0.03771249309755952,Consumer
2015-08-26,52.55993457596052,56.190177806828075,49.05474376659303,52.67716872191909,1342072,0.04445960391245323,0.03615967496715637,Consumer
2015-08-27,50.93345047219413,53.88735061578187,47.74019007992321,50.679353814601065,1496129,-0.03866352552468243,0.03798047040246013,Consumer
2015-08-28,50.76749511369914,52.04369571744637,49.9544449638368,51.223345052554265,1395022,0.01067678111806812,0.03844792759685996,Consumer
2015-08-31,51.842840774101404,52.68295474694933,50.94063716252276,51.77972839842429,1512303,0.010803342824886424,0.0360512629106274,Consumer
2015-09-01,54.11480696094793,58.536801494404216,50.04480109955863,54.44217415725577,1143072,0.05014038473581335,0.03401854903416292,Consumer
2015-09-02,52.75407736264001,55.254244589326106,50.24902571941211,52.748949942954255,1114595,-0.03159524788323693,0.037455547919234944,Consumer
2015-09-03,55.93660570806144,59.69866933934037,51.45752771875081,55.167890778599975,1326081,0.04483722937967193,0.037041509273577966,Consumer
2015-09-04,50.2008794888098,57.05904045052316,44.09291145838374,50.86969702985512,2454450,-0.0811136921985278,0.038719701679874124,Consumer
2015-09-07,51.529265898654515,52.432193553182216,50.565584260236214,51.46742835916657,1143698,0.0116817454933091,0.04781513251946903,Consumer
2015-09-08,51.214434518544124,53.506614103904056,50.01210008017225,52.279280826824795,1008074,0.015650983941991613,0.04415313120209114,Consumer
2015-09-09,48.21890597020742,54.04837048602763,42.443168989368615,48.266886340401335,1547933,-0.07985438995522365,0.041186674916921025,Consumer
2015-09-10,46.663710249854084,48.90794528939445,44.695522908959596,46.928585989089086,1449634,-0.028118743385471764,0.049128222966415586,Consumer
2015-09-11,48.08415683340766,51.55981176730994,45.323058702760214,48.75991038048641,1315509,0.038281467500318155,0.04636232730253063,Consumer
2015-09-14,53.268426085178746,60.4406081144619,46.141870517206,53.30866866354064,1856185,0.08919049039890965,0.04515963825610508,Consumer
2015-09-15,50.83614577070102,54.818327087753964,46.632816514786796,50.59620217173483,1038467,-0.05222243945629769,0.054081012181518145,Consumer
2015-09-16,47.16162375435661,52.46833237497067,41.65788830052072,46.9396162470369,1136732,-0.07501450258589185,0.05337492089246609,Consumer
2015-09-17,43.336528413382915,48.57705169081574,38.06739178335302,43.303978980354444,1853049,-0.0806174908988862,0.056773075343448914,Consumer
2015-09-18,43.866184102129566,44.86363559476072,42.92898991413432,43.92518094833926,1419350,0.014243229451540794,0.060443549225596784,Consumer
2015-09-21,47.007297987777726,51.89873351401383,42.16237234340794,47.049462117358296,1717151,0.06871168026759739,0.05525548436283135,Consumer
2015-09-22,46.88462821391706,47.44762667367873,46.647208646768945,47.20856671093244,805572,0.003375940419318434,0.05701516546074701,Consumer
2015-09-23,47.51566144932995,48.60209511048265,46.681949189942074,47.76402505047195,1580747,0.01169736789874967,0.051983582216602826,Consumer
2015-09-24,46.65063568448638,48.20128114459981,45.3193480505417,46.86390729440553,1184852,-0.01902493023458634,0.04777403602816126,Consumer
2015-09-25,45.2174144014224,47.57257076692752,43.02731480277144,45.374845989726985,1676241,-0.03228991348640033,0.04449920235578017,Consumer
2015-09-28,45.93962925381933,46.512124719117494,45.183213181480596,45.75338772181144,868648,0.008307939130796955,0.04290150329748854,Consumer
2015-09-29,43.3927339340632,46.76004027044773,40.2297473818366,43.58317227201227,1318062,-0.048594718753802904,0.03978422383354601,Consumer
2015-09-30,43.798449036382515,43.91040641340524,43.545909882132825,43.65750698378351,575390,0.001704130008952639,0.04147824220533378,Consumer
2015-10-01,42.943138129144096,44.59453684722285,40.916109489327674,42.552485474528694,1244349,-0.025636982453594973,0.038429042012761365,Consumer
2015-10-02,40.69223682739216,43.45820489816934,37.90297733562261,40.66724675981788,1929727,-0.04531524579671597,0.03714863720802895,Consumer
2015-10-05,41.75173812840011,43.01423037414769,40.240625140262395,41.49536516063365,1501567,0.020158717574264094,0.038884929244805376,Consumer
2015-10-06,41.37064815482925,41.519204198681365,41.35639034280872,41.50490011860974,666048,0.00022975729019543802,0.037021429767563785,Consumer
2015-10-07,42.703114813468005,44.36227564616693,40.93909330583366,42.59401525051451,1232899,0.025902260915412836,0.03459012760730417,Consumer
2015-10-08,42.34354399985612,44.08883256121857,39.731513168362625,41.439541129401974,1601908,-0.027478231571238434,0.03402676314889777,Consumer
2015-10-09,40.29756973878641,41.90905220611551,38.86045720220865,40.46593532974593,901612,-0.02377500754004591,0.033756695185627114,Consumer
2015-10-12,41.93698771215424,45.10228140644317,39.15453710798274,42.29601024397518,1407777,0.044232243912694265,0.033111919657634756,Consumer
2015-10-13,43.475640571666275,45.416868929094,41.59487335664692,43.53359460780294,500308,0.028840168736468254,0.03564537962995679,Consumer
2015-10-14,42.866719705544355,44.25472527804581,41.22443563671456,42.60393226728646,869765,-0.021586374107711928,0.03523120450798106,Consumer
2015-10-15,44.388862440603354,47.41490664824663,41.48473044818727,44.50328836385957,1096175,0.04361652649996895,0.034101113602553544,Consumer
2015-10-16,44.95810950320131,46.24515089908612,43.91530306844907,45.19680784003266,1244716,0.015463379077034335,0.036272151393814296,Consumer
2015-10-19,46.378254519365434,48.09048684950977,44.61282711306086,46.32302025715858,1018631,0.024612573972994045,0.03447321550509376,Consumer
2015-10-20,47.0833042941531,49.49665692205122,45.1890199751782,47.582296829933696,1488432,0.02682174141305454,0.03378740726135886,Consumer
2015-10-21,46.98851668272664,48.13444700154162,45.67324692566366,46.81494425476644,920745,-0.016258303087858323,0.03348405565967562,Consumer
2015-10-22,49.73585249659728,53.58021619037007,45.48062942256727,49.2905751245531,1524892,0.051530415194093675,0.03219620241007786,Consumer
2015-10-23,46.85351105499712,50.37230128484172,43.447897790004184,46.95901902485522,1417420,-0.04845760311673543,0.036436024937085476,Consumer
2015-10-26,44.688667462251814,47.8836334960488,41.80735037212212,44.983318668791526,1491176,-0.042983560915281535,0.038913853902506096,Consumer
2015-10-27,42.212094394863485,46.18454341127518,38.383384232861,42.343880060838046,1643554,-0.060467822739579236,0.03985684880644892,Consumer
2015-10-28,43.476945359328596,44.5666941957454,41.97815784843112,43.05739055129509,1223578,0.01670998774806951,0.04380991161202998,Consumer
2015-10-29,41.64899905066006,44.273060995572145,38.6851036516976,41.28631497594205,1797896,-0.04200280126332744,0.040955222352518104,Consumer
2015-10-30,41.77498656420461,42.71655339070684,40.91616233634734,41.856062378973775,928127,0.013705557615397832,0.04130979892774045,Consumer
2015-11-02,41.862208062062244,42.03509037703614,41.75492224917206,41.92763688106477,934537,0.001708554769831668,0.03864422254868928,Consumer
2015-11-03,42.35673859260508,43.33768586754455,41.51110981283737,42.48940840852818,1476038,0.013309630027642587,0.03598803444235775,Consumer
2015-11-04,40.74818804545238,43.556893852172,37.783916945356516,40.581106065051245,1662521,-0.04595224051985923,0.034098135376298376,Consumer
2015-11-05,38.9452916424616,41.33469765559438,36.590154137574146,38.97760600517693,1563098,-0.04031531421921912,0.036699966351912985,Consumer
2015-11-06,38.97256104103082,39.20597322399421,38.58977584342841,38.822288020004194,977128,-0.003992761004640265,0.03770024811953354,Consumer
2015-11-09,38.655964474989226,38.991184775321905,38.26377186890614,38.59849378973561,1052887,-0.005781260492578898,0.03520565704095778,Consumer
2015-11-10,40.15386616529227,42.14428040265913,37.91774772155329,39.895347259886435,1531197,0.033046452350289704,0.03311440888919641,Consumer
2015-11-11,40.94097758550813,43.0342051722692,39.055282343847864,41.13937210294657,1655671,0.030705914593300493,0.033779601282515274,Consumer
2015-11-12,41.47334467679568,42.02764133647092,40.939732633399785,41.493766537540665,1086075,0.008577590378500819,0.03397465450738573,Consumer
2015-11-13,36.93900610178524,42.52584925491295,31.398155186517453,36.97899935209822,2150392,-0.11519304561182037,0.03216299080654943,Consumer
2015-11-16,35.10478709869716,37.87919153661961,32.308554271324496,35.08108552447216,1828634,-0.05268805514800038,0.05401834915745561,Consumer
2015-11-17,32.50856331127763,36.58099171013969,28.2277143839233,32.270294222784074,1477975,-0.08351498772528611,0.05339279267700124,Consumer
2015-11-18,32.9937081463783,33.920157622521444,31.956816056023193,32.880074754210135,1346915,0.018719720176806565,0.05853926224417757,Consumer
2015-11-19,34.49135155168997,37.153423008612236,31.907342504936295,34.56397331419308,1649549,0.04994506217751777,0.05379628581787748,Consumer
2015-11-20,35.10583202064957,35.99502910341774,34.24507835703558,35.13359473084078,851688,0.016345881658783278,0.05281485283162711,Consumer
2015-11-23,34.43725086662077,35.59235911539978,33.20426483295023,34.35667021272355,1338525,-0.022361603974581142,0.04869912854232184,Consumer
2015-11-24,36.563119920977826,39.55710580090023,33.31318913292281,36.28434763099945,1408829,0.05459026994766256,0.045522415318968626,Consumer
2015-11-25,37.867616594020795,40.124336180415554,35.50493918695911,37.75494405653055,1428857,0.03972998196302442,0.04695579701295609,Consumer
2015-11-26,37.1866791607684,38.00322935663713,36.43281752197208,37.248122124146775,618130,-0.013514904724120142,0.0458328290476912,Consumer
2015-11-27,34.7333837046579,38.364523028726204,31.131998464830225,34.760342521762205,1075483,-0.06912437652587469,0.04251960103607765,Consumer
2015-11-30,35.443639889227235,37.3219752940066,33.9122077870471,35.77617516425166,1228282,0.028805019404823228,0.04757163117160696,Consumer
2015-12-01,38.556485245372116,42.88028043610393,34.22992022394993,38.55336556836236,1776564,0.07476122651767199,0.045109948407183555,Consumer
2015-12-02,34.38207195197933,39.539382744776226,29.103104852100934,34.23894688482463,2600864,-0.11867960624473971,0.05065878112235833,Consumer
2015-12-03,31.932930839009884,35.61432548274938,28.05079657114811,31.706033282380062,1286955,-0.07685680679294717,0.06531291621573314,Consumer
2015-12-04,31.770379058346844,31.874669508700144,31.532871292085414,31.636722998833754,656181,-0.0021884210690251435,0.06632244666961527,Consumer
2015-12-07,30.63577025179063,32.605891582490116,28.359947879833854,30.309059110819362,992803,-0.042871917685489126,0.06016354314542548,Consumer
2015-12-08,28.06166809203782,31.252486675732502,25.01961278942792,28.195881792600822,1947974,-0.07227071682819997,0.05719634374637842,Consumer
2015-12-09,29.833179081039017,32.744420467240616,27.084521389333197,29.98204694589822,1553673,0.061422835835214455,0.059165833611911404,Consumer
2015-12-10,34.78587946684801,40.09225798414478,29.567997546820806,34.86283302969112,2439356,0.15082253817867655,0.05887606821026574,Consumer
2015-12-11,38.89637604737849,44.73083245448526,32.85185876907276,38.64924561067384,2315888,0.10310595079069478,0.07927943509964386,Consumer
2015-12-14,33.77618406804519,38.84261167825196,28.518147091072958,33.550761283615245,2476453,-0.1414677021839228,0.0819927352089372,Consumer
2015-12-15,37.20409771104749,42.61781915533673,31.589148759840455,36.968602296752934,1577829,0.09700941163947246,0.09208807477526161,Consumer
2015-12-16,38.72844317347511,41.80843465360697,35.806625671133055,38.87552105032288,1649568,0.050295807816741596,0.09108125331069414,Consumer
2015-12-17,40.6631308756986,43.254436553889796,37.977793002643615,40.562698510650705,1188002,0.04248411476418191,0.0843568966137817,Consumer
2015-12-18,42.52479069255663,45.39534509383295,39.565657644753934,42.42979987302111,1056572,0.04500205416693995,0.07786914540523115,Consumer
2015-12-21,42.903739381194654,44.276975812780165,41.79836312115546,43.16487171305769,1137237,0.017176067105605188,0.07248903901142197,Consumer
2015-12-22,47.19789184833607,53.447885714603295,40.90527191712054,47.148759646135325,1793049,0.08828069251271811,0.06593922363526888,Consumer
2015-12-23,49.275448983437734,54.105968516400885,45.10595364074266,49.88490351978471,1302056,0.056410720128212424,0.06890143011198219,Consumer
2015-12-24,56.297535822592465,65.27271177100434,47.8529054492036,56.75887980087334,2724628,0.1290936940721166,0.06614568057695543,Consumer
2015-12-25,57.947320485339624,59.65320055138146,56.17980144592325,57.88381191731768,1205831,0.01962564218390301,0.07810235671584233,Consumer
2015-12-28,57.92334543921116,59.346874727616004,57.0519323192638,58.46727854365547,944213,0.010029498047114518,0.07097716093451846,Consumer
2015-12-29,62.212471312524976,68.53972021460994,56.11081762847026,62.41791690713155,1476578,0.06538510746934756,0.06438396169948839,Consumer
2015-12-30,60.35049763055323,63.08200266001631,58.335698163628415,61.04404900233879,1482524,-0.022256645717143635,0.06369864567723296,Consumer
2015-12-31,57.769504467616244,62.58442570736364,52.93181481118179,57.744665821566215,1574062,-0.05556473995660329,0.05848348237475008,Consumer
2016-01-01,56.118807278280826,59.224198474605046,52.5736116666825,55.65324023799147,1318455,-0.03689067708234621,0.05744014465083549,Consumer
2016-01-04,57.59639053715889,59.92327494678309,54.86276856914173,57.172529046425204,1090891,0.026933220269801345,0.054255271470578924,Consumer
2016-01-05,57.76833932259836,59.35104922912024,56.46343496701444,58.0400082598877,1120050,0.015059048732523136,0.05063316441811847,Consumer
2016-01-06,55.795882218602,59.0578734208564,52.625380741340514,55.882452728780244,1323431,-0.037882144120000606,0.04674387781841651,Consumer
2016-01-07,55.11469337800081,56.0744466258964,54.53862945157859,55.49441382586297,672882,-0.006968062309280686,0.045423018583882285,Consumer
2016-01-08,54.43170354457742,55.893135548582315,53.22296293021966,54.67890543193567,902271,-0.014804369949188993,0.04192712222022012,Consumer
2016-01-11,53.96494919857862,54.93423201184038,53.19438161954675,54.16086691620554,762474,-0.009519358898388626,0.039232413481384086,Consumer
2016-01-12,55.22306216959323,57.35565239795315,53.30452588497007,55.42992922551035,1198470,0.023161051551629157,0.03667340375714913,Consumer
2016-01-13,54.03712021437471,55.95698609353769,52.432908818895015,54.34367397194113,1535622,-0.019791474072088585,0.035445958596918875,Consumer
2016-01-14,54.28286948558667,54.64813130254484,54.10072577384971,54.46537520113948,808096,0.002236969826921515,0.034115805011394836,Consumer
2016-01-15,55.070989829681565,55.460208616453,54.3358498715075,54.72260642971384,1534550,0.004711721942595357,0.03212259526192418,Consumer
2016-01-18,54.937579385133546,54.99791436326908,54.622500271448374,54.68255517025386,645042,-0.0007321640160926491,0.030476531128702387,Consumer
2016-01-19,55.606917977832516,56.45179810025842,54.399966253910094,55.23926026027861,1025626,0.010129196787621638,0.029036796815988187,Consumer
2016-01-20,56.00175666370029,57.014781577677496,54.89809271910104,55.90944784377274,1312256,0.012059442111915519,0.028105133865554528,Consumer
2016-01-21,56.978614540457,58.55648750199844,55.37409725372791,56.951211356108004,942005,0.018461581001542073,0.027454204801599852,Consumer
2016-01-22,55.66401872312333,57.49400743249528,54.007457848063446,55.83243450474888,1155092,-0.019839996141849153,0.027461084920156115,Consumer
2016-01-25,55.851143364142395,56.4232077960604,54.88450357276688,55.45248467816757,749852,-0.006828441907783593,0.027610374228356792,Consumer
2016-01-26,57.29882449387786,59.83359807135666,54.58571669586343,57.11223601050723,1325083,0.029491862469763076,0.02677424797930137,Consumer
2016-01-27,54.94706617162409,57.959447466943246,52.33984807463901,55.33387541357849,1043566,-0.03163308833561842,0.028354078660327013,Consumer
2016-01-28,55.8255986339159,56.50267222261823,55.106537497807764,55.78309559385858,944324,0.00808558087174709,0.029887469999786954,Consumer
2016-01-29,57.48456455644253,60.80938337053297,54.46289354229769,57.772573207315986,902667,0.03504327393461066,0.02871263107232715,Consumer
2016-02-01,55.95848490698773,58.56795661150004,53.50641233665766,56.10927643261099,1126938,-0.029212996913763487,0.03072029953768156,Consumer
2016-02-02,51.933294700572,58.99210051878327,44.282818648906954,51.248554097061984,2567588,-0.09061374928370089,0.0313528199888054,Consumer
2016-02-03,49.86506276391074,51.94029218213958,47.771781335372545,49.84622686170996,1336082,-0.027744601172356397,0.046022029408618645,Consumer
2016-02-04,46.98296857042613,51.333452899203955,42.52290087253576,46.862202631531424,1495726,-0.06173136721883343,0.043702244643063534,Consumer
2016-02-05,46.49876649545765,47.75711335709502,44.77882110074959,46.024328756426286,1095649,-0.018041293801636566,0.046899074663363134,Consumer
2016-02-08,45.27485584480236,47.41821747481133,42.483299333547706,44.594449790201274,1445592,-0.03156073557114055,0.0436857162666393,Consumer
2016-02-09,44.70001662030657,44.99675126654665,44.1028033171039,44.3975299489808,1229851,-0.004425571005347614,0.042144577931830914,Consumer
2016-02-10,45.09152101176163,45.57836356854324,44.23543684406396,44.718249273599845,1031063,0.007197843347010186,0.03903678023416175,Consumer
2016-02-11,45.23500072451358,45.875129356839345,44.503308592024645,45.142122893455834,752957,0.009434119922965842,0.03642619265264225,Consumer
2016-02-12,46.191310226227856,47.9710101835345,44.48839195347755,46.26536187550143,616464,0.024577758087831376,0.03427600329300459,Consumer
2016-02-15,46.54612791521179,46.652948746924565,46.088617503722524,46.194631670673544,1148661,-0.0015299637370103708,0.033622692490150805,Consumer
2016-02-16,46.064584417763896,46.80843841335642,45.69888928147388,46.43976481437093,798624,0.005292498795075694,0.03169762575628149,Consumer
2016-02-17,47.094096736193656,47.21101019938886,46.40120780289463,46.51668781941991,1400033,0.0016550335222143126,0.03013292492262584,Consumer
2016-02-18,46.7180800591512,47.7669716571951,45.971063660613176,47.01520427864919,1005110,0.010659918638097628,0.02875422407070016,Consumer
2016-02-19,45.401394279495236,47.70088660422748,43.28587923133731,45.577180646714986,1480377,-0.031063877835037643,0.027901422926654745,Consumer
2016-02-22,43.95591588259988,46.20864082027341,42.01679946973764,44.256274096707386,1306043,-0.029410017952856075,0.02945396742356054,Consumer
2016-02-23,43.95587379119745,44.268021346012894,43.92083402385953,44.23276085599351,792400,-0.000531438528623304,0.030393606745311257,Consumer
2016-02-24,44.100652309590934,44.73836864380985,43.17490176730668,43.8083918771536,1018357,-0.009640315971474783,0.02896652255323997,Consumer
2016-02-25,41.78688725849973,44.97943896839839,38.45214403847677,41.63293356249173,1735840,-0.05093386816377858,0.028021204414984888,Consumer
2016-02-26,41.011688450565856,41.85755137976998,40.33301153657879,41.17615284682186,1164093,-0.011032251855144896,0.03342587555191145,Consumer
2016-02-29,42.14730422170058,43.66557185892287,40.647211725443405,42.16485471160675,1804415,0.023727772929698784,0.031813329160570405,Consumer
2016-03-01,42.57094416096887,44.09500537821621,41.41847818771059,42.932744860726196,1142796,0.018047770938171427,0.031529690944466005,Consumer
2016-03-02,43.68171772600217,45.18703401893588,42.32813169084061,43.828887562485264,932014,0.02065831512780797,0.030727112363812176,Consumer
2016-03-03,43.91749615283163,44.28518046471692,43.22004056807253,43.584940672209946,1076956,-0.005581440110728867,0.030320607595538784,Consumer
2016-03-04,44.25339787764597,44.767802253913736,43.41343334600758,43.92400888317194,1385431,0.007749376709859419,0.028985242228185076,Consumer
2016-03-07,44.6444787430727,45.445024767575234,43.65514557209459,44.452244533566564,991064,0.011954386403294342,0.02794858385553636,Consumer
2016-03-08,43.26124519167789,44.99383017019899,41.59580129692612,43.32589733824031,1931458,-0.025664909202569624,0.027319128367608077,Consumer
2016-03-09,42.036824168588915,44.75740136992401,38.81071829415829,41.49631428826396,2038155,-0.043145936214150464,0.02821118491784952,Consumer
2016-03-10,40.9255973175232,41.822157431458656,39.99879372676746,40.89467645506195,1114168,-0.014604716407345335,0.03187369660620825,Consumer
2016-03-11,40.58204852285355,41.32663504558061,39.6563076311487,40.39750826795578,1307303,-0.012231788024989225,0.03073663432252361,Consumer
2016-03-14,41.04868815686316,42.65878018644502,39.69413613537028,41.29606505682471,1276709,0.021999111824095433,0.029635030746136735,Consumer
2016-03-15,40.913558893450116,41.457587976925005,40.425759826859924,40.96912639704776,1437125,-0.007948450013202239,0.02958347809195082,Consumer
2016-03-16,43.269570029478906,47.97913440031038,39.05318422111865,43.71895814791037,1369901,0.06496306458153227,0.02845386475428959,Consumer
2016-03-17,45.37311917844247,48.3361585029266,42.590708246765374,45.54331092122056,1205749,0.04088192865522413,0.03715814714888207,Consumer
2016-03-18,46.42093549121316,47.04035189129918,45.33711958833577,45.9502554834532,962463,0.008895647240934676,0.03814816028612656,Consumer
2016-03-21,44.4362785861277,46.96832758441688,41.7167296861637,44.23744906587059,1487940,-0.03798771452596619,0.0357224801427347,Consumer
2016-03-22,45.30143823478754,46.71345516818241,43.75849679297628,45.16630160378218,818902,0.0207795747539948,0.03656961085757416,Consumer
2016-03-23,44.39321160673718,45.33502168338418,43.88808548343194,44.82498267279595,1324936,-0.0075856361070091895,0.0351374125351178,Consumer
2016-03-24,44.003609216082204,45.09547154673368,43.18694864864721,44.27379658672155,1346278,-0.012372630063513431,0.03311104783909197,Consumer
2016-03-25,42.220255557729416,44.9792485249275,40.057213535473515,42.787162537770385,1389722,-0.03415488598512924,0.0316233377018523,Consumer
2016-03-28,41.14865494168107,43.429727610298876,39.1703031670103,41.43748921414962,1144945,-0.0320521092362093,0.03278737295702251,Consumer
2016-03-29,41.03052303782179,42.43646048729723,39.11381628412736,40.5016309019774,887185,-0.022843765167693316,0.03337828809738146,Consumer
2016-03-30,38.499930869022634,41.587648282394724,35.313859458627576,38.39300103559613,1456002,-0.05346706420290374,0.03270418526893684,Consumer
2016-03-31,40.40250065475241,42.763433097642725,37.585556084720956,39.918187543295296,1205931,0.03895686990705464,0.0372083328094067,Consumer
2016-04-01,39.42872428188247,40.309724625444936,38.44922070337496,39.327969775656996,1302924,-0.014896083326866845,0.03788421414399055,Consumer
2016-04-04,40.109974242396916,40.809648890513465,39.09393702030819,39.787995094206835,1367092,0.011629271128227004,0.03579741526728335,Consumer
2016-04-05,41.35361450414128,42.73485569206051,39.3250260778089,40.68389824947012,986615,0.02226715777216059,0.033844496508306,Consumer
2016-04-06,40.50795773712188,41.28875023617101,39.390282218230375,40.16445366255854,946843,-0.012850026557186893,0.03302626079967476,Consumer
2016-04-07,39.69734242247112,40.22817125891345,39.50720067569226,40.03640547292323,602970,-0.0031931901931924363,0.03158093727717035,Consumer
2016-04-08,41.86329521434551,44.45747717662985,39.139413903794576,41.725027714625284,1320147,0.04131195675514456,0.029990230892494633,Consumer
2016-04-11,41.8552631426098,42.38406288367217,41.46059830040919,41.98814506114194,1350521,0.006286184222613407,0.032795317117371374,Consumer
2016-04-12,39.49631341737579,42.98564576417614,36.35925325204394,39.82266461406237,1693673,-0.05295110511844626,0.03108622969540141,Consumer
2016-04-13,40.45206522237169,41.38800118850991,39.50597981563213,40.44167539318286,1117200,0.015424609530534913,0.03596742792207857,Consumer
2016-04-14,42.352814714751084,44.953507968147356,39.54447985376837,42.13158862140331,1979843,0.04093696048164454,0.03421421464741452,Consumer
2016-04-15,41.587102153916355,42.41180971184817,40.75371891071896,41.57825094159257,743081,-0.013220566236770986,0.035886838773746044,Consumer
2016-04-18,43.57498715060722,46.03589072052394,40.735287988003066,43.17351856255838,1493839,0.03765009440563004,0.03400749422526454,Consumer
2016-04-19,44.130310384232814,46.02090273179414,42.419800720767185,44.30367344221693,1496519,0.025840284505480877,0.03518291022780875,Consumer
2016-04-20,41.140931937556324,46.672175491889035,35.059652904739536,40.50545959250161,1054300,-0.08963082577918632,0.03450257647157772,Consumer
2016-04-21,39.5917538717044,41.216770283814704,37.794495811803124,39.412140099700565,1873745,-0.0273628765790659,0.047512050745263386,Consumer
2016-04-22,39.90435859838807,40.18303847700102,39.31953600236038,39.5960628373389,1061394,0.004655796816878788,0.04492465943130305,Consumer
2016-04-25,39.27613242187209,39.75320331818909,38.80088866407496,39.27793771621297,2025155,-0.00806671004317922,0.04144673071081555,Consumer
2016-04-26,39.29483722995429,39.61951816724157,39.0903691153557,39.4144277710866,1164561,0.0034689563822687605,0.03852305752312501,Consumer
2016-04-27,40.061599535780196,41.17376579210493,39.00368448701486,40.11445497859211,786577,0.017604806282060473,0.035903005688957455,Consumer
2016-04-28,41.409176487326384,43.42281246426306,39.41222059475598,41.42508918259491,1033149,0.0321499735399888,0.03431778015308363,Consumer
2016-04-29,39.30964958865909,42.2184375504439,36.851025975403154,39.73331572186102,1681275,-0.041696693457938375,0.03460073911785125,Consumer
2016-05-02,40.708648546553,42.97253156900585,38.76750385085226,41.016697897264464,1222000,0.0317892268597571,0.03631199601784613,Consumer
2016-05-03,41.1367555465457,41.619114018289864,40.775940295066896,41.257241966455226,625991,0.005847410613452419,0.03614459967258213,Consumer
2016-05-04,38.27160992185669,42.622896964638414,33.89732222193708,38.24565874854193,1629948,-0.07579660313334473,0.03391569695620785,Consumer
2016-05-05,40.31450445601695,43.478291333887555,37.137240356470265,40.29987950261808,1537043,0.05231842187753695,0.04338188973527232,Consumer
2016-05-06,40.513075600032906,41.769624204701074,39.636740554620324,40.88523892466275,1180345,0.014420612480181933,0.044901818178844956,Consumer
2016-05-09,42.07976802631433,44.281879462600415,40.0359763049286,42.23075441352092,1245540,0.03237964176525657,0.041762803189661225,Consumer
2016-05-10,42.49259473375305,43.467936447200024,41.75259281180708,42.72390627084666,1592333,0.011609896211839953,0.04065183346829088,Consumer
2016-05-11,42.89149179551142,44.65088322712241,41.747186088136786,43.490594021215195,786353,0.017786055920370795,0.037977305130490475,Consumer
2016-05-12,44.15995117385315,45.8808429113541,42.728715349540884,44.4405139717497,524146,0.02160684490912954,0.03607314973439228,Consumer
2016-05-13,45.29186726223745,46.135527800186935,44.15767686521128,44.99582292698133,980110,0.012418131391591427,0.03480008717585324,Consumer
2016-05-16,44.17793845583041,45.18490219410788,43.61137140877844,44.61275872487681,1476165,-0.008549773436778898,0.03304494442492547,Consumer
2016-05-17,45.014631480551685,46.93209458092738,43.633314166675945,45.534814936785786,1565287,0.020457308634157224,0.03137737203001819,Consumer
2016-05-18,46.64994406425732,48.20699996138248,45.00536215605221,46.55939578298703,1689886,0.022251629355016567,0.030828668506620728,Consumer
2016-05-19,47.38828023618316,49.40956078563257,45.68090905838615,47.69127296250824,1202079,0.024019598225376606,0.030571157859260782,Consumer
2016-05-20,46.0470409077394,48.62297594129993,43.3751698016562,45.94542002262169,1651820,-0.03729425362673084,0.03056497536594707,Consumer
2016-05-23,45.79859631286542,46.270646269418286,45.160472970193915,45.6307933677796,1171928,-0.006871389002523685,0.03249620559900802,Consumer
2016-05-24,45.5879971568693,46.044408976158145,44.87344602936931,45.327247308159535,1104038,-0.006674444265352284,0.030852635230884256,Consumer
2016-05-25,46.151329359077735,48.961574659840196,43.98605291084449,46.7673943628599,1229798,0.031277920965705884,0.0294650693447291,Consumer
2016-05-26,44.135708580520294,47.91682773732119,40.49325724074682,44.26380481469988,1433765,-0.055018962451960425,0.03068058832849033,Consumer
2016-05-27,43.156526039032734,44.64545239242589,41.999277573914235,43.4795422023378,1197396,-0.017876762741465532,0.036153861958847115,Consumer
2016-05-30,42.875520709923315,43.755504600281405,42.03745837506932,42.916638559250984,973623,-0.013030937327058232,0.03454877978378825,Consumer
2016-05-31,43.7603598264282,45.733032804152415,42.07243791385093,44.03453540788026,1575754,0.025714625736964883,0.032868911554571056,Consumer
2016-06-01,44.45632414507092,45.326294845974054,43.681092974270456,44.549439918565405,1280686,0.011625360181537741,0.03261101921045397,Consumer
2016-06-02,43.467196336039265,45.17385199261661,41.694513315245665,43.39847058782714,1357726,-0.026175381290347736,0.03116175876067092,Consumer
2016-06-03,42.41902208964106,43.85293750209903,41.02618543143751,42.45879489622666,719803,-0.02189012679673388,0.031298829931817956,Consumer
2016-06-06,43.798905554703914,45.15243305929665,42.00318388112726,43.34261039292443,1365550,0.020602151088032882,0.03091229612560759,Consumer
2016-06-07,43.04936722898897,43.739507784011685,42.19439421526016,42.881849226341934,929554,-0.010687583417919607,0.030465116704584006,Consumer
2016-06-08,43.17315332695187,44.19998722957557,42.384622038606764,43.40718155845607,1267919,0.012176259667260162,0.02931948728331359,Consumer
2016-06-09,43.02776495773307,43.715676666675385,42.260366348750985,42.94698660377815,1203083,-0.010658415709299355,0.02845953377284652,Consumer
2016-06-10,41.177740448263094,43.78565841229598,38.56390339020413,41.17142113171466,819370,-0.04222213159574319,0.02765856691640168,Consumer
2016-06-13,40.38534294613752,41.36608299052559,39.80130904584555,40.77639389470857,1391410,-0.009641020853710911,0.03129542008934365,Consumer
2016-06-14,41.03447035381751,41.40583244054998,40.65189552109216,41.02315520569829,318154,0.0060333354458729765,0.029957720996765566,Consumer
2016-06-15,43.58937721657319,47.26007190086211,39.73800942719568,43.39209044178479,1902013,0.05614050821069124,0.02869550850475389,Consumer
2016-06-16,44.618401603599615,45.51451916007375,43.09375418681164,43.976989601950514,1016883,0.013389356921021925,0.03509286631211999,Consumer
2016-06-17,42.46617318164696,44.614972861448095,40.49859097911399,42.63936612261434,1496874,-0.030888619578328582,0.033348143045963424,Consumer
2016-06-20,41.826290541212764,43.5621825226249,39.754434903037634,41.47577984479011,1212544,-0.027668275287313297,0.033657019158110785,Consumer
2016-06-21,40.69860592176332,41.89873554415492,39.4691391644899,40.66837740149385,945300,-0.019658816237238582,0.03348232323919193,Consumer
2016-06-22,41.619877772594485,42.816214466913834,40.2636130543391,41.455216670892845,971693,0.0191629057771541,0.03247804079639677,Consumer
2016-06-23,41.235897591466035,42.12371357130549,39.98462287742356,40.86444134017301,1179993,-0.014353448195958646,0.031606028710541016,Consumer
2016-06-24,41.93297273676944,44.38142024900238,39.82500137660817,42.257152372222265,1810837,0.033513346380883886,0.030496820521955154,Consumer
2016-06-27,42.217442179134025,42.46579769369287,41.84413474231687,42.09175084362148,1162215,-0.003921846859804799,0.03182006454118912,Consumer
2016-06-28,41.14385380346624,42.35917307492097,40.33881048996902,41.54625613567093,1672688,-0.013044367328717929,0.030204641006691627,Consumer
2016-06-29,41.89491852254515,42.248106377613325,41.42819000359727,41.78041253577461,1551427,0.005620217877228857,0.029246873311953747,Consumer
2016-06-30,41.20059304490247,42.303820494203805,39.94223542205672,41.041194664129804,1163716,-0.017851319892393906,0.028089886190024095,Consumer
2016-07-01,41.87493929733855,43.8251385111206,40.20652789604869,42.14593009968882,915481,0.02656181205729571,0.027911177119926203,Consumer
2016-07-04,42.33551014228901,42.38042865898302,42.07144331022707,42.1161290607931,1226703,-0.0007073418436522204,0.028793341687636375,Consumer
2016-07-05,40.79962684305222,42.47011102083883,39.73415097768093,41.38923756383335,1237966,-0.017409895593244174,0.027628251307409053,Consumer
2016-07-06,41.66265571779394,42.03886371382818,41.26315267961445,41.63914840790451,906289,0.006019907429529804,0.027497670554602067,Consumer
2016-07-07,40.46984907939361,42.08250327466961,39.117673090678984,40.72190559006814,1379721,-0.022274623692681,0.026652080623519057,Consumer
2016-07-08,40.05046304627683,41.05027507583078,39.05000260153903,40.04979802974872,1096107,-0.016642537996771754,0.027252349446380397,Consumer
2016-07-11,39.825165657227586,40.27629948616138,39.29821971705494,39.748484917442596,1019551,-0.007551905459589238,0.027123763583326754,Consumer
2016-07-12,38.07232608601202,40.48519223283166,35.77481969457897,38.18112054847938,1375544,-0.04023055812670119,0.026402907645748947,Consumer
2016-07-13,37.76287554805651,38.53058913487779,36.901366703986355,37.66713387701859,692419,-0.013553233180813605,0.030007757277041563,Consumer
2016-07-14,38.318808578547944,39.61445825531403,37.14941148093584,38.44132233500535,1312390,0.020345049702593886,0.02911916751705479,Consumer
2016-07-15,38.80616176020786,39.06952812567008,38.35356989190722,38.61564326259766,1334831,0.004524476758607307,0.028990151614284313,Consumer
2016-07-18,38.07671182328115,39.01565868002976,37.0492983610533,37.98600853389762,1251793,-0.0164395647941166,0.02784625191989453,Consumer
2016-07-19,36.587794774836375,38.75847260408555,34.346676675820284,36.512911857182615,882928,-0.03955194790334972,0.02758387011247656,Consumer
2016-07-20,38.73821785730087,41.9901311699407,35.373043240346355,38.6145774518644,1793600,0.055963911825075624,0.030713993549324966,Consumer
2016-07-21,37.777426779163896,38.91841560306954,36.855989624071746,37.991750825134226,812639,-0.016260806759525365,0.03639331578481283,Consumer
2016-07-22,34.878128130183995,39.37635414707512,30.36560380297413,34.86171272840021,1835631,-0.08597988210264272,0.03463005663467906,Consumer
2016-07-25,34.67301108641315,34.97793534106566,34.35312999146713,34.657921544424575,728671,-0.00586285500063368,0.0465647256727076,Consumer
2016-07-26,34.08611795057023,35.823356792548566,31.792742418640202,33.50011493183509,1193995,-0.03397744588178268,0.0428925972854685,Consumer
2016-07-27,36.364831592222046,40.77692930467661,31.91545167739189,36.32240138841297,1700118,0.08088579944362598,0.041773076805666644,Consumer
2016-07-28,35.80927438066699,36.481024505413444,35.33167848948997,36.00087321986064,1296602,-0.008891474800633856,0.0497731738931211,Consumer
2016-07-29,36.36162112744036,36.36845307012449,35.98960074586149,35.99636406082038,1043608,-0.00012525922428283852,0.04575755478754786,Consumer
2016-08-01,35.05336245828892,36.51044633774477,33.557150455105045,35.01253733237109,1417252,-0.027711728200866547,0.04213081306584701,Consumer
2016-08-02,35.78511937566064,36.08641821589071,34.91316592017601,35.20961924007727,1055432,0.005613112293355299,0.04043754826461765,Consumer
2016-08-03,36.14286135574099,36.84512572523555,34.97562271452399,35.66867350153039,1245026,0.012953491471569387,0.03758832667418567,Consumer
2016-08-04,35.39647079726463,35.765491763887,35.33887316728516,35.70738820477424,1229606,0.001084809279609909,0.035432679590003374,Consumer
2016-08-05,35.251180306874176,36.241293367106906,34.060669638011355,35.044991393258876,1291670,-0.018724915527431836,0.03323486645103667,Consumer
2016-08-08,35.17759513653545,35.36403691959241,34.73630004852219,34.92138390821737,723006,-0.0035333433554949546,0.032190657769623356,Consumer
2016-08-09,35.44094784213216,36.267687362753634,34.6310866948623,35.45744914420764,726177,0.01523400090534255,0.030510054660766887,Consumer
2016-08-10,36.592737182267946,39.30367764083559,34.289907240971964,36.97668532865695,682944,0.04195422586774743,0.029656398396635815,Consumer
2016-08-11,35.27077476323618,37.74673739068275,32.85180109223687,35.324106099484034,1149102,-0.04572196456768663,0.03267453340006988,Consumer
2016-08-12,34.11456921238623,35.896751317647905,32.33403334347883,34.116133789058196,665931,-0.03479521916911527,0.03560442125521975,Consumer
2016-08-15,29.869873397905835,34.35035440759171,25.295846974273264,29.75981996973325,2132811,-0.13661124349945317,0.03599647124218332,Consumer
2016-08-16,27.81486184002314,30.575134054320895,25.216677213928026,27.96310229587033,1080729,-0.06227329454396344,0.0627374810705809,Consumer
2016-08-17,28.98071055124273,31.289227958138124,26.98711209581484,29.275360384354908,1350030,0.04586035372051752,0.06189093396345769,Consumer
2016-08-18,28.762829240790214,29.534812477430542,27.984387623529894,28.75619273902398,902306,-0.01789307605260505,0.058990388810389385,Consumer
2016-08-19,28.68759163328707,28.996717786904135,28.242708690659445,28.55035604782628,1243416,-0.007183736614970892,0.054147180011468524,Consumer
2016-08-22,27.811347786864175,28.95485833951694,26.63623190968262,27.778387233495444,1393025,-0.027411126360270963,0.04953054202528469,Consumer
2016-08-23,28.955803501046496,31.21193582905653,26.888791738099464,29.13232319706283,1696198,0.047590039831389444,0.046640381129506275,Consumer
2016-08-24,28.50551872301557,29.40777698576462,27.66420722332516,28.564718271392387,989056,-0.019675991115154993,0.04669027634526775,Consumer
2016-08-25,28.985550327721562,29.645652909257663,28.335268883979122,28.995155966125402,1044888,0.014956450976207366,0.0436125809613754,Consumer
2016-08-26,29.441990105168724,30.059997806524258,28.78655525602796,29.40376049139365,1109621,0.01399379365203629,0.04068415033352145,Consumer
2016-08-29,30.577615285383757,32.10208488285784,28.881991842330276,30.397480696828048,1283374,0.03323715912759637,0.038125241111432,Consumer
2016-08-30,30.829813997851403,31.584271215838886,30.116477350524562,30.8700046420649,1294891,0.015425255725438503,0.03779594581267724,Consumer
2016-08-31,33.38340772675095,37.56998578348403,29.311181570649428,33.48532713719403,2058079,0.08132235808945193,0.035756364370964,Consumer
2016-09-01,32.883695955901935,33.67749120616119,32.304030327536324,33.09411633951377,947998,-0.01175183448849457,0.045987095616136404,Consumer
2016-09-02,32.57940549230878,33.641305149002896,31.32726556780556,32.38275557786935,1129784,-0.021729466629766256,0.042574243535768,Consumer
2016-09-05,31.610786090416713,32.707933680345036,30.617387749354176,31.711374262460403,1520477,-0.020950619792056792,0.04026013447712794,Consumer
2016-09-06,30.580664539548255,32.21103340845726,29.032690518920667,30.65908956245614,1343396,-0.0337462477011835,0.038243195642412506,Consumer
2016-09-07,30.563375408222544,30.8022623844762,30.26135868047181,30.499748339994778,1273846,-0.005210745935027114,0.03795859580439609,Consumer
2016-09-08,30.760653465496823,31.124169991279565,30.377702107333032,30.740986213767847,847310,0.007878387589966415,0.03545076553945096,Consumer
2016-09-09,30.63178033473956,31.45461955533844,30.208257707113088,31.02565117138122,1453299,0.009217499450968433,0.03338735944214755,Consumer
2016-09-12,28.962233306482826,32.17721369699135,25.61416723418528,28.812529624373326,1793732,-0.07400397053839289,0.03169411555533011,Consumer
2016-09-13,30.657783028103857,33.734800628931964,27.674774298418107,30.743455909852603,1917467,0.06486680673009393,0.04153434382513817,Consumer
2016-09-14,30.287528853996733,31.239752218361073,29.159280631400584,30.10579023277798,1509736,-0.0209596358720141,0.045948196546673495,Consumer
2016-09-15,31.125501429889276,33.07795312864429,29.33755135691076,31.281066870599116,1061301,0.03829550241958135,0.04306838008442509,Consumer
2016-09-16,32.243730534840395,33.838196744253125,30.70212558827375,32.294179769416694,1124928,0.031873998882788336,0.04247222758830089,Consumer
2016-09-19,32.140293445984454,32.56615029825801,31.97832470915192,32.40285838398109,819383,0.0033596195401833263,0.041176508639841486,Consumer
2016-09-20,30.214169927009436,33.424738586623846,26.979184356187137,30.186849989308435,1911012,-0.07084024189909158,0.03818503564921434,Consumer
2016-09-21,31.04032294167727,32.48423681272388,29.656284232304575,31.097642323151767,1021871,0.029725608030844546,0.04493582689651641,Consumer
2016-09-22,31.83431894786953,32.955238231335294,30.71459119262623,31.83546998979804,1690237,0.023449069897949173,0.042987493495427964,Consumer
2016-09-23,31.43825581568535,32.115732243638405,30.705131300804172,31.381382133440564,1190145,-0.01436628528683718,0.04075314109952023,Consumer
2016-09-26,32.74404139865685,34.873820987639604,30.631715635887495,32.760437508023315,1661751,0.04300682246380658,0.03820488621267368,Consumer
2016-09-27,36.1023000335346,41.05884972004255,30.97160179634981,35.90043739876457,2483392,0.09152786538815039,0.03930812487493752,Consumer
2016-09-28,35.99494057684929,36.62753704113783,35.56034131004177,36.19057569571981,1505764,0.00804926581055921,0.05091861610770321,Consumer
2016-09-29,36.89344121784236,38.33304256516303,35.607169630973374,37.04160531046151,1823747,0.023243003713930652,0.04673203371427652,Consumer
2016-09-30,35.422365305628524,38.007359305450876,32.70783635807333,35.28263322428415,1543909,-0.04865088252424147,0.04391061333327845,Consumer
2016-10-03,36.908205644830595,39.658928633694735,34.26467722355228,37.00823562424574,1394138,0.047749606085199785,0.044693957379067305,Consumer
2016-10-04,41.54022846743646,47.84365650822854,35.309194197320984,41.603179572372646,2265815,0.11703612405956985,0.04516684174430696,Consumer
2016-10-05,39.911645085139284,42.72760124001661,36.89118817121917,39.691620549945945,1446730,-0.04703650023061924,0.06153578653724408,Consumer
2016-10-06,38.801820223434945,40.02230272083438,37.797714362585936,39.012738751852154,987033,-0.01725186868497406,0.05883185593619814,Consumer
2016-10-07,37.89074239448024,40.085090272346704,35.3614682943731,37.535227408164985,1317272,-0.03860833788934735,0.05397771636783642,Consumer
2016-10-10,39.69278714424562,42.53394832173719,36.5517596606074,39.36980195297216,1517065,0.047719184968739115,0.051521506719194254,Consumer
2016-10-11,37.851493839768324,40.18938307043103,35.4480398770162,37.78161292849207,1512842,-0.04117652072173385,0.050647217256280665,Consumer
2016-10-12,35.455759649656684,38.913866755318615,31.9501659307576,35.40314097885896,1711247,-0.06502200939672381,0.04905546219796549,Consumer
2016-10-13,35.48141167769695,35.55495106112009,35.37861427927152,35.452092896084196,826786,0.0013817447868414365,0.051568691597353555,Consumer
2016-10-14,34.27345259136799,35.89500636972033,32.91855991032416,34.52997296599348,1449927,-0.02635456071881252,0.04719905025791053,Consumer
2016-10-17,35.14890116801439,36.21758962908617,34.133950876591044,35.20113115839695,743675,0.019250488781461662,0.044568875987635675,Consumer
2016-10-18,35.37736679019452,36.05704459616628,34.86521941814512,35.54250654612988,1069208,0.009651130435770702,0.04176954588201524,Consumer
2016-10-19,35.57583133526377,35.74866739450919,35.255460857634915,35.42757665953268,1674054,-0.0032388291481114046,0.03885521352862521,Consumer
2016-10-20,35.90364378293316,36.6274797430843,35.1818150578425,35.90561145864258,1417611,0.013403072762469477,0.03618501895566239,Consumer
2016-10-21,36.42689339151372,37.04178171357569,35.69900477419387,36.3119528931924,1027878,0.011253376554389606,0.03426996981876005,Consumer
2016-10-24,35.675157609770885,36.32664665620885,35.63177907141501,36.28252959528615,774100,-0.0008106208215507657,0.03253521842072391,Consumer
2016-10-25,36.1793716691214,36.38839011191725,35.934246784533926,36.14305541809631,947612,-0.0038515215190843316,0.030772242623260657,Consumer
2016-10-26,35.36284027889616,36.78458722982427,33.77249481392074,35.18717939885605,1118357,-0.02680303089750363,0.029321832574954305,Consumer
2016-10-27,35.937033932412874,37.07012157337801,34.80162544751307,35.93463753039185,1273753,0.021019869421168534,0.029926180214601417,Consumer
2016-10-28,35.11366084188827,36.28127706672642,34.05547611620341,35.21989099095572,1219499,-0.020090656083012137,0.029710877576434654,Consumer
2016-10-31,35.43026987413359,35.99369860054365,34.96646314743311,35.52860460424416,1117926,0.008727127554078567,0.02944034929083537,Consumer
2016-11-01,34.49909269193063,36.30584365868939,32.512739031451645,34.30956420753933,1645181,-0.034913980354839204,0.02836920419036964,Consumer
2016-11-02,34.974715862480274,36.0844327407223,33.906706519266685,35.015187529886646,1048967,0.02035774162136581,0.030441703315495075,Consumer
2016-11-03,34.056124572488486,35.956572913622324,31.85386477982783,33.736475614816165,1503952,-0.03720228231075297,0.03005866742201395,Consumer
2016-11-04,33.641401147151974,33.94176110725896,33.23684488824368,33.536266173521184,822912,-0.005952188867781806,0.03210015983011827,Consumer
2016-11-07,33.128520100338214,33.68511968245209,32.67931022419877,33.23447312442399,746172,-0.009039741281910443,0.03049017041183884,Consumer
2016-11-08,33.49251672499361,33.8136673312371,33.126884527492564,33.447604482494626,1109653,0.0063924848025098385,0.029257100535783783,Consumer
2016-11-09,32.9315417238893,33.906477770059155,31.82307146109833,32.79393362900671,990476,-0.019736621187150204,0.02812315637870891,Consumer
2016-11-10,31.242069090340536,33.44663223003507,29.203749204062333,31.3981304636822,1183109,-0.043495196181024036,0.028127560721538093,Consumer
2016-11-11,30.62673112074773,31.885122363519578,29.29451727569768,30.549745325840608,1125131,-0.027392002491996574,0.03188577349444286,Consumer
2016-11-14,31.363461399450813,32.40560067601308,30.196192050910067,31.23403062573646,1138970,0.02215187631427508,0.03202983470374713,Consumer
2016-11-15,30.694723709188263,31.51802364893596,29.857566254491555,30.68048426094707,783494,-0.017881464961164197,0.03153306348193801,Consumer
2016-11-16,31.163775492853,31.250011679007848,30.652080125876466,30.737135717365938,1463481,0.001844795435106531,0.030715294112515796,Consumer
2016-11-17,30.079889462593737,31.14946779313177,28.949727008954632,30.01707166936935,840206,-0.023705280607676824,0.029244724728817104,Consumer
2016-11-18,30.368820392047482,30.987068870366436,29.786002528713823,30.403583850252517,715709,0.012794215817621425,0.0294702254635884,Consumer
2016-11-21,29.983237368707655,30.600808877338263,29.38389208593609,30.001106404246453,1361236,-0.013326230151008272,0.028624275446864474,Consumer
2016-11-22,28.8421704215952,30.514025142860515,27.247841320513313,28.915635083577907,1373398,-0.03685180594426079,0.02796636510868048,Consumer
2016-11-23,32.13892065892255,36.976020672315045,27.318082560084168,32.153061454187,1700817,0.10612521505118247,0.030486101786168646,Consumer
2016-11-24,34.0011819798502,36.845719623240335,31.153083058433452,33.99729556445334,1331571,0.05577330899998057,0.05032798537734515,Consumer
2016-11-25,33.122977575129084,34.317398947953116,32.14966238364986,33.33777204374002,1348635,-0.01958992946354858,0.050920763832005805,Consumer
2016-11-28,34.84810068624844,36.39879957233244,32.813422511212,34.341581916625096,985964,0.02966587093790404,0.04724303283920233,Consumer
2016-11-29,35.09187146597364,35.75899728100816,34.118404019123176,34.77959316252978,1234880,0.012673890698237473,0.04491695566545463,Consumer
2016-11-30,34.664755675570746,34.92063243572381,34.353399767534476,34.60886396485307,179693,-0.004920978193679556,0.04169077177045975,Consumer
2016-12-01,34.7039012321371,34.79337088380189,34.46036054494361,34.549431961500936,1323519,-0.0017187241873533252,0.038653961822957446,Consumer
2016-12-02,32.90453528545182,35.86276013198019,29.614118757955232,32.539528287002184,1840238,-0.059935503740650924,0.03599647362747288,Consumer
2016-12-05,31.318907360376677,32.95715608897942,30.045017411612328,31.669025172096323,1523546,-0.027116526003628957,0.040932097212182,Consumer
2016-12-06,32.76608591391929,34.115714210747754,31.20994551076404,32.55070219686753,1326626,0.02745986201249074,0.039378232097515974,Consumer
2016-12-07,33.503638231256886,34.87546493519758,32.081788301288256,33.45147932740623,1671448,0.027297069340583964,0.038126404679203946,Consumer
2016-12-08,34.87918150844098,36.577528890254804,32.8726114196121,34.55518254862056,1244399,0.032461529740939424,0.03707651124630845,Consumer
2016-12-09,35.06021844464963,35.521233143301124,34.40105556503211,34.85943005194327,842789,0.008766149957666142,0.036848294206467604,Consumer
2016-12-12,35.69677279152059,37.26358574150309,34.25123904386855,35.81333195365452,1396179,0.026996534693194237,0.03460873063987119,Consumer
2016-12-13,37.629013109329165,39.950074981946955,35.01494189404876,37.31674201995642,1417665,0.04112184864507011,0.03416918673335163,Consumer
2016-12-14,36.560477632537946,38.43836907680171,34.2083352497139,36.06054833841555,976391,-0.03424264972936226,0.03588422526700459,Consumer
2016-12-15,34.66061214559785,36.65332675798414,32.824227800630396,34.80907649298661,1153160,-0.03532125240130223,0.036138981135107745,Consumer
2016-12-16,34.805581713233664,34.95170692403346,34.56605469384213,34.71178612007786,1085810,-0.002798884615763344,0.03649601891530655,Consumer
2016-12-19,35.18412152055797,35.98368903213147,34.419516444142054,35.21834032839031,1108627,0.014487692049175403,0.03415761380127401,Consumer
2016-12-20,35.99426144755223,37.17981954715033,34.81235241436706,35.997794502431425,904951,0.021890693787533215,0.03263246922337243,Consumer
2016-12-21,37.91038082175954,41.16176920180112,34.78804105601268,38.02960962361293,1108442,0.05490738417052461,0.03199660621482239,Consumer
2016-12-22,38.62984634627737,40.32283981724977,37.25844117996244,38.940409299333155,1229353,0.023667453985737233,0.03703038445493869,Consumer
2016-12-23,41.33819236907129,44.46655450956554,37.856020330258545,40.9554149122944,1817937,0.050451522933303315,0.03579136425214189,Consumer
2016-12-26,40.31202608032895,41.82832801637029,38.438829919810786,39.9411829113364,1211541,-0.02507608908930942,0.03881521388537032,Consumer
2016-12-27,41.55778080935811,43.813422508774245,39.16513557585638,41.41291432197153,1484920,0.036184827573985244,0.037411471499740334,Consumer
2016-12-28,43.83341353582171,47.30009952175387,40.202428951784924,43.655005009017664,1448896,0.0527251656714514,0.037631048640777515,Consumer
2016-12-29,46.57169479309992,50.63921527758618,42.23094352335319,46.2723166509241,1882323,0.05822593176043486,0.040618568681158006,Consumer
2016-12-30,41.77426268523195,48.04040208801674,35.33760737524492,41.573655735582264,1560476,-0.10707717868761121,0.04391393135179749,Consumer
2017-01-02,42.632352361579166,45.61032212079295,40.22259014727407,43.17016068823408,1322947,0.03768284070380945,0.05798771441237445,Consumer
2017-01-03,41.27817559260401,44.41448353247893,37.919859345354226,41.03791211158433,1319345,-0.050653206686083384,0.05480017783495946,Consumer
2017-01-04,40.10224459084295,41.91157034375669,38.02525198192773,39.82193057838378,1288001,-0.0300785450020568,0.05373369236086432,Consumer
2017-01-05,38.49928954616661,40.71440621419509,36.11838166817871,38.32337692944874,1838275,-0.03835770640862021,0.05045349924635278,Consumer
2017-01-06,37.20565696555704,38.753470483978504,35.892007256316525,37.43183492955021,1337825,-0.023538530004664278,0.04855040180164178,Consumer
2017-01-09,37.60317317975916,37.773740209485034,37.14953549738544,37.31881267515094,857153,-0.003023982912479057,0.04548431126550958,Consumer
2017-01-10,37.08823537594086,37.414720672173466,36.7992968590826,37.12549190568915,985550,-0.005193713746501477,0.041909780814703076,Consumer
2017-01-11,36.98073118146599,37.308307186671634,36.57997710903749,36.90689910836522,719561,-0.00590534574340376,0.03884829445060945,Consumer
2017-01-12,36.35568332009791,37.08667572324897,35.81369763329115,36.541913738163046,1207504,-0.009938577911552074,0.03622958668863576,Consumer
2017-01-13,35.77783052007259,36.827191438508,34.91223112878859,35.95725119085689,849670,-0.016129157427034243,0.03413037739227472,Consumer
2017-01-16,34.775633268537334,36.8654930863665,32.46913862361674,34.545147264848744,1761612,-0.040063681020390964,0.03272504525049868,Consumer
2017-01-17,34.97627138496173,35.07100291221819,34.5138465685604,34.6075795118385,1394739,0.001805634191512608,0.03460502347713832,Consumer
2017-01-18,34.929155847234114,35.424006788025906,34.43844033026457,34.93323397788841,1139780,0.009365919961263597,0.032534522696785785,Consumer
2017-01-19,35.69676236144751,36.58086919675153,34.63521914611343,35.51481978348323,1903226,0.016511428989030717,0.030983127701932466,Consumer
2017-01-20,37.39558930025566,40.91009116798929,34.142053199545764,37.635667495020805,1579936,0.05800213628736965,0.03014726280849349,Consumer
2017-01-23,38.44254018892941,40.200360903832006,36.90397941488214,38.653362524611424,1592283,0.02668156624555109,0.036492781970689635,Consumer
2017-01-24,37.373707484443074,39.25939049169007,35.49192587005869,37.37742185710729,1364005,-0.033566942128459086,0.03566741377455887,Consumer
2017-01-25,34.883227596477035,38.436751057496664,31.49460841027355,35.03353111808934,1845274,-0.06476119364875349,0.035871192688155376,Consumer
2017-01-26,32.89138525375857,35.980911727263866,29.864666140531803,32.94890001184785,1299623,-0.06134775797929036,0.04193442264200522,Consumer
2017-01-27,32.00332313082298,33.17183969065295,31.335253653959533,32.49353699768727,949245,-0.013916668885342801,0.04551185288710506,Consumer
2017-01-30,30.704691426654666,33.24372443874418,28.342923180739348,30.869295076398032,1393735,-0.05127920492881799,0.04226244258799573,Consumer
2017-01-31,28.9502438721961,32.16675293118978,25.480573141343413,28.665439035563868,1798156,-0.07406982069404533,0.0438557267813756,Consumer
2017-02-01,28.882548875759237,28.974392188587117,28.634925741964103,28.726272111957492,1247972,0.0021199263085113023,0.049614620505102486,Consumer
2017-02-02,28.12821074159537,28.908085435597368,27.579987322824124,28.355433409930313,1011229,-0.01299344215451165,0.045496841290635734,Consumer
2017-02-03,26.8355680547065,29.196178271295423,24.388144701356048,26.740381789013394,1760452,-0.058643817085757825,0.04220538454739672,Consumer
2017-02-06,27.960059414996667,29.485111885190907,26.2180892522193,27.730627601891708,1145399,0.03636264257188383,0.04517632322570176,Consumer
2017-02-07,26.440182979998838,28.297856423821646,24.66240816162188,26.51504786893705,1431345,-0.04482507602719164,0.043943786937131975,Consumer
2017-02-08,26.979529796765945,28.428220720101923,25.83763013098527,27.273863478687215,930594,0.028216445934689204,0.0441161902755368,Consumer
2017-02-09,28.219269547340456,30.52258650280504,26.275407949382373,28.55555982088166,1158701,0.045922795053147954,0.04214754760030149,Consumer
2017-02-10,29.44055515239106,30.35781963168233,28.246525878750866,29.15489003451761,1313968,0.02077099598480844,0.04286569818397641,Consumer
2017-02-13,26.755814760041336,30.168545100571098,23.444079157239056,26.845685616222383,1492611,-0.08251752955394241,0.04043129488119254,Consumer
2017-02-14,26.433747721646622,27.01040303421599,25.934708132366847,26.50992529751297,1231844,-0.012585920960704556,0.04928613483697845,Consumer
2017-02-15,25.616642556757576,27.22554009610382,23.826116157848215,25.422841699157434,1591094,-0.0418711529892201,0.04546492363019454,Consumer
2017-02-16,26.71369299367295,28.56917095338061,24.77822745187951,26.62773494285449,952239,0.04630529020322082,0.04490686409065477,Consumer
2017-02-17,25.551513850037164,27.131973744818346,23.97299171226396,25.55333886143964,1715075,-0.04118535199225674,0.0451101777771481,Consumer
2017-02-20,24.296926462000055,26.089921039328544,22.615243279844673,24.401032294450257,1579470,-0.046142549066456456,0.04452389801081704,Consumer
2017-02-21,24.011046009472658,24.577740052771208,23.473487892258927,24.039543925612453,880339,-0.014925300547135834,0.04478026597078965,Consumer
2017-02-22,23.614258482071698,24.572089217275504,22.449133238325096,23.398200321388344,691168,-0.027041027943096513,0.04168491892513502,Consumer
2017-02-23,23.566455531112545,24.063169385059105,23.16821285796094,23.663290328843797,881229,0.011265805970859607,0.03999735680603111,Consumer
2017-02-24,22.325596084325884,24.57979820285075,19.88913831245826,22.12287144509314,2138318,-0.0673129356400469,0.03740145182745088,Consumer
2017-02-27,22.724203627880634,23.524818062828164,21.850688600746174,22.64864082259039,569915,0.023487861901432244,0.04357464371297908,Consumer
2017-02-28,23.69491136713368,25.648082834753513,21.887389301409655,23.830237655806616,1459801,0.050855421732199986,0.04125229215783732,Consumer
2017-03-01,23.947614469791763,24.23105311704292,23.7072315058941,23.990242261055155,1175584,0.006691911190872926,0.043003980915194834,Consumer
2017-03-02,23.252235701923052,24.612935276281917,21.722166756916547,23.072338937071247,1319969,-0.03901272381724373,0.039827015340739916,Consumer
2017-03-03,24.917132093526522,27.71024292211768,22.075611967901782,24.862611225267717,1822920,0.07473066638400198,0.039965632907628355,Consumer
2017-03-06,25.62391656496266,26.691883726801407,24.497689599041365,25.56312297338145,1262708,0.02778568631721326,0.04706912284816232,Consumer
2017-03-07,24.65752872707344,26.030250037542917,23.260468893674652,24.63175536259734,1908450,-0.037114325220603865,0.04458933185386504,Consumer
2017-03-08,26.099086281138156,28.4105472671872,23.807037868382228,26.116931655434698,1601742,0.05854734754737099,0.043556719144425875,Consumer
2017-03-09,26.30953569801639,26.594357194307076,26.021320069461282,26.306104419452392,974046,0.007217193024863655,0.0461727085173267,Consumer
2017-03-10,26.382245419311253,27.231532021124657,25.831551647254333,26.674732966218382,1190159,0.01391576704470159,0.04258342859299298,Consumer
2017-03-13,27.097118435112613,28.01108227390182,26.295379063950357,27.206117868412743,1901042,0.019725083144470888,0.03974576705076889,Consumer
2017-03-14,27.72289436080506,28.601363016829886,26.883525914567173,27.760845520092808,1408562,0.02018472374766651,0.037711306454717694,Consumer
2017-03-15,28.755713123668627,30.106648300582872,27.298378741084477,28.644068904519155,1663809,0.031319809298516965,0.03603925038805258,Consumer
2017-03-16,28.580953404347305,29.12733270742503,28.293184086237186,28.83698551222121,1503729,0.006712379722232492,0.03586365322998368,Consumer
2017-03-17,28.07936071058515,29.430103900180224,26.58345745573191,27.92686491352587,1344730,-0.03206965674936431,0.0337004407186424,Consumer
2017-03-20,29.753684290785532,32.309542473052865,27.03251087542343,29.5728339083199,1287525,0.05726704088785994,0.034100516070990655,Consumer
2017-03-21,29.2454689046746,29.703751027523243,28.84997131952896,29.307415712168826,981625,-0.009015586572510465,0.03901542326893413,Consumer
2017-03-22,29.95172247109558,31.783129889336333,28.473158593001248,30.28796731699903,1937679,0.032909935414036,0.03646854428778635,Consumer
2017-03-23,29.92775942846282,30.301356226108094,29.919822744376365,30.293322596595903,957803,0.0001767964867851711,0.036420095487513356,Consumer
2017-03-24,29.455369113697543,30.445811052873076,29.001279833551955,29.983578797029427,1131975,-0.010277453512641626,0.034075553888459884,Consumer
2017-03-27,29.540484425971762,30.19296412019997,28.903447264514217,29.55560097215624,990946,-0.014376590270073921,0.032322725841889374,Consumer
2017-03-28,29.421835868248323,29.59152358536816,29.31402983271955,29.483491633833165,749985,-0.0024427670208736233,0.031093565843257544,Consumer
2017-03-29,30.141595313553513,30.868386062960127,29.238826984455976,29.96126962144378,1872801,0.016075033893551215,0.029569290422445615,Consumer
2017-03-30,27.682358504658612,30.9254590684473,24.560401101845365,27.791224042285965,1815323,-0.07518524604247764,0.02895229448716233,Consumer
2017-03-31,29.90383662482141,33.59236644519063,26.387240541009884,30.057678988657358,2079606,0.07839787979786304,0.04023072791073114,Consumer
2017-04-03,30.066641621094114,30.436756747267726,29.44503775473844,29.81201851478274,796296,-0.00820655065366404,0.04813255975015097,Consumer
2017-04-04,28.135891293719187,30.787525045592016,25.358076687815377,27.996581337895098,1809959,-0.06282921042478243,0.044311361607675244,Consumer
2017-04-05,28.441510538595047,28.77243589892144,27.88630634431505,28.214591433958034,1028345,0.007756863215295332,0.04757019935223273,Consumer
2017-04-06,27.793114100979377,28.68375483947507,26.733183495177837,27.618219676411993,1657592,-0.02136358272675681,0.04381055160768979,Consumer
2017-04-07,30.059092376154886,34.07485136584457,26.128165816243815,30.13411398317445,1956733,0.08718219678137228,0.04127895281828849,Consumer
2017-04-10,28.233026063170733,30.872114115639295,25.912333901844807,28.52723835599175,1723396,-0.05479852227277924,0.05102226839296228,Consumer
2017-04-11,29.843528323345,31.875415101539247,27.816875483886722,29.848429431315225,1418719,0.045272860445099955,0.051313245892876676,Consumer
2017-04-12,28.379574026790642,30.5174823615336,26.267583244168474,28.40369640599953,1888218,-0.04961293124950656,0.05013864923571919,Consumer
2017-04-13,26.646393361056113,29.180656197978443,24.161778934871517,26.69180720639683,1481195,-0.06216261972163374,0.04980284891270004,Consumer
2017-04-14,26.72325845324308,26.948092378493556,26.569777118560552,26.794203580297236,1046837,0.0038289076898080725,0.05161286372073778,Consumer
2017-04-17,27.68030055640254,28.852097352963007,26.394412201982146,27.56116563120563,1347826,0.028222159755160372,0.04725790136346429,Consumer
2017-04-18,28.24118106877669,29.72196723095552,26.944894995314932,28.417584156677655,1288281,0.03060037445093319,0.044789741439418974,Consumer
2017-04-19,28.575989405305968,28.728814186304817,28.366562960384883,28.519083407330594,1228247,0.0035653424239319048,0.04295758591970227,Consumer
2017-04-20,28.507624129260826,28.83355065548119,28.319681753256738,28.644704548615483,741528,0.004395137131314034,0.03972644082256634,Consumer
2017-04-21,30.74565877340325,34.32861165879506,27.298537945936825,30.86779701873493,1524438,0.07474487922282717,0.0369519913523419,Consumer
2017-04-24,30.163912979576363,31.491867886370894,28.655362574960566,29.975000689336703,1440885,-0.029349748880252408,0.04505973010824736,Consumer
2017-04-25,28.228704317481302,30.688730703829656,25.980845843374116,28.425223370540866,1526762,-0.05308682606248526,0.043052463179736385,Consumer
2017-04-26,26.708199031322568,29.42686248659855,23.856652800501827,26.560257041956685,1528279,-0.06786089550222926,0.044783293021866205,Consumer
2017-04-27,29.53644440342704,33.8200367816817,25.013485551074044,29.256474657942356,2169233,0.09668490266345083,0.0489407788848986,Consumer
2017-04-28,28.516019248638695,29.672398533205453,27.321371041026136,28.476132855848743,1107040,-0.027034612241023433,0.05846670360764812,Consumer
2017-05-01,30.949189584073192,34.533414357898074,27.19925722985859,30.761777856831394,1287633,0.07720664788520264,0.05426154147689718,Consumer
2017-05-02,33.30696893748673,37.149419751750756,29.38848405620322,33.22101931164124,1648073,0.07690984673459492,0.0578755723808385,Consumer
2017-05-03,30.09614824567391,34.61057048252499,25.382924261278152,29.862263836797826,2094982,-0.10658718312084453,0.060555215972189984,Consumer
2017-05-04,30.80990414002005,31.78406698454026,29.53409763188456,30.498411549023725,1418020,0.021078997629960957,0.06883074520878243,Consumer
2017-05-05,28.247232047653807,31.45343467998106,25.1632895398888,28.357458049637113,1248606,-0.07278453578654635,0.06290298728963233,Consumer
2017-05-08,27.085257941736995,28.942478892747104,25.24688469142143,27.10290769088262,1278138,-0.04524904911422251,0.06371865461085297,Consumer
2017-05-09,27.297946437885138,27.317232372552734,27.071006146189625,27.090145269822916,949539,-0.0004709984250154142,0.06045804349459993,Consumer
2017-05-10,28.14725566842547,30.329349753234013,26.201190544081282,28.368021184504343,1058244,0.0460924775347865,0.0549924839817534,Consumer
2017-05-11,29.079176994488147,30.730736517348486,27.663328361723764,29.303944101635718,1264473,0.03245962183484427,0.05327303359468976,Consumer
2017-05-12,28.565893604820662,29.796638016024566,27.247427130908495,28.474221922607757,1724765,-0.028722933911560684,0.050283764220212475,Consumer
2017-05-15,29.778251746667138,32.21055413710307,27.526711157907574,29.946306861734065,1607532,0.050406822802854495,0.047397432369236187,Consumer
2017-05-16,29.735559076485227,29.99975954900099,29.575178592011852,29.838822109294743,611615,-0.003595705825043733,0.04773196459311947,Consumer
2017-05-17,29.443699173161793,29.945856044903262,29.122188200365358,29.62239381295506,1025487,-0.007279677980351413,0.04387039685473664,Consumer
2017-05-18,29.87489428960735,31.136474813318195,28.973346825778474,30.224380747168244,1237167,0.020118285163662233,0.04059111273269447,Consumer
2017-05-19,30.38391701068814,30.6043253226174,30.1505882007633,30.37090210109141,1335610,0.004836074116705129,0.038455461978652836,Consumer
2017-05-22,31.789460780835423,33.429819280298474,29.81184462675192,31.43385354302995,1345592,0.034400468146179995,0.03586873550493007,Consumer
2017-05-23,31.71260793580807,31.898460786357777,31.371966215216567,31.556906572468037,546110,0.003907023371186401,0.03614916016561874,Consumer
2017-05-24,31.52467369439595,31.722826645125217,31.227420115092457,31.424946214147646,442214,-0.004190430912416583,0.03387770873726697,Consumer
2017-05-25,30.83351767899363,32.15093219293674,29.237473480696448,30.54245170560334,1515204,-0.028484467836996003,0.031949855650917056,Consumer
2017-05-26,30.889678171596625,31.12294472003166,30.46479384628999,30.69660236310739,1256799,0.005034401181719533,0.03222327353148774,Consumer
2017-05-29,31.337426328260545,33.02993608183683,29.941804057534615,31.62165557117603,1564291,0.02969021250834369,0.030569155450500058,Consumer
2017-05-30,31.38349693455902,31.662386241288054,31.26159483176338,31.539876716562958,1283353,-0.0025895160344906014,0.03130183572546603,Consumer
2017-05-31,30.545202527518065,31.98941978504931,29.156382572148555,30.598190584845174,1817359,-0.03031179673509179,0.02974642457205877,Consumer
2017-06-01,31.091619557527405,31.618615410108855,30.421380301711736,30.94590634867271,949176,0.01129984778494991,0.030752245008346522,Consumer
2017-06-02,31.149789929204363,31.883891413056936,30.588710822677793,31.319750919572797,1287318,0.012008194550733958,0.02959245583653298,Consumer
2017-06-05,30.66357090959316,31.525084900295,30.043908896109816,30.900632253965725,873195,-0.013472273343730353,0.02867403467259125,Consumer
2017-06-06,30.184983718640435,31.391867316055734,28.884848169228473,30.087847997493242,1426595,-0.02665527576371249,0.028017593292094172,Consumer
2017-06-07,30.668474565344415,31.691417072914852,29.70409585100905,30.725252946586224,1387828,0.020963518792576248,0.02888882112532275,Consumer
2017-06-08,29.922366698501577,31.01573892569964,29.039331399937474,30.126674329657355,1468427,-0.019673918342569305,0.028871639316701777,Consumer
2017-06-09,30.17125873623849,30.436847308570595,29.68675030316135,29.950394675181215,575622,-0.005868467397044301,0.02872136321467852,Consumer
2017-06-12,29.126968137111568,30.29822402224996,28.060875303494754,29.228417965396286,1648911,-0.024401048279342953,0.027660426612149652,Consumer
2017-06-13,28.074846894278636,29.960464929969156,26.071418667991335,27.94855439893829,875005,-0.04477597670235287,0.028308850804342398,Consumer
2017-06-14,28.393836205360984,28.732969413800625,27.83550251982774,28.171985970717056,1238744,0.007962601600967853,0.03227763994683411,Consumer
2017-06-15,26.705833060173056,28.95366855750611,24.39284521609598,26.63469282511686,1438511,-0.056113471347084255,0.030708098053580737,Consumer
2017-06-16,27.378374721700112,28.858831021781977,26.04194750332618,27.5157004876257,1204246,0.03254216102936833,0.036423866884882916,Consumer
2017-06-19,28.304741722157296,29.520452944761217,27.095321299692593,28.310774740214654,1676727,0.02848569648003426,0.036334657006050534,Consumer
2017-06-20,27.316373421299904,28.941862755250995,25.590513373616705,27.209652146642842,1667568,-0.03967069637151806,0.0357474625028234,Consumer
2017-06-21,28.588264957872102,30.872154221853343,26.37316486777042,28.652107435018323,1909358,0.051655229709716484,0.03685606439790864,Consumer
2017-06-22,29.49123951220973,31.078365726338422,28.03194974109741,29.613048581284882,1747090,0.03298809624483357,0.03983635274189603,Consumer
2017-06-23,28.337984526514433,30.10615292614486,26.815563063582232,28.5712021489424,1053361,-0.035815801967326366,0.0391507365690631,Consumer
2017-06-26,31.831361166550554,36.60606534153313,26.87671864605929,31.619668995363874,2045108,0.10138007084741676,0.038969730428943826,Consumer
2017-06-27,32.98568388041227,34.88304561892022,30.96585509331614,32.855742504610205,1470753,0.038347176013018826,0.053447167619226806,Consumer
2017-06-28,31.634527984471543,33.447241421357525,29.812159777429624,31.62428635091184,1278990,-0.03820115872074515,0.05104758238585054,Consumer
2017-06-29,31.078186149887856,31.66357701448405,30.961769007696056,31.545409679157423,1069448,-0.0024972959410678704,0.049026358350312875,Consumer
2017-06-30,31.957988853992173,32.36475400989291,31.40928912898086,31.81422443391657,860149,0.008485414142905965,0.04498669273826679,Consumer
2017-07-03,31.909148376092773,32.46917119607189,31.517580159701122,32.075560874252616,1158876,0.00818089766977349,0.041591373586337285,Consumer
2017-07-04,33.23847249964211,35.21287804772229,31.346295708422257,33.31627232198393,1025937,0.037951539264030505,0.03865117007855151,Consumer
2017-07-05,33.89296312568853,35.50890762152886,32.581976966199264,34.18656489079418,1248283,0.02578679148682702,0.038873876300534786,Consumer
2017-07-06,34.894755503226044,35.80266307638389,33.87968057086095,34.78472532904931,816269,0.017345635660997893,0.037532471263976054,Consumer
2017-07-07,37.51978929144892,41.44246813004475,33.39645146750394,37.29570207834465,1299642,0.06969973113166071,0.03566622745423972,Consumer
2017-07-10,36.78857176361475,37.389279463159454,36.508829008287805,37.107114487695874,1037820,-0.005069377833319831,0.042969427534328634,Consumer
2017-07-11,35.33778865524199,37.731758049384275,33.41689365309181,35.786473397734426,1362140,-0.03623873244004351,0.03976118900190082,Consumer
2017-07-12,36.13713714018166,36.56495646375981,35.64301127036092,36.07003620122881,592494,0.007892514597353167,0.03951896481444146,Consumer
2017-07-13,35.775221799186305,36.14010138377726,35.56510255158472,35.92907848695016,903916,-0.003915545211357511,0.03686112629864238,Consumer
2017-07-14,36.85593738199588,38.8464357440965,35.10536365234877,37.08498287135735,1204034,0.03166515997143445,0.034486139675946624,Consumer
2017-07-17,38.23159538560735,39.23121415989146,36.75038677979133,37.737075640573146,1306412,0.01743093662369847,0.034667526839992496,Consumer
2017-07-18,39.807025328478986,42.79195133701635,36.696734171993235,39.67149765048515,1128656,0.04998993659881889,0.033272294277644714,Consumer
2017-07-19,41.61113593599789,43.70562070468799,38.960323191872554,41.02532113826053,1593076,0.033556478277219276,0.03688475996087871,Consumer
2017-07-20,41.060318322343,41.511358758985345,40.769547548427916,41.21946100788816,1005859,0.004721034578647557,0.03684147118469533,Consumer
2017-07-21,42.833325069953865,44.987914834255626,40.48105293988737,42.62517226063529,821456,0.03353447750916624,0.03448446642136292,Consumer
2017-07-24,42.593746757284954,42.67758940103136,42.5623320198156,42.646136024203145,1234719,0.0004916956104435286,0.034928883703387974,Consumer
2017-07-25,41.99141205321373,43.06945281095455,40.846176913533846,41.92244714295769,916703,-0.017115257700386754,0.0328033199249381,Consumer
2017-07-26,41.43257279968292,42.089542486730515,40.92902303700626,41.58415052783287,831894,-0.008102317068444578,0.03169836029514571,Consumer
2017-07-27,43.22348034045078,45.51322039669769,40.79690382531344,43.07898956219201,1452425,0.03531629935414307,0.030227073421063066,Consumer
2017-07-28,43.14080256187313,43.32413021681246,42.77457186658286,42.95711895456519,885247,-0.0028330125859604926,0.031906534191174486,Consumer
2017-07-31,43.13470928036951,44.47067887134706,42.23293808644657,43.56001624008185,1377919,0.013937286375133268,0.030259303252403235,Consumer
2017-08-01,42.240442260869926,44.05689066353279,40.72332915882202,42.52939934216477,1409500,-0.023944084876107854,0.02935366313396153,Consumer
2017-08-02,43.12780561364416,43.77665797947812,42.311812656620496,42.95811200361268,861027,0.010029915450937184,0.029585603113487687,Consumer
2017-08-03,44.02955672749134,45.71136275117638,42.37014625685963,44.05113888034083,1675423,0.02512570485173814,0.028554092699015883,Consumer
2017-08-04,42.46719252853557,44.661602264638894,40.5932738243752,42.77413915163135,1084118,-0.029417511771409537,0.02910264806741291,Consumer
2017-08-07,43.03619006463822,44.090287324825674,42.24937821260195,43.29867654716104,1059349,0.012188375269813968,0.03012274554969561,Consumer
2017-08-08,42.35638708088329,43.728728000684,41.04045194868107,42.411093248360864,682660,-0.020712108576672335,0.029123655562429615,Consumer
2017-08-09,41.67020753715621,43.309561348356034,39.68790983301195,41.313219317758616,1146433,-0.026227432148624948,0.029032715458754618,Consumer
2017-08-10,39.42652576818483,42.01866613396743,37.250027244610315,39.820422944679244,1581879,-0.03680260909235952,0.02962263632922999,Consumer
2017-08-11,41.87355340724916,44.54457120589857,38.89991400830396,41.55031304676102,1863147,0.042525135498165535,0.03170434153039307,Consumer
2017-08-14,41.85558128656543,43.2839329433667,40.8214963232338,42.24034207115521,995462,0.016470682149520015,0.03428396549221292,Consumer
2017-08-15,42.07231009980865,42.30414172162484,41.88050873939115,42.11215869741911,896470,-0.0030392334841684945,0.03287863649039562,Consumer
2017-08-16,42.095672142314626,42.7394207573314,41.04753748861919,41.68500598608822,1038355,-0.010195008691003097,0.03108358619914622,Consumer
2017-08-17,40.924876226997725,42.30882174447621,39.377526705067794,40.75575302890464,1496120,-0.02254448711996372,0.029808424901883814,Consumer
2017-08-18,40.20929099336393,40.90587506126097,39.758246788123195,40.45210708771715,679476,-0.0074782750304347775,0.029783751292111093,Consumer
2017-08-21,38.83313155775485,41.1972517522976,36.50540167354943,38.86746392251232,1450456,-0.03996123569111751,0.028601506296677577,Consumer
2017-08-22,38.49877369055737,38.94715309738225,38.260004210352726,38.70709162886011,889827,-0.004134668152009366,0.031527321225331945,Consumer
2017-08-23,37.69440774300333,39.261758779395336,36.083397229461184,37.648854125200785,1035575,-0.027720310610847922,0.029962341514396022,Consumer
2017-08-24,37.814049758367126,37.99031079832366,37.58999289909011,37.76603010706538,1038183,0.003107505298213103,0.030552510048677223,Consumer
2017-08-25,38.17610668590967,39.291026945934895,37.26290909101014,38.37311674087207,709003,0.01594710538737017,0.029124099721646018,Consumer
2017-08-28,39.19522519289337,40.00739783996856,38.10068882360115,38.90688674807092,995832,0.013814142633925617,0.02857826224969757,Consumer
2017-08-29,40.737812941678364,43.15114982301122,38.07649281287166,40.474213900367204,1718732,0.03949380533818164,0.027964231422954528,Consumer
2017-08-30,41.635148643722,42.947999191813324,40.030692659195054,41.33404884870238,1194479,0.02102151012398331,0.03097680891045386,Consumer
2017-08-31,38.68539907253079,42.311383876346554,35.629019797375086,39.21329745305955,1650239,-0.052670677627414196,0.030560362160873173,Consumer
2017-09-01,39.80277917680574,40.675508699938824,38.91824535539319,39.79071025108038,1102453,0.0146175642535978,0.035542631171350154,Consumer
2017-09-04,37.05717860905865,41.27821416981152,32.680019736596456,36.880985886346394,1371225,-0.07593734366168638,0.033803459618392824,Consumer
2017-09-05,36.09176263409012,37.05126771450964,35.582313178816044,36.53555396961277,944720,-0.009410262768987588,0.04334871543767832,Consumer
2017-09-06,35.10314188795885,37.13161629573841,33.25841330977382,35.277713679139296,1762180,-0.03503444381271199,0.04020661464093511,Consumer
2017-09-07,34.15667861941684,36.00555741909624,32.18549027482818,34.0273696648962,1542543,-0.036086233096219625,0.039716109158597565,Consumer
2017-09-08,33.55523532568734,34.296316787449,32.78950922413076,33.53003410638226,947502,-0.014723613261710441,0.03946172695434545,Consumer
2017-09-11,32.59973032103611,34.240895158221605,30.791089435739057,32.423376090200776,636752,-0.0335619307485799,0.03712546341121568,Consumer
2017-09-12,35.53192747342282,40.360933485717574,30.673830782960238,35.49826136552098,2343683,0.09060407274381148,0.037035125301987055,Consumer
2017-09-13,38.987731787836594,43.97620434452854,33.71272280848715,38.65915388800449,2141198,0.08529986789756,0.04928128554098389,Consumer
2017-09-14,37.89034953481319,39.03012119988486,36.754723037139165,37.89437408096282,1007390,-0.019980927626098603,0.0559850533906932,Consumer
2017-09-15,39.159180401493174,41.039850144275114,37.24815191274443,39.12729008213571,1458124,0.032017519663753886,0.05164636078996199,Consumer
2017-09-18,36.49042579867198,40.15448988921265,33.24458020853113,36.874482244410075,1040411,-0.059300405866260134,0.04886353958822845,Consumer
2017-09-19,39.97326763136527,45.2368862519,34.892362994858395,40.1353763688228,1913590,0.08473837537898465,0.05037456819921906,Consumer
2017-09-20,44.182621246312735,50.53177288101239,37.82319036547799,44.170616953728775,2348249,0.09580164410955319,0.05663185089935411,Consumer
2017-09-21,44.063217390548054,44.28751466991571,43.79689276924227,44.020975020082034,950679,-0.0033935678879979257,0.06358007927915287,Consumer
2017-09-22,45.50989469839337,47.503103528649675,43.34013366552379,45.32525581817059,1427179,0.029198175377989865,0.05775524764353676,Consumer
2017-09-25,48.553169691159354,54.045121263639224,43.26615227804033,48.73797965468512,1733536,0.0725941951438541,0.05381835115556389,Consumer
2017-09-26,46.42354748616753,49.74625573564561,43.26292459541786,46.57530110613419,1286550,-0.0453882144141242,0.056635850061338915,Consumer
2017-09-27,47.814513500276554,49.35598268778349,46.05300891730313,47.58714818331235,1065456,0.02149234719283871,0.054544560781912506,Consumer
2017-09-28,42.44538331736924,49.255742093101,36.078575819763856,42.83108008095739,2186613,-0.10529871946331962,0.050491340216833484,Consumer
2017-09-29,41.85381905394085,43.81523015250304,39.568159488142776,41.51362809100404,1281767,-0.03124224810539333,0.06166582033514072,Consumer
2017-10-02,40.66805833487978,42.617691902587275,38.280255874150484,40.207825817438916,933355,-0.0319601123098182,0.05734588414251302,Consumer
2017-10-03,42.44053284084872,46.83289191200022,38.45067289918985,42.8084443854196,1578230,0.06267373309725364,0.053703423161821355,Consumer
2017-10-04,47.59534019697619,54.87087512565155,40.45603916742976,47.71380445708831,2234583,0.10848537579015839,0.05473979951086767,Consumer
2017-10-05,50.274107423198316,54.9767721656098,45.89175495564299,50.56873707442847,1793909,0.058112783328211466,0.06528796240075022,Consumer
2017-10-06,55.59617270094622,64.33518209108068,47.25674679580428,55.943636600939726,1705779,0.10101115364572566,0.0633764843256248,Consumer
2017-10-09,56.603551355012016,57.5158403966023,55.63658622627863,56.54797960860271,1000313,0.010744779785617978,0.06959706162265038,Consumer
2017-10-10,55.96189855385572,57.44397739561896,54.086950300031724,55.55834145144892,894800,-0.017655808446609897,0.06318479511007224,Consumer
2017-10-11,58.12129612684647,63.531850504028625,53.33233644616669,58.69557275253411,1189189,0.05493063644265758,0.057798043239083406,Consumer
2017-10-12,58.62352455059431,59.46770447904522,58.16275036864247,59.0039402731278,524699,0.005239923568614249,0.0567899398204724,Consumer
2017-10-13,59.487578947993356,59.98863592832497,58.836412591719345,59.33619447821391,986937,0.0056152560382355865,0.05180923017861817,Consumer
2017-10-16,56.020851685576545,61.119071506161724,50.761209243407784,55.8432679195527,1277634,-0.060670502347941475,0.047456155874839596,Consumer
2017-10-17,54.82717830997698,56.18360226969602,53.799242787399336,55.14962137526028,1095921,-0.012499099342859928,0.04953590478235352,Consumer
2017-10-18,55.921791593511166,56.99645754521146,54.787225768109,55.86071805110697,1397216,0.012811534598318035,0.04567799046305034,Consumer
2017-10-19,53.25888658641985,57.16202676354317,49.29849187664654,53.19710426353333,1486360,-0.048857451182222816,0.042353315844318486,Consumer
2017-10-20,53.713253263813016,54.42858733012467,52.956735741648515,53.671513938420645,1584404,0.008878430341928048,0.0435097721300672,Consumer
2017-10-23,56.23057566109236,59.41952900070656,52.57847023606494,55.73957807765541,840329,0.0378080584820894,0.040327462050676686,Consumer
2017-10-24,55.560882756374134,55.940061473537725,55.107883816382156,55.486555281044566,1434940,-0.0045497083361834886,0.04019279474342109,Consumer
2017-10-25,55.58693737848769,56.30204629586013,54.30499010004235,55.012711781048154,1248823,-0.008576462398030789,0.037356038016913326,Consumer
2017-10-26,53.01551946562319,56.50026345016887,49.193099919888034,52.65408669754256,1915649,-0.043820426165402215,0.035034443297226575,Consumer
2017-10-27,56.65565745282951,62.19092517016646,50.707249633923645,56.197782929657315,2145271,0.0651334508172818,0.037013027924163236,Consumer
2017-10-30,57.478999762072604,59.06409515660147,55.66199554707266,57.24051423869555,1361832,0.018384632081167817,0.04280568129579297,Consumer
2017-10-31,55.08788577687446,58.387853473676955,51.704932940592535,54.99961275771674,1542862,-0.03993579411353153,0.04020647069156389,Consumer
2017-11-01,54.809544799319504,55.41071509338846,54.56432175954842,55.163906605687565,1006388,0.0029827291416600977,0.04040394010612116,Consumer
2017-11-02,56.12714555726559,59.816044055696544,53.36093997551129,57.00649982455326,1214105,0.032856419762542964,0.03751422665935014,Consumer
2017-11-03,58.471167503466205,61.782424662648616,55.607897843985704,58.89824164559844,1099629,0.03264594365317765,0.03725299195260887,Consumer
2017-11-06,58.65061851913358,58.99883078293496,58.34804268457239,58.696020720511896,1363889,-0.0034393025706112228,0.03701475345166952,Consumer
2017-11-07,55.2369091793795,60.243103695181574,50.30112901395765,55.30154765771957,1763128,-0.059571039711787864,0.03460993930644976,Consumer
2017-11-08,56.039211009500924,57.45346747340551,54.74684473690483,56.15835355667201,1572791,0.015374547563098081,0.03988213428201179,Consumer
2017-11-09,53.78719314565272,57.28002634357978,50.28671797325083,53.77902045277981,1609530,-0.04329200557052876,0.03752231622416493,Consumer
2017-11-10,55.97033259434218,59.18033645021762,52.67051479723852,55.875054261504815,1470378,0.03823458734994099,0.038826138538474164,Consumer
2017-11-13,53.462345667601795,56.83491307344269,50.49172102786343,53.843130215764596,1585121,-0.037043201186968855,0.03905454874300907,Consumer
2017-11-14,53.62497422732617,54.004658202518165,53.528542648240226,53.907718176651535,812531,0.001198839166208312,0.03906451119805283,Consumer
2017-11-15,51.938450573928066,54.509308984959475,50.115447090140655,52.66094640027666,1004488,-0.02339953622852863,0.0363461746325002,Consumer
2017-11-16,50.9336238214987,53.44182515323896,48.51784003687685,51.02185648968852,916006,-0.0316200262664493,0.03519895272148725,Consumer
2017-11-17,50.08338914629719,51.26820134925773,49.34345567247687,50.52179091473293,738345,-0.009849353068059136,0.03522991523287045,Consumer
2017-11-20,50.880411493777615,51.13394380514297,50.437317198684376,50.68990021021815,1094982,0.003321937381165022,0.0332786569024515,Consumer
2017-11-21,51.3873506688288,52.132561978679895,50.440103173050126,51.182341471637116,1637516,0.009667895570302103,0.031426588971435056,Consumer
2017-11-22,49.89019270920461,51.63091315545052,48.5294907402225,50.260121764742024,729266,-0.018182624614731354,0.030068665188487484,Consumer
2017-11-23,49.98008646218927,50.35442058438115,49.69662745022956,50.070449086310184,1048387,-0.003780959338330997,0.02954472671486271,Consumer
2017-11-24,53.00030671835613,56.864443036757585,48.73190423774989,52.56424850669042,1451503,0.048605206996700366,0.02829234966121504,Consumer
2017-11-27,50.86101206987305,53.2792968214261,48.660555572070336,51.06980699662908,776442,-0.028842741007980933,0.03308678832344985,Consumer
2017-11-28,46.736971534212024,52.79239102886438,41.16053908925934,47.16490017972677,1552397,-0.07954348576580562,0.03317490023461475,Consumer
2017-11-29,46.08563100499523,48.008277300587324,43.95749260371993,45.871192750441764,1045079,-0.02781266457917144,0.04392646268057049,Consumer
2017-11-30,44.82449473022856,46.17017240808018,43.924094363647924,45.26100377962711,1060255,-0.013391493081325229,0.041948288946643174,Consumer
2017-12-01,45.24378704008419,45.67670109882566,44.54287850762325,44.973203494391356,966571,-0.006378983532890802,0.03917431517567257,Consumer
2017-12-04,44.85998370934244,45.24534311767231,44.697425514149,45.08198047738178,963686,0.0024157862122982515,0.036521299131099895,Consumer
2017-12-05,44.308242094057526,45.341594877062306,43.524404058280616,44.55341951311598,1071238,-0.011793712993818475,0.034174839218819336,Consumer
2017-12-06,44.52143067172075,45.19101487958757,43.44556075388158,44.10894128921881,1326191,-0.010026395494849938,0.03248383380133579,Consumer
2017-12-07,46.09818130281003,48.713949361228345,43.210110968556975,45.80949816073036,1119164,0.037828940817076696,0.030971581453634506,Consumer
2017-12-08,44.65143468556088,46.20384374151194,43.456078937649224,44.99917860203676,1207670,-0.01784721672557598,0.032894458510402284,Consumer
2017-12-11,47.88668851295414,52.12293411097838,43.510229340867,47.732867307530775,1631945,0.05897596638473292,0.03183417648191191,Consumer
2017-12-12,48.67136865119078,50.534818224911426,46.988506866574745,48.8459211124506,1741295,0.02305067409242127,0.037847807406469175,Consumer
2017-12-13,48.23714429561364,49.36129978634071,46.97209703558121,48.0928907303348,1217561,-0.015536512469006083,0.03640968630459482,Consumer
2017-12-14,49.56851341818465,51.398014863740265,47.471672281238185,49.29092847177817,1019578,0.024605693135896355,0.03459392559965025,Consumer
2017-12-15,49.777844052289176,50.238464056016795,49.13700774957589,49.595944543554545,1429057,0.006169009693599975,0.03388521463588499,Consumer
2017-12-18,49.694059658459366,50.35303561067169,49.241114355362065,49.89822936662921,781945,0.006076451339929933,0.0320042921937973,Consumer
2017-12-19,50.88609154946671,52.930838102448675,49.065620964790284,51.10262108570348,1835525,0.02385027066327462,0.030413126511323108,Consumer
2017-12-20,50.54538892298267,51.56884037228778,49.39657259054291,50.41743317047009,1287296,-0.0134987776480075,0.030418611456832053,Consumer
2017-12-21,52.292957885405215,54.33380048215607,49.72689866196716,51.7464111225017,956623,0.02601806794231781,0.029454474839452214,Consumer
2017-12-22,50.755513292301536,51.93342526687628,50.19705644300974,51.368226804012416,1574892,-0.007335253690577863,0.029926474055123813,Consumer
2017-12-25,51.394096684109876,51.925738469845165,51.06057783355443,51.590942202325365,1109317,0.004326292603933176,0.02871490852333278,Consumer
2017-12-26,52.55628908711364,53.92925079946814,51.12588647514329,52.4973073702055,1433479,0.01741576173156327,0.027612393926585262,Consumer
2017-12-27,53.6969888145294,55.50046862500108,51.882912355318155,53.68602389541408,1083454,0.022390824889653164,0.02748548257151629,Consumer
2017-12-28,53.64203963761279,54.25096201976682,52.676449077086396,53.28127622124477,1159259,-0.007567725938681708,0.02792066900411176,Consumer
2017-12-29,52.01309349419045,53.773912103905204,50.51334627239692,52.26684811321124,1404619,-0.019222688250745152,0.027059962629171964,Consumer
2018-01-01,51.02660524636269,52.811717145892224,49.35904008992759,51.140432093090254,1269242,-0.02178687174901395,0.02722535626087466,Consumer
2018-01-02,49.51573998874624,51.863002905907436,47.28524943497669,49.62747894872365,1138272,-0.030030727660557893,0.027643736829821595,Consumer
2018-01-03,50.32251483601208,51.18026322010819,49.339060955745936,50.194629531992014,1221686,0.011363348153953073,0.02909669464572458,Consumer
2018-01-04,49.40578868684687,50.80597415427855,47.85925441299262,49.255171306379054,1082178,-0.018893676289723882,0.028225218575511905,Consumer
2018-01-05,46.784304401206604,50.653352975488104,42.75819302081253,46.613081511124975,2238672,-0.05513314239040269,0.028122518049944763,Consumer
2018-01-08,44.59201648362772,47.36024601121486,42.292770293070106,45.03800389157357,1001376,-0.03437455658162182,0.03447680851893977,Consumer
2018-01-09,48.67303611825863,53.89770060680515,43.185993378128146,48.37910689520673,1978391,0.0715613805263404,0.03504513920002,Consumer
2018-01-10,47.66638541266896,48.38694752495914,47.64319500766111,48.36341800323542,987169,-0.0003243432425468036,0.043019578132106044,Consumer
2018-01-11,50.77923686797093,54.26908026348841,47.151196290455964,50.63084106663285,1828379,0.045817196302644754,0.03975629587766382,Consumer
2018-01-12,50.13483713448504,52.15736410883084,47.29896215511622,49.28729791573284,1426238,-0.026894498781628057,0.0409796628961872,Consumer
2018-01-15,46.819282025702776,50.4943232382892,43.10292056467224,46.77444210434091,1727605,-0.05232945421317228,0.039394965751671396,Consumer
2018-01-16,47.867895007340856,48.80192257464597,46.4622361725514,47.38687783945109,894721,0.013008406673712739,0.04186079822456285,Consumer
2018-01-17,47.11942352015461,47.758773059470904,46.32296987605394,46.96015839391704,814085,-0.009045803075849323,0.039079968513630554,Consumer
2018-01-18,46.7067860098408,47.252563275461654,46.05127446085499,46.59575430081836,562873,-0.007790120911707374,0.03652491114587606,Consumer
2018-01-19,46.74947413052583,47.354721794734495,45.59724007769051,46.19531323146909,558572,-0.008631079820902247,0.03429807873546514,Consumer
2018-01-22,48.33184550454986,50.47285080234788,45.47220263933896,47.57989815467489,1775118,0.029532016629994245,0.032438571096559586,Consumer
2018-01-23,46.20195769832365,48.237777248366676,44.168126836456025,46.203862534746925,958329,-0.029346965124256677,0.032751026194065724,Consumer
2018-01-24,47.938016435129285,50.76217751120913,45.186124270974446,48.00636195760787,1653357,0.038270143667413506,0.032974087215754046,Consumer
2018-01-25,49.547327282574706,52.45061779379685,46.87342414566829,49.76496924961407,1361815,0.035977764877296786,0.034489461094925705,Consumer
2018-01-26,48.14371172936075,50.583531117908805,45.67353438385968,48.11173316794328,930263,-0.0337852276155117,0.03529558437155592,Consumer
2018-01-29,48.525875892871746,49.43591426467376,47.73149848862693,48.63967396530902,525404,0.010913454449175755,0.03560672494990923,Consumer
2018-01-30,50.061662965380286,52.54477303460004,47.70988143230531,50.18709881446688,1449452,0.031318463321275476,0.033647237814253425,Consumer
2018-01-31,50.25614037294065,50.31784706596702,50.16652453054894,50.228196913370255,1221289,0.0008185625685864686,0.033953441824711265,Consumer
2018-02-01,47.06775198559617,51.57656699759121,42.77274685347193,47.26368286942244,1533396,-0.060834363953174084,0.03197451291414845,Consumer
2018-02-02,46.272529168966884,47.758874762635,44.77630322052396,46.26232090900769,1613396,-0.021414370042905886,0.03837992387324034,Consumer
2018-02-05,45.370192028833564,46.611484671066,44.31017798348463,45.547331986777785,1340201,-0.015575777809878323,0.03670423860895026,Consumer
2018-02-06,45.98161064792686,46.70821905115723,45.284106422230046,46.01027993532014,968463,0.01011279967314874,0.03484467869915877,Consumer
2018-02-07,43.73951747652082,47.11685964809419,40.32732830786786,43.70175462488432,1243267,-0.05147659548197374,0.03296455087669894,Consumer
2018-02-08,41.44563464059355,45.06573212828789,37.6284229667256,41.229655618019294,1121232,-0.05823045891462307,0.036970329643704725,Consumer
2018-02-09,42.50071967609328,43.84069996475083,40.7779136161934,42.10543108238738,1292746,0.021018942720183204,0.04125605617339707,Consumer
2018-02-12,43.306836187690436,45.19337609021053,41.44448370369608,43.33002634458058,1436833,0.028669107050027596,0.03908860613717439,Consumer
2018-02-13,43.06409067657488,43.40784084553046,43.01771516961477,43.36114544175809,1434953,0.0007179300469216982,0.038021348722193024,Consumer
2018-02-14,43.8740728961212,45.42572095178443,42.63936636827855,44.18233917760743,1104183,0.01876136932117837,0.03544821124480794,Consumer
2018-02-15,46.07224826950257,47.74985130234277,43.61966952040037,45.267987453538844,710154,0.024274960825686226,0.03403026434199521,Consumer
2018-02-16,45.683836465693524,46.172816880944744,45.10416307703536,45.59216225035614,819411,0.00713571732850451,0.03338919243426152,Consumer
2018-02-19,44.91935122812097,45.908450525234734,43.95724054008155,44.9457738999265,814376,-0.014279082574061637,0.03161500128734088,Consumer
2018-02-20,45.90485783245267,47.22718690314955,44.49744410193866,45.817249540121374,1185904,0.019203909028876198,0.030499024164592266,Consumer
2018-02-21,45.589580892355194,46.37131554520827,44.519764147320224,45.29647281090523,1414907,-0.011431481163775615,0.029991180341765632,Consumer
2018-02-22,45.83601141547907,47.48974121401515,44.52456377946591,46.168772701544995,894114,0.019074487439225997,0.02896857837163417,Consumer
2018-02-23,46.29620076692786,46.583236842571395,45.69327054411309,45.97833585986714,1499569,-0.004133328018118007,0.028738793241178156,Consumer
2018-02-26,44.50945007493472,46.47189106636141,43.00957356081382,44.956935227085964,683066,-0.02246528938005684,0.027627834689731907,Consumer
2018-02-27,45.32535846511931,45.490540544800794,44.90205633999725,45.066294295688834,992254,0.0024295756323486424,0.028041775688318622,Consumer
2018-02-28,46.13109912412028,47.54981706197187,44.58513167015972,45.99981199770523,1067790,0.020502697237343603,0.027017741812856554,Consumer
2018-03-01,45.49234965436507,46.02721711760947,45.410846725120656,45.944903404649345,1144130,-0.0011943829363786108,0.02733168101734448,Consumer
2018-03-02,47.4107526772727,49.435872035435324,45.252852808618776,47.272047464127326,778215,0.028476231569207013,0.026416483724691707,Consumer
2018-03-05,45.96795780250669,48.04425308618539,43.797938269507,45.869799927169645,1351114,-0.03011221124359626,0.027926669234962245,Consumer
2018-03-06,47.07578858021738,48.79494572287798,45.283850327093646,47.00024883971632,901243,0.02434594929452482,0.029324577977253727,Consumer
2018-03-07,49.508392564997656,52.884277588123986,45.832218568965935,49.18612904311894,1584137,0.04545875757252349,0.029611711971666944,Consumer
2018-03-08,48.956123868555856,49.37819216759047,48.841567937884705,49.262918346608956,1010673,0.0015599809464590252,0.033338530032381304,Consumer
2018-03-09,49.355621328184206,49.55356347606091,49.18123505834191,49.37909427019856,1107659,0.002355507034450195,0.03145681323432158,Consumer
2018-03-12,49.020903346243685,49.51254926959287,48.941479852204985,49.432458974582275,1224529,0.0010801309729405535,0.029874021173849248,Consumer
2018-03-13,48.60166006193189,50.24334590157142,46.69916500216891,48.331733145075965,1232651,-0.022518926823316743,0.02853315116341482,Consumer
2018-03-14,47.13198033407044,48.9311383459194,45.31868418764443,47.11728108865154,1017427,-0.025448510036378272,0.028764177061798738,Consumer
2018-03-15,45.37886290508816,47.89777775754374,42.95462876165697,45.4687420798666,1073052,-0.035614733207419834,0.029309491723582545,Consumer
2018-03-16,46.81475723290431,49.14525758412849,44.60023173843994,46.925493806280706,1663618,0.03153600310897789,0.03126497125044508,Consumer
2018-03-19,47.94052049309538,49.549023395073924,46.360411353596,47.96800826459803,1066742,0.02197318848783258,0.032111939612025076,Consumer
2018-03-20,51.21005632634945,56.643702455881204,45.95019328368729,51.36765247252072,1515530,0.06847435080774383,0.031581077948121865,Consumer
2018-03-21,48.238384966833664,52.59030210569418,44.39876716667321,48.712913393529206,1195569,-0.05306448799782425,0.04001502336964924,Consumer
2018-03-22,48.426276427816916,48.832530547208044,48.35498444783161,48.76074616904852,1262140,0.0009814503646117362,0.042465723344711145,Consumer
2018-03-23,47.45841024556757,49.098419607986514,46.44376174804444,48.070680922255136,319001,-0.014253160360449813,0.03927867887384154,Consumer
2018-03-26,46.1670419573157,48.9059551629903,43.56984504788646,46.30121040425227,1469244,-0.037504343637329185,0.03694217885153226,Consumer
2018-03-27,46.06137452939038,46.44613325182272,45.6594712909843,46.044085595929786,1314339,-0.005568783336919869,0.03745351827784553,Consumer
2018-03-28,45.72167004312004,46.290550911498535,45.095576894977036,45.66373694473083,964262,-0.008294839446911199,0.03502662597637918,Consumer
2018-03-29,44.83768785867248,45.95278911352325,43.96367342079891,45.07416506042573,946850,-0.012995235029787892,0.03304258276903962,Consumer
2018-03-30,45.021267953925786,45.36300609251935,44.5062354325226,44.84664810283002,838786,-0.005060395588196101,0.03160350045265525,Consumer
2018-04-02,47.72652281910782,53.18896511276752,42.69225409452036,48.113841413407926,1139334,0.07032104899922216,0.030047730916246237,Consumer
2018-04-03,48.57470074515486,49.56710085000473,47.702786113399405,48.69306164316756,1222937,0.011966649557347605,0.039548077025624934,Consumer
2018-04-04,50.60457430583517,53.519293960881186,47.684761991656835,50.59917039237468,1586028,0.03839863220573079,0.03705024186674178,Consumer
2018-04-05,51.47729424674192,53.3592606424669,49.82119679815044,51.696123157937016,1200170,0.02144761067735286,0.03767418985456621,Consumer
2018-04-06,49.5718776958137,52.53976295807761,46.96599688339095,49.91580278623386,1683568,-0.03504514970380488,0.036117525739222715,Consumer
2018-04-09,47.24136272757358,51.05193453300812,43.66503864022961,47.45912512708475,1525070,-0.0504688247876835,0.03643905748071767,Consumer
2018-04-10,52.37912350042034,60.335839314204854,44.52225497535729,52.46594722974336,1503315,0.10029551801727092,0.0392977005610242,Consumer
2018-04-11,48.46020120064295,54.15464283941549,42.993887678672806,48.66520488939667,1760099,-0.07520003888465929,0.05333222342693059,Consumer
2018-04-12,47.40586653573919,49.971528511047005,44.4001423004744,46.9406248409824,1132050,-0.03608079425322553,0.05677779250522317,Consumer
2018-04-13,51.42704065529187,58.782736995826006,44.207162469201776,51.54613857020895,2057244,0.09359379934619624,0.053612011102965346,Consumer
2018-04-16,49.890546313821176,52.544577610997045,47.10354515481025,49.75010540602163,1594082,-0.035464718846485735,0.06093741116105927,Consumer
2018-04-17,47.50606591000703,51.44608310915139,43.16983112395657,47.07401527986641,1984378,-0.05529142610416841,0.05709077338448512,Consumer
2018-04-18,45.19151411510455,47.89404087940799,42.642223335184866,45.3365675168318,1071298,-0.037607219405934575,0.056267720716284705,Consumer
2018-04-19,46.425558280016695,48.00145409674501,44.80006467497752,46.37421775959091,1632477,0.02262971626136421,0.05333845290596239,Consumer
2018-04-20,47.70641198794718,50.4145163521035,45.279475447779035,47.973968583362144,1567768,0.03391488955099366,0.04952583220332327,Consumer
2018-04-23,47.38242755282297,48.326994554267735,46.39688019838399,47.340613640989346,1358752,-0.013289976196227881,0.04727345348431613,Consumer
2018-04-24,47.91882707685213,48.62338171486948,47.10402133489573,47.80693075161421,749577,0.009802057367937144,0.04375290897256417,Consumer
2018-04-25,46.32865243208077,48.449409850104466,44.34999150509966,46.46492867034719,1267848,-0.02847281790869978,0.04056927019488813,Consumer
2018-04-26,48.260282093879965,51.30881862543662,45.337806396577015,48.37914500171495,1328882,0.04037102658756261,0.03922113908679817,Consumer
2018-04-27,47.40705983185167,48.914004245565884,45.85910419148474,47.36470216764992,1120221,-0.021191561187429306,0.0396876702411823,Consumer
2018-04-30,46.53737058103784,47.905914341692615,45.07933090333333,46.44516307974949,1247970,-0.019604943203966316,0.03778162615839008,Consumer
2018-05-01,46.83532644667523,48.52499288045577,45.59461758491455,47.27269767147269,1528756,0.017660584518729327,0.036050160746416766,Consumer
2018-05-02,45.28036576931779,47.92426654295967,43.29379519396453,45.91006919652293,1248136,-0.029248447115377524,0.03444525669385363,Consumer
2018-05-03,45.745134516082445,46.130590025497,45.26821706390926,45.6528953520006,964202,-0.005617435435004708,0.034314739045540325,Consumer
2018-05-04,47.14403079885676,49.07965580961726,44.99333919778489,46.91975600347978,1124703,0.027371793458772803,0.03235327479160017,Consumer
2018-05-07,47.26715541381979,48.1379877271313,46.536850856899626,47.405544972462145,1127613,0.01030038089559113,0.0324001508231843,Consumer
2018-05-08,46.9161292944995,48.38473135852808,44.97323874237458,46.42651453685651,1564848,-0.020868474390544126,0.030914891163987802,Consumer
2018-05-09,46.882939288584225,47.675895291340375,46.13238104712317,46.92466899082824,1086070,0.01067279843300855,0.0304943991587519,Consumer
2018-05-10,45.537195559280605,47.44723142116734,43.94239720398014,45.84176642065886,728497,-0.023347922296830186,0.029343022986757436,Consumer
2018-05-11,46.801171600663174,47.67749029640624,45.54845285621151,46.417589244796304,758993,0.01248285980559584,0.02950557946792307,Consumer
2018-05-14,47.28419118735576,48.325030984281085,46.06691907222859,47.103787751734295,1021919,0.01467495119459226,0.028632789667254965,Consumer
2018-05-15,45.810019046948035,47.71807158631732,43.91491873867698,45.82245674674483,1071678,-0.02757912421340083,0.02807440906213272,Consumer
2018-05-16,44.80702078093797,46.75847021261707,42.572573545061644,44.511136533116726,1391868,-0.02903487589917,0.02906250452399271,Consumer
2018-05-17,44.44629881742145,44.52105202846969,44.41656915437778,44.49129226977771,1241194,-0.00044592634009558177,0.030035927455926977,Consumer
2018-05-18,46.64475157083054,49.45513481030057,43.52425835187085,46.31475929528127,1321853,0.04016719487654012,0.028666275971170115,Consumer
2018-05-21,44.74923182890087,46.867366028932466,43.064063741616344,45.16648500732783,801617,-0.02510535590462243,0.03161352296220275,Consumer
2018-05-22,42.478438023883776,46.23204805892982,39.13082214712834,42.85477410833913,1631354,-0.05253827639759595,0.031528934354494775,Consumer
2018-05-23,42.14950008111409,43.39975778277214,40.769359135392875,42.01564640833981,1012806,-0.019774970826099286,0.036184244281849534,Consumer
2018-05-24,40.21576456578782,42.82192106485173,37.694936238341654,40.296059634446685,1814099,-0.041788394089792305,0.03472890795972154,Consumer
2018-05-25,39.814805635692544,40.56715294137205,39.03970709871241,39.79161621313868,1458590,-0.012597446162172588,0.03642551469163362,Consumer
2018-05-28,39.372150297342365,39.9872366129092,38.779656632166166,39.39440800161792,1153640,-0.01003236485183268,0.034427588412662,Consumer
2018-05-29,38.97311867334608,39.72218254885216,38.14533292362865,38.892854113187475,850813,-0.012813342478172713,0.032608347501941436,Consumer
2018-05-30,40.6548064427654,43.091596849591184,38.052224005688984,40.47844347056784,796839,0.03995903756597387,0.03122932473277861,Consumer
2018-05-31,39.73645655289177,41.14609640060284,38.12996725004333,39.53236707993356,1225888,-0.02364981631472781,0.033462296410917566,Consumer
2018-06-01,40.005792776884846,40.61622505481917,39.32718251118419,39.93655836917846,1531926,0.01017239813808551,0.03285844330810181,Consumer
2018-06-04,39.8746093445221,40.213581295175466,39.70902062775442,40.047275541315116,526045,0.002768490517143653,0.03129318599771125,Consumer
2018-06-05,40.540686013260434,40.76153268483292,39.97402663033028,40.19297915779065,696764,0.003631687789730663,0.029741561372453332,Consumer
2018-06-06,40.780168457415805,41.57502520042562,39.92500372459523,40.71866162207145,857724,0.012994171318669935,0.02845394088219483,Consumer
2018-06-07,40.020583321217586,40.966462825174204,39.27135849113577,40.21362408148083,881939,-0.012480658166462434,0.027803393221346066,Consumer
2018-06-08,39.09043567226755,40.621261939795,37.84982415625637,39.37172321291406,1539162,-0.021157972014986298,0.027235784621281737,Consumer
2018-06-11,40.19846397217886,41.178260170889025,39.041346634309775,40.01671283608322,1266269,0.01624931405983206,0.02757860290365556,Consumer
2018-06-12,40.11043250678064,40.50175366078215,39.81985164800746,40.21044823598792,1414962,0.0048296804698554985,0.02735085924804326,Consumer
2018-06-13,41.62872682022485,44.48938162376634,39.05715601154527,41.900991924664694,930588,0.041182632044533415,0.0264944234377945,Consumer
2018-06-14,43.11457695458254,44.50430782023726,41.431194386430676,42.811144584857956,1338883,0.02148895592193311,0.03026491295143996,Consumer
2018-06-15,42.53550696248552,43.77864739256681,40.75803345555575,41.985087351811494,1431253,-0.019483964008041324,0.03003395160079353,Consumer
2018-06-18,43.89896785739098,46.15323595198516,41.21622430842556,43.44729861001348,950934,0.03423418521542969,0.029640754494901847,Consumer
2018-06-19,41.81952144093151,44.025968428680024,40.05038937272812,42.23908706597482,1351789,-0.02820265125386836,0.03128348409666492,Consumer
2018-06-20,39.308482712019654,43.44430035850553,35.46001444210813,39.57020805971884,1805057,-0.06526951274285216,0.03165807215297747,Consumer
2018-06-21,41.68083971609336,45.814464953427965,37.92046858838352,42.02320613696449,1590691,0.06014547936691278,0.03925306637713675,Consumer
2018-06-22,43.75403170215243,46.50768169799318,41.043777849461655,43.79489655567297,1072079,0.04129530083292791,0.043304322870213345,Consumer
2018-06-25,43.25436454265535,44.53866197854122,41.66166213157367,42.93652227688168,1456527,-0.01979449472078675,0.043081397192180855,Consumer
2018-06-26,46.674260489307756,52.96010836566453,40.57857116688459,46.84245299114323,1636713,0.08706710805940643,0.04054107460850103,Consumer
2018-06-27,45.88148095493185,48.11180389137433,43.14433533035325,45.34876254449712,1550259,-0.03240701753042458,0.05051697912785256,Consumer
2018-06-28,45.16452663730712,45.607921853840494,44.610629458359874,45.052929084509124,1469255,-0.006544888943396572,0.047948976651704465,Consumer
2018-06-29,45.442008067302005,47.4518999850828,44.01434777897166,46.00650479473289,976577,0.020944794608194657,0.044110189585273483,Consumer
2018-07-02,50.07251926079003,56.291882670126135,43.77057935105271,49.97823155614147,1967677,0.08280474667743555,0.04150144242524511,Consumer
2018-07-03,50.45329704333668,51.13446532956009,49.749243265634995,50.43009834703074,615508,0.009000644505463085,0.05006385611943899,Consumer
2018-07-04,52.461680037254474,55.83795441336007,49.19671238669957,52.56646541488114,1295402,0.04149019053191283,0.046013731557714044,Consumer
2018-07-05,57.11912950091259,63.15792946031015,50.441826107169454,56.40514114804731,2080709,0.07048193266905539,0.04529929558004694,Consumer
2018-07-06,61.440816475130426,68.81828273873059,53.768726760216616,61.105988808502204,1471855,0.08004956842314932,0.04986758836111444,Consumer
2018-07-09,61.5394976073749,61.74742692832256,61.03685682778597,61.24378700334761,1455378,0.002252529719739368,0.05523233750143764,Consumer
2018-07-10,66.35988638554171,75.78233302580756,57.55684356808292,66.90674595772833,1949933,0.088437390889172,0.05041081201705561,Consumer
2018-07-11,69.51200070076325,73.48847529082694,65.53142665245848,69.50765250122876,1063668,0.038137055951740904,0.05749935469783783,Consumer
2018-07-12,62.06494128820371,71.48297323439184,52.755200094973155,62.15910716034073,1655611,-0.11173951205680951,0.05443441822995948,Consumer
2018-07-13,59.79162911537901,62.9118413599702,57.504507143225986,60.59402645289982,1174004,-0.02550102755175084,0.06590404004028431,Consumer
2018-07-16,56.71030743234688,62.43724900964757,50.92815003234805,56.648889237847044,1737103,-0.06732393500226508,0.06059883955847993,Consumer
2018-07-17,55.38806088362984,57.3319304694786,53.39671879431056,55.33886171251931,1345896,-0.02339697466490511,0.060972553811496986,Consumer
2018-07-18,56.079052660941244,57.56497500103635,54.7426294326445,56.22507197774492,1107566,0.015887372852948244,0.05618037573884006,Consumer
2018-07-19,56.70337591782201,57.152973873506575,56.07489428001065,56.52306254082488,1204129,0.005285963412315454,0.05160280018517492,Consumer
2018-07-20,53.94276986200034,58.59026752767073,48.770024130493454,53.36800205418634,2167408,-0.057437387532007216,0.0472701851164169,Consumer
2018-07-23,58.636149543123274,66.42466637586782,50.564283331573044,58.309398509437294,2051857,0.08855193588972587,0.04881018688478415,Consumer
2018-07-24,57.650676593688054,58.62268330830704,56.70070121087433,57.67235077549311,1847010,-0.01098542045463448,0.05641067520828626,Consumer
2018-07-25,58.03296128715304,58.67374048130761,57.43170349414671,58.07207742068104,1334728,0.006907083832711898,0.05161233710411276,Consumer
2018-07-26,57.08706374472294,58.51251021736523,55.74659028362581,57.17008726340338,1311953,-0.015654141506750093,0.04730985990403772,Consumer
2018-07-27,56.04598287270059,57.762859001883974,54.29847934608548,56.01438760646517,1490312,-0.020422232378759314,0.04390143616396558,Consumer
2018-07-30,58.46651560444559,63.074343112085614,54.213805904256404,58.79755446421937,1884622,0.04849168401461144,0.04128473100441376,Consumer
2018-07-31,57.96637465896614,59.07726674511008,57.12282484931576,58.22988226761265,997731,-0.009701599299171106,0.04261759876003551,Consumer
2018-08-01,55.005004804554424,59.898175306785845,49.99514592840945,54.876922393341374,1211158,-0.05930576098930143,0.03958694145297608,Consumer
2018-08-02,52.15616603733359,55.85517068464417,49.13943344178588,52.80113295580485,1043460,-0.03856025502831016,0.04337368718311953,Consumer
2018-08-03,49.086283676242154,54.54521431250029,43.575571753553426,49.02802318740334,1461025,-0.07414061155744363,0.0427557643138856,Consumer
2018-08-06,48.643245947224926,49.61481873458345,47.41320658835765,48.37951169638641,1376146,-0.01331562437825555,0.04885661519148035,Consumer
2018-08-07,48.95870524002122,49.680016961420385,48.13722475898381,48.85703861959128,915271,0.009822042445266427,0.045123951026723376,Consumer
2018-08-08,51.36558499519881,55.261287815100566,47.48570836013406,51.3802997105511,985128,0.050356370391153274,0.04175413324066488,Consumer
2018-08-09,52.519062131619506,53.61595283241382,51.0125549785415,52.1007081160455,1471878,0.013923715266726915,0.04330231772075266,Consumer
2018-08-10,53.31451156751092,55.291746474207,51.392642063672305,53.367950611739246,753773,0.024031849832667002,0.040362768153529065,Consumer
2018-08-13,57.10157698026392,63.58258161527327,50.91376899143289,57.36610776801422,1529942,0.07224328195547307,0.03859989525075697,Consumer
2018-08-14,61.16042550132304,67.31084641562728,55.12621659217631,61.26620144230632,1387166,0.06577465585722793,0.0455502502611152,Consumer
2018-08-15,55.84600311302673,63.72161977636301,47.903969013362016,55.76868148544621,1592310,-0.09401587967297408,0.049079588853725084,Consumer
2018-08-16,58.368237372959925,62.73373700626467,54.159854010576915,58.51478730947855,1462933,0.04806704869856279,0.05790416805587511,Consumer
2018-08-17,57.77017096387219,59.14125218498673,56.229284385577415,57.59623758020188,491444,-0.015822251036461666,0.055936395291285294,Consumer
2018-08-20,58.406930570937725,60.13970676148518,56.880806890265035,58.60832092134259,1302415,0.01741943596709695,0.05138731165108232,Consumer
2018-08-21,55.62213653217596,60.98793161406345,49.65602300658267,54.95772297808516,1609927,-0.0643124652212706,0.04751883996260996,Consumer
2018-08-22,53.028052420549024,55.78861716937648,50.4601811776312,53.21184577551382,1088533,-0.032283180011375055,0.05026774411627481,Consumer
2018-08-23,50.56759534597573,54.535506490269235,46.53720931257138,50.49980078972575,1107938,-0.05231164499907709,0.04772638091850724,Consumer
2018-08-24,47.56327883859395,51.83282127032,43.305993555789364,47.57452900928973,1533908,-0.059671878344800325,0.04829826268965771,Consumer
2018-08-27,49.18053523740759,51.701811918154036,46.6889446970664,49.20878993473789,1061893,0.03377475158025589,0.05000287694574026,Consumer
2018-08-28,47.46744814185519,50.28255135848517,44.49592443213122,47.30116613232811,1572881,-0.03953731559667466,0.04765857990883566,Consumer
2018-08-29,45.73025103981709,47.92010187836354,43.831695248906975,46.00993462925505,1117300,-0.027677605782323464,0.04638482607308297,Consumer
2018-08-30,43.59402605195939,46.981402463317345,40.55829878874592,43.92278185775886,1642981,-0.04642420897449277,0.044001694866679646,Consumer
2018-08-31,43.710933692712736,44.03119755228931,43.38851301587566,43.70876095611698,428303,-0.004884572844375483,0.04440946293019554,Consumer
2018-09-03,44.07501542694995,44.18837939262831,43.671158335288396,43.78377320597899,1164639,0.0017147124371213324,0.04100413608380905,Consumer
2018-09-04,44.246408753507836,44.273608680158915,43.73892869870514,43.76583319754093,1238512,-0.00040982499924618285,0.038019894484268735,Consumer
2018-09-05,45.372881658560104,47.54945221819407,43.020400534406,45.18810733354463,1496058,0.03198049113731397,0.035446228216207194,Consumer
2018-09-06,47.009425310453636,50.15747901954524,44.01160029920174,47.15064812724821,1544351,0.04251381492759585,0.03547620114685234,Consumer
2018-09-07,48.55387827032955,49.880207297691385,46.70551119819881,48.017179413740784,902225,0.018211096272301018,0.037120915225843,Consumer
2018-09-10,47.10679483943926,48.420758656071364,45.87660975728111,47.18844138962037,1132052,-0.017409874539347815,0.03538525797389685,Consumer
2018-09-11,46.0792975173747,47.766764343701176,44.36392812790559,46.050334293994815,1417397,-0.024413954743851433,0.03386973199221924,Consumer
2018-09-12,47.19258189518837,49.278509340442746,45.25078571938374,47.33101708057601,1470055,0.027430810773286803,0.03327361077663545,Consumer
2018-09-13,46.596904695994695,47.517639596883946,46.03678539863786,46.95323699788163,1468172,-0.00801368389897906,0.033144742362009774,Consumer
2018-09-14,47.689306478191355,49.32075675821761,46.26928337762544,47.89462012522321,953416,0.019851034476185234,0.031440293039984815,Consumer
2018-09-17,46.59654579723373,48.613767763176824,44.51766635807203,46.53209831289221,1354970,-0.02886082264153362,0.03082049896770489,Consumer
2018-09-18,49.00170963603069,51.87476750005365,45.54993979633856,48.38695340307609,1462968,0.039087858843608166,0.03138255228349899,Consumer
2018-09-19,46.417626182314834,49.0782104010457,44.301935135293306,46.93876607131488,1335093,-0.03038631688045559,0.0334226087642469,Consumer
2018-09-20,45.74645347318877,47.465708315556014,44.13073056641233,45.84645349929605,1329039,-0.02354605707629174,0.033647523821527345,Consumer
2018-09-21,44.21019141065877,47.02368411385117,41.14562649729357,43.94205528347444,1333669,-0.04242600500653012,0.03299829098653745,Consumer
2018-09-24,45.9062890661675,48.982308505864864,42.85719057133466,45.9315332882737,1283559,0.0442800403003314,0.03522931522961916,Consumer
2018-09-25,45.12940723322373,46.05093314080072,44.77373709529851,45.69083829896666,880125,-0.005254077990834373,0.037242341717300044,Consumer
2018-09-26,41.2845284318233,47.54033734681136,35.10835635990129,41.35380194605476,2162669,-0.09973344020987193,0.0348386913301947,Consumer
2018-09-27,43.96864184875287,48.30102325699538,39.758199228966774,44.079924223174324,1834888,0.06384008303416988,0.05062609401578282,Consumer
2018-09-28,42.32843815300229,44.80038867440521,40.09961054982728,42.559399663614315,1473259,-0.03510370648244536,0.0525522078176299,Consumer
2018-10-01,43.37852987280213,46.25906707386116,41.176554254282365,44.02431042221529,1166073,0.03384125165109057,0.04994224833271667,Consumer
2018-10-02,41.36256069227166,45.39577089577531,37.23093244041572,41.253509169947115,1477577,-0.0650058109878616,0.047614777977202184,Consumer
2018-10-03,42.604714408531855,44.19554596908331,40.714112186797294,42.2933163520469,1644792,0.02489288775724295,0.05047372568755991,Consumer
2018-10-04,44.798390077262475,47.91215069611779,41.22012945758856,44.29919283122906,1365777,0.04633738866486199,0.047233737592536976,Consumer
2018-10-05,43.376620794800935,45.11003415592917,41.41084634304257,43.134587590903685,804877,-0.026641284780702233,0.046977588399259966,Consumer
2018-10-08,42.18756912313725,43.64157124320554,40.70192029909738,42.15479277651335,1378676,-0.022976785978895596,0.0444069674450215,Consumer
2018-10-09,43.82321552439514,46.0235450475172,41.40110818597117,43.58971376773637,1010125,0.033472814151016966,0.04191387491295162,Consumer
2018-10-10,43.48225759717866,44.02892884677499,43.220221932017786,43.765188166647974,753807,0.00401751089050893,0.04090822314954687,Consumer
2018-10-11,43.64230956658929,43.94055583889507,43.26852451106977,43.56625100837534,744540,-0.004555919477645457,0.03796323532137114,Consumer
2018-10-12,43.275367791821566,43.649298122212755,43.0259779415238,43.3991946750251,1149071,-0.0038419061161609146,0.03544120834841357,Consumer
2018-10-15,41.69362129249536,43.97648593750266,39.93220471760566,42.193932865701996,1067837,-0.028164445308196326,0.033272773189912154,Consumer
2018-10-16,43.21279874754411,43.97889236647424,41.938654522380766,42.695578658630204,1433961,0.011818930828121223,0.03323623542950716,Consumer
2018-10-17,41.47704625647126,43.1661625851331,40.040096368166694,41.72076905207722,1009233,-0.02309630696167486,0.03169654469036789,Consumer
2018-10-18,41.21854217548785,41.93732767513727,40.56286596014691,41.28066327999791,1100817,-0.010604874743821139,0.0313648316676015,Consumer
2018-10-19,41.75426178258645,41.9885355750689,41.202878928462454,41.43536345398945,1646158,0.0037405170551181636,0.030064458047325625,Consumer
2018-10-22,44.11430289274204,47.74649587892187,40.16923587080213,43.77335673127338,1162235,0.054890632561371534,0.028726225479854928,Consumer
2018-10-23,42.12070421984849,44.81527531809748,39.2623640976554,41.945742435068645,1914577,-0.04264840214422351,0.034815284799979716,Consumer
2018-10-24,40.97485392583417,42.280580590484206,39.96042463030076,41.25911377103342,1161036,-0.016504908064989676,0.03664036265351736,Consumer
2018-10-25,40.37070013574793,41.65479254704376,39.16149016811423,40.44340487875963,1941759,-0.019968441857876985,0.03485505327553065,Consumer
2018-10-26,40.92544378508043,42.035135919429166,39.97097924846933,41.07713366645044,1093508,0.015548021773829615,0.033640906521774594,Consumer
2018-10-29,41.1917445999454,41.68551187420083,40.827422393064396,41.32005482188714,1495374,0.005896362817668234,0.032274287295730376,Consumer
2018-10-30,39.32933357489162,42.22615165397652,36.47311223087493,39.367181661484736,1370015,-0.04841545456273443,0.030635253557454223,Consumer
2018-10-31,40.56359673089075,43.09274819644709,38.32720263240918,40.84105687861276,849910,0.03675535502630399,0.03467597791701107,Consumer
2018-11-01,40.67889543525677,41.318024750091354,39.78051368326441,40.41550471637098,956512,-0.010474380027546871,0.0355609641892241,Consumer
2018-11-02,40.05576990904395,40.49952526287759,39.803844403960255,40.24640080977566,1506671,-0.004192912459399366,0.03358753689686167,Consumer
2018-11-05,39.784642695381734,40.66822538409953,38.77419739123339,39.65489857464463,1200660,-0.01480609315313125,0.03170386703656611,Consumer
2018-11-06,42.919945526436734,47.595169621094186,37.99682784114226,42.64174819597709,1533031,0.07261929214670483,0.030610312105999352,Consumer
2018-11-07,40.665469169467634,43.55886943017113,37.7751584977009,40.66835373689157,1824855,-0.04738353744666876,0.0405046565787765,Consumer
2018-11-08,40.88883067376765,41.01891540837327,40.625042798771965,40.75470080931793,932127,0.0021209497795539123,0.041824415199685425,Consumer
2018-11-09,38.98694116513859,41.36666764140076,37.11276758050601,39.469305901454035,1153624,-0.032047886268619485,0.03873112610848864,Consumer
2018-11-12,38.12466073715814,40.09311451291565,36.18843691762592,38.155332954216256,986200,-0.03385776698676434,0.038133189688882255,Consumer
2018-11-13,41.80915510564131,47.454583561391864,36.11202113385738,41.74937797148185,1626380,0.09001901523698916,0.03788488329767065,Consumer
2018-11-14,42.13398019054748,42.263296461704286,41.7064910217276,41.834889332741696,996309,0.0020461121177725045,0.04963592420433101,Consumer
2018-11-15,43.757063440077495,46.62287708473898,40.83976361702355,43.70196891532031,1274699,0.043662491940088484,0.04551492022968127,Consumer
2018-11-16,42.50231078272273,44.48244190298191,40.39172709635358,42.36548360428875,736464,-0.031059191587360476,0.045202304710867815,Consumer
2018-11-19,42.207196016086165,42.45837258886096,42.151709777237144,42.40262943019452,1100835,0.0008764104084348508,0.04335089028207344,Consumer
2018-11-20,42.32959842424749,42.58951796353328,41.970101256083574,42.229405573858116,697825,-0.004093582252316667,0.0400444124052195,Consumer
2018-11-21,42.28397397489634,42.34605835689301,42.20869700200014,42.2707619852001,1382374,0.0009788481097437458,0.037220392048605694,Consumer
2018-11-22,39.65015363384101,43.75341236623683,35.369949442921296,39.45278295956033,1847634,-0.06899105226322476,0.034762476737781794,Consumer
2018-11-23,39.48756089340646,40.269102144628135,39.000553123738484,39.77850609124025,727936,0.00822212968083148,0.042198443395626666,Consumer
2018-11-26,40.19899625141641,41.30186921731564,39.28644193333079,40.38509039051,1012829,0.01513394865845623,0.039175341893650246,Consumer
2018-11-27,37.36036732730329,41.936084584196784,32.66030839324343,37.21867142013175,1672160,-0.08165011185618122,0.0369069287571728,Consumer
2018-11-28,38.30223083441126,40.99109190579386,36.045113983639204,38.70994860461812,1672989,0.039286081630250366,0.046794318321230606,Consumer
2018-11-29,38.185671993689034,39.34462010116407,36.78325188732148,37.93457924462681,1389710,-0.02023355963927308,0.04564291854381938,Consumer
2018-11-30,39.14809061823397,40.65005939398538,37.424251395050064,38.91736819699923,1097395,0.025577556947342442,0.04275547159030746,Consumer
2018-12-03,40.68548617846868,42.999031954805666,38.1225175930692,40.42102500855236,1272930,0.03790943640505314,0.04074992016724514,Consumer
2018-12-04,39.64560053149178,40.760523580520655,38.611008060185576,39.7238881147055,1073867,-0.01739734812835695,0.040546437577076946,Consumer
2018-12-05,41.34918346101507,44.44988283201017,38.50419414167004,41.58843223915269,1113482,0.04586933495357254,0.03821794131606679,Consumer
2018-12-06,40.91797373257436,41.92496956731958,39.90482790403457,40.911668567985664,977678,-0.01640674000341259,0.039800605700329665,Consumer
2018-12-07,42.2164689201195,43.78913531149894,40.37804664778388,41.940429913169005,1770942,0.024834958672253153,0.037518631890321216,Consumer
2018-12-10,39.6297554280346,42.991935087320435,36.284679286580335,39.64552764176692,1241678,-0.056272130294095654,0.036313006856703856,Consumer
2018-12-11,37.69088550587829,40.459238667603636,35.14711316083116,37.90126755708395,1400733,-0.04499358949173356,0.04037190199576147,Consumer
2018-12-12,37.30088384764946,38.463817167768276,35.9642854945129,37.12163020624393,1290065,-0.020784732159317656,0.04132282469661156,Consumer
2018-12-13,38.1670344217144,40.17410825590664,36.33173643432428,38.33092923141363,1353925,0.03205729787843594,0.039126224407239944,Consumer
2018-12-14,40.24304547528051,43.14248193919254,37.31941848307828,40.216976743419124,1136438,0.0480320915025019,0.038455684900708435,Consumer
2018-12-17,41.0032373167182,43.72980166000214,38.91210960402351,41.60783977335038,1435483,0.03399939207307541,0.040362532540237944,Consumer
2018-12-18,40.57760715417619,42.02117071123237,39.316702229452574,40.754760926091706,1242536,-0.020715940197143037,0.03970769479144085,Consumer
2018-12-19,41.88237325760337,44.06062738969189,39.8950044559467,42.06461118021864,1807409,0.03163413224672637,0.03775888434869225,Consumer
2018-12-20,39.836993832593016,43.17065031204877,36.45308995668493,39.78215760753198,1785274,-0.055788287196314276,0.03729201558318938,Consumer
2018-12-21,39.670847053803435,39.997369095306354,39.23881685571999,39.564463275677205,962375,-0.005487187120222482,0.040980550133572366,Consumer
2018-12-24,37.02020027012925,40.830887490622295,33.13799181662653,36.94047220047562,1582028,-0.06862356574135554,0.03805313094574533,Consumer
2018-12-25,36.27249825690576,37.28943036574495,35.2399629393746,36.256444980163444,1515519,-0.01869059953975041,0.044326196386312626,Consumer
2018-12-26,36.69473326411087,37.396162473201414,36.009499854802286,36.71063216948417,1002131,0.012449259941049451,0.04152409090558951,Consumer
2018-12-27,37.591448227726275,39.154765795171635,36.120835522107306,37.680662926862404,1483524,0.02608062515903617,0.038764000198515405,Consumer
2018-12-28,38.036446118773945,38.45571008313428,37.540172005497865,37.95857764984375,1173573,0.007348460176872213,0.037471963124652605,Consumer
2018-12-31,38.04950289650972,38.590525672417215,37.671435420385585,38.21085496979937,1134787,0.006624133428715037,0.03509157158603646,Consumer
2019-01-01,39.374018433923254,42.127745169229726,37.02825343845518,39.75904183875272,1127060,0.0397176461157111,0.03304113479671287,Consumer
2019-01-02,41.61404831500298,44.40401932849739,38.788974971006276,41.576423465192704,1372617,0.044695980107091964,0.034785010893624416,Consumer
2019-01-03,38.329162456584385,42.99976738619281,33.67312859682819,38.3421552297108,2251850,-0.08098331333711588,0.0369818493582418,Consumer
2019-01-04,38.38362628916923,38.5240404862109,38.10883999985604,38.248760834849676,1244574,-0.0024387863718041236,0.046667657980909806,Consumer
2019-01-07,39.1085947461981,40.90713713148956,37.51287424712655,39.30346545968481,1013094,0.027201531350116406,0.0429323699902956,Consumer
2019-01-08,40.35571253679593,41.69051849011662,38.85077314514041,40.179759266319,900382,0.022050673364663143,0.04105531890700172,Consumer
2019-01-09,41.82425274016568,44.32390214399362,39.314014119294114,41.81299042465889,2070333,0.039843698971456884,0.03900469456129287,Consumer
2019-01-10,41.674261366652054,42.00110583772696,41.56192822503286,41.88819603433778,1191477,0.0017970027211902065,0.039436290525542726,Consumer
2019-01-11,41.66919271059648,42.36638386177972,40.73047404376405,41.423555294520924,1797680,-0.01115438218390603,0.036669622184432225,Consumer
2019-01-14,43.515356656145336,47.40526955944946,39.908633809604176,43.776871352686086,2175374,0.055255939108901725,0.03455997669566487,Consumer
2019-01-15,47.408419219687914,52.76281623349558,41.86940749163828,47.20029901363346,1382166,0.07529460100037917,0.03890368121894017,Consumer
2019-01-16,48.50575389677389,50.04548839751803,46.67946624841184,48.20980638758652,871327,0.021162224781564022,0.04648858645817142,Consumer
2019-01-17,47.72332680020474,48.632202439222816,46.695024996849426,47.60158204558746,1538099,-0.012696455450715046,0.04354453927140486,Consumer
2019-01-18,48.81918988165372,50.19937959321401,47.13589647800592,48.507267694322735,1538102,0.018847639147721883,0.04051026434669286,Consumer
2019-01-21,47.75833782465638,48.83558500457857,46.76105038969579,47.83666200759763,1416994,-0.013921302965248418,0.03829034132999546,Consumer
2019-01-22,48.83449423050706,50.31442176689378,47.333675134398526,48.812949766605804,1410389,0.020203308606702115,0.03608310675054993,Consumer
2019-01-23,47.7438681110449,49.64307342806264,45.64455964619913,47.53547529678363,1599270,-0.026519361084589764,0.03468167421010572,Consumer
2019-01-24,47.87225144317709,49.14408693846619,46.91061242781907,48.17633952103887,1234550,0.013391738587150212,0.034172303078121,Consumer
2019-01-25,47.662056845157736,48.404487019302394,46.97166159814348,47.71334879722038,1196492,-0.009656811486436422,0.03257449673422986,Consumer
2019-01-28,48.904447012287214,52.001941062094545,46.3399413533486,49.41087858251761,1339845,0.03495940642908932,0.031030088159774327,Consumer
2019-01-29,51.90334359746791,55.98813915839725,47.92446808225191,52.00172201933111,1564093,0.05110621961819177,0.03245946875171914,Consumer
2019-01-30,52.77897526263877,53.94446877210229,51.60757789130805,52.7729380845826,1219676,0.0147216892542759,0.036533143060302004,Consumer
2019-01-31,55.03695357214251,58.9700798066731,51.29751024641081,55.218314081154375,1046048,0.04529615204603742,0.03464456167519678,Consumer
2019-02-01,54.39546460296413,55.790544042013,52.89004254632423,54.28221754012094,1099914,-0.01709798723394361,0.03698591260817924,Consumer
2019-02-04,51.76527454801228,55.18474594549449,48.988759368424454,52.37550030899078,2201239,-0.035757757220207666,0.035188312836589825,Consumer
2019-02-05,56.7536900686672,63.53222244866479,49.94235536956601,56.71643850733073,1574297,0.07962515884337085,0.035810144769903775,Consumer
2019-02-06,54.48187233625116,58.0759794772506,50.69561128487733,54.27614695660911,1161863,-0.04397924161902684,0.045573216507922495,Consumer
2019-02-07,56.25239255100588,58.162233371542925,53.63372257038542,55.51865195740295,1304615,0.02263418773764846,0.04529525918139883,Consumer
2019-02-08,52.91125139937757,56.8232942668778,48.941051801293746,52.8484514994471,1297963,-0.04929062362649339,0.042640055952467316,Consumer
2019-02-11,54.050189188461836,55.71287174115883,52.28405202792623,53.943451122743745,1281155,0.0205078844639447,0.0438060992776911,Consumer
2019-02-12,53.40586743316708,54.45601798560126,52.194011308155325,53.24091837150194,1286026,-0.013109053404395487,0.04121001657266737,Consumer
2019-02-13,53.869631330226255,55.497843912204175,52.51771922210384,54.13916752454832,470156,0.016730664689783587,0.03852777523955295,Consumer
2019-02-14,55.457231374550155,58.8946401675732,52.613485876650415,56.02193756786591,1042300,0.03418544858702001,0.03646229344229328,Consumer
2019-02-15,54.72375013381143,56.85037974018396,52.46779081493879,54.58919130624136,1143945,-0.02590745457773464,0.03659092522363832,Consumer
2019-02-18,57.0454898602905,61.314967780273705,52.985922099008704,57.241454454644234,1627709,0.04744246239535077,0.03566225003252207,Consumer
2019-02-19,56.829907075007895,58.08411122428835,55.16059241715422,56.405428563964996,1837538,-0.014712959118809002,0.038145182495642055,Consumer
2019-02-20,55.59028525819452,56.53919062513923,55.19098473673237,56.13597049080009,761367,-0.004788612729814959,0.036007146971197695,Consumer
2019-02-21,55.994355617780705,56.4973510733266,55.77851850440244,56.280411323137386,801260,0.002569748456452464,0.0337735299929659,Consumer
2019-02-22,55.916795124184155,56.747426257265,54.89801293550765,55.72580698368047,1527121,-0.009903180028303545,0.03183569700223367,Consumer
2019-02-25,55.86146743194403,56.37394500138273,54.877909275026376,55.38602509847692,1280724,-0.006116053313052814,0.03042236396296929,Consumer
2019-02-26,57.90228053165463,62.00603636999325,53.90048861467496,57.99765299012305,1283578,0.04607523664854536,0.02908654499069138,Consumer
2019-02-27,61.16507987875452,66.83560431814533,55.82784238380582,61.47161840830371,1408531,0.058173034957511936,0.033094724570984564,Consumer
2019-02-28,64.39980445198225,69.66960754291992,59.454104655694465,64.70079280045499,1455597,0.05119787591876297,0.038520435290487695,Consumer
2019-03-01,64.58530890400239,65.39246592673052,63.36207411932995,64.16396538760068,786898,-0.008331688598386735,0.04099076143186263,Consumer
2019-03-04,64.79190782842248,65.74653931449514,63.840554353811285,64.79513840464065,722944,0.009788809605982541,0.03813930483695494,Consumer
2019-03-05,65.70823270295747,66.46752651361786,64.54169485050757,65.29622772302743,1621107,0.00770369028279777,0.035749942346558636,Consumer
2019-03-06,65.76133359181154,67.62248960257634,64.37140411370041,66.22280644867922,1361776,0.014090645695017778,0.03363552777676908,Consumer
2019-03-07,65.44409992218182,67.1805263213257,63.33543337341073,65.06171393631715,1494035,-0.01768864727004803,0.032169254381673534,Consumer
2019-03-08,64.5957757150862,65.06991973022154,64.57132228928882,65.04529613363393,837536,-0.0002523738384507571,0.031222139233481168,Consumer
2019-03-11,64.75211402709837,65.41992873113034,63.93336267092614,64.5996044824284,1464656,-0.006875602586529652,0.029662554450604173,Consumer
2019-03-12,64.18154977324073,65.31691581246588,62.71287459971056,63.842238247526105,1113038,-0.011793275411562977,0.02847779478588941,Consumer
2019-03-13,63.193873042886814,65.18806730291772,60.54045133798614,62.513164642352564,1611325,-0.021037843955510515,0.027742567264651814,Consumer
2019-03-14,63.134033999596326,63.653229724919434,62.33991634015808,62.856832441402865,743536,0.005482470572860181,0.027966205722111212,Consumer
2019-03-15,62.941936247433176,63.28204701119325,62.68701341150945,63.02678054508812,1421808,0.00270008467191728,0.02702213079182503,Consumer
2019-03-18,63.74955545197372,66.47972232683857,61.68987591884589,64.39905806329548,1515509,0.021539282572508867,0.02617728042806829,Consumer
2019-03-19,67.4626027744853,72.64110789061102,62.482671264371554,67.64752579569345,1617165,0.04921177368702797,0.026791623925184888,Consumer
2019-03-20,66.84608109947777,68.38752760104497,65.07939693657927,66.61552694250695,956438,-0.015373092695075294,0.0322102885807054,Consumer
2019-03-21,68.19897071382287,71.14999248420293,65.47247154281578,68.41486227159602,1708554,0.02665239804911473,0.03107172266247179,Consumer
2019-03-22,68.4404981259247,69.33056931568714,67.89320784507991,68.7805597034325,904796,0.0053310568628321614,0.03128760309828989,Consumer
2019-03-25,65.82008159935586,70.32082494936255,61.22190788753865,65.71550000164606,1392022,-0.045586324017873645,0.0297891643253064,Consumer
2019-03-26,65.47101872003768,66.10805924245915,65.2368067830108,65.87241138834726,1118209,0.0023848917338360576,0.03349078066542299,Consumer
2019-03-27,66.9766130206483,70.65567089082587,64.124189155742,67.76948011935256,1114095,0.028392237591221305,0.03159365550155433,Consumer
2019-03-28,67.12349193109053,68.2824607322609,65.8371401767246,66.99387091322704,1555873,-0.011510811568625183,0.031928750800433295,Consumer
2019-03-29,67.73787805589896,68.56467355469023,66.7168424263348,67.5412377716736,1033276,0.008137204988017448,0.030584815179860007,Consumer
2019-04-01,66.86807768857977,67.76114760338935,66.20622237032235,67.09702616989127,1896378,-0.0065986176676594505,0.029296362426443123,Consumer
2019-04-02,65.90547036140187,67.32504291755514,65.22421626121309,66.6362350222302,982813,-0.006891224622711186,0.028162967606518298,Consumer
2019-04-03,66.8287020540433,68.50267550130481,65.71554269959925,67.38032776961316,1467560,0.01110460346358231,0.02723316988609182,Consumer
2019-04-04,68.0975432558966,69.27388794840365,66.9595090390001,68.13522401722294,541541,0.011141216579282482,0.026679828829066752,Consumer
2019-04-05,66.56204376974316,68.78840865624082,64.56909200868974,66.78867137801531,1060945,-0.019960843028874943,0.026231081165453567,Consumer
2019-04-08,66.32850136366169,66.90249121600723,65.98705557928338,66.55985447235737,816612,-0.003431865913430347,0.026649971546896595,Consumer
2019-04-09,66.74985352936982,66.81995975027569,66.53651960440499,66.60647523756171,1040712,0.0007001885117747908,0.02588326568088894,Consumer
2019-04-10,63.22118473491102,68.00289994848804,58.85306070968535,63.60804658337711,1827460,-0.0460618176596067,0.025219601373510838,Consumer
2019-04-11,62.40943326076718,64.4656888136931,60.17589892627089,62.226114524171,889643,-0.021965221660580375,0.0304479275430539,Consumer
2019-04-12,62.92142593249211,63.35056147999266,62.08336022305971,62.50968764066378,1539703,0.004546787692118028,0.030232956814102926,Consumer
2019-04-15,65.29870256667724,69.56365587614981,61.02718188874621,65.29167627966663,1035924,0.043543012258348,0.028884707613654487,Consumer
2019-04-16,67.35211251754262,70.75511770594042,64.05783283381048,67.45576809280405,1832824,0.03260753633005058,0.0324323935999279,Consumer
2019-04-17,65.48123963640238,68.38850554546327,62.59860081930119,65.50482829969418,845689,-0.029348241146193114,0.03318095594650417,Consumer
2019-04-18,65.90945852734441,67.2014585614581,64.8935825523846,66.18139123205995,1037480,0.01027546979000336,0.03331634071706174,Consumer
2019-04-19,68.80773495646702,72.2231426099127,65.01249004731287,68.40805899607078,936675,0.033091315054492317,0.03168312861652188,Consumer
2019-04-22,69.13018645337525,71.12523879008843,67.50323743621638,69.48982581618544,750866,0.01568971145242659,0.0326697379994117,Consumer
2019-04-23,66.26676681940116,71.0654957143848,61.4198017535419,66.21476491409216,2141426,-0.048276877690057056,0.03147657035922473,Consumer
2019-04-24,62.49899996480158,68.28453410682063,56.48930003755528,62.25196626302067,1500358,-0.061713351629918034,0.03524511488403023,Consumer
2019-04-25,64.16203990828008,65.64170693865972,61.75857983635035,63.21644000072097,1404484,0.015374272518920701,0.04080508747644682,Consumer
2019-04-26,65.91122507831064,68.96838996055631,62.17750087378565,65.20175851989771,916090,0.030922045813525565,0.03830795438928171,Consumer
2019-04-29,62.85445605300638,66.46551388428637,59.146547692997686,62.75170220220759,1639500,-0.03830073536058936,0.03764871091003112,Consumer
2019-04-30,59.67458084185064,64.45615441691245,54.72098132494774,59.48757020999731,1715904,-0.053418317677939677,0.038131119783242164,Consumer
2019-05-01,61.20784850957525,63.07459332043732,58.85792442945336,60.709469448983846,978490,0.020332303305515314,0.041124364265850505,Consumer
2019-05-02,58.97381762334697,61.40651147737461,56.84107059563379,59.263295677509895,1088980,-0.024109535538121663,0.038922757516296425,Consumer
2019-05-03,62.99876774367028,68.5114170462471,57.326015445092615,62.82331162080719,1211939,0.05833605428608513,0.03740555169647309,Consumer
2019-05-06,65.27794467427915,69.01719141592187,61.53007927546384,65.26880232572482,1404437,0.038187954193927995,0.041590918751866705,Consumer
2019-05-07,62.344284855462895,66.6254826544372,58.07744435811015,62.35772248614861,2070568,-0.04562664145018646,0.04126247199244289,Consumer
2019-05-08,63.47261781648062,64.9415938629657,61.86168584907728,63.327298708473144,1027076,0.015428973910527959,0.042122937189199995,Consumer
2019-05-09,61.304677748694345,64.24529286830533,58.466589647759776,61.40266831329249,1172327,-0.03086320332214254,0.03943578901639973,Consumer
2019-05-10,58.03645740839193,63.786587637654485,51.78315363814486,57.477947921192104,1463622,-0.06605193225125072,0.03856197300673789,Consumer
2019-05-13,54.83061764616138,58.71468317909047,50.94286298280819,54.82664726364597,1371324,-0.04722502012767319,0.04409137413209615,Consumer
2019-05-14,55.72152106324684,56.75531785269183,54.479134202123944,55.50898788094814,926016,0.012368611740654303,0.044606835767559805,Consumer
2019-05-15,54.93535710998259,56.53565776309179,52.85547004883546,54.44138087107186,1096128,-0.019420408971527935,0.041409699603038655,Consumer
2019-05-16,54.598952936499316,54.91348871311379,54.31565359123219,54.630028127005026,1619003,0.0034591548009673652,0.03909454462791875,Consumer
2019-05-17,52.06081259073625,55.67800488034348,48.79875401823514,52.39500619822927,1206442,-0.04177241204620971,0.03639370273168179,Consumer
2019-05-20,53.35863540217572,54.81557274065106,51.90058417726264,53.35749024772936,1516175,0.01820308093830957,0.037700682222492565,Consumer
2019-05-21,57.08913795447513,62.56977964347408,51.42311591970511,56.88407086475929,1952199,0.06400098612301595,0.03587165978011181,Consumer
2019-05-22,58.745114618234076,61.07763522793045,56.09071607065951,58.40992782730449,2009911,0.026470520142876996,0.04175930691488839,Consumer
2019-05-23,57.35328868837645,58.65106739923893,56.63088364430255,57.92150526736457,917145,-0.008397135957323765,0.04000218789897179,Consumer
2019-05-24,54.97886912497165,59.26905840336445,50.71342617689236,55.00183378112214,1120481,-0.05172221032027865,0.03729231573939305,Consumer
2019-05-27,55.35232568714875,56.65590426691465,54.363040750006874,55.661100744786616,1788089,0.011915005977446085,0.04017277071136041,Consumer
2019-05-28,58.46285225493091,63.386800262400804,53.797580105388874,58.70241154180373,956317,0.05319927634501787,0.037581595368190744,Consumer
2019-05-29,55.11495881818356,60.206541650876495,50.34635284871178,55.41221661468886,1747972,-0.05768072252039273,0.0406746296710833,Consumer
2019-05-30,53.85442077818225,56.13020105037462,51.64172277983289,53.91501349978663,863576,-0.027391103229489826,0.04384746585237278,Consumer
2019-05-31,54.00546544063157,54.92163548864602,53.40406299334133,54.31676640771197,890947,0.007423970177627824,0.04184042411065264,Consumer
2019-06-03,52.30121518255616,55.68918955182799,48.65118020002589,52.02100294764778,1559355,-0.043185413027800434,0.03884281364405998,Consumer
2019-06-04,51.306913960096544,52.969159048898696,49.26009482316276,50.909463276118174,1461773,-0.021598714617617212,0.03983413513793158,Consumer
2019-06-05,47.11656643227296,53.041561188695766,40.92836174667184,46.815496392718366,1536916,-0.08383455763822982,0.03793919251538687,Consumer
2019-06-06,48.2709264459712,51.040804672212374,45.72945193959497,48.487906139017525,1315410,0.03510014127200495,0.04801813012951797,Consumer
2019-06-07,49.119140828889556,50.58952554652701,47.85912766102841,49.32425085873485,1541149,0.017101455041738926,0.04614537511501519,Consumer
2019-06-10,50.92105380986164,53.80469701269539,48.22323543301571,51.09752891232901,1743156,0.03532027422841037,0.04298122241498097,Consumer
2019-06-11,53.02207497907241,56.291878316161295,49.88864682462242,53.15084054532459,1639144,0.03939778109006786,0.042012339258417485,Consumer
2019-06-12,55.50068718790521,59.25967339682502,51.80714050995747,55.56204348396667,1601205,0.04436637772841414,0.04177148660503514,Consumer
2019-06-13,56.640459912333945,58.24887958530281,55.01597693264215,56.62392712386122,1035187,0.01893133960491986,0.04232188553770676,Consumer
2019-06-14,55.543901293318974,57.1388789283028,53.96967414881251,55.564079881560296,1349239,-0.018894689400050277,0.03983306339285146,Consumer
2019-06-17,52.70644807696902,56.87102423938028,48.56673201643392,52.72949778821347,1814738,-0.052361917900313734,0.037721210804211924,Consumer
2019-06-18,49.34188278536809,54.53560675303867,43.981965934901986,49.1561384652817,1358454,-0.070173298010843,0.0406149893827207,Consumer
2019-06-19,48.502604328203034,49.29615239995942,48.083330755498636,48.87367119473716,729413,-0.005762901168045782,0.046457568308130366,Consumer
2019-06-20,45.33337205763373,50.439494343848146,40.247821830616466,45.351869097461574,1550627,-0.0747874394541229,0.042797501994445646,Consumer
2019-06-21,42.48989615621509,46.53531308587251,38.73637434283113,42.75809850205205,2116517,-0.05889277456431921,0.04903340806620807,Consumer
2019-06-24,41.076037891893336,43.76497004471132,38.25268531946442,40.932201618147836,1241519,-0.04364153718841945,0.050434848266376106,Consumer
2019-06-25,41.435951808410344,42.486008882290854,40.50346322933854,41.55093273384749,1395465,0.01500289061993635,0.04919986484683809,Consumer
2019-06-26,41.03376954929889,41.97938711128002,39.97451723013156,40.917454323776795,1080905,-0.015363241420704325,0.0455001579096246,Consumer
2019-06-27,39.72047074353101,41.804439376717326,37.43803544424958,39.51101479087407,1622832,-0.03497723959755633,0.04232748367058035,Consumer
2019-06-28,36.712015088631986,40.73119897946738,32.76915327680904,36.78093516735124,1724504,-0.0715998436715952,0.04143433108650755,Consumer
2019-07-01,35.6043099205685,37.373830313898004,33.81381421097894,35.58223761950679,1832610,-0.03313307475559793,0.047354236094974564,Consumer
2019-07-02,37.12845348326586,39.068872808174625,34.91828406336195,36.84382820954181,1261396,0.034841550398956374,0.0453718969994079,Consumer
2019-07-03,37.93401214207084,39.6489188314415,36.24196391323826,37.95589453743097,1373933,0.029736695088574797,0.04392012380436053,Consumer
2019-07-04,37.080443459927174,38.31100368890968,35.9980340854763,37.22439232582671,1136919,-0.019460561479361968,0.04214050872036212,Consumer
2019-07-05,38.37971651428979,40.7324683634308,36.27230655826304,38.61228802844029,1140217,0.03660631443594443,0.03971731358151677,Consumer
2019-07-08,36.338378877732154,39.557607201600405,33.35257194183435,36.554077045634116,1531833,-0.05477784146515647,0.0395344828851158,Consumer
2019-07-09,38.22426083841969,40.69013073869591,35.69870203669267,38.160455838296485,1658600,0.04300706490571292,0.042431969750791484,Consumer
2019-07-10,38.81817003696025,39.67938500363501,37.86982773202392,38.72906584445476,1546098,0.014790581590266817,0.04263588617955885,Consumer
2019-07-11,37.99941347606158,39.325673382941574,36.517680807118275,37.8383181462377,1205849,-0.02326807680361512,0.039838037449399906,Consumer
2019-07-12,36.68696840621994,38.198569373473106,35.59636903480537,37.0958161207264,1894433,-0.01981810651562165,0.03809023355109117,Consumer
2019-07-15,35.71764593968185,37.65203280563058,34.0033021816935,35.92761131649122,991335,-0.031998072901807874,0.0363263859399888,Consumer
2019-07-16,35.34043260106797,36.04488255088447,34.98974674280604,35.690720756047156,854148,-0.00661538512597481,0.03618378853551994,Consumer
2019-07-17,35.591458343624744,35.78328028506876,35.37104589801212,35.56271291453109,1336531,-0.0035930332795402853,0.03397024786900038,Consumer
2019-07-18,37.57673316209656,40.24698703211847,34.638277125182555,37.28801423474576,1540317,0.04737424190128682,0.032017474532624254,Consumer
2019-07-19,38.88935148551819,41.636129625517896,36.26488090812,39.0039268619829,1021280,0.04499038900790966,0.03545056783347821,Consumer
2019-07-22,38.7110428914755,39.27144540928836,38.070089886441785,38.629309181760675,643399,-0.009651036258291518,0.03753684154581054,Consumer
2019-07-23,38.38599868134964,39.02423114946374,37.56829033914935,38.20348826133991,1918185,-0.01108446638598974,0.035230426533283114,Consumer
2019-07-24,39.603187388572074,41.84443306684754,37.40478475101303,39.643777255338584,1016422,0.03700716672102033,0.03333730901307074,Consumer
2019-07-25,38.90762536417362,40.39732589633794,37.16502665971521,38.64465868745173,1378043,-0.02552542538419805,0.03456198050016786,Consumer
2019-07-26,41.863462032292205,46.44522056372352,37.02011289633311,41.569723084971834,1724332,0.07296352330499382,0.03396110272108116,Consumer
2019-07-29,43.288763194106025,46.118269118483695,40.541586547757575,43.3661795047733,1427758,0.04230777140371137,0.042675948242390786,Consumer
2019-07-30,44.97132677742989,46.664229272600735,42.794304159294036,44.46826954717131,1227043,0.025096027720793192,0.042725652421959325,Consumer
2019-07-31,46.462530747174796,49.44518452050863,43.43321507213014,46.41266790960824,1393798,0.04279654631189307,0.04067992983044693,Consumer
2019-08-01,46.95765323448662,47.570758960425685,46.207136791363766,46.81842467028436,1286590,0.008704377720602485,0.04121428161744385,Consumer
2019-08-02,47.013345196170974,47.78426832756812,46.43523204162618,47.20381303038243,786551,0.008197858886415003,0.03834395045009075,Consumer
2019-08-05,45.70618812187561,47.7594479213846,44.00938064940868,46.049881108194164,1180803,-0.024749492970804293,0.035864851351196866,Consumer
2019-08-06,48.98504766868147,53.9570882446468,44.19568521991709,49.151455756644125,1654924,0.06518128390467272,0.034941532025678866,Consumer
2019-08-07,50.40863436527285,52.54614483246473,48.36448635137652,50.49835837147712,876053,0.027034363452948115,0.041400706442770586,Consumer
2019-08-08,50.31518891042318,50.520503405803304,50.24887832161882,50.45400986430831,558832,-0.0008786026677075815,0.03975982037515118,Consumer
2019-08-09,48.507922737173374,51.24311886361516,46.07194807804301,48.79283638845399,1559413,-0.03347871882467547,0.0369430703164827,Consumer
2019-08-12,49.58650618409669,50.45167162426949,48.502417272597114,49.36369519615928,868087,0.01163173218887083,0.03687758191161834,Consumer
2019-08-13,50.1216840101626,51.22347674289452,48.991292317864286,50.09244224774633,1927420,0.014654904418993841,0.03476002613887882,Consumer
2019-08-14,47.85753834185674,51.67332852713187,43.71208706312959,47.49931531302494,1477971,-0.053154846898839946,0.03314849117637042,Consumer
2019-08-15,44.094146646591,49.00117305259455,39.22452583698057,44.12783212339254,2102845,-0.07362459918077599,0.03745495476090971,Consumer
2019-08-16,44.59054820122356,44.8694455040035,44.03506194923857,44.31221840259521,1064533,0.004169752171414763,0.0451152540676978,Consumer
2019-08-19,42.10995424995865,45.492045377537785,38.62855621785515,42.00197490720453,1688207,-0.05354381068671679,0.041604289978919136,Consumer
2019-08-20,42.72071868514154,44.03634225408689,41.49803825326142,42.811075773852515,1634019,0.019080210094957542,0.043758136445102847,Consumer
2019-08-21,41.85326471826131,43.15417875339046,40.812830216788676,42.107426030391736,1570775,-0.01657273346896435,0.041066138931104154,Consumer
2019-08-22,40.28166448976322,42.856874618820534,37.95569596737826,40.51729989279072,1404102,-0.03849507465075178,0.03860492892833762,Consumer
2019-08-23,40.172931528118696,40.657376009536975,39.75037275928915,40.23417307185202,1071120,-0.007012329824354139,0.03891725897214039,Consumer
2019-08-26,42.350937451366974,46.84652464535178,38.37925240194789,42.82992041384418,1502136,0.06252022250951599,0.03631829225278279,Consumer
2019-08-27,46.05695765644095,51.74661627338852,40.65426860586984,46.31379861849689,1362731,0.07820300957019559,0.04173165962578942,Consumer
2019-08-28,47.15362162433362,48.288519269915895,45.93020109944044,47.06291562479199,1142980,0.016045393849403518,0.04909767548442196,Consumer
2019-08-29,47.49086779213091,47.712343724318146,46.989299832708696,47.20946342216442,1138589,0.0031090318691253927,0.04546519097008457,Consumer
2019-08-30,48.20613818293891,49.850677507291046,46.61620470469614,48.25900052479301,1041759,0.02198798103551434,0.041894113952099445,Consumer
2019-09-02,47.70484996107786,48.95401316841121,46.18205651686322,47.4238619850647,1555255,-0.017456830327210373,0.03970660050379427,Consumer
2019-09-03,47.598910771888995,48.43110842466504,46.99641526956971,47.82574175066797,681916,0.008438505455256654,0.03751003115988154,Consumer
2019-09-04,44.97918856501182,49.101183929491874,40.90567021705496,45.02363987064791,1881593,-0.060376342599260745,0.03516081919182184,Consumer
2019-09-05,46.69497066447881,48.92586079374479,44.26009333428242,46.48074884208375,1320531,0.03185054118277223,0.040445296102779194,Consumer
2019-09-06,46.07826574107544,46.50223166836066,46.0142568384232,46.437723430677224,675673,-0.0009260895800190876,0.039507292080304734,Consumer
2019-09-09,46.62361767714808,47.30490710793005,46.10431993724383,46.78382496589004,927007,0.00742538890196812,0.036725870286507034,Consumer
2019-09-10,46.90044060269385,46.98880653207452,46.63706215256727,46.72509771538853,1558793,-0.001256078169630957,0.03445725030661752,Consumer
2019-09-11,47.32587960987896,48.547549394106646,46.23193102748387,47.45071520817054,987650,0.015410153196134757,0.03240491226356813,Consumer
2019-09-12,48.72070803527604,49.986936763973226,47.025251439269645,48.28002707302856,779588,0.017326359156909592,0.031235934342946903,Consumer
2019-09-13,48.968537985368485,50.073853173093006,47.88965661747389,48.994401966512115,1579869,0.014688089023159535,0.03042330165624115,Consumer
2019-09-16,48.1506747590252,49.457382339721065,46.810203416659924,48.115969160744086,1464259,-0.01809192480666733,0.02954357494965962,Consumer
2019-09-17,47.2824717401598,48.4927924320905,46.13478989129122,47.3436261885238,1106327,-0.016181921215620173,0.02910937852525265,Consumer
2019-09-18,49.12398311205885,51.86819216839695,46.389720776892254,49.13340538538559,1280292,0.037106957565301,0.028586061649612263,Consumer
2019-09-19,47.87265662100345,49.61759620348357,46.39746744739033,48.134343194938445,1234957,-0.020543239470941145,0.030988211976028943,Consumer
2019-09-20,48.73947171557183,49.470821149098136,47.888741725652004,48.61827253145154,669283,0.010003520183042153,0.030520798291838763,Consumer
2019-09-23,48.137521589109895,48.70831058679126,47.86807176426522,48.437183404636926,1146595,-0.0037316673279613956,0.029329607312488282,Consumer
2019-09-24,47.9083177017448,48.70879516154171,47.100285495179804,47.90063458134567,1889577,-0.011139018555960877,0.02811173230593944,Consumer
2019-09-25,49.015466010840285,50.05016442321443,47.55401459126264,48.57951013588101,1069505,0.014073087491001411,0.02740122724899645,Consumer
2019-09-26,49.56122055009071,50.064520209684304,48.41283130577325,48.90951280131698,377468,0.006770073510530467,0.027025350553329063,Consumer
2019-09-27,50.243095879397366,53.411882850786576,47.546485953230324,50.6912214629108,905570,0.03578083554192777,0.02629012632767208,Consumer
2019-09-30,49.664851209793966,51.370457879049,47.84238572231665,49.54383646331153,1354990,-0.022894886124464074,0.0290684850425979,Consumer
2019-10-01,49.60752783867926,49.952944309924696,48.97101209360711,49.31438743260797,602025,-0.004641989986798013,0.02923367629524581,Consumer
2019-10-02,47.46878186674403,50.096948236469764,45.04751929982079,47.66564421862447,1182771,-0.03400498140329072,0.02805206720446469,Consumer
2019-10-03,46.95418514759071,48.18811232562754,45.60696469990741,46.837834247678934,1158634,-0.017519590982262682,0.030049718694037136,Consumer
2019-10-04,47.64149949640661,48.81181351236098,46.44162785508815,47.611197502185036,1225814,0.016376674794386436,0.029469117480855764,Consumer
2019-10-07,46.451911021955624,48.14683225047964,44.807583840746666,46.50077534631696,1608602,-0.023598988646297874,0.02889588949450331,Consumer
2019-10-08,46.79119631708897,46.926858139547655,46.27642281679059,46.4109822838334,1320247,-0.0019328681908358462,0.02918072623345848,Consumer
2019-10-09,46.60829301256569,47.80082997215109,45.778756326562885,46.96494556649334,1298462,0.01186536604518225,0.02796018998015059,Consumer
2019-10-10,47.18161604027665,47.36597394562018,46.90345596286566,47.087445906914304,1523814,0.0026049398164764235,0.02732280760992207,Consumer
2019-10-11,45.44272890108637,47.775021912741465,43.32252076879609,45.645359694685844,1299107,-0.03110447198869096,0.026424354472118557,Consumer
2019-10-14,45.67675277481178,45.78072462684711,45.47240245156292,45.57614529550734,473034,-0.0015175020948900457,0.02834996356380069,Consumer
2019-10-15,46.41861374231654,47.528420190094465,45.20123678974536,46.30840837584984,1744266,0.01593910083770554,0.027263927984541417,Consumer
2019-10-16,45.98125870879349,46.40207606731046,45.699951590675035,46.11992063429695,1127682,-0.004078576446402783,0.027069644542257854,Consumer
2019-10-17,48.30820825676184,51.60087240744789,44.97429111467687,48.26393781331197,1519199,0.04543967812102502,0.026243241842229117,Consumer
2019-10-18,50.33974798724985,53.734003421360825,47.03463770983381,50.42340082682241,1494398,0.04377071677372675,0.030994851928556364,Consumer
2019-10-21,52.88578578203188,57.03427194600138,48.89032579993792,53.02806307861698,1491445,0.050365896028108564,0.03399891209864483,Consumer
2019-10-22,50.88294079678317,53.90443129158932,48.17148064686869,51.1772860157925,1213763,-0.03552546436265071,0.037486655512598596,Consumer
2019-10-23,54.238569037445735,58.46916336835316,49.70402193004464,53.90890234430889,1460717,0.05199982725683226,0.037596652323624316,Consumer
2019-10-24,52.773887376065126,54.851508763673216,50.44510941139072,52.51243796448768,879058,-0.02624557321695897,0.040452489638659425,Consumer
2019-10-25,51.19907887974919,53.219897268964054,49.12985854411067,51.14868801500205,1569524,-0.02631321283417551,0.03889019994028948,Consumer
2019-10-28,47.26396070976843,52.72599320960207,42.196448321567,47.620277510185836,1576451,-0.07147817367400743,0.03760074329803928,Consumer
2019-10-29,45.61725686362777,48.875999275829656,42.16192760134236,45.40554611426815,1352832,-0.04762440994561708,0.044692528615169806,Consumer
2019-10-30,49.0430303005915,54.27333330556726,43.5521329061206,48.75132651201103,1801884,0.07109814888297783,0.045145878600537245,Consumer
2019-10-31,52.38360282632252,57.816547340280714,46.82321296327024,52.241410005412725,1704783,0.06914306794273109,0.04988749642825815,Consumer
2019-11-01,56.761978579956796,62.297543112921986,50.31378014013917,55.750724772017406,1340591,0.0650149351314761,0.05299173913529867,Consumer
2019-11-04,49.61891486293427,57.061752092374405,41.92485101693487,49.32335413757044,1910581,-0.12249272701140296,0.05459432939224863,Consumer
2019-11-05,49.8719868947265,51.76961032113161,48.410940818137206,50.296138335003086,1627870,0.01953061785531528,0.0688120837283321,Consumer
2019-11-06,52.73127451934939,56.51452234707386,48.96615830344711,52.74819777742006,1552715,0.04760130492099394,0.06281161555556061,Consumer
2019-11-07,55.09291419455334,60.4239042534798,50.49293391027049,55.767591794650265,1745117,0.055663302036006855,0.05996767357074019,Consumer
2019-11-08,52.60470787827545,57.161939389714284,48.178206165169364,52.72529102742401,1502340,-0.05609766237841656,0.058665645635433354,Consumer
2019-11-11,49.858284072300314,54.0843789045844,45.60493171537788,49.828502169894136,1819159,-0.05650809303365724,0.05766600853974735,Consumer
2019-11-12,51.79278554515382,54.796803770125294,48.78887744669006,51.79288963462013,1675241,0.03866572106321515,0.056914580903930416,Consumer
2019-11-13,51.03832747981405,52.138477412540965,49.988082734698295,51.087226445545745,1177492,-0.01371837985262003,0.0539969565195742,Consumer
2019-11-14,48.741460980689205,52.37084912299915,44.99327432384091,48.61310480468993,1271402,-0.04964135350460479,0.0496061099318274,Consumer
2019-11-15,49.57068317857625,52.23640086398186,47.405023364633855,50.04980885471538,1276111,0.029125545921846626,0.049378664529533475,Consumer
2019-11-18,50.78852821728853,51.50444364293167,49.81019717033745,50.52236069687347,1513450,0.009397337689858348,0.0466674042813933,Consumer
2019-11-19,50.15018452164586,50.6105759472069,49.88563134517088,50.34499510237071,1034605,-0.003516812270960448,0.04307579124333051,Consumer
2019-11-20,52.57919594998911,56.406755671309924,48.91952062408387,52.736155475015785,1121707,0.046402070372550085,0.039828058304084674,Consumer
2019-11-21,53.50587613944462,53.539072295514835,52.68164250642871,52.71434758175357,1130602,-0.00041361383665227005,0.0411338328246678,Consumer
2019-11-22,53.005356334149916,53.226965527292755,52.64047321522491,52.861480881935634,1380237,0.002787255332533967,0.03812636127063603,Consumer
2019-11-25,54.10027951524574,55.48794730488641,52.393904388700435,53.77318215759907,958328,0.01709994602707636,0.035553633539127265,Consumer
2019-11-26,52.20878110334121,54.50127651845389,49.96116800354341,52.251810962551964,924446,-0.028700320167073096,0.03398690791153239,Consumer
2019-11-27,56.254528966622686,62.914172956670654,49.778931286161274,56.41957627335115,1074024,0.07674164551033819,0.03387689749908426,Consumer
2019-11-28,59.71156494000312,64.3897882043487,54.78744367246402,59.44476386743075,1830745,0.05223134769114551,0.04360627673484553,Consumer
2019-11-29,54.26814846437873,61.57831242687162,47.28491003470457,54.557801389013584,1519763,-0.0857868274150771,0.04506021469972979,Consumer
2019-12-02,58.41987238229588,64.42488188057517,52.419749665073056,58.42430400519864,1736609,0.06847125213327424,0.053181249728830454,Consumer
2019-12-03,58.77114356754124,60.21464454047918,57.701012433908424,59.137836498785916,912722,0.012138963315139984,0.05537005610870324,Consumer
2019-12-04,61.38524514662556,64.7087966716811,57.991855012282166,61.31140885483951,1356217,0.03609500966252138,0.05074226695112964,Consumer
2019-12-05,66.27659395932007,74.50867307840069,58.25449901470078,66.46390595733729,1457461,0.08069309203933211,0.04853091368037892,Consumer
2019-12-06,70.4135985869743,76.21584141040242,64.43118001170785,70.21724265363837,1280559,0.05493486996702048,0.05441420707455113,Consumer
2019-12-09,72.98321267433424,77.69527228220097,68.47126537912202,73.17167398571105,1831027,0.041214475949379784,0.054049983681641586,Consumer
2019-12-10,70.0740379240021,74.40816536942056,66.24905101179642,70.556825526573,1818554,-0.03638995768403333,0.05188367318295687,Consumer
2019-12-11,72.36668908908668,76.0222948916618,69.08382817870529,72.72325847678454,1802126,0.03024283641828664,0.04951935770384712,Consumer
2019-12-12,72.16225992629585,73.73729767100414,71.56120671052072,73.12819896488573,1014007,0.00555279372152906,0.04689272654809845,Consumer
2019-12-13,69.44962319253696,75.07478472199278,63.672414293986954,69.28417514619463,1332783,-0.05399752387291383,0.04317137095586458,Consumer
2019-12-16,70.80512418365349,72.44827492067053,68.73148959532779,70.36441289344594,992624,0.01547110943321993,0.045037469998080254,Consumer
2019-12-17,70.9926254342313,71.32171855376126,70.2550126680772,70.5822032361709,1169617,0.0030903972303886994,0.041935691804554545,Consumer
2019-12-18,68.40790946827228,71.37312280185863,65.99644156801469,68.94279933710719,1124298,-0.023500868237817215,0.038837023327715346,Consumer
2019-12-19,65.61178417740524,70.80961702600348,60.21538547443764,65.39613432012347,1759999,-0.052814017215200314,0.03727593226138941,Consumer
2019-12-20,65.45984288440879,66.89868338519314,64.56400122463079,65.99551091440286,1893381,0.009123574803562158,0.040373186187439736,Consumer
2019-12-23,62.470828303213786,67.55902167116342,57.52437349442488,62.60216740180315,1956562,-0.05278682272607167,0.03763616974294766,Consumer
2019-12-24,59.43280160745124,63.99027970137443,55.06293038580789,59.6075592081284,1103592,-0.04901750215877968,0.040634373581526176,Consumer
2019-12-25,61.769137975016854,65.61672014243113,58.14815550335859,61.98318969684637,1152643,0.039080815979902546,0.04220579558275524,Consumer
2019-12-26,62.028838091911936,62.38353873221782,61.78894715376845,62.14320548848068,1071116,0.0025782732196060736,0.041882691786308435,Consumer
2019-12-27,61.90139638661137,62.24870500560613,61.58396328991103,61.93111948753052,982822,-0.003418696133204872,0.03878562905165736,Consumer
2019-12-30,64.11251283672445,67.93942327980915,60.49152865322372,64.30743042612713,1440282,0.03765239184767051,0.036127733657591816,Consumer
2019-12-31,65.09695182960301,65.39116241803019,64.20996482339956,64.50148415069582,1768506,0.0030130503314225797,0.03683511779762205,Consumer
2020-01-01,64.5640762864752,66.10915210245916,63.60615392641504,65.14264564185514,2075485,0.009891180102588288,0.034450290178410795,Consumer
2020-01-02,68.31459930690741,72.98907653043435,63.517610694535115,68.18308924430039,1224478,0.04561716208006592,0.032621056256268606,Consumer
2020-01-03,68.56586168411867,70.0324862071088,67.45956121483881,68.92046427523339,1063315,0.010756572266011498,0.03554497813272029,Consumer
2020-01-06,67.7971805488729,69.62719599537583,65.86417441522799,67.69133276535541,911841,-0.0179950004969476,0.033587377888152276,Consumer
2020-01-07,67.58176886668547,67.81661891896982,67.30000728612012,67.53469375000186,1010831,-0.002316700260269219,0.03242009514412325,Consumer
2020-01-08,66.13609500379458,68.59029706023163,63.43959180082374,65.88445594432231,1184168,-0.024738907009818043,0.03068639959880587,Consumer
2020-01-09,66.32957742423321,68.05913176425706,65.02962594811933,66.75092261008209,1429687,0.01306557875178966,0.030742903640940265,Consumer
2020-01-10,64.98309243432715,67.38930919262135,63.04225637696995,65.43497680196255,1354212,-0.019911190071670155,0.029693556567693152,Consumer
2020-01-13,67.69579426110272,70.82120610217004,64.36485080872207,67.48031426621728,586099,0.03077898585558211,0.02940806292195324,Consumer
2020-01-14,71.81818710553425,78.59515191414997,65.06878900073237,71.84338567421985,1729627,0.06265263602271935,0.030560910120642142,Consumer
2020-01-15,66.596591653674,73.9238889144567,59.96329471540119,67.22772816056187,1684855,-0.06640276700413653,0.03789430434789477,Consumer
2020-01-16,68.11687539965914,69.48234442468906,66.76070240635467,68.12598996493878,933459,0.013273000612035879,0.04370562619937561,Consumer
2020-01-17,66.98346189580121,69.28307126714888,64.29856372906666,66.58447549753558,1415468,-0.02288733473669377,0.04067642180638194,Consumer
2020-01-20,64.00098391428885,67.7037396830627,60.527336387530106,64.21829748234666,1819378,-0.03618327213438583,0.038758631896378695,Consumer
2020-01-21,66.42923311784774,70.26790196448856,62.783051784285256,66.6117050729358,1461677,0.03659213634750265,0.03870619607421841,Consumer
2020-01-22,69.46071081963072,74.31724868742312,64.80921987408479,69.65288841834443,1564542,0.044643855887822124,0.038721871829752834,Consumer
2020-01-23,66.0803548737912,71.94178125951538,59.82987204069417,65.65342950740198,1301078,-0.059134331193379006,0.039980842495872186,Consumer
2020-01-24,64.23607098722675,67.33118344413234,60.514599988625,63.57800456636916,1520228,-0.032122268265972004,0.04362687912511078,Consumer
2020-01-27,62.93219374618059,63.69223320030585,62.8643917229416,63.62368617545531,1588260,0.0007182547776468813,0.042159455446439086,Consumer
2020-01-28,63.57381724841872,63.99675727714118,62.92073114223569,63.34212981487733,1106187,-0.004435159494144122,0.03901298668803849,Consumer
2020-01-29,63.734034942706714,64.9859519815548,62.74978430924533,63.99763061558386,1742606,0.010295395381198006,0.03633952531634981,Consumer
2020-01-30,64.13807584373782,64.3868048055053,63.584844606933444,63.83238810448158,782702,-0.0025853489625878205,0.03423957001894712,Consumer
2020-01-31,64.87143725667235,67.98271185512166,62.39185131707606,65.4798697533713,989217,0.025482051315182944,0.03223167895804776,Consumer
2020-02-03,68.00776919328574,71.1964346050327,64.3913326300802,67.55895456860365,1125359,0.03125785430665941,0.0320703156150383,Consumer
2020-02-04,69.14805326526982,72.44591367580792,66.21416708438846,69.49721298007316,1711286,0.02828603305843099,0.03270110293701097,Consumer
2020-02-05,70.06733205450566,72.56102426990027,68.2395965905661,70.71635867689766,1337154,0.017390276945969185,0.032794887658978006,Consumer
2020-02-06,70.57356291436813,70.7266082682881,70.56742586221365,70.72045844215032,816744,5.797309833919243e-05,0.031713829555741396,Consumer
2020-02-07,68.27119618228518,72.91786685241465,62.9834083898089,67.58325654763598,1249618,-0.04537463264129512,0.030076803224487022,Consumer
2020-02-10,68.10499890088856,68.49770611506172,66.93575253528236,67.32395609850444,909027,-0.0038441349926423966,0.03365293251506447,Consumer
2020-02-11,69.19084335598606,71.70028653041477,66.470125721449,68.97161793428413,1107578,0.024178952519460395,0.03175267704567656,Consumer
2020-02-12,69.5374885238514,69.68522222339729,68.92263562810969,69.06937481128703,331164,0.0014163458462670886,0.03153219404663076,Consumer
2020-02-13,69.23752003804917,70.08987663412488,68.62661091797048,69.47685576340434,1048560,0.00588225497526938,0.029928653735992482,Consumer
2020-02-14,68.96785742917614,69.758409070249,68.80038013044961,69.58942240141278,988655,0.0016188922875994812,0.0286665238579473,Consumer
2020-02-17,71.51561929751949,74.1038266593667,68.70883888433612,71.28883888187524,714040,0.02412719894637968,0.027528327117978615,Consumer
2020-02-18,70.21560862186551,71.68341312170985,69.0228697699199,70.48607982812413,1614502,-0.011324536669796707,0.028170290990355017,Consumer
2020-02-19,70.85356900910996,73.71852131870557,68.93201744658928,71.77206023813277,1314606,0.018080026072491453,0.02746068107682068,Consumer
2020-02-20,68.83890410226059,73.08442554147261,64.74557507813923,68.98255470252896,1174658,-0.03964162491644456,0.027428166281754627,Consumer
2020-02-21,67.55324049758276,69.52843402347351,65.89582941515806,67.86341289647363,1099138,-0.016356590941866155,0.030619637626302453,Consumer
2020-02-24,66.32967527895912,68.59331229645709,64.0899406728666,66.35279694778441,249058,-0.022511136950120633,0.02983589242470874,Consumer
2020-02-25,67.14188210772396,67.48624119836268,66.2385823282255,66.58005993017059,768623,0.003419217929043959,0.029801964271522385,Consumer
2020-02-26,67.60290882044308,69.85448566697677,65.6387779099678,67.88223911078353,1872295,0.01936929386369173,0.02850051433289971,Consumer
2020-02-27,66.19744807679484,68.95265651752605,63.27656341285159,66.0245767650859,1320924,-0.02774737819233269,0.028391880626484827,Consumer
2020-02-28,65.87051592032373,66.09547497446773,65.82809083045275,66.05293239598647,1169497,0.00042937865070807304,0.029332007396172234,Consumer
2020-03-02,67.14173709111391,69.71643992703751,64.94607914887519,67.50877903991048,1536193,0.021801222680701414,0.028077054354314568,Consumer
2020-03-03,66.88147342354888,67.71509147171322,66.26063095201856,67.09229202858678,1263511,-0.006188484790086588,0.028318735521349416,Consumer
2020-03-04,68.01530357848522,69.88811870684488,66.33698432385857,68.20511572138948,988926,0.016450408131948032,0.027336883999865086,Consumer
2020-03-05,66.47822787886624,68.87762430743582,64.4285229334842,66.81745991387102,900225,-0.020555150267813217,0.02717418941962783,Consumer
2020-03-06,66.67048584249963,67.08914469558837,66.1204944800389,66.5383234161239,1150520,-0.00418634870486036,0.027461361708242142,Consumer
2020-03-09,65.92790218280835,66.61163931642933,65.70900446507392,66.39120331887783,1030848,-0.002213506072410843,0.026569342047151435,Consumer
2020-03-10,66.68922097670034,67.08386321899879,66.25920808248927,66.65363976830406,1241333,0.003945087742003704,0.025796877540212367,Consumer
2020-03-11,66.29285148061226,66.75111900821322,66.23470772820491,66.69262462507855,833526,0.0005847161607799216,0.02519360375677896,Consumer
2020-03-12,65.67492293468199,67.08723565975116,64.48038950298702,65.88881189215694,1224643,-0.01212571839516279,0.024654115683819835,Consumer
2020-03-13,63.93348812255016,67.19155618558882,60.44238014893944,63.68793474459207,932916,-0.03397351590133244,0.024664048595288555,Consumer
2020-03-16,62.261950972416216,64.27194769341547,60.482045987496214,62.4856478059444,1036066,-0.019058241907737517,0.027564147037289537,Consumer
2020-03-17,61.83158425396209,63.520494183545054,59.68211818209617,61.35809490159877,1319417,-0.01820978657817843,0.027609930264430777,Consumer
2020-03-18,64.86932288758084,71.13987368829304,58.959678924593305,65.20009604280541,1110301,0.060733833291574994,0.02756058868110051,Consumer
2020-03-19,67.06791020090051,70.17227387464352,64.07152053922673,67.1712665658352,1796621,0.029784633244106996,0.03550997908620009,Consumer
2020-03-20,66.99472634990583,67.21993826458626,66.96560683358041,67.19073355297368,1043108,0.0002897692391819547,0.0352396871209832,Consumer
2020-03-23,68.17714427992253,69.36968001062515,66.78977381638381,67.97884087890249,1198012,0.011661148745160029,0.03306782474913685,Consumer
2020-03-24,68.58609222073292,69.12494730301476,67.79894219206875,68.33583106676613,594176,0.005237748789726735,0.03154650829204738,Consumer
2020-03-25,67.85999771919157,68.56000472998626,67.18319427051291,67.88297214527275,1421072,-0.006649017304512781,0.030004347188262802,Consumer
2020-03-26,65.11716507595095,68.77057162424178,62.41582871979942,66.0313125512899,1467054,-0.027656162580181495,0.028754827330770182,Consumer
2020-03-27,68.80430605120641,72.75440061479723,64.66876358591237,68.60756301952561,1252628,0.038273714638839065,0.029600702274728906,Consumer
2020-03-30,71.24400613231117,74.6889143635361,67.42910478568022,70.85521346988732,1373788,0.032235771290263136,0.031948283912661184,Consumer
2020-03-31,71.68890677474899,72.61200022778465,70.54584646628841,71.4660705964887,897098,0.00858425191627935,0.03274791624780006,Consumer
2020-04-01,69.25210845598733,72.63315311056071,65.80002942495867,69.17742801121396,1671139,-0.032548175354807016,0.03112867202440001,Consumer
2020-04-02,66.00631967769549,70.47979354121209,61.95449730763822,66.40358489850144,1172066,-0.04092358014446747,0.03215747091176825,Consumer
2020-04-03,69.1876092710721,73.40273301751186,64.94290740746186,69.15611225818671,1805440,0.04061540104120097,0.03432918962237639,Consumer
2020-04-06,70.58548974380344,72.55741048396519,68.48786554002123,70.45617362352304,1031564,0.018624420281647302,0.03591985841235873,Consumer
2020-04-07,72.64943269861087,76.71728795013004,68.88170486544786,72.93476241420281,1500838,0.0345745102492732,0.03441248810120003,Consumer
2020-04-08,73.48964184861511,74.27743847706088,72.67040569253469,73.45786164250391,1327952,0.007146554794471001,0.03502406292392063,Consumer
2020-04-09,70.43272602205867,74.7914806570679,66.27711414871912,70.6245508954874,904829,-0.039334100382427885,0.03300013596598592,Consumer
2020-04-10,71.79550699625885,72.62520873106938,70.3482834472543,71.17076538206915,601839,0.0077043050883742565,0.03468836832359059,Consumer
2020-04-13,70.0282008609134,71.59770026876122,68.73641268960614,70.30088203371909,977072,-0.012297790084815945,0.032734229257715526,Consumer
2020-04-14,72.44274582091708,75.29907135595231,69.32759800285923,72.17329961597125,1119541,0.026285820640539453,0.03130350073430882,Consumer
2020-04-15,73.68425932195643,76.08686405519077,71.32755819392162,73.72874025866895,1077485,0.021322519895214196,0.03142561028190685,Consumer
2020-04-16,75.14419040915865,77.7692396063391,72.71562547351284,75.33452335138217,916063,0.02154582119542275,0.030955656405162898,Consumer
2020-04-17,76.0921797317692,76.91340279702807,75.05959167967596,75.87850870539363,923202,0.007194984365487029,0.030597965494904584,Consumer
2020-04-20,76.69684196155677,78.88324061989753,74.8972420962469,77.07477305256653,1130066,0.015642537721973788,0.0292703529863382,Consumer
2020-04-21,78.87474278623493,82.27707923753856,75.74740351897756,79.13925231593734,136012,0.026432959033396604,0.02867239437356734,Consumer
2020-04-22,77.28535842410777,79.92516857235438,74.88459909814415,77.51720719530358,1063635,-0.02070904825887212,0.02936818274561578,Consumer
2020-04-23,75.92269110037013,78.1040256974189,74.14335046053517,76.31547958162638,976104,-0.01562414445577414,0.029228784240747197,Consumer
2020-04-24,79.28506304230086,83.3606482924988,74.9163957970409,78.97609899764562,1176918,0.03426946677226776,0.028636943727464285,Consumer
2020-04-27,77.17778892459407,79.94408218216937,74.3473907982819,77.11130091781415,1447393,-0.023895417719883835,0.030532263096080835,Consumer
2020-04-28,79.26044816086994,82.42821907412475,76.02840647250012,79.19350176571703,1015224,0.02664440240379318,0.030519238522869477,Consumer
2020-04-29,79.57477952122493,82.61428942370624,77.5403824057412,80.55483632017221,1297327,0.017043901997793893,0.030848464514962967,Consumer
2020-04-30,78.06597661206607,81.72919742443118,74.42999028866993,78.09199908328347,762452,-0.031050541957729546,0.030081163535363855,Consumer
2020-05-01,77.7015306800801,78.3088270408057,77.57219927118425,78.1787013983762,852802,0.001109642738170735,0.031121078758509505,Consumer
2020-05-04,80.57071687170395,85.30635639150422,76.28675242858134,80.99958872835474,1218747,0.035446827412033116,0.02958043154731921,Consumer
2020-05-05,84.57437404463502,88.93440269695859,79.51005813876343,83.831805451385,1686821,0.03436839824178508,0.031439993327882235,Consumer
2020-05-06,83.5973042755506,84.53500550447882,83.17768952910751,84.11280322292357,1178452,0.003346318002950364,0.03267960471030386,Consumer
2020-05-07,79.05358938583441,87.01961064037805,70.72273261149464,78.6478706626666,1699388,-0.06717823792216125,0.03091997619410309,Consumer
2020-05-08,79.8638198685508,81.51634447051927,78.09032901648885,79.74029772542927,1314919,0.013794520094233676,0.039265421044783116,Consumer
2020-05-11,76.25109329091694,81.36163397612397,71.15792044909608,76.26737368914611,1135648,-0.04452983445443098,0.0369047686560126,Consumer
2020-05-12,74.97144908337026,76.9195595899257,73.00981201065736,74.9575616566145,1643601,-0.017323132386828942,0.038561710064828586,Consumer
2020-05-13,78.72240124497972,86.21717152571027,71.94668588955469,79.38447115479585,1238575,0.05738066292244139,0.03653242428108026,Consumer
2020-05-14,78.18120566945124,79.79138761400273,76.95340682551699,78.55767647420537,934380,-0.010469684569506137,0.04076242743869796,Consumer
2020-05-15,79.09935138337667,81.45780838945001,77.36762987941543,79.71265973046614,1361125,0.01459532831116809,0.03802239520077393,Consumer
2020-05-18,78.74180766187958,79.89556483844324,78.19472092394537,79.34429212523742,1039078,-0.004631903975614572,0.035895899079416954,Consumer
2020-05-19,78.00759582498041,79.95673357914666,76.14230473684626,78.08948439928746,1454275,-0.015941106490186468,0.03367537136753872,Consumer
2020-05-20,76.81320895402222,78.91777415644289,74.57526864555258,76.67607663069606,1005633,-0.018265653621114323,0.032331754372644815,Consumer
2020-05-21,75.19853125895196,76.90547414497786,74.51535379571726,76.21307952682838,447193,-0.006056656087977151,0.031405715848893,Consumer
2020-05-22,75.7820934491552,76.51272753855243,75.60354586927554,76.33288226411905,714213,0.0015707103684017311,0.0299091566720015,Consumer
2020-05-25,77.41953950260664,80.69709925975228,74.81109045726942,78.06684107952225,1511130,0.02246159098074029,0.02856599712811503,Consumer
2020-05-26,78.10335826587055,78.74868999785227,76.99651653480686,77.63800325471736,758244,-0.005508356672576984,0.028783526780898343,Consumer
2020-05-27,75.6313952684497,78.59085275033682,72.69721875407386,75.65573207149494,1238074,-0.02586383167079515,0.027700982476118102,Consumer
2020-05-28,79.0346177668097,83.72475693802038,74.03800611879238,78.70881098844467,1477023,0.03956189750546062,0.028534474104459077,Consumer
2020-05-29,78.1527271991029,78.96602382478133,77.37629508201887,78.1892290687347,1021287,-0.00662320343691471,0.031402938239427886,Consumer
2020-06-01,79.36087801592932,81.29223043406125,77.49475067783233,79.42460460042757,1113437,0.015676299496269936,0.029924833293110784,Consumer
2020-06-02,76.49167002546076,80.42696829321017,73.43529795242911,77.33682636984749,972558,-0.026637951313429026,0.02921058837101523,Consumer
2020-06-03,76.80492133002618,78.48393218068674,74.55172888313056,76.2179071820899,1247484,-0.014573813080249198,0.029816838295017207,Consumer
2020-06-04,77.41886172949285,78.93747123826705,75.706422697934,77.2211540726076,1376452,0.013076998506129244,0.029036089283573815,Consumer
2020-06-05,78.70720650659463,80.60169864234543,76.58150834506361,78.47029806551551,1370348,0.016046748617121607,0.028286512124974548,Consumer
2020-06-08,77.92721876243331,78.6800555447946,77.29549472393764,78.04735759004011,1031750,-0.005404393557032039,0.02790566493983309,Consumer
2020-06-09,75.11137284946666,79.25460775739533,71.38393476545102,75.50751112071616,1414422,-0.03308365469044595,0.026969650146883205,Consumer
2020-06-10,75.99838858160034,76.219947857253,75.43384950693475,75.6544059647534,561612,0.0019435436267158466,0.02908726275172213,Consumer
2020-06-11,71.71207130377276,77.4261019801697,66.10731400980649,71.8134233733622,1905019,-0.05210426633497067,0.02788228268604491,Consumer
2020-06-12,75.97726464296916,82.21301035503964,69.6267602978078,75.85224518296788,1589709,0.05471589201825375,0.03360305842886105,Consumer
2020-06-15,78.84588059401466,82.75273866033204,74.5150186893549,78.39977181274533,1229749,0.033033711141141245,0.03811045466170327,Consumer
2020-06-16,82.26012570124811,88.18088765191553,76.33314874218509,82.25342866649775,1621117,0.04798405789110506,0.03775724187994729,Consumer
2020-06-17,82.27096747154589,83.49024363753513,80.23772122255428,81.44475268018462,705753,-0.009880165534789617,0.039822831683083704,Consumer
2020-06-18,79.06516941061194,82.92160447260608,74.99360988275053,78.83901413110249,1065035,-0.03251693162945425,0.037193130941836544,Consumer
2020-06-19,77.73117701759686,80.21332035213054,74.71391437863153,77.17840641919284,917734,-0.021288269218512384,0.03694950362040699,Consumer
2020-06-22,72.77151915429477,79.42252095372211,65.97947444151283,72.61628886449418,1182158,-0.0609304471192498,0.03549917203518351,Consumer
2020-06-23,74.1320662826814,76.29986098908118,71.8805516724033,74.0458244667421,944030,0.019494889909345683,0.04080478991576355,Consumer
2020-06-24,74.07199487175332,74.26552549399815,73.72383633483969,73.91696189673513,1242749,-0.00174182449187814,0.038587981470171576,Consumer
2020-06-25,71.6489497722173,75.85807395855502,66.90242617453784,71.07800963267303,1600061,-0.03916432550390163,0.035939963050035544,Consumer
2020-06-26,71.70165677375734,72.21304702818436,70.9074174692455,71.41677589748673,1497068,0.004754797191931274,0.03692453674803071,Consumer
2020-06-29,75.25243921181482,80.74641315335995,69.504726835778,74.97871707582306,1691634,0.04867150264796182,0.034556162195703906,Consumer
2020-06-30,72.43605484719434,76.21701007467493,68.63464578157107,72.4144745807648,1402210,-0.03479809638498032,0.03755848708425594,Consumer
2020-07-01,70.547362570174,73.03481181742794,68.66828764088098,71.139952859982,1290409,-0.017757100675203853,0.03755193854449239,Consumer
2020-07-02,72.20565427006245,73.61060949232905,70.66648494481464,72.06877684867588,1081472,0.012971793196986985,0.03571296213446688,Consumer
2020-07-03,70.02509500046568,73.3384154035414,66.52677934146105,69.83091173298048,1007429,-0.03154412384163787,0.03384630916874249,Consumer
2020-07-06,70.32002978472488,71.426062724668,69.36320792754668,70.46723785498246,1029164,0.009071117291497007,0.03414253765930953,Consumer
2020-07-07,74.76201548384842,80.90608529147279,68.31844923772972,74.43570205153259,1715852,0.05478780249445202,0.03232511527576213,Consumer
2020-07-08,81.24566292935226,91.76552494688471,70.63954522409284,81.1465774408819,2153638,0.08632142433399845,0.037231518333244354,Consumer
2020-07-09,75.00963021662342,83.79502819283981,66.40670425373459,75.17332761890349,1627506,-0.0764606352370497,0.04823543314594056,Consumer
2020-07-10,74.86119824262367,75.38289328584985,74.30344880824664,74.82489083125691,907821,-0.004645887370876882,0.05327532186434143,Consumer
2020-07-13,73.22934960224988,75.1260333192126,72.33054758111018,74.21513200697468,999897,-0.008182529964844256,0.04872212614632876,Consumer
2020-07-14,72.88379328754118,74.77468385424488,71.18279722899783,73.06935702246007,1462246,-0.015558978494552175,0.044823203036695784,Consumer
2020-07-15,73.4540472885801,76.68215110193233,71.30867724604919,74.50605510041972,1123716,0.01947131230770136,0.041756531179495425,Consumer
2020-07-16,80.00671924653143,89.5736560417891,70.87451086392159,80.39691009787207,1355414,0.0760953452294426,0.03939233576932124,Consumer
2020-07-17,89.49875210936472,102.92356492576941,75.86553873116087,89.25357497783632,2273694,0.10450573180371334,0.047010425745025584,Consumer
2020-07-20,84.9618234904759,91.41771838070274,78.39784025950567,84.84484656030824,1927646,-0.050657221679103415,0.059213185186724256,Consumer
2020-07-21,83.71564437250251,85.3665869153233,82.13158297321345,83.78128349723886,652726,-0.01261461869851224,0.05735751176788194,Consumer
2020-07-22,80.51290430914634,85.33543234024441,75.67981385485609,80.50166891292344,1450866,-0.03993171920682387,0.05249549138448463,Consumer
2020-07-23,77.19552940428083,81.75366718715041,73.34225798253252,77.86688457982281,1807114,-0.033277155222882895,0.05043612418079619,Consumer
2020-07-24,73.72068831079937,80.12620304867335,67.09952625151917,73.48452062196135,1840613,-0.057925980568429965,0.04797027680620294,Consumer
2020-07-27,73.65328761119406,74.32023463991929,73.1525271750681,73.8183519498803,1163156,0.00453259184454789,0.04943916311198142,Consumer
2020-07-28,76.16647326270925,78.26023778752649,73.11688785199001,75.18363481666832,971797,0.018326213053483087,0.04537032441690133,Consumer
2020-07-29,79.95231726657532,86.66287805162037,72.83696265959583,79.51043539981515,1350011,0.055954690782931096,0.04239281286831704,Consumer
2020-07-30,81.46758538040243,85.87863864801805,77.64942977718435,82.03393962132327,1475061,0.031244783516369834,0.04480356659243249,Consumer
2020-07-31,78.67774059016422,83.84015814184721,73.37061394173263,78.52286968292405,1490060,-0.043743143553772096,0.0430386237938639,Consumer
2020-08-03,77.15545753368174,79.22176052823643,75.06765036728513,77.13336161014219,1608059,-0.017854023211537225,0.043230520487853086,Consumer
2020-08-04,75.03475486218973,77.75079978036696,73.17175525265682,75.86713346752346,2046460,-0.016552326211629304,0.04053291555077509,Consumer
2020-08-05,76.1807935526434,78.44862146649918,74.64217340274841,76.89556510683833,867577,0.013464637459937093,0.03815010773103322,Consumer
2020-08-06,79.64205437051133,83.55521393989065,75.55205911660877,79.45608100805265,1792163,0.032756224922530504,0.03593798888642329,Consumer
2020-08-07,84.53758569801637,91.54632194859428,77.00955269165772,83.97134365640993,2205986,0.055271164833232855,0.03597466854380813,Consumer
2020-08-10,87.31596935552955,93.15922500585019,81.77489129106684,87.60011503493459,1260510,0.04230671743371305,0.03991962763820382,Consumer
2020-08-11,83.8581343545439,89.16464106478094,78.99780006365825,84.27986375608253,1371467,-0.03863933875384224,0.04053813127933604,Consumer
2020-08-12,87.24318316103407,92.13828417877691,82.50206882986407,87.38923296591707,1733911,0.036229110091186595,0.04047989433035458,Consumer
2020-08-13,88.40609529237783,88.44516877975072,87.32487470920744,87.36348738755274,1055989,-0.00029465153387640174,0.04009712880864708,Consumer
2020-08-14,90.11635582307828,93.46405839910454,86.22731014019188,89.5541266514294,845018,0.024765778608851576,0.0372322013032637,Consumer
2020-08-17,90.45840519256578,91.21716293727542,89.30092624378909,90.05631125727655,1175853,0.005591945772162069,0.036069253106001495,Consumer
2020-08-18,86.56005422003156,91.85211868881115,81.17364260661645,86.45956331358548,1277618,-0.0407583268168742,0.03384498920560707,Consumer
2020-08-19,84.03175186043732,87.7735707775368,80.19334997231059,83.93066775240806,1358134,-0.029685754366706636,0.03557489024858399,Consumer
2020-08-20,80.04871618700264,85.8454614543465,74.1836059633076,79.97501407619923,1348049,-0.04827681228351016,0.03527952458306522,Consumer
2020-08-21,79.13646716397677,80.86702972664925,77.09395031157352,78.81753851721402,1079305,-0.014578719728850317,0.03801727863069994,Consumer
2020-08-24,77.57977187459731,79.41821223907124,75.74896898024251,77.58723326360331,1013090,-0.015732648258828617,0.035890550844578505,Consumer
2020-08-25,78.46422349622091,80.31427971514466,76.82781893881422,78.67351039105512,696539,0.013903615214608039,0.03417064156739266,Consumer
2020-08-26,79.87880096984179,81.73711901920899,78.03532598131605,79.89330920384327,1296008,0.015385600569390506,0.03260525683854002,Consumer
2020-08-27,79.21301027253334,80.38780273073546,77.93405579966915,79.10728019605895,1083350,-0.009887201224144302,0.03140047331709911,Consumer
2020-08-28,77.95554674171659,79.90027650886694,75.86160673448985,77.80251897135979,937878,-0.01663110023112419,0.03005753302979622,Consumer
2020-08-31,77.06852131625557,78.20667871142206,75.90253898937173,77.04027930301552,1408726,-0.00984541527226134,0.029398184598789217,Consumer
2020-09-01,73.28409816684136,78.69875490569501,68.07008908731204,73.47141838740058,1469482,-0.04743192779838734,0.02838912532020107,Consumer
2020-09-02,73.71580035887997,73.9404716441396,73.39647254912272,73.62085445791902,1334709,0.0020318690987625103,0.032897144486377226,Consumer
2020-09-03,74.0750359414496,75.11548797963242,71.91025547847704,72.934690313047,1306615,-0.00936394675083449,0.031086925967217148,Consumer
2020-09-04,72.82927739607038,75.15028927255776,69.12594649811015,71.40145478941798,1281740,-0.021246143121489716,0.029770288841156067,Consumer
2020-09-07,73.76553003024792,76.83534999131507,70.3551179300655,73.4101483579882,1022136,0.027743942731411807,0.02960955703450345,Consumer
2020-09-08,74.57925490967408,75.4031165202724,73.13583413737695,73.95277515564993,1044827,0.007364528841129204,0.03027936009836055,Consumer
2020-09-09,76.91227933520055,81.18846869978859,72.47840017829736,76.74530612175033,921417,0.037065510661840856,0.029010466406638912,Consumer
2020-09-10,73.32558643624242,79.66789891291639,66.17892654398027,72.44507937141785,1903815,-0.057663477692866866,0.031294784565451726,Consumer
2020-09-11,73.82312497195822,77.17780439466927,70.98822220745805,74.3236796865737,1458362,0.025600855789447294,0.03717865424869211,Consumer
2020-09-14,75.5362185461307,77.47983859182564,73.63728575778921,75.57980994331281,629407,0.01675957860472623,0.036112496977747814,Consumer
2020-09-15,74.73210315780915,76.09544394286358,73.30403532698385,74.66617335191883,1021169,-0.01216202700442772,0.034429964734595295,Consumer
2020-09-16,74.58203597816214,74.93162402475318,74.42312574490644,74.77230838245023,1111535,0.001420451374307069,0.03271888158890589,Consumer
2020-09-17,72.86910843500942,76.50725580632492,68.71353644826765,72.32449270486302,1242046,-0.0332847709127688,0.03093093633013866,Consumer
2020-09-18,75.29190765902331,79.63282309019395,70.82527163304583,75.15849524127111,1308936,0.03843631687333928,0.03211790239126145,Consumer
2020-09-21,75.67355275235214,75.74810999729183,75.1337795415317,75.20787798115943,553932,0.0006568322505283214,0.033865178154408704,Consumer
2020-09-22,74.18712250290471,76.79282543471469,70.8868786792766,73.46729897141674,956792,-0.023415590593978106,0.031898980351018624,Consumer
2020-09-23,73.62756241188455,74.95726909150439,71.27712763392783,72.5880610185905,644735,-0.01203993573476601,0.031563894569229846,Consumer
2020-09-24,75.80469850703842,80.51018857704882,70.95876677475444,75.65496213021356,1549606,0.04138257181664891,0.030311178798861655,Consumer
2020-09-25,78.68926343133082,84.54414591786728,73.33987944873837,79.16258500616621,1787793,0.04532074431611757,0.03304378361606407,Consumer
2020-09-28,78.28380010868666,79.20025209121341,78.17183990246892,79.08714295723715,1071284,-0.0009534557261511338,0.035799564080268444,Consumer
2020-09-29,80.2279978725856,82.93645428982406,77.92079453668073,80.61803425565905,1139461,0.019172054620043094,0.03354733062917312,Consumer
2020-09-30,85.25962124758682,92.07717024128877,78.23287648987365,85.03224388370906,1476691,0.05330814981302301,0.032488057276906124,Consumer
2020-10-01,80.58004062490394,87.19947656898675,73.88776330952956,80.50067998847895,1544541,-0.05476489291681184,0.03702219493729649,Consumer
2020-10-02,78.60625708593217,81.63408145199236,75.43761636573497,78.45979934479026,1614513,-0.02567924809302115,0.04057577305250789,Consumer
2020-10-05,76.59768512493567,79.56578527770165,73.4961947089302,76.45891773427046,392583,-0.02583280985515276,0.03893620749945146,Consumer
2020-10-06,77.45305027546053,78.33742600273867,76.16345944660246,77.04315489957419,963154,0.007612144597127994,0.0375888642193954,Consumer
2020-10-07,77.46570586889703,79.71207513235444,75.87314266206694,78.10634154521675,1028016,0.013705533211692832,0.03519985628448578,Consumer
2020-10-08,75.01587612019921,79.92975588392828,69.8711662221266,74.76886568308309,1196089,-0.04366968716378096,0.0334574379182161,Consumer
2020-10-09,76.96182246326404,80.26817812455347,73.63578381143506,76.94125591349899,1394500,0.028640656327732262,0.035799111136848104,Consumer
2020-10-12,76.25316847828981,77.02607009114132,75.99988109810187,76.77106244138628,1028631,-0.002214442453059551,0.03533134820217327,Consumer
2020-10-13,77.02542407821248,77.39772688270439,76.64657267697997,77.01884367505758,669617,0.003222336944347695,0.03315688308531513,Consumer
2020-10-14,79.47974127004123,82.9172401809336,75.84337004013543,79.27187890340682,1390245,0.028833334180199822,0.03132188747591757,Consumer
2020-10-15,80.9937250027239,83.66368697147176,78.3479619027079,81.01715839003776,1298858,0.021777515068210733,0.031773458767268246,Consumer
2020-10-16,82.1066640456991,83.35656410304586,80.59765966382483,81.8435544346116,921111,0.010148587993223693,0.03128547858048776,Consumer
2020-10-19,78.52018884597291,82.9450415494401,75.16150816772219,79.54262637165861,823358,-0.028516493465896596,0.029974556072551888,Consumer
2020-10-20,78.96997155121673,81.2524780759769,75.76941151525254,78.0245933249673,1210599,-0.01926898271097742,0.03067177479924865,Consumer
2020-10-21,77.62027743908874,78.11097452894097,77.36132631897553,77.85125284548815,1731850,-0.0022240848109689455,0.03013802033438911,Consumer
2020-10-22,76.66062672023283,78.5039300938831,74.77108318696392,76.61324732389185,867156,-0.01602998786132432,0.028764252097487234,Consumer
2020-10-23,78.49818843170551,80.37927529228794,75.98153837916364,77.84702102678384,957308,0.015975628636907897,0.02829222217513799,Consumer
2020-10-26,81.01605715536638,85.34846006456073,76.35835097242321,80.67237519500678,1355427,0.03565056986901576,0.027904174867527522,Consumer
2020-10-27,78.36126221860258,82.558002768606,73.673869291785,77.84284534362402,1540386,-0.035704210908836354,0.030225136059708314,Consumer
2020-10-28,77.2752015435114,78.00393867601441,76.79141719301586,77.51863033030233,1312020,-0.00417369212746413,0.03196976198465832,Consumer
2020-10-29,76.16738789964496,78.02382820971985,74.63756253346821,76.48757193302333,757484,-0.013390029585823821,0.030335878114549308,Consumer
2020-10-30,82.95683369273868,93.61836978295757,72.53485245571987,83.16965190136723,1856069,0.08375425124204135,0.02937867142385814,Consumer
2020-11-02,81.60322088225182,83.51715749542112,80.56273754420117,82.46567739012846,1117711,-0.008500345344227703,0.04292669633074578,Consumer
2020-11-03,84.58458229230799,88.18550575863678,81.14024651576189,84.73504312521321,1115130,0.027147073246699124,0.03981205077540368,Consumer
2020-11-04,85.73016739811338,86.73262931066417,84.399595100711,85.39817495175615,822752,0.007795481590477189,0.03845184062478549,Consumer
2020-11-05,88.60255956838589,94.02167093018615,83.40018738605815,88.80727850694929,629709,0.03914388182967704,0.03594371527723927,Consumer
2020-11-06,85.50006739039819,90.23717252511366,81.07020266021166,85.79217341864533,1352931,-0.034540828371198824,0.036924206925123694,Consumer
2020-11-09,87.44915623298809,90.82045271180844,84.43009853962636,87.78964029080275,1575103,0.023015718111052203,0.03700916061362071,Consumer
2020-11-10,81.48414997397312,91.60777158016052,70.77125764407249,80.81128186152235,2282198,-0.08282691876821834,0.035709954739329086,Consumer
2020-11-11,81.66479443380791,82.09145891671908,80.1095640940776,80.53030132376392,516923,-0.003483055220790244,0.04635952399327997,Consumer
2020-11-12,82.97596946416859,85.93212938745606,79.52789514479757,82.46588234770824,1457030,0.023751132947505728,0.042675333893918886,Consumer
2020-11-13,85.61965130920576,90.63943872368813,80.68251189352638,85.69779335446015,911177,0.03844241627699429,0.04051622817846553,Consumer
2020-11-16,83.64521799624785,86.8630420189463,80.31457009265655,83.5278801385079,1088888,-0.025646606781854937,0.040434202131730566,Consumer
2020-11-17,75.9132294536934,86.55032860053448,66.04637279202275,76.59487477674762,2101671,-0.08665030441270118,0.038814971693113196,Consumer
2020-11-18,79.6146329797925,84.06788486670148,75.05790406585915,79.50502502144212,1303057,0.03729006189133836,0.04931047465044126,Consumer
2020-11-19,78.78058490904161,79.76866466625705,77.98623520128818,78.97238106551441,746182,-0.00672204290494978,0.04747421021544671,Consumer
2020-11-20,83.64258338297807,90.88979412700601,76.41164511543941,83.65756103484938,1644752,0.057633627713529895,0.043701468940834674,Consumer
2020-11-23,87.40407402236869,92.71354000100901,81.82311043724044,87.11501731742985,1846612,0.04049747137478215,0.046109651555641305,Consumer
2020-11-24,85.23111868753088,88.41589188950886,81.7966321146125,84.97171225290508,1480768,-0.02491087958654944,0.04524253254879548,Consumer
2020-11-25,91.13783327124631,99.70102643774314,81.96457522198187,90.4645031604546,1898414,0.06263913941579653,0.04278542029020388,Consumer
2020-11-26,88.91586075681857,93.02916295441693,83.65927594441158,87.71712383766034,1217183,-0.030840408468466488,0.04640067908490404,Consumer
2020-11-27,93.79189960436051,102.12944716216957,84.79899751024074,93.0726039172148,1388066,0.059262740833548114,0.04432931349352796,Consumer
2020-11-30,84.44786102888699,96.6766708551855,72.50558991662781,84.69889898230691,2141780,-0.09427727331206252,0.046892230651906806,Consumer
2020-12-01,83.35674718535816,85.35133118454628,81.36777144727087,83.36222474635031,979880,-0.015907336480428726,0.05650075818856684,Consumer
2020-12-02,85.49673373656486,90.07280992180061,81.46990938229105,86.02127988450084,1328628,0.03139944009776553,0.05188280104034052,Consumer
2020-12-03,90.03791673171254,95.1238165057504,84.27690664326022,89.32238897321031,946454,0.03765746668108286,0.04900355865446124,Consumer
2020-12-04,85.22193508225011,91.0807462224543,79.72853965139835,85.56522252533524,1116979,-0.042973251159261865,0.047263005915477996,Consumer
2020-12-07,95.12972695134047,108.18777221241999,80.89409990100273,93.7647855760951,1646635,0.09151044354241858,0.04651922645329302,Consumer
2020-12-08,92.90588014052999,95.30823793391377,89.7791304438358,92.16225972003872,1424006,-0.017238649048190675,0.05556397155936329,Consumer
2020-12-09,88.5777586209276,94.04958879534179,82.98028808433126,88.44384589192681,1647637,-0.04118287524698023,0.051131786605895055,Consumer
2020-12-10,89.99339300038471,92.5667802108849,87.51305994417763,90.08395125335802,1266116,0.018374186322741057,0.0494567696402614,Consumer
2020-12-11,94.6592071604795,100.06527611195922,88.23549932858859,93.57992982045106,1197946,0.03807390824162592,0.04590663632911179,Consumer
2020-12-14,90.73755431476279,94.5650496711187,87.74176132921389,91.54267481049234,792273,-0.022010680569713517,0.044759119523974364,Consumer
2020-12-15,92.24135380913818,92.80670079474285,91.35412122794418,91.91748321161126,1099320,0.004085998034926758,0.042135181657617586,Consumer
2020-12-16,89.27341732767701,93.79458980533857,84.36536783412889,88.86590206533972,1560734,-0.03376273783767491,0.03902311025081882,Consumer
2020-12-17,83.76184288115515,90.93755818455716,77.24859609884012,84.37651503915416,1396924,-0.05183941007248612,0.03859055424404246,Consumer
2020-12-18,80.35561159377717,86.1397560143007,74.82353471338554,80.59144331436573,1746158,-0.0458966235269128,0.04116410289304764,Consumer
2020-12-21,78.84464555191826,81.17328980094848,77.08503204076047,79.40125418968998,1281967,-0.014878317555917491,0.04208992398742489,Consumer
2020-12-22,76.68460331420235,81.09202102759512,72.02442771240757,76.41643240735915,1705635,-0.03831640705704742,0.03937580489346183,Consumer
2020-12-23,73.69452835182086,77.87695512932795,69.40329586926778,73.57917598966016,1406121,-0.03783570613311567,0.0395042436488864,Consumer
2020-12-24,78.31493377763765,85.73164153783857,70.93586261057088,78.34932950112868,1839007,0.06281536024805033,0.03953731543498102,Consumer
2020-12-25,76.35694358479462,79.24244568189359,73.61639557308536,76.49687534112577,1103375,-0.02392751624188897,0.04407294943509002,Consumer
2020-12-28,81.20833423087389,88.58430021858415,73.87256256538105,81.24519850229854,1232035,0.06022182932306238,0.04171113523451838,Consumer
2020-12-29,90.87470393602212,104.50590952642543,77.21479095464476,90.84093053487618,2163725,0.11163823674639617,0.04512045379973736,Consumer
2020-12-30,103.34686534869114,118.8488951509948,87.79659356839788,103.2901100804681,2618631,0.12843167090603266,0.05998457023645369,Consumer
2020-12-31,103.62884067732536,104.50569941478003,101.84001246631469,102.70908869304712,409841,-0.005641021242886122,0.07384255579893587,Consumer
2021-01-01,104.56110833756206,106.5268072999798,102.04920974126854,104.00444367352439,1313897,0.012533015341751101,0.06683525720482095,Consumer
2021-01-04,104.69697287101475,106.7360522912891,103.06079692187146,105.09367676114397,1288107,0.010418486190993875,0.06080396989951513,Consumer
2021-01-05,104.68458434872514,105.19795979671194,104.37170768483233,104.88448567655611,755018,-0.001992503900100233,0.055443484131227745,Consumer
2021-01-06,100.16114895775563,109.10892733510757,89.99236568859254,98.82036687648126,1075707,-0.05955588216562089,0.05059426308245382,Consumer
2021-01-07,95.40645053646712,101.35883922277512,88.88021434786467,94.79441848101011,1598571,-0.041593195238811935,0.05176735487316343,Consumer
2021-01-08,88.0483426803761,98.69129723594354,76.88391876521769,87.45517321268287,1947901,-0.08058417479590269,0.050033851620451125,Consumer
2021-01-11,86.52307495700973,88.04361401219172,84.91752062602153,86.43653891425488,959823,-0.011715865437726632,0.05546873381024977,Consumer
2021-01-12,93.44743978583016,104.84205703371677,82.25077423680693,93.62421113287208,1982048,0.07987852547331842,0.05081351758984133,Consumer
2021-01-13,87.66990903245966,96.27691865683332,79.15623306557967,87.75498127490303,1364891,-0.06474038858439495,0.05588110307296402,Consumer
2021-01-14,87.08225502588886,88.79874763240909,84.90218518657707,86.6093564109637,1188365,-0.013140775971024466,0.05680542079440792,Consumer
2021-01-15,91.24313818920626,97.8565601278177,84.30881209536123,90.89715685453218,1758682,0.048320871537010014,0.05203255388957859,Consumer
2021-01-18,93.71859740590526,96.9317678463698,89.81021833790713,92.99870712239982,1398434,0.022856868180587898,0.05114826805798955,Consumer
2021-01-19,86.91916514878224,96.43334204489243,76.99071995821191,86.45397737322772,1917589,-0.07297337228848952,0.047657966004848326,Consumer
2021-01-20,89.47872924286848,94.70977660485062,84.50210296705917,89.71974549185008,1045967,0.03707865409592827,0.052113264515366874,Consumer
2021-01-21,85.38569879504335,92.8824918803198,77.18946595585793,84.61893809134197,944323,-0.05853277688629854,0.04978812970170402,Consumer
2021-01-22,75.7722840825037,87.68230791972091,64.40644147012814,76.24548514758341,1581536,-0.10419989351284842,0.05096076120760112,Consumer
2021-01-25,79.23049853018351,84.64067603872597,74.17184411050697,79.56092479027755,774248,0.042564875172400936,0.06169474870278553,Consumer
2021-01-26,81.61404901417252,84.12119137990943,78.71246356634049,81.20710481170887,1772622,0.020479663293440472,0.05845304871233147,Consumer
2021-01-27,89.8998112545053,103.4485107594134,76.4148395663295,89.955226747316,1800899,0.10230932493928852,0.05381746569938853,Consumer
2021-01-28,87.88409918028799,90.76698738988003,85.4132712242547,88.28489131570055,1383504,-0.018743079268257353,0.06314376760119582,Consumer
2021-01-29,79.7878110885891,91.75598275187745,67.3153655195688,79.19454767008095,1858331,-0.1086615327909683,0.05781352577526724,Consumer
2021-02-01,78.01182611007498,79.77993702432617,76.2389313354061,78.00693131073209,1649561,-0.015109768201523493,0.0674167806731113,Consumer
2021-02-02,71.32753583278289,80.73787907977197,62.4242816186856,71.778352921121,1896626,-0.08321474645238155,0.061402472404021975,Consumer
2021-02-03,74.3811838584231,78.25196965748266,70.44507712505582,74.31227702257661,1452359,0.03469323466202768,0.06445863012763664,Consumer
2021-02-04,66.59760325243698,76.61834150174838,56.60796276457143,66.62464478412903,2103886,-0.10920162300776282,0.06003728073490963,Consumer
2021-02-05,61.00595702971668,69.21589029884942,52.710866533706316,60.90755760957805,1675477,-0.08971728520581003,0.06908204710750336,Consumer
2021-02-08,69.01794859119592,79.3706408798753,58.51394991260538,68.83994107365339,2753064,0.12242684965735508,0.07159079602683399,Consumer
2021-02-09,56.233143313987426,64.66811481108553,47.450734022794116,55.82439296799308,3161125,-0.209573191523954,0.08030220226219385,Consumer
2021-02-10,46.79693833072719,53.81647908033626,39.74345274906187,46.75700323419044,2386567,-0.177246877512699,0.10884343499429361,Consumer
2021-02-11,51.17251649721637,57.49706259069482,44.49758283015092,50.772716601515704,1699080,0.0823950892184151,0.11954071695989561,Consumer
2021-02-12,44.34629668409683,50.99824118671135,37.6067640595262,44.243251834736704,2534063,-0.13765627662021934,0.11202825098217542,Consumer
2021-02-15,53.57081107785971,61.9683637077402,45.53518941618075,53.88553365890453,3192756,0.19715919074860794,0.11394143578365853,Consumer
2021-02-16,46.5314377825362,53.736064485525645,39.55172211515577,46.72701259610926,2541669,-0.14253962403123163,0.1277375536216745,Consumer
2021-02-17,60.71927291894049,69.91583637551712,51.61138198109941,60.79637945697141,3107854,0.2632078131620054,0.1272836900276106,Consumer
2021-02-18,58.040448950065716,62.857348253643465,52.7499573302954,57.52399503382581,1375649,-0.05532807310205229,0.1531426235052301,Consumer
2021-02-19,71.34569593916076,82.06657938969366,60.643841548286645,71.36224294755971,3168934,0.21556675352589777,0.13900111459347955,Consumer
2021-02-22,72.93880743132044,75.65646728484509,70.35471025266531,73.06780011602491,1174385,0.023618859604455186,0.15009131110906448,Consumer
2021-02-23,75.586764474525,79.57204699465451,71.66021125191746,75.6425935822533,1334254,0.03463175288164727,0.13492812499884016,Consumer
2021-02-24,62.04512842762093,71.97511890070803,52.73835916347779,62.587059913659154,3494231,-0.18946098560987676,0.12183752656185379,Consumer
2021-02-25,61.94028347566274,62.828714289535746,61.21142903037952,62.098003939584494,1086857,-0.007844700350993142,0.13175669266951198,Consumer
2021-02-26,56.33667370583787,64.65347310211665,47.96949424783784,56.277568072195976,2073260,-0.09841782565657516,0.11830930542060551,Consumer
2021-03-01,58.76583140452877,62.17444233478677,55.103398187113676,58.496380055526906,1327132,0.0386688528440277,0.11291848236816725,Consumer
2021-03-02,54.18669941511766,60.5570579740353,47.72815168159351,54.08676118876025,2004204,-0.07837542702887428,0.10259024785672877,Consumer
2021-03-03,60.84970999025745,69.97716648879606,51.65756743875833,60.77360875148039,2011713,0.11656618224883082,0.09716590605010479,Consumer
2021-03-04,67.50367728679893,77.62922887981877,57.122780216910776,67.20327084342445,2179553,0.10056629145938734,0.09844349580058796,Consumer
2021-03-05,66.89977908770511,68.10536995408229,65.20413042617099,66.4007279672962,1052261,-0.012013899824658225,0.09679842115983334,Consumer
2021-03-08,78.74588153705513,90.5577637676134,66.67072492844001,78.4361469746353,2728591,0.1665768596663741,0.08727884932547356,Consumer
2021-03-09,75.22761139543108,79.5898478913663,71.6903311279895,76.01551937403892,887409,-0.03134735772169266,0.10176568949360883,Consumer
2021-03-10,66.12549358907776,76.04431762743943,56.112756450294874,66.01500758858221,2253846,-0.14105541784631642,0.09237100720414089,Consumer
2021-03-11,71.95624564579832,81.40412040998005,62.57134679125818,72.01195558265468,1773314,0.08695005110686214,0.09955107740801099,Consumer
2021-03-12,66.9156868441538,74.35404534210407,59.435230900978866,66.86832460479437,2123163,-0.07410677375021854,0.09572032343551462,Consumer
2021-03-15,64.54918134214905,67.96487179274763,61.13817666669053,64.55363193251627,753872,-0.03522900011572224,0.09084974596678592,Consumer
2021-03-16,74.72361112673487,85.93215279574508,63.49616451548938,74.7013700182228,1989168,0.14600205111683912,0.08300062313715881,Consumer
2021-03-17,67.53225412515228,77.66209224392512,57.20981108907781,67.30566010479743,1854574,-0.10425409652976689,0.09385506162415506,Consumer
2021-03-18,81.0889615424736,93.68685159538082,68.92561731110256,81.4668274742442,2735810,0.1909515768222727,0.09368754223729453,Consumer
2021-03-19,87.54634019740261,96.88115328309948,78.14213703808625,87.46866818132322,2059578,0.07108473877680785,0.11221078450848085,Consumer
2021-03-22,83.76236196863513,89.58313094553378,77.70572869997207,83.50888305674863,1312232,-0.04632764119902476,0.10455125126487981,Consumer
2021-03-23,87.41328061461967,93.81476284999734,81.18273376331835,87.57284289544027,1346976,0.047517927157773816,0.09574293114220737,Consumer
2021-03-24,93.10466629305667,100.78620850232365,84.89085621767632,92.52453506296499,1803975,0.055002916002000954,0.08815928822969758,Consumer
2021-03-25,90.0312437982103,94.09650770297861,85.72685263496598,89.78080839884258,1764466,-0.030102615738449637,0.08228879751364697,Consumer
2021-03-26,85.77416447673804,91.40376145533021,80.73706434985101,86.3337968376784,1031838,-0.03915009573971106,0.07518698077551796,Consumer
2021-03-29,85.56488344565517,86.3584740172028,85.49142719958674,86.28440007625139,877757,-0.0005723239340749938,0.06965899196783404,Consumer
2021-03-30,81.46641789077056,89.1909891637355,73.31869644368822,80.99894208841012,1968762,-0.06321272390890344,0.06310268823736942,Consumer
2021-03-31,78.4540411649674,83.23802711041206,73.02978580577515,77.77219393690245,1583822,-0.040652131060062165,0.062329260222014515,Consumer
2021-04-01,76.21347090294633,78.92636036813582,73.24488590313801,75.9483377052697,1506773,-0.023730620786135536,0.05878638199292036,Consumer
2021-04-02,85.83473153036893,99.30346709712924,72.95952180081359,86.35084095402543,2507444,0.1283652013413477,0.05430600630398397,Consumer
2021-04-05,86.39392589197065,86.76709363946601,85.7306350288201,86.10254418952897,1079186,-0.0028795832086774787,0.07022077750823746,Consumer
2021-04-06,87.41986299423561,88.48718232581581,85.74640072099159,86.80622811253274,1051061,0.008139411304046237,0.06360825319883785,Consumer
2021-04-07,86.60127173367427,87.5862828310595,85.17060535216433,86.15048920622908,887975,-0.007582730042844703,0.05785106224143544,Consumer
2021-04-08,84.98641802378798,86.4819200259642,83.99005649996656,85.47977450248341,1348100,-0.007815849065376803,0.05278277172719664,Consumer
2021-04-09,87.34724969076103,88.8820801336014,84.96729189412899,86.48700649240928,1418790,0.011714396261467452,0.048352661947985785,Consumer
2021-04-12,81.95767723098541,88.51162382867165,75.55485638466176,82.09785203557543,1326826,-0.05208233536014179,0.044620264409016626,Consumer
2021-04-13,86.30228667825938,94.62553811963986,78.76167821677782,87.02204152722673,1286931,0.05824958412047213,0.04582204540643495,Consumer
2021-04-14,87.5127470290865,87.71454353290862,86.68801090480643,86.88836764607021,1052818,-0.001537273221504183,0.04784015033123018,Consumer
2021-04-15,86.58671021823668,87.47090311588866,85.4176075065598,86.29886098957255,909926,-0.006807764497372432,0.04394654102788291,Consumer
2021-04-16,85.93943624845971,86.4770684926061,85.83302737007959,86.37012634042739,1075915,0.0008254563370455616,0.040644687515960426,Consumer
2021-04-19,81.45004523097722,88.92471431251246,73.788600996838,81.24439781937252,2111167,-0.06117998715522271,0.037705367062803016,Consumer
2021-04-20,82.65134434655491,86.10538103934194,79.73955028318096,83.17513394936594,1620939,0.02348656343821723,0.04241231411417622,Consumer
2021-04-21,79.49017468686846,84.7940729149973,74.42941680373187,79.71876197632099,1689756,-0.04244346678124826,0.040271408097262394,Consumer
2021-04-22,86.6011626514545,98.72689348529154,75.06550027341889,87.12187049278721,1676982,0.08880298312285897,0.04083682442319236,Consumer
2021-04-23,83.31251472781935,88.6922982130483,78.43504841280081,83.78705056676985,2012840,-0.039029480992566694,0.05115674398262978,Consumer
2021-04-26,83.63654145232782,83.80716367387488,83.57625259141558,83.7467953371616,1085087,-0.0004805623623784719,0.04921488618198595,Consumer
2021-04-27,86.30058318634653,89.64596243022194,82.60788598090527,85.93925874604966,1455230,0.025842847717894885,0.04514109722361969,Consumer
2021-04-28,87.81413633664341,89.95057915843452,85.21949268271429,87.34450989489103,1583193,0.01621942974041494,0.04278262314967812,Consumer
2021-04-29,84.32697974681028,90.13641865806699,77.6764790084034,83.42368854704574,1506176,-0.045927878429888075,0.040046757172329674,Consumer
2021-04-30,79.71919647921014,85.00797242540825,74.778881775445,80.0473232290902,1845949,-0.04131430422410677,0.04122377603490754,Consumer
2021-05-03,79.84777804355979,81.16049707254564,77.8731257380399,79.17478050580372,1029573,-0.010960179992065383,0.04141920482685877,Consumer
2021-05-04,79.70597506456254,80.23931608394412,78.29494749544737,78.82237603958069,1038919,-0.0044609037063998965,0.03860646648697852,Consumer
2021-05-05,81.13517329421545,85.59969930952617,77.06030487726294,81.50619689816303,1470926,0.033482136468533166,0.03599100377830302,Consumer
2021-05-06,83.28898900658727,85.49607899271653,80.76054652907831,82.95888913910626,1746444,0.017666120595722545,0.036117030633075024,Consumer
2021-05-07,83.36730604706452,83.73691314705337,82.83556437198249,83.20444945086872,1063718,0.0029556518617357063,0.03450167668296391,Consumer
2021-05-10,84.98885002305464,88.81969532710828,81.61955653761697,85.432801839295,978143,0.0264292981532181,0.03245925040474268,Consumer
2021-05-11,88.40839238918278,94.77474834523674,82.80138068726832,89.12244989313595,1878381,0.042281142098152945,0.03236755350039581,Consumer
2021-05-12,92.32492133207549,95.61942827258243,88.01123036203221,91.26802312495266,1101183,0.023789221032077933,0.03473155715267339,Consumer
2021-05-13,88.51859091721754,92.42268721376863,84.97245889913391,88.86276719362806,1156796,-0.02670724858540323,0.033910380496191626,Consumer
2021-05-14,89.0255158810997,89.75782741576737,87.64981058836888,88.37678575911308,368804,-0.005483907449977472,0.033569669247217396,Consumer
2021-05-17,90.55513589884171,93.85751949064378,87.2494863305781,90.55174631015255,1308978,0.024312139111146148,0.0317182777091072,Consumer
2021-05-18,91.38303800281815,94.22396845612158,89.1878099571734,92.01359304673215,1343946,0.016014846909751825,0.03151985610515371,Consumer
2021-05-19,87.89243254096199,93.8829352495097,82.02701602258203,88.00969343849138,1378753,-0.04448935552099555,0.0305495067283106,Consumer
2021-05-20,84.39812672222988,90.17685294908215,78.32553674977684,84.08266324268145,1394029,-0.04564655995166921,0.03381587352524708,Consumer
2021-05-21,85.78946682934995,87.1677164190016,83.62268122049277,84.98805575063886,968097,0.010710324865352927,0.03643284105218264,Consumer
2021-05-24,85.25154861459158,85.75966155663833,84.78849342155297,85.29636294854862,856260,0.0036210892006354276,0.034337853522244124,Consumer
2021-05-25,83.667859242028,86.01762621621235,81.4691217303266,83.81502137825036,1529748,-0.017519571088351924,0.03233013131216634,Consumer
2021-05-26,86.56386605219163,89.62972010901545,82.77814602856013,85.81756827051836,1437471,0.023611499783488095,0.0313405522956681,Consumer
2021-05-27,88.82569888393193,92.39832501670463,84.6043472337882,88.14978779234565,1542081,0.02681375756236969,0.03113534346786389,Consumer
2021-05-28,88.16069714029766,89.251659775968,87.50212195099797,88.58987852972959,1293569,0.004980111778166755,0.031358799873106025,Consumer
2021-05-31,88.47374456304019,88.737824842475,88.14986793100009,88.41376919334382,1406678,-0.001989895652012015,0.02983990098146552,Consumer
2021-06-01,91.96604258665126,97.18014946060065,86.61373255391302,91.81953291534114,1890286,0.03779733422827677,0.028511922158507973,Consumer
2021-06-02,95.55415048531378,102.58063597989545,89.07416809906479,96.06594628133477,1392549,0.04520984421459837,0.031058646708330095,Consumer
2021-06-03,96.02262244765636,97.28436717855116,95.29484825939078,96.55257636615036,1243528,0.0050527967244546005,0.034326391164358205,Consumer
2021-06-04,98.5053281581352,100.87959207876668,95.75167916611106,98.11657295967511,1181980,0.016068598961604553,0.03234919655116062,Consumer
2021-06-07,91.92859805735098,101.30278372313127,82.32049473757122,91.66811867932525,1406808,-0.0679816427377841,0.031239500554471573,Consumer
2021-06-08,87.72998459374978,93.2069406867375,82.97542748921327,88.41524562184806,1210485,-0.03613023245171623,0.03967304725268051,Consumer
2021-06-09,86.33975177238656,89.6715824062591,82.84437359585921,86.16963964281959,1553751,-0.02572650924961416,0.03943310280973327,Consumer
2021-06-10,85.00453476067428,86.50616622025859,83.99261826608473,85.48848861086492,1098826,-0.007936176561548835,0.037990178592472654,Consumer
2021-06-11,84.8148521414974,86.48939032136326,82.70486829133247,84.37063611220607,1299418,-0.013162303044693303,0.03555348605063624,Consumer
2021-06-14,83.27422315878474,85.04727634278552,81.41041832053493,83.1814972076076,1121184,-0.014194493940179553,0.033722799846665756,Consumer
2021-06-15,78.4138935909214,85.34288187868313,71.52041795713106,78.44653655594249,1582925,-0.058607603985360246,0.032249098163069506,Consumer
2021-06-16,78.14120105532619,78.48023632969378,78.04032168214617,78.37904989645222,981001,-0.000860658839959892,0.03804249140895949,Consumer
2021-06-17,76.83143013706156,79.07199747373858,74.71686334403074,76.95405575891489,1222426,-0.018348105623428628,0.035466830026468756,Consumer
2021-06-18,75.36385385418541,77.75400089784927,72.95456242922775,75.3440824266807,1092987,-0.021143177809425196,0.03401197984087981,Consumer
2021-06-21,75.96703466120856,76.89375756898869,75.03270092617711,75.95932984277043,1058479,0.00813267589828538,0.03305309234155372,Consumer
2021-06-22,75.87597758030616,76.034405592195,75.69528726807351,75.85366869932149,1612143,-0.0013919909563046456,0.03136760420021594,Consumer
2021-06-23,77.89067031078844,80.8821777062334,74.83209975434774,77.82092861595773,1311930,0.025604327908239213,0.029789795575540443,Consumer
2021-06-24,76.09521932779698,79.55875938733062,72.05878366562547,75.49500442193415,1552366,-0.03034391288642086,0.030137730131695163,Consumer
2021-06-25,76.80043446577064,78.42287168551837,74.9482867191696,76.56576649229483,1096380,0.014083576749129332,0.031060250793924927,Consumer
2021-06-28,77.65953200306612,79.25855533158534,76.02572269660752,77.624014718024,1143841,0.013726783111493052,0.030025712541295397,Consumer
2021-06-29,79.41372994640155,81.70168977779078,76.84958954147432,79.12935639070567,1383241,0.019207088689688304,0.029146156128699006,Consumer
2021-06-30,80.51590351778276,83.97629116601357,77.6132145883258,81.05419618031105,1091794,0.024034083558956875,0.028895251721568923,Consumer
2021-07-01,86.1603081934032,93.80600036380481,78.36299908546762,85.99392691655356,2227752,0.05915865693237311,0.029233440329870578,Consumer
2021-07-02,89.86824346113941,95.21210343748002,84.15112400042365,89.47138550331665,1302760,0.039642182603701635,0.036175091296670084,Consumer
2021-07-05,89.3546636602024,90.94754119639396,86.83825787062743,88.41437335725479,1380308,-0.011884308148697108,0.03718380266319889,Consumer
2021-07-06,90.8856661606694,94.99050098575219,86.92308439285861,91.02197615221829,1312873,0.02906642257394513,0.03503275126824257,Consumer
2021-07-07,93.67344122189276,98.06746953668865,89.42710249569434,93.81472617988494,1714264,0.03022086567126845,0.03476439942419707,Consumer
2021-07-08,98.2042213776687,104.5865610689156,91.60173908150752,97.96877713811925,1237371,0.04332698806433874,0.03469648227339795,Consumer
2021-07-09,96.8202227584907,98.4350888375657,95.41047393795837,97.02239627380862,1168049,-0.009706986001941793,0.03666961807719952,Consumer
2021-07-12,100.83133751562261,107.21472240376244,94.67979833969713,101.04985204788031,714498,0.0406721384276812,0.0344943843042375,Consumer
2021-07-13,97.70745737063322,102.39058144816872,93.59080145685311,98.25102374382965,974699,-0.02808830922130072,0.036055838160619844,Consumer
2021-07-14,101.4355717056986,105.04457441451466,97.02974193237945,100.60934821991918,1713424,0.023719507520084313,0.03547339481369889,Consumer
2021-07-15,97.54475578941079,101.97085220975555,93.34788596564718,97.76452672632269,1116466,-0.028683379164768357,0.034512050753847535,Consumer
2021-07-16,91.93815418397965,100.93593186590545,82.62584553033093,91.58950135415819,1796429,-0.06524514776110713,0.03429687673586909,Consumer
2021-07-19,93.09825199430973,95.35560281847292,90.8250863612216,93.08204419531641,931487,0.016164648822129354,0.04098243525003882,Consumer
2021-07-20,92.66235422738785,94.04000537741204,90.79376540606174,92.16400741934495,1200470,-0.009911620610915493,0.038507692477611724,Consumer
2021-07-21,90.63462599157754,93.40313404625113,87.54769666302398,90.30617181898515,1623486,-0.020363873257672808,0.036069515347873206,Consumer
2021-07-22,89.68039425889809,92.37774629443555,85.85117050127475,88.51342309196069,1060990,-0.020051592159229185,0.03468444968645967,Consumer
2021-07-23,89.07953964497626,90.4472476735997,87.91990718162326,89.28494130295476,1511914,0.008678629368574706,0.033506996168860784,Consumer
2021-07-26,91.8677896130418,95.6284268250459,87.99907438589243,91.75509855350141,937677,0.027290212219425118,0.03177220207926426,Consumer
2021-07-27,92.91987055141273,95.43938319275708,90.70948594598356,93.22181588976692,744580,0.015858714914345838,0.031926346681380134,Consumer
2021-07-28,93.95161818520108,95.84180151997808,92.38138849078591,94.26631228841947,1269388,0.011142115660139566,0.030873258910356582,Consumer
2021-07-29,97.53416629454459,103.37615345782832,92.04632635999005,97.8694485896963,1621265,0.03751054728166909,0.029684145664046303,Consumer
2021-07-30,100.57774250478192,102.85698362486345,97.10762376116584,99.35925207728484,957719,0.015107657442023999,0.03187436237243037,Consumer
2021-08-02,101.75626252586154,105.57703925610248,98.00998231825203,101.82811375823702,1198500,0.02454414181900197,0.030773627968230126,Consumer
2021-08-03,111.06719229916425,124.1755421821496,97.16198100695702,110.1636989830855,1966580,0.0786811995611777,0.030789205532236793,Consumer
2021-08-04,103.51742148857598,114.02218565536138,92.50946321421584,102.9573971002374,1850463,-0.06765214985540505,0.042272802326116694,Consumer
2021-08-05,108.80434214236335,118.36314056202569,99.47406691567818,109.01481656747175,1597327,0.05716852252383532,0.04707561853243223,Consumer
2021-08-06,106.91504072179907,110.029197850563,103.81175850795508,106.92560888845064,1421720,-0.01935045616839498,0.04861200554701072,Consumer
2021-08-09,107.75533723011823,109.95065967432573,105.94257087929411,108.13156406534415,1067396,0.011215322893645243,0.04524011151324483,Consumer
2021-08-10,99.39828470043545,111.87127249093031,87.1738455416332,99.61961335826359,1618444,-0.08198960505635834,0.04190705992939579,Consumer
2021-08-11,108.34513712765062,123.188927572999,94.01742690637647,108.80094119395024,1666555,0.08816091859230347,0.05013287981091271,Consumer
2021-08-12,102.71516843826498,112.53864035650363,92.31769044582569,102.08046014026986,1744941,-0.06375865783408531,0.057240690470714534,Consumer
2021-08-13,102.79181220379226,104.4508628014579,101.370190066907,103.0260017965907,1410576,0.009220073767917053,0.057714576007902155,Consumer
2021-08-16,104.9315305009833,107.97541083778403,101.95246138130182,104.99455248612527,822758,0.018927066729185316,0.052702270264765705,Consumer
2021-08-17,113.80354297086288,130.5954185113083,98.32510751156694,114.95972990836013,1319935,0.09067342460072544,0.04874175326241333,Consumer
2021-08-18,114.2699351287776,116.62468780243626,111.05457217716331,113.39121717044708,976915,-0.013737954029669212,0.05686701414879017,Consumer
2021-08-19,102.54938007377926,117.57316195300191,88.90340636022451,103.76537855086498,2442625,-0.08871156317562749,0.05210945735370075,Consumer
2021-08-20,105.5143636271346,107.55362593906382,103.07953550608623,105.11100210256149,517418,0.012884579513335563,0.05876034081518953,Consumer
2021-08-23,115.24573425048692,130.18209772668388,99.74454736628138,114.59680695809787,2626062,0.08640298676179338,0.05373196423507243,Consumer
2021-08-24,131.61227412195203,153.0054078397969,111.87043300365922,133.0481807302582,2635502,0.14929138235310432,0.0594097685793429,Consumer
2021-08-25,130.52777176915842,133.98511147740822,127.68857597687229,131.13275626763425,1087595,-0.014501107076315375,0.07916314804791419,Consumer
2021-08-26,115.74974412120635,133.1122057393873,98.18314329494422,115.5095803469932,2047434,-0.12685674342530615,0.07172855444696066,Consumer
2021-08-27,122.16570695737494,131.5642775619727,112.234304986792,121.58846679131265,1581523,0.05128864631859964,0.08142409607303955,Consumer
2021-08-30,121.42999996927907,122.31005244334428,120.99843176914521,121.87689595287577,1060541,0.002369366165653954,0.0761477873823555,Consumer
2021-08-31,128.24449479576842,139.2479122230505,117.74726417919902,128.71238339683057,1695258,0.05456884332948774,0.06884497442069958,Consumer
2021-09-01,147.17603966564528,169.25244561549206,124.69752283270392,146.7029680384752,2110146,0.13082958790913654,0.06586629032925073,Consumer
2021-09-02,140.10597531293925,149.584714883274,131.09596458394208,140.54638222849582,1596848,-0.04287236005398772,0.07834635742815929,Consumer
2021-09-03,134.01674753533732,142.88027647267967,126.83821457985871,135.6160763536556,1542882,-0.03570963125876374,0.07270644583734324,Consumer
2021-09-06,148.40309558177066,167.98494058136438,128.54620929868375,148.08624585628897,1628835,0.08796692064869616,0.06723286754061851,Consumer
2021-09-07,141.82800762242732,150.6860089830337,133.7596922984427,142.57518804033094,1625362,-0.03792535037914366,0.06983504601165223,Consumer
2021-09-08,143.08741112226593,144.34783358954124,142.02422550704372,143.28319324996383,1777051,0.004953548356133741,0.06494071720705577,Consumer
2021-09-09,140.38761368325862,145.27837483670854,135.11674105550225,139.99378207894318,1381599,-0.023225036383833813,0.0589704845434639,Consumer
2021-09-10,133.0871762343561,143.04870315185173,123.47434588115642,133.41238323479377,1792539,-0.048153050880836316,0.05443275470787137,Consumer
2021-09-13,148.90908447808775,171.2454471498009,125.48510855879469,147.62953948093494,2700794,0.10126106710697685,0.05308622490288509,Consumer
2021-09-14,151.53878943692038,158.49767838170854,144.9978139532679,151.93941060447915,1420800,0.02877580280691205,0.062390611283255654,Consumer
2021-09-15,169.58697187757122,195.1372078239831,144.14892609593554,169.684528542594,1593548,0.11045917168952955,0.05777783074082991,Consumer
2021-09-16,172.5651385777603,179.1406515359992,166.89549873930957,173.44219591662082,2118725,0.02190338050577503,0.06782924495852315,Consumer
2021-09-17,164.30795719273863,177.180263467866,152.6028121450932,165.39750038333713,1745032,-0.04749270920951168,0.06206938769596317,Consumer
2021-09-20,166.0095802400931,169.49200090143228,163.56310397114805,167.03047967996693,1001898,0.009824638896971294,0.05933313345315847,Consumer
2021-09-21,175.95755999490606,194.3473349312174,159.53293160869617,177.75493216796428,1747443,0.062229507261809376,0.05413700314678153,Consumer
2021-09-22,187.41980114556864,203.346826858155,171.9300881586828,187.82373027841214,1301419,0.055098102022688666,0.05500480727971733,Consumer
2021-09-23,179.81187576427888,191.18773976397733,169.35806023062563,180.6832638905047,1053645,-0.03875834299679401,0.05455083121345143,Consumer
2021-09-24,177.77439388009077,181.9537419951229,173.91345694411365,178.0860367422301,816004,-0.0144787891053322,0.05201889965811795,Consumer
2021-09-27,165.3332405685567,183.1813500138358,149.094770616332,166.79892546391025,1887253,-0.06547773815833197,0.04791886932521028,Consumer
2021-09-28,154.64728069537998,173.59662135956978,134.87994513806478,153.71505809999297,1752524,-0.08168843137313538,0.0507944343316758,Consumer
2021-09-29,167.65759974052966,189.35947337664544,145.8785703935242,167.56897189673555,1374539,0.08629442256003518,0.056258418217102917,Consumer
2021-09-30,163.36948241330236,169.15957943208738,158.52814392740777,164.29093437236747,1620997,-0.019756192790224468,0.0612292152569168,Consumer
2021-10-01,167.2850950503871,169.47559805301603,163.56125169401767,165.73141007719383,979454,0.008729620141268891,0.05619394552633727,Consumer
2021-10-04,155.8445631779463,172.21453040222218,138.29165867390876,154.52278595844032,1212549,-0.07002689898389056,0.0513579453563438,Consumer
2021-10-05,154.2434072762989,156.18246774569383,151.30678918108308,153.23314926077325,1476127,-0.008380954508356747,0.05427408062947873,Consumer
2021-10-06,149.875651836158,158.20863647349253,139.44770302162908,147.6573516737811,1594108,-0.037066214715311845,0.04966967608421459,Consumer
2021-10-07,148.5152758170028,154.7685101426199,144.28850856411702,150.48566530631362,1253569,0.01897343434711228,0.04774669641814896,Consumer
2021-10-08,151.7639464553973,153.12904082638212,150.02903624114697,151.390773980622,1155030,0.005996568587239137,0.04447242175456752,Consumer
2021-10-11,152.55544112671814,153.77465321214794,150.98316167457696,152.19952933865974,878931,0.005327951929804102,0.041080784590805025,Consumer
2021-10-12,152.60751807340233,155.03387538127782,150.91242766068788,153.33075164031774,1328642,0.00740501050937363,0.03813610822884061,Consumer
2021-10-13,160.94431161164172,175.43034307515055,147.62880857321184,162.02539787340834,1799951,0.05515573639558072,0.03566111787044912,Consumer
2021-10-14,172.5037119862256,189.92642008863817,155.5917912125872,172.96889381396198,1729235,0.06535867384692878,0.03966983174676786,Consumer
2021-10-15,175.77901165382065,184.44385641014978,168.92636754870824,177.5232155163195,1072984,0.02598961821679446,0.04471822757788907,Consumer
2021-10-18,173.38958392316476,179.1446505423548,168.45322212618132,174.1856256203223,1267455,-0.01897984752137101,0.04243930890606624,Consumer
2021-10-19,173.80861111259534,174.55290374075813,172.94528266513555,173.68906335944874,940341,-0.0028548360306522563,0.03993633864201605,Consumer
2021-10-20,183.87175863126714,204.10458880602656,165.5558720533612,185.61504907804863,1247114,0.066408192007475,0.03710999095416374,Consumer
2021-10-21,175.45058005699653,189.8159887055631,162.2521236976505,176.53588883954825,1404125,-0.05015070855492349,0.04316512872388708,Consumer
2021-10-22,166.87543283634255,182.37546665108704,150.52314136594944,165.93590854049472,1560309,-0.06192257123090381,0.04436041822936213,Consumer
2021-10-25,157.33891389348796,170.08886880600576,144.46988672187467,157.20934175981355,2109097,-0.054023316491384116,0.04742824146607265,Consumer
2021-10-26,165.78243050955118,177.43056226176142,153.1729025802008,164.74838035839173,1515494,0.04684103824676863,0.048345923091409816,Consumer
2021-10-27,173.91902672240985,189.8577317229573,158.74048819879363,174.61817593484352,1693533,0.05818239598685013,0.04794762823387301,Consumer
2021-10-28,173.1175677203111,175.6220912381132,170.44013092637252,172.94211615427628,1046545,-0.00964478860920076,0.04946674360637208,Consumer
2021-10-29,167.37066678161517,175.0369470256736,160.9667493413371,168.5865091623355,1051375,-0.025507924271397316,0.04551395687602065,Consumer
2021-11-01,159.49987313522752,172.8568419826395,146.0811505321945,159.43247529449638,1510837,-0.05582854533511199,0.043067555613304956,Consumer
2021-11-02,146.3226003026022,164.95077036155604,128.3099380277479,146.87064274987358,1888386,-0.08206826212584732,0.04529211242964155,Consumer
2021-11-03,137.67010401105944,150.6540287427539,125.68618367039444,138.59003054909212,1414207,-0.05803206356601718,0.05245360145809771,Consumer
2021-11-04,143.64530457441276,150.33751946155303,136.30165650249808,142.9620390967921,1070240,0.031058979648831232,0.05297416639268143,Consumer
2021-11-05,145.71874189866713,149.62736712881795,141.63761719801698,145.5414879311092,1339530,0.01788205222939623,0.04989698263947005,Consumer
2021-11-08,144.69958106696222,146.84880279562358,141.9670217417184,144.10744853051753,867842,-0.009901994706613383,0.0462572401901485,Consumer
2021-11-09,152.63065507150708,164.7051840471406,139.8939634998647,151.91160913875456,1105113,0.05273964119451893,0.04273749221564997,Consumer
2021-11-10,148.00153480584558,153.47086401790565,143.24268148293268,148.689877663077,1472472,-0.02143605393081788,0.044479377870033025,Consumer
2021-11-11,153.2336482349651,157.69103399298947,147.19158515999356,151.60149346438368,1334345,0.019392545564098283,0.04185281001059411,Consumer
2021-11-12,147.08815944885828,154.7519127990746,138.7967088889851,146.4259595525626,836850,-0.0347354193518252,0.03946817437055651,Consumer
2021-11-15,149.70246918156295,155.2180227680531,144.41006310733025,149.9179971693208,1426580,0.02356855391527285,0.039079045972845804,Consumer
2021-11-16,156.46047624097778,164.09926010015135,147.31633643953575,154.87785274120426,999702,0.03254830034480381,0.03748411633434627,Consumer
2021-11-17,144.5874722414405,159.2059210248819,130.76909286898785,145.31774838069904,1591112,-0.06371404639805368,0.037188115846245526,Consumer
2021-11-18,153.83233762173546,167.1031054819241,140.6169281915221,153.88331655943713,1963988,0.05727191752841663,0.04260618176294401,Consumer
2021-11-19,145.47865217736842,159.06314856446824,131.09379614871295,144.5958591437193,1203432,-0.06225195785902439,0.04521327526447162,Consumer
2021-11-22,141.75927963942024,146.81573843040994,136.16155588577456,141.19799399276016,972485,-0.023779554579431313,0.04813198673133042,Consumer
2021-11-23,129.5277868344994,148.41938142305372,109.42964135449849,128.11521230983706,2249023,-0.09723316286150789,0.04514610281921793,Consumer
2021-11-24,133.8728502756125,140.78846184909858,125.75411307720066,132.6041880213369,1156168,0.03443870587774618,0.056113097168295704,Consumer
2021-11-25,133.87919950725382,134.62198345483412,132.35713329287435,133.0955695317081,1126696,0.003698776958701759,0.05288522864122801,Consumer
2021-11-26,136.11840157516534,139.41850574778655,131.9848641248306,135.26426018199504,974610,0.016162909812008432,0.04836868893609278,Consumer
2021-11-29,138.5417458299086,145.86816762583572,132.1830941263131,139.46704735037267,1325393,0.030598005751528316,0.04484205619232766,Consumer
2021-11-30,147.92928569687285,159.42088836467403,135.47006451237905,146.8801685261356,2075784,0.05178872059789004,0.043000973201083266,Consumer
2021-12-01,153.3915335753556,166.68136535643973,141.4886156423112,154.678575216175,1376788,0.05173218128190416,0.04451491541233312,Consumer
2021-12-02,157.74461789742895,162.3894358026736,153.0999915690449,157.74480399484457,1399038,0.01962930712646837,0.04568035619783747,Consumer
2021-12-03,167.7022713905269,184.61562911821323,151.42967097077508,168.28635363444067,1683576,0.06468845168215981,0.042745203340595186,Consumer
2021-12-06,173.5316728941988,180.2618016711183,165.9965742587794,172.69422401496848,1062294,0.02585552506418735,0.046791145466405636,Consumer
2021-12-07,173.79906383131444,181.54704460685892,168.539081628081,176.2139757403049,1290143,0.02017648843931121,0.04417924016660301,Consumer
2021-12-08,180.39771984372842,185.99406095697216,174.31550472604113,179.8962903746388,1106848,0.020681492419791916,0.04150310605508894,Consumer
2021-12-09,190.32184096293008,210.890586741702,171.65398094525958,192.0529314224864,1572596,0.0653904982676389,0.039270407039938546,Consumer
2021-12-10,188.41443955361237,195.1126501200592,180.88709133771522,187.55473920431106,1094188,-0.023700273299350403,0.044442316375493715,Consumer
2021-12-13,174.0604890140586,193.50388577048375,154.76486981755497,174.19351938265308,1386162,-0.07390388366634681,0.04200417873289712,Consumer
2021-12-14,177.7624182633213,181.35978955628653,172.98651354409316,176.55954228159626,1439676,0.013491307960780201,0.04827782542705784,Consumer
2021-12-15,180.3898585819807,189.58035129635198,172.59014952452873,181.72299978814198,1215028,0.02882537898292214,0.04463071869179646,Consumer
2021-12-16,171.07670343084624,187.03231980921612,154.84123648588326,170.7680676850833,1056510,-0.062177241975437794,0.04263984300842792,Consumer
2021-12-17,180.14885229135098,194.28107613934827,165.82103696480115,179.93661101943985,1069875,0.05229832133537185,0.04619985262289832,Consumer
2021-12-20,166.52636112668796,185.79078092887127,147.4994884851022,166.73954988900127,1312092,-0.0761716143632487,0.04709361175442686,Consumer
2021-12-21,164.43730987976616,167.53496656259983,162.03757754584225,165.12519550103792,1450889,-0.009729066700975796,0.0523885850130243,Consumer
2021-12-22,159.90991380731992,167.77542789408244,151.93829314107623,159.79831815492884,1369035,-0.03279143821039097,0.048060891404179185,Consumer
2021-12-23,161.83101617427167,163.93282228611432,159.0944755669551,161.1879294879777,1191359,0.00865843957287437,0.04592571381086338,Consumer
2021-12-24,173.29289207080993,190.358221351317,155.17486570736716,172.12520489245145,1569390,0.06565119925608931,0.0424096950897484,Consumer
2021-12-27,170.78331337084344,172.60683931346,169.33331414544554,171.15369543827006,1309522,-0.005660190865170954,0.04674802439300248,Consumer
2021-12-28,170.18481135885438,171.83435386823137,168.40305677697597,170.0513052578963,1015050,-0.006461769399223888,0.04304773968297904,Consumer
2021-12-29,160.93875963385244,176.4684377186543,144.0697759042767,159.45641625512874,1965269,-0.06432955458806405,0.0398591204496052,Consumer
2021-12-30,149.25262783196615,163.3683985739768,136.96020672038517,150.93723361578793,1798750,-0.05490655358475039,0.04462895165066859,Consumer
2021-12-31,164.12996272461208,184.72096724184763,143.51635276468627,164.10411447747094,1862882,0.08363699178958764,0.04632066606098656,Consumer
2022-01-03,165.07316954685106,166.71383523487853,163.5060483646202,165.14602242427637,603946,0.0063289961517582795,0.0535327492550913,Consumer
2022-01-04,157.65953476185257,168.54877516445057,146.97334363266302,157.84969494447594,1620942,-0.04518678448608153,0.04897563295241959,Consumer
2022-01-05,160.01389594611416,163.27657823040593,156.74744388000863,160.01004769855808,1356338,0.013593328941841877,0.04821998467752597,Consumer
2022-01-06,160.3982023088965,160.54660556886955,159.7634291972262,159.91138204245942,1107500,-0.0006168118172432339,0.04458531514522286,Consumer
2022-01-07,163.8830271684201,171.38218819278472,156.9864028676086,164.4612315469073,1139870,0.028055068382092478,0.04111371218707641,Consumer
2022-01-10,168.29818450129594,172.94791552175374,162.89026073324473,167.51844928102412,1778390,0.01841862221800332,0.03962742602201141,Consumer
2022-01-11,166.60011171352994,167.60285297507266,166.34777946071802,167.34938587286206,1187854,-0.001009732227334161,0.03751204021598156,Consumer
2022-01-12,178.16248080156794,193.78869906910458,161.8646884377526,177.42634164609774,1692277,0.058471788213518956,0.03501250437783582,Consumer
2022-01-13,169.8369123253056,180.92388979611755,158.8726585140347,169.95219370236245,1698155,-0.04303836216032151,0.039919204310449,Consumer
2022-01-14,166.24403338539804,172.7708023626991,159.06168812486956,165.5616672935455,1221013,-0.026173446526730475,0.04065315966613106,Consumer
2022-01-17,170.03472381282526,176.65782161270963,163.29869728816553,169.9172180698361,1383392,0.025967628459918124,0.039049979617601586,Consumer
2022-01-18,166.56131989813113,171.74635179104203,161.24636647050437,166.42722397503758,1521503,-0.020753245295614602,0.037697060703494274,Consumer
2022-01-19,166.54796916204128,172.07849366092498,163.19105656368285,168.678635709277,1405484,0.013437220180460917,0.036075743749662846,Consumer
2022-01-20,172.22218562750996,179.864134390555,165.51104876418123,173.11808616490393,1597946,0.025978599829733523,0.03417969079145975,Consumer
2022-01-21,168.2473933139222,176.67516600389573,159.04543351287185,167.43238097146144,1295453,-0.033394366569268454,0.03370213876665475,Consumer
2022-01-24,174.31254093453754,187.0634536438591,162.48677299038832,175.17890925882793,1209518,0.04522821624785006,0.03429205277818585,Consumer
2022-01-25,174.99287504706288,175.25365901259514,174.948078940221,175.2088076295654,688627,0.00017065878379267222,0.036709598727551494,Consumer
2022-01-26,176.53603432625576,182.76406227482323,172.03035511923193,178.21551807961208,1638949,0.01701514452547746,0.03432317117711231,Consumer
2022-01-27,180.94455486312316,184.25044742973685,177.10354596224616,180.39947990223632,1610210,0.012180130976638838,0.032952865356537894,Consumer
2022-01-28,179.4552891887197,180.57848922275497,179.34847965634202,180.47107510736694,1052904,0.0003967916200204989,0.03147961891059204,Consumer
2022-01-31,176.80047611956704,181.90084323003947,172.4575213743796,177.5397293520026,942195,-0.016376105013994623,0.02987970451566315,Consumer
2022-02-01,182.27172678233697,191.58668405396514,173.83039382032126,183.10668277164126,1465392,0.03087453774293096,0.029231214751855247,Consumer
2022-02-02,182.19230288989215,185.2524446136706,180.91605322128552,183.96378577950134,1118613,0.004669972874312992,0.03043939379851731,Consumer
2022-02-03,177.50274399454338,187.17249701759786,167.73820790391525,177.40249996933025,2067734,-0.03631775977259166,0.029060568694607374,Consumer
2022-02-04,176.65178755467426,179.25609367811086,173.0776633474677,175.66745789536517,738896,-0.009828398038450098,0.03120032489443254,Consumer
2022-02-07,177.32939460413382,180.81226651625684,174.24212441432425,177.71822683314284,819231,0.01160653670044017,0.029887419259863324,Consumer
2022-02-08,173.3073968288352,178.8542359024512,169.8950536843147,175.40067703097367,718023,-0.0131263608553714,0.028893130985386112,Consumer
2022-02-09,178.58794984385537,180.1854053171265,174.8714360564813,176.4497656364999,635898,0.0059632820492381495,0.028172604013593727,Consumer
2022-02-10,178.84145738844737,179.74772057370157,176.1497000554013,177.04686932519442,1384616,0.003378274062729462,0.027208281890726226,Consumer
2022-02-11,176.73327284169517,178.9387582313831,175.6040059820508,177.80265835382642,1800066,0.004259778371051696,0.026342824319017376,Consumer
2022-02-14,173.14925780213875,179.6388107112006,167.54623763631744,174.00800202769153,1410330,-0.021572987517409204,0.025649120282139552,Consumer
2022-02-15,174.94727166776292,175.93678513695443,173.67745552102707,174.66537456133108,785522,0.0037707112539625714,0.026383914902115533,Consumer
2022-02-16,172.07633237710172,175.59356661503352,169.27250155157438,172.77829788573192,1379792,-0.010862740532237788,0.025671414295939624,Consumer
2022-02-17,170.03512338572585,173.90550674749326,166.6162421236868,170.47772611140016,938670,-0.013404607996914931,0.02539521764710094,Consumer
2022-02-18,173.64256510740896,178.59912271108135,168.753322586318,173.7080367102853,1275189,0.01877129039210197,0.025355200468691722,Consumer
2022-02-21,176.40813681086007,184.94315897771958,169.69992304824683,178.16802262058843,1281013,0.025351112421779846,0.025829501623022635,Consumer
2022-02-22,176.52688591575966,178.897821980013,174.32108246705423,176.68998057118864,990300,-0.008330377691996679,0.027020961463801417,Consumer
2022-02-23,173.38730417310612,178.95498086925608,167.39413325437394,172.94769351907286,1204286,-0.021407475488483343,0.02635365564046647,Consumer
2022-02-24,165.9241567349045,175.95886639497888,156.5694994595528,166.56791461920915,1245985,-0.037586077315623787,0.0269138279237929,Consumer
2022-02-25,164.6567009377283,167.06972842350217,163.15022083940988,165.55502932270156,1091904,-0.006099478854039642,0.029856159967511477,Consumer
2022-02-28,168.69142585573766,173.05680488563064,164.077184489145,168.43595240383777,742402,0.017251930095629912,0.02861280791443125,Consumer
2022-03-01,169.87319059853468,170.36143563186766,167.63033120777547,168.11351863848284,1299598,-0.0019161157080866535,0.028277174278951336,Consumer
2022-03-02,164.54247534026624,170.05382036029485,158.8945387791206,164.4011501151944,1606616,-0.022329978965943416,0.027207160694801766,Consumer
2022-03-03,163.38748032929524,166.2408790397406,159.66031379536696,162.49818179759376,1276639,-0.011642665662813885,0.027694365285218837,Consumer
2022-03-04,155.53338662633413,166.70862389298966,143.7683119049695,154.89788792191814,1192059,-0.047900700546495596,0.027090866438733874,Consumer
2022-03-07,150.7192299088874,156.86001144500918,144.6732824728763,150.81040655142925,1401214,-0.026742650068236076,0.0321139160247985,Consumer
2022-03-08,157.88218699576313,167.54084532368776,147.47815540280965,157.08824313092205,1246992,0.0407842434569427,0.03212971026727548,Consumer
2022-03-09,162.84531715463098,171.16008730312547,154.2289619918319,162.52750486278967,1408213,0.03403954252938551,0.03428349169265771,Consumer
2022-03-10,176.4329368987955,198.09098973847043,154.7351392747699,176.38763052320346,1975130,0.08183677122259135,0.0348437915625424,Consumer
2022-03-11,189.362783200423,211.8790131317112,167.85116428834024,190.2649123195802,2128502,0.07573335706384891,0.04556161122023599,Consumer
2022-03-14,196.77617935752517,205.76706274461867,187.18741148983898,196.14966904860987,1288193,0.030460608990541996,0.05119589377490359,Consumer
2022-03-15,194.8177706581994,196.37492068575145,194.14349685979732,195.69760174906662,1239886,-0.002307365822340892,0.04833211082231122,Consumer
2022-03-16,194.5060102305409,196.07869690820573,193.36071503929998,194.93089987107564,1111723,-0.003925483467523553,0.04438009621201665,Consumer
2022-03-17,187.1588281157602,198.32809911677256,176.5959242680399,187.73280126828647,1258972,-0.03762545410962217,0.040963224542244644,Consumer
2022-03-18,200.7336846435084,219.16752420418968,181.2568310776903,199.58520289745547,1853225,0.061221545330632836,0.04067849347581564,Consumer
2022-03-21,208.65052623823604,219.95233326149946,195.7158012238244,206.92409396387285,1943676,0.03611080284027675,0.0445645992584943,Consumer
2022-03-22,210.5667889202458,215.9314960795129,205.10650332809178,210.46871172955494,673853,0.016984974021074222,0.04340969152069102,Consumer
2022-03-23,207.57844379117003,210.8072149232101,206.57036455558125,209.7884032905471,794253,-0.00323758484480183,0.04062996992014303,Consumer
2022-03-24,216.113372054622,225.27443440212107,206.65375435801792,215.801600693716,747906,0.02826005091803896,0.037712171217174385,Consumer
2022-03-25,201.94616751626745,221.76509771955855,182.89364713426448,202.64650437178406,1254014,-0.0628963669421727,0.03684509272636322,Consumer
2022-03-28,215.3889314716774,235.56623518614623,195.41184828866037,215.57215795147042,1961473,0.06183258983805281,0.04218342841199739,Consumer
2022-03-29,215.08599817898946,217.92141545593165,210.8689476484955,213.68590793568123,470071,-0.008788476240350621,0.04579348950434131,Consumer
2022-03-30,221.12269360541137,234.2811869015805,208.71333163203994,221.83201779454964,1237524,0.03741320190776277,0.04229917897526446,Consumer
2022-03-31,225.1634036161041,229.3771634406193,220.41343107734298,224.61696471839886,1352413,0.012476153634331359,0.0417293492057307,Consumer
2022-04-01,245.32279531053456,274.33737294314477,214.29924283564492,243.04434593257164,1854754,0.07884734775905612,0.038941225321414454,Consumer
2022-04-04,235.04761927411272,246.58185158811162,224.11887287099924,235.62620340542063,1785166,-0.03099725476016094,0.04738850979849615,Consumer
2022-04-05,231.0030972548921,237.50358270406758,225.2952120117895,231.776585246685,848043,-0.016472752417411557,0.04517367772428631,Consumer
2022-04-06,222.7672360124916,235.44925070109326,211.422226099758,224.0394499339742,1992402,-0.03395176093758366,0.04210975733889885,Consumer
2022-04-07,231.51402404520732,239.96952547106915,221.17722269771818,229.56140950182518,1700286,0.024348421111084997,0.04112777213911764,Consumer
2022-04-08,228.27821925526658,229.86745432059564,227.36030332406295,228.94684979899483,1113553,-0.002680693568278864,0.039269858091062086,Consumer
2022-04-11,223.19922577069048,231.21731428363154,216.2759246501015,224.26107617559217,1064280,-0.02067898786142979,0.03653457706467635,Consumer
2022-04-12,219.71122583436164,226.99024298936612,212.0947519868989,219.3622061446124,1157677,-0.022086618855764354,0.035099335291167474,Consumer
2022-04-13,212.1235479616096,223.5665219005333,200.19794823709603,211.61340245063698,1072525,-0.03596323635882446,0.03404032138769266,Consumer
2022-04-14,232.00722082867685,260.69069445310726,201.3839476173838,229.79376806036575,1446937,0.08242120948356566,0.034942780936153696,Consumer
2022-04-15,222.66856341330762,232.5411372986501,214.26533207454054,224.0844713754154,1418870,-0.025159160951904354,0.045779763188025485,Consumer
2022-04-18,239.45520442213112,260.8518413916389,216.58665786945613,237.8388661408812,1429464,0.05957032623601723,0.043261725358703956,Consumer
2022-04-19,231.13298161822905,240.97272958184317,221.4660726272739,231.2988819722094,1236073,-0.02788267580355496,0.04614710250914321,Consumer
2022-04-20,225.42809522080165,233.8489742502688,217.61584115081405,226.01633463021986,1530644,-0.023103461770771938,0.04382077814788801,Consumer
2022-04-21,219.15291921340005,229.21403071577166,209.2668437823449,219.32040015286273,1551162,-0.03007359873504157,0.04142793706978618,Consumer
2022-04-22,229.1749774422317,243.32242359848993,214.42685043028237,228.5347756004968,1336189,0.04115471451596958,0.040108382877124024,Consumer
2022-04-25,221.96983905275064,233.5944744481512,209.13570066266848,220.69349340571307,1444065,-0.0349135583615274,0.0405092888193316,Consumer
2022-04-26,226.02963124802872,236.1877795923154,216.71557499816714,226.84031721488302,732232,0.027471490348216072,0.03994553126618779,Consumer
2022-04-27,235.5668765446783,250.14218379496143,221.50392596719075,236.05036949293168,1429173,0.039798890754547844,0.0385968754150282,Consumer
2022-04-28,226.2998266879943,240.53621362696163,212.26524320269036,226.48984561435662,1623151,-0.04134510011402948,0.039107132204195594,Consumer
2022-04-29,222.8106533057866,230.50356961701425,213.69408494865422,221.33608943736806,1442973,-0.02301779918536149,0.03974804179962849,Consumer
2022-05-02,226.8021589031203,232.1266699531908,219.54931238807615,224.82746461326732,1028974,0.01565097109545845,0.0379920823781042,Consumer
2022-05-03,226.6893957754364,230.75652044900102,223.1324109826172,227.19165470798384,1411300,0.010460671030072784,0.03593691129151691,Consumer
2022-05-04,221.26375730774015,229.70077138346002,213.58198101707583,221.9936547089067,1334110,-0.023145156062108842,0.0339055028026336,Consumer
2022-05-05,212.0290402451915,226.41680738549428,198.1791277816437,212.533916018415,1385842,-0.04354721864996008,0.03316656801073066,Consumer
2022-05-06,212.7365558450083,216.15257097780537,210.57504231308977,213.97843926744542,1382692,0.006773678437893339,0.03555940135478173,Consumer
2022-05-09,215.9384400867562,219.97243680299906,212.34122217831955,216.36806202280948,1211971,0.011105689525809342,0.03344337344983845,Consumer
2022-05-10,217.1047736938449,218.83493946475056,215.6249980075796,217.35346868539483,1443382,0.004543967907255801,0.031831868200607356,Consumer
2022-05-11,224.28947013300916,234.47589227308737,213.8601846244958,224.03505200710356,1594135,0.030277605495069727,0.030227659736803907,Consumer
2022-05-12,225.55007392742363,231.5940895704152,221.03253441844058,227.04657662822308,1143223,0.01335265803086273,0.031120397486350624,Consumer
2022-05-13,225.4236201438215,229.72002587538503,219.90723313877973,224.17993516408666,924260,-0.012706168439144076,0.03002544476340261,Consumer
2022-05-16,228.87853176292828,240.32570024864043,219.20875555493555,230.58387580142292,1196668,0.028165671207085685,0.029076431590769492,Consumer
2022-05-17,233.90808518246112,238.88824540878457,228.9005717268511,233.8801369035991,1232076,0.014194066079242632,0.02992234707411848,Consumer
2022-05-18,236.04580263615694,240.57841353352086,232.02631701088583,236.55033649684634,1288110,0.011352275929449603,0.02909464229576455,Consumer
2022-05-19,227.50027666478323,240.64119852058394,214.76744792334435,227.8867400386189,1777474,-0.03731227328044217,0.028222857643611276,Consumer
2022-05-20,239.86828990885866,258.7082588169275,221.19695879012266,240.02474893815753,1705153,0.05189328728648111,0.03075800083653679,Consumer
2022-05-23,249.9856944855842,272.13471818995936,230.7301417249839,252.67223063393305,2031062,0.05135107910934399,0.03550747361018392,Consumer
2022-05-24,269.3852401482519,293.65230737335327,244.1411397901878,268.3114792678684,1387196,0.060055424001073415,0.038783560236219185,Consumer
2022-05-25,275.8291079333268,284.9105219799491,265.23591097045266,274.2658564311201,1105469,0.02194937320590913,0.042945660182019084,Consumer
2022-05-26,283.75472859833275,298.47907104137255,269.1324401418502,283.85178131889336,1729985,0.03435429024381367,0.04059224101223545,Consumer
2022-05-27,271.39269699516956,292.5826841200465,248.41589397548583,269.4545533796314,1447693,-0.05205246213203275,0.03994016290702576,Consumer
2022-05-30,264.93798391775175,271.48371275462034,258.7623363955085,265.2996352182109,1111971,-0.015539856864919339,0.04222075452349011,Consumer
2022-05-31,254.414978891016,270.00505508982195,239.78019239184556,255.31830623053293,1502772,-0.038348859706722326,0.039525899897833776,Consumer
2022-06-01,247.5484210010087,259.76700967229107,234.85946392624476,247.05363054279135,1631965,-0.03290558569477489,0.03962868489248339,Consumer
2022-06-02,236.34330122983715,251.559238304969,222.32977807743057,237.47841099424173,1321478,-0.039528722496712056,0.03897130699031814,Consumer
2022-06-03,241.08241438975833,255.5555893327322,230.33075209318483,244.64504287031025,1205485,0.029731637135482564,0.039362268737462354,Consumer
2022-06-06,237.1396497436537,248.13032802333944,226.3629990996417,237.34437383190357,1380186,-0.030296214785005268,0.03836803483554462,Consumer
2022-06-07,253.5660067984097,287.7701575563526,223.24842948436122,257.03751048319714,1979780,0.0797098888157922,0.03762132337196724,Consumer
2022-06-08,270.8971993200353,292.1426660246004,249.59352634993445,270.83403967699445,1320527,0.05228420413818025,0.0467476323898911,Consumer
2022-06-09,239.93012999157483,275.91964949031103,202.40620467457677,238.12494667597267,2083584,-0.12871071162249823,0.04752176982818246,Consumer
2022-06-10,227.04070515502931,243.0850176850876,211.46598271870863,227.4801498641909,1026513,-0.04573254070802227,0.06626931400759846,Consumer
2022-06-13,241.43256562663527,263.11007059086904,219.80546581558687,241.47882678732708,856003,0.05971881425058389,0.06266591876907085,Consumer
2022-06-14,257.3664267852654,285.69817530167205,230.61982008336105,258.80234220153153,1857295,0.06928281733297065,0.061453758359125525,Consumer
2022-06-15,294.04870466183735,338.2471378999691,249.94139896256175,294.1279459999732,2497567,0.12795025032332102,0.0619779626142107,Consumer
2022-06-16,355.951538359407,411.50067492325644,302.55880760549593,357.82667384631,2712412,0.19603385474747198,0.07502469102580081,Consumer
2022-06-17,326.0890993461347,375.0024642480548,274.7019768882057,323.17879633906557,1967660,-0.101842998786084,0.10182020546967308,Consumer
2022-06-20,267.87225848103304,310.12769803999447,227.69141970887807,269.6762591652126,2728969,-0.18098351966247703,0.0997480969932284,Consumer
2022-06-21,265.7121451133918,271.8238993309684,259.4639714287124,265.5725139321212,1128494,-0.01533427389997168,0.11389908446264671,Consumer
2022-06-22,252.6146416076208,270.89501455481866,236.00711041871747,254.1842906333614,1974102,-0.04382836793944121,0.10253619920081497,Consumer
2022-06-23,252.0311849010863,255.95364214711117,247.64548045722614,251.56061402969456,1098608,-0.010375587046405375,0.09380339328976656,Consumer
2022-06-24,274.19380597253104,313.4581355951041,236.58397967443466,275.6487427230392,2205639,0.09144341332997181,0.08458965182055858,Consumer
2022-06-27,295.734780679786,324.6960972655844,265.42992761627596,294.2453879213242,1236628,0.06528668811342134,0.08413448776996311,Consumer
2022-06-28,324.1014240020921,369.73393710246455,277.69646579534424,323.20239883576727,1607438,0.09386467675640923,0.08001401360120695,Consumer
2022-06-29,284.7526429510952,327.46553939375946,241.8043411165501,284.4756954312354,2074050,-0.1276309279068491,0.08089116471807713,Consumer
2022-06-30,281.7262034209153,286.48204365710797,276.54362712414604,281.29213990297546,1387883,-0.011254047791659583,0.08819383474660893,Consumer
2022-07-01,275.93946013060395,283.58568858654064,268.9564297723612,276.5862893194787,1052206,-0.016870923679992735,0.0796336614039834,Consumer
2022-07-04,294.88240919137365,320.6937011260833,267.54178783587486,293.2063751798176,1658922,0.05835386384579386,0.07222125886991891,Consumer
2022-07-05,264.2916049561908,304.8946509302592,225.51829603570923,265.8872503786664,1653471,-0.09780436506085431,0.06916288166397269,Consumer
2022-07-06,234.70227840702645,269.9076201680804,198.42704638558902,233.44358398304593,2050240,-0.13013191060071558,0.07322333940619809,Consumer
2022-07-07,245.20372419505716,260.6899742645319,228.104913644656,243.4824540264814,1665273,0.04210444497478504,0.0832434566228789,Consumer
2022-07-08,258.51469992564705,282.2076528849844,235.01649225514242,258.6932184208948,1513526,0.06059799224122293,0.07687324696807922,Consumer
2022-07-11,268.6464203606268,282.0382482176517,254.10335094813885,267.43477938754154,1230535,0.03323284645308856,0.07333767366832915,Consumer
2022-07-12,278.19431954526954,289.2450431604048,263.7031958112395,274.6116030414095,1450937,0.02648202554530592,0.06758990172926763,Consumer
2022-07-13,270.6662599490051,276.8557132085833,264.2722379939226,270.45690380769395,1278455,-0.015244981675327996,0.062128178020645186,Consumer
2022-07-14,285.03364693331457,310.6102451011948,260.7735779798232,286.2469115552471,1432817,0.05674200037903397,0.05676962060181614,Consumer
2022-07-15,273.75065843640925,293.5594888318551,253.02839853864378,272.7659765128984,1237497,-0.04824056681991473,0.0562243723813033,Consumer
2022-07-18,237.9925893941655,273.6914778032903,201.40920084306651,236.95200099184297,2689963,-0.14075660550058433,0.05457120928477917,Consumer
2022-07-19,245.04882751885162,255.6190188080151,233.34575505318625,243.86487656927335,1569490,0.028756694182646394,0.07385307579951972,Consumer
2022-07-20,248.95120991341085,253.90463311198812,242.20422736884018,247.121239341758,1043131,0.013264776393468505,0.0677308169379849,Consumer
2022-07-21,243.14465358501417,248.35739807011024,239.42023839528923,244.6105290498487,985742,-0.010211795419751979,0.061614641071621644,Consumer
2022-07-22,249.82141767614482,256.85304805382805,242.22846460619886,249.2438380657534,1412646,0.018764418314201992,0.05614920578567467,Consumer
2022-07-25,244.50065241855725,252.56474109953544,235.78154950429612,243.82329776219842,1072649,-0.02198791319153171,0.05172042302118369,Consumer
2022-07-26,232.30997954270362,248.1635727675612,218.89381794299197,234.6143322189873,1741824,-0.03850074693625883,0.048088688638492735,Consumer
2022-07-27,241.20861699515257,249.72178560908222,231.72250268936847,240.200076061601,1103961,0.023529199799416103,0.04660862266977428,Consumer
2022-07-28,247.4282738011197,263.1304649470055,233.6709927336356,249.27074071564502,1123379,0.0370673915747723,0.04382846623164954,Consumer
2022-07-29,230.97978034629847,258.4499973169636,202.88440329841944,230.27023463787583,1952194,-0.07928606544255416,0.042928385591572166,Consumer
2022-08-01,237.6764829695233,255.46614271663498,222.59324870359563,240.22140467153528,1865294,0.04230746510965428,0.05017189509678808,Consumer
2022-08-02,234.91166035078146,242.50736529435017,227.932032047485,235.5099604684705,1396053,-0.0198078100022058,0.04880843663428668,Consumer
2022-08-03,239.23813866898837,247.36609780286068,232.1256505769174,240.22429163765298,1104104,0.01981982786869909,0.04543856500715076,Consumer
2022-08-04,249.81600818337552,262.36785368485977,235.92612510489866,248.40718519677128,1334545,0.03349624014025189,0.042551784785587805,Consumer
2022-08-05,237.7031268774458,252.1023331143136,226.3906765452425,240.64965551901923,1077179,-0.031727111266359104,0.04143456559783388,Consumer
2022-08-08,248.40787023291992,255.95782505512219,238.11162622003482,245.57549560351276,1303979,0.02026225340639183,0.04030446649468454,Consumer
2022-08-09,242.92394413892717,246.7637563084885,239.32704874832993,243.16331660803,1006081,-0.009871115294533423,0.03822491141261997,Consumer
2022-08-10,247.1246189090163,257.83784842743,238.34465197811565,248.99155215924372,1017404,0.023685666418456326,0.035826399757382985,Consumer
2022-08-11,261.03630505474126,277.50132498092944,243.3052160456681,259.68500171115113,1205978,0.04205039581942519,0.03479908554421521,Consumer
2022-08-12,247.94814235904914,264.73451716551796,232.17976741268404,248.90527305686646,1569729,-0.042396970044731405,0.03652418995756697,Consumer
2022-08-15,237.26640275210673,254.89064775577077,219.2841149249546,236.87963031446964,1820905,-0.049520271445195246,0.03790565422191294,Consumer
2022-08-16,239.59193075209348,240.2768939721182,236.65303252332023,237.33153355181798,1189047,0.0019059162186711603,0.040215786579325466,Consumer
2022-08-17,229.0879243414497,241.10258114808767,217.38645282613425,229.3858899892643,1181084,-0.03405234489175051,0.037341564906280676,Consumer
2022-08-18,230.50185230299604,232.38699459783476,228.6999597465091,230.58445630451754,1536182,0.005211505644412599,0.03727530421893277,Consumer
2022-08-19,232.557734266481,236.67077539249289,228.90543064847344,233.01134780429967,1031148,0.010469955283799195,0.034865923368719944,Consumer
2022-08-22,232.8919171594713,234.8322528933774,229.79013702774034,231.7207149065405,922974,-0.005554323961581085,0.03299922854294437,Consumer
2022-08-23,235.87993167388052,243.54871144162485,228.7710738823535,236.42347262399358,934155,0.0200917411415778,0.031237587050604736,Consumer
2022-08-24,231.55044727274608,238.14503021136377,226.33708346312082,232.90125297923387,1030269,-0.015010015804415966,0.03067867639110776,Consumer
2022-08-25,235.34445948801852,238.37237109356766,231.88520675736802,234.90749645259461,768864,0.008577247756009071,0.02977818050612852,Consumer
2022-08-26,231.12832939687053,236.87818749722643,225.2959564663663,231.04370944744528,1183500,-0.016584893524620826,0.028643103956531187,Consumer
2022-08-29,250.12501264152593,279.0527851853802,220.6997172209945,249.56242462838713,1563329,0.07710217179895539,0.028241825850946208,Consumer
2022-08-30,249.0372827510763,249.63794845299884,248.81091378535038,249.411239569421,808390,-0.0006059841408089198,0.04037068634954679,Consumer
2022-08-31,233.06873805798182,256.8494926458048,209.23515049904873,233.00990183766797,2239750,-0.06802214884751265,0.03746850591608403,Consumer
2022-09-01,242.5694541904048,260.91344492752637,225.77399694842637,244.0177107129929,1607767,0.04615985772826623,0.043785420616249356,Consumer
2022-09-02,246.6701476615265,248.8722413250483,243.28289918459643,245.4743173350513,1066756,0.0059515205073063,0.044196609786923316,Consumer
2022-09-05,248.5559845075008,249.05232684557234,245.31048576653737,245.80132731977827,1037411,0.0013312690607846095,0.04084097627112244,Consumer
2022-09-06,248.28061551147746,249.10562279521355,245.52786322536517,246.34644348293875,1063100,0.0022152549231079345,0.03787682821752027,Consumer
2022-09-07,243.1840559232653,248.99836874617435,236.65417162937146,242.45095670706283,837936,-0.015939402498612573,0.03533354490865281,Consumer
2022-09-08,248.29148169701904,252.8300029163358,240.93744193350608,245.42354003299212,722819,0.012186003290157031,0.033717609634304514,Consumer
2022-09-09,235.7980846804397,248.9403691290447,225.01553161062017,238.05462900830986,1327644,-0.0304852718500869,0.03212127894385952,Consumer
2022-09-12,241.28025731886024,245.4612520140958,236.647611312036,240.82064161414374,1234362,0.011552249768783012,0.03263164137394013,Consumer
2022-09-13,235.26031048290142,243.14951182226983,228.15198722979147,236.01828653859255,700801,-0.02014314339300494,0.031174948054712222,Consumer
2022-09-14,227.26595137105232,240.76924526609136,213.3734342329591,226.85214106539422,1145760,-0.03961084304849659,0.030632725031147296,Consumer
2022-09-15,228.8335539211217,231.16263647531827,226.07201651451615,228.39665225560503,1133110,0.006785375991376406,0.0329551802804809,Consumer
2022-09-16,222.731733639943,233.2019333483053,210.94473516865423,221.3499812993796,1655346,-0.031338745605922265,0.03123685843609837,Consumer
2022-09-19,217.4838973360449,224.07175146068812,210.35391813564448,216.92483765657482,1145835,-0.020194151399521864,0.032061044998383734,Consumer
2022-09-20,218.98509723818768,223.35876973994317,215.1245677995111,219.4893507218263,993940,0.011752791970367217,0.031360788378526634,Consumer
2022-09-21,214.7021830672972,221.12995388150713,209.73592538814586,216.1306543561739,1795439,-0.015420609168793526,0.030125046988228817,Consumer
2022-09-22,209.96111458120595,217.32230438890682,206.40859376460384,213.7064134936246,738024,-0.01127993255223496,0.029354455247967,Consumer
2022-09-23,216.23061038781603,220.67190235705576,212.04541279408514,216.4818421104418,1605618,0.012903500222053449,0.028432952116890065,Consumer
2022-09-26,212.18072138005854,218.48729803743183,206.05036484697186,212.35199309677688,1226336,-0.019261431146096717,0.027779871500101846,Consumer
2022-09-27,219.21811915721526,228.2310643229618,209.27966580167435,218.25292804998043,1257561,0.02740936804675588,0.027803370621547138,Consumer
2022-09-28,226.6549692333154,241.8295808954449,212.4485219075315,227.56602946455573,1568439,0.04178582501805489,0.028829029689597024,Consumer
2022-09-29,221.8560621448797,229.73316734258802,215.25924244706783,223.09937804064415,1286606,-0.01982312205500736,0.032043698883569276,Consumer
2022-09-30,231.4628514876632,240.987385435895,219.86864100184175,229.30435430538867,1690824,0.027432865611091938,0.03131105772269351,Consumer
2022-10-03,239.56774087040736,254.85983331375627,223.99965397247368,239.27292790947573,1527696,0.04255467893350754,0.031578318288289366,Consumer
2022-10-04,237.9222419895025,240.1133631266219,237.42139007308052,239.60896048629732,555495,0.0014034050571421612,0.034196304677600695,Consumer
2022-10-05,246.1539515729216,260.7943659773907,233.45071096581523,247.99605988402746,1450474,0.03440459524329599,0.032183928205640124,Consumer
2022-10-06,248.58428195470026,249.5962226777974,247.62388825908894,248.63563059911058,586091,0.0025756353487287583,0.033259519146778,Consumer
2022-10-07,255.65916920901142,267.00621545911537,244.58472082408767,255.92044914953323,1063487,0.02887815685543948,0.031399865855085383,Consumer
2022-10-10,251.08737352504411,258.0509308708742,244.59503956013137,251.54671965215599,679633,-0.017237914366265233,0.03184106549848781,Consumer
2022-10-11,242.29708657611667,255.7118631547292,229.3588407887815,242.74946133677832,1357493,-0.035598848147301666,0.030913663895080386,Consumer
2022-10-12,237.393327150992,247.54322745022571,225.8406295841227,235.92787349498997,1490484,-0.028503750634849515,0.03247484242835666,Consumer
2022-10-13,228.8757488740513,239.15445372191542,218.91729315472452,229.1826448617723,898282,-0.02900687605485266,0.03264294537316337,Consumer
2022-10-14,225.53979767565508,230.55174885442798,221.39703250736102,226.3933062507884,668986,-0.012245481613409626,0.03284294954594517,Consumer
2022-10-17,229.57112126634158,234.7835327618886,224.52585729985404,229.7346744027732,1296153,0.01465127361158575,0.03139140393314152,Consumer
2022-10-18,236.03323843208128,242.5681903330214,227.53536968127014,234.0144276259052,1869631,0.018457716504535315,0.030340322435352507,Consumer
2022-10-19,241.06675486235062,250.43673733816385,230.8229433424871,240.15758754947046,678123,0.02591255267630051,0.029791462320087496,Consumer
2022-10-20,234.97958874655131,245.322436235625,222.94772409366098,233.21280493230162,1232619,-0.02934396002718189,0.030178536075589582,Consumer
2022-10-21,218.87689418614264,238.845559877602,201.16544047847705,220.96512698767637,1908307,-0.053946469996365404,0.030947623983822357,Consumer
2022-10-24,224.6142644195565,233.08081501195525,217.3512999753376,225.78015129281138,1642525,0.021556851291962425,0.036093456303817155,Consumer
2022-10-25,213.31655446330424,233.7874520491745,191.4636717903099,211.78786928636842,1189049,-0.06397658677538079,0.03481227866727506,Consumer
2022-10-26,210.82349633014866,212.97054928857347,208.21254346075062,210.35482339515715,1347622,-0.006789417042531017,0.04103006635530322,Consumer
2022-10-27,208.9006496328564,211.05904044675427,206.77384673038517,208.9319191910977,1360650,-0.0067872867037005865,0.038127254079766616,Consumer
2022-10-28,211.02819694893972,211.72678876247863,208.7003495020416,209.39352988219295,772123,0.0022069461921494287,0.035635096352475304,Consumer
2022-10-31,203.12807965417403,214.0493686037253,191.15924529082594,202.02101216985147,764531,-0.0358436869589696,0.033415844525679965,Consumer
2022-11-01,197.94964376006178,203.34756568968916,193.9428978445777,199.31321931639664,1062755,-0.013494158882618736,0.03443850194932154,Consumer
2022-11-02,194.31681119051026,201.86102401483478,186.6801346916304,194.2206126766612,1435300,-0.025882862040615687,0.03280430126985092,Consumer
2022-11-03,196.2967776621312,200.106618375171,192.76156593695586,196.56654821055884,1597820,0.012006350001527501,0.03257892152227489,Consumer
2022-11-04,195.29888526119566,197.88610131548052,192.25707238969443,194.83818533570064,693507,-0.008831646430289589,0.031156568618792308,Consumer
2022-11-07,192.37443173790547,196.93868951268868,187.23045276506113,191.78062186227368,573493,-0.01581727098052073,0.029804112321598474,Consumer
2022-11-08,192.72809238086637,196.14648499574858,190.1146129203619,193.52223658331735,722737,0.00904029930879599,0.029123117934270876,Consumer
2022-11-09,194.3409429663978,194.71097170608104,193.39910123934428,193.76803915961318,945714,0.0012693456288216884,0.02812087925918485,Consumer
2022-11-10,192.2667342788211,194.13910957880816,191.1535743492472,193.02157934935528,1498009,-0.0038597764844735542,0.027071549013614523,Consumer
2022-11-11,192.44436559492172,194.22754447792963,191.72438854314504,193.50360457819974,1144796,0.0024941478525527788,0.02623984935120133,Consumer
2022-11-14,194.664590271427,196.56296479088894,192.8272365695246,194.72504052554694,1426272,0.006292374315364769,0.02552952939647638,Consumer
2022-11-15,192.45974246479676,195.68333041619715,189.56042100867683,192.7791965250235,1393882,-0.010043040409347849,0.02504684796822029,Consumer
2022-11-16,188.29978008803604,194.58555743169862,182.7944235434315,189.0580317391123,239119,-0.019491460344176093,0.02483958682454444,Consumer
2022-11-17,188.15263658890177,190.51365942628934,185.13041896580634,187.48303940032167,1361163,-0.008365629381873274,0.025506697411533972,Consumer
2022-11-18,190.7379175275412,192.94770362359498,186.74777903246084,188.93669716601175,1157857,0.007723638539200254,0.025119133215898835,Consumer
2022-11-21,187.04210357277356,190.11900636010807,183.8018015204306,186.87597137973412,903854,-0.01096688117652391,0.024773471126531516,Consumer
2022-11-22,192.7547016486093,203.2750814865694,182.87978770074633,193.3687115242328,767487,0.0341536466241081,0.02467834617101948,Consumer
2022-11-23,190.13702588620285,194.2675005846585,187.43479854134324,191.5452594252386,858325,-0.009474666431625284,0.027607740806665167,Consumer
2022-11-24,187.14658035650882,193.28325378236676,181.85501946858426,187.9684544427366,1296589,-0.01884996910922018,0.02689266215079848,Consumer
2022-11-25,185.9459079635511,188.45692393162705,184.48092516076795,186.98376433297028,1197476,-0.0052523618968096045,0.027053103747229718,Consumer
2022-11-28,186.3337961778382,190.281708814576,184.37294840257442,188.3001683014248,718811,0.007015538120246416,0.026260891715837797,Consumer
2022-11-29,186.3638178779088,188.3998486221604,186.06722307087728,188.10048993146052,861080,-0.0010609885202281111,0.025672752350230414,Consumer
2022-11-30,194.94221306550625,207.34529329755105,183.34976264901834,195.70734356494575,1760250,0.03964405736515197,0.025048772925734656,Consumer
2022-12-01,195.18663011340027,196.38275944832907,193.7149970935311,194.90942769559354,1312273,-0.004085420995054393,0.02894305638186356,Consumer
2022-12-02,191.31180879230274,196.4637001440366,186.58053890601926,191.72227905177112,987003,-0.016487115688782875,0.027796834529942634,Consumer
2022-12-05,192.98234968243557,193.85094832343708,191.43290743201743,192.29842779345452,1118174,0.003000615142372142,0.02754822962493789,Consumer
2022-12-06,186.93598040890777,194.1006277927884,181.4694111997461,188.58581253967833,1372901,-0.01949533452470003,0.026617184638115646,Consumer
2022-12-07,181.36012986647467,191.94847764842046,170.86716517382945,181.45029619661582,1222377,-0.0385713761908258,0.026903342258576827,Consumer
2022-12-08,176.68560226829965,184.75837479347786,167.96489209148848,176.00664293652466,1276524,-0.03046002776132477,0.03003655304681,Consumer
2022-12-09,172.68047186541355,177.53612988937,168.01221183229066,172.86293707470685,1148778,-0.018022729042811988,0.0309988323784972,Consumer
2022-12-12,177.1292259787612,183.02812184944673,170.85767787492247,176.7437358522397,1386509,0.022201854185233252,0.030289683084950326,Consumer
2022-12-13,172.28020926639962,178.86435536925742,165.75421977853992,172.3362433070084,1086317,-0.0252533920007355,0.030131549420810318,Consumer
2022-12-14,174.90211055116188,176.5739397009887,171.78011804135792,173.4379518010162,990175,0.006372437491114171,0.03036426003594373,Consumer
2022-12-15,169.9744741282263,175.00594255673028,165.186571604604,170.21136714485257,1235078,-0.01877890802203767,0.02904620154101137,Consumer
2022-12-16,167.52082943814887,172.2238628060748,162.36531855977086,167.0552819999539,934725,-0.018716213315878506,0.02877225342485124,Consumer
2022-12-19,165.01468805324595,167.62282145567553,163.3094663677424,165.90836473254387,1136252,-0.006889171324164381,0.028545026709532278,Consumer
2022-12-20,173.0993370571268,182.28589915965267,162.76136416500665,171.88339495368555,1222736,0.035380694340822784,0.027549481703080775,Consumer
2022-12-21,185.42629593338566,209.87352504720945,162.41814197797933,186.70651797123722,1505543,0.08272165081221636,0.029915684573355753,Consumer
2022-12-22,182.5982129159305,188.0277766056419,178.60627901839536,184.00508586913375,1558623,-0.014574563587041754,0.04292306225980098,Consumer
2022-12-23,194.07248860532013,208.41184808054985,179.0137350180662,193.29570022866255,1830732,0.049257744115022574,0.040072111306617086,Consumer
2022-12-26,187.86894825074603,198.6529318133297,175.3595429750114,186.03845313723096,1362316,-0.03826775229220049,0.04181588318989668,Consumer
2022-12-27,198.96395537874983,218.30714696097306,179.19785344746367,198.49550221085502,1623232,0.06481305134021666,0.04145500692781813,Consumer
2022-12-28,200.0904181897868,202.09208901935804,197.82473381136134,199.82373680529633,1380159,0.006669221004118514,0.04587944881003687,Consumer
2022-12-29,201.71061340846362,202.852561326007,199.44379553598156,200.5793389491154,1091070,0.0037742119704625575,0.042315609824395785,Consumer
2022-12-30,214.1975123697587,233.5384658592645,193.78933263250275,213.0243560299494,1771342,0.06019663277295974,0.03917429475112601,Consumer
2023-01-02,216.02778627517168,223.73205433839692,209.61503930639867,217.28207405668957,1473013,0.019789883142176234,0.043257895059501734,Consumer
2023-01-03,212.49130797142305,219.09110872649023,206.99628977016934,213.56824107087752,958530,-0.017239977966511173,0.04069081357260187,Consumer
2023-01-04,222.3111319943937,238.74563543118686,207.1494253031369,223.502665674056,1470822,0.04546692902941434,0.03832983659504774,Consumer
2023-01-05,231.16444186002897,246.73373839872033,217.20590508071885,232.68347684734374,1466790,0.040255720608801,0.03981742513055458,Consumer
2023-01-06,228.569452000563,237.68825767298762,217.5371335050712,226.5764272148874,1379346,-0.026596746539872006,0.04014250031427953,Consumer
2023-01-09,222.35491945253318,228.3101859599268,217.0855815929836,223.02496934546895,1249186,-0.01579857965371571,0.03866838895223688,Consumer
2023-01-10,225.09372411840096,233.16018911419897,219.04362879956395,227.05731614042259,984133,0.017918744269845004,0.03651896372010575,Consumer
2023-01-11,219.94085894242218,231.4457177458676,207.80564621745043,219.27571192921053,1495027,-0.03487258304729774,0.03485785389813228,Consumer
2023-01-12,215.45313501003608,221.10386341690187,209.8735594555126,215.52249173584786,1905654,-0.017264622471962202,0.035418505614515,Consumer
2023-01-13,228.95904812223696,251.70885934045356,207.04558003900246,229.72233750516895,1641638,0.06380607729621965,0.03388637647104292,Consumer
2023-01-16,237.01741665920846,246.65302307458293,226.43789189121702,236.033498511866,452121,0.027102386401780414,0.04036473130419023,Consumer
2023-01-17,220.7566421077536,244.2526269726009,196.46472145663262,219.8659013286898,1825202,-0.07095591670692479,0.038905399739731394,Consumer
2023-01-18,211.61569933719196,223.61613466937092,199.947498278265,211.93057196326703,929328,-0.0367590907967392,0.04545454235260367,Consumer
2023-01-19,215.83311710861673,228.88551996858823,205.72875473065452,218.64931550137717,1023909,0.031210416990448114,0.04422190576872677,Consumer
2023-01-20,226.45290840951463,235.9009160718883,215.436576913286,224.81630254355656,472064,0.02781448831527185,0.042550852860573404,Consumer
2023-01-23,224.2830147233812,226.67214498076916,220.84755301312993,223.22541742540773,1717532,-0.007101534224023763,0.040798369175321134,Consumer
2023-01-24,231.5089173001645,243.48329744579152,219.10594975120827,231.05695285302428,1598655,0.03448212790323916,0.03793639822311657,Consumer
2023-01-25,232.77648505699065,237.45765547816262,228.94135246441726,233.6088098342892,647223,0.010983734293821077,0.03781122610845365,Consumer
2023-01-26,237.69474819596059,245.4695772149684,230.56880436057386,238.32474641649156,1337570,0.019986260780463786,0.03552249173010355,Consumer
2023-01-27,245.25180932621134,251.61937165884703,236.1900484774474,242.48579579003115,954009,0.017308910245159907,0.034196425660731354,Consumer
2023-01-30,244.6096071595104,249.20586287262765,240.5778726634994,245.16497463070465,1118391,0.010988215174998999,0.032870293251767484,Consumer
2023-01-31,250.71005237951852,258.5435132982204,242.50389589584347,250.32533632247058,1361167,0.020830067360957556,0.0313444743722967,Consumer
2023-02-01,254.85140040011413,269.401269167802,243.47354239722856,257.8878487241763,1124279,0.029763378410641042,0.030839335512941195,Consumer
2023-02-02,260.934167804112,262.1083955194353,257.4986839058983,258.6626897614518,1226023,0.0030000612164747006,0.0315234911782635,Consumer
2023-02-03,275.1651606589238,297.67961601990726,250.81334468865197,273.16406738413156,1114869,0.054547737334840946,0.02993884520064585,Consumer
2023-02-06,279.62009899229133,285.36883240673467,271.24033848050647,276.9338449698681,1873864,0.013706056741893579,0.035544140287974445,Consumer
2023-02-07,276.2737757154126,278.3072700343277,275.4529865214785,277.48288865423024,282080,0.001980617937909979,0.03374740176311011,Consumer
2023-02-08,269.3488192369428,280.9508420341806,258.6968165380294,270.26269795331905,1225993,-0.02636482741126102,0.031807202450404366,Consumer
2023-02-09,276.1880487642156,283.874638057727,267.6614191527257,275.32395999254527,1153622,0.01855399929602205,0.03183746410819563,Consumer
2023-02-10,283.7552825540922,295.78364072127175,271.21009972591503,283.2155799536112,1931569,0.028259933604082608,0.031024779292591814,Consumer
2023-02-13,277.5079472233523,284.9581399574707,272.25396285238696,279.6633479560357,1085698,-0.012621823203106706,0.031461454531208514,Consumer
2023-02-14,278.86088275695937,281.07602176916623,275.976473499981,278.18625357693435,866689,-0.0052956848119795905,0.030261445109594703,Consumer
2023-02-15,278.77029256231435,281.04973540033006,277.05424098081363,279.3302369185545,1498758,0.004103860483668272,0.028927680338060036,Consumer
2023-02-16,271.9186032432733,282.66367742461875,261.67674459706933,272.4035530641294,1224863,-0.025110108991062134,0.02778443453488302,Consumer
2023-02-17,279.92813009647546,292.4644300078645,267.84117311467844,280.35887402587747,1086340,0.028785857707193923,0.028498376760265016,Consumer
2023-02-20,280.4496798056937,281.61220061370085,279.6985142049405,280.85993616887794,1198624,0.0017856218182018906,0.02956382625721564,Consumer
2023-02-21,273.7651480835307,283.78023009789604,264.8427235246012,274.8233181590519,1401783,-0.021727685503164895,0.028278863576266855,Consumer
2023-02-22,280.91639102325365,291.81243627390654,270.6974038702624,281.56968406685286,1441393,0.024251550709371836,0.02847049609210834,Consumer
2023-02-23,288.92021094765335,298.3886741239086,278.3576979846445,287.7890922565129,951477,0.02184793082998892,0.028925351768923916,Consumer
2023-02-24,296.1631306452561,308.94823994767296,283.39567914798494,296.180058690437,1500035,0.028739682461384215,0.02899897570945548,Consumer
2023-02-27,292.28675498416817,296.2894259263896,291.96248673332855,295.96108131098435,1023908,-0.0007396121452879103,0.029944079146890634,Consumer
2023-02-28,302.72149620164123,310.1466995173617,293.4613902795591,300.8404551057522,1302884,0.016352111118387105,0.028590214316843082,Consumer
2023-03-01,296.5305825879072,301.9804455240602,293.10714413712884,298.5338790636062,1456356,-0.007696650647635379,0.02817852044466897,Consumer
2023-03-02,294.93081071141773,300.6629069326636,288.9633177223531,294.69074823501967,1043350,-0.012956928683079095,0.02727836095221382,Consumer
2023-03-03,281.36665589478844,299.60369673420666,266.23104065401213,284.3097623534819,1294691,-0.035862139130980235,0.026841562568639156,Consumer
2023-03-06,284.1376652542775,285.1066528051322,283.66024844926403,284.62841143336277,1423500,0.0011201537456295044,0.029483716495014738,Consumer
2023-03-07,295.3043090453785,313.90526533365494,277.6524745033415,296.19989696469634,979821,0.03985004395206088,0.028206733989400483,Consumer
2023-03-08,297.2171756782244,299.7798755862711,291.9628718262698,294.5021620333048,1234746,-0.005748209542284682,0.031220182163565573,Consumer
2023-03-09,296.23238086591397,297.49928332838635,294.0799297624235,295.3430287162276,1226860,0.002851145574225855,0.029744177689125587,Consumer
2023-03-10,281.70571818169435,301.7083654501821,261.6867243182314,281.6881221738935,1979264,-0.04733698082191918,0.028442788889007267,Consumer
2023-03-13,280.43191545149267,282.27109457597675,278.6761767623054,280.5148367301278,971294,-0.004173891753988553,0.032913709223178114,Consumer
2023-03-14,281.8542211812968,287.44159385966657,277.71095251725586,283.27740434449015,1369200,0.009800027467333586,0.031132989090648492,Consumer
2023-03-15,276.6722072338163,285.3626473282834,270.3727897598733,279.01000172699054,1374227,-0.015179015237140374,0.029829791962546846,Consumer
2023-03-16,263.0136405290652,286.23329907768,239.9880587645673,263.1920945226241,1457036,-0.05836346667085597,0.0290931876280077,Consumer
2023-03-17,266.00013304453176,269.0201541907849,262.1809029366476,265.1917460962197,1381228,0.007568971518139759,0.03588976162309783,Consumer
2023-03-20,273.70996008122023,287.5555561010021,260.22062110743764,274.04948424496285,1016019,0.03285555500618189,0.0337498650510871,Consumer
2023-03-21,287.1972663018736,303.7402843494058,268.37428655507944,284.7779480331809,1172623,0.03840105736508832,0.03425150853594494,Consumer
2023-03-22,282.6802186048071,287.8034736404404,276.25851463935714,281.3578023965887,678225,-0.012082569392178765,0.035492659108664254,Consumer
2023-03-23,279.859958611364,281.4151841969022,279.68858976734185,281.24296848359495,741727,-0.0004082252301531101,0.03361073270475669,Consumer
2023-03-24,281.8282606683781,283.80422202635117,280.2927795864972,282.2663540860574,1853061,0.0036321909384091013,0.03168233071502569,Consumer
2023-03-27,280.5919166395701,286.4715666155845,272.5179259539766,278.3506105889192,1271687,-0.01396963496889084,0.030083134565416676,Consumer
2023-03-28,279.4917172958984,282.1919420406781,277.1876258563273,279.8846116339926,1634833,0.00549590869659957,0.029210761602522155,Consumer
2023-03-29,293.74708849613876,312.30501259798797,273.48169385734536,291.92447131561033,1766351,0.04211769200699812,0.028056115671626927,Consumer
2023-03-30,290.29324995286885,298.6119733718381,278.19325713630263,286.4004267398337,1739354,-0.019104183833232605,0.03155632263530117,Consumer
2023-03-31,299.6743980833478,319.94071794905705,279.3464975123871,299.6083507417766,1586998,0.04508519912573597,0.03084455664457943,Consumer
2023-04-03,326.23213715380155,368.1362137371812,284.4329593291475,326.3251220299549,2183181,0.08541806700249135,0.034146897614741295,Consumer
2023-04-04,345.5486439856365,379.143621664395,313.61038695831996,347.065193495123,1515702,0.06161844858065609,0.046122070843963796,Consumer
2023-04-05,356.62631178708347,370.00821395762307,342.50376196514753,355.8567888674055,1795703,0.025015731646349463,0.048696214595916346,Consumer
2023-04-06,339.8883876524557,362.52042453410394,319.14625997829177,341.6695963024214,1015989,-0.04068419404268928,0.04572663422172634,Consumer
2023-04-07,342.120965290703,342.7156129776703,341.4711828496044,342.0657345388335,361537,0.001158747435938811,0.04495576279559188,Consumer
2023-04-10,348.7612610675233,361.7904167010543,336.9117637721569,349.90215639609,1000881,0.022650637399915147,0.04143691459519956,Consumer
2023-04-11,384.09732763885785,431.95109256712766,332.83663099777255,380.20552564927794,1834465,0.0830584012346365,0.039377303350143916,Consumer
2023-04-12,392.30931003446057,410.8843796037349,373.7890943215441,392.361691076211,1023340,0.03147213221677834,0.04873666297205303,Consumer
2023-04-13,403.641210014091,426.78223084621976,382.9687708400071,405.9895230824504,1092639,0.03414325835455399,0.04635497945271624,Consumer
2023-04-14,368.17288295136547,420.95944253767385,319.1942550955147,371.533717485014,1870001,-0.08868773362344691,0.044653013444887105,Consumer
2023-04-17,351.8188398430822,383.63352654444117,318.1653117113065,349.79718152286017,1596677,-0.060286115273699745,0.053618470717253175,Consumer
2023-04-18,390.38848269306277,451.68762644113957,331.8302102891033,392.7718490792518,2334139,0.11587540144258618,0.054268910767258094,Consumer
2023-04-19,388.95684403929226,395.060954151366,382.58412276278557,388.68395020431853,1336638,-0.010462360551679569,0.06685924049534045,Consumer
2023-04-20,401.6967177402898,422.5983418657161,381.2316472517146,402.1121086352744,1080040,0.033964380895284516,0.06076631945360867,Consumer
2023-04-21,440.38391204473334,500.10102146124143,380.47105473447834,440.15745619771013,2331277,0.09040159095009825,0.05680733526042575,Consumer
2023-04-24,405.8331753300004,455.4513209212293,356.10179338357887,405.7041659795967,1908023,-0.08150827911145549,0.06251020571441644,Consumer
2023-04-25,417.20831682152897,437.3167585355838,398.17265212133753,418.23428282045813,815712,0.030417521947170588,0.06498123259313852,Consumer
2023-04-26,430.9905861587883,454.7977322826374,408.9917084493977,432.71103823558695,1124024,0.03402839631286924,0.06014010573377675,Consumer
2023-04-27,437.3557474925698,445.8579166812554,429.45940593126323,437.95083104487173,1263241,0.01203648914577744,0.056277487661406236,Consumer
2023-04-28,442.82346952874923,451.1831589555252,434.87230144531964,443.2247850055814,903570,0.01197041052934128,0.05153111734308939,Consumer
2023-05-01,410.08131064759164,458.1765229591878,361.817273710419,409.89005517108507,1607130,-0.07818809109774714,0.047390489055694957,Consumer
2023-05-02,460.48005473239044,529.552062942249,389.42677884363525,458.14915158074734,2461081,0.11130582395399022,0.053044258886111285,Consumer
2023-05-03,466.5950791436916,475.4565467100834,455.17480803770746,463.98673859392267,1526514,0.012661181629054176,0.06487913907823482,Consumer
2023-05-04,445.96597678223895,472.72105673133603,419.0506256695321,445.7954767151625,1362917,-0.039995696745212174,0.059088814322703534,Consumer
2023-05-05,419.32167785327294,457.85057463314547,380.7798385165935,419.30742575894305,2029648,-0.06125591054123747,0.05597444726096537,Consumer
2023-05-08,454.3305491920193,504.7170607732356,401.41301883421477,451.48382032931823,1989107,0.07393517292761635,0.056297015759024814,Consumer
2023-05-09,452.59099473824637,453.16121572728906,450.5364136937064,451.10476217310327,1082313,-0.0008399356824329185,0.05878303034101756,Consumer
2023-05-10,417.67471783331223,470.7883372307258,361.73580673034763,414.4378038538018,1940028,-0.08477668885959944,0.053520664688052846,Consumer
2023-05-11,415.7370822043122,417.0525122995505,413.99885117049257,415.3129392386527,991087,0.0021093942165941815,0.0589035846534011,Consumer
2023-05-12,412.53968843476923,419.3036897732705,404.06256725744566,410.7980120676696,1501429,-0.010930667647460809,0.05363183065690059,Consumer
2023-05-15,420.7163666685705,437.844536115263,404.43662190973697,421.53318435351974,1701369,0.02579686466323176,0.049183539237952933,Consumer
2023-05-16,410.00047831901094,428.14819956311493,391.1604646505653,409.276124030335,1291528,-0.029508455402310854,0.04620647313466988,Consumer
2023-05-17,448.2128976130389,506.7093508795921,388.2106349521553,446.481066170777,1959759,0.0870069462943116,0.04403002235600728,Consumer
2023-05-18,458.2397286047121,476.1751506414475,440.33179988124556,458.26618789358366,843615,0.026053217134466837,0.05278679380731117,Consumer
2023-05-19,451.7011708677861,464.7060252732833,436.6111131512661,449.554153120562,1727404,-0.0191938907759347,0.0493048881838588,Consumer
2023-05-22,450.5219396082797,451.17289592979944,448.47239039061725,449.1213229699514,1093556,-0.0009632624803810868,0.04582617609539369,Consumer
2023-05-23,453.73352724807773,463.63373505750144,445.0263008412488,454.9040461858283,1536335,0.012793450904453057,0.042192059840824817,Consumer
2023-05-24,454.63788069972793,457.51534057766605,453.07488960371575,455.9478459764456,1020302,0.0022919209072601414,0.039353358037098836,Consumer
2023-05-25,449.6103521158494,458.53266448566336,441.7832253157024,450.6867981708972,1597920,-0.011605792679984487,0.03660242295605093,Consumer
2023-05-26,438.0486150255812,459.8444200934285,414.28927940413257,435.98227020101933,959256,-0.033171059589012994,0.03452526692963477,Consumer
2023-05-29,440.7175131267781,444.2579311339118,434.802266864614,438.32345265484565,1578024,0.005355536372214687,0.034909069371564516,Consumer
2023-05-30,443.0821108121873,449.41432442997507,436.1953737591677,442.51954762498184,1074643,0.009527524678109212,0.03285143474775615,Consumer
2023-05-31,443.70953432829117,443.7379485950156,442.4723191340817,442.50065598666697,579768,-4.269199333667569e-05,0.03125683078884776,Consumer
2023-06-01,457.4598535553437,485.87801748605057,431.36168101050896,459.65463238714176,1248031,0.03803346143128079,0.029691612454716455,Consumer
2023-06-02,467.5206330224012,472.30939825070163,458.0637150238029,462.80417001193473,1129455,0.006828597342456366,0.03197272444436925,Consumer
2023-06-05,456.4384965666982,471.5612799862107,437.69506655532297,452.6937794905628,1238309,-0.022088092237713172,0.0304105006201191,Consumer
2023-06-06,430.7428546039779,466.6420024335591,392.5378740451446,428.2273758082001,1908491,-0.055561607032865334,0.03021624416068731,Consumer
2023-06-07,440.01999039146517,454.19994182659957,423.4272544141348,437.526863080854,1170745,0.021483798834562313,0.035964996251269074,Consumer
2023-06-08,431.5377626970917,444.9823161874629,415.18221174297486,428.533156774156,1731105,-0.020769991493279516,0.03469895972702395,Consumer
2023-06-09,426.8806225194433,429.1490700923541,425.02932096298593,427.29596726329214,1086718,-0.0028912088591747476,0.03358456679644297,Consumer
2023-06-12,438.99591972656236,469.87485238798024,413.5498213950701,444.1310970159902,1221078,0.0386428775121522,0.03167952595642645,Consumer
2023-06-13,444.9374200467405,448.9958210708341,437.41210689117094,441.43859412681525,605980,-0.00608085667967612,0.03356880529929532,Consumer
2023-06-14,429.70589075579204,446.8272794775056,413.12957946139613,430.2307223093705,1624685,-0.02571729742132928,0.031733866358693394,Consumer
2023-06-15,426.2614623209118,432.92602067660215,419.11273271346914,425.76960086093595,1062884,-0.010423271387476785,0.03169917234338613,Consumer
2023-06-16,399.6984507631555,438.82254926550826,359.8294339762058,398.87270516469096,1734049,-0.06525602559905175,0.030334249780851773,Consumer
2023-06-19,415.98363275826415,445.9443449288385,387.5849557596917,417.44584457695936,1312375,0.04551249097673907,0.03840424064294592,Consumer
2023-06-20,424.4457203412146,442.1523925645134,409.65119872914386,427.2597836848375,1321240,0.023237398648096194,0.03988253483324754,Consumer
2023-06-21,426.0177062199324,427.36761897684414,425.6948145911504,427.0439495274031,1712179,-0.0005052867115891517,0.03812466094498079,Consumer
2023-06-22,427.8105248282507,429.7388479747028,423.8435379768401,425.7626303961226,999604,-0.003004948896050337,0.03553632106640939,Consumer
2023-06-23,446.49239332220327,474.5684969744854,416.07163918531944,443.9904147132927,1952375,0.0419209883859044,0.03334094404224521,Consumer
2023-06-26,419.71572429643675,454.02277475047293,388.19925668357047,422.31139791944423,1155074,-0.05006002203943613,0.035396330739077615,Consumer
2023-06-27,402.5781677679259,430.98592727418315,375.3847333512096,403.71565746509765,1495126,-0.04503213966700161,0.038447640432417454,Consumer
2023-06-28,398.8600674242873,405.11849573966737,394.6429640006689,400.8800354176375,1336101,-0.007048593007987615,0.03983416729774353,Consumer
2023-06-29,387.00701604565086,415.35017014867014,353.8172362152481,381.77738920093475,1344111,-0.04882453104274129,0.03710607911047102,Consumer
2023-06-30,385.03715564232607,387.83243206017255,380.8445507079076,383.62960867596445,1418630,0.004839838401540563,0.03948498588442914,Consumer
2023-07-03,358.35578117424535,394.6925144976972,322.8360993049488,359.0991509435904,1585344,-0.06607898953177604,0.03675275355123489,Consumer
2023-07-04,365.8963624514051,380.90680876695245,352.81622284951726,367.7600458225821,847225,0.023832139268898447,0.042843632473324816,Consumer
2023-07-05,374.6036694786374,384.3970467371434,364.4423693763788,374.22586970079675,1222296,0.01742886870655616,0.04066518294717597,Consumer
2023-07-06,375.70764968923714,378.7798138454972,372.9750873358705,376.04479936608215,874886,0.0048487387389757825,0.03832088859826178,Consumer
2023-07-07,362.97928445467414,386.21524694485134,337.26755132919334,360.3341891854571,612802,-0.0426763794065843,0.0357535864281073,Consumer
2023-07-10,349.8002401279693,367.70011147696505,330.4284088986749,348.24889530276937,1756792,-0.034114463619669265,0.03736102458265726,Consumer
2023-07-11,336.0916238570066,353.6261907347491,319.44440503590454,336.93709425379757,1728741,-0.03302119152322735,0.03729941581984089,Consumer
2023-07-12,366.95798301483467,417.29798577764967,318.0652455325671,368.23508925046224,1984681,0.0888253146960262,0.03710198107706874,Consumer
2023-07-13,399.2617911065874,449.60500688963504,349.7308936794684,399.9844581419985,2097450,0.08270412801892875,0.04883375962898767,Consumer
2023-07-14,357.8812435292129,411.5634300585948,303.2427854611963,356.75621818964277,2162061,-0.1143730053989596,0.05507980376060812,Consumer
2023-07-17,315.60813549970436,368.08140767387226,268.2669151747487,320.0707892816281,1941908,-0.10851049847506068,0.06700153341860354,Consumer
2023-07-18,307.514376594569,327.65542709630085,286.3280879688498,306.39588117099925,1505759,-0.04366419271141061,0.07387518951753233,Consumer
2023-07-19,298.02618311576794,310.04976917946937,286.80921520920487,298.8035433574066,1130336,-0.025091683308478163,0.0689348907286574,Consumer
2023-07-20,278.08773662981355,307.72532244531675,249.38187358377903,278.93228057206585,2281412,-0.0688172814185075,0.06321435132551384,Consumer
2023-07-21,274.9189269772096,280.12939927503714,271.3166288055371,276.5063015297908,1360744,-0.008735419350183233,0.06330257580919992,Consumer
2023-07-24,263.52421422465653,281.73402753542655,247.2726344489441,265.3686981459272,1953552,-0.04111343828125492,0.05759530376642818,Consumer
2023-07-25,252.29175577278244,276.69341218752186,224.7340025935747,248.79771545975638,1022782,-0.06447999417710097,0.05483905938155479,Consumer
2023-07-26,240.18522589254044,253.64490889172794,226.24326783679766,239.6743203195607,1275000,-0.037359175470155374,0.05594200920993811,Consumer
2023-07-27,235.62091122019496,244.14906643993103,225.49224209325445,233.96029222081418,1335456,-0.02412959352255528,0.053037372807552594,Consumer
2023-07-28,235.43498025283432,238.47951368278007,232.72307501107892,235.76382062693995,1262614,0.007679134281130928,0.04937312957466254,Consumer
2023-07-31,222.29405643304682,241.8984083202058,202.72089694793556,222.32272458286099,1732056,-0.05870050328585533,0.0453763165615421,Consumer
2023-08-01,214.56941101092602,224.93005062062113,206.6345492612154,216.90868171437072,1126870,-0.02465359721228408,0.04758224928118185,Consumer
2023-08-02,227.58972182872878,241.46278462000527,212.13453081487847,225.90489237418515,1695202,0.0406376371182426,0.0447484785847637,Consumer
2023-08-03,208.78196161881402,234.37511206903287,182.65861066692713,208.17768726339142,1875150,-0.08172209978224655,0.044154883094669604,Consumer
2023-08-04,198.88779209271897,213.2320657680963,184.0955382119289,198.40499109965302,1285619,-0.04808162942680848,0.05158971021246457,Consumer
2023-08-07,190.49777899580948,202.9814365682424,177.47767860195,189.92371686398027,1546140,-0.04368784993448671,0.05075406410422122,Consumer
2023-08-08,187.44909768434962,190.9563323091564,184.32253114637382,187.82352056612143,1073630,-0.011119699789079809,0.049467911349288365,Consumer
2023-08-09,204.67599230177564,234.31515013118442,176.44502640744696,205.91349539698675,1783403,0.09195335377587019,0.04556540969988892,Consumer
2023-08-10,186.58082662049353,213.92354021603683,160.04342213668042,187.2858589350593,1573127,-0.09482004828499098,0.055038878435970474,Consumer
2023-08-11,186.9432746220419,187.71220466358588,186.00477329330434,186.77300297810905,887008,-0.0027421153755457996,0.06222578842495153,Consumer
2023-08-14,165.07395866586685,191.65631324982556,140.31286486598682,166.6576636955005,1780672,-0.11395220121032734,0.05655764206184153,Consumer
2023-08-15,173.1681426850929,183.83254180354814,162.79799977265264,173.44577304708133,2024261,0.03992321278669373,0.06787325780142094,Consumer
2023-08-16,174.44033301624398,174.7860719836439,173.33088074070258,173.67510303004602,920564,0.0013213265587598557,0.06343896860403914,Consumer
2023-08-17,175.65675607524625,179.50393120537603,172.15697114899245,175.99736008537093,1285984,0.013282665597196751,0.05761826165042332,Consumer
2023-08-18,174.88803455183424,176.40775419625194,173.65301578676386,175.17073903762713,749092,-0.004707845482340476,0.05274803921757052,Consumer
2023-08-21,161.87791180611887,180.82560174617942,143.55346735497093,162.43778061351514,2463118,-0.07546611001133222,0.04826188024105076,Consumer
2023-08-22,169.8590336775367,181.20044038570916,158.49213558906064,169.83171847412203,1444833,0.04451301553853246,0.05308142171756136,Consumer
2023-08-23,165.2227783559095,172.50795375385968,157.64063714348188,164.9121144226488,1618001,-0.02939536332073644,0.05149098123065943,Consumer
2023-08-24,158.50546642071217,168.37247713215223,148.35978529526173,158.20829713339958,1791607,-0.04150019106281426,0.048483708874121956,Consumer
2023-08-25,164.80644084757657,176.27330222006498,153.90766696175075,165.3392905806307,1099152,0.044087168073346866,0.04731676129755715,Consumer
2023-08-28,153.54267854415298,170.16001082237733,138.12753358873582,154.6351823290168,1448655,-0.06693098883680244,0.046718866403853726,Consumer
2023-08-29,166.98342926248932,187.51286613386475,147.0042924165819,167.4749232940946,1211407,0.07976494807158875,0.050180529814358596,Consumer
2023-08-30,164.79776474938674,169.19880571080026,160.12600541449328,164.51961827748582,1091905,-0.01780380524014303,0.05539707121400258,Consumer
2023-08-31,168.7053943383926,175.8214243410394,161.90001498861517,169.0039996022889,1430354,0.02689255778874534,0.051015828146034836,Consumer
2023-09-01,173.61893679450853,177.98763277706172,167.53844926367836,171.86296039412113,1105045,0.016775036422529845,0.04785993341829635,Consumer
2023-09-04,165.27723380717225,175.2738288827649,155.0867546526471,165.07086793627568,962411,-0.0403225330164774,0.044437246297330216,Consumer
2023-09-05,159.68632211227907,167.01449043946275,153.75623309547245,161.034341560191,1750764,-0.02475724047981624,0.04385910495121175,Consumer
2023-09-06,159.10513192073225,161.89632490233967,156.49336109645958,159.2816563626903,1254475,-0.010943585090533595,0.04160330531488386,Consumer
2023-09-07,156.74113006345783,159.9688808665795,154.67625564471408,157.8888861524408,1437817,-0.008782525335065846,0.03876380165429878,Consumer
2023-09-08,151.11677422027165,160.88848819926613,141.74787375723196,151.49607211875096,1634127,-0.041331835424982276,0.036244665368081616,Consumer
2023-09-11,164.79588557443785,183.94170009898943,144.67815546484044,163.69621093379612,1684255,0.07745263970158793,0.037512514006062626,Consumer
2023-09-12,149.4220690088017,169.89981977580362,128.9279585472717,149.40311121804305,1674751,-0.09136424047149126,0.046104096077850126,Consumer
2023-09-13,152.65189551915023,158.21453765949403,147.3493612351872,152.90327154808108,1215812,0.023157412123532343,0.05525019281110593,Consumer
2023-09-14,160.50283064698027,174.7379239227151,147.3412033100523,161.49494108674327,985868,0.05466830827375026,0.051210417933955324,Consumer
2023-09-15,164.3220532330084,168.11180145933832,160.2149038940674,163.99715910954504,1046331,0.015375287539589725,0.05144219195760778,Consumer
2023-09-18,166.36172075565696,167.38611836270965,163.6577763387447,164.6717678033718,1246043,0.004105101431585878,0.047460501585649656,Consumer
2023-09-19,162.74388466678235,166.78845138316757,157.94069316993955,161.965925785984,854851,-0.016568228148445094,0.04364088847942608,Consumer
2023-09-20,166.02641196223655,173.05837827573367,159.3490904173572,166.36734494184904,611229,0.02681228633428984,0.04080193188337781,Consumer
2023-09-21,175.36341886885273,192.08945462332753,159.84792570098364,176.47556313040783,1785757,0.058984149480162326,0.0392386661483725,Consumer
2023-09-22,179.553767000678,182.58865345358132,175.45872168956848,178.47538084720057,1168949,0.011268255013893752,0.04305354596740514,Consumer
2023-09-25,170.24201575203608,182.2698283686962,158.2961468820464,170.31858653302075,771876,-0.04677994762228881,0.04002414636132413,Consumer
2023-09-26,175.7162508599803,182.14952472329924,168.13711135259683,174.52683879660287,1333099,0.02440781214726809,0.041349732266288845,Consumer
2023-09-27,166.1365505465958,179.72263074598723,151.75179509871194,165.26674561915456,867423,-0.05451772514714636,0.03946139228242542,Consumer
2023-09-28,162.99709331626383,166.34236626843247,159.72779388456857,163.0715729678729,538427,-0.013371606266834202,0.04232716075969355,Consumer
2023-09-29,179.45894609556976,208.84775115399896,152.54010418123428,181.60674013391215,2240538,0.10765437835941144,0.0394979848663807,Consumer
2023-10-02,195.03466723486054,213.50449596176557,175.12288244027934,193.44187319838628,1549554,0.06313348968079842,0.055556209588097066,Consumer
2023-10-03,189.4734328145917,194.21336369424677,187.16925739693386,191.87992308806827,1238047,-0.008107294633799042,0.056276723136022916,Consumer
2023-10-04,191.66421930410854,196.79580572390523,188.74188049852654,193.84028800762724,794751,0.01016478650768299,0.05141512313983839,Consumer
2023-10-05,198.22155705018727,203.94227587547815,191.9029625016392,197.60591372167303,1981233,0.01924015029923454,0.04722616163420242,Consumer
2023-10-06,197.3480518260176,197.91687362623148,196.65809663109752,197.22656827588273,980438,-0.0019215519482818498,0.04404288571029855,Consumer
2023-10-09,184.1758264533753,202.4995284735368,167.44797845081365,185.6388048353603,1982163,-0.06055028438380633,0.04064940933932286,Consumer
2023-10-10,183.2746344003684,186.25984520145963,181.41004750802267,184.38397220432796,1506044,-0.0067824875618902524,0.04440551907761732,Consumer
2023-10-11,177.15718117232703,188.61390373120273,165.18259551957127,176.60351242142156,1334865,-0.04311321160512756,0.041041203933013325,Consumer
2023-10-12,176.68206210198028,180.1613379340564,174.56005979122284,178.0232278376173,1219242,0.008006858140217362,0.04154896735724278,Consumer
2023-10-13,179.65185685395645,183.42824482640754,176.41054049127365,180.1774456802318,1035625,0.012028139385603468,0.038609193430505846,Consumer
2023-10-16,172.8387264270645,183.67984204595786,161.95992025848292,172.79851357099858,1770110,-0.04181592032064314,0.03625241060185238,Consumer
2023-10-17,184.8045705972693,205.51699087872794,164.98157354324937,185.60783224726433,2006951,0.0715097647565536,0.037598876291660574,Consumer
2023-10-18,180.73519402138177,187.5457086809885,174.81925481964552,181.6014157589788,901654,-0.021821756903404148,0.04469885196565033,Consumer
2023-10-19,177.52541188141873,184.28275588504306,170.31177752869456,177.05106598544342,1084710,-0.025376062810801115,0.04206920791731629,Consumer
2023-10-20,187.7352006835961,201.67247854991007,172.22326364731111,186.03426576739707,1116315,0.04949268194621805,0.04015527721730942,Consumer
2023-10-23,187.41763675174818,193.80230318451422,182.7837259641146,189.12614933466932,1002054,0.01648336790477408,0.041921186357897836,Consumer
2023-10-24,181.31069727018615,192.38231506590358,171.21191981595777,182.23221048629992,1729495,-0.03713249358247323,0.03932764810086538,Consumer
2023-10-25,178.32935985701423,184.40350568227953,172.07306192381495,178.140784614244,1222532,-0.022707593149124378,0.0392957305068154,Consumer
2023-10-26,171.4296855887311,181.00628710146378,162.55689606719403,172.09886258305943,1183971,-0.034505068326082716,0.037585486119582574,Consumer
2023-10-27,165.72135788228337,174.7801803938069,157.4334644251411,166.45556832649564,1390489,-0.03334067723899698,0.03753298515312115,Consumer
2023-10-30,165.11274496506368,167.08669898078736,163.2053806943097,165.17857425728948,662801,-0.007701260013403053,0.03733256076693341,Consumer
2023-10-31,166.1983256662085,169.61958838511933,163.54005430589893,166.9493054237681,970811,0.010663049099738083,0.034983888943376874,Consumer
2023-11-01,167.52781177678338,167.73273587696988,166.6091666256306,166.8132166156091,961337,-0.0008154829060444924,0.03310820262257581,Consumer
2023-11-02,174.39139344333657,185.1298857321989,163.10131942408253,173.80361830533212,1187219,0.041051308312228425,0.03125735459973438,Consumer
2023-11-03,165.81445611314345,176.8805441054368,156.2954090812926,167.2775065332813,1845039,-0.03827188233960151,0.03368084411621351,Consumer
2023-11-06,168.41796275956077,173.27684240983197,164.8347445805611,169.6670489867022,1712895,0.014183832176758079,0.03503184201518648,Consumer
2023-11-07,158.58669929223421,174.09032576499592,144.5922223211039,159.97347300292566,1573742,-0.05882997348279979,0.03334608115302837,Consumer
2023-11-08,159.0119645989601,160.17665193204817,158.4029863563061,159.56555357445626,1068126,-0.0025531757696762654,0.03884216484195393,Consumer
2023-11-09,164.65078928672006,171.7832458323558,157.12615318286353,164.2408517722765,1226019,0.02887912685400845,0.036165575091020565,Consumer
2023-11-10,154.1990434079123,168.3175998865656,141.33014025160563,155.3524384837493,1763001,-0.05563762641624073,0.0356575328999201,Consumer
2023-11-13,163.61095849700203,177.07945169790978,150.4596341387119,163.9045295999988,1467549,0.0535877893066318,0.03976807190438182,Consumer
2023-11-14,173.3329478903079,187.37785561493456,158.98390253747246,173.00199352859332,810304,0.054018995986517306,0.0423786185335183,Consumer
2023-11-15,170.9315191436979,175.12984255763425,166.01210853648996,170.19227505471184,1442415,-0.016374290066448267,0.04443495961690834,Consumer
2023-11-16,180.425271828076,194.90426170758005,165.13705488382755,179.54543883987807,1449139,0.0534994894111464,0.041470352243525105,Consumer
2023-11-17,184.34548389241743,188.75239881888925,178.06868706493228,182.42980630397773,1711958,0.0159371589814975,0.04364815456866009,Consumer
2023-11-20,185.58146895532687,192.25294980702913,179.68660051487987,186.33417226086266,1534367,0.02117621072703839,0.040770431359748255,Consumer
2023-11-21,176.29605679677854,191.39416302764064,160.92144454822557,175.9936527002727,1486554,-0.05709375658646039,0.03869169476413957,Consumer
2023-11-22,184.3234356011632,196.88971789134933,171.62083732181344,184.17714631442522,1209195,0.045450115984805896,0.04226810086992524,Consumer
2023-11-23,190.37556329396665,198.59019826340628,181.3730959929741,189.5522032832327,1611663,0.02876641948264852,0.042885088753259984,Consumer
2023-11-24,194.80581856520143,202.07807783859826,187.07436757158038,194.32882010543534,1186576,0.024887207603137042,0.04117560811181475,Consumer
2023-11-27,185.70170928681557,199.31244324225,171.497880823694,185.06170673215496,1249145,-0.0488623538889554,0.039360519915829895,Consumer
2023-11-28,180.64225068332274,189.0810327032319,171.00689351560897,179.38703771061748,1160090,-0.031143625916186687,0.041201090599290946,Consumer
2023-11-29,171.73296051181396,182.8840338107303,160.78111323308508,171.92024304872317,1376498,-0.04251502738549898,0.040043884783296076,Consumer
2023-11-30,165.6270725352769,174.67067242842757,157.10468657565517,166.1227797210533,1557810,-0.03430351423097032,0.04066865254552666,Consumer
2023-12-01,172.17286197893392,177.3633711753569,164.38551278556466,169.49530134497905,1315712,0.02009805392388347,0.03999576356545997,Consumer
2023-12-04,177.97644422801872,190.8993964763895,164.98434512878254,177.90188348714022,1317439,0.04840697619442369,0.03795153024947004,Consumer
2023-12-05,170.69433691643124,180.68636402420555,162.11555946530865,172.039958170854,1896606,-0.0335054171727739,0.04004672546244295,Consumer
2023-12-06,170.87982021084488,174.79266948348877,169.2476697046448,173.13894109124016,478837,0.006367635078993725,0.03938761382972651,Consumer
2023-12-07,174.39195041171345,175.77080345874782,172.67780039419807,174.05398124325174,1103152,0.005271088272821035,0.03670407763497968,Consumer
2023-12-08,178.79891918793103,187.3052294809362,170.8237529238757,179.30738361477873,1228486,0.0297360718594831,0.03437905041976397,Consumer
2023-12-11,173.27855568120458,181.93978084859708,165.14731824059083,173.7847880418981,1498040,-0.03128387664069827,0.03432448661898077,Consumer
2023-12-12,166.45321859357017,178.80427031211286,153.12454764271075,165.39724468302768,1724659,-0.04946755940558626,0.0344867865417443,Consumer
2023-12-13,163.5891116815971,166.01328380862162,161.7332493941689,164.1510465629606,1137866,-0.007563104366996299,0.037663333254140556,Consumer
2023-12-14,161.13466435675412,165.30015734950132,157.65110438284762,161.80216668556045,1171355,-0.014412623908136293,0.035261897560963325,Consumer
2023-12-15,168.79744317931159,178.3328954851,158.52081076088072,168.01188658000498,1677331,0.03766033468354135,0.033554130816748996,Consumer
2023-12-18,166.47985428475744,169.06529592695276,163.6990117289361,166.2813709130362,1137634,-0.01035337139660954,0.03483459311037601,Consumer
2023-12-19,164.51021680359628,166.6132844428822,163.51710757869225,165.61351486880554,967737,-0.004024508808429303,0.032967225340082604,Consumer
2023-12-20,166.40391853544625,170.68812417371294,163.37420556363,167.63597909871396,1375596,0.012137987288125412,0.031175308466339133,Consumer
2023-12-21,165.0709603564595,168.3690657738324,162.8662944467353,166.14998850687306,1282135,-0.008903911808446309,0.029993657607703023,Consumer
2023-12-22,169.62138821698724,171.78046144841858,165.43300250792203,167.5659120364985,714392,0.008485852930564516,0.02883725965091665,Consumer
2023-12-25,165.57435878593367,167.92990526172548,164.48584034292273,166.8331115302734,650547,-0.004382797960555632,0.02785805970151877,Consumer
2023-12-26,167.06775685422397,173.54187606393558,163.08777384583834,169.5038588499542,1510531,0.01588171204037646,0.026902388926657885,Consumer
2023-12-27,160.40917776248082,173.6738002618429,147.1567290063243,160.4204225042067,1620906,-0.05507768296474715,0.026773590356337112,Consumer
2023-12-28,151.36888932160397,166.99752742947075,134.28828433144545,149.74974826109286,2209868,-0.06883245374004424,0.033593046699725494,Consumer
2023-12-29,159.94416129025353,178.30380682246445,142.67358287749602,160.9270926609831,2002991,0.07198586587317925,0.041394205300225896,Consumer
