date,open,high,low,close,volume,returns,sigma,sector
2000-01-03,112.15819266240155,112.29345041180588,110.95530787916869,111.08927656370508,856959,0.0008039700961269985,0.016,Financials
2000-01-04,111.23011251846016,114.74745859740389,109.05523683225775,112.54683707530096,927434,0.013035293153140524,0.017461298782946243,Financials
2000-01-05,110.7388050713151,115.08471373262702,105.33764283664027,109.64044678138649,1065644,-0.026163118150035955,0.019219921807543932,Financials
2000-01-06,113.55820411610186,119.56847581432973,107.5602516605028,113.56990532086718,1624637,0.035212206828413424,0.02232040833251922,Financials
2000-01-07,115.65746115949297,119.77107903916968,111.93296705335776,116.03444499783332,1434785,0.021468533425031064,0.026163819082147762,Financials
2000-01-10,115.45010040664398,119.39727856633637,109.54183135568049,113.41958734257946,1300507,-0.02279298239839513,0.026772579858578047,Financials
2000-01-11,114.51965482631458,117.57125690343035,112.03347072249957,115.07305858570871,931118,0.014473114433708122,0.027410670054181158,Financials
2000-01-12,112.36777122578971,115.52644033408318,111.01808743678389,114.15528615462873,1079817,-0.008007537951985628,0.027064672960651646,Financials
2000-01-13,115.12933719796364,117.72745191171671,112.98909041420644,115.5788487380817,860998,0.012393289355240906,0.026374520234148265,Financials
2000-01-14,112.91223494252456,118.10679687194246,106.93119567579483,112.08783063259558,1512840,-0.03067020405752648,0.026067821106137853,Financials
2000-01-17,111.574335332756,112.31159426822768,110.9007097993304,111.63758685628896,1580704,-0.004024973015622834,0.028012930055901542,Financials
2000-01-18,116.01094521468676,123.74940101050746,108.70906372904466,116.42166808703931,1087383,0.04196087689329329,0.027022388151677852,Financials
2000-01-19,111.5053962227952,118.4105850913465,105.34667660406001,112.21279413144033,1769775,-0.03682165364403625,0.03079407163049519,Financials
2000-01-20,112.40833485017295,113.96123698661317,111.362643906263,112.91087114335993,842687,0.006201740261246229,0.032588264829988424,Financials
2000-01-21,120.65041624459573,132.3173359542434,108.78405594982857,120.42962511221523,1498316,0.0644668018163329,0.030908983177124455,Financials
2000-01-24,117.41595237973192,122.17853625419865,112.46220993256982,117.21671230225898,1253202,-0.02704109494460166,0.03857055189258979,Financials
2000-01-25,116.7380478304715,119.10459107236616,115.61571785975183,117.97041303302277,789114,0.006409392604940221,0.03741434351969327,Financials
2000-01-26,117.94798701469603,118.49200285177383,117.06577524652005,117.60822398207048,592930,-0.003074891177866026,0.035014690172016805,Financials
2000-01-27,116.7238033689664,117.96599700562294,115.64531691338858,116.88601180178026,1479918,-0.006159763044324908,0.03289743250828584,Financials
2000-01-28,115.84649389233216,117.98435025359245,113.32613018208599,115.4567949545012,1016220,-0.012302811473070092,0.031168642168437694,Financials
2000-01-31,122.31344590193491,130.11298463541848,112.78878344036191,120.47082404920731,1340602,0.0425112092186326,0.029998187932283107,Financials
2000-02-01,115.07227815343377,122.9075667204595,107.43013738004642,115.2533975103003,1308354,-0.044274438616730714,0.033030190126019765,Financials
2000-02-02,112.75218082645908,118.24076176113232,106.14202086747824,111.5732116226707,918716,-0.03245217901444062,0.03559253650743101,Financials
2000-02-03,110.79385084153505,112.70410955105528,108.3963789350616,110.29808995401939,1026441,-0.011494372626945519,0.035657180377085936,Financials
2000-02-04,110.50938523330926,110.67940708265921,110.24140825902624,110.41127916939138,1212324,0.0010256857309207414,0.03371892199149159,Financials
2000-02-07,107.3376152985272,111.69108944972922,103.41679797697525,107.75502502868079,913091,-0.024351931120309082,0.031776254733643934,Financials
2000-02-08,100.88538515733315,110.49025552759352,92.24927704456582,101.77775751781624,1668566,-0.05706877561633679,0.031571138311932694,Financials
2000-02-09,105.66995143501202,111.38523730219633,99.80768868838645,105.51457059686506,1149091,0.03605746502558178,0.03722789534745574,Financials
2000-02-10,105.02947549601643,106.67037182051152,102.78989608445143,104.42129061595368,1550207,-0.010415465542701048,0.0374667061697656,Financials
2000-02-11,103.90170904898909,104.47564457912652,103.73911949696222,104.31241234215192,891418,-0.0010432266771807535,0.035203345655490194,Financials
2000-02-14,109.65363658127497,116.67378920798598,101.89152084639275,108.86092303511748,1447818,0.04268077098995061,0.033039123544018736,Financials
2000-02-15,101.51309791042641,112.09007818156465,91.11447039765768,101.67487846518503,1839163,-0.06829087560664221,0.03530600769685009,Financials
2000-02-16,100.492026752624,102.17578875003473,98.9764811630412,100.65774393780478,1281607,-0.010054168067240691,0.04238818110346695,Financials
2000-02-17,101.54258679187885,104.21710755759489,99.41218689898713,102.07552640055468,1294430,0.013986905791282566,0.039402655521384576,Financials
2000-02-18,104.99517951458029,108.621625488245,100.84547162124302,104.45319800539049,505316,0.023026110915635736,0.03703242416790522,Financials
2000-02-21,101.7260536581081,105.53632819969235,98.42004032992507,102.21444263039075,1341332,-0.021666119997762048,0.0357302479614429,Financials
2000-02-22,103.76110687939054,104.82415784013692,101.8605868588316,102.91496898665153,1159410,0.0068301183537041585,0.0345214948817772,Financials
2000-02-23,98.96208879866205,104.44890404215828,94.24242017574866,99.69431434996153,1338875,-0.0317944557032376,0.032563545025179566,Financials
2000-02-24,97.91693932090956,101.16360070488058,94.2814365852303,97.51476288422434,978665,-0.02210486701952232,0.03316535366470993,Financials
2000-02-25,92.87094145214462,99.47881102759916,86.73202745743258,93.3108203519393,778510,-0.04406770584873315,0.03245375662164313,Financials
2000-02-28,94.2841001420152,95.87217259234019,92.7447305297317,94.33202058646245,670595,0.010884617943462597,0.03512679119847195,Financials
2000-02-29,94.87039558926364,95.33337510061679,94.17756948631724,94.63942181649033,846900,0.0032534175245254294,0.03323980150492944,Financials
2000-03-01,97.20610862458287,100.92531260774203,93.36992252384967,97.08447258933653,1217934,0.025507340610475476,0.031392598365028994,Financials
2000-03-02,97.92079566516905,98.59691405735997,96.85896199023195,97.53239859865715,952314,0.004603165157432279,0.031400475305944635,Financials
2000-03-03,97.42874993261395,97.82224384663894,96.87729013229313,97.27014346868239,1126541,-0.0026925242928610644,0.02986587097292461,Financials
2000-03-06,94.99663714540536,98.13617467240205,92.36295720872377,95.48884869803207,920938,-0.01848261872435462,0.0285423133651996,Financials
2000-03-07,100.33958372267128,106.7428927825562,93.2804064298042,99.63900723386973,1261749,0.042544253705384075,0.028336760595140034,Financials
2000-03-08,99.03670033578918,100.53977520478036,97.13895358169525,98.63594622633399,739806,-0.010117965453849721,0.031841476556894115,Financials
2000-03-09,101.98683742447771,106.51026909241405,97.08993479549709,101.59603308215941,1465828,0.029568728554708407,0.030437800301555705,Financials
2000-03-10,110.16406819465189,124.28427078333374,96.36164670228939,110.4464675628544,1918318,0.08352645721092188,0.031181953210297972,Financials
2000-03-13,102.83409145936027,113.22079649766592,94.13526933564653,104.39033078312323,1538282,-0.05639389298668844,0.04386743351210057,Financials
2000-03-14,106.16433872809952,107.7671952621879,103.85433515883841,105.44635160896753,652036,0.010065253884002753,0.04600567414221817,Financials
2000-03-15,106.53182202973063,110.24341525375425,103.66542827939037,107.35487603722075,1278559,0.01793763713494183,0.04252545170819922,Financials
2000-03-16,114.2510398626503,123.81587333789194,104.0135286791215,113.5169018103092,1424375,0.05581179530468021,0.03993738922722458,Financials
2000-03-17,113.8315125881418,114.06779905586951,113.43813977835904,113.67409949488285,825783,0.0013838374650121579,0.04293296543332636,Financials
2000-03-20,110.74242623733787,115.04517011113164,106.52420838270305,110.82385076758281,1375568,-0.025393567144685464,0.039684743512322124,Financials
2000-03-21,115.15495605185355,121.13360874250866,108.77043944291327,114.72686643685225,1989469,0.034612218154483745,0.03816579727924967,Financials
2000-03-22,122.83449876247468,134.36096012745352,110.67256836798522,122.1332239799515,1378890,0.06255821983294549,0.038013199186659644,Financials
2000-03-23,126.95259246016954,135.46006305103333,118.91750993335408,127.39686183056916,976461,0.04219466165075962,0.04293055182761805,Financials
2000-03-24,113.77479684290148,130.8410163693367,95.87946604266516,112.79937181490018,1973442,-0.12169634038995612,0.0429125185109468,Financials
2000-03-27,124.29920691271855,141.80543510235117,106.45307530658874,123.90358422663283,2062516,0.09389294656790158,0.06160103315373932,Financials
2000-03-28,114.63250477863936,127.5373190202191,103.04523585831082,115.82909637366643,1934293,-0.06738791900083424,0.06676924921524051,Financials
2000-03-29,109.19095873506508,118.82732415073541,99.63353989595797,109.26355132588515,2097672,-0.058352931719048894,0.06593690815243741,Financials
2000-03-30,108.34986096229221,109.3923704874229,107.96481317319362,109.00499452064167,1032607,-0.0023691634099564595,0.06394451017400611,Financials
2000-03-31,122.32828887124734,140.67753220193444,103.44971917672822,121.70555197262144,1892913,0.11021091663625382,0.058068599478584976,Financials
2000-04-03,117.96748601386827,123.4031086524834,112.72602766484873,118.1533903184275,1182646,-0.029620920849345193,0.06796717382820879,Financials
2000-04-04,106.05368044879442,121.96173251611357,89.50997115511329,105.30584841778035,2486363,-0.11511474012924007,0.06266768878257467,Financials
2000-04-05,119.04404913249682,139.09586161154851,101.1874417626223,120.95292314047698,3001741,0.1385324468092595,0.07231529494604222,Financials
2000-04-06,126.18110287591306,134.13359751938833,118.19308654881495,126.14319187211669,1591644,0.04201630018136593,0.08463029793962981,Financials
2000-04-07,131.66167683084743,140.2633786199628,123.12038755182587,131.7184089571441,1335128,0.0432486733402056,0.07806814514012746,Financials
2000-04-10,120.94801339503208,139.09021540428688,101.07032923679203,118.90626969034358,2541853,-0.10233084536659401,0.07250017510564494,Financials
2000-04-11,115.09154826947568,120.63354877860411,109.75148905305389,115.28453528112765,1024118,-0.030932240734819587,0.07665351002593168,Financials
2000-04-12,103.7539320987798,119.31702191359676,88.08687272925756,103.63161497559713,2042367,-0.10656084522727842,0.07031450068775295,Financials
2000-04-13,106.75966900534355,110.61021554182841,102.32494314380018,106.15363146574754,1143356,0.024044951134072456,0.07588534289246644,Financials
2000-04-14,89.4896432976689,104.73056913256795,76.06619680301857,91.07006011527649,2399754,-0.15325829658437676,0.06923577228558772,Financials
2000-04-17,102.51664271658305,117.89413912407049,86.96687848695342,102.31397469053344,2607598,0.11641716693934612,0.08636023131034981,Financials
2000-04-18,90.93055957448827,105.68225357607693,77.29097563831503,91.8976118052843,1846316,-0.10737122647937211,0.08999675080417757,Financials
2000-04-19,84.40895440738997,96.3141694978355,71.85222868410315,83.65046482021114,1781839,-0.09402805799478256,0.09115272440031665,Financials
2000-04-20,79.49737442978486,86.24058248966944,72.34602262482129,79.05140194817116,1412687,-0.056548685691420214,0.08985124754849315,Financials
2000-04-21,72.3201465982269,82.21781628508964,62.282567873524634,72.15805366908315,1682599,-0.09123939549744042,0.0838943408510403,Financials
2000-04-24,66.53384467802552,74.32534149337525,59.618095629359814,67.32713519100638,1676359,-0.06929555007813744,0.08354221947659266,Financials
2000-04-25,67.67601291049114,68.84155668092231,66.76915909169715,67.93128227063494,1126384,0.008933286500328244,0.08002326497434913,Financials
2000-04-26,75.51806210852651,86.84577142480548,64.10753505421415,75.42062947554606,2181950,0.10458419868586435,0.0723529466634114,Financials
2000-04-27,80.13550214360727,86.69636071694764,73.13036583979358,79.65160691428552,1632599,0.05458137278184106,0.07699764480110685,Financials
2000-04-28,74.72929611757584,81.84985764541315,67.6895391736241,74.8031439787257,1541020,-0.06280229494713553,0.07273086540215563,Financials
2000-05-01,74.33623737965343,75.80922998415326,72.35868671524284,73.82147924845732,1211029,-0.013210179910657474,0.07016724494599481,Financials
2000-05-02,71.48311157723813,74.741912199821,68.66321285872485,71.90535656644097,1277995,-0.02629897380694705,0.06375680464577706,Financials
2000-05-03,79.22658051360314,90.0164193365979,68.01592266245135,78.73941452947923,2168498,0.0907930878168021,0.05878511303388466,Financials
2000-05-04,76.96805878139897,79.69054248289207,74.18414490895208,76.90437605008694,1046650,-0.02358106938208731,0.06403951382405794,Financials
2000-05-05,77.74978896487784,78.18251151747346,76.76064256903041,77.19025096899517,1024988,0.003710385655975589,0.058857943301119424,Financials
2000-05-08,74.29659384741385,78.46638542221594,70.33595573405199,74.49516194632379,1576304,-0.035538983312352904,0.05360476691459111,Financials
2000-05-09,70.30526419401521,76.60933667013833,63.88030581786664,70.17247111765998,1606898,-0.05977809815896896,0.050874647212589774,Financials
2000-05-10,70.85400554607183,72.15003449924248,69.66661073772052,70.96084917017761,1559414,0.011172220014945389,0.05202496454712751,Financials
2000-05-11,80.84599812269714,92.9728978411017,68.56640826140365,80.66636266047489,1878309,0.12819336399470116,0.04779121597023088,Financials
2000-05-12,86.42338412903416,95.10368737106766,77.58952734366535,86.25268576322937,1669993,0.06695952590079407,0.06627390923261048,Financials
2000-05-15,81.3194474139585,88.12192941985666,75.49065913546136,82.22801699352078,1207974,-0.047785111383632194,0.06547000498172198,Financials
2000-05-16,78.79590598722004,84.49035016293864,72.69732265050507,78.36028526847522,1743553,-0.04817884977122363,0.06222193963817973,Financials
2000-05-17,81.73614694375686,89.31395278564504,75.16922456565959,82.67185302933206,1293218,0.053561960231344734,0.059543564326143134,Financials
2000-05-18,77.19780167795366,85.00035212478208,69.75254024070995,77.5236633030947,1598152,-0.06429597108911757,0.05802311073790219,Financials
2000-05-19,90.6908862576967,104.57581611447935,77.08725331904219,90.93549227346031,2329722,0.1595671563317125,0.058424659934878394,Financials
2000-05-22,85.06620031479265,94.74604590182467,74.7004122281319,84.29218063591885,1727709,-0.07586127471867923,0.08154755862546299,Financials
2000-05-23,84.97802220120295,85.70367212917871,84.04950865006762,84.77341135159075,1031432,0.005692843939167005,0.07926691241943322,Financials
2000-05-24,88.82533240307366,98.16192958200908,80.80532341087418,90.03289057406987,1025945,0.060193106142334106,0.0716341817460452,Financials
2000-05-25,97.68643631280713,108.66364356505119,86.13253713774314,97.03673639734241,1783780,0.07491457815831153,0.06891042228574494,Financials
2000-05-26,92.43283386951363,98.79442688418739,86.99266828161004,93.30304474210996,1035712,-0.03923689133800962,0.06885307649463036,Financials
2000-05-29,95.0219281463583,98.14239077834154,92.11277733170675,95.22696271287177,1142366,0.020410382258789182,0.06421469427242453,Financials
2000-05-30,99.54808087955347,106.05970831325233,92.96487020742018,99.47148752560068,1198726,0.043607922095973604,0.05883289151480867,Financials
2000-05-31,111.75116578694055,128.5138406549816,94.4001707098008,111.05902436447154,2138123,0.11019076544668782,0.05616311004230333,Financials
2000-06-01,111.36722045711979,111.64088062000417,110.9677584227468,111.24110869403576,1293276,0.0016381849869355509,0.06666885826349618,Financials
2000-06-02,118.4609873297378,130.39410577649286,106.84897372112816,118.75342615938463,1964556,0.06534929836598131,0.060466452494207304,Financials
2000-06-05,108.9103744549138,123.72863208964061,93.69943348199983,108.45584871089319,2112839,-0.09070612852626636,0.060543646415840285,Financials
2000-06-06,113.00493375313985,119.33487650276327,106.27622446152027,112.58250496981088,1665787,0.03734316452324832,0.06531896171782406,Financials
2000-06-07,117.67042619757167,126.36494941441086,109.34805115026104,118.0179923544028,999003,0.04715076005779713,0.061011721811527427,Financials
2000-06-08,119.9954382307685,125.08228604132245,115.76620354614117,120.82385387850469,1321720,0.02349664146673034,0.05840739066958875,Financials
2000-06-09,130.10418854817692,145.8824465145401,114.89691791835838,130.6154203843491,1239478,0.07792355137071476,0.05396250968863829,Financials
2000-06-12,133.17399073758813,137.87947908719644,128.80731314287016,133.5020448388271,944005,0.02185951160850052,0.05779596820065192,Financials
2000-06-13,139.5727126391675,148.54492897031727,130.38997219974326,139.34772558553098,895422,0.042855637330511516,0.053328931072776434,Financials
2000-06-14,144.34557815158934,152.32799820193253,136.50881016842507,144.4837297334246,1080451,0.03619447201416507,0.05148466528144669,Financials
2000-06-15,155.91493681251478,172.2633733952817,138.6982547830963,154.94498747847263,1366967,0.06990323021424441,0.04916342723988746,Financials
2000-06-16,155.28695458425014,155.97487916937783,153.80367065945325,154.4880561069565,736910,-0.0029533478283026195,0.05259851044977618,Financials
2000-06-19,160.21539596331942,171.4671472271418,150.00420724610373,161.19361271712984,1060988,0.04248941934624681,0.048110196224266356,Financials
2000-06-20,181.94077821024717,209.23189494178425,153.07932145551072,180.09331935942438,2163029,0.11086895148722099,0.04714313733776224,Financials
2000-06-21,169.30869274777663,184.88589135855955,154.01282744368277,169.56671549046837,1333159,-0.06022870633850828,0.0610063027810984,Financials
2000-06-22,170.6541443323489,171.37173437897326,169.3277082865337,170.04272736288752,1351587,0.002803291805703681,0.06017923016537171,Financials
2000-06-23,170.4548109435237,173.35439532712772,168.4752988882704,171.3643210228163,569404,0.007742079535317151,0.054757744305071736,Financials
2000-06-26,172.5863757736235,176.4095791656652,169.56597625937076,173.3753715939583,1157057,0.011667199494412429,0.05007713468673472,Financials
2000-06-27,168.20486236158544,178.1346434578602,156.8445213125118,166.68455267014906,1557373,-0.03935590191175716,0.046115009122335196,Financials
2000-06-28,172.79687188329677,182.08728395259968,163.47860957172313,172.76743919451462,1271265,0.035843288010357965,0.04509554640289465,Financials
2000-06-29,172.30629370112808,173.20077805400842,171.27677410785367,172.17055380152715,1094473,-0.0034608306470486783,0.043813215342057704,Financials
2000-06-30,170.47570044896912,173.7665559976202,166.6879600123648,169.969034911391,770695,-0.01286930450100985,0.040465724671661936,Financials
2000-07-03,185.18125775084732,207.71291050696522,161.9026211410296,184.33079512874514,2024245,0.08111567023495506,0.037879054216191255,Financials
2000-07-04,185.1754275998675,186.91607645645138,183.6241003009505,185.3631762725943,793576,0.00558507255894007,0.04727389334823631,Financials
2000-07-05,204.46059590114868,235.88863371377965,173.79150651597638,205.1205510554606,1624220,0.10128084455830828,0.04350328434915726,Financials
2000-07-06,218.92081945433043,245.34352521495492,194.6484134039211,220.85650402636446,2276056,0.07391532734958492,0.05614890934379345,Financials
2000-07-07,198.77712064813582,229.5828804143417,169.94199140872044,200.4981012287955,2439869,-0.09670841105990167,0.05866584490977244,Financials
2000-07-10,207.2043472144787,215.902941843312,197.53277789432815,206.18873641658195,1256818,0.02798716901381515,0.06523973177935066,Financials
2000-07-11,211.98810553170574,219.90260683269358,203.49313660915817,211.3851258769836,1688505,0.024889765335769868,0.06018696143289235,Financials
2000-07-12,193.37023649408266,222.12948405910728,162.96071993988974,191.4316483913658,1751162,-0.09915089342409282,0.055595875062724134,Financials
2000-07-13,189.5268366385886,192.3525374287815,186.73722490375562,189.56240221063138,804843,-0.009812547866778869,0.06361883376179885,Financials
2000-07-14,201.20364980555212,223.77079502652242,180.58150818091843,202.96783520502592,1824899,0.0683292496418874,0.05789928947504271,Financials
2000-07-17,202.75376952929437,203.25792179099426,202.12780893188744,202.63165755915398,942637,-0.0016576831522304796,0.059010127358491093,Financials
2000-07-18,197.77186876711465,205.72950210931768,189.3310837882896,197.26846183423248,1299259,-0.026824284605658458,0.05372307038607576,Financials
2000-07-19,190.39472932360752,199.3835935831472,183.98659861664376,192.89143118110448,1110256,-0.022438053580331577,0.050168376195135166,Financials
2000-07-20,187.8971335061499,195.41744506174493,180.29575645179204,187.81268820614366,970078,-0.026682371058626312,0.046786886125455694,Financials
2000-07-21,179.5718558291549,191.3468657711747,168.55445597861527,180.28567072725505,1521264,-0.040902474387083755,0.04424932213548158,Financials
2000-07-24,182.64650695267156,189.84800702142402,176.93030444848443,184.0867305125015,780737,0.02086435559616564,0.04378759949126696,Financials
2000-07-25,186.47264645669537,192.66713061524368,181.3338484439668,187.50002031729005,1504427,0.018371945735293896,0.04122112681056365,Financials
2000-07-26,190.48957117900648,198.6239906348076,183.83412197865746,191.91861264911546,875945,0.023292435938115016,0.0388583877038297,Financials
2000-07-27,184.7943480315576,194.72497766007285,176.15947353869694,186.0322593583821,948301,-0.03115129362212627,0.03727412067027998,Financials
2000-07-28,190.75237991123026,196.03932301123038,184.24934906672934,189.50162594093382,1195985,0.018477508563582098,0.03683813949623221,Financials
2000-07-31,187.52046237410613,191.5684843084615,182.76162426948068,186.79396319748557,1167020,-0.014391396306320546,0.035168900546401476,Financials
2000-08-01,177.8593664453046,190.50381069891375,166.28248695924106,178.86168990384581,1462382,-0.04339338327593285,0.0334745888049574,Financials
2000-08-02,173.8011406496706,182.27650325821716,164.69728965338797,173.14043304576364,1140927,-0.03250980815149067,0.03576152028855295,Financials
2000-08-03,176.56577554139977,180.06120309123625,171.9675027259371,175.44065658320054,942620,0.013197829681766048,0.035800030874091116,Financials
2000-08-04,176.0085669485065,179.22272578087558,170.152725806116,173.3177465522377,1123151,-0.012174251470041232,0.03393289222443376,Financials
2000-08-07,166.79974479652432,178.37359304102972,154.00046643574234,165.48294498926785,1585673,-0.0462584570443002,0.032301467452739666,Financials
2000-08-08,166.50785248255636,169.03067728362225,164.38058097880804,166.89841601713823,1116124,0.008517201929845652,0.035435639783955156,Financials
2000-08-09,171.29946408117556,176.75289160635265,165.05119334041555,170.47848445642623,1108352,0.02122375787699619,0.03339803980513894,Financials
2000-08-10,171.71572407842552,172.41600366064333,170.2454776905214,170.94260438772,857274,0.002718755415774612,0.032556265679953525,Financials
2000-08-11,172.78200212968662,176.49568534831894,169.448799207264,173.1552813552399,985171,0.012860918696538765,0.030806445635136105,Financials
2000-08-14,172.17028078383754,174.5617265063301,169.17630536740955,171.55926406583507,1355544,-0.009260002022823155,0.029732812826813483,Financials
2000-08-15,173.21000980850266,175.39045560136128,170.82723320710247,173.00509949645365,1055345,0.008392300942535099,0.02863728814840649,Financials
2000-08-16,167.41189467215457,175.60295357568145,159.3639860841674,167.54847903565056,980112,-0.03204833445376358,0.02768826511832046,Financials
2000-08-17,172.72422558417915,179.66199893620507,165.18314973592857,172.09567629652392,1236494,0.026777843229812633,0.029451254326411377,Financials
2000-08-18,167.33719771548357,174.1622685221893,160.99281298873814,167.80032489609957,877949,-0.025275849455909286,0.030024307457878777,Financials
2000-08-21,171.98747529868288,178.0516858722589,165.73413345712638,171.79143160743868,1727205,0.0235064038356847,0.030281966837011374,Financials
2000-08-22,177.51870471429234,185.1990512825674,169.16856349144354,176.81862093579596,1480842,0.028843332615329075,0.030273431678738194,Financials
2000-08-23,173.15065059800475,178.04216028791475,169.45168794171158,174.31825447872433,1383922,-0.014241789422556463,0.030951174580935683,Financials
2000-08-24,180.09974631410302,191.49172602673707,169.77517942526126,181.10928535638135,1537885,0.03821795828938478,0.0299466934943595,Financials
2000-08-25,185.49480919387122,188.71204437453147,180.03785026130066,183.2155538754003,1467322,0.011562714143293427,0.032195270015445816,Financials
2000-08-28,185.45456183028912,192.1164482898304,180.13098183981185,186.75552344699304,1625377,0.019137050563536998,0.03081043301948058,Financials
2000-08-29,180.2966978680889,189.68191076365704,171.22422988542908,180.5944595169777,1920478,-0.0335464379545377,0.030238390035169285,Financials
2000-08-30,177.5109467832992,180.97174150645367,176.38899440735693,179.8350993967571,1166926,-0.004213645773301383,0.03162740442165413,Financials
2000-08-31,175.20950802447643,181.45435616131863,170.29486967283782,176.5034233974226,914374,-0.018700044333789023,0.030048251030070333,Financials
2000-09-01,178.48863433794054,186.381105359572,172.6000305067577,180.42850241368262,950373,0.021994318585140046,0.029576539024803925,Financials
2000-09-04,182.50193047531693,188.0873174572309,177.91577347449353,183.47666597557216,659272,0.016752907723145617,0.029536076856148234,Financials
2000-09-05,181.68879557140005,184.28298512514726,179.24998841881114,181.8421199013853,1638906,-0.008948660977943106,0.028982802770244134,Financials
2000-09-06,176.76485395130163,185.66164454962555,166.99146186544883,175.84179371684405,1412571,-0.033554146085227866,0.02800025116190605,Financials
2000-09-07,181.9870524492149,191.1023143418609,172.7060446120947,181.8125669776804,1293854,0.03339161319434957,0.0299348185234215,Financials
2000-09-08,184.79019768662394,188.14198355772604,180.68653480517335,184.02443094523736,836654,0.012092221027099425,0.03137076127195995,Financials
2000-09-11,183.25101486138905,184.36622563734713,182.22225654602,183.33698469338472,633307,-0.0037426198017592206,0.03015349070391479,Financials
2000-09-12,179.97806633156526,186.31033333574476,172.78582221537985,179.0867288024816,1327896,-0.023455698920237116,0.0288008243241741,Financials
2000-09-13,177.23779731307698,183.24977686919928,169.14351161148403,175.0823784668457,1502180,-0.02261360968997154,0.029088063826543574,Financials
2000-09-14,173.43044898034063,175.25447384200305,173.32819816095085,175.15120850023894,1055246,0.00039305216198942596,0.02921641092302774,Financials
2000-09-15,170.28902351666343,176.95599648782698,164.79125003680096,171.42165601848762,774508,-0.02152330340628015,0.02798038790436756,Financials
2000-09-18,163.3075822385859,175.89222337339325,150.2890227219364,162.83743375748156,2040460,-0.05137398179272005,0.02821009702661303,Financials
2000-09-19,156.93153097648442,165.45820233340774,148.80435805543834,157.31135887822202,1268246,-0.034525345206179565,0.03365323996566374,Financials
2000-09-20,156.23756346288,158.26572202617837,153.9313329262639,155.95583429333445,924155,-0.008654165354971325,0.03442139403612407,Financials
2000-09-21,156.55564815410747,157.1164530888709,155.02651732301229,155.58384110461762,1434063,-0.002388096251506336,0.03254381785548174,Financials
2000-09-22,154.1725547433894,157.66311454530927,149.7833898962854,153.2531334444137,1356987,-0.015093736182939894,0.030791809220060237,Financials
2000-09-25,147.2175448445685,155.39895565644,140.6496198963651,148.76212137582803,1597652,-0.02974249188001688,0.02987777673840036,Financials
2000-09-26,149.46182509181946,150.34039549128124,148.46834579258683,149.34623673756917,1243457,0.00391881739220946,0.03077072647417816,Financials
2000-09-27,149.45453064844665,150.72147380737738,148.6312130921309,149.89572578807972,1105729,0.003672544207898667,0.02932189720434156,Financials
2000-09-28,151.61765472312754,155.54975148940673,148.22698730896153,152.1472407958866,1070897,0.014908850469328242,0.028104128907927826,Financials
2000-09-29,154.86489449036077,159.6015985244774,150.3822084579641,155.11176658534936,976190,0.01929719039789942,0.02766251475709065,Financials
2000-10-02,158.51014380855793,167.90333888142408,150.86655346109774,160.1792612559685,1209150,0.03214763910921185,0.027713336351600178,Financials
2000-10-03,163.2738312426848,167.84497572847522,158.62801335946716,163.1970070128057,989214,0.018664532056358984,0.029486332671832184,Financials
2000-10-04,167.27371682027257,176.12479352704165,159.51781917900323,168.3203664025931,1402227,0.030911003388945146,0.029117173026919945,Financials
2000-10-05,164.67350016042883,169.41665610868867,161.3681130548991,166.082977456103,1256731,-0.013381578709019223,0.03035739336043828,Financials
2000-10-06,169.47093582109264,177.70233525937203,162.51146033970667,170.69268745493335,668699,0.027377262646510542,0.029395868121628203,Financials
2000-10-09,178.15816980693202,189.995021824981,166.48634113665577,178.31304658009984,1800911,0.04367590395629859,0.030061949813705184,Financials
2000-10-10,180.20113034934514,186.7099372138004,175.18476308411155,181.65314922564755,1380786,0.018558401032256446,0.0333033684368617,Financials
2000-10-11,176.66895896823286,184.80902287929166,168.04163861156613,176.15816769432752,925091,-0.030716823746128406,0.032232803426388366,Financials
2000-10-12,173.85324703041408,176.67096813381173,172.3169353155177,175.12343200926853,1144900,-0.005891220482938354,0.03275196761321314,Financials
2000-10-13,176.26715079060054,178.45429003095362,174.26772177515835,176.4527556670463,1041535,0.007562116202496306,0.03103802632008612,Financials
2000-10-16,173.60211044592654,178.56634848488426,168.17030646021632,173.12078063566307,848714,-0.019063662402898363,0.02965240466633517,Financials
2000-10-17,180.39925016066337,194.23760146813456,167.68484151049356,181.4491935662687,1388878,0.04698618439875765,0.02929036643042604,Financials
2000-10-18,193.52023196743144,211.59713196369674,175.0696083683418,193.10800154808348,1512354,0.06227393664040781,0.03342896470362209,Financials
2000-10-19,184.7823942853597,196.82697012302322,173.15438863550503,185.1743024364383,1004216,-0.04195206906237153,0.0396951259303814,Financials
2000-10-20,175.42810720048962,191.50206027589917,158.2399701569372,174.20153619782212,1785667,-0.06108467387550876,0.04030581636557147,Financials
2000-10-23,181.0553703130202,192.48621299309445,170.01851748517916,181.4267230800885,1419083,0.04063895963155661,0.04426451935453185,Financials
2000-10-24,180.2328356738396,182.71360084082778,177.29515100626423,179.76953925748464,1337254,-0.00917614949837276,0.043763076844989694,Financials
2000-10-25,169.81536047778783,183.97496653480675,156.55900445863958,170.65320552407684,1658586,-0.052042233721184106,0.04055608183608041,Financials
2000-10-26,175.05597262799867,185.05208559620436,166.42420783128688,176.35620801394538,1280067,0.03287239948506707,0.04268601331489548,Financials
2000-10-27,158.03547767957983,181.7407993315168,134.08817130273945,157.75078976792878,2322388,-0.1114893510018071,0.04147005887820058,Financials
2000-10-30,162.84022997501197,168.5176239016718,155.8310830715845,161.46036838394198,606855,0.023243207682896873,0.057795276058772826,Financials
2000-10-31,168.40078691229496,178.27071079804182,158.0537847547273,167.89400637215545,1499728,0.03907315029704404,0.05341602899202026,Financials
2000-11-01,165.29843807385512,168.5982659533683,163.18238321967118,166.46724866306135,1276935,-0.008534280496300421,0.05110405447458537,Financials
2000-11-02,167.73891943825248,170.23265238845846,165.4787281345105,167.9693560755426,1154360,0.008982973108094537,0.04690655176552142,Financials
2000-11-03,163.3247064334212,171.29846032919505,154.65245741601962,162.59035940289766,1442301,-0.032547653362431685,0.043269894265000754,Financials
2000-11-06,172.03669341712586,187.0774474660576,157.19230873326413,172.2174647215209,2171816,0.05752410290700613,0.04191335659039524,Financials
2000-11-07,175.883640899994,180.8358458059709,170.53978996154638,175.4806481460023,1139406,0.01877076185382774,0.04474077481254965,Financials
2000-11-08,173.88222366584122,175.96114084389606,172.43793198959065,174.51162129707495,1274564,-0.005537432735796912,0.04188365754978651,Financials
2000-11-09,172.29245071439445,175.5292156819527,169.2052427663453,172.4393750818455,1412118,-0.011945611218012775,0.038832873831249635,Financials
2000-11-10,166.90199510506446,175.6466598193304,157.79550164239652,166.52016051133782,1155336,-0.03492933965533171,0.03643896700101128,Financials
2000-11-13,161.01124971052386,169.62686728399228,152.0864622275826,160.68460102119437,1372558,-0.0356729424764135,0.03667761535588513,Financials
2000-11-14,162.83234016203008,165.62033911218762,159.7464497634218,162.52925939517388,625848,0.011414599611613969,0.036974069268802895,Financials
2000-11-15,164.24551352434605,167.04647596375227,161.5306185005503,164.33018142254767,1636760,0.011019661828361234,0.03483115561217294,Financials
2000-11-16,160.19944730584686,167.2294486084164,152.58895161095688,159.59231002592298,1330396,-0.029255204146233702,0.03299670382091583,Financials
2000-11-17,153.6037114905731,163.10579834834007,143.67080335209113,153.14448177768423,1170269,-0.041240699917810465,0.03315729204687658,Financials
2000-11-20,156.22516750511343,161.94686857552298,150.93406339786563,156.64165856217912,1429989,0.022578965953419412,0.0351375029300906,Financials
2000-11-21,162.47334613919446,171.98761409103207,153.20964641257547,162.7103984174736,1136559,0.038011156688156474,0.03412018090893645,Financials
2000-11-22,160.29097181834933,163.81989116584614,156.91812843382928,160.44383131115794,2090716,-0.01402800314227866,0.0353281276198241,Financials
2000-11-23,173.5437150396046,196.29757084108314,151.7869930362789,174.42976683929902,2300884,0.08357825768706395,0.03358539878759861,Financials
2000-11-24,173.56281447690924,174.50139158481977,173.52005884129898,174.45841532600937,619733,0.00016422732691570593,0.04527893531299531,Financials
2000-11-27,179.0952935845594,189.7194243059878,169.94839871571259,180.50074892316013,1537676,0.03404852126773189,0.041715100767647284,Financials
2000-11-28,179.3123787169273,181.60957424741818,178.6527592320274,180.9439528451174,1343343,0.0024524036009850913,0.04081684671458407,Financials
2000-11-29,189.94152641312095,204.89523435593856,175.4590377773159,190.37936202860809,1830136,0.05083139325136582,0.03786441763834221,Financials
2000-11-30,202.0302999659554,219.1855563049664,184.36006328206815,201.4675326420874,1560263,0.05660951630160393,0.04042951742791262,Financials
2000-12-01,195.22745623044236,206.74107088930944,182.2766035360442,193.7001443889715,1067132,-0.03931692423862303,0.04345494567881021,Financials
2000-12-04,190.95012462573564,194.6882278637018,187.9661614435704,191.69266111979996,1695844,-0.010417949671461209,0.04292480544972243,Financials
2000-12-05,196.15638349387172,201.60903750947094,189.84992195363915,195.27816366728456,1209739,0.018531656285250154,0.03987870596722995,Financials
2000-12-06,187.27732589432122,198.70385891623295,176.632109244829,188.0166193523758,1119339,-0.03789466271889292,0.037732774803846895,Financials
2000-12-07,191.36615658705279,198.18150946214143,185.26338535197638,192.0567159130571,949999,0.021260364054324434,0.038136736290682455,Financials
2000-12-08,180.4050684055994,197.07712559036693,164.43648030019062,181.05133323377316,1827923,-0.05901012370490267,0.03648738118695841,Financials
2000-12-11,183.7655487202368,188.47835737118044,179.300813997595,184.00773845041059,1074304,0.016197213437573788,0.0410778820492989,Financials
2000-12-12,177.43609432850508,186.20616511254516,170.7448007798784,179.43932762195132,1102291,-0.02514067040662136,0.03859101415350779,Financials
2000-12-13,175.778735725535,181.1886917499803,170.42266189153298,175.83102464414364,1058849,-0.020313696503711766,0.03723199020991419,Financials
2000-12-14,179.30123373543935,185.74400347924967,173.3427463041762,179.76994013081293,1635123,0.022154476416133564,0.03564931718616296,Financials
2000-12-15,170.36145751924428,183.785119973615,157.73366202181498,171.1024029711807,1403009,-0.049415697976571776,0.034501046019833594,Financials
2000-12-18,164.8327521569657,174.1977613638842,155.38289233041755,164.74279033665246,1574900,-0.03787681385877515,0.0376635688981661,Financials
2000-12-19,154.06927168265392,169.44116253313518,138.99362923949482,154.33911589635179,1218265,-0.06523317846365162,0.038079305297383896,Financials
2000-12-20,153.45835707829303,154.7690341086671,152.16139543225478,153.47195751777534,845614,-0.005634369569835218,0.04356985115209471,Financials
2000-12-21,167.9915929125989,190.80807893542328,145.191401888976,168.00594061047084,1264438,0.09048147639739394,0.040291779082090355,Financials
2000-12-22,163.9041919573076,170.52240079069193,156.94006185297008,163.54371516674857,943623,-0.02691901390420475,0.05125208878609537,Financials
2000-12-25,162.12985621329125,163.80532678641904,161.34677279330361,163.01795387545906,1169700,-0.0032199844341951425,0.04806366902751451,Financials
2000-12-26,177.38039439703945,197.1933617868268,156.00410898853633,175.62050041390648,1550742,0.07446507812447026,0.04415482158578647,Financials
2000-12-27,170.54428997798033,177.63441068117038,164.38469931079044,171.4423833515577,1451531,-0.024078166314784166,0.04991468515808376,Financials
2000-12-28,173.43320008012063,175.38863894652164,170.78832354541993,172.73590044066495,1225192,0.007516588002365024,0.04669201590750675,Financials
2000-12-29,168.50804809985593,174.11972226205276,164.32079385087582,169.89793083543768,1099244,-0.016565991144821702,0.04304172793795673,Financials
2001-01-01,167.9569076656814,172.9038100317206,161.68764956749877,166.59442209802228,746187,-0.019635601515463428,0.0402894165321318,Financials
2001-01-02,176.18937263989923,190.65369719180407,161.52028356855166,175.96629444239025,1826445,0.05473021947987538,0.038163113010219726,Financials
2001-01-03,175.09513353662604,179.04424807649912,169.43071019921402,173.34024478886423,958795,-0.015036071953600827,0.041405894439704376,Financials
2001-01-04,176.3425715253503,180.87166294894809,171.80492151563607,176.33378733051586,1274844,0.017122321945750144,0.03880039941096783,Financials
2001-01-05,168.69207246901263,179.48225936050068,158.9176316010368,169.65218705075986,1453469,-0.03862833514705261,0.03671992486215888,Financials
2001-01-08,187.7849664164546,212.9425879667123,160.64995511398905,185.50168454576982,2174237,0.08931358042249639,0.03745002732897572,Financials
2001-01-09,179.10646858984308,190.88470412650247,165.8693060971386,177.5448477547942,1519487,-0.0438407227067894,0.049178663917756875,Financials
2001-01-10,186.81777988217578,199.5394295263961,173.13902232237174,185.7907336425344,1373722,0.04539771197453742,0.048198901781125535,Financials
2001-01-11,178.96367995260607,187.97244865709064,172.3364996004134,181.26022524022656,1218386,-0.02468724512127347,0.04761985031689755,Financials
2001-01-12,174.78805351609978,183.98731294793924,166.36812161916774,175.5315644638943,1491397,-0.032114826032838564,0.044783246042629135,Financials
2001-01-15,176.11452892036516,178.30441305869957,174.45367196678322,176.63861369717904,751885,0.006287033647038287,0.04311769484283279,Financials
2001-01-16,164.07981083470284,181.63605851175706,148.1730611750347,165.5835304564431,1196704,-0.0646301316363369,0.039915379312485164,Financials
2001-01-17,165.8672254817897,166.22965769801962,164.981212195446,165.34249784278285,430796,-0.0014567162185585402,0.04473419376525289,Financials
2001-01-18,164.35011991290563,165.49183358835649,163.90318276036223,165.0430121701209,1459848,-0.0018129472728921898,0.04124605165083034,Financials
2001-01-19,165.3139321623169,165.75557178541627,164.88628506620228,165.32788858572667,461634,0.001724585824965347,0.03822934001651761,Financials
2001-01-22,158.57115610698193,168.13487530619085,149.8713463737207,159.39013339989677,2141166,-0.03657583950257961,0.03563189694527871,Financials
2001-01-23,155.95575165845355,160.43712693335465,152.79786063956468,157.2529690339182,1340811,-0.01349908968968204,0.03628187521660008,Financials
2001-01-24,143.3575976589044,162.95862818456845,124.66221587263205,144.15876545012006,1469287,-0.08694054630553967,0.03435743571272256,Financials
2001-01-25,152.35898907589606,163.01798163559636,140.47473640482954,151.04156214214564,1260146,0.04663981484059606,0.046670606379057726,Financials
2001-01-26,153.7482468051347,156.7265202557684,150.04090116014243,153.00477269564846,943547,0.012914070078940822,0.046570454679828045,Financials
2001-01-29,153.17270794243422,155.13276816571368,151.90016211773792,153.85455759214364,771790,0.005538609942508082,0.04312843354643551,Financials
2001-01-30,149.78596009504614,157.1942190006325,141.50161516944848,148.86428918354142,1454364,-0.03297264488111568,0.03990802994573561,Financials
2001-01-31,156.58167736147598,167.5436989711982,145.0571279272915,155.97680331571559,1983599,0.04667221944244856,0.03920714195000968,Financials
2001-02-01,150.57997570393,158.29893432037164,143.40743375074732,151.10154841224391,1299200,-0.031755182673537365,0.04070017683085884,Financials
2001-02-02,142.7767454247899,154.79852341959065,131.05364255005074,143.05275774487373,1539311,-0.054738619326560205,0.039704688126781726,Financials
2001-02-05,143.3272469888898,143.3426577432539,143.0271238134139,143.0425039517919,745565,-7.168097105448223e-05,0.042551348677365236,Financials
2001-02-06,138.78253604040728,144.3532163287899,134.81817784443743,140.34424745189077,1321291,-0.01904350172135779,0.03935091600121161,Financials
2001-02-07,138.32093362283254,140.51048205693948,137.82707172854137,140.01058741258333,746156,-0.0023802706809262376,0.03732551293390665,Financials
2001-02-08,138.63201640815976,140.5603241032305,136.97268629658308,138.89781259369377,971652,-0.007979542554784247,0.03486265890462972,Financials
2001-02-09,138.04967254470643,139.59974374614336,136.31400122153576,137.86196477283417,1388480,-0.007485572271990063,0.03289186759106251,Financials
2001-02-12,133.41646395297587,139.80165014036515,127.43348457489601,133.80140817508752,1550818,-0.029896257182514995,0.031207451541871673,Financials
2001-02-13,135.27788652470923,138.21289944325062,132.62960019060984,135.55910774291465,710155,0.013051092592361311,0.03183067631105373,Financials
2001-02-14,135.22932864229963,135.5736900077319,135.22060086869251,135.5649405735502,595136,4.3027025250360945e-05,0.030595803898793374,Financials
2001-02-15,133.76619361435021,135.65169937856976,133.5087103471855,135.3910883912789,1318595,-0.0012832503251009532,0.029135594222007403,Financials
2001-02-16,130.87416416799073,137.51241302067228,124.28929373938006,130.92498553928422,1396643,-0.033543011693575125,0.027916899724810196,Financials
2001-02-19,129.3604183899562,131.57372320232813,127.39800268014098,129.60755834469975,696679,-0.010113426936615398,0.029870598876108656,Financials
2001-02-20,124.6093168150741,131.60913925879194,118.43614744551301,125.39695037227936,1451198,-0.03302679407577175,0.028794866772295473,Financials
2001-02-21,129.39190311098415,132.7521133165412,124.2734945888605,127.58682836365219,290020,0.017312830889554,0.030445539098296677,Financials
2001-02-22,132.6118668858671,139.03650545455955,125.39080148037388,131.77489113899762,1436471,0.03229795703588542,0.029774230431705094,Financials
2001-02-23,129.7337392380637,132.4567004508905,127.67677654230882,130.38934298460217,1012846,-0.010570176053587796,0.031075352653574247,Financials
2001-02-26,129.21344466044053,130.81552224515355,127.92949180090999,129.52843938335207,944277,-0.006624454407741849,0.029821155700371162,Financials
2001-02-27,131.3411281413224,136.43926747178742,127.20668669516031,132.2754159077231,908275,0.02098576688389363,0.028601111364327456,Financials
2001-02-28,130.79876987430268,132.76821825718935,129.31450852927313,131.27851294584934,1051279,-0.007565113680380563,0.028644008427164972,Financials
2001-03-01,131.234340688486,132.08576941483562,130.75109987659792,131.60117780812817,921333,0.0024548493905526703,0.027658055187774148,Financials
2001-03-02,134.92826035089408,140.55371522887603,129.5372305387039,135.1536788680001,1706054,0.02663652421995836,0.026699781951272806,Financials
2001-03-05,135.70645348125686,136.32501996047617,134.94707969095217,135.5650014144898,541703,0.0030387475483604994,0.027869846579672352,Financials
2001-03-06,138.18260358898115,143.07825879797667,133.66709419449475,138.55072014843708,814877,0.021785228517465186,0.026884340733947333,Financials
2001-03-07,135.19812178999217,139.72919523578875,131.62351749344003,136.12995354234442,1478256,-0.017626498796606476,0.02737523787280963,Financials
2001-03-08,133.9913137008335,137.12672753145813,130.95716437118486,134.0903359060277,901936,-0.015096248882834734,0.027315324231067514,Financials
2001-03-09,131.80677369058392,134.99439794227314,129.06536440369973,132.24389705845024,1088317,-0.01386579869974236,0.027038603141222896,Financials
2001-03-12,131.6607360298803,133.00886982705495,129.99934154273438,131.3442345380507,1063198,-0.006826301385548387,0.026715312161756703,Financials
2001-03-13,130.70658352755308,133.0082946450598,127.52534518076415,129.81129040431537,973472,-0.011739837710732877,0.026037589783062396,Financials
2001-03-14,129.1555073718509,130.759831239652,127.14157741116307,128.74074930143513,1005657,-0.008281096694710813,0.025749532690710723,Financials
2001-03-15,127.34013254691376,129.54870177372567,125.05355549443738,127.26074788491285,1169313,-0.01156257226290246,0.02531239284228294,Financials
2001-03-16,133.7874690315519,145.67269157999533,122.67840970178142,134.50412465992343,2082693,0.055356750574552756,0.02515209229312487,Financials
2001-03-19,143.9666794086527,160.100439265938,128.4503953858787,144.52408029710494,2024638,0.07185127413513376,0.03264594419684449,Financials
2001-03-20,141.37625020221623,146.67296676326512,135.67793537974603,140.95902025757817,1422199,-0.024976927659220324,0.0415571531415364,Financials
2001-03-21,140.55239978441213,141.1207888291645,140.06625505090105,140.63436060833507,891463,-0.0023058765948109437,0.03968846959857958,Financials
2001-03-22,140.71973511001204,141.3259019928651,139.62701195566444,140.23107387250917,1218759,-0.0028717454230527922,0.03689088309179485,Financials
2001-03-23,145.67053278958193,153.24629055691477,137.62809834067602,145.1782546361596,990949,0.03467074007010908,0.03449618591236144,Financials
2001-03-26,151.0053889771023,158.29961610133006,142.6872559192734,149.92951350726443,1334531,0.03220294398603125,0.03510410953936196,Financials
2001-03-27,160.727654717497,176.8278895774017,144.22800973696468,160.28378140480066,1771870,0.06678060428038257,0.03523341092551697,Financials
2001-03-28,153.41203214033484,163.01453952392947,144.96377544048016,154.50603700255738,773147,-0.036712707958163227,0.041976921785250386,Financials
2001-03-29,157.55536038465914,161.43949863318016,153.1942460283518,157.06632840123046,1473882,0.01643501999990435,0.0413741828788827,Financials
2001-03-30,147.93240702392706,161.729971392622,133.8311222603928,147.59744492026007,1913338,-0.06217958884633617,0.03885839535384564,Financials
2001-04-02,152.4028313405917,160.59221690912537,144.57022447565276,152.74217003619358,1294097,0.0342627355674888,0.04345026009065458,Financials
2001-04-03,143.73832008757913,157.43848654128251,129.67646816792572,143.33852925832662,1893930,-0.0635421667437323,0.04226618434211413,Financials
2001-04-04,148.74513845298097,160.13814840666592,138.65769038577122,149.96778418215573,1047424,0.04521132890851164,0.04620373701603043,Financials
2001-04-05,143.42643470928562,152.86286067853746,134.37717762220763,143.79062556322668,1499257,-0.042062246546671136,0.045983017415652964,Financials
2001-04-06,152.71357378602696,166.34539151724147,138.98491325664276,152.6072391363688,1960733,0.05950930400076769,0.04535344750073072,Financials
2001-04-09,145.7828544117811,156.68159241290977,134.33347114789643,145.1877165978631,1566510,-0.04984005398579026,0.04771531986227901,Financials
2001-04-10,149.54038052169835,156.06530735450661,142.9510896113826,149.473079902121,1870063,0.029088806693527102,0.04789578318436448,Financials
2001-04-11,149.75357609701263,151.546509425646,146.5094304339735,148.28477849862995,641748,-0.007981705124565874,0.045410666574087294,Financials
2001-04-12,154.12806799816565,163.143036057259,145.14601480297236,154.15917032550269,1670808,0.03885103823875513,0.04194352218718251,Financials
2001-04-13,166.37657972619164,185.86018851146744,147.08489441447867,166.54856157292258,2116941,0.07730128580782059,0.04163913686194419,Financials
2001-04-16,169.9628886506775,174.71333576221275,164.9384310481924,169.68099938054408,1945461,0.01863327204053652,0.04881984732685601,Financials
2001-04-17,178.5269928236836,191.9548365008172,164.98749469599872,178.40625729357737,1296950,0.050143094011541406,0.04537380101396091,Financials
2001-04-18,181.00664582399008,186.6691219261636,176.04967414804204,181.69334460691246,944851,0.018257052214418614,0.04608877234556327,Financials
2001-04-19,176.74197060880283,183.3677065331597,171.66335347054778,178.24587523483964,1469078,-0.019156427571641342,0.04300392938314972,Financials
2001-04-20,179.96081521176836,182.17560971663823,177.5025890313926,179.71435026927242,1683587,0.008204728724837903,0.04042914371476192,Financials
2001-04-23,186.06719494154396,199.1446779409536,174.3949834851251,187.3895157621559,1495977,0.04182077505238856,0.03765249215157379,Financials
2001-04-24,171.77473575348992,194.0937505009699,149.757050096772,172.04182940227057,1731466,-0.08545178102059982,0.03868481247307312,Financials
2001-04-25,176.8283600577392,181.94976030345188,170.31603917357378,175.3959532657413,1453887,0.019308366765151734,0.048913319298534104,Financials
2001-04-26,167.81475857292997,179.2931677136165,156.11540589366467,167.57759308506039,1358626,-0.045599521910536255,0.045496507535314416,Financials
2001-04-27,154.53946505496833,173.26334745619135,135.9690972636579,154.6765113758153,1345737,-0.08011057363116544,0.04547354415590628,Financials
2001-04-30,138.40678448068036,159.1811925750301,117.6457668085783,138.41842832611314,2568951,-0.11105472570436598,0.052124180335104395,Financials
2001-05-01,133.83475833226692,140.57023378269284,127.15743098402108,133.89014315674703,1229344,-0.03326155044450799,0.06421461637100997,Financials
2001-05-02,143.74056597818193,161.9247382901762,126.7880209533933,144.84226101807596,1591845,0.07862565870867577,0.059705637717360226,Financials
2001-05-03,144.00688293316355,145.60288272520398,143.55390270294916,145.14631834882664,983344,0.0020970304612668777,0.062282498916592204,Financials
2001-05-04,143.47339659253237,146.96776403177705,139.33043074413578,142.80860689261502,1142419,-0.01623700524387699,0.05660342187138132,Financials
2001-05-07,154.47838211296744,177.31047083340937,133.6473251431906,156.24164226037755,2094757,0.0898984772058847,0.05198753643839174,Financials
2001-05-08,154.2311638501324,156.6299749815726,153.06952505303946,155.4590877034832,1083100,-0.005021202235633374,0.05894424133481602,Financials
2001-05-09,146.61744250320382,159.20844153008042,134.77253340943216,147.30776292800383,1495969,-0.05385857185676856,0.05369656171500459,Financials
2001-05-10,143.52153260406635,148.78973735680336,139.0024653799791,144.24780206236252,1789418,-0.02099135529047075,0.05330824004202579,Financials
2001-05-11,137.32499729903824,147.0209387652236,128.69994556200749,138.33260181945454,1327581,-0.0418717247729675,0.04939139919704857,Financials
2001-05-14,137.83420539370405,139.25682978840365,135.9660454768926,137.38402342077165,998583,-0.006880848338219428,0.04811023230076154,Financials
2001-05-15,134.9783184829214,137.78762489037098,133.77444940500652,136.5695635278984,1187513,-0.005945987431886169,0.044258078050279454,Financials
2001-05-16,139.54850498762775,144.90160986871433,134.53726821427057,139.87852206399654,1374269,0.02394023867090267,0.04089407283635031,Financials
2001-05-17,138.6701895767796,141.68584285810027,137.59958331919609,140.60033487119375,1181323,0.005147014706145503,0.039036270424551926,Financials
2001-05-18,137.41647631284553,142.0416169883098,133.00396638226692,137.62249180017204,1034547,-0.021406991111861493,0.03637359057042334,Financials
2001-05-21,140.64118288317152,146.4283987695019,135.34917776865808,141.1184357252456,1264431,0.02508513749209771,0.03503097719244111,Financials
2001-05-22,144.20827007977059,146.9911288625347,140.18715914464588,142.94565256869637,1461785,0.012864998571047094,0.03429468047519149,Financials
2001-05-23,150.44297325108795,161.03793329428368,139.26612658370598,149.8170025860097,1189716,0.04695006049684496,0.03264546393224242,Financials
2001-05-24,143.03410530552014,152.72987572253626,133.9387593146828,143.5986322256545,1265843,-0.04239243487376527,0.035822161846818835,Financials
2001-05-25,147.51913189873156,153.4175579867539,141.5811073947268,147.47788423006017,576897,0.026656095437037834,0.03736508535628831,Financials
2001-05-28,145.6619612391122,149.03200856429132,141.86079322868534,145.22062987447876,918359,-0.015424055791051638,0.03637996421848762,Financials
2001-05-29,144.76894412449303,145.60578100378524,143.82585578708017,144.6620749088731,892438,-0.003853666656446016,0.03456134635380358,Financials
2001-05-30,143.31505049235278,144.7336195365664,143.10199310341926,144.51877265030453,987184,-0.0009910910180126967,0.032524097857356604,Financials
2001-05-31,147.65857252531535,155.07523454764194,141.33349612424144,148.70531986340694,960159,0.028557214989959435,0.030763629375592613,Financials
2001-06-01,143.44663180539072,151.48741931778446,135.22101883805024,143.2508308846665,719985,-0.037369472819235944,0.03129613223841685,Financials
2001-06-04,129.72207868387332,149.18039048645431,109.37229925146417,128.67329323701668,2137584,-0.10732057450738212,0.033061003301256935,Financials
2001-06-05,125.40970028753752,131.5365969660138,118.46502215059203,124.54991392685262,612042,-0.03257003067773672,0.05198153333942508,Financials
2001-06-06,124.73390049759188,125.51037990202416,124.15818880398676,124.9337458185337,1432401,0.0030770126982772486,0.049201472349986806,Financials
2001-06-07,125.43077529252695,127.29534786808397,124.01670852259987,125.87625885776428,1314113,0.0075157885116536125,0.04514474616383413,Financials
2001-06-08,125.8414710083192,127.19052912429945,125.05574823519486,126.40131085076504,1242449,0.0041625004689293974,0.041700258350523434,Financials
2001-06-11,126.89016884825696,127.14813212899246,126.31542200176153,126.57273996065699,1118016,0.0013553100453037872,0.03864878004185119,Financials
2001-06-12,130.04269778427388,133.3040367002903,125.47890590859124,128.7067403681043,850363,0.016719323584148866,0.035989694202320635,Financials
2001-06-13,133.7575293814702,140.70400506332345,126.32124787958394,133.2408929018186,1877499,0.03462222881446039,0.03432399799248279,Financials
2001-06-14,125.79032421574514,136.07317471863385,116.96523255262545,127.1525155805731,1781739,-0.04677143873156,0.034961611515525105,Financials
2001-06-15,134.85813371959253,145.22410918682175,123.5505633297598,133.83813586780218,1378423,0.05124385249061283,0.037496487114968634,Financials
2001-06-18,136.34397161242413,139.87133856563406,132.64374024108787,136.16651623040855,1344869,0.01724739231956143,0.04023281123016834,Financials
2001-06-19,140.74682796221867,147.7488028394499,133.75194612209833,140.75358517705874,1173900,0.03313221780978262,0.03794158880252141,Financials
2001-06-20,139.7057030940622,142.33523814415966,136.38222463295605,138.9984477518253,516691,-0.01254797283079673,0.03763393292278826,Financials
2001-06-21,141.95561123850703,150.25914258746172,135.227987578903,143.46021220747664,1407810,0.03159496409198229,0.03544951437063564,Financials
2001-06-22,140.1467853456727,143.9691868558793,138.63343024453962,142.43116421488003,886309,-0.007198905049922564,0.035426977272795514,Financials
2001-06-25,140.32991360470376,142.7042795264372,139.51638105530603,141.88175053556677,1390009,-0.0038648568861773796,0.033344118072568756,Financials
2001-06-26,151.04148536425706,165.54615671598646,136.676446064367,151.1689908091426,2014877,0.06340438749988367,0.03149134382401805,Financials
2001-06-27,151.96097650980397,152.00807501035794,151.1533666763499,151.20022939236654,1166613,0.0002066254185150657,0.038683087283841844,Financials
2001-06-28,159.97452501150758,173.36127442605508,146.49653873190823,159.87495617576553,1499843,0.05578700489378768,0.03601543276925877,Financials
2001-06-29,156.70262754837844,161.17157262428591,152.75891581184837,157.21496691896613,1292329,-0.016777900912191352,0.04005643026155129,Financials
2001-07-02,167.25686704639315,182.23648049867006,151.94114522908387,166.88769548073543,1450104,0.05970701917676494,0.03776028042919854,Financials
2001-07-03,172.6210075942218,180.19662710865367,164.30104221312362,171.8424960890084,1059000,0.029257232824716276,0.04213561727706808,Financials
2001-07-04,169.3464845265122,172.00137683655828,168.87501729312638,171.52384773886703,1086848,-0.0018560260627947245,0.04060450769975662,Financials
2001-07-05,164.89574112737353,175.2281184392359,154.19833573347438,164.5063113515594,1764350,-0.04177337446162885,0.03767622010424535,Financials
2001-07-06,170.1769579244496,181.90470863333604,159.72683290149106,171.38066696436505,1791041,0.040938268613301874,0.03869561048958335,Financials
2001-07-09,172.12751205691455,172.93418394952712,171.11126706234654,171.91695217056886,576611,0.0031243190313695363,0.03936078622801469,Financials
2001-07-10,169.24843654897728,174.4682533641645,163.2240839248039,168.41829832041958,1168710,-0.02056076822774354,0.036618047454792614,Financials
2001-07-11,176.4207191980506,186.9702246445516,164.78733808650045,175.26790841175193,1162927,0.03986495272760666,0.03515845414745084,Financials
2001-07-12,161.20970305724026,182.48613017442494,139.32214637182082,160.50565310512715,1353857,-0.08798654470415722,0.03643179499869406,Financials
2001-07-13,163.8217203151552,166.82910611027788,159.49927007402283,162.48206287408442,1020787,0.012238449575295067,0.04819818831458289,Financials
2001-07-16,160.09792680796093,165.45226405074996,153.58518076990615,158.8994355034792,1290343,-0.022296092354406872,0.04450751883274838,Financials
2001-07-17,170.49303543404363,187.64593527955287,152.82712601043735,169.92263969361466,1488674,0.06707175184347416,0.04194404303663868,Financials
2001-07-18,176.89578657526883,184.9457308245862,167.18590819973377,175.1567129393687,876522,0.030337802858076697,0.046714400149315896,Financials
2001-07-19,177.0331806594648,179.59647738311625,174.2949245886494,176.85565082442503,1260623,0.009652792070213244,0.04454038041358261,Financials
2001-07-20,173.10780979390464,177.8980593937758,169.97162895780932,174.73244516400848,955239,-0.012077948571775925,0.041243821950953316,Financials
2001-07-23,172.32708248006352,177.05387327448048,166.86037976589148,171.5663030020494,795166,-0.018286120890540762,0.038506152827216075,Financials
2001-07-24,173.36898380823143,175.89892861729209,170.715426476773,173.24354071560094,833209,0.009728556029218799,0.03655593490838194,Financials
2001-07-25,178.248307382803,188.98553072995992,168.80163956441345,179.47390939127297,1422891,0.03533149143496794,0.03439863110623347,Financials
2001-07-26,176.36482656990214,180.9140325136248,171.97501601820852,176.52035088241163,1240712,-0.016593673606657682,0.03512634055291084,Financials
2001-07-27,184.8325469502109,197.38359907762248,172.15334810346616,184.69506448558502,1148229,0.045269992882773946,0.03359152186305196,Financials
2001-07-30,185.61326738026548,186.14443782677992,183.81550308418622,184.3430385101786,1406043,-0.001907803445344052,0.03619555374906812,Financials
2001-07-31,178.9622703140198,186.80472442531095,171.37037153101264,179.2026291899753,1182751,-0.02828118936163053,0.03389159845830901,Financials
2001-08-01,173.930588792608,181.38495909528638,167.2379310903501,174.6640775525149,999280,-0.02565259988181507,0.03374738815973265,Financials
2001-08-02,170.73490221720985,176.14653724155042,166.23075325294852,171.61906326856516,1463599,-0.01758730017810933,0.033313921237035506,Financials
2001-08-03,171.30376016124887,172.9476177586413,168.88826444682724,170.5246455387994,1019856,-0.00639743730024776,0.03215977064102235,Financials
2001-08-06,168.77494308911636,172.03958668387236,167.87785225311157,171.1299781109459,1272798,0.003543538788342263,0.030553882875145683,Financials
2001-08-07,174.7022443201359,180.62059284518,168.98963546781985,174.90146950553086,1258259,0.02179941028442228,0.029132718841024252,Financials
2001-08-08,168.1253137884182,179.1700311100343,156.40935150968153,167.406871972031,1155465,-0.04379557554517781,0.0291591218826703,Financials
2001-08-09,160.4195612328161,171.14954005634985,149.3969640648769,160.10596755673885,1085852,-0.04459131517825054,0.03267891333528005,Financials
2001-08-10,153.18564614205258,163.15390692282375,143.66724629200465,153.6091896189631,1839099,-0.04142424606903146,0.03539190458026675,Financials
2001-08-13,150.72934325868368,156.1818789575903,144.52471857498486,149.9490268361661,806315,-0.024116231920632746,0.03687092014329336,Financials
2001-08-14,154.8901755697963,162.71118569886616,147.18796296550107,155.00334550152704,1507459,0.03315128531537922,0.035704491287202995,Financials
2001-08-15,151.71422589456327,156.49907203566704,147.14056228596442,151.91922830737522,895521,-0.020097713674644333,0.035842707991607096,Financials
2001-08-16,154.90903916373452,158.20813709808957,150.80987436985671,154.09156250309852,1029903,0.014198000547783864,0.03447241632348232,Financials
2001-08-17,147.82324687812124,156.7437874832193,139.59221197191778,148.47638481183353,1920348,-0.037121066679450636,0.03287727897312706,Financials
2001-08-20,147.89900950261415,149.4552663732973,145.8870637469137,147.43847467240687,1356320,-0.0070149528650973215,0.03422613645818779,Financials
2001-08-21,148.20271410770775,148.21897719538651,147.41151087795035,147.42768891791127,1345750,-7.315694937024654e-05,0.03231909912170393,Financials
2001-08-22,146.49106681463286,147.5845870003289,146.02135733043875,147.11288372016952,1288576,-0.002137602400873033,0.03058790834989711,Financials
2001-08-23,149.7399341379333,156.1297396984049,144.33828782241878,150.69368812074813,1174601,0.0240490124722453,0.029140719129441488,Financials
2001-08-24,153.5268260785091,154.85350660241846,150.25460393078833,151.5643257837887,1254707,0.005760906450016573,0.02942955078213613,Financials
2001-08-27,152.93805047033538,154.18711035213977,151.14720483291785,152.3918034624636,1879427,0.005444731283737005,0.028246362134964207,Financials
2001-08-28,157.27909687724815,168.72839122490933,147.49374376053373,158.845577203072,1751938,0.04147765897694429,0.02725311622366234,Financials
2001-08-29,151.8730864906723,161.93441563235803,142.2142283755349,152.25149162393635,1784162,-0.04239881398486241,0.030858472163273268,Financials
2001-08-30,152.13613985206183,152.5107952314617,151.62741267089913,152.00173706564948,982896,-0.0016417548991064723,0.033636961181112264,Financials
2001-08-31,156.03435206462234,162.84543099309528,149.50320670162085,156.30303916736335,1266763,0.027904732842831813,0.03171057284049019,Financials
2001-09-03,168.31325860713176,189.2354898256264,148.34580950960358,169.16678466404343,2186686,0.07908843808173646,0.03195699393172173,Financials
2001-09-04,168.47376915868648,170.76855260006033,167.51953307065565,169.80676641037775,917954,0.0037760026097673426,0.04307257508732185,Financials
2001-09-05,166.5051890859661,170.8906312109432,163.2316577220452,167.59566091321156,882698,-0.0131068242052636,0.03982883514589309,Financials
2001-09-06,161.8321202064654,170.20616064552019,153.7409203225759,162.10149280758006,967005,-0.03333166029737787,0.03734751950766122,Financials
2001-09-07,157.5854168439274,163.7577877651356,152.54244339153178,158.6797926203894,1448822,-0.021334349135407545,0.03718224989732437,Financials
2001-09-10,152.35538745136532,161.5138265891492,143.52490295619668,152.66537526877585,1315430,-0.03863985226859792,0.035697183837053344,Financials
2001-09-11,155.84468969172158,161.34998557398717,150.6197959099407,156.1159959023454,996819,0.022350857947598526,0.03665224242277635,Financials
2001-09-12,160.84130684544212,167.8151878283417,153.72699870369058,160.6945149717253,1789588,0.028905845642421567,0.03535029882961999,Financials
2001-09-13,151.72151523454556,166.17925040557355,136.4332388816594,150.80349471581948,2078403,-0.06352751024875124,0.035000672689539436,Financials
2001-09-14,161.6254943672572,178.06888620508542,144.96750917401368,161.3865960695149,1861734,0.06782507467732504,0.04105361561101527,Financials
2001-09-17,172.15809305097855,187.25702998759485,156.09757597189065,171.1040710650011,1731815,0.058469269607694344,0.04624235717431915,Financials
2001-09-18,171.10635729135004,171.6982540246717,170.75023829989294,171.3416453346318,1053458,0.001387515138126321,0.04820251861571584,Financials
2001-09-19,171.37721916079084,173.09894692488456,170.32606432873501,172.04370415787093,1217303,0.004089049241601589,0.04426143943047407,Financials
2001-09-20,169.32946098238983,175.28176515727557,162.15113252545152,168.05876907607956,1076523,-0.02343480431718768,0.040862795608243165,Financials
2001-09-21,170.11232103197727,175.65549254350117,165.56398282655582,171.08124788407954,1481657,0.017824843326374892,0.03896399568761624,Financials
2001-09-24,172.03141953055248,173.15678546861218,170.70493569710598,171.8289773331632,889312,0.0043610868337525645,0.03690817150574021,Financials
2001-09-25,171.7017333038818,173.66589580504066,170.60414768730251,172.562805870909,740525,0.004261597890169042,0.03453437940478208,Financials
2001-09-26,163.3024989208107,176.42340593456854,151.17554812515908,164.2277457051845,1537681,-0.04950710440559872,0.03250881220815939,Financials
2001-09-27,168.33208681419814,174.09334517949608,162.2675036085616,168.01801261131726,1518223,0.02281703377466046,0.03623673971182185,Financials
2001-09-28,159.07932339934274,172.58028688473857,145.30037272841162,158.775555631834,1224005,-0.05657958640547247,0.03505101422919115,Financials
2001-10-01,163.10567868010799,171.4771928146034,155.47024381668496,163.8088409506294,1478244,0.031208538845125314,0.03953538059091018,Financials
2001-10-02,173.2142439722801,188.0342156435024,158.52623996402045,173.3358959440608,1938703,0.05653116307074689,0.038685048653215474,Financials
2001-10-03,164.58461325685136,176.7020003428548,154.13266601308004,166.15060479343296,1126386,-0.04233667225202054,0.04214964117476002,Financials
2001-10-04,164.06948002672482,167.16022994341685,161.00266193583406,164.09297272256364,731817,-0.0124614608005958,0.04230996187111342,Financials
2001-10-05,158.82542680395926,168.41779181681298,148.09782119287388,157.6172154975953,796748,-0.04026376718925799,0.03943855346765111,Financials
2001-10-08,154.26209271553827,160.2571378588697,147.61726706911642,153.58603892035046,1854982,-0.025908482711892913,0.03984338391674627,Financials
2001-10-09,163.49504129328446,178.5411386780202,148.27538449138433,163.30389069747014,2093588,0.06135190101472422,0.038349493021611857,Financials
2001-10-10,151.10229164894906,168.2074618029253,135.40112958160572,152.3741408502535,1720607,-0.06927387575661362,0.042908685085071105,Financials
2001-10-11,162.55762998361314,179.31907886547842,146.21406543805833,162.93733838911976,1739433,0.06702675044004335,0.04788271800906099,Financials
2001-10-12,168.89150566297323,175.49670618071508,160.70076231360216,167.2414297931249,742885,0.0260727559656856,0.051069477560779696,Financials
2001-10-15,181.4797870516836,205.45787375671128,158.2476779296967,182.14110598549252,1610821,0.08534323849289295,0.04783765798209308,Financials
2001-10-16,187.23837432576477,193.65531076855174,179.96399942393526,186.35050735028256,1057876,0.022847654194442606,0.05498430203646849,Financials
2001-10-17,175.42919577008414,193.90013407049707,155.4276573171684,173.71847370851296,1809991,-0.07019332678854953,0.050959994816310555,Financials
2001-10-18,175.08263319674032,176.79928982484512,173.14326252078877,174.8577138514415,1281206,0.006536557802302857,0.054005576806375605,Financials
2001-10-19,182.61693348477817,194.01436635679943,170.90981871611214,182.2866372386226,1757028,0.04160779855599115,0.049393226753644014,Financials
2001-10-22,183.46824521690803,186.21553613412945,181.1118301961619,183.85416447397645,1331329,0.00856248090947191,0.048077375286208236,Financials
2001-10-23,193.999023829756,208.85867733076918,178.66601019594685,193.4863983610284,1135132,0.0510643583239652,0.04427352056734913,Financials
2001-10-24,183.47525386267503,197.50988567736837,170.91245254179145,184.852764332475,2211371,-0.045647577557557675,0.045378970927046555,Financials
2001-10-25,195.98569361296273,209.6675704183782,180.1397586141414,193.6592231447048,1406361,0.04654039300247691,0.045386738178119564,Financials
2001-10-26,206.62249115597763,229.93857203585725,184.68162367363033,207.86569137740437,2040113,0.0707921238699496,0.0455287384965045,Financials
2001-10-29,209.91094314529565,213.15335311870433,206.73291047853093,209.97436032163378,970974,0.010093272950726045,0.05010011520514914,Financials
2001-10-30,216.1513059247181,224.70056164968577,207.05778829296426,215.58463077963304,1381217,0.02636812112821641,0.04607926169855645,Financials
2001-10-31,218.63859287030334,228.09512358470423,211.1636933799387,220.5547149817608,803037,0.022792253926852878,0.04362259000474508,Financials
2001-11-01,209.54342569838803,224.94491653338562,195.8705332469718,211.1661405158112,1716258,-0.04350058515984072,0.04123429777306253,Financials
2001-11-02,210.9613348787274,215.28774259363257,204.0269124913843,208.2987150388365,1596005,-0.013672040004841854,0.041761932266806745,Financials
2001-11-05,212.1412180272804,215.33918195687264,207.23087363550542,210.4026288656331,1085960,0.010049795946713878,0.03902929529225429,Financials
2001-11-06,201.10163298268583,215.89030467095566,185.6039076293565,200.336297877038,910171,-0.04902553158131434,0.03652093197871016,Financials
2001-11-07,179.15564997455618,208.41519783466117,152.4824571454358,181.406841354391,1835872,-0.0992551926510403,0.03908386099273493,Financials
2001-11-08,192.82115145399166,209.37145929493542,175.60242381076154,192.08997281270464,1518420,0.05722161950299242,0.05291292415193863,Financials
2001-11-09,181.74563526692862,196.937723810605,166.49180172883658,181.67825823740628,1787529,-0.05572655989368098,0.053206851951875855,Financials
2001-11-12,204.0085195569312,234.60979749047084,173.34825903977568,203.93912828208903,2334103,0.11558424777178111,0.05320331472136553,Financials
2001-11-13,225.3836885322121,258.65245020453386,191.81232015995124,225.02867908384908,2113597,0.09840629813388042,0.06609411401795026,Financials
2001-11-14,216.86823846320718,230.05721362927693,202.94614707106348,216.0876502876426,1563679,-0.04054374293359183,0.0710444611008935,Financials
2001-11-15,212.10897365464086,217.76425571991234,207.00984213274947,212.65206812553063,799748,-0.016026766600310164,0.06621496527336455,Financials
2001-11-16,193.58942338060763,220.23787287697542,168.8645105113335,195.29511231009835,1793302,-0.08514553614727038,0.06038266214793301,Financials
2001-11-19,172.18973341765414,198.01819343030223,145.86744795915178,171.60876230488444,1967455,-0.12929456286246685,0.06406494407496237,Financials
2001-11-20,179.54507906182312,193.02029782485667,166.6119914978399,180.05078311492025,1248853,0.048021691382697046,0.07675295593872528,Financials
2001-11-21,181.97631102973844,189.6569542349134,176.2480675781334,183.86912873888645,1102723,0.02098530817625287,0.07182426764509174,Financials
2001-11-22,167.13353342061868,192.00054418612265,141.73274127383863,166.50645147145855,2105695,-0.09919019144579094,0.06552127755234069,Financials
2001-11-23,185.08882220523265,212.85214553601753,156.7020245454509,184.35532299464813,2502661,0.10183094241175754,0.07078300898895575,Financials
2001-11-26,168.35997449678786,191.15693013687107,145.94673054611488,168.6986053107405,1726656,-0.08875127641497153,0.07525701704222985,Financials
2001-11-27,174.16084875727998,185.7114261481346,163.94785385972227,175.42433872797008,1389399,0.03909410934559341,0.07623918448585729,Financials
2001-11-28,185.06948800695827,204.03805411942665,167.83784272142083,186.65846105380703,1050889,0.062072703866018694,0.07056332623029932,Financials
2001-11-29,191.75032906376686,199.26334493379122,184.0913089301357,191.5983708903328,1271911,0.026120827385997615,0.0682737101066925,Financials
2001-11-30,196.05893353062302,202.6063481268998,189.36934219418197,195.91184474042066,1112894,0.022263423479770998,0.06270075148581165,Financials
2001-12-03,205.0573950532725,217.1691355981776,191.7438154404358,203.78011317215805,986202,0.039376749590063286,0.05761472375412688,Financials
2001-12-04,194.36076693368585,210.78720950831624,176.33692643644676,192.615901312874,1596568,-0.05634347862064484,0.05466392206797153,Financials
2001-12-05,194.23310976422633,196.52263136917907,191.84713236888516,194.13550343988086,400234,0.007858329295597216,0.05446745485281896,Financials
2001-12-06,177.0496830932336,202.65201216389727,150.8009124650638,176.2939599336352,1504454,-0.09640355792929838,0.04982595620169073,Financials
2001-12-07,182.3250219119987,192.44060753713583,172.5875437344463,182.683959490307,1302109,0.035604833885617415,0.05899277605219457,Financials
2001-12-10,177.25576508644465,185.2179829272398,169.42631081866173,177.38291250962627,1317929,-0.029446919122638537,0.055446133593595744,Financials
2001-12-11,169.4895078583727,183.92153709544704,153.32332694838112,167.59394940993198,1507104,-0.05676665739542968,0.05186026553398445,Financials
2001-12-12,167.07757688702077,168.20640368900308,165.7135430102361,166.84076987217716,761855,-0.0045042022714419285,0.05229682324751489,Financials
2001-12-13,157.61072660309145,171.37503180566648,143.6582449905144,157.40454406186993,1887606,-0.05822067866923576,0.04786448947957933,Financials
2001-12-14,152.40965396943656,161.67495146135613,141.96389739914926,151.15278737625474,1500632,-0.040528042901086435,0.0494090537879301,Financials
2001-12-17,146.5976086339753,154.59048528331797,137.81022263201154,145.75728255373375,1096897,-0.03634837213613439,0.047951871873616166,Financials
2001-12-18,156.9384459223017,172.35920670131895,140.33331841005062,155.62502227261723,1536379,0.065506620290488,0.04623511908159205,Financials
2001-12-19,167.17402321657127,187.07328136699851,148.1061531984039,167.92029193469054,2106724,0.07604000370905019,0.04953601300542388,Financials
2001-12-20,167.76529938925847,168.19886649891194,167.19800861952115,167.63122924270726,717014,-0.0017229113578388234,0.05413285132144504,Financials
2001-12-21,171.38610969519752,176.93452697218456,165.7432025163436,171.2884584528876,1373087,0.021582524149145393,0.04944428922821911,Financials
2001-12-24,165.1707280582302,173.6262407317891,157.99969028904047,166.40175673029123,1888198,-0.02894394123177241,0.04610489119523323,Financials
2001-12-25,172.85771244554263,182.65882037729568,163.01365986088402,172.8121864486954,1396760,0.03780029170847991,0.04388839885213039,Financials
2001-12-26,167.9093928725679,174.8765869187995,161.57822622382363,168.52230971842638,1755536,-0.025137234395414654,0.04307299096916617,Financials
2001-12-27,164.24520475694763,169.65472353092318,160.84085650824977,166.2096576146641,1100939,-0.013818153793229109,0.04097570162646881,Financials
2001-12-28,172.32681781594962,184.65386319381878,161.24093558816696,173.4929622323059,1387455,0.04288704593703154,0.03836466740587124,Financials
2001-12-31,164.23727392660084,178.70542503026343,149.18559480520256,163.5973753341119,1417971,-0.05872865421170484,0.039412852859330716,Financials
2002-01-01,167.21398741748348,174.66435672572246,160.56954279752853,167.98911163266763,1108145,0.026490784742649345,0.0431283734939854,Financials
2002-01-02,147.87939739564527,172.11604720301108,125.69748778629848,149.66612800261834,1981911,-0.11549216561654675,0.04114984242535528,Financials
2002-01-03,145.52304822506736,154.424421624549,134.89670949116115,143.6856954487345,1114243,-0.040778756391975785,0.058782766803930166,Financials
2002-01-04,141.53107519266857,146.18473662898742,135.94822426955463,140.57029442165015,705170,-0.021920563758330056,0.055801137841728674,Financials
2002-01-07,150.47720012297054,164.38929539324664,135.6845915405541,149.5069875783765,2441489,0.06163545156744488,0.0516051378727713,Financials
2002-01-08,147.87334784179848,149.67677224121528,147.36725308592645,149.16625253457013,1041511,-0.0022816586547810924,0.052917969890979515,Financials
2002-01-09,139.0458844701012,154.8032618823342,122.63772355082358,138.31192499167958,1243764,-0.07555001224851676,0.04838419292329502,Financials
2002-01-10,150.2616301003252,168.60947751977093,131.72099829075515,150.04203138873302,1691347,0.0814040036133219,0.05318829525829495,Financials
2002-01-11,156.13709386730997,167.2087925076242,145.79171372386014,156.81827823819546,1172577,0.04417220741596763,0.05794124241529955,Financials
2002-01-14,143.92410301873633,162.20581904550147,126.36608559599557,144.56911357566585,1751710,-0.08132998367181082,0.05548357995211463,Financials
2002-01-15,151.07831080719322,161.12992056012519,141.0563010134822,151.10606936051192,1466016,0.04422434846389547,0.059623209004973136,Financials
2002-01-16,142.8119906526258,156.1334996364843,128.75014974309815,141.99549607568113,1760096,-0.06218669698989808,0.05689736893037301,Financials
2002-01-17,150.2335999807327,161.5453501751859,138.06322600045445,149.3050625147255,1466269,0.05019627298599833,0.05718326910326298,Financials
2002-01-18,145.73937790126737,152.60542249217767,137.87204539020303,144.68858524651642,966140,-0.03140786743105109,0.05562275510545736,Financials
2002-01-21,139.53116571862418,147.78731015964593,130.86198333307405,139.0921510048943,1533184,-0.03944707453468823,0.05218314698159089,Financials
2002-01-22,140.07793630234298,144.65385242504698,136.75949734516678,141.30631328171688,1464977,0.015793298334596178,0.05011861347367505,Financials
2002-01-23,133.72464199201195,144.42264001066127,123.95153386751787,134.58654101048103,1663116,-0.048722548957869635,0.04633480952870905,Financials
2002-01-24,131.6301166598062,136.75645818337588,126.0300487665971,131.1371933677281,1623728,-0.025963366913559,0.04662204066524972,Financials
2002-01-25,138.3372379555113,147.62483860044892,127.93277990519935,137.14000120328538,1609233,0.04475825782558258,0.04404550151669263,Financials
2002-01-28,132.2435929785422,139.000688102651,126.53807097987648,133.25167344655566,1709483,-0.028762688964908967,0.04418710456256188,Financials
2002-01-29,132.53991646422048,133.59248775475982,131.51234458467766,132.56472354778714,993233,-0.005168615900555075,0.04226220544614344,Financials
2002-01-30,142.2328896760528,157.09460057422643,127.27750225238334,142.1282829428505,1529143,0.06965904502126721,0.03915204203980617,Financials
2002-01-31,135.64419810883808,145.46391509766352,125.62742498000536,135.43176312118084,2187163,-0.04826213051366592,0.04532287832541795,Financials
2002-02-01,123.23101867227015,140.7196495786755,105.72076546130413,123.20582027573919,2322627,-0.0946116277910836,0.04574620887044336,Financials
2002-02-04,125.07928791734373,127.4145617529841,122.41982818983632,124.74893420672949,988232,0.012446898680691728,0.055828993523136035,Financials
2002-02-05,122.64550577361801,126.53313419476798,118.26877391396073,122.140391166245,1740408,-0.021132060766666516,0.051154081042085034,Financials
2002-02-06,115.71362125565355,125.59328751526986,105.53091708224666,115.38229456202501,1779697,-0.056920214764739574,0.047543418100143744,Financials
2002-02-07,118.30628535023483,126.15341903046726,111.86974141558134,119.64409076886497,1363241,0.03627050986400085,0.04893146136225314,Financials
2002-02-08,121.71001202349571,123.96750135533803,118.88594080168883,121.13272251059118,1524351,0.012365399221259978,0.04704001287952338,Financials
2002-02-11,124.48526767186071,127.89872319632406,119.984633241072,123.36743723089609,1166271,0.018280372118469574,0.04351029434570342,Financials
2002-02-12,125.23961113334492,127.39415591727655,122.6436552564031,124.79047335182392,742888,0.011468920865287892,0.04080002906810556,Financials
2002-02-13,122.19042640824692,125.86896695028949,118.90585849515314,122.57408598747067,1278904,-0.01792048695162536,0.03809782565237473,Financials
2002-02-14,116.58413433697469,126.08075830558943,106.63842968177639,116.09522874086265,1845741,-0.05430483900531279,0.036184624268306285,Financials
2002-02-15,116.82559859180023,118.01045096440565,115.67529480546794,116.85981031801296,901222,0.006564222226394951,0.03987247117573403,Financials
2002-02-18,117.94531687718138,119.4289838406383,116.36154743866162,117.84393914339326,1569672,0.008386185523595237,0.037125658487674226,Financials
2002-02-19,118.77116396580891,119.44526441881676,117.61930231342406,118.29067569573812,1452300,0.003783749245183837,0.03483103258102117,Financials
2002-02-20,120.73780074300383,125.07213318343442,116.6590044280576,120.98498637799632,1711084,0.022521509639598526,0.03275222402037289,Financials
2002-02-21,122.63842525519667,124.87844819855438,120.23031180997485,122.4672074146511,1433234,0.012176841196367721,0.032159746611121365,Financials
2002-02-22,120.45519255887655,123.57757728941903,117.24887820863212,120.36902945846408,1324501,-0.01728103020004071,0.030816241836107455,Financials
2002-02-25,120.69849971855449,120.98870447027038,119.88729324248698,120.17624229021587,927896,-0.001602918304108171,0.03007503465396799,Financials
2002-02-26,122.14899369184656,127.0749654606153,118.01713021917901,122.91711905485973,1010414,0.022550948355695703,0.02870525334522145,Financials
2002-02-27,123.25261774127178,124.36328431576435,121.0798947887387,122.18090382535792,712427,-0.006007534740960657,0.02890458521501158,Financials
2002-02-28,126.59559548495712,135.43654043484028,118.62752884210369,127.41678708540104,1488770,0.04196073653447257,0.027817145939349534,Financials
2002-03-01,125.6583459107178,127.51603999928861,125.36377657860784,127.21781494698648,1063095,-0.0015628055050120068,0.031355069735948114,Financials
2002-03-04,130.7477434706424,135.42782546692166,125.62644390698384,130.29014633082252,1110135,0.023863162616544392,0.02978050826755497,Financials
2002-03-05,134.528924173693,140.49435538261108,128.24847571516256,134.1992899150927,1760837,0.02956207494935423,0.029915222172811524,Financials
2002-03-06,136.74115794912058,142.99041809513133,131.47598082517408,137.68875406788456,898077,0.025669799314827078,0.030773752702841183,Financials
2002-03-07,132.6272813081742,140.3094028409045,124.80003847452087,132.47323737693338,1278760,-0.03861508963041611,0.03092668546517755,Financials
2002-03-08,132.67094732814033,134.57960054706956,131.41163688778394,133.31418451000897,1406277,0.006327988986876294,0.032997525227877016,Financials
2002-03-11,124.40824753755822,137.5131186133074,111.1826847493298,124.27334557034786,984539,-0.07022509270961774,0.03125821257884411,Financials
2002-03-12,125.35563020188056,125.64180724568855,123.80107709517146,124.0843519106339,1190600,-0.001521947562823762,0.04026655224638096,Financials
2002-03-13,126.0009070125071,130.68313372573834,122.04728627764604,126.70734653193539,1129756,0.02091847764486652,0.037382664866298924,Financials
2002-03-14,132.73927596716803,142.24102556604876,123.33827662795959,132.8333627169902,1218912,0.04721536144551367,0.03582747984510818,Financials
2002-03-15,140.01406515127033,148.78044776494755,129.82394689093718,138.49523440519624,1417946,0.04174048563957289,0.03822669490167678,Financials
2002-03-18,133.26098776529463,141.09531400344503,125.3430925161686,133.1721989159895,1422446,-0.039192896933690144,0.03911987197958109,Financials
2002-03-19,125.00812242821422,137.72518761216355,111.78066354053526,124.43992616959648,1766956,-0.0678199407469281,0.039429734750151185,Financials
2002-03-20,130.83147952603554,140.62204454870397,121.01694300602728,130.80556906033647,1480178,0.04988893630257185,0.04509650585590141,Financials
2002-03-21,123.33710499198095,135.5976522912325,110.24875128217188,122.41792592942477,1897265,-0.06627120200390994,0.04582894027947178,Financials
2002-03-22,127.97576289650286,137.0692667005253,119.11971685574453,128.1978518876917,1071184,0.04613397537324015,0.04938637712940653,Financials
2002-03-25,126.86496791250086,128.49242071987328,125.98228292911482,127.60458968989114,709831,-0.004638448779623418,0.04868740031399483,Financials
2002-03-26,126.76284877693577,127.90676132813356,125.85364284631461,126.99588395381338,1423720,-0.004781663499432577,0.04471686080809257,Financials
2002-03-27,132.72112094094751,143.33724137085838,122.87299413564551,133.43606456550114,1375201,0.049467769889635936,0.04126872615307542,Financials
2002-03-28,142.08668399336594,155.92953525783176,128.43605269292146,142.26205556204613,1786453,0.06404837252298665,0.04277318371732598,Financials
2002-03-29,138.83304229586122,144.24458026111134,133.20992045930447,138.61287664339304,922351,-0.025985831018131837,0.046679388381590727,Financials
2002-04-01,128.85587423918855,142.65823100018446,115.90470498170987,129.6293231963256,2042413,-0.06700596995905721,0.04409605143092685,Financials
2002-04-02,127.52285787967018,131.29896589806017,123.33197610153692,127.09542737927117,1211833,-0.01974081656771469,0.048260122284990825,Financials
2002-04-03,121.21733284231198,131.00939752525585,110.70325161985453,120.43186541078924,1583764,-0.05385404025061927,0.04496316824005887,Financials
2002-04-04,114.58275486177439,123.56341974905781,105.34214815845607,114.30070694594009,1739403,-0.052251404952500066,0.04639383414037224,Financials
2002-04-05,105.7839575897294,118.01497179456993,93.7146938747571,105.92914332814975,1975299,-0.07606234436026371,0.04723813792818275,Financials
2002-04-08,99.55891876282881,108.7097642302838,90.70423029620568,99.83088712123292,1069204,-0.059292785797302135,0.0524688038206944,Financials
2002-04-09,104.55734087334596,113.29428047297557,96.4409779965883,105.13321483321236,1529623,0.05175063309098054,0.05319516394034636,Financials
2002-04-10,103.57548014526822,105.81484986564517,101.50617757078561,103.7422161244568,1396224,-0.013319127729074719,0.052588017428971914,Financials
2002-04-11,104.52773869344064,106.6892486495292,102.76211886191597,104.91705275845824,763976,0.011260933245052432,0.048363307746755645,Financials
2002-04-12,100.71101925731622,106.57492444665992,95.59734575430929,101.42499815807462,1396648,-0.033850473302837095,0.04461198181652934,Financials
2002-04-15,101.84451594810446,103.39600459933995,100.66434025277964,102.21157541372133,358402,0.007725342789042528,0.04317477641751708,Financials
2002-04-16,95.63761158702994,104.99038214804139,86.78273447118748,96.09331266671425,1387942,-0.06172520740116666,0.040002514835236334,Financials
2002-04-17,101.76728290873389,110.9175379811624,92.782272555894,101.91912180644259,1346297,0.05885984896801433,0.04417760902111157,Financials
2002-04-18,111.8056697609711,128.2709762326799,95.74668003745437,112.16095570432611,2307692,0.0957553688636673,0.04670119039316212,Financials
2002-04-19,122.99700938941297,139.9163399181967,106.02261987406895,122.93316852524943,2159027,0.0917059182320796,0.05674649369999216,Financials
2002-04-22,127.25457934333619,132.69918108624904,121.07823417358094,126.49012881305585,1641692,0.028523409640780897,0.06275052154056515,Financials
2002-04-23,127.71355813927957,129.11220614946683,126.02160768749141,127.41700804563261,1388140,0.007300963346230037,0.0580701308550335,Financials
2002-04-24,132.76684713042283,140.71869174740667,124.66525716016147,132.60756164368857,1330596,0.039928866725653614,0.052968931345497426,Financials
2002-04-25,130.41008867403752,134.98475013369486,124.99815510056463,129.54237810139438,1107737,-0.023386030463189034,0.05083024011360233,Financials
2002-04-26,130.5602713464796,131.43049999898093,129.25199893444693,130.1192882847268,668951,0.0044435602731039475,0.047423692508375546,Financials
2002-04-29,130.85883429357685,134.24541166037537,128.39399390038534,131.76353052382166,1157180,0.01255724871511396,0.04361384038454158,Financials
2002-04-30,133.30531774727572,135.14714127276932,131.1454505461563,132.9828182314384,1099374,0.00921105302533342,0.04056336195096014,Financials
2002-05-01,125.42157138185263,137.2532832413566,113.09669673947533,124.87703992952828,1986890,-0.06289036103941893,0.037802587092512684,Financials
2002-05-02,122.39252178003778,127.71332358385938,116.03604394621566,121.30977522873867,1263048,-0.028982172692893122,0.04285449917406426,Financials
2002-05-03,125.65543644336421,130.63217554958118,119.62234423340131,124.55551977854752,1412916,0.026404158584151172,0.0411728239214655,Financials
2002-05-06,120.88800397924088,126.6044207212801,114.98314126853012,120.69020469942616,1210845,-0.031524587794064654,0.03950617777405139,Financials
2002-05-07,126.25932168031129,136.33015640355205,116.82687754132463,126.85333533801813,2288901,0.04980460855460429,0.038699617713742536,Financials
2002-05-08,123.48206211977333,128.966070255567,117.68319540161636,123.15257035517516,1011638,-0.029607583167150522,0.0408681194079622,Financials
2002-05-09,127.2548383528488,134.0649173226692,120.67375113182635,127.4725699361473,1434537,0.0344772076053909,0.03959360926089873,Financials
2002-05-10,128.32171499854297,128.35307847915163,127.46218123854858,127.49334225418467,1695033,0.00016294192352919956,0.03914619767082832,Financials
2002-05-13,125.04332080865069,128.210832328762,122.88277298364682,126.03318130363779,968316,-0.011518929658573263,0.03641351145079829,Financials
2002-05-14,123.35566899512055,128.54341484375612,117.39488222375877,122.54869043745153,1741417,-0.02803679199016404,0.034360703048887234,Financials
2002-05-15,125.98663326376894,131.87142210358678,120.37138589255987,126.24467381752959,1268608,0.02971345570950546,0.034094509630965594,Financials
2002-05-16,127.11396531523296,129.42140474536754,125.2100805576493,127.5115648304976,1374271,0.009985185356369903,0.034093722107023106,Financials
2002-05-17,123.67620388519137,130.53088301121858,116.07516041408817,122.88604548668943,1515807,-0.03694959855220225,0.03232431126379791,Financials
2002-05-20,117.11139164763468,126.31683407956787,107.44608144771975,116.61229262043854,1060295,-0.052402772565061075,0.03377395155912986,Financials
2002-05-21,113.55060624590973,117.63516217935461,110.45093612673837,114.50932134525286,1204075,-0.018198465111133502,0.0377419054766792,Financials
2002-05-22,116.2751525407938,119.90140906601776,113.03847267416573,116.65417848736406,1013220,0.01855758973951901,0.03590597113390253,Financials
2002-05-23,114.9753274502719,117.58054692895671,112.30161619271918,114.90524773917133,838046,-0.015105962507835118,0.034395473989988254,Financials
2002-05-24,106.85722802781176,117.97030516689834,97.17720903688537,108.1712510138743,1418870,-0.060392227208732246,0.03287350635831208,Financials
2002-05-27,108.23052999715064,108.29957876873986,108.0562718870485,108.1252534944726,1011426,-0.00042531912570349526,0.038879520345763766,Financials
2002-05-28,112.27469864019076,121.14565786495446,104.45907928408609,113.2613557470553,960765,0.046407721126624606,0.03618453835973496,Financials
2002-05-29,117.30079747531678,122.56940821388496,111.46228467695335,116.70409425953564,1541831,0.029943591472892956,0.03834720511420211,Financials
2002-05-30,116.29755016312926,116.86673100180751,115.80860318029833,116.37744810598412,740370,-0.0028028505739234105,0.037561939681023886,Financials
2002-05-31,116.84694658808036,117.8536704322242,115.96122894138989,116.96704244068476,1375675,0.005053434842491762,0.03506989942645492,Financials
2002-06-03,115.1604108697487,118.8097000621545,110.89287810303102,114.52193478804138,890632,-0.02112583172662986,0.032981037842697236,Financials
2002-06-04,115.89947355034991,117.5886239390474,113.95470402849762,115.6400738556296,1054625,0.009716180968177031,0.03220472326641581,Financials
2002-06-05,116.48068175199089,117.2861438745182,115.37105987513425,116.17440409235657,927322,0.004609989744864832,0.030722564776139605,Financials
2002-06-06,109.25391981746391,119.29450636155079,99.27914455334647,109.31422526909991,1837780,-0.06086600999935324,0.02929656276692607,Financials
2002-06-07,113.51158109447663,119.50909662693178,107.25052498725616,113.23333929264558,1493601,0.03522410356504132,0.03663784311270734,Financials
2002-06-10,106.27463668598702,115.57344086198167,99.0475147996238,108.21440647835576,1589019,-0.04533613482783871,0.03687785052243689,Financials
2002-06-11,114.8176615104564,126.2302759617575,103.91684212729102,115.2850797649424,1126880,0.06329351100264691,0.03868184917365449,Financials
2002-06-12,106.85195704533302,118.86984408252025,95.28269159205014,107.2567501491495,1269068,-0.0721825210206461,0.043565337651061666,Financials
2002-06-13,113.27067467495309,121.52881878875775,104.38949633807134,112.59864528554195,1733906,0.048604190140137726,0.04898875755574142,Financials
2002-06-14,114.49766855936318,119.58568499756096,110.3170668235319,115.3731183580418,1594746,0.024341699345978494,0.048726520380188945,Financials
2002-06-17,111.01052425045773,117.24340485712686,105.21672833859434,111.42782921052255,1248174,-0.03479427409237741,0.04569788594395015,Financials
2002-06-18,117.89975602559397,129.31792711865134,107.08630975443677,118.45367673996074,1893936,0.061144860886790366,0.04418408820196864,Financials
2002-06-19,118.50814156167266,119.1625421599437,118.08343938290074,118.73701974164706,466252,0.002389158939772948,0.047144363630461886,Financials
2002-06-20,116.82986065977606,119.22496126986364,115.36518388264736,117.7487643480981,978949,-0.008357890519068769,0.043346614974677074,Financials
2002-06-21,124.09084751520771,133.1587090331919,114.59309381982759,123.62706469674997,1386289,0.048716252109154215,0.040169906321768166,Financials
2002-06-24,123.41490584447628,125.00184801959082,120.99571281303788,122.57181401253078,639732,-0.008572396039499278,0.04179579024320637,Financials
2002-06-25,127.32150137139006,135.7754469789665,119.36279791949151,127.7876078123559,1144883,0.04167247671537381,0.038839842452332206,Financials
2002-06-26,126.58492926662619,130.4165519483978,121.44401300439493,125.23476738599965,1257833,-0.020179456875160044,0.03958934183232396,Financials
2002-06-27,120.2859489659413,127.53074622445304,113.11290264328066,120.35366195385951,1691742,-0.03975552359093733,0.03761561326550111,Financials
2002-06-28,116.88947428681725,121.68227720237866,112.83318539311924,117.6012870412003,852452,-0.023134611668825432,0.038327832412885426,Financials
2002-07-01,112.99528238710018,119.83051998637764,106.120384585309,112.953068616453,1344843,-0.04032756916854425,0.036817111898359,Financials
2002-07-02,107.50538518949458,115.90155589183891,98.84838589782845,107.22246015463712,1369801,-0.052066667404892054,0.03779347441140584,Financials
2002-07-03,105.0892510266007,108.22201505145841,102.0330708361283,105.16367060869236,1898863,-0.019387838817113763,0.040611796865765715,Financials
2002-07-04,109.31991449263363,116.20921188226045,102.65169272541624,109.52828035588072,1500805,0.0406648797593459,0.038416632853918005,Financials
2002-07-05,104.48487090178973,111.83047963369621,97.24518326419663,104.5839283696356,1479110,-0.046192892649488844,0.03909878528474375,Financials
2002-07-08,105.43406228554954,105.79018769842769,104.46564606347393,104.81969632790782,971574,0.0022518049363948467,0.0405344237444308,Financials
2002-07-09,107.49268906184456,112.56543157583295,102.83577280257622,107.89124848766144,1402242,0.02888206506515087,0.037619040397851675,Financials
2002-07-10,107.43895456001542,108.52839113442113,106.07770741358901,107.16435958065485,1051538,-0.006760034594324853,0.036841278652189835,Financials
2002-07-11,102.65624845589221,109.1792800532735,96.36354323427037,102.87327157413061,1376950,-0.040865869126486425,0.03453517859140313,Financials
2002-07-12,102.29027291525651,104.40470479608194,99.36795983570694,101.46533960351928,1335785,-0.01378059920762401,0.036119880082740516,Financials
2002-07-15,112.20282414642556,129.03324776838937,95.32029368966548,112.14152198784174,2662558,0.10004440439036835,0.03423744042610982,Financials
2002-07-16,108.94912550020997,113.51872588887478,104.71946545434302,109.27636176530483,1121479,-0.025881560324280548,0.0503894263612781,Financials
2002-07-17,121.77659885236156,139.59038396225705,102.84745117866692,120.47012152054198,1940763,0.09752166550757645,0.04724144055739453,Financials
2002-07-18,124.06179422696682,128.87189981602876,118.83145894610797,123.62461425788419,1629728,0.025847901679609847,0.05754975457164015,Financials
2002-07-19,129.36134024398118,140.23339601716367,119.35625523781876,130.16607137038247,1363456,0.051561437584017926,0.0533834853132561,Financials
2002-07-22,134.77504530646502,143.2647784006959,126.88814609587065,135.34455222195268,807550,0.03901265842728441,0.05271265958204054,Financials
2002-07-23,133.01329292282293,136.2520435632597,130.26246705125706,133.4913314559969,1048922,-0.013787222871335896,0.05050938241360972,Financials
2002-07-24,136.4442528592976,141.09061431656448,131.8665773195375,136.5107091813928,1298227,0.022366524270688158,0.04657758362795345,Financials
2002-07-25,134.95494315527515,139.33150191475673,129.25871522884395,133.5910430102892,1360403,-0.021619851569996792,0.0437105965240454,Financials
2002-07-26,124.98011489064868,137.8060834237716,111.95385241389987,124.75691529527691,1835898,-0.06841604919494589,0.04121414436909513,Financials
2002-07-29,117.59936880593824,128.55198192414386,106.32660600043079,117.24633977184034,1866359,-0.06208997678255427,0.04648653487815672,Financials
2002-07-30,108.24141813374571,122.48602797010899,93.2645759338891,107.3982206798791,1884024,-0.08773357483030693,0.04906193150000501,Financials
2002-07-31,112.88248621509622,120.40117453861116,104.79641956660105,112.27462016214481,1502451,0.04440422115430832,0.05639357694706648,Financials
2002-08-01,111.86738829930736,113.01410511102283,110.36692195588462,111.50997503859905,1431622,-0.006833786737128257,0.05422129328184523,Financials
2002-08-02,114.48576849231938,119.23368159963726,109.8301134525098,114.57442141793646,1252378,0.027110531443460067,0.049587942206750044,Financials
2002-08-05,121.99201230673322,133.22121004453257,110.61170046810764,121.82557817159991,1233723,0.061365754065738846,0.04666281546490751,Financials
2002-08-06,113.422173817121,125.49867225763296,101.57964343337508,113.6340225239971,1743361,-0.06960737914052284,0.049059128034425165,Financials
2002-08-07,116.87298679574005,120.99195389902981,112.23548701858714,116.33551183466221,1420146,0.02349540423450468,0.052461571835204966,Financials
2002-08-08,118.1810310450295,119.82677742480317,115.7854151586579,117.42057165546753,929917,0.009283759360369768,0.04883214431660476,Financials
2002-08-09,118.48880020841025,120.2619421228011,116.78164431342418,118.55384902139257,550990,0.00960516038637325,0.044950983115226294,Financials
2002-08-12,113.97905191374083,120.71533300562707,107.23761324991587,113.97357037726758,2013838,-0.03940069675834966,0.041597013983307514,Financials
2002-08-13,118.37344292000293,124.96085191160088,111.69907290098202,118.28135738968963,1554475,0.03709958826969733,0.04143804403707418,Financials
2002-08-14,115.9569909147958,121.38207127392049,109.28519051773428,114.64907989267044,1005606,-0.031190187076120222,0.040989585413394446,Financials
2002-08-15,111.43726673993416,118.16887191974249,103.4714732234416,110.12373151334644,1085849,-0.040271418330926054,0.03987531887478862,Financials
2002-08-16,109.22901784425892,111.79846174594452,105.8600261648551,108.41020884989015,851775,-0.015682303429351726,0.04019080634237793,Financials
2002-08-19,113.67058261689867,123.04687658385075,104.83738102184428,114.17451501968544,1791910,0.051805849216208275,0.03780384805397407,Financials
2002-08-20,115.04000549830894,118.90508016416449,112.21736590676313,116.05747576285965,855829,0.01635743774129834,0.0405694668944792,Financials
2002-08-21,115.73274062480215,116.79871344344345,114.2845966443218,115.34701669803927,890901,-0.006140427867898988,0.03816857582751631,Financials
2002-08-22,120.77794197016496,128.6394638210342,112.62155846005989,120.46255130926032,1646926,0.0433938058701218,0.03565288028646242,Financials
2002-08-23,122.51471957605305,124.85412743072857,119.67614393406953,122.00583467608935,1344143,0.01272994169065693,0.03740796247272403,Financials
2002-08-26,114.49690239812416,125.57190336794929,103.32225992296551,114.38659071797306,1803213,-0.06448501073164725,0.035267438770141955,Financials
2002-08-27,112.18182603167669,116.84747938062135,106.63133341245145,111.2585892514992,1120271,-0.027726733250756808,0.041458187144201915,Financials
2002-08-28,106.9825419607503,112.7938139809293,102.28331261906744,108.04779326476296,1346808,-0.029283465355228366,0.03987907703973011,Financials
2002-08-29,109.07254161241072,110.51788966567624,107.56206106319603,109.00653443857475,671566,0.008834169944143268,0.03874146138072507,Financials
2002-08-30,117.45940375867754,129.89992141114374,104.59169489805855,116.9816075597174,1822624,0.0706088926861657,0.036227435014387514,Financials
2002-09-02,105.74952232004833,121.65404704715384,89.88709397204107,105.7861278670903,2733762,-0.10059732783666546,0.043563562723132575,Financials
2002-09-03,104.33542365185112,107.20458475482988,101.00821818016658,103.86442716435123,1138473,-0.01833293048231733,0.056001790622153116,Financials
2002-09-04,96.80603498102002,106.8981733310179,87.06676865375765,97.1266511035266,1984046,-0.06707065545498186,0.05156912732750481,Financials
2002-09-05,98.37323708454157,98.5196760885996,97.0783609485664,97.22308783339517,1106170,0.0009924040887405979,0.053872728148205526,Financials
2002-09-06,89.22081901005136,101.85442778499537,75.93854084218937,88.46514695560218,2135435,-0.0943995576751411,0.049213457513018394,Financials
2002-09-09,93.68716068047063,100.03993898062225,86.27995852006097,92.55603711917803,1871397,0.04520561304957186,0.058088406706483846,Financials
2002-09-10,91.33728259625249,93.76452875667427,88.51427900006296,90.93072097284818,980883,-0.017716359201321842,0.05573098341709434,Financials
2002-09-11,91.01830940762656,91.0443214647865,90.88741586500987,90.91339793959685,1180670,-0.00019052618701475172,0.051301407559751176,Financials
2002-09-12,88.617522449205,92.14991675533082,85.00039914715872,88.5292758441643,1428097,-0.026574084586567553,0.04696246351208108,Financials
2002-09-13,79.68007502634686,92.04629272668853,68.0413473249702,80.31484525949679,2226813,-0.09737882147264725,0.04438812542832761,Financials
2002-09-16,86.57604615378587,96.1117480207268,76.91407347167412,86.43414611396514,1629383,0.073428331049773,0.05566542709746339,Financials
2002-09-17,82.92324371767904,89.07124141432828,76.16655503761568,82.26581006057846,1428267,-0.049427216632453926,0.058203692230542114,Financials
2002-09-18,82.44363519373942,83.33119028358611,80.79818948782253,81.67749663744226,1054788,-0.007177065783679188,0.056361274763962396,Financials
2002-09-19,81.32256108364338,81.79904612452209,80.95731377867128,81.43330144688139,1011335,-0.0029942269410857146,0.051468448348523,Financials
2002-09-20,78.04690517188303,82.79910192656153,73.8211739978018,78.54633014560518,1249407,-0.03609565439974749,0.04712266704644245,Financials
2002-09-23,81.30814909199607,84.48976199160015,77.4675423502248,80.622318487172,922581,0.026086871858352397,0.04551781013666848,Financials
2002-09-24,80.64518728518259,81.35940558609606,80.20409841798227,80.91683096374415,1807424,0.0036463334601771415,0.04312279634037378,Financials
2002-09-25,78.14411802510794,82.13276673494545,74.38460814740539,78.36273901175993,861843,-0.03207330227545819,0.039870475461500396,Financials
2002-09-26,77.27157616199982,79.11067918691933,75.29345558244759,77.1291692500438,1193688,-0.01586700756186495,0.03906441294386517,Financials
2002-09-27,77.96523141785028,79.03817395683481,76.76882999190845,77.84004980559031,1595062,0.009174538611398593,0.03685901485748498,Financials
2002-09-30,81.82051906986364,89.03072376098349,75.06763759984167,82.2429757341088,1444235,0.05502190686630347,0.034633732181519876,Financials
2002-10-01,83.12320140947672,84.52043411609304,81.75418727355222,83.15096275908701,1144601,0.010979799564267988,0.03890639869144435,Financials
2002-10-02,88.65249207964166,96.59700010341902,80.35978300927658,88.27001578704373,1229505,0.05974269372777742,0.03645613373742233,Financials
2002-10-03,85.10852050127302,90.3909223611898,79.43557380777818,84.69213181119302,1655346,-0.04137777532969622,0.04121429567203971,Financials
2002-10-04,86.49128787896963,88.14148658125386,84.13970356113485,85.77625998650096,973161,0.012719575522206816,0.041421160991443384,Financials
2002-10-07,93.24127529586754,104.57249545655958,81.7111722803235,93.01487951344156,1587486,0.08101719704952914,0.03868899329942595,Financials
2002-10-08,94.82878573760347,97.0062116284839,92.2809626420743,94.44968372317487,934783,0.015307770201799999,0.04777068656281544,Financials
2002-10-09,96.40416892131988,100.96980272937523,92.49666837067015,97.03666551970817,1179069,0.02702165680434304,0.04428069522973722,Financials
2002-10-10,92.94522617928274,98.9365169957379,86.98966233754112,92.9788017629029,1494898,-0.04271737299165778,0.04216810959114545,Financials
2002-10-11,94.00147482134051,94.7120000489746,92.74216877386317,93.44851436115019,1029934,0.005039106950073758,0.0423820205569407,Financials
2002-10-14,91.91738337649664,95.63505717041495,87.2833969264299,90.96244755974006,811049,-0.026963878919330435,0.03925299253584748,Financials
2002-10-15,90.07500609722133,91.27226485627288,89.14178229746966,90.33633356832739,1244429,-0.006907012575308002,0.037969666226764294,Financials
2002-10-16,86.75241736045847,92.67542755688365,80.42344420879621,86.31670628745577,1132989,-0.045516581375209586,0.03550369651324813,Financials
2002-10-17,80.84464378991828,88.68825965497822,73.26800539508397,81.08874450806017,1592845,-0.06247899707924456,0.03767192389428463,Financials
2002-10-18,81.10999722859235,82.33620558426917,80.3649843320534,81.58681303128321,985183,0.006123477762667445,0.04267180382080955,Financials
2002-10-21,78.11953731067781,84.42772104570744,71.06794941188312,77.31082968414657,1025246,-0.053833598714597856,0.03952633071819098,Financials
2002-10-22,74.7516089846007,78.3947071283793,71.41211433658691,75.04222915445435,1113848,-0.02978303471435855,0.04224420798902139,Financials
2002-10-23,73.18171111614453,75.82448309795896,70.79024731447394,73.42506681292994,1036364,-0.021785623440581284,0.04075184487130935,Financials
2002-10-24,74.13261179598983,74.82269030619224,73.19439808077699,73.88214507047023,1610640,0.00620580239909789,0.038726764603261535,Financials
2002-10-25,75.3462771147322,78.6262224587851,72.501377500971,75.76549418657598,1299916,0.025171777759098218,0.036132902385798485,Financials
2002-10-28,75.08149752459543,75.94993934670511,74.52772720230655,75.39386512911935,1060266,-0.004917059822072945,0.03520670486129494,Financials
2002-10-29,78.7424021725175,83.13366894930455,73.88585413304197,78.24964084325264,1262102,0.03717833217877692,0.033094354130974356,Financials
2002-10-30,79.64420633529872,81.59244309763463,77.59059050148954,79.53618486960406,1257376,0.016307834153760525,0.03440237314221787,Financials
2002-10-31,79.66206109269251,82.26062136006811,78.0424827748113,80.62153632516574,1557877,0.013553740184190626,0.03296529145132951,Financials
2002-11-01,81.775296814783,82.79261059169481,80.28164380573307,81.29295710510559,718738,0.008293570442721655,0.03157410225681738,Financials
2002-11-04,83.07245747501642,87.16969731693759,79.54993162124792,83.62379314719779,1736073,0.02826870229384092,0.030130659522526658,Financials
2002-11-05,79.98219764063465,85.27254610920059,74.81769728342552,80.10041254211558,1575242,-0.04304708222208462,0.030759604093951082,Financials
2002-11-06,76.90039072489428,81.54575224913744,72.3933025018207,77.03100858733364,1410414,-0.03907295468495398,0.03368798433252614,Financials
2002-11-07,71.71795245133399,79.3997432470853,64.05420019803381,71.73424949779596,1514549,-0.07123973836723432,0.03516971138469424,Financials
2002-11-08,73.01392908462006,74.84738960893736,71.11350619192433,72.94524190518713,1239690,0.01674073743922103,0.043020831320430726,Financials
2002-11-11,72.22095140849422,73.67542657332594,70.52294286644809,71.97241264924347,1539979,-0.013426160843593857,0.040282395478696435,Financials
2002-11-12,74.12886375047358,76.04216510216388,71.33167371357787,73.2215570462156,1120045,0.017206984835944548,0.03775150828313208,Financials
2002-11-13,71.56894350627148,74.5588719919159,68.23543206107587,71.21038091369938,1551093,-0.02785126563900732,0.03584066337545633,Financials
2002-11-14,73.38734264196752,78.34310213402374,69.11210257867673,74.03040022199754,1673990,0.03883721551410908,0.035270334143702176,Financials
2002-11-15,72.84166454858132,74.77969731816555,70.79383854222773,72.72887029641403,1067600,-0.017737401450069513,0.03635170660120548,Financials
2002-11-18,72.83624181882762,73.00537901488464,72.44773888645749,72.61636549514841,1175206,-0.001548104733151317,0.03470373999709887,Financials
2002-11-19,71.4717898821021,72.9282802748118,70.5344886477612,71.98425838383108,1002292,-0.008742854916483401,0.03261654718189393,Financials
2002-11-20,73.058969537084,76.2121786764509,70.53147505424032,73.66376126299123,1214343,0.02306351064862061,0.03102477956196582,Financials
2002-11-21,76.01412149562567,79.151253800898,72.59371678321126,75.71865507457727,1197869,0.02751359215495986,0.030819123706080826,Financials
2002-11-22,80.76761897894355,89.74259394454428,72.28313350962195,81.21148155219649,2255932,0.07003207123994866,0.031199429030015772,Financials
2002-11-25,77.87351090114753,82.6393049825885,73.43637288526392,78.18445003284732,1016100,-0.03798585650445466,0.0401795613186951,Financials
2002-11-26,73.52203658905916,80.24935810972993,66.93719633288107,73.65280579582183,1525117,-0.05970854056526481,0.04009933306635881,Financials
2002-11-27,81.60519648136892,94.81004121263143,69.36441700916357,82.44351409794038,2138433,0.11275114271299788,0.04383071619718873,Financials
2002-11-28,79.72701948579643,84.04599134592017,75.21150227992904,79.51921706810577,1408850,-0.036114664664327306,0.05953006276957739,Financials
2002-11-29,74.17568666596911,81.72336671221544,67.15298280057773,74.65525859397616,2273711,-0.0631177517507976,0.05595268580910465,Financials
2002-12-02,69.65584506507197,76.80014021442886,62.781431523227916,69.9014842642727,1353413,-0.06579408170194503,0.05658745468134437,Financials
2002-12-03,68.13190254587724,70.52605545535035,66.23603886404518,68.61670157526378,887007,-0.018550914828340665,0.05754164752508304,Financials
2002-12-04,65.76023925105679,70.28522171861485,61.03028119236333,65.54011697801158,1705281,-0.04587354019280821,0.052919310521453024,Financials
2002-12-05,67.4265661825706,70.54287255000588,64.41141715001352,67.52339363366528,1452875,0.02981168208381418,0.051536588889117926,Financials
2002-12-06,65.44334578094991,68.48434339005613,62.47264121463979,65.51058652875463,2320538,-0.030262354212487602,0.04856054420783115,Financials
2002-12-09,66.69984431682128,68.02745804496122,65.06431421625037,66.38567461634142,1398631,0.013269533502295575,0.04608549311205088,Financials
2002-12-10,65.35733394051985,67.66497316725106,62.5518716299388,64.84129037072667,1312109,-0.023538691963081296,0.04272598996173164,Financials
2002-12-11,66.76624595352052,69.63020564573449,63.860241329586586,66.7223166605867,1111203,0.028596882065305147,0.040540333958514925,Financials
2002-12-12,69.7088372249741,72.3717804114496,65.82877448989574,68.4433758613271,1279413,0.02546729408096212,0.03921074076771415,Financials
2002-12-13,65.45125492486942,69.97021045197852,60.85145903725573,65.36441915638702,1683011,-0.046028712841807165,0.03777926962519572,Financials
2002-12-16,68.1472361763047,71.40659271817827,64.25462763584841,67.48217555559002,1174794,0.03188543634590684,0.039491960341462164,Financials
2002-12-17,72.21361454399245,78.75075358488034,65.19128006374508,71.68012494717703,1591078,0.060350014625985986,0.03873233923912456,Financials
2002-12-18,76.0623974973866,83.61862185592851,68.83815299839418,76.36558157868595,1401201,0.06331857997894112,0.042970616962654966,Financials
2002-12-19,79.47337933277966,83.74065064468199,74.89885930952602,79.14869701601954,1279283,0.035796232211995904,0.046675106034195606,Financials
2002-12-20,79.36638258281587,79.42266128380747,79.12997120985754,79.18612208813441,409526,0.00047273332579132374,0.04511161662730557,Financials
2002-12-23,81.49221633157302,84.72823051367659,78.0816149913481,81.31040972624908,1621376,0.026472991963935728,0.0415701802414037,Financials
2002-12-24,85.47757571551848,91.26779287996715,79.30416716550069,85.06654100099058,1406331,0.045159736269851807,0.03984453292197844,Financials
2002-12-25,94.28021367106332,108.43566100030993,80.13818162040383,94.2918791307043,2289035,0.10296128300690997,0.04093873117245922,Financials
2002-12-26,92.20359123252791,96.1120328140835,87.77894455315216,91.66453598408332,1204264,-0.028259503628941435,0.05505395206316308,Financials
2002-12-27,83.14919740616061,95.2953738872652,71.04918396951109,83.18949611375409,1547333,-0.09701447369394983,0.05142509156065325,Financials
2002-12-30,74.79750870406966,86.19867950077706,63.57788239845921,74.95537347893658,1778194,-0.10422817506372617,0.0602279274882871,Financials
2002-12-31,85.10167281938433,98.42854020318157,72.33642189647668,85.59003495928833,1877957,0.1326759461834083,0.06805475347978793,Financials
2003-01-01,101.87755816904453,117.95264780642013,86.59592444368785,102.56751983166969,3076904,0.18095244943206418,0.08028446662527668,Financials
2003-01-02,96.95186694261108,105.39450514827845,88.35472585277984,96.78262647716511,1403708,-0.05805381214346876,0.10083672351065208,Financials
2003-01-03,103.63602575624803,115.59460183294469,92.24079587668653,104.14356573460684,2199024,0.07330288733355511,0.09348782066317156,Financials
2003-01-06,118.75261236261383,136.5655042170059,100.01523487569115,117.66498220669547,2015300,0.12207106567268172,0.08887055239838922,Financials
2003-01-07,96.32203712254882,111.73510978979638,81.8737315541665,97.16096503460555,3020926,-0.19147241612725718,0.09302463022256795,Financials
2003-01-08,84.25307922227272,96.89104110561362,71.13911176371545,83.69307266319464,2401062,-0.1492128263219063,0.11190227157246556,Financials
2003-01-09,68.90489911320697,79.24063398018801,58.28905785066808,68.57536217725657,3022691,-0.1992228919034196,0.11600588277026287,Financials
2003-01-10,83.08187789532097,95.5441595796191,70.40103514152817,82.82474722532726,2374593,0.1887935779822605,0.12968945974365312,Financials
2003-01-13,81.5004003163972,83.18656751985242,80.41305309038776,82.09133625219357,1169305,-0.008894412148391883,0.13748431560720692,Financials
2003-01-14,64.94432971064029,74.98283276980072,55.202680254044246,65.20246327808759,2763421,-0.23033523556245503,0.12342372630700098,Financials
2003-01-15,59.911093752599335,67.47638511098168,52.46777905423275,60.01959080991004,1712876,-0.08282622613104546,0.1422845075320786,Financials
2003-01-16,68.66470804168671,78.96441424793971,57.97466540123009,68.20548870732952,2306469,0.12785401876405109,0.13162420912272776,Financials
2003-01-17,74.65254479291207,84.04093475478702,64.8426879058722,74.17044893813448,1733375,0.08384076736583301,0.128109107634331,Financials
2003-01-20,82.1200008286236,94.05413625632133,69.84055503763285,81.71597521523593,1414851,0.09688370926512055,0.1195154630496215,Financials
2003-01-21,84.75377461839166,90.79764040926399,79.2935636889216,85.30210370814207,1326322,0.042949598835410364,0.11373268964777725,Financials
2003-01-22,79.28743291817409,88.06906372739941,70.4551645595482,79.2304883663621,1359994,-0.07383793779179862,0.10356061008719723,Financials
2003-01-23,69.888198701459,80.57497090077776,59.40496889624015,70.06519208763284,1876874,-0.12293505468355997,0.09745586759096563,Financials
2003-01-24,64.75895726281419,72.38009341883225,57.22215617751247,64.83450043941355,2543424,-0.07758824831716361,0.09982520249332702,Financials
2003-01-27,58.32275895914833,67.07117280302057,49.53577709329057,58.27738481563597,1839420,-0.1066237683028475,0.09473672616153606,Financials
2003-01-28,64.02958667882719,74.12041900027548,54.42514867700311,64.45253826110911,1824166,0.10071500446316702,0.0947909912497469,Financials
2003-01-29,63.76890869609412,64.78412564808478,62.763699485310354,63.778761130305476,1803404,-0.01050887474097373,0.0938604945453093,Financials
2003-01-30,62.11052856090908,64.37378734933691,60.302776155598295,62.55315220144816,1019741,-0.019403606733523985,0.08464277533422597,Financials
2003-01-31,67.22399210879252,74.31814302673308,60.03009553108449,67.11247840258113,1430022,0.0703533633890679,0.07673326870507076,Financials
2003-02-03,62.374042346432375,69.18879358067761,55.66081690225786,62.46570285250883,1724885,-0.07175234217773387,0.0745173468526276,Financials
2003-02-04,60.09967394557368,63.02738625255383,58.41625825795532,61.31006697640469,1469345,-0.018673597565524894,0.07290080779224904,Financials
2003-02-05,59.51460765950696,62.39514520937576,56.4901341250146,59.36335076350122,850277,-0.03226700875801611,0.06636209541836235,Financials
2003-02-06,66.77263184228308,77.2067183125214,56.75673706594061,67.13627679349688,2042208,0.12304749020455194,0.06147614289121551,Financials
2003-02-07,82.4573570315351,94.82596058626535,69.89937148754534,82.23455469122982,2886205,0.20285105145989848,0.07344763878213385,Financials
2003-02-10,72.71298095816321,84.23427792829172,61.80603381443873,73.24719819851454,2056997,-0.11573558978662597,0.10289765243140685,Financials
2003-02-11,73.4437384682662,76.14037164570213,71.72478784427476,74.39906168284713,804925,0.015603332653826098,0.10285694197381337,Financials
2003-02-12,79.84455888041435,88.16475542026073,71.44083862319945,79.75131912054641,1720923,0.06946995225483713,0.0927370476576078,Financials
2003-02-13,87.1046122292986,97.64870997224,75.98876951922347,86.4541251735316,2091823,0.08070064621595144,0.08777265602989885,Financials
2003-02-14,74.04582906776702,85.20921631176799,62.938954707601965,74.09497070588522,2329706,-0.1542662701574135,0.08508889740844675,Financials
2003-02-17,84.4844490008404,97.15711635096645,71.12175785515028,83.6726563001768,2028627,0.12156457886322469,0.09727182884057518,Financials
2003-02-18,77.84262046305847,86.87803417980737,68.45316118906484,77.44208343732446,1151867,-0.07738189064893923,0.09942906503593957,Financials
2003-02-19,90.35688392773817,103.91041651689888,76.48405738608655,89.98124398363123,2588150,0.15007090193256617,0.0943774587981555,Financials
2003-02-20,82.37173809759541,93.2579611010727,71.5812992957531,82.45642816639318,2226328,-0.0873312380439484,0.10297511895786338,Financials
2003-02-21,86.5359570801378,91.70554192254879,80.68060135943361,85.80661598185944,1468782,0.03982610248071885,0.09862612164255578,Financials
2003-02-24,94.18589312277022,106.22162225372074,81.49697032762266,93.43700078153692,1987067,0.08519130789761392,0.09010886339324493,Financials
2003-02-25,96.38668437911778,101.35059629603685,91.61646746796214,96.57124538433044,906976,0.03299360931359179,0.0876602512591305,Financials
2003-02-26,105.36876821957357,119.36946120205043,91.46305531228177,105.45267496503244,2299103,0.0879812436661451,0.08006711221832472,Financials
2003-02-27,105.90489741562904,108.10384422240132,104.32008087620211,106.50997301374848,851929,0.009976350342623778,0.0799355919021163,Financials
2003-02-28,93.35016341410926,107.35268792622564,79.31365561471786,93.31018307613866,2527992,-0.13230937882223154,0.07229583817286553,Financials
2003-03-03,109.67100018028559,126.12165020732841,92.46157007219665,108.77831773199605,2658364,0.15338278374576325,0.0831096644942238,Financials
2003-03-04,119.67920265479847,138.41522513367335,101.7273222565787,120.36106533362901,2171376,0.10118407393890344,0.0956802739247432,Financials
2003-03-05,150.49786119360007,173.07254037264008,127.54108821454655,150.04833907593712,3416878,0.22046139973850465,0.09465465850914119,Financials
2003-03-06,123.15506459434943,141.62832428350183,103.8658283458038,122.19509217153389,2455409,-0.20533861901917658,0.12065690124557658,Financials
2003-03-07,116.67238024408907,125.59419951538302,107.24207399961385,116.12179020586971,1731029,-0.050979327770227054,0.13442865216780697,Financials
2003-03-10,96.99894338989697,112.03287794672386,82.44910188141242,97.41989386671641,3037911,-0.17560911696093073,0.1222566308954579,Financials
2003-03-11,101.22421406284086,106.9613420304831,95.43719685645237,101.17132734078456,1535902,0.037784951099286514,0.12916319650851113,Financials
2003-03-12,127.53282444615547,146.66274811307878,108.18127620343297,127.27208965109762,3124883,0.2295118428715053,0.11687882804543058,Financials
2003-03-13,125.51453824306705,128.12494164200362,122.9203984460528,125.53047251478601,948699,-0.013778694926907155,0.13758590501559323,Financials
2003-03-14,131.4718042417199,140.0676823177659,122.55000903686637,131.1230873343915,1208611,0.043587942046452735,0.12358148272395501,Financials
2003-03-17,133.64099875724455,137.11585982877148,129.94682293355513,133.41582926967814,1414188,0.017334306606706915,0.1122626055353148,Financials
2003-03-18,136.3200810248963,141.81345929754366,131.2726319227666,136.75008854219334,1274838,0.024684302142337407,0.10113053845942112,Financials
2003-03-19,135.80838055104454,137.12325688191558,134.68421757525607,135.99752822358556,1116904,-0.005518378032475595,0.09150576956188114,Financials
2003-03-20,131.70931510450865,138.30802644138086,124.94044367109196,131.53018025023513,1200870,-0.03340037785298277,0.08248158924818358,Financials
2003-03-21,140.7390552675025,152.10758106209332,127.5949756278291,138.80747338597493,1854154,0.053851556570338285,0.07556393212395157,Financials
2003-03-24,130.57133797920696,143.22005760248248,117.5208064436317,130.1264265641076,1774447,-0.06458139955794275,0.07143475899157063,Financials
2003-03-25,130.7664660730369,131.0225578608205,130.04125847137365,130.29642974453833,644836,0.0013055935795272128,0.0693394073314477,Financials
2003-03-26,126.5509076274994,132.07795247548202,121.04604454399981,126.57216472526191,1171502,-0.028999465836589456,0.06282211723151626,Financials
2003-03-27,136.36691888693156,151.85921014087828,120.97934093612022,136.46101448747453,1289195,0.07522634803420773,0.0581673455091551,Financials
2003-03-28,131.73149382202521,138.28568936388453,126.13540378368361,132.65055658909338,1681555,-0.028320689183621475,0.060461579392616795,Financials
2003-03-31,135.86096941853933,142.90689264221024,129.7088848951354,136.71608652891234,864875,0.030188137916448594,0.05607843865065305,Financials
2003-04-01,126.4934657929934,140.69953184306493,113.8040718428185,127.87186188818411,1818303,-0.0668777309068865,0.05246457448436444,Financials
2003-04-02,128.93782578599328,129.1645562341857,127.79673403363351,128.02185379280368,1865650,0.0011722985959075115,0.054524488941652884,Financials
2003-04-03,126.06357789393287,129.95211823235257,121.54753918485711,125.41610774528182,1678366,-0.020563911233697392,0.049784958150815364,Financials
2003-04-04,120.32307546691055,127.51177792550826,113.83449360315973,120.98737293721362,1507363,-0.03595088660853042,0.046327797414153604,Financials
2003-04-07,131.25312547372363,148.05690464739234,114.77946915686263,131.54643489413564,2072826,0.0836737220918418,0.0448428565971036,Financials
2003-04-08,137.6543711513302,146.74749761605804,128.38810757292362,137.46898806356918,1594509,0.04403844396015737,0.05252522437397231,Financials
2003-04-09,132.69514931450024,139.6281464841613,126.00108291166528,132.92260560383122,1864614,-0.03363130422082164,0.05097084498410533,Financials
2003-04-10,138.27060070957953,150.81829119948668,127.55476034737596,139.97069513257108,1757803,0.05166603412541219,0.04845700490387304,Financials
2003-04-11,137.88079283312612,140.71836404163966,135.62226218121452,138.45050138488273,624739,-0.010920209191839367,0.04877368062531696,Financials
2003-04-14,140.2357845815862,147.48157442470324,134.858534202463,142.03532195010231,1219727,0.025562901771313106,0.04495536878629031,Financials
2003-04-15,143.62656577974016,145.161406979472,141.52213743209623,143.05082608618167,1037493,0.007124221490173798,0.04260055678291732,Financials
2003-04-16,137.89442320059266,144.8590807625334,132.3751985508765,139.28422912697425,1389077,-0.026683335079173528,0.03948998772281157,Financials
2003-04-17,151.30136200646194,169.2667187690834,132.85716427812497,150.75800321777803,1801246,0.07915926432904671,0.03813616865811725,Financials
2003-04-18,149.93105034032058,152.432611110367,146.6028549085738,149.09038946957006,1034723,-0.011123160787878903,0.046940624807342256,Financials
2003-04-21,156.2072312753569,166.3883254878841,145.56257849137182,155.71135291797603,1073647,0.04345122877007033,0.04337391510723802,Financials
2003-04-22,153.56377904366153,156.19210545939956,152.1234665550446,154.74075383446714,691523,-0.0062528307894247825,0.043453867510594046,Financials
2003-04-23,151.9741861538769,155.9266599241434,148.36696293296612,152.31143191780436,880485,-0.015823841808057272,0.04020516838958377,Financials
2003-04-24,152.394225926577,153.8839327481736,149.84283488044753,151.3220609143179,1278656,-0.006516899672713853,0.037824906445658155,Financials
2003-04-25,139.41644574824957,156.5330569383602,122.35961419352212,139.469708927988,1975889,-0.08156298186670521,0.03536876213977337,Financials
2003-04-28,146.10711025095875,155.19426796242422,136.3325959815266,145.37416823386374,1620008,0.041463451919426575,0.04581088811503402,Financials
2003-04-29,146.48169521817866,149.45834104123077,144.0344400793105,147.00238676046155,696758,0.011137933811334117,0.0451308392639858,Financials
2003-04-30,141.45948688774845,149.27136431927022,134.45565886487407,142.22941617833462,1289023,-0.03300746231054405,0.041809594085272184,Financials
2003-05-01,145.9693224235198,149.6993002964926,140.97625714947532,144.6731127659268,897199,0.017035441927313655,0.04076588783882278,Financials
2003-05-02,154.16971417845787,168.4717663530653,139.6256567041741,153.90296282688567,2398386,0.061845489566786635,0.038379904002991135,Financials
2003-05-05,148.63284241706268,156.33912120004393,141.0718113658586,148.77105899847717,1664865,-0.033913684791987364,0.04303653461869786,Financials
2003-05-06,135.04533019243598,154.69755149952508,115.36803386427387,135.01598472689562,1863586,-0.09701543069074262,0.041883592873757196,Financials
2003-05-07,138.8086258001805,144.32063372669455,133.13275340588956,138.63798529967548,1529355,0.026472936604812845,0.05399247494260898,Financials
2003-05-08,133.6919010887498,142.75265831997038,123.53252143730053,132.51340817443457,1590593,-0.045182279342439687,0.050371344395548676,Financials
2003-05-09,142.1701618324405,159.69806095707946,125.72237164532189,143.1382695433823,1710668,0.0771272489019354,0.049356191343728255,Financials
2003-05-12,137.74863893120028,146.86736383666434,127.89219946294277,136.95862692105314,1909224,-0.04413219603579759,0.054232082549392636,Financials
2003-05-13,138.0961216683585,139.9792908330701,136.28143983764144,138.16372070268264,1091599,0.008760476923820166,0.052393154430293847,Financials
2003-05-14,138.65952787633591,140.59933409064502,137.20112298290135,139.13591857488547,767224,0.007011922973107918,0.04803692328110965,Financials
2003-05-15,139.44334240537782,140.15998642201933,137.9474066219471,138.66002491903805,1083415,-0.0034262136113469024,0.04419741913527634,Financials
2003-05-16,140.81246618637863,144.03317566664612,137.57033760984635,140.79054571788012,932820,0.01524822135186323,0.04079816573734682,Financials
2003-05-19,135.3546036532658,142.93546566519072,128.74617244465998,136.28176744693613,1676966,-0.03254873263877278,0.038294496996108054,Financials
2003-05-20,135.63272626556142,136.77522522604062,134.37706389345584,135.5186015269841,1038072,-0.005615650401080283,0.0378429359274157,Financials
2003-05-21,139.46547529148032,145.00509261895516,133.62781164806833,139.15510079216432,1659699,0.026480232549296615,0.03536100350809158,Financials
2003-05-22,136.92914785764196,140.99221677774133,132.38116315461426,136.4294032616544,1130950,-0.019781855476203626,0.034720323481487556,Financials
2003-05-23,129.29843872821124,139.70772073181968,118.89590236616151,129.30468206990014,2207963,-0.05363579258635976,0.03351266866484255,Financials
2003-05-26,131.17619267647692,136.59422190122908,126.8172078215743,132.20117682334282,994177,0.02215333319236922,0.03781532633452562,Financials
2003-05-27,130.48208044184628,133.44465125713035,127.25866612165507,130.21517694378784,1656812,-0.015136539849007332,0.03629896211132148,Financials
2003-05-28,137.1775559231404,146.33311790280123,127.05361937788093,136.139927527932,1688809,0.04449494631512772,0.03447403292446954,Financials
2003-05-29,137.56644695501498,137.7997921606271,136.0627781584444,136.29396493381827,1769292,0.001130824222413361,0.036711540338153104,Financials
2003-05-30,141.99415122529476,153.9468230341935,131.39148883134848,143.25035990014064,1457404,0.049779808076383734,0.03432756282804204,Financials
2003-06-02,137.87585396013063,145.67903996438736,130.32313079876263,138.11330920470553,1144405,-0.03651943853563618,0.037608637965084284,Financials
2003-06-03,139.88759122546048,145.15316110818213,135.67761653031042,140.9123459959882,1316074,0.020063608016833785,0.037836201293400734,Financials
2003-06-04,140.8759117780372,142.99450689434167,137.4086393692655,139.50664241018228,873589,-0.01002582149337453,0.03613370666911665,Financials
2003-06-05,141.93428623582415,145.10525971973732,138.43651239789475,141.6000179478377,988484,0.014894092038454978,0.034052802683661204,Financials
2003-06-06,148.41793794114466,159.8187698889681,137.40613407831677,148.7800958768153,1417807,0.0494630411731617,0.03257222425836753,Financials
2003-06-09,160.54963287377583,178.0843174850642,142.54053827028451,160.01705672698003,1773073,0.0728110649125521,0.03627325048606194,Financials
2003-06-10,174.86627284309725,196.99558270139846,152.07027281199478,174.10298919923903,1571281,0.08436660196963675,0.04413407568664666,Financials
2003-06-11,202.86347676372742,233.29299827828652,171.80430271637385,202.1227090780869,2501157,0.14922796758394843,0.05221026564342679,Financials
2003-06-12,184.8049463754316,208.83354342170134,163.1698404323125,186.9475974259423,1780389,-0.0780466337344577,0.07497384488760829,Financials
2003-06-13,193.04303651394326,201.39619271240542,184.09291385144232,192.41907044326203,1341195,0.02884730213292388,0.07423310238281172,Financials
2003-06-16,212.88946871512022,245.23248538772688,180.95604840785217,213.2456394675886,1610016,0.102769086131911,0.06806811160561041,Financials
2003-06-17,219.98188649431566,231.23739532912688,209.13539574889498,220.37168506237032,1918210,0.03287086016724064,0.07342231958812857,Financials
2003-06-18,206.77641980796685,226.077551818543,188.67175518494741,207.8765623274765,2116544,-0.05837114515550406,0.06763685111077522,Financials
2003-06-19,191.6021857804654,216.41791471931273,165.98424017778805,190.68060935771481,1533483,-0.08634462715117726,0.06535192032801851,Financials
2003-06-20,186.4239417838342,192.83748976067113,179.94580639725456,186.35705320446277,1581151,-0.022935351598682884,0.06808089297394031,Financials
2003-06-23,205.86280310547306,236.7753320455482,175.02555073655367,205.92827265475236,1652641,0.09986344271924323,0.062345095584549176,Financials
2003-06-24,206.4700628091164,209.50105858734324,204.3325903861963,207.35443078310348,2011509,0.006901637922188565,0.0685961721491673,Financials
2003-06-25,195.99763295689425,214.3542383853975,176.5587354789582,194.8035018329736,1677882,-0.06243818748069759,0.06222132076479818,Financials
2003-06-26,189.20528162666045,198.85152932408712,178.69388121880468,188.29365129180738,1686964,-0.03398864842987716,0.061497750321080326,Financials
2003-06-27,191.0596532049247,193.65855243890456,187.4243265451074,190.0089333049974,893304,0.009068369277639128,0.05743572815727696,Financials
2003-06-30,192.53129072672098,200.30480774599798,186.37768659624663,194.10103219886557,1256664,0.02130771958243668,0.052454033146829025,Financials
2003-07-01,192.93078688535914,195.8732977292383,189.20704772354722,192.137459016628,996379,-0.010167759783642398,0.04867487351565974,Financials
2003-07-02,191.2482769456441,193.24229999574047,188.81714297286365,190.806560529359,1581675,-0.006950905499880953,0.044843083639119395,Financials
2003-07-03,184.1933628268608,193.79444054494417,174.93142725015355,184.51626807686876,1088789,-0.03352250929697661,0.04142425597765501,Financials
2003-07-04,186.18029055196547,196.11531116124263,179.2954348369073,189.12168415519866,1174748,0.024653005946178093,0.04051344198012201,Financials
2003-07-07,179.78125557333337,195.28966334741673,163.15001118113142,178.55241599507414,2013290,-0.057508434252970794,0.038784491619572814,Financials
2003-07-08,164.37984218910762,184.46348873686355,145.20286455038584,165.19178746210045,1490299,-0.07777505799305973,0.04242018898691059,Financials
2003-07-09,172.27933208061717,181.25867661108637,162.11826800600213,171.03263355463264,1496094,0.034747230643883804,0.04946637134277932,Financials
2003-07-10,167.28503567110502,172.63159922948836,162.40561835815714,167.738942241113,1446982,-0.019445522202560395,0.047314300382339795,Financials
2003-07-11,166.70091921547225,168.50439984519934,164.73181826005808,166.53348750295086,874171,-0.007212440252137903,0.04413200274852439,Financials
2003-07-14,167.28209929223488,167.39614971964116,166.4956064110597,166.60919806449704,1652166,0.00045452333867491165,0.040815558644164245,Financials
2003-07-15,165.81250119432394,168.32671291700262,164.7902873135566,167.29535740822706,1278507,0.00410991882760942,0.037851801154872126,Financials
2003-07-16,165.63191614514272,169.57234327160137,160.7455786332824,164.6629538912447,1572217,-0.015860176461021645,0.0353375267307973,Financials
2003-07-17,164.78433289525123,165.94798689524328,162.7322423295016,163.88957785697255,759342,-0.004707785744541414,0.03371534392477797,Financials
2003-07-18,165.36251885265267,165.73112245112864,163.76744218236357,164.1333057865373,1420416,0.0014860425084374535,0.03182301085323836,Financials
2003-07-21,171.98958798313134,186.03418833287947,158.77455120483125,172.7599591174534,1409503,0.05122417363852758,0.030174400808678763,Financials
2003-07-22,167.9028700779103,174.63994678335263,162.16332341319475,168.86742793173934,1015732,-0.022789154475847864,0.03495687294471201,Financials
2003-07-23,176.9013084184627,187.52372941335085,165.21040149980016,175.76456423601635,1406751,0.04003143933701408,0.03399247280085401,Financials
2003-07-24,174.445230267058,176.05001568574605,173.58972049835205,175.19084927167808,1029671,-0.0032694493562869663,0.03556357667617805,Financials
2003-07-25,177.63947202164636,179.73762331861028,174.490193591913,176.57578132977991,1555706,0.007874193248777722,0.03336791548277949,Financials
2003-07-28,169.6360320790981,179.56544091688042,160.35701645646043,170.2526941526663,1233660,-0.03646637061286221,0.03162332469603088,Financials
2003-07-29,176.60431808577005,184.7976119176305,167.45398550823788,175.60071885104188,1391065,0.03092900528770867,0.033158666434518605,Financials
2003-07-30,172.04074875810502,178.37920712583676,165.02753066182564,171.34017806196275,983339,-0.024561849110308998,0.033512508604782235,Financials
2003-07-31,164.65289515927066,174.11101664118667,156.0818099965269,165.4960411128022,1681660,-0.034703652004632074,0.03299944319448619,Financials
2003-08-01,162.2931299614495,169.40343557054305,153.69027807205083,160.73219685912994,1044518,-0.029207667265531683,0.03393850498012084,Financials
2003-08-04,155.8554011458438,163.12490120264764,148.5436912709552,155.81112623091795,1168410,-0.031095062061195493,0.033903110038647655,Financials
2003-08-05,160.40951882225542,169.0965242249476,152.4185999079066,161.0725746916735,861420,0.03321049346289439,0.034125827886258835,Financials
2003-08-06,141.59192897657752,163.76600163507248,120.3531396300909,142.40521881310653,1687734,-0.12317839062384875,0.03459910742411416,Financials
2003-08-07,135.50266083666023,145.63789427173202,125.34492622148173,135.4783405659199,1566229,-0.04986486795408964,0.05773747461691179,Financials
2003-08-08,118.05438131283698,136.152573840653,100.34622411591143,118.39354247013304,2106734,-0.13479759830632593,0.05603452987687723,Financials
2003-08-11,117.36537719337115,119.59411703639512,114.68416594941796,116.904147146521,727560,-0.01265983714744038,0.07305787915886387,Financials
2003-08-12,119.03438019400373,125.40084910804255,113.96033346802311,120.27396301623766,866955,0.02841782190831966,0.06628728148930896,Financials
2003-08-13,136.75867428019967,157.2724754222296,115.67888788285616,136.09280927394843,2400445,0.12356490834937828,0.061125598893558925,Financials
2003-08-14,138.38133362769426,141.09065580917155,135.18127430794559,137.8807966419833,1376584,0.013052445299530212,0.07334380722586972,Financials
2003-08-15,139.43680948026872,140.74928845139723,137.44273644382596,138.74873880164333,1018250,0.006275143443210791,0.06655077907848274,Financials
2003-08-18,136.42980850165267,139.6235778766981,133.78110661835603,136.96449537249947,1119026,-0.012942928491391212,0.060407876726030874,Financials
2003-08-19,129.51299226014723,141.53366315879356,116.7969836819473,128.74651439617574,1188737,-0.061876267849642536,0.05517623733209673,Financials
2003-08-20,123.29500780072544,133.11153674973175,112.37033037237751,122.09099822298585,1553294,-0.05307881275491801,0.05576589111053815,Financials
2003-08-21,119.45650083490055,124.43721911295256,113.79301052428913,118.74402212494306,1140028,-0.027796552124223665,0.054867765979695816,Financials
2003-08-22,110.99882039438641,122.5199724053734,99.30410052922696,110.80515052470997,931642,-0.06919684353432193,0.05122767456542738,Financials
2003-08-25,101.7052726006663,114.5201572367942,89.65807575365668,102.3916567841797,1933932,-0.07896802554384454,0.05401527734236013,Financials
2003-08-26,108.08394996652075,116.59434144768794,99.41332139753317,107.91001767318699,1270629,0.052492477583725716,0.05804750216711877,Financials
2003-08-27,102.52321629599281,111.18082368824892,93.38919125708634,102.002856709503,1829917,-0.05629689030473452,0.056647409796962644,Financials
2003-08-28,103.70839034094607,108.30055563924131,99.94042052003687,104.50369068566624,1542750,0.024221568499403812,0.05605839997771531,Financials
2003-08-29,114.12567686815922,127.66273143305642,99.6872870262756,113.10304134322779,1935572,0.07907688515784542,0.051981131418380136,Financials
2003-09-01,110.2950445241954,114.41014102101555,106.27884625449343,110.3904680721926,1078703,-0.024275483315547252,0.056565037644891444,Financials
2003-09-02,110.17710299242788,112.51439243010233,106.53131608010148,108.84024551578858,1152835,-0.014142620527576642,0.0524221103213606,Financials
2003-09-03,109.20487247482644,109.51492713839446,108.32599236590596,108.63442742088623,1156686,-0.001892801157686328,0.048254162284138515,Financials
2003-09-04,106.68387325959348,109.94663279804544,103.18655259740939,106.44191213293864,1235660,-0.020388958135610688,0.044309239968978946,Financials
2003-09-05,102.653138286284,107.77327263762665,98.59007009519482,103.66995815187076,1478733,-0.02638703670060827,0.04162935790258123,Financials
2003-09-08,99.04062644643167,105.63098889126472,92.929335324181,99.49185477396158,1235623,-0.04113659442273486,0.03988538714091727,Financials
2003-09-09,103.29424457927962,110.90565803103208,96.43235351872178,103.99707741509039,1147140,0.04428701772305268,0.04032999127212609,Financials
2003-09-10,111.41926821490308,122.57449775502788,100.04457888166638,111.1753916478476,1598108,0.06674626222703736,0.041175326928005206,Financials
2003-09-11,99.98234688054379,115.36824152759955,84.98499484846222,100.32021002399962,1989491,-0.10274188877248551,0.04609322690259984,Financials
2003-09-12,96.46795522229755,102.21629185909967,90.66800706414796,96.41307340061516,1648734,-0.03972536181267539,0.0581640164475968,Financials
2003-09-15,100.26417561920668,105.41167207010305,94.64792127137876,99.77004962036196,1113411,0.034226225662401154,0.055164824871699214,Financials
2003-09-16,95.30604660382805,102.3556746073634,87.944768822664,94.96950328265305,1665329,-0.04931221228693934,0.05205997984022119,Financials
2003-09-17,91.90007759611944,96.18167766208933,88.18383942932867,92.44346605435372,1053477,-0.026958542103542968,0.051312253340369054,Financials
2003-09-18,97.58012399663406,107.1700580762464,88.69674275387077,98.22772162433635,1230729,0.060691193239788006,0.04811831588018482,Financials
2003-09-19,95.56654862868226,100.25200175873746,90.40794815984356,95.06900777145229,707419,-0.03268544762638116,0.05004808686699814,Financials
2003-09-22,99.83745269324834,106.41873384955798,92.7916368812418,99.3401348648605,1269568,0.043946641791370596,0.04758255533509953,Financials
2003-09-23,99.74630753589082,99.80187508643046,99.24792680415408,99.30324753092822,759691,-0.0003713925317962433,0.04691455804422656,Financials
2003-09-24,100.91725418073945,107.6810232838388,95.94171252884854,102.62145891730917,1506923,0.032868787353117844,0.043137006097433137,Financials
2003-09-25,108.19258409736649,118.15628285208275,98.81122782460058,108.72846082101407,1995743,0.057806526827650744,0.041841302720513604,Financials
2003-09-26,107.72270767034365,109.23596563187543,106.20180729861282,107.71495637211147,1109178,-0.009365143736531995,0.04474142233167284,Financials
2003-09-29,107.03054427317167,108.47650061385107,105.30702185668731,106.74917699460478,908676,-0.009006502772946285,0.04140762955530993,Financials
2003-09-30,115.00353925036545,126.52869951833259,102.68768503679478,114.12477981189656,1984004,0.06681046712760488,0.03852065669406071,Financials
2003-10-01,123.62681362855677,138.33663366271543,108.84608270376391,123.54632584449878,1639886,0.07932378423101137,0.044233681413428205,Financials
2003-10-02,116.51070180353192,126.64912614378856,106.65707793611755,116.77329413557378,1534223,-0.05638179563413389,0.05107968548079499,Financials
2003-10-03,129.99398682791667,149.5901427747988,110.49488880372917,130.0783850215642,2026555,0.10790283230046997,0.051615341197098916,Financials
2003-10-06,133.15267042837712,139.4398573841812,127.53125717810991,133.79147519972415,1114636,0.028145202206269825,0.063069548438877,Financials
2003-10-07,122.22577407583772,138.67133680235938,106.18307810340971,122.58189793293492,2328262,-0.08750307150150917,0.05831841230102079,Financials
2003-10-08,119.11711412066605,124.15908916425518,114.25927770880368,119.29403746135063,1070251,-0.027188012669846714,0.06300276104250684,Financials
2003-10-09,112.56504453248417,124.0667076540266,100.05193085528148,111.43848439516448,2184253,-0.06811861929436576,0.058192409506083655,Financials
2003-10-10,113.38865719486039,115.68595657058843,110.66539687469624,112.95388764612825,1345493,0.01350693230734766,0.05920394550606065,Financials
2003-10-13,106.37338738144892,115.83671482142086,97.21103405116081,106.65049328273936,1754516,-0.057422591344408594,0.054142878699243266,Financials
2003-10-14,107.9217765984676,109.47575358033667,106.12871982771608,107.6792039810215,1098672,0.009599403264401852,0.05421959194404564,Financials
2003-10-15,106.34019498120628,109.2775519149485,102.79438162929453,105.71445418561987,1580554,-0.018414842630053833,0.04965514678175815,Financials
2003-10-16,101.65645642891023,108.47952888602768,94.30348286378106,101.08842999515724,1516462,-0.04474595250713472,0.04608006994241442,Financials
2003-10-17,111.60522953446285,128.6420540546495,94.86444510429342,111.86265569969522,2145789,0.101276152110392,0.0458151537876264,Financials
2003-10-20,122.62955423735737,142.38947526346612,104.23512110175376,123.81693501170967,1682584,0.10153231381194722,0.05759992622573552,Financials
2003-10-21,121.83410477662596,125.97353670122938,116.9313403276176,121.04392513209196,1123775,-0.02265064686221081,0.06557837153489936,Financials
2003-10-22,113.89408259926309,126.01818269193602,100.74903962029241,112.7515123584399,1678289,-0.07096710567092782,0.06014462586987242,Financials
2003-10-23,119.5367949513498,128.6215487911502,109.59699968694075,118.61142580090439,1317222,0.0506664292139659,0.0612319388058049,Financials
2003-10-24,125.87564997261714,136.82491114297207,114.7596523224105,125.69302818318992,2045510,0.057989829236164615,0.05903002050929969,Financials
2003-10-27,132.79472238557696,142.90873337629998,122.16816024876906,132.2399156325114,1847028,0.05077516540331787,0.05824137447973394,Financials
2003-10-28,133.10004233943852,134.13430013583815,130.5343728098069,131.55663753373835,1344065,-0.0051803529546695535,0.056571757744399515,Financials
2003-10-29,120.21228717607151,136.91439476030038,103.25715817786657,119.91843894782454,2142211,-0.09262562630704436,0.05161701684467114,Financials
2003-10-30,118.28091774131704,122.28446281930627,113.27435430007083,117.242760057495,1572937,-0.02256517875377037,0.05931592652627358,Financials
2003-10-31,135.69255336034507,157.7330486281295,115.3386703562933,137.15917272011262,2064732,0.15689543857187058,0.05469077989537789,Financials
2003-11-03,153.5482160171279,176.95483511092212,130.51598361455873,153.87376966167142,2065215,0.1149904926914215,0.07864662688984618,Financials
2003-11-04,164.76179863045195,178.85193129143724,148.9703076571842,162.90133698464172,1619044,0.05701213419658601,0.0838549673444151,Financials
2003-11-05,191.97397887770003,220.770075709355,160.59225828586492,188.93206857160578,2058515,0.14824280193444347,0.07882183679358004,Financials
2003-11-06,186.91868327858856,190.16742689254238,183.50963625666625,186.75554443291108,1025190,-0.011587012266404626,0.09146963875088394,Financials
2003-11-07,174.41277389122158,191.88548755458106,158.07136333943066,175.4471612331118,1264731,-0.06246259065857477,0.08254389546515865,Financials
2003-11-10,164.95470692847772,179.50607911230202,152.2373872403808,166.65748252959722,1362208,-0.05139721856542106,0.07833282854344999,Financials
2003-11-11,170.5248634570874,176.1911641448848,164.7287026900419,170.3905399987827,1488284,0.022152393001713403,0.07351922696501424,Financials
2003-11-12,175.60660685967204,186.270879663981,166.06770843996955,176.67400072823685,1460875,0.036213134157399365,0.06706467523355329,Financials
2003-11-13,176.47746353910097,176.87688729707486,176.0083570027026,176.40762268896432,1564166,-0.0015088754109213417,0.06240869486033858,Financials
2003-11-14,165.76348101563923,181.8020151004454,149.38571173928207,165.38790695542286,1818778,-0.06450368917824954,0.05671170656123419,Financials
2003-11-17,166.31245013533479,166.734746942025,165.24744948882451,165.66811020214956,1025135,0.0016927849011366184,0.057420231769914176,Financials
2003-11-18,158.10382503909668,170.88283885766143,144.28944931752739,156.9774194667105,1261013,-0.0538844809327233,0.05232682143334101,Financials
2003-11-19,161.79332255479278,168.72863360095764,154.60410850222308,161.5280485104428,852225,0.02857683261852437,0.05221118257482547,Financials
2003-11-20,166.6117361346316,174.9903302234072,158.49425387836513,166.8607173647903,1147366,0.03248063409613633,0.0490234777740776,Financials
2003-11-21,155.24444808640686,172.47816801477333,137.7558738410341,154.95776951935534,2109050,-0.07400681158347305,0.04669999825637522,Financials
2003-11-24,165.49774286128527,182.82553578746953,148.5903715595151,165.87919504923437,1623560,0.06810715767461706,0.05163587022438095,Financials
2003-11-25,164.20368037171852,166.4985709674555,162.33612553245587,164.62621052197824,1356427,-0.007582269512412688,0.0541183722412321,Financials
2003-11-26,162.13397441570856,165.20589078555406,160.39653914553716,163.45430677196,1088019,-0.007144031251244317,0.04951426251976574,Financials
2003-11-27,159.27606568098022,165.33127690110643,153.515142088473,159.5600806506672,1324158,-0.024112949500087803,0.04548610042286364,Financials
2003-11-28,163.03922314278137,169.38860123538052,157.12906486522257,163.4630782456002,1332546,0.02416661121429647,0.0429232269917132,Financials
2003-12-01,169.35861257863058,177.5549815977158,160.6526600264927,168.823112710643,1187384,0.03226435272187004,0.040761826467212596,Financials
2003-12-02,159.30406216479827,173.8802611707721,144.29971148506675,158.83278939559133,1275026,-0.06099948659143374,0.039816698331713904,Financials
2003-12-03,158.523015008562,159.20475231121458,157.69694797403065,158.37806189752956,1187832,-0.002867038171568692,0.04389118564693534,Financials
2003-12-04,164.73566591585833,173.318093716387,155.43268523742037,163.97551031740505,2013781,0.034732117673948015,0.04052631155405805,Financials
2003-12-05,158.88996394623848,166.99734338943506,150.40435878077378,158.49140152888248,966935,-0.0340167465241953,0.039935617464348906,Financials
2003-12-08,148.45716470249113,163.97108640659707,132.37765241977382,147.82557206348724,1948314,-0.06966733124757307,0.03936310062000643,Financials
2003-12-09,140.66698292813507,150.88911214813763,131.0714711490392,141.25358562652787,1531928,-0.04547625689817145,0.045470798418440615,Financials
2003-12-10,141.4645317168967,143.2409779136199,138.3169807133549,140.07599024817304,766731,-0.008371691830516248,0.04543443956151151,Financials
2003-12-11,136.34345137054132,141.34017948292126,132.50977776000494,137.47469774854204,1941647,-0.018745179041114213,0.041975509791194715,Financials
2003-12-12,141.33279399120943,145.76784754563664,135.9757966460544,140.38098213930687,1190920,0.02092014376933667,0.039525460128593835,Financials
2003-12-15,131.86053620393872,144.31621738328184,119.36201928216832,131.8132320640527,1892291,-0.06297401551630712,0.0376225658481862,Financials
2003-12-16,120.79243330142899,136.49516908412022,105.44596766009947,121.10854234610272,1499020,-0.08469882437659809,0.04274605202048604,Financials
2003-12-17,125.20412276368113,134.0519258884718,117.43735762496814,126.22201784474899,1356758,0.04135521508011099,0.05136013627597916,Financials
2003-12-18,126.83853577333682,126.96632556482841,126.01018394652398,126.13726721012225,853226,-0.0006716664916408051,0.04966718182842727,Financials
2003-12-19,125.59816179206122,126.43868162458739,125.41822363028255,126.25779843460762,1084138,0.0009550997626677836,0.04553603881546839,Financials
2003-12-22,120.58836616663802,130.36612937113105,109.91525051863749,119.61400915187869,1095483,-0.05405586799300013,0.04193997493008994,Financials
2003-12-23,118.08976060471447,119.97743504021308,117.00001605961505,118.88039444413292,1211999,-0.006152069067456546,0.04410753594773524,Financials
2003-12-24,114.31921873702746,120.71110616399525,108.67304714771939,115.02983745571949,1485165,-0.03292634811938989,0.04076833299236331,Financials
2003-12-25,113.5123584091448,116.96773413953407,109.28776050692841,112.71898555138104,1280916,-0.020293683018693533,0.03990322342935295,Financials
2003-12-26,114.12040239430324,116.86843487481926,111.62898232410991,114.37153226181142,1349214,0.014554336285315576,0.03788916504242039,Financials
2003-12-29,115.62796561500568,117.58907141591982,113.69358202809538,115.65424813881512,997610,0.011152916606991138,0.035780516594863816,Financials
2003-12-30,114.11358589618928,118.33057630652257,108.6698587851917,112.83977642789434,1564974,-0.02463621590841683,0.03380613001457924,Financials
2003-12-31,109.52813309619953,114.50859311451184,104.49257199540445,109.4704070988794,1088472,-0.030314646885824446,0.03324642855094405,Financials
2004-01-01,102.57983515878693,112.34020054322158,93.47019904037529,103.17748953102377,1169495,-0.05920355337096238,0.03349786084940733,Financials
2004-01-02,105.24959276598942,108.03591286812573,102.23453008668474,105.01462991081893,1159999,0.017648968380215967,0.03903132658456875,Financials
2004-01-05,108.96648441183524,114.38662304272174,103.15570127013844,108.55539159463598,1356512,0.03316089138259714,0.03695238120465162,Financials
2004-01-06,111.63439958398297,115.21926864026992,107.34301442590153,110.90444267963504,1338349,0.02140838946684495,0.03684195283842013,Financials
2004-01-07,115.89165199199049,126.07990580752423,106.76925946558525,116.87973637936697,1337234,0.0524765581736966,0.0354204949442172,Financials
2004-01-08,118.70318799061465,120.5639116089141,116.25618060656693,118.10756761890026,1253567,0.010450287251743426,0.03894557154977003,Financials
2004-01-09,120.49814642458347,123.73131945889963,117.01303617728426,120.23926292082146,585639,0.017887816149048847,0.03646624891892774,Financials
2004-01-12,128.48449300817697,138.9536114589561,116.6072385332026,126.95144154065582,1572082,0.054321047911013075,0.03481129045526875,Financials
2004-01-13,123.3017444513171,128.5758171871736,118.3026973317668,123.566054108679,1390631,-0.02702879910199521,0.03888543675274144,Financials
2004-01-14,126.25299308303589,129.44097653149254,122.49064687263659,125.66375152667459,1355007,0.016833836941776793,0.03767287021578747,Financials
2004-01-15,122.22995163255197,127.59969397168555,116.67547437768728,122.0367281225892,600252,-0.02928765149847014,0.0357477667856861,Financials
2004-01-16,126.68049915181254,132.35569838879488,120.10356850701402,125.73647616336969,1057832,0.02986620816400602,0.03536929803764019,Financials
2004-01-19,138.35937573528594,159.84284336540915,117.60546937499305,138.99377683948623,1972257,0.10024090341358967,0.03513670948530462,Financials
2004-01-20,143.7951679835394,149.18563399485072,137.1688632453117,142.51119688425436,818775,0.024991410058731994,0.05094022467892784,Financials
2004-01-21,133.6741463749811,146.73607099321262,120.47629188788669,133.5234957284508,1817925,-0.06514311092782475,0.04764043218507019,Financials
2004-01-22,141.23787044012658,151.38578381262906,130.01055237977832,140.07490706089698,1351465,0.04789986963543362,0.050519623496493415,Financials
2004-01-23,140.5841719466771,140.88911008169086,139.56910331941043,139.87249777713112,1156585,-0.0014460524765639079,0.04985925704666778,Financials
2004-01-26,145.76671467183948,155.6234608865701,136.25556488942843,146.09114247562584,1548729,0.043499412989324485,0.04570634606661638,Financials
2004-01-27,143.38310219111278,148.1933412341463,138.0673268778703,142.86001738903843,1000735,-0.02236543902094317,0.0453330552265277,Financials
2004-01-28,139.77320943384234,143.56967488545175,137.64738293232188,141.41882010568287,1143692,-0.01013940849910236,0.04265091612529628,Financials
2004-01-29,132.11066765969417,145.04846664447933,120.65848843278773,133.47777776065797,1586952,-0.05779083768570085,0.039632078645566865,Financials
2004-01-30,137.23117595501682,144.43177010124734,130.64504252112297,137.81749735464814,1483467,0.031995321704706196,0.04309905409956199,Financials
2004-02-02,140.5935843631557,145.19197294304425,136.15522442933573,140.74871571067106,675690,0.021045815397264044,0.041708246943137316,Financials
2004-02-03,140.9759077095849,145.2452934645808,138.30083599016692,142.54053239389356,1332790,0.012650254750992497,0.03947279116449882,Financials
2004-02-04,134.2392643714924,148.30189509155332,119.0003704102944,132.92535910222472,1659660,-0.0698386361889079,0.03702006666178034,Financials
2004-02-05,141.33127462824746,151.43155555662943,129.44858437093865,139.41168097689825,1052738,0.047643528558225505,0.04390903704504488,Financials
2004-02-06,141.4765871348719,146.1224651153566,137.45207010198692,142.08076142446316,1657818,0.0189643488692506,0.04452963843778957,Financials
2004-02-09,150.0317872287996,162.5904122277363,137.60082299233613,150.1496799283883,1607498,0.055237024393620285,0.04171639891847582,Financials
2004-02-10,149.05763369179178,150.42763750787012,148.22361721889376,149.59063873226887,519742,-0.003730174484600215,0.04415739666872968,Financials
2004-02-11,149.76609972503158,150.1494351201238,148.95336536068558,149.3355988627698,1006293,-0.001706373675556021,0.04076748305574512,Financials
2004-02-12,152.72411302387275,157.08422422128987,147.85977448354652,152.205067482096,967397,0.019032625174413124,0.037815696429240424,Financials
2004-02-13,149.74547941484576,153.26882602872047,146.51354462618613,150.03073461870179,692744,-0.014388569196608084,0.03603273012550158,Financials
2004-02-16,157.1756415770797,168.5178224958104,145.98913986174162,157.32097697252516,1769681,0.047447987076089604,0.034201472932705985,Financials
2004-02-17,166.74557941575054,183.7848882784589,150.75799878174558,167.7052904656514,1606711,0.06392005789108117,0.03706061686277242,Financials
2004-02-18,169.77802951789704,175.24937656420943,165.26027330257207,170.70690322284813,860283,0.017739854122678558,0.04256357043199318,Financials
2004-02-19,161.48182054641117,175.80287253952648,146.63663668332842,160.90668242093935,1944449,-0.05912348500347894,0.03995661880063781,Financials
2004-02-20,152.30060235882178,165.42645574942654,138.8289771146734,151.92222005913143,1595670,-0.05745590491135036,0.04360691551379295,Financials
2004-02-23,159.0009067424725,167.79423762892364,148.910589134056,157.62799286878675,1382610,0.03686910163639656,0.04600464776388339,Financials
2004-02-24,163.04681518202113,171.25232888382072,154.80277544665788,163.00624753621798,1406914,0.03355074713823422,0.04468827241038107,Financials
2004-02-25,174.2106914438479,190.30065032552574,157.34718891510926,173.35843398568392,944125,0.061572795363764005,0.04320279213025011,Financials
2004-02-26,179.6906498790194,186.71365937896715,170.9804260546595,177.9348105232882,1305049,0.026055926318095883,0.04649587473761382,Financials
2004-02-27,187.1975784630205,201.9899093535678,172.63220986440118,187.40815623297328,1621644,0.05187164178157929,0.04394689737099544,Financials
2004-03-01,187.58990859418427,190.1548837521548,185.9479592601965,188.5049253986841,685909,0.005835244003946963,0.04526216868419936,Financials
2004-03-02,199.67947353087956,216.24031840388378,182.69832627721414,199.22115992996785,809455,0.05529142807441405,0.041761688688143034,Financials
2004-03-03,198.8346799776897,200.8401812961579,195.8901208514076,197.8860540678062,1092412,-0.006724183523361359,0.04420183498956253,Financials
2004-03-04,195.89848931668575,202.10723382149,187.60814659143918,193.7487582009981,783592,-0.021129121605994308,0.040863479658051496,Financials
2004-03-05,195.03785029732168,198.50528829957037,192.18726367786834,195.645815924459,1315058,0.009743703987398078,0.038766288741473885,Financials
2004-03-08,194.07997855053992,196.21144926095226,192.3767987277545,194.50454359982533,1012311,-0.005850439719080035,0.036283619986696006,Financials
2004-03-09,207.82537841882683,227.62465749624428,187.513463976416,207.25876219324013,1381348,0.06351254830073834,0.034034321062820706,Financials
2004-03-10,223.60635838795895,246.3347922823391,199.2462521418008,221.7900696465096,1620213,0.06776323076032903,0.04039485829797862,Financials
2004-03-11,215.20504037772545,226.73920481607345,202.53538555897467,214.0052456008039,1071199,-0.03573077538240848,0.04576214568825044,Financials
2004-03-12,213.62413223402427,215.42697534445338,211.00866001701476,212.8045867178979,1198420,-0.0056262155140602505,0.044349097271628266,Financials
2004-03-15,204.8408312469658,218.1454061994725,190.55057692152366,203.78668418363029,1575069,-0.04330053037282744,0.040966109019508735,Financials
2004-03-16,192.98229746004802,207.89303742235276,180.21943889123776,194.99694069145474,1209483,-0.04408991130892882,0.04151888799262141,Financials
2004-03-17,197.26033682685886,200.73107636458425,193.81223826960758,197.2825888434513,1080616,0.011653292336809323,0.042079002958713925,Financials
2004-03-18,205.37174843617433,219.28387958451717,192.0965269272157,205.96998790077342,1293851,0.04309330635800447,0.03920311053146976,Financials
2004-03-19,218.3772953056049,235.79677823750131,199.8925035285977,217.21964305256483,1327141,0.05317855322373446,0.040100649099532454,Financials
2004-03-22,224.26153963534563,232.48874835506186,214.43155188127756,222.59772216515208,1280408,0.02445718433068176,0.04255165596082602,Financials
2004-03-23,236.10077008021977,251.77088965416584,217.22585458462564,232.6681495108334,1496196,0.044246981401548265,0.04047515064597712,Financials
2004-03-24,237.46869911785166,248.2678868913055,228.11463759780952,238.85905813730287,1518481,0.026260475744917317,0.041282678696082424,Financials
2004-03-25,235.27782838029432,240.30307437178962,230.90305118536236,235.91642308915314,1077681,-0.012396060223917468,0.03958345028179821,Financials
2004-03-26,239.86806210931374,251.5304725832117,230.53855660857351,242.11362734641978,1721193,0.025929547598514277,0.03710160340646373,Financials
2004-03-29,247.68894643107734,255.95227226262347,239.29985395422858,247.5588391861084,1225156,0.02224113739056311,0.036084267985702016,Financials
2004-03-30,244.56484087059172,248.18666761167992,242.68492478594885,246.29346398178137,1101773,-0.0051245198831547335,0.034869180456601694,Financials
2004-03-31,251.37289417344107,258.39624185608307,243.9132678345283,250.92407554427695,1243780,0.018626637545086235,0.03281199326735531,Financials
2004-04-01,254.27458552209112,256.44107142878926,250.20330652632853,252.35342363175087,1109644,0.005680174189776778,0.031833068744263074,Financials
2004-04-02,245.79101480766403,260.2596805445144,228.35862531168618,242.6419171381495,1845180,-0.03924381517952665,0.03025747956068902,Financials
2004-04-05,237.7810101944956,244.31358598645173,232.72426542201924,239.22610916905992,1305802,-0.014177596347552753,0.03261017647865675,Financials
2004-04-06,236.05992979897542,240.3369089092143,232.70854395278369,236.9725661977378,1065206,-0.00946478816924646,0.031319155858746124,Financials
2004-04-07,243.89560636601996,252.70168869664144,233.9812810487224,242.745850347136,1315533,0.024070632682645806,0.02996913330790284,Financials
2004-04-08,240.6163722668856,242.81943601072945,240.572612429791,242.77528354197472,470064,0.0001212437227562623,0.03009033839362578,Financials
2004-04-09,240.31076164103828,243.71520073111867,237.4752284949105,240.8730330949917,1218375,-0.007866295366228926,0.028711408476777552,Financials
2004-04-12,247.53403915964583,257.6254419677329,237.41897599160367,247.50937322534838,1086357,0.027178491874885496,0.0277264814174935,Financials
2004-04-13,247.7284402044628,249.4108931927434,246.58931595356285,248.26928200087823,769846,0.0030655187052396763,0.028736854047106002,Financials
2004-04-14,247.72112141500918,248.34439628244687,247.49600343769848,248.118916806313,971610,-0.0006058371231455698,0.027605344322423588,Financials
2004-04-15,252.72036404819872,261.55894131344917,244.64574689409505,253.4606707692761,831947,0.021300531609352732,0.026640178000918436,Financials
2004-04-16,256.6932074140806,266.8208113170328,248.70861791859474,258.7715730654884,1466398,0.020737049169635455,0.027125931581471082,Financials
2004-04-19,262.6461607720846,273.3697498033318,253.9125785828091,264.5721249256746,1609226,0.02216818288555207,0.027443700781230325,Financials
2004-04-20,276.8644462848051,292.4374082917392,259.23133822721593,274.68151561197124,1440043,0.03749840331831427,0.027861077149364744,Financials
2004-04-21,271.67822682136006,274.88366461405013,271.0766358832666,274.27632058457885,1154943,-0.0014762339628318956,0.030527221191122653,Financials
2004-04-22,273.9886077949658,279.49220518323574,265.1917952672414,270.6278859808815,942739,-0.013391304678838985,0.029083601512335695,Financials
2004-04-23,270.8291415148258,273.9651581784084,268.83315229447805,271.9608285149297,1065133,0.004913280279917605,0.028347552940119758,Financials
2004-04-26,272.0821860932508,275.62734161398873,269.8907335247196,273.4250729282903,1175250,0.005369584830225032,0.0273219335812945,Financials
2004-04-27,274.76951047642024,277.37052416376747,269.13297716572373,271.70498151443815,1007284,-0.006310777065081128,0.02648613429483211,Financials
2004-04-28,267.23587986771963,279.62262674064743,251.2267617079992,263.4374459995794,1148709,-0.03090090766519116,0.02582994645720116,Financials
2004-04-29,270.9428244420451,283.44689804881796,258.88522057487046,271.37027175368826,1749801,0.02966826154067738,0.027874339837302038,Financials
2004-04-30,280.5182327958862,292.45512912393957,267.29901927581454,279.17892397674257,1421365,0.028368676096570664,0.029216671927501058,Financials
2004-05-03,283.53560229027767,287.3324718182142,277.91038122469985,281.68243469598565,565243,0.008927437441758163,0.03006007987907224,Financials
2004-05-04,283.12650622841994,286.3312507171126,280.33761274933016,283.5383009186705,1169303,0.006566895993458023,0.028893625469304452,Financials
2004-05-05,286.4938176522212,291.16177795915513,281.9113359895785,286.5779505863982,560206,0.010663363698841178,0.027826999346977487,Financials
2004-05-06,280.00293703025966,288.799284911739,273.2785056445966,282.02626220955835,1170159,-0.016010382979033788,0.02713907907301596,Financials
2004-05-07,281.6993169449197,282.1872413788112,281.2158336218543,281.7037504464833,451672,-0.0011442065918816121,0.026975424831046323,Financials
2004-05-10,283.2906269727904,288.9663284039428,278.944265422952,284.59987975829483,811022,0.010228274749228638,0.026121546990197198,Financials
2004-05-11,300.28492117964066,328.04562372785585,274.0377020541281,301.67674818285155,1575260,0.05827181070209998,0.02572082452762198,Financials
2004-05-12,311.511109869006,335.4375072743212,291.30722431722535,315.0068933427802,1331536,0.0432384483499944,0.03374298801054498,Financials
2004-05-13,300.98872460096663,321.9528336497598,279.7693056952183,300.7143009112082,972899,-0.046433874616811976,0.0359347450841257,Financials
2004-05-14,305.37063729602704,309.7469829350869,299.2501593765037,303.60114597749833,915898,0.009554172546540368,0.03816360085471953,Financials
2004-05-17,305.21318434422676,305.4023977917894,303.28755953665524,303.4756958479559,1212441,-0.0004132924291789612,0.03576116155993873,Financials
2004-05-18,306.13441745111584,312.57980893724795,300.6762782645505,307.10437613968804,987264,0.011886149515649484,0.03351289546559106,Financials
2004-05-19,313.1776552506984,319.5629783468862,304.96001890591964,311.3072057422358,1485934,0.013592547210041514,0.03193248209169408,Financials
2004-05-20,288.3292461834803,322.6017930959028,253.4054164157559,287.5901045066018,2193795,-0.07924400632512299,0.03071579937064428,Financials
2004-05-21,287.40993234367977,290.39302702068255,282.64261538960494,285.60699698024433,878755,-0.006919488719305762,0.04238761783293037,Financials
2004-05-24,292.693513250835,300.97200958483154,282.8116389532349,291.0434656045346,1715590,0.01885589296018308,0.03930076354297631,Financials
2004-05-25,279.46255986460693,300.7124451791868,255.62092690002802,276.6575215989447,1325606,-0.05069226524148098,0.03726891086344798,Financials
2004-05-26,277.2202656727413,285.26955451706453,272.0933906550263,280.08961414723575,1523110,0.012329245375269573,0.03995789329850867,Financials
2004-05-27,270.98997521463497,285.18395442435116,256.31083936706483,270.4780023361142,1383217,-0.03491882974262297,0.037418018830672264,Financials
2004-05-28,280.29913305491846,292.58768330078,266.29030980626385,278.4999838338438,991120,0.029227228572873406,0.037456444133942814,Financials
2004-05-31,275.0410933459091,282.65397955294054,265.84034077838044,273.4080251495855,1186205,-0.01845272431698539,0.03674945984956774,Financials
2004-06-01,285.13983500464747,305.5764529697129,265.7301095578622,286.10128102609593,1925618,0.045380600589576006,0.0350926444514487,Financials
2004-06-02,300.82815762759765,322.2330314872909,278.65372964524755,299.99965276647134,1931646,0.04743543961774755,0.037337712733337435,Financials
2004-06-03,305.63716787245403,319.47554764395113,293.9722711791798,307.7307477341417,971957,0.025443887762896123,0.03940560840140815,Financials
2004-06-04,309.4876066867631,315.0045801666357,305.13123649486573,310.6321000030937,1386333,0.009384048769157013,0.03793877030771729,Financials
2004-06-07,308.8074967348332,311.3593208062391,308.37405181247834,310.92290667585877,1540117,0.0009357392052500471,0.035562470241318624,Financials
2004-06-08,318.5966949260367,329.2395105449133,307.30452473009115,317.92489880333574,1000238,0.022270194655445295,0.033344906251341816,Financials
2004-06-09,305.2415578388386,327.73223231878745,280.3831133737629,302.68544982503346,2002781,-0.049121040702291924,0.03261748693304457,Financials
2004-06-10,307.159950384645,314.04020240353566,300.32798493782354,307.2071863175885,1008907,0.01482824705991363,0.036236057443012476,Financials
2004-06-11,303.02673823601555,308.81606016540445,298.1623282654778,303.937037397517,1288069,-0.010701827829571665,0.034400916032005825,Financials
2004-06-14,308.8088466701923,316.4477880103202,301.28068657497056,308.916991552835,1565497,0.016252038926120923,0.032617752634216866,Financials
2004-06-15,314.56214252245394,322.8529989007312,306.10660773065734,314.39300621445716,1178680,0.01757121038531719,0.031476237782079225,Financials
2004-06-16,295.29541755640435,321.7573605975553,272.2098183476178,298.4269449066274,1704211,-0.05211865324521902,0.030641719127554756,Financials
2004-06-17,279.5948885805431,306.55230180376935,253.6634762512326,280.5338080934087,1565814,-0.061830916535372496,0.03547654243705087,Financials
2004-06-18,280.86654376689,282.4676063528963,277.87662064976325,279.4697207313306,502235,-0.003800292633726576,0.040991796576521584,Financials
2004-06-21,265.7789282570564,284.9327351252007,248.77835968347935,267.80271489161174,1691044,-0.042643382064596766,0.038031937143301484,Financials
2004-06-22,267.4014148864451,267.855353597476,267.2436112654596,267.69737531912017,514812,-0.0003934250461427151,0.03911408057699559,Financials
2004-06-23,272.18620868066284,281.7333127622973,263.7637522391196,273.27710007250477,732444,0.02062915306490234,0.03638615474321247,Financials
2004-06-24,279.35870183443694,289.761237218026,269.4380629238787,279.8240719945658,805610,0.02367479240945631,0.03497136112626842,Financials
2004-06-25,274.2330386744509,280.162571021797,273.23297599868937,279.14459706063536,918526,-0.0024311747910838776,0.034095032608339446,Financials
2004-06-28,285.0713099608771,293.6159222580498,276.2428379907356,284.7786790883359,1071810,0.019982397382945744,0.032107064494916134,Financials
2004-06-29,289.7425311192569,299.1616708472136,281.10103085656175,290.4976493671054,1243670,0.019883170595893254,0.03137810228742422,Financials
2004-06-30,278.07162301337,295.74663232452286,261.7495949709131,279.3495911215261,1396056,-0.03913147235373027,0.03077286651369766,Financials
2004-07-01,276.13189792484354,281.231780814739,270.83496404422516,275.9311391176256,1059802,-0.012312673588772983,0.032973720901067524,Financials
2004-07-02,287.91590424811477,304.4197555146742,270.2467890683274,286.67978370895986,1075535,0.03821451801967162,0.03150481400809642,Financials
2004-07-05,287.0932823511518,289.6108846512078,285.33782062940116,287.85079106368227,831408,0.004076402641385994,0.03336307918446931,Financials
2004-07-06,288.9682236946258,290.823710391429,287.1834379449789,289.0384906444067,1114580,0.004117605566516199,0.031511404299230154,Financials
2004-07-07,280.2099307252362,292.0213740970861,271.1488104509857,282.87410276038304,1636143,-0.021557932775136512,0.029948590652447125,Financials
2004-07-08,288.86194707132177,294.69080371529293,280.9198311512672,286.7051667873123,909071,0.013452462218412797,0.029786677147423987,Financials
2004-07-09,299.2420016770001,316.0593445409187,280.9228669880407,297.6507837085834,2172117,0.037466538274866894,0.028929953670003863,Financials
2004-07-12,298.77096575336776,301.44269912385374,296.49651023841415,299.1652420990094,879455,0.005075137314003392,0.031306788385654725,Financials
2004-07-13,291.28714113997756,304.8959901324584,276.4426268866989,289.9909166550164,1124869,-0.03114646928622028,0.02979858305411066,Financials
2004-07-14,281.98091455610927,293.2329130119988,272.0649458576822,283.2715583227812,1901676,-0.023443593015356392,0.030917306221205695,Financials
2004-07-15,275.66639919003126,286.3868163375354,266.13828522452957,276.8188685040049,1053505,-0.023042619614377903,0.030775707419994323,Financials
2004-07-16,275.12075612261367,280.19003972726733,268.40098497725717,273.43928637932646,859668,-0.012283778406004022,0.030616330308592045,Financials
2004-07-19,277.28521537934876,286.0219450382773,269.7398552450505,278.4450246963006,1426516,0.018141032447944978,0.02953847367487056,Financials
2004-07-20,272.9181780155359,280.3286079189092,267.2223746501675,274.5977518416952,1040660,-0.013913335752090365,0.02910982137311093,Financials
2004-07-21,292.48858968536035,316.49959446097586,266.23440686231584,290.0447954158081,1192867,0.05472807173194906,0.02840673330501239,Financials
2004-07-22,278.78228347827144,294.9076883799714,263.6938814185536,279.7660427795164,1308935,-0.03608168561135473,0.03456628809945153,Financials
2004-07-23,294.7871044512166,320.5567295038261,270.1274339044349,295.811376099749,1923422,0.05576831590081201,0.03537153974402194,Financials
2004-07-26,288.83170496625957,298.94626901141976,279.22868482132657,289.326788428188,912166,-0.022165203195761304,0.039590812290887054,Financials
2004-07-27,302.329809650436,320.64362461494864,283.00161368480116,301.25001970648776,1460960,0.04038374512410279,0.03778412853551357,Financials
2004-07-28,315.57100832012304,340.75925108752335,291.72233553165336,316.8164559841648,1823119,0.0503820527650774,0.038558258854463894,Financials
2004-07-29,320.26142072923534,333.66685298711036,310.21108207672984,323.51442948298484,509242,0.020921114235615976,0.04086739711351496,Financials
2004-07-30,303.70702167862316,331.75507438611277,277.6057070497325,305.4996932358647,1337623,-0.057294942748059734,0.03875266791584728,Financials
2004-08-02,310.1070583092118,320.31500734400765,301.22081224435084,311.39194239406515,1223902,0.01910360917142883,0.04235353569836015,Financials
2004-08-03,309.6983326007952,312.8979205235824,306.0595845203144,309.25458798211724,1410706,-0.006887536646640637,0.03987229328027194,Financials
2004-08-04,314.96148557608825,323.10689880417834,306.495789112928,314.63269939891427,861573,0.017241077827217482,0.03713429063953205,Financials
2004-08-05,328.34292224213334,341.74924217869585,310.1136624130019,323.3146779334971,1327764,0.027220159226651847,0.03532354240075046,Financials
2004-08-06,316.90472482777903,328.7536570645524,303.5642280244656,315.3552251296829,1089083,-0.0249263817765474,0.034775604645192505,Financials
2004-08-09,313.28999804034703,318.0796097613621,307.3851286612018,312.1574254893085,625532,-0.01019207284193454,0.03406864862335336,Financials
2004-08-10,302.14632494761645,315.8226501286761,290.95886063665165,304.5463219826776,1063934,-0.024684429115384005,0.03231284585949539,Financials
2004-08-11,306.0218963300819,306.4919837722011,304.3900621412655,304.85836225128367,752506,0.0010240823674310497,0.03204206863085574,Financials
2004-08-12,314.4801556051808,328.74906932300695,299.96366535460834,314.22081186424435,1541056,0.03024867857531908,0.030356426690568643,Financials
2004-08-13,311.1055182400118,317.68970463756983,303.2615805411196,309.81852931518387,1408442,-0.0141092244946477,0.03121630177437487,Financials
2004-08-16,320.085151572911,332.7476282418129,305.514246670852,318.09811681541674,1113744,0.026373141869026513,0.030156699579879872,Financials
2004-08-17,325.12752796353186,344.14425968432744,309.5580200591722,328.4172171588597,1254917,0.03192492497099176,0.03052658866377754,Financials
2004-08-18,330.5214607172966,332.2108609063466,327.8538479539637,329.5382225001209,1206189,0.0034075451265882096,0.031597123563997014,Financials
2004-08-19,338.2004663781284,345.1554576385565,327.21683355766305,334.0872374985768,1585674,0.013709800255276272,0.030007403729467443,Financials
2004-08-20,318.7804119714299,339.6415822590373,301.6833931104483,322.3529584790318,1478301,-0.035755059426327715,0.02912986811371691,Financials
2004-08-23,304.5091153051495,329.01660634740233,283.7948978171352,308.06078659573984,1272904,-0.045349966983761196,0.03115450231098335,Financials
2004-08-24,320.85498778052335,342.4559686176225,300.0917609323463,321.64182388693774,1668250,0.04314145567089198,0.03442347073161404,Financials
2004-08-25,318.3576350297164,323.1492796523004,313.7947307157554,318.58314321150374,890034,-0.009555091113248695,0.0364301804741448,Financials
2004-08-26,312.96992081474815,324.7453626860857,299.0017249857457,310.69143936680115,998313,-0.02508322384609726,0.03428441926634287,Financials
2004-08-27,305.200903231636,315.594103365331,293.37477024287733,303.7174535217401,1049451,-0.022702423275173897,0.033685491555287106,Financials
2004-08-30,310.7193158609608,322.6020964603838,299.3516176905257,311.21621903611185,939557,0.024390068657166825,0.03294055063962697,Financials
2004-08-31,310.0305725079591,316.68018779467025,306.7828835906774,313.3972318323113,854363,0.006983588513029286,0.032516076308783934,Financials
2004-09-01,304.60894400532385,319.28444540117573,288.8695790344202,303.4912310666383,1238616,-0.032118779798742864,0.030873155833066775,Financials
2004-09-02,305.42204622416074,307.8728119535381,302.6707614824617,305.11909628275816,929436,0.005349462619950334,0.031894573256876786,Financials
2004-09-03,311.0248506070383,326.7652160468605,298.0769602548989,313.7057216716809,1128085,0.027753174335037985,0.030300223681335437,Financials
2004-09-06,308.77640029839597,314.7201819383147,305.7412123724014,311.6566816312044,1272993,-0.006553151780298876,0.03082237250702516,Financials
2004-09-07,311.14850031225546,315.3449713161998,308.94745692606824,313.12991156123525,1276572,0.004715954780388061,0.02943563295238955,Financials
2004-09-08,310.52657550744976,315.2369559246173,305.2772101042787,309.97928872329436,680253,-0.010112672663566271,0.028222353273067803,Financials
2004-09-09,313.228289563577,316.09929295639125,309.020598539821,311.87923671714145,321056,0.006110566400445359,0.027432478956083042,Financials
2004-09-10,317.88982173483595,329.1320598381143,307.5208218376253,318.73547619822176,712052,0.021745479488508277,0.02660138294526976,Financials
2004-09-13,328.3653216617244,337.5882069465325,315.63835591666873,324.75997691183716,824427,0.018724846335040967,0.027148420606150945,Financials
2004-09-14,322.69322238995113,325.6436568135286,320.02983758651226,322.9779222081211,1056777,-0.005502408311549696,0.02724375843505113,Financials
2004-09-15,325.32290850651884,329.07673840038393,321.65913240962834,325.41195941503554,1143182,0.007507978485560828,0.026425733168977304,Financials
2004-09-16,330.21352876519023,332.6655078225871,324.5985202341582,327.02683671724094,1104944,0.004950289926169639,0.025828491244270085,Financials
2004-09-17,320.5947053274398,329.41820783026,313.34502307035063,322.1337234013375,636772,-0.015075487599802333,0.025246080359478375,Financials
2004-09-20,322.49111673358993,330.20133448030333,317.6835775144182,325.35115915307557,1472620,0.009938339321024382,0.025376804522428763,Financials
2004-09-21,332.34371004621016,343.00016289728126,321.7099643803075,332.36571321300113,1294245,0.021330819759708207,0.025099827777987273,Financials
2004-09-22,345.5775184217775,367.1794958907694,324.5539001401232,346.1227102193639,1469154,0.04055745751376287,0.025927816420417495,Financials
2004-09-23,365.11444920915596,391.7538363211459,336.86224655287475,363.3746984119146,1242394,0.048641162918807754,0.029741174076720625,Financials
2004-09-24,365.3824319252935,371.51030180271744,360.5089095289744,366.6202689614735,1511454,0.008892094000687162,0.03409581144192845,Financials
2004-09-27,345.5051046087251,375.3455032353622,318.0077089197608,347.67538355975915,1512459,-0.05305738433802956,0.03227816423937999,Financials
2004-09-28,342.13072046525446,349.584268206963,336.3667633785289,343.7923177973789,1089605,-0.011231490854114312,0.03682073891505329,Financials
2004-09-29,349.2719942244251,360.5498242998462,339.2131027811043,350.45681062583105,1611506,0.019199728978475227,0.03469200786090831,Financials
2004-09-30,353.436264430087,359.2743810723738,348.1432145624587,353.97328874625526,1299012,0.00998397806586775,0.0334383427589361,Financials
2004-10-01,359.03350704792405,373.95324007044707,347.0882914449467,361.9122474060863,1329504,0.02218031719136614,0.031771845805276006,Financials
2004-10-04,352.2806026081564,366.21163187273834,339.0752358422491,352.98004620857984,1693783,-0.024990242944856213,0.03132658805720517,Financials
2004-10-05,366.4095959005146,384.7726903896659,346.68156254397553,364.97264222679456,1769067,0.0334108689557667,0.03128515513484157,Financials
2004-10-06,356.44848415057504,370.52462197386524,341.45124688022526,355.48951504813925,622037,-0.02632664269720771,0.03241067216374562,Financials
2004-10-07,358.86664897673415,366.853485121365,352.05289289748964,360.0178709351056,621636,0.012657916431582815,0.0323160200742697,Financials
2004-10-08,370.6861114605905,391.0164115468608,352.0436479980798,372.29312834848736,1341113,0.0335278517073021,0.030975692889922933,Financials
2004-10-11,367.1543219864805,373.94938727603073,362.1641753867017,368.9350382236483,671290,-0.009060943043930878,0.03219025265549626,Financials
2004-10-12,380.7593566142904,397.0302700214166,363.3753758029339,379.5966014251986,876904,0.028488533285707395,0.03068036825311181,Financials
2004-10-13,368.8455822911052,383.3301021624907,357.50273325719706,371.8935219808474,1272394,-0.02050153158665361,0.03122126640981864,Financials
2004-10-14,366.24321070921945,376.54185350572925,354.72346527011877,364.9867775655687,1188368,-0.01874645498832472,0.030706040132131643,Financials
2004-10-15,374.1313191330936,393.714782585688,356.8923224732144,376.3725173497878,1112683,0.030718263487134228,0.030116493100479945,Financials
2004-10-18,381.982084690385,391.2417105429998,373.0400447553604,382.2924061139749,1276224,0.015606386256347783,0.031098943423961457,Financials
2004-10-19,383.1368424470664,385.5626324983474,381.17573450812625,383.5991581698208,649169,0.0034123716327472842,0.030170338404909427,Financials
2004-10-20,389.6722951202721,392.5061924485881,382.6602054597388,385.4634942234576,947611,0.004848342849113308,0.028808785076733085,Financials
2004-10-21,377.63466651225895,390.5371481111758,363.9093812846447,376.78275602346554,1117830,-0.02277771391784725,0.02770348068989349,Financials
2004-10-22,366.0756051821761,381.41914222901676,351.8340564537462,367.1363278879963,1177920,-0.025935532672898165,0.02813911710709373,Financials
2004-10-25,369.29514535853974,371.20868642178704,366.4978197405065,368.40675753016336,100000,0.0034544024155159126,0.02888504297222757,Financials
2004-10-26,366.3861085336151,371.0970911033277,360.5657455951785,365.26227798237915,1197267,-0.008571981779126232,0.027735653956833164,Financials
2004-10-27,349.03456214784813,372.0306775508748,327.9767115211784,350.86254179344684,1420984,-0.0402211374084492,0.02695245872038035,Financials
2004-10-28,339.30861567692216,356.87310485503014,321.4142225966497,338.9607018313208,1303042,-0.03451035108174646,0.030394226573865115,Financials
2004-10-29,327.84475301103015,342.1982600462445,318.06619254329576,332.2871957203322,881815,-0.019884534530292167,0.03190128299906712,Financials
2004-11-01,339.90884341344315,355.14187459241856,326.18088480477877,341.35549001159825,620259,0.0269247846389345,0.031200363661537858,Financials
2004-11-02,350.11916373060694,362.5898595437731,337.1074771642995,349.55819204533896,1284098,0.023745621691174747,0.03142469981189511,Financials
2004-11-03,350.0755226458627,355.2891120538257,340.95032008000584,346.10477409794026,1264239,-0.009928504128783076,0.03121838543293414,Financials
2004-11-04,348.7409828431779,357.58540877337725,341.8727129912782,350.6789712610121,1163235,0.013129648630921417,0.02990746312154672,Financials
2004-11-05,365.4669407215874,394.5104124273703,339.0965900533406,367.9601627533692,1592357,0.04810348576021758,0.029007296173015854,Financials
2004-11-08,352.26048987273543,373.7842009451906,334.3423711208451,355.69155716709514,1384616,-0.03391073607368192,0.03346984293894679,Financials
2004-11-09,364.1680547735038,376.54861845832335,351.4756128772481,363.84520053774503,1662634,0.022664561086629283,0.034185889080804235,Financials
2004-11-10,356.7934759600321,365.5896638908935,351.5597328693283,360.30441936580286,1214303,-0.009779220461026781,0.03334654943443883,Financials
2004-11-11,348.3905365026954,365.5354118224726,332.2354518634378,349.33646394280936,1419379,-0.03091374563237724,0.0316849942444461,Financials
2004-11-12,352.92440970252323,354.9843708190511,345.9486593443708,347.97975935873916,1186177,-0.0038912225203582155,0.032349652835385496,Financials
2004-11-15,327.0726163904478,356.5462717730518,300.02991914181786,329.31792972932504,1865903,-0.05512067941174944,0.030650795630153115,Financials
2004-11-16,311.170522110823,336.8368095510011,287.5320595875158,313.05517684558646,1852639,-0.05064417705326726,0.03615688610805775,Financials
2004-11-17,287.3503109282261,323.71381997101093,252.6753148566837,288.85700843536705,1768391,-0.08044767368798487,0.03912264345408231,Financials
2004-11-18,286.3309345629842,290.5337725660478,281.8455534520688,286.0441824347418,1073148,-0.009785502241728777,0.047908654906389035,Financials
2004-11-19,295.77226904521973,312.95884921833397,279.55645356876647,296.69257751623275,1104523,0.036550227260541635,0.04416508553223928,Financials
2004-11-22,300.0064184018909,304.2980287191579,295.2507078516315,299.5355828371068,1064017,0.009536707781404643,0.04313735841443696,Financials
2004-11-23,300.7399497703005,300.8253430356784,299.507221671757,299.5922890659123,400329,0.00018929591372454885,0.0400288355073772,Financials
2004-11-24,298.70299024659715,302.8846287945211,296.74034166968306,300.9074953648456,716177,0.00438037926412849,0.03717326341071998,Financials
2004-11-25,319.86907527760053,347.84737443056025,291.07552795721955,318.9756839861832,1618222,0.05831198098509222,0.03476146384226158,Financials
2004-11-26,313.57865974423277,324.7392670311764,300.40981174652825,311.49630577955617,176430,-0.023727395429367165,0.03970806673367958,Financials
2004-11-29,304.853912302757,314.16740086869515,296.7255077526278,306.00821872575096,1213375,-0.017775518528924616,0.03802410873459513,Financials
2004-11-30,284.45422308632294,315.3738027704473,254.22608685746619,285.0792470352481,1781486,-0.0708447587825839,0.03611179357071693,Financials
2004-12-01,295.4785051472638,308.09877225195487,280.7855316438262,293.3133209456334,933256,0.028474191037802122,0.043544187728784566,Financials
2004-12-02,304.15315013609063,333.12930102806126,280.3945127891184,308.9926320979001,1625950,0.052076039842300186,0.04169525106359588,Financials
2004-12-03,321.0088768387487,335.0139791199992,304.23313392122924,318.1118432760362,656267,0.029085597090379237,0.043561247202686476,Financials
2004-12-06,324.2978544102892,331.06743174750153,315.83625100154876,322.56975501183297,1275512,0.013916378097376628,0.04177273752100082,Financials
2004-12-07,347.80855464883916,385.0754900409531,309.33258799991586,346.45443208400354,1870674,0.07143189338694311,0.03905149314560348,Financials
2004-12-08,359.6387359573694,384.29235559863105,336.8568149163089,361.3989319780364,1012229,0.04223112207386737,0.0456660990500331,Financials
2004-12-09,361.0801043871376,365.20144972693754,354.56566328434457,358.6593786141769,1066635,-0.007609290920445648,0.04512021977673236,Financials
2004-12-10,347.4947829395712,361.1213274692842,340.1325804747149,353.6291589716668,991161,-0.014124341479464375,0.041681561659891064,Financials
2004-12-13,330.02081993730405,369.06855314999297,288.1394290918453,326.8068937769325,1502217,-0.07887933296674446,0.03898469724468972,Financials
2004-12-14,307.175522391817,338.1765722292322,274.705882528338,305.5420806610767,1959670,-0.06728194485468988,0.047425074283546205,Financials
2004-12-15,298.404657617351,310.5929430649318,285.18988587163875,297.3344592565069,1938370,-0.027229882055460345,0.05077734880982199,Financials
2004-12-16,324.6818170205848,364.972736278134,282.8992078063943,322.9787927347752,1709130,0.08272903325739116,0.04768533624959151,Financials
2004-12-17,282.8126164578889,328.0939409234294,240.39072398920555,285.29907906385165,2153804,-0.12404863364206446,0.054274551828132726,Financials
2004-12-20,287.66262437595594,287.93706317923755,284.8456699659796,285.11768081649404,753944,-0.0006360200689424962,0.06902746632453781,Financials
2004-12-21,267.77859254340467,292.2115621593056,245.37080896747895,269.64739656747815,1509961,-0.0557868433098478,0.06254513221648329,Financials
2004-12-22,264.9242253386139,272.2722431053123,257.36519934695315,264.7071975662696,941466,-0.018490866604860334,0.06079753805997022,Financials
2004-12-23,258.36438173938785,266.59358469496885,252.6752123807863,260.8496890081295,1206815,-0.014679963030766399,0.05575266208435821,Financials
2004-12-24,262.1434683731163,264.25721075397416,260.0973528180197,262.2105714375011,1250243,0.005203551494899449,0.05117629002557539,Financials
2004-12-27,269.47841318206196,279.002561974998,258.9738895944608,268.4621196251516,1260825,0.023561933787751423,0.046896392940709804,Financials
2004-12-28,258.3286599271296,271.95380318133215,247.67218616454954,261.17971864928955,1390108,-0.02750107496289432,0.04407598036632109,Financials
2004-12-29,271.2586315015821,283.8174267433043,256.8956488225983,269.3668583088371,1265273,0.030865488463172868,0.04204283535656305,Financials
2004-12-30,287.8853925630805,316.17517929221367,259.34222534848504,287.60439959214483,1594085,0.06551168731247671,0.040706040836291035,Financials
2004-12-31,269.61172058905026,295.26926468705375,245.2131468253513,270.7662147156919,1878760,-0.06033015110370012,0.045490137223708094,Financials
2005-01-03,276.9966473810852,292.5402543611911,263.96341644112056,279.39421328295134,1332316,0.031367963146099895,0.0479733377777149,Financials
2005-01-04,274.2826875377967,282.5261920782269,265.6212813791526,273.8518367973957,443570,-0.02003651686132343,0.045702792877657314,Financials
2005-01-05,262.7827053911419,279.16059542728516,246.33333132856313,262.7064700065699,1645620,-0.04154989325182918,0.04279270408194077,Financials
2005-01-06,265.127029048903,266.8760512577729,262.12369103953256,263.86438367594366,894841,0.004397947693587153,0.0427075106099782,Financials
2005-01-07,269.27026448837773,278.4949184815667,260.46713466368294,269.67844422315267,1572089,0.021795028974380112,0.039522733478195175,Financials
2005-01-10,277.58798418368025,286.80894611834503,266.55839243332434,275.7172107165649,1010112,0.022145439668510656,0.03769470337421254,Financials
2005-01-11,289.8918236912948,310.66311699475193,268.4850346686911,289.20727906474434,1448671,0.04776791802074977,0.03619772927536537,Financials
2005-01-12,302.78818106965986,322.3500678789227,282.42892892247204,301.93574326564607,1534635,0.043070564467777565,0.0386068204150468,Financials
2005-01-13,287.2463691856471,309.3315030857098,264.79472414197056,286.8493315298383,939708,-0.05125712342956047,0.039631430640133185,Financials
2005-01-14,292.2331259017817,310.3104432353647,278.25415526961547,296.1443778775882,1078372,0.0318899978433988,0.04184034107184034,Financials
2005-01-17,289.78679715596905,298.69469989395054,282.02581237468235,290.90379987434704,830874,-0.017854470614154332,0.0406575590410214,Financials
2005-01-18,295.33707570014974,306.4684458324701,286.0144409753944,297.0904635217312,1518394,0.02104405551443068,0.03834380007088588,Financials
2005-01-19,281.36342962999777,303.3490758059424,261.8195663970435,283.6466193018569,1074333,-0.04630751826005506,0.036641853719142276,Financials
2005-01-20,255.0225187162106,293.2758965236422,216.43680119497233,254.6315308176145,2267432,-0.10791164216019727,0.03867503448338238,Financials
2005-01-21,241.0930656479587,260.8164666495657,221.45910882144415,241.17577426087016,1405448,-0.05429150156530239,0.05516652074301245,Financials
2005-01-24,244.80785461190752,251.24440503051122,238.75609048416916,245.18335827736033,1499081,0.016480310343342994,0.05456016019078081,Financials
2005-01-25,246.5213728683789,246.77119072545108,245.10042567889613,245.3490555424131,1118493,0.0006755813344307079,0.05022139940689492,Financials
2005-01-26,247.31523934470115,253.0040480163419,242.73101305863239,248.39971983924931,924791,0.012357309098610004,0.046019774317464957,Financials
2005-01-27,252.83947624643403,259.60423365568766,246.09339401437842,252.85766609508826,1395970,0.01778752361565682,0.04262817338108817,Financials
2005-01-28,253.4010902843172,259.52567808806117,249.42511674893035,255.5165126538238,723258,0.010460290524469304,0.040014851394240165,Financials
2005-01-31,249.1219045364579,259.382813398806,238.35653244764384,248.59577075144566,1250991,-0.02745886966848779,0.03738132310875238,Financials
2005-02-01,247.87308031056492,251.2625987098695,242.97125048770633,246.3398022119693,1079473,-0.009116274062671617,0.03648272306735622,Financials
2005-02-02,244.51788517092226,247.47445203118826,241.407370607808,244.3620532397562,1474592,-0.008060942340200978,0.0343111823440316,Financials
2005-02-03,242.4672395260629,244.56122671258737,241.87240852381686,243.9627269167131,974363,-0.0016354951797714356,0.03242765186978723,Financials
2005-02-04,221.82208379166502,252.66279784373248,193.5019514750923,224.05729503122933,2106447,-0.08511365454839306,0.03068620718340653,Financials
2005-02-07,231.7752600173535,243.99077753628063,219.7417424712651,231.94827713121384,1429117,0.03461260287282153,0.044045031247915346,Financials
2005-02-08,221.41350809563386,237.1794981163516,205.4443660708257,221.19478142038201,1835833,-0.04747072617300299,0.04279809182368555,Financials
2005-02-09,210.90187502394485,226.84425714572475,194.42533277564266,210.3240351323366,1658632,-0.05039431131964362,0.04362753496941731,Financials
2005-02-10,212.16856911411165,215.52312147985486,209.04637439242367,212.39755705573802,852009,0.009810421762671644,0.044761897167271164,Financials
2005-02-11,229.0725474180462,253.49062214088505,203.7324628565703,228.04052920852655,2119998,0.07106358516275936,0.04144078433964434,Financials
2005-02-14,221.7978558900566,232.7550021507676,209.75193084469768,220.65249453930974,1818581,-0.03293433177924064,0.04723744124924256,Financials
2005-02-15,223.53105156000524,228.90216765656257,218.57566203279507,223.9377618959246,1555901,0.014779123504696982,0.04525263766988924,Financials
2005-02-16,214.0486768601292,228.26102132524957,200.5428785629499,214.71328814621282,1330037,-0.04206456990779004,0.042083302467853995,Financials
2005-02-17,215.3113351762058,216.54603972370143,212.66742832008632,213.8940051775408,1392075,-0.003823005251086525,0.04221632010857664,Financials
2005-02-18,206.38533819841138,218.93838232079685,192.90156391913817,205.39433172492147,1685036,-0.040548888572428256,0.039089211455084705,Financials
2005-02-21,212.02172604352847,222.93302508121477,201.44470947148903,212.34012472143536,973604,0.033257650114177334,0.039610667962218724,Financials
2005-02-22,217.64920811482668,228.42574339420986,207.98836063901,218.7174783517885,1550530,0.029591492841452863,0.03900147057224982,Financials
2005-02-23,213.8026990732597,221.33664868355808,206.11107897590068,213.63926968424406,1265659,-0.02349190676873194,0.038055751637910376,Financials
2005-02-24,214.4754582249336,216.05750377289462,211.02311652162908,212.5912635949087,843904,-0.004917565117720326,0.0366247544527697,Financials
2005-02-25,198.85820931951662,219.57404765180613,177.66737237766878,198.32797402286837,1645316,-0.06944927712791976,0.034303432451922244,Financials
2005-02-28,175.8433163603327,204.4750490001997,149.46681890628278,177.80439043495628,2364119,-0.10923807889406488,0.042010245136460025,Financials
2005-03-01,172.39186426299437,179.90883158788841,165.9548654064922,173.43295894068584,1151820,-0.024892894971277606,0.057461571847716296,Financials
2005-03-02,168.96917527891028,176.1667704810704,161.39618167157838,168.57707452244367,579300,-0.028398060140375107,0.05323921697748633,Financials
2005-03-03,163.2275045705597,170.51917457889184,157.30343323705563,164.54720684204665,1951127,-0.024195560052169232,0.04988485594307303,Financials
2005-03-04,161.06304331512916,166.59985768328596,155.29060580889197,160.81903187119693,1498938,-0.022917793571981256,0.046675613021198104,Financials
2005-03-07,158.31243631155215,164.11917072311402,151.1780877875344,156.9342725969763,1651359,-0.02445263533659684,0.0438369030618599,Financials
2005-03-08,165.53846736583665,178.13312882694984,152.5383497182671,165.09962255422138,1626649,0.050721992946325234,0.04155753797182419,Financials
2005-03-09,164.8928580371268,165.61315420003154,163.9004202255259,164.61952238510213,1582011,-0.0029121785361277837,0.04321494249782993,Financials
2005-03-10,155.71596498237716,169.7762424621505,141.00655739250496,155.0024043532545,1821721,-0.06019625746730408,0.03994117075958766,Financials
2005-03-11,150.9509074780921,157.3150154606162,144.35264531794118,150.70644680999607,1498549,-0.028106744940449086,0.0438152497342846,Financials
2005-03-14,149.2416736438302,151.59723650316016,146.7751885898655,149.12897262749092,1017568,-0.010522364170888672,0.04188459447212424,Financials
2005-03-15,153.4593202228863,162.36167350555604,145.51216124499996,154.3674836957448,786684,0.03452449794227241,0.038987990784819376,Financials
2005-03-16,158.8524772413564,161.54919020768656,153.47405551849175,156.12445704182625,1103048,0.011317473138858065,0.038663185125835456,Financials
2005-03-17,143.47896653371168,161.50935070130527,125.89135209861506,143.87338816511996,1652955,-0.08171982676854245,0.03626411845057061,Financials
2005-03-18,140.87563227294845,144.92540710459943,137.690134091815,141.72079792739407,1316560,-0.015074753666229027,0.04640892740259896,Financials
2005-03-21,139.2982443847289,143.7109317669766,134.36361511305063,138.75922752863073,1204156,-0.021118655164383705,0.04309429270613898,Financials
2005-03-22,146.40898025052005,158.62646377192186,134.37269932277331,146.57641780440144,1651699,0.054806660571191164,0.04065211052905777,Financials
2005-03-23,151.2119189001996,164.05425981884034,140.78521672153272,153.4717338305861,1947908,0.045969489947189225,0.04327401967483778,Financials
2005-03-24,158.70394138054988,164.58084203965768,151.48245845417992,157.30765375816605,1144527,0.024687060312786353,0.04376176097868215,Financials
2005-03-25,155.64931006685634,157.91756515453935,153.81001818015974,156.07326345427225,1214449,-0.007877931425487053,0.041514949370044026,Financials
2005-03-28,154.9888260317869,157.74243003679362,151.49536590566993,154.23558752287505,1451175,-0.011844311943890028,0.03857592626871786,Financials
2005-03-29,154.37496603017166,154.75841829621274,154.06132414856168,154.4446348692063,1180004,0.0013544591659966749,0.03621498072352479,Financials
2005-03-30,155.82222627281055,156.37823629032033,153.5278901551471,154.07767520789187,776906,-0.0023788220324715155,0.03390420397220779,Financials
2005-03-31,151.63206373926715,155.31120677626666,147.92690677294286,151.60540292195606,1341768,-0.01617574782127796,0.03194440258841261,Financials
2005-04-01,152.24621044925678,154.54345085658227,150.48681269721115,152.77790865843687,712364,0.007704177537397772,0.030912846973727648,Financials
2005-04-04,155.68262504533675,160.26886803658599,151.17288843970604,155.75697762259495,1261481,0.019311667371647547,0.029553112173611156,Financials
2005-04-05,160.49188533309257,168.68878627874304,152.7016251865768,160.87970157064103,1095489,0.03235993367244077,0.029234401410287308,Financials
2005-04-06,169.121494443094,184.55805830469646,154.8461823128265,170.19235620943255,1532985,0.05627241401130064,0.03067238133479306,Financials
2005-04-07,167.38682093954057,170.91831606635733,165.20719087475945,168.72130894547055,1075722,-0.008681010259337684,0.03643657047797519,Financials
2005-04-08,165.64125523229947,169.85296997486344,162.21448144730374,166.4102865284622,1706267,-0.013791949677391438,0.03425496935373861,Financials
2005-04-11,173.0883321690555,182.74656051768798,163.0797429514547,172.7172660248789,1342327,0.0371996125816241,0.032668869305900565,Financials
2005-04-12,180.95068885039277,192.88783462281168,168.57649413607888,180.482771867783,845217,0.043979369363949944,0.03407896262819995,Financials
2005-04-13,181.9845887882153,183.8340351425713,179.86305988782507,181.70971277242248,1219102,0.006775102465803844,0.03632118244907522,Financials
2005-04-14,178.82703880787616,182.79461782944117,175.54417337969898,179.499409181419,482640,-0.012238512513029084,0.0340920509446488,Financials
2005-04-15,171.9196780564756,182.50962193143363,162.61253028835785,173.136594441214,1560368,-0.03609107025378971,0.03243888913587761,Financials
2005-04-18,174.551462422331,182.1290099343433,169.20024116208472,176.71156640255094,1825012,0.020437988835250165,0.03372254476615614,Financials
2005-04-19,176.43982931201865,178.69547741795193,175.25556123566182,177.50406616009366,1132773,0.0044746815613178155,0.032747896551516026,Financials
2005-04-20,177.34488474143376,177.57336290819433,177.30334916739378,177.53178356097325,496202,0.00015613860379277056,0.030999083842918905,Financials
2005-04-21,172.041155201757,182.09911294792505,160.76337066059997,170.74558619057302,1205555,-0.03897500662703972,0.02947470468333469,Financials
2005-04-22,161.86382831306102,173.8533930172712,152.28703934993976,164.14182476756744,1642688,-0.03944380929299328,0.031982248891729015,Financials
2005-04-25,170.37922035570446,184.36206429198586,158.2562538985625,172.11555283690302,1777061,0.04743523078237894,0.03393616815536641,Financials
2005-04-26,185.01605862110046,203.16300790849954,165.72369439222388,183.74608026019192,1537130,0.06538873588467879,0.036862528062547154,Financials
2005-04-27,185.26257075628757,188.08700884917627,182.6561588025963,185.4775720963552,1065391,0.009379163648837232,0.042760142623933135,Financials
2005-04-28,187.52927192089302,189.59810536196036,184.7854298235189,186.84673346204383,867126,0.007354704041226591,0.039698100009799384,Financials
2005-04-29,185.80704662372634,187.13995029713175,184.9267401749326,186.25750966919315,444233,-0.003158496819826997,0.03699817652588479,Financials
2005-05-02,187.51462732695362,187.77330821796795,186.17170315597798,186.42888624132542,1423989,0.0009196825325109867,0.03459173988565123,Financials
2005-05-03,181.99398073943888,187.3281756150655,179.30772796999153,184.60340739823693,1121898,-0.009840079173802542,0.03251765131505248,Financials
2005-05-04,173.54602798593538,189.3110465134519,158.611684316774,174.31088387490357,1929257,-0.05736938625631434,0.030991001780514824,Financials
2005-05-05,169.4310666187414,177.12924904079767,161.42651530443524,169.11011514093573,951307,-0.03029032229521776,0.036905835920648465,Financials
2005-05-06,180.39967945739485,200.5191451737551,161.39867202960102,181.41155920513125,1730466,0.07021818621461325,0.03643155395688861,Financials
2005-05-09,167.99790056921952,187.72404717739278,148.05505573675586,167.75237270726794,1717136,-0.07827933778273838,0.04360499455637466,Financials
2005-05-10,179.24930316317267,199.11449429742925,160.25178484168947,180.03382896741257,1785801,0.07065585188240892,0.05040103817149781,Financials
2005-05-11,186.9262638009167,196.24031972997383,176.84106637464924,186.11468333208222,1343278,0.03321828882208139,0.05367540525972915,Financials
2005-05-12,191.74762903903692,197.21111477464402,184.27911736328252,189.68379814410784,1181539,0.0189954047515056,0.05069869338234478,Financials
2005-05-13,184.55118646409346,191.88536817320656,177.8006004308724,185.11418843211078,1420539,-0.02438559607791867,0.04701499568002359,Financials
2005-05-16,183.63723256647003,185.63933366694343,182.05627984222994,184.05478617865967,1702186,-0.005739405174521037,0.04424394251697536,Financials
2005-05-17,182.85272421252006,185.84521801533168,181.78878860162132,184.77012592877688,1215541,0.0038790256493059384,0.040877405437722364,Financials
2005-05-18,182.76080945940623,185.58850349384517,180.28799900612688,183.11095545659157,1383263,-0.009020206832430346,0.03793450732847526,Financials
2005-05-19,183.68879726253718,184.11591776704586,182.9685894157441,183.3950268335556,1587429,0.0015501598750130119,0.03554470560714054,Financials
2005-05-20,175.9359393615281,187.75415996455132,163.58360016950795,175.3633585555281,1308080,-0.04478228702981917,0.03333318656690874,Financials
2005-05-23,181.11080257733252,186.91495159970478,173.40898707839963,179.150307116239,1298627,0.02136500212310241,0.03591238012310856,Financials
2005-05-24,174.8524380684765,181.03521286483212,169.0827657176695,175.25234464474534,1652630,-0.02199825336358739,0.03464431748849066,Financials
2005-05-25,176.73052642216413,179.12888124155762,174.4014229759175,176.79887701375586,1529864,0.008785893768697303,0.033656670364906265,Financials
2005-05-26,167.8490865040126,180.7529875729533,155.3889297148439,168.2621661145792,1338436,-0.049489522795708264,0.03190291456025284,Financials
2005-05-27,159.3615734995788,171.88534915612343,148.0200719250263,160.4652973659017,1422626,-0.04744557225221976,0.03579970245592934,Financials
2005-05-30,161.21336144210466,161.50171497029282,159.98739426645125,160.2740677313178,812072,-0.0011924302287302285,0.03824862488636094,Financials
2005-05-31,156.86832172589453,164.5811234247882,147.479592920083,155.1057327680769,1405583,-0.032778241920935015,0.0356451837985947,Financials
2005-06-01,158.10109822469195,161.27665717006835,154.03923848088172,157.1966306317977,862350,0.013390414871811253,0.035743884427165716,Financials
2005-06-02,159.56699879190367,162.05710643224845,156.36180712557868,158.84057868597222,1293742,0.010403603331505884,0.033896839096292555,Financials
2005-06-03,149.6802151594669,162.70922892991243,137.45338768938566,150.42182229456375,1267359,-0.05445755342283089,0.03217812618717653,Financials
2005-06-06,157.56513506648875,171.23579773476152,145.02880840435424,158.61587151637949,1736893,0.05304188077243725,0.0370565677397996,Financials
2005-06-07,164.0294524301927,171.68398582250987,155.99223502126347,163.6280360772067,1161587,0.031110402345069763,0.040256273268958996,Financials
2005-06-08,169.01075725895544,175.7807516796761,161.32472008631635,168.05648980807024,904626,0.026704392590221424,0.03926362948219256,Financials
2005-06-09,171.82104883743773,177.25578739086325,166.20894845755177,171.63789377501618,798320,0.02108681712823744,0.03795095213079405,Financials
2005-06-10,163.13301387375319,174.97501423639036,152.75965144650317,164.5138468886356,1252528,-0.04239224659241497,0.0363169091828726,Financials
2005-06-13,170.6859782311656,182.27443819073858,159.99396082979456,171.52957656535793,2112673,0.041760967566183554,0.03774519439280226,Financials
2005-06-14,190.32847903230737,218.0676719360949,161.4820709344818,189.0323629790261,1974418,0.09716252325040972,0.038747342123169166,Financials
2005-06-15,185.6208682304001,190.7172213792097,180.5079390524627,185.603824246556,1114986,-0.018303808177730665,0.052126467422470686,Financials
2005-06-16,190.74077759468864,196.28362749200394,183.73551416658444,189.23459500670913,1335203,0.019373063859102996,0.048207772130931255,Financials
2005-06-17,196.7884369129207,211.1512641220561,183.59506695430582,197.88441597794133,910619,0.04469561377888268,0.04489419534366961,Financials
2005-06-20,197.50570790756402,201.10172233683122,191.93755340720074,195.49699491417107,1644909,-0.012138094530244187,0.044855832442449554,Financials
2005-06-21,198.7527351752832,205.33746034961578,192.84464959869172,199.4098417493939,1165739,0.019817205102883383,0.04161413899274932,Financials
2005-06-22,207.13417262229754,217.06348062002647,196.0160015887113,205.88545007297122,1382676,0.03195773339256346,0.03929755073792449,Financials
2005-06-23,214.88220059791811,225.32938112395152,202.32842924465442,212.6679573016596,1670768,0.03241211695513074,0.03858280062072121,Financials
2005-06-24,207.81286603225578,214.43735704667392,202.44266595462503,209.03556068229761,1452299,-0.017227679178109554,0.038059004214740316,Financials
2005-06-27,214.07529557395588,218.85816539314453,207.43202348382144,212.17237832980373,1644904,0.01489466531348339,0.036101373671007,Financials
2005-06-28,214.99254613714027,217.207568815603,211.43367285044184,213.6347059893831,900915,0.006868525500878847,0.03429176290258412,Financials
2005-06-29,217.40812126019742,235.17652836799573,204.66059857817905,222.15091631564894,1108042,0.03908937902327927,0.032369993802240205,Financials
2005-06-30,231.036591524611,244.25000101347416,217.58561204090793,230.78461025547628,1521734,0.03812789827408676,0.03416796938463703,Financials
2005-07-01,218.22615396960379,238.33945920234848,197.0278126367912,217.03096013666618,1626691,-0.06144483560403495,0.035383903113074745,Financials
2005-07-04,216.26163850226754,217.54029437721604,214.89901776643387,216.17717424295859,1313206,-0.003941694217565654,0.04084038017665116,Financials
2005-07-05,207.36802567988062,220.71778955324046,193.76331516535186,207.09553699175066,1915570,-0.04291810443322065,0.03790356006201053,Financials
2005-07-06,199.03314237510037,210.84799775723073,187.31489256843713,199.12437646402913,1889892,-0.03925058130797429,0.03905942198139492,Financials
2005-07-07,192.33638169851648,202.49975304258234,182.07394329625924,192.23178772226848,1129697,-0.035227765211183565,0.039390379236161545,Financials
2005-07-08,196.74649715736984,208.16824008653552,187.21026295305833,198.5448407924669,535141,0.03231310118042865,0.03908236043742807,Financials
2005-07-11,215.0447542565428,241.617757125901,188.8236702971386,215.35842616330297,1855327,0.0812887656806023,0.038452115599448194,Financials
2005-07-12,228.51582771684423,247.21659185426486,208.8219390117793,227.4341862048884,1741732,0.05455716663557307,0.047686808124889644,Financials
2005-07-13,213.3707087645315,233.69679414710234,193.3228468756885,213.62503618966088,1861837,-0.06263859428792586,0.04863844158695143,Financials
2005-07-14,222.06635397505596,233.46358193526237,209.71522613128934,221.06084797991304,1426636,0.03421568300402864,0.05080450200681959,Financials
2005-07-15,224.29236207184329,225.60525824963295,220.62614710919127,221.9251870189817,894676,0.0039023358193807332,0.048378558100087836,Financials
2005-07-18,225.84340613332986,229.91312089211138,220.55989700549225,224.607337720733,1155042,0.012013382276564108,0.04443728322931031,Financials
2005-07-19,216.61614178708737,227.65144370730624,207.2812647525134,218.24631579580858,1546683,-0.028729398026576865,0.04124785952870748,Financials
2005-07-20,220.177615235241,222.6014283323855,217.43365967970465,219.85390927772312,1439200,0.007338963120160486,0.03981099696321871,Financials
2005-07-21,217.13624081698097,221.01384129365206,213.6241936537411,217.49597563760085,1135631,-0.010782929494789996,0.037094628186789914,Financials
2005-07-22,210.2243932930337,220.78993152237993,200.02548738519084,210.5740616703291,1029585,-0.03234291938591068,0.03490343661484343,Financials
2005-07-25,205.11632834286817,213.86458198708607,195.94176823829494,204.67102980831197,1241292,-0.028433470622564596,0.03509287071730727,Financials
2005-07-26,199.76867293952498,207.41422668602462,191.87912522889206,199.5149692175321,1149886,-0.025514690346582884,0.0347343777530554,Financials
2005-07-27,200.12810533716083,203.12381149309684,194.57697903882058,197.53385196448392,1282569,-0.009979295181583973,0.03410031542135441,Financials
2005-07-28,196.83384115946123,198.63326259854583,196.17770011380688,197.97332311620903,1245267,0.00222231787579249,0.0323296019047075,Financials
2005-07-29,207.7136675044934,221.58944919199172,193.16193773665526,206.98933204128798,1525681,0.04453496602383546,0.030608876685769663,Financials
2005-08-01,198.58591421518494,210.50542933705987,187.68480856856834,199.55132857270934,1055207,-0.03659576658864239,0.033867789201294934,Financials
2005-08-02,199.28925502784492,199.97387892998395,199.03622917915783,199.72030580147583,580025,0.0008464274659522597,0.0349071516474524,Financials
2005-08-03,189.43548163598462,204.27264927780215,175.07161430622799,189.8754235348608,1256832,-0.05054972527043252,0.03278589414411111,Financials
2005-08-04,188.4140904221373,190.07044201425472,187.83113573330408,189.48417647070747,1085873,-0.002062671949594691,0.036650008084590076,Financials
2005-08-05,182.315347249938,193.80400625662037,170.2396190196534,181.68879568202152,1161898,-0.04201020989173763,0.03428143326082153,Financials
2005-08-08,190.41155805867209,201.54682487943813,177.86454726707836,188.91212739101894,1249446,0.03898666283459853,0.03612342721012371,Financials
2005-08-09,181.0811903908393,191.22950943590942,174.05963266644426,184.0912349951266,1109927,-0.025850495420461077,0.03703937872819798,Financials
2005-08-10,172.23636116698648,189.0265116888387,156.54371676520609,173.24222218299923,1583682,-0.06074073362695692,0.036024570480148684,Financials
2005-08-11,173.44919098488157,174.66097046991436,171.23249991510596,172.4372093261516,915242,-0.004657577158098603,0.041129445058917344,Financials
2005-08-12,170.15804035259092,173.29041955924808,167.58048716759524,170.7045872839389,943104,-0.010098663492106578,0.038164891647051044,Financials
2005-08-15,180.23415601009063,193.4425310240335,166.11530574885145,179.25168050968682,1093032,0.04885635185672351,0.035784698045308955,Financials
2005-08-16,190.4866021670231,207.87582251781313,173.1055566868194,190.4940934882497,1315758,0.06083033411089493,0.0385029500021407,Financials
2005-08-17,179.37720126870616,195.48903972005192,163.44355126323424,179.54085292713037,1653323,-0.059218413833254845,0.042907239008124765,Financials
2005-08-18,176.34000072869654,183.32595271435764,167.933721979625,174.86108466879878,1864166,-0.026410918138417425,0.04581318596189605,Financials
2005-08-19,192.5870024621361,220.88229950298444,164.46590071211358,192.7390029925331,1760292,0.09734510079602884,0.04340171535689048,Financials
2005-08-22,190.70773683783753,192.983532210166,189.97816455158883,192.2480672297652,1711586,-0.002550402685442107,0.055030695198995866,Financials
2005-08-23,204.45185499605475,222.58326629320408,185.86936091246946,203.95687596631038,1514435,0.059122024261732055,0.05023621815330565,Financials
2005-08-24,204.6797168738204,207.5469928749341,202.53009187531586,205.38990916423018,978966,0.007001589381813701,0.05141258750926604,Financials
2005-08-25,210.54967569019635,218.20298846973333,202.77899207994167,210.42787759589547,1355527,0.024232801608294725,0.047137635299186145,Financials
2005-08-26,213.81031072301465,219.81947940449876,208.1649162970753,214.16472705754677,1119702,0.01760250135380609,0.04433564739966373,Financials
2005-08-29,205.94168720084681,217.96827997458644,194.0780533204382,206.0957698893246,1186619,-0.03840450838830082,0.04146078764766124,Financials
2005-08-30,204.7144079383511,207.17709414880224,201.99001139697467,204.44951093283242,1061450,-0.008019908434885845,0.041187783013578526,Financials
2005-08-31,206.7908933099147,213.2773478059463,201.50612905403074,207.96263834229703,1347908,0.017037385516339827,0.03829875474939747,Financials
2005-09-01,212.76768359756667,223.24465192374305,203.6000876322279,214.02296903362162,1802573,0.02872490098223297,0.03629017178339687,Financials
2005-09-02,210.1527918711737,215.33498305723168,206.1889675896453,211.34860381286686,1117043,-0.012574420246764305,0.035740023012312494,Financials
2005-09-05,210.4315105367777,212.09207374742502,209.98786339861127,211.64586641516604,1083177,0.0014055155429107042,0.03384666604878296,Financials
2005-09-06,206.4508551716839,213.92833738553838,199.46000794260485,206.92155142097965,1171055,-0.022574693698945148,0.03188689014603767,Financials
2005-09-07,208.0882687390681,209.29395241491312,206.51881584056423,207.72237951866563,1019072,0.003862731532635953,0.031462064933639663,Financials
2005-09-08,212.48072563392407,219.8020375988436,205.20131252428996,212.52123661660357,724743,0.02283944606557103,0.02990196194474252,Financials
2005-09-09,205.79398449337705,215.22737888945863,197.49304068066354,206.88252741047026,769391,-0.026890788646871718,0.029892271693586343,Financials
2005-09-12,205.94083015115476,208.1594928987786,203.18912107955367,205.40197861689114,923658,-0.007182201301850919,0.030385942518048627,Financials
2005-09-13,207.58158135333807,215.4591745629176,201.57669949032825,209.40164231078515,1078131,0.01928521089992894,0.02909264519597987,Financials
2005-09-14,206.14676021293553,210.74360440747228,202.07715041591177,206.6637878017716,1059326,-0.013160882059040962,0.02885989444744293,Financials
2005-09-15,213.0550551495186,223.5964944338374,202.84599708844007,213.37223778505182,633793,0.031944976394056086,0.028147755301264003,Financials
2005-09-16,213.0664670749711,214.73151840818716,210.60472482212018,212.2635012149663,775478,-0.005209802543698544,0.02978101963201376,Financials
2005-09-19,207.83628020057193,214.04298888201194,202.42306803830698,208.60963428020017,1139385,-0.017363706205162862,0.028523650023087162,Financials
2005-09-20,208.93218913632214,210.76444587826626,205.57481017259178,207.39357383686632,949008,-0.005846416005493558,0.028215308477642594,Financials
2005-09-21,213.94888949023922,218.9901748826099,205.71298443521272,210.67717838082118,1157587,0.015708690688952733,0.027239860370552888,Financials
2005-09-22,208.66227953910965,213.3260933744332,202.92201440886973,207.56121840987439,1626847,-0.014900676971499717,0.027030028466132863,Financials
2005-09-23,208.18951761123716,212.39535491356494,205.3017102967491,209.48951526594524,1344562,0.009247367006826972,0.02679183601837152,Financials
2005-09-26,206.43361881228458,212.79859267392732,198.89955903997338,205.2273396609399,764117,-0.02055535300972653,0.02621200204624001,Financials
2005-09-27,205.50368180312202,205.9164597479195,205.08956374797245,205.5023389955855,775667,0.0013390772083358216,0.02670268940801363,Financials
2005-09-28,199.7172637869479,207.27762187841478,194.35109495867744,201.85404036752365,1080068,-0.017912552063250632,0.025897796556119547,Financials
2005-09-29,196.99469630590934,204.3750408282725,189.4990255170438,196.87488120419346,1622498,-0.024976457609472362,0.026166498072583685,Financials
2005-09-30,189.70388588581818,200.02545924443473,179.93956222011758,190.2338572150466,1822456,-0.03431426341147874,0.027227229244153474,Financials
2005-10-03,197.09327736570356,208.16761270554755,186.2675504803521,197.32894151412162,1485800,0.03661794736666566,0.02949030198000355,Financials
2005-10-04,206.54752568052683,218.96012850426197,193.0518300190293,205.39518202988364,972552,0.04006375056729576,0.03157330263212301,Financials
2005-10-05,210.14145908720153,216.16471412392116,203.35693844148844,209.3577295488639,1455937,0.019108572745499004,0.03373817374588427,Financials
2005-10-06,213.4277887851078,223.0790677980765,205.20586451572206,214.80412272260048,1124141,0.025682142318290378,0.03264019189621108,Financials
2005-10-07,206.27132866303788,221.03145284027858,190.1428974044628,204.79756361391873,1521544,-0.04770455908053893,0.03242285562262715,Financials
2005-10-10,188.48058067993776,211.48955065293632,166.83326302718248,189.70195595680508,1807378,-0.07656780900067002,0.03580994271066172,Financials
2005-10-11,177.8078932353308,195.0213945181803,160.74709568657224,177.94722772328072,1363329,-0.06396715480708311,0.044780308214963885,Financials
2005-10-12,190.93432988641194,213.00358167457625,169.67219281232997,191.66057151183665,1800793,0.07423891794535137,0.04814551211877105,Financials
2005-10-13,201.2822799340787,213.98306473384113,187.28174568528283,199.89499359265807,1556504,0.04206624581796935,0.052736181226909824,Financials
2005-10-14,189.86347335454195,204.38234647939674,175.71035899554585,190.20385856769585,1309689,-0.049695759831828376,0.050895178591892715,Financials
2005-10-17,175.40492744627983,196.59831624620597,154.5594669148758,175.71589922740858,1398545,-0.07922795493791833,0.05042524808972127,Financials
2005-10-18,158.20567659600502,181.93652808540577,133.84679724877444,157.4668202926758,2381219,-0.10965371059966568,0.05545921783143604,Financials
2005-10-19,156.80329007797226,158.19311761176098,156.36998709647312,157.7571786984325,1091992,0.0018422359262302943,0.0660618673004406,Financials
2005-10-20,170.27018390007805,189.5332684033539,150.87007036547382,170.11567488389846,1235429,0.07542163895854777,0.05993200583960129,Financials
2005-10-21,180.8387727876182,200.3543050771998,162.56757060793194,181.96891772411925,1528196,0.06735724460721505,0.06186064825594242,Financials
2005-10-24,182.44618092583246,184.22864656759936,181.0921591272891,182.87146850320548,1255897,0.004947657410246755,0.061983397795520825,Financials
2005-10-25,180.46997836979324,185.1811029848283,175.02500427484887,179.71645843644913,957285,-0.017403170165627903,0.056366880159359506,Financials
2005-10-26,165.11729511460862,187.15566727678228,142.47121660261777,164.41598407147794,2121523,-0.08898067339292239,0.051838312982694056,Financials
2005-10-27,168.63802041536616,178.07816737891255,160.4456522756348,169.82799094296482,1269745,0.032386402226311055,0.05862936627605731,Financials
2005-10-28,175.2340833182961,184.326079041377,166.49437631593028,175.56963650187888,894083,0.03324964655607151,0.054838434781823694,Financials
2005-10-31,175.02085281217924,176.06911378652762,174.72237479964676,175.76935928196644,989999,0.0011369236207634035,0.05168785150179698,Financials
2005-11-01,167.43359482288196,181.70736329345715,151.9018054985541,166.05833239981385,1538881,-0.056833550382265674,0.04730223127501884,Financials
2005-11-02,158.82098566549112,171.26417026039886,145.25937028279213,157.60748007368366,1113164,-0.05223148793495759,0.04872893118296692,Financials
2005-11-03,170.32120876414123,189.75599174937685,150.6591543551625,170.0646638601868,1335229,0.07607110167999757,0.04907979459179107,Financials
2005-11-04,174.97389416469974,181.0410572188205,168.00690503762053,174.0417461619455,1067770,0.02311645053522414,0.05380597426270806,Financials
2005-11-07,175.88687878554813,177.09475192154613,173.63968780474573,174.84037424936182,1315511,0.004578219608489421,0.049962204073574275,Financials
2005-11-08,184.6094294191316,203.57701173421816,167.29542919251634,186.12122449108506,1551246,0.06252479547801104,0.04582708241781402,Financials
2005-11-09,186.8002168239163,189.7630708117855,184.62074793500042,187.5745672827454,772514,0.007778252530867581,0.0486466822484161,Financials
2005-11-10,202.5216310187725,222.33550775027285,180.62834283595933,200.21671626394033,1873779,0.06522390269071629,0.04474678688897988,Financials
2005-11-11,184.4326550800821,207.12397550428435,161.8186785426388,184.50155133923747,1901980,-0.08174248942926848,0.04837296323196905,Financials
2005-11-14,189.46210066156223,196.79067825737854,181.9980982033026,189.32122665611593,1582116,0.025787312502875012,0.05453650194307712,Financials
2005-11-15,216.69824755561496,249.86783219709616,184.1935104222727,217.2763758235619,2762129,0.13772498018871718,0.05078515391596193,Financials
2005-11-16,222.73632112677265,230.53857031699303,214.619259106494,222.4100803824416,1095879,0.023352722330303874,0.07077097577264098,Financials
2005-11-17,222.15805087307757,222.64133958559117,222.01949867965175,222.50257252608006,926449,0.0004157766445444981,0.06471960487738496,Financials
2005-11-18,240.17943584081664,265.93751267241265,213.3624100531478,238.9932771296276,1886640,0.07149675891671729,0.05874459749560453,Financials
2005-11-21,233.21758908515724,240.63789453648434,228.26382833247874,235.63283175973277,1189888,-0.01416062648365022,0.06022881509938368,Financials
2005-11-22,208.0962625719369,239.31070195772742,174.00427820585935,204.71091553630512,2055111,-0.14067598008745466,0.05506438627626769,Financials
2005-11-23,183.35662767633787,212.99279874378237,155.9455856906702,185.29237126183855,2047227,-0.0996638530170969,0.07412239212829348,Financials
2005-11-24,193.5299893157808,204.07100265820176,181.67870605364095,192.1442417743502,1518978,0.03631138643228153,0.07736430541010776,Financials
2005-11-25,172.29681158523334,199.41806579987698,146.45228984744833,173.40701373902348,1803630,-0.10260483736485497,0.0713159597773592,Financials
2005-11-28,179.7181592463823,192.45485055945042,168.27011150942883,180.9296320013143,1783606,0.042466670350059625,0.07581514223935072,Financials
2005-11-29,178.24821316352566,181.79373779223175,175.64386639896102,179.17583770264739,576333,-0.009740524999168455,0.07049015071491535,Financials
2005-11-30,184.39122929213136,193.4528328601602,175.7926204123742,184.83359538008105,1181531,0.031088278666206195,0.0639477970874533,Financials
2005-12-01,180.27036289074854,188.07319265978646,171.8034641992152,179.57624995554326,1430774,-0.028856027298533236,0.05929948366077594,Financials
2005-12-02,175.56081696119662,181.3011484668839,170.29356449415977,176.02011591171518,1166321,-0.020001625109020597,0.05511845023824383,Financials
2005-12-05,188.531527915094,211.1595867284343,167.27281515552795,189.76211377520045,1917467,0.07517297149061815,0.05089641044693505,Financials
2005-12-06,183.16843097877734,191.79114646991235,177.0213435233702,185.56367520778647,1285275,-0.022373169228487685,0.05495454506695235,Financials
2005-12-07,181.75243519215823,186.8307378061585,177.92259436303968,182.97513260977473,1664470,-0.014047829492424429,0.05090270546848703,Financials
2005-12-08,168.41746044681273,189.30047010965367,147.71594987341115,168.57909211999652,1724099,-0.08194522712977742,0.04693047587896874,Financials
2005-12-09,167.24735146587997,170.24036891355829,163.59873749374617,166.57980876144654,1133259,-0.01193050262159716,0.05356518169841109,Financials
2005-12-12,172.95375897266652,181.81894968300114,163.5352081741341,172.37050257441305,1403665,0.034171718355986105,0.04916028362639526,Financials
2005-12-13,179.7784419384997,191.1535699264749,168.4148415636118,179.78928422256772,1067671,0.042139277110045184,0.04699513527262398,Financials
2005-12-14,179.8056314983946,183.82646709781224,177.4003325126309,181.3998420117539,1170359,0.008918144797873676,0.0461864914529926,Financials
2005-12-15,186.02052708195217,189.686674361723,180.17659205008033,183.7989559523861,1072893,0.013138862817204739,0.04264368171470731,Financials
2005-12-16,179.52636978660917,184.9260157764688,176.13920288116904,181.50158206904172,967021,-0.012578159258595201,0.03975778325771708,Financials
2005-12-19,192.30225612255413,211.7604676368928,174.02091956507974,193.3769633516354,1283009,0.06337709161984972,0.03725958369606771,Financials
2005-12-20,199.83453218096878,211.95692062577686,188.65369700068445,200.72619641610223,1685166,0.0373003106061737,0.04258074239714526,Financials
2005-12-21,205.60151659421498,211.73786590762893,198.64885296140932,204.76008916920378,1425545,0.019897224544067713,0.041942730885949596,Financials
2005-12-22,206.93629314871237,209.02356510924767,204.06235358908455,206.1416099427484,928317,0.006724362455632019,0.039582054911544325,Financials
2005-12-23,208.1452827458588,214.04796975566646,203.41313644104088,209.28980298500372,1245132,0.0151565491256597,0.03688053435596636,Financials
2005-12-26,200.20460128538545,213.5431277343771,186.85929955769703,200.19734238635164,1180407,-0.0444163166525762,0.03496565741860251,Financials
2005-12-27,209.91247570902624,221.6487942417035,196.18202700488288,207.80024986338114,1061858,0.037273689087273965,0.03706749434099027,Financials
2005-12-28,209.16036928565143,212.7388157477601,206.20027440032035,209.77009190082973,1215649,0.00943484942659306,0.03751797561305369,Financials
2005-12-29,217.73436561998707,231.0974048711176,204.86522837628203,218.20070476457843,1095122,0.03940317278215241,0.035205557130043065,Financials
2005-12-30,208.99440488412748,222.36918987386983,195.9583178137315,209.31321681606602,1385187,-0.04158352812562471,0.03639280843881665,Financials
2006-01-02,198.67296361846903,213.78692370408424,184.65000483941762,199.6920356366037,1837532,-0.047055417182920646,0.037668656420925296,Financials
2006-01-03,206.90804948287044,216.37811396318455,196.4561714521334,205.87914348653328,1807007,0.030512956533052093,0.03958881135099889,Financials
2006-01-04,204.70556314602013,206.19219796925532,203.7660137553037,205.250149059934,1431703,-0.003059839951837643,0.03864550769243654,Financials
2006-01-05,209.7082829322126,218.71076671157445,201.6246498335659,210.59302926272645,1256910,0.025698025166574445,0.03600256386598831,Financials
2006-01-06,206.4517500381406,213.80425775342908,198.32789951875964,205.6519224249044,1168546,-0.02374245705975735,0.03515687640503544,Financials
2006-01-09,208.44280276218277,216.73124178693712,201.81837664620699,210.05556132306404,973503,0.021187030776763417,0.03425434873023152,Financials
2006-01-10,207.39665971553893,212.1532374051195,202.12382441716628,206.8682839739495,1247904,-0.015289792021737749,0.03325690704975703,Financials
2006-01-11,198.11783900130612,210.52587264822364,186.7601606130758,199.11124441988687,1695256,-0.03821859571213889,0.031935625157856896,Financials
2006-01-12,187.19508587918835,203.85892861496816,172.26506839867946,188.80084173120818,1166393,-0.053170973694414134,0.033689857258672115,Financials
2006-01-13,203.46665279166578,226.00179990726141,180.75570839515618,203.2689598349649,1707280,0.07383731537462274,0.037842807139925196,Financials
2006-01-16,200.2034103795127,205.12340530494632,195.0517136029318,199.96587100279157,1731618,-0.01638332039767984,0.045425266240753985,Financials
2006-01-17,192.9873125426177,202.78127963316626,184.32657053162876,194.07186584066088,1397794,-0.029918174056395103,0.04232051309380194,Financials
2006-01-18,200.49217912080985,207.16244356944622,191.82292843701202,198.42439897841527,916353,0.022179633067273285,0.040829955102209485,Financials
2006-01-19,186.50118421106214,202.25884000226014,174.72098065389906,190.24232986340925,1674027,-0.04210948617474196,0.03882600424159801,Financials
2006-01-20,193.09686646900926,199.75024044074877,187.39706731591696,194.02310086458283,1113130,0.019678548759212464,0.03964780205988709,Financials
2006-01-23,190.97101229909316,197.36012010695822,183.39548405623344,189.743525172943,1052656,-0.02230393583803401,0.03762506290671545,Financials
2006-01-24,196.90139753919345,211.40200810331234,183.88443800449232,198.29304791805947,1278590,0.04407268374723809,0.03615433750004979,Financials
2006-01-25,189.44233216243975,202.18089538880713,177.28464559145434,189.98817848222498,1254858,-0.04278412479480615,0.03790869443751149,Financials
2006-01-26,193.7486395222319,199.20030831438024,188.13863576747235,193.58572036598744,1224687,0.018758561971812776,0.03904135616668463,Financials
2006-01-27,193.12567779747576,194.60146667167288,191.13023793937052,192.60202527125097,1470452,-0.005094398946247321,0.037042739371632466,Financials
2006-01-30,182.53504401149763,198.54217704591113,165.73405871401994,181.66488442727638,1868765,-0.05846231928083981,0.034664456828533766,Financials
2006-01-31,181.00397524101933,181.9132219406416,180.25757581540827,181.16615374550526,905792,-0.002749108777370481,0.039673367264804395,Financials
2006-02-01,174.55699242036877,184.01249305697166,165.7482945736,175.17272347407933,1640164,-0.033642108229254376,0.03688244156726768,Financials
2006-02-02,174.30754805215753,175.19148153801945,174.2515277951069,175.1351952855413,1362109,-0.00021425829489941489,0.03685132716316553,Financials
2006-02-03,176.7919974998671,178.78747526365112,174.46630938604085,176.45801746715682,742204,0.007524766550535375,0.03444449356489175,Financials
2006-02-06,178.0796376538023,179.89769558066126,175.8493099192949,177.66311547083214,842872,0.006806160624957261,0.03252125191777684,Financials
2006-02-07,181.9027216747063,190.3326369560835,174.2916432897475,182.68867319918255,1406211,0.027894317412760005,0.03087157324153583,Financials
2006-02-08,178.82323437571083,184.05986852480262,174.669177321622,179.8812341749032,629176,-0.015486641761405904,0.03129148716687303,Financials
2006-02-09,173.41644519994838,182.44258837872928,165.53987158851064,174.5160698252413,1098739,-0.030279994888820397,0.03031997932467273,Financials
2006-02-10,177.59027773987333,181.79014312504387,173.09656808109753,177.28931596549864,1231577,0.015766123531162822,0.031192509206040383,Financials
2006-02-13,177.2138113949821,178.34143651137978,175.41550828904923,176.53883850099135,1090460,-0.00424205129205725,0.030259935593704,Financials
2006-02-14,178.85610014987955,182.4508318510424,175.30027634985888,178.89424960476506,1092603,0.013253946597445065,0.028900349679247102,Financials
2006-02-15,180.33704946409594,180.96716819912197,178.6849184351691,179.3114536184022,637490,0.002329411277008053,0.02818748364660094,Financials
2006-02-16,193.52646546253516,215.1018124901679,171.6133062275353,193.1462666997885,1628595,0.07432350221821732,0.027137452183219675,Financials
2006-02-17,188.6103993949685,195.72520853546996,181.24458920774197,188.34955885550966,824166,-0.02514816844078086,0.0389583174186775,Financials
2006-02-20,188.31616234621413,189.70493003293456,187.50495000683304,188.89124042115853,1177134,0.002871809936630892,0.03753751394624353,Financials
2006-02-21,192.87198178119618,200.67293181668455,185.79408634178094,193.56944143868202,1153220,0.024464916656288516,0.035049808222847124,Financials
2006-02-22,194.08440661917749,197.7642455808673,187.5141454758672,191.1381229196821,1317555,-0.012639995232968222,0.03424282504724984,Financials
2006-02-23,189.05549599541914,192.3447867900991,188.340828815664,191.62042367623602,1394347,0.002520131900925861,0.03258868324582428,Financials
2006-02-24,193.80652724400989,200.94375264279753,188.23489277726765,195.32836764529026,1628714,0.019165623731297488,0.03083132303805732,Financials
2006-02-27,187.7525682204255,198.39970516516155,178.26971083767214,188.86087053082588,1343764,-0.03367146975275204,0.030258132033770462,Financials
2006-02-28,186.4271518997259,189.16026923940296,185.53484627375863,188.2591948145603,1741953,-0.003190900098240459,0.031662419753313915,Financials
2006-03-01,188.47819512566355,189.26782341645702,187.87335018634138,188.66238738617832,1205125,0.002139398455504487,0.03005884788583184,Financials
2006-03-02,185.3538747353818,192.6899510948666,176.4768965361552,183.74947265205793,488477,-0.02638583941108354,0.028696934032080398,Financials
2006-03-03,188.7323800429046,198.25947151179045,180.00842905452768,189.50003643357883,1523986,0.03081594861603756,0.02938099890213712,Financials
2006-03-06,191.30326900821862,193.9408990739407,188.6130170725215,191.2499114609515,1085545,0.009191792973172661,0.03054566876916998,Financials
2006-03-07,189.85719403698678,192.36052741486213,187.07651971747373,189.57614739729829,1227206,-0.008790232717009627,0.029310470196739033,Financials
2006-03-08,197.54393664025216,215.38007796102212,182.07280522777702,199.73717757737742,1263962,0.05221161319215665,0.028264344308793363,Financials
2006-03-09,195.8217014439976,202.02411804086867,189.3695251216929,195.56377211773716,1405769,-0.021115863907946744,0.033882243287361065,Financials
2006-03-10,197.87312953250256,202.43877513802826,193.74562904513942,198.30232198458398,1046643,0.013906218586002819,0.03294369567055248,Financials
2006-03-13,198.19638114247195,198.50927254615607,197.78099666302188,198.0937260056751,1091657,-0.0010524625521431262,0.03157906117748652,Financials
2006-03-14,202.459637602715,207.7848954122102,196.29538113072152,201.59797478501298,992403,0.01753520807916917,0.02996591122416768,Financials
2006-03-15,200.7125232976807,202.35093199401396,198.86715806524865,200.50386347941898,861233,-0.005441974652484503,0.029402163130503218,Financials
2006-03-16,193.06641589266576,202.94279260963657,185.64644574048828,195.43191123025832,1327499,-0.025621477175338393,0.028214039424015853,Financials
2006-03-17,196.60028189127164,199.59459992795004,194.1046976747919,197.09276428960885,1181335,0.00846246401572605,0.02890146415655952,Financials
2006-03-20,191.57349589309842,199.09890616049884,185.46729415482005,192.94886596186595,989469,-0.021249292026929628,0.02791017196107782,Financials
2006-03-21,185.57369019926685,196.09503488734302,175.82719790529447,186.3098773986545,1397950,-0.035013915616690025,0.028123158088387012,Financials
2006-03-22,182.1749905463918,191.0371177790803,171.59056109519835,180.3646206501525,1138984,-0.03243082271651232,0.03027582797733911,Financials
2006-03-23,180.7086265764911,184.6606182629945,178.14558401334264,182.0781513352516,873598,0.009455525585413597,0.03148117448700447,Financials
2006-03-24,181.01831832789395,183.98961259926926,179.88192935647672,182.84177640160473,683081,0.004185171172782596,0.030104194430003253,Financials
2006-03-27,185.89652340347203,191.5269465942317,180.67718881093876,186.29638525702208,1510627,0.018717705588663022,0.028768687256900943,Financials
2006-03-28,185.2792195291151,186.57584711594947,184.44035638134238,185.7349207526484,728396,-0.0030183746452324416,0.02854229788513672,Financials
2006-03-29,180.68061488842395,188.99027265559855,171.84241950264092,180.12659753238722,1011316,-0.030660576665648646,0.027442609254149857,Financials
2006-03-30,168.0749414384366,186.38653984426253,149.25759300662332,167.50735324042338,1411139,-0.0726326730568704,0.029042866359250404,Financials
2006-03-31,163.99074531248766,169.09147047832974,159.14979799621895,164.24307449608995,701925,-0.019679758175963725,0.03957418664226667,Financials
2006-04-03,158.46033009645967,166.89247588657315,150.23389361716588,158.65588710416964,1028159,-0.03460986723211677,0.03756310598176391,Financials
2006-04-04,153.3685478110989,163.08237413089037,142.4629710136244,152.0962120450483,1573571,-0.04222433025297034,0.03752953478623862,Financials
2006-04-05,144.60740676963664,155.36391135858145,134.3416738668612,145.06564775966908,1009588,-0.04732691144988167,0.03865497244616767,Financials
2006-04-06,150.848924220184,159.90936164222433,141.87743927128932,150.93288336501732,1305389,0.03964887384413648,0.04038986256424905,Financials
2006-04-07,151.6315124001525,152.09352931332486,150.1676474256161,150.62660240656936,1034737,-0.0020313144053816837,0.040507749603420073,Financials
2006-04-10,148.59554976068435,151.5194332850447,145.88785218159651,148.80786687847998,984633,-0.012147952763720661,0.03759416388322435,Financials
2006-04-11,157.26774150511721,169.09013859527542,144.6941854535771,156.4555252472298,1221702,0.05011579606011575,0.035394813743194385,Financials
2006-04-12,149.47943278609324,159.7783142027661,139.13612704416866,149.43172121378524,1439394,-0.045932211652647846,0.038457420924227416,Financials
2006-04-13,145.0553486462207,151.35144434492634,139.1492422969054,145.43008033548404,1427480,-0.027144150626805932,0.03999554711977459,Financials
2006-04-14,152.12610350787565,161.4755006608985,142.20073276389695,151.51241363960128,1784773,0.040972136218725023,0.03860357196576111,Financials
2006-04-17,148.3925700754701,154.31831375158671,141.64069700611267,147.53207878092653,1398999,-0.0266219244135241,0.03929371459612112,Financials
2006-04-18,143.54646071841918,149.60397832147646,137.38644421865098,143.43944590314018,1346230,-0.02813266902223718,0.03796716784711556,Financials
2006-04-19,149.77929342917705,159.73304194255192,139.9239456445691,149.87161920205168,1849639,0.043866089270290384,0.03703946175921092,Financials
2006-04-20,152.5371608555765,156.23399013151305,148.62138146285122,152.3127725541699,988870,0.016157065182023582,0.03855090725404529,Financials
2006-04-21,157.94666194859664,167.6050828792203,148.72426985680025,158.3586359230946,1776950,0.03892618760459699,0.03644304561068442,Financials
2006-04-24,164.3750849277567,180.97371192965636,150.89512659649583,167.2573840079758,1475567,0.05467153912928402,0.0372795342100754,Financials
2006-04-25,156.92176580554855,171.6477183217379,142.9657881078093,157.62885501248596,1936243,-0.05929059671272955,0.04074503056019066,Financials
2006-04-26,156.18313292856186,157.88398666023326,155.41979299127928,157.11608694082915,888866,-0.003258311457707033,0.044220269572487085,Financials
2006-04-27,162.46587954282896,169.5259182030199,154.70611720759845,161.73436764046681,871056,0.02897034413239069,0.04081590721623195,Financials
2006-04-28,156.10537901773847,167.10020335972263,143.44693633069758,154.3157106309265,1443723,-0.04695471059855788,0.039479649838614524,Financials
2006-05-01,149.33966788176437,157.0840458839717,141.34143369139295,149.07192734560388,1464869,-0.034571649591626445,0.04095883211485456,Financials
2006-05-02,154.20047824214245,161.64455354637585,146.5157582613247,153.94762709920843,1519762,0.032183537470590266,0.04026637040873195,Financials
2006-05-03,159.60846075253804,170.4532581929221,149.67686847763386,160.46817070432104,1745571,0.041483148734002835,0.03940141471232596,Financials
2006-05-04,153.26844666272714,164.43906480169142,141.71697849964795,152.8576571931485,1716125,-0.04858846632469033,0.04000131159598729,Financials
2006-05-05,153.1945150688816,153.2200321623959,152.8491683134148,152.87463212510644,916071,0.00011104441740993109,0.04164384471308153,Financials
2006-05-08,150.53376149809165,153.55263243154334,148.49425646937877,151.5000358453569,730695,-0.009032326074965924,0.03856643218680197,Financials
2006-05-09,143.24124255823392,155.5794098522734,130.72411219636095,143.0454114659791,1170066,-0.05742371900571147,0.036085082658129417,Financials
2006-05-10,138.92224931158316,146.49609720744633,130.41938927419838,137.93966821469206,1376854,-0.036345739833586604,0.040451564593007555,Financials
2006-05-11,138.0284633490483,138.16244464396095,137.89478052075344,138.02876152687597,979727,0.0006456775897341406,0.0400900883389576,Financials
2006-05-12,140.28881149347922,143.59962746205971,136.90845258114388,140.2175876674206,1505280,0.01573333341570815,0.037226800579056245,Financials
2006-05-15,143.30536095462722,144.88655996894383,139.69425831997503,141.25280994968415,1236929,0.007355849559213738,0.03529586961866407,Financials
2006-05-16,132.634799001036,145.0861077365792,120.37985612770734,132.81455601025255,2318487,-0.06159742373107234,0.03323785504693187,Financials
2006-05-17,132.11396065381155,133.09577521223764,131.26754093232177,132.24849357338687,891307,-0.004271159622601421,0.039407364769069184,Financials
2006-05-18,123.39889129779523,136.170699753547,110.76099239411805,123.52036057265623,1622775,-0.06827667450797688,0.03667545145069439,Financials
2006-05-19,122.06360030861683,124.88403689840966,118.82174060995017,121.63220935656456,1014907,-0.015404191381442943,0.04330504166456864,Financials
2006-05-22,120.02482495358903,122.73586154441125,117.10808542495933,119.81436837003352,982134,-0.015058199234314059,0.04044570031132406,Financials
2006-05-23,121.01794433005634,121.1019596207084,119.78661612392534,119.86983435267071,764996,0.00046282552623166777,0.03798284011979351,Financials
2006-05-24,116.07936416954257,121.18222566376026,112.08594218721682,117.15190556091245,1151297,-0.022935009513508693,0.035414531565062336,Financials
2006-05-25,105.92668057776503,121.58746352979279,91.36364048195404,106.89174428807121,1840108,-0.09165484412663893,0.0343839124589676,Financials
2006-05-26,108.95274967194027,111.48435247384144,106.03795730415425,108.56044458900655,1559129,0.015490524161613709,0.04801972841000384,Financials
2006-05-29,105.65471352485486,110.28839085973351,100.80839770933936,105.43232164883216,924339,-0.029237864740655733,0.04450515592688845,Financials
2006-05-30,105.70434377982794,106.07122895921228,105.30977604097137,105.67656480336471,100000,0.0023139079326675214,0.04257693076597062,Financials
2006-05-31,106.20467670234756,106.90768407403557,105.44133104110112,106.1439363503135,662010,0.0044129090702743345,0.0393832344056241,Financials
2006-06-01,107.25451358857022,107.7347252631795,105.98457592386404,106.46123584834814,928353,0.002984873136754348,0.0366572283017694,Financials
2006-06-02,111.35184686279834,120.87462992673646,102.67579767100285,112.13737575702712,1596624,0.051943752685638826,0.03429778898939132,Financials
2006-06-05,116.34057543992793,121.3455796222219,110.43551726441748,115.40006021810811,1175288,0.028680186961818153,0.038023593729534184,Financials
2006-06-06,116.38812534704476,117.4194172645386,115.05517380279143,116.08376887844535,358566,0.00590720009404585,0.03714859233822547,Financials
2006-06-07,116.79484866122631,120.01781864282762,114.44532324601154,117.65106891279805,989278,0.013411124675140256,0.03477425171174781,Financials
2006-06-08,117.3643655745493,118.24758954642587,117.00790334252075,117.88953226389492,469725,0.0020248180685481466,0.03308137853003438,Financials
2006-06-09,119.77195309347296,123.46083323346966,116.42607402145353,120.10563268400995,1077902,0.018623609204002467,0.03124287226855981,Financials
2006-06-12,119.9260557827036,120.74733046583846,118.73978826471911,119.55854617756128,781054,-0.004565450367310448,0.03054373056846766,Financials
2006-06-13,125.91807788354191,138.64143859321513,114.43380543663648,127.05360148994707,1489529,0.06080287882373232,0.029145532799895305,Financials
2006-06-14,130.84515121658,136.55713353768775,125.09532155355471,130.80557624840762,1112197,0.02910301359022999,0.03652558249692727,Financials
2006-06-15,135.58914812787467,142.33914029179337,128.48805693073464,135.2196547198589,1453367,0.03318845820686067,0.0359769697361637,Financials
2006-06-16,131.8448468226481,137.35123003165222,126.01443725951553,131.50669798179146,922298,-0.02784274264639303,0.03606514861801836,Financials
2006-06-19,129.6576051305354,132.1993358969673,127.56412126523658,130.09872952769268,749965,-0.010764165424728439,0.03545192101399856,Financials
2006-06-20,129.1896172757751,131.27203244221664,126.6335136269023,128.70816828832434,483776,-0.010746039866843218,0.03350896971647848,Financials
2006-06-21,133.77559494489617,140.20838934194293,126.51035389009921,132.90109676815334,1029012,0.03205763801534714,0.0318685181188405,Financials
2006-06-22,129.92984419138082,134.7105963858045,124.90911843410065,129.68070352935547,1445005,-0.02452991573607394,0.03265939039451206,Financials
2006-06-23,131.96805069397848,132.38327453142972,129.5441232677626,129.95300697834344,920463,0.0020975977911204665,0.0323042743248591,Financials
2006-06-26,131.26228324194926,133.12459868778996,129.32673668920103,131.1879981979826,959863,0.009458494853940597,0.03058615535170443,Financials
2006-06-27,124.81246305911827,134.13459707672976,115.50278201085256,124.82405164344033,1037930,-0.049726236307326234,0.029356937648436377,Financials
2006-06-28,128.91919767161679,133.07592162057762,123.42408693452563,127.53621971557197,823814,0.021495241588191473,0.034064183786921304,Financials
2006-06-29,126.97438484638623,127.69245963591665,126.50542386556948,127.22258197596447,827729,-0.0024622340502461477,0.03313007252173664,Financials
2006-06-30,122.50123470898238,129.2434605926347,116.24607562310818,122.96463914549241,558048,-0.03404133898859141,0.03128882793768652,Financials
2006-07-03,121.57220752611278,123.07622490878876,121.50603342935555,123.00926859198346,688069,0.00036287952158257187,0.03251175967233627,Financials
2006-07-04,119.19642580389805,124.78225499929611,113.71180323745334,119.29318043177916,1772406,-0.030675542656891534,0.030751119749132364,Financials
2006-07-05,114.8661388293924,121.41202846958552,108.30132896004773,114.84607523385348,1478831,-0.037991408706416374,0.031585652284773204,Financials
2006-07-06,117.88437995755712,126.8914488850502,110.70363690269566,119.60584544617495,1409766,0.04060895971372857,0.0333859972822196,Financials
2006-07-07,125.0112293312393,135.46473462195152,115.46396287562351,125.85316822317347,1486520,0.050914180572363556,0.035200326603277196,Financials
2006-07-10,120.40735916517875,128.12694672885806,113.34064268266076,121.02403735922354,1766829,-0.03912671413394061,0.0384719178347687,Financials
2006-07-11,118.98572085230711,124.05558063809046,112.62230868368962,117.63459853017623,1497611,-0.028405984345389844,0.03890637137212903,Financials
2006-07-12,108.29573570183376,123.45220887185542,92.15853064510728,107.15541014728397,1541503,-0.09330298539640472,0.03784177028987144,Financials
2006-07-13,106.42722928589826,108.55240226052226,103.62696929087467,105.73838724721799,1001736,-0.013312213355444212,0.0505115504169034,Financials
2006-07-14,106.42179813552546,107.16437424644816,105.49015711765007,106.23140472633149,964517,0.004651779515928633,0.04655873316659968,Financials
2006-07-17,110.13731790545391,115.46219066107005,104.40693311195247,109.71120430637497,1602494,0.0322317198014404,0.04286511828004941,Financials
2006-07-18,113.82960419689806,120.2037792622145,107.48932502389627,113.86171170917883,528209,0.0371331589161089,0.04154235496856053,Financials
2006-07-19,108.93867380386673,115.71269154119211,103.23577024615498,109.95650486398553,1644832,-0.03489977959513414,0.04107851663254721,Financials
2006-07-20,103.1480921279707,112.96047002654474,93.5441618838229,103.3387847418172,1833828,-0.06207211428420593,0.040406123488311865,Financials
2006-07-21,102.740004824161,103.50648925928044,102.2365229646829,103.0017248295397,1625291,-0.0032670289782434285,0.044542855297330174,Financials
2006-07-24,104.55208805897145,106.17682592298927,102.45705424534025,104.0743683523568,859065,0.010359989897102153,0.04109566629442596,Financials
2006-07-25,101.04800336131746,105.20498334913081,97.59998013978264,101.73356689942138,1225657,-0.022748417298959156,0.03830381755316907,Financials
2006-07-26,103.34612989822861,104.70407180252457,101.28013598393112,102.62865038967344,958133,0.008759830714081674,0.036760978288918104,Financials
2006-07-27,108.64421102903285,119.27730854312794,98.58097843082042,109.16576656327224,1625119,0.06175038383176093,0.03453412536792487,Financials
2006-07-28,111.70510942643139,115.96010839417094,107.6144707918034,111.8636635124235,1463527,0.024413318576813885,0.04032432438922581,Financials
2006-07-31,108.21561509750615,113.02702318143862,104.68795335076308,109.45883440726163,1480072,-0.02173230264144109,0.0386036582275302,Financials
2006-08-01,111.37810459175185,114.24080870482284,108.4885816858065,111.3505783023532,642059,0.017135050158281432,0.036919343027107705,Financials
2006-08-02,110.06634973175572,111.6796263036258,109.07881808233013,110.68653030194439,825199,-0.005981432422851069,0.035135050921147395,Financials
2006-08-03,110.77582194086763,111.0601460889637,110.21368633926089,110.49729560425347,1353871,-0.0017111083334162111,0.03305970466685488,Financials
2006-08-04,112.38481692506178,115.81634526205079,109.18779949714857,112.6128412139213,1148705,0.018964705466961024,0.031221698254371686,Financials
2006-08-07,109.62282789877229,114.53244458896835,104.4050219467002,109.30018877783472,798236,-0.02985762962150969,0.030557888695505714,Financials
2006-08-08,111.3008300635509,112.40802628113163,108.9329315266155,110.0274605438257,1236728,0.006631853610606755,0.03131691805101231,Financials
2006-08-09,111.34862466462705,112.40349671279043,109.67560355440924,110.72456349829027,552212,0.006315731642191715,0.029852917902910836,Financials
2006-08-10,105.90264405187934,112.8098383670588,99.39930324743862,106.28313228523751,1160255,-0.04093911511944797,0.028617138846865436,Financials
2006-08-11,113.25359288601133,122.40461526950563,103.10225012125075,112.16534043778987,1481575,0.053867444144897685,0.03172623804738173,Financials
2006-08-14,110.14567001733809,113.5656591403908,106.45605723699437,109.867406359182,1512322,-0.02069979462962923,0.036612819821981155,Financials
2006-08-15,112.5694835283264,116.20645468531234,108.63256625545473,112.25952299756692,731138,0.021539118435952527,0.03516633453901343,Financials
2006-08-16,109.1106211075034,113.77576935099366,104.43994069217028,109.10484183637467,494226,-0.028504088762625727,0.03404301560346183,Financials
2006-08-17,110.41207659312484,112.12572087629417,108.52863854397447,110.23960600733868,896562,0.010346961649157342,0.033897108881587285,Financials
2006-08-18,114.77440479716381,121.17987791083917,108.03284848886322,114.41845638993856,1446651,0.03720616470774702,0.03217561397595261,Financials
2006-08-21,112.467440717856,115.198318741623,110.10195044859792,112.82530170133882,772054,-0.014021778238867189,0.0337025356853548,Financials
2006-08-22,104.64901117329819,116.2809712559534,93.51848593552283,105.10224032165306,2083837,-0.0709070260227194,0.03222080490995044,Financials
2006-08-23,97.28728908719748,108.92429556577325,85.43830416754153,97.04650987142003,1124341,-0.07974324695281729,0.041045281898703774,Financials
2006-08-24,94.90340992341646,98.66996006737594,90.7614111446053,94.5124445578691,1548695,-0.026458832525961293,0.04900632559274311,Financials
2006-08-25,90.69665806806522,96.27592663244782,85.18335827207753,90.75884650430525,1449937,-0.0405255637376048,0.04611189034595187,Financials
2006-08-28,94.27905141684916,100.0540809380086,88.66703990212494,94.43291085691845,1549429,0.03968369381734689,0.04524813081729754,Financials
2006-08-29,94.97910534960981,97.4498177621159,93.17683697631811,95.6351015850284,886029,0.01265027970560961,0.04443122783826435,Financials
2006-08-30,91.27072831328985,97.38969038182681,85.82365050254215,91.90477252922268,1521613,-0.039786964279503526,0.041271196278604885,Financials
2006-08-31,94.00591701343923,96.51859583015815,91.05644583022232,93.55712901810313,1357634,0.017819295469523124,0.041232265191236794,Financials
2006-09-01,95.0657034157223,97.5931307638632,92.63836899554411,95.16330427846013,1536422,0.01702215298096484,0.03882922672285539,Financials
2006-09-04,107.1496405101113,123.82006507337627,91.0771944335946,107.6696218029359,1657581,0.12347307303504367,0.03673731253279194,Financials
2006-09-05,113.49115486932992,121.82558506641915,104.76841211232951,113.07206573345253,857947,0.048957884025912106,0.058877364669397435,Financials
2006-09-06,108.31218432258211,116.29480349268809,99.71685590226575,107.65072548794964,1946917,-0.0491334021808149,0.05685742183369526,Financials
2006-09-07,106.09560235238786,108.20488267214648,104.42216877447295,106.52468128224987,1601640,-0.010515255680166207,0.0552116547074897,Financials
2006-09-08,105.6059245593511,106.76617674044103,104.88107080075315,106.0383548837249,916766,-0.00457584023890356,0.050549451458291275,Financials
2006-09-11,99.33563180760022,109.78440056654995,88.45876823218225,98.85721387711082,1825439,-0.07012434221782302,0.04633938261642155,Financials
2006-09-12,99.22467801073873,99.31197733677942,98.71232183622897,98.79924686170925,998863,-0.0005865431046045198,0.05055179730473727,Financials
2006-09-13,93.19427651355598,100.95797925479356,86.45334159938493,94.14805553021158,1326205,-0.0482213798697571,0.04630808756052692,Financials
2006-09-14,88.5927031407836,98.01927470425342,78.36928128196271,87.70096926093954,1328488,-0.07093565067460053,0.04652253647741334,Financials
2006-09-15,84.50211519264558,89.9672600890143,78.56730705646802,83.99997629431351,1610252,-0.04311643469049609,0.050855256372651855,Financials
2006-09-18,85.52939984757192,87.56699500713485,83.31153723889791,85.34473301958639,533308,0.015882220329650993,0.04947584988300342,Financials
2006-09-19,84.30310001584967,86.05587089421746,82.4199394401833,84.16994178610972,929201,-0.013860865361916419,0.04578345242231443,Financials
2006-09-20,84.37707654037418,84.9839081147316,83.88900326874794,84.49515184480188,648009,0.0038562864989576135,0.042493742490539,Financials
2006-09-21,83.895325405688,85.09419695544801,82.49801717962855,83.6940119423614,1439216,-0.009526725070498539,0.039329443963983246,Financials
2006-09-22,84.00846130271573,86.20696001586725,82.50937258387926,84.69560948351776,1261623,0.011896331199581361,0.03675673956702646,Financials
2006-09-25,84.97547032536316,85.30515435055126,84.14907764579861,84.47682705716035,1137325,-0.0025865034848745355,0.03467094932764441,Financials
2006-09-26,85.78551964848414,88.63554516163819,83.29067581123799,86.130663726219,1058771,0.01938822812574936,0.03259851655928011,Financials
2006-09-27,86.05015718733688,87.7061660475443,85.11122172870462,86.7594907031091,777539,0.007274326891219502,0.03172563843283445,Financials
2006-09-28,84.02028942139982,88.35691218246083,79.49839280666315,83.82493241210953,1398186,-0.03440932970615289,0.030218376560212527,Financials
2006-09-29,82.88816170328585,84.46324038120494,82.51037650501347,84.08002295317442,804032,0.0030385135063053276,0.031750913706094376,Financials
2006-10-02,81.62077601599293,85.61755102799148,77.39458010761034,81.37954248828302,1739794,-0.03264507892137178,0.030131068709667128,Financials
2006-10-03,83.09144887412673,87.23104319819608,79.58656603832266,83.70047117490586,755402,0.028120686170033684,0.03140318802186705,Financials
2006-10-04,85.09584312578758,88.51809528101101,82.20982682073057,85.61448915213182,904328,0.022609927810386257,0.0317418355321556,Financials
2006-10-05,87.12508021902369,90.1068885083845,84.42706627205203,87.40035023811997,1323678,0.02064475533481387,0.031348311337278834,Financials
2006-10-06,87.23486546124633,88.9553787695903,86.30887427430906,88.02104237696628,869809,0.00707661385954019,0.03082376011106238,Financials
2006-10-09,94.42154433110149,105.45425286468591,83.85390023564491,94.83979789720296,1762483,0.07461322639389555,0.029454967653436862,Financials
2006-10-10,97.7728946300908,101.83198115671524,93.45352540208286,97.50133813642759,1078504,0.02767697217776215,0.04036268237503568,Financials
2006-10-11,95.29501187004227,99.87368146309353,89.89071102299407,94.42770904262356,1157880,-0.032031544311366955,0.03896433139610772,Financials
2006-10-12,95.91921569928166,97.75644885244647,93.80930859947574,95.64121697523666,1580184,0.012769308977148338,0.038320729006142674,Financials
2006-10-13,93.59652052883061,96.2152115612079,91.86914843087996,94.47168779954235,1316858,-0.012303677445776807,0.036044984464039684,Financials
2006-10-16,93.97751638166729,94.85360912934294,93.01113235394354,93.88637545257474,1144511,-0.006214910270790132,0.034089584858336824,Financials
2006-10-17,93.4459114740957,94.33337896262864,93.17937344872924,94.06507488255026,1281554,0.0019015494001599978,0.032178775661949814,Financials
2006-10-18,90.75148482624296,95.35866860197136,86.77952466412863,91.36007213152155,1443893,-0.029178293297123258,0.03047820969151342,Financials
2006-10-19,85.87593115473055,93.56900808096476,78.91860339965301,86.55654008639355,984419,-0.05401069241424503,0.031158352536034897,Financials
2006-10-20,87.79672567324783,90.48551754253832,85.43959209796702,88.1197125370287,854990,0.017898416728761486,0.03625255274415574,Financials
2006-10-23,90.69028761819742,94.24437181750125,86.90752370187724,90.45228058443946,790263,0.02612616552918643,0.03463309201592743,Financials
2006-10-24,101.25550618410465,116.44383211172034,85.72743462868634,100.85580544551334,2098981,0.1088694026130017,0.03408734851606567,Financials
2006-10-25,104.36871825263924,110.25747343624131,98.69830270167311,104.5758066475973,1270447,0.03622040298345645,0.05298527990754941,Financials
2006-10-26,101.54197485030895,107.29793019551616,94.9895033338574,100.69759458013759,1046671,-0.0377903184286927,0.050425584263820725,Financials
2006-10-27,109.62086540374726,123.30344885596904,95.7758742106116,109.43529529820543,1875971,0.08321155163193383,0.04846037415992004,Financials
2006-10-30,112.72871759397354,117.10776139636293,107.94374558653298,112.30638345682918,1853899,0.0258972389399587,0.0549304163439952,Financials
2006-10-31,121.29008817237785,134.54128885896992,107.59472150058956,120.79144427885653,1701063,0.0728347544649013,0.05113199154625919,Financials
2006-11-01,117.72468191704289,122.63817944484279,112.57362542957459,117.47677606342639,971427,-0.027824793961571573,0.054656378093354725,Financials
2006-11-02,118.4267103987275,121.84681429658744,115.81442545837884,119.21709486505416,1019873,0.014705494121235743,0.051048884482205716,Financials
2006-11-03,127.95488240517335,140.8044761819085,114.6706682426518,127.47174387160253,2014298,0.06694856569857953,0.0470874571314328,Financials
2006-11-06,134.6777433842816,146.98454693157657,122.87493774370718,135.1411311937853,1688459,0.05842492527710873,0.050458888836835976,Financials
2006-11-07,140.48262758633447,149.49795551353475,131.81848795970262,140.81341487836465,1580617,0.04111606668854127,0.05146746889214484,Financials
2006-11-08,155.25048712486904,176.1184972147849,133.31249587962697,154.0143505448325,1715541,0.08961006811798951,0.04972624985177953,Financials
2006-11-09,150.92467610184616,155.33566895341298,146.89851176620294,151.2995054280798,1605705,-0.017784431455623563,0.057294455104083944,Financials
2006-11-10,166.2881511149095,187.96781005648228,143.52156250592918,165.03826929905807,2324907,0.08691603018101411,0.052664661480627394,Financials
2006-11-13,188.22546942550136,216.45928983932654,159.63803651399414,187.80945472234603,2442984,0.12925052798775527,0.05875383136833977,Financials
2006-11-14,191.98625833388934,200.34448321038252,184.45734784603462,192.78427768949737,939026,0.02614392145629831,0.07326298525268043,Financials
2006-11-15,190.35952444983565,193.85434096784033,187.11653291227847,190.6071311675381,1415107,-0.011357426767165434,0.06705592964738123,Financials
2006-11-16,198.36120001612673,208.453557503223,187.15083074322354,197.18325598414683,1190469,0.03391912493060051,0.06096348769645124,Financials
2006-11-17,215.14546203952412,240.01231889124045,188.36148409143917,212.97779897694886,1549191,0.07705440036083758,0.05697204157392416,Financials
2006-11-20,223.385048675738,240.27696119424272,206.87119175856236,223.73708016456996,1526061,0.04928368308464814,0.05989372178388976,Financials
2006-11-21,225.51239791128862,232.38322806897062,220.34708824464252,227.17972857647828,1259956,0.015269846845044299,0.05774199979268988,Financials
2006-11-22,219.4553498145112,230.0830822119226,210.56916445389305,221.12912245462576,1223525,-0.026994664649335906,0.052936623102044056,Financials
2006-11-23,222.94363134886376,226.0200840416662,220.0057059922601,223.080356931172,1225861,0.008785256132020126,0.049508945053271004,Financials
2006-11-24,212.47370674760174,230.2081202643143,193.39432693387718,211.0062577811627,1190703,-0.05564426076737842,0.045524560635178304,Financials
2006-11-27,223.0212153333503,242.69111941319105,203.8319533455618,223.46377828395183,1699946,0.057361544309006016,0.047142667089092684,Financials
2006-11-28,233.20937144464241,247.58157328100495,218.48686353303444,232.83605890469565,1471678,0.04108526098910537,0.0486980170340182,Financials
2006-11-29,239.61839545401097,253.34967034060188,227.29508419534187,240.95749087327394,1223383,0.034285935449765964,0.04743835253271193,Financials
2006-11-30,241.62653895522524,243.20827630591012,238.33772157596277,239.90821039210843,1076306,-0.004364138027564316,0.04557023851445276,Financials
2006-12-01,250.60839409318916,266.5003844190902,234.39755062292878,250.26795229544123,1248955,0.042275759579416615,0.04200207335025065,Financials
2006-12-04,234.44067506101868,257.32918510110625,211.78461978067227,234.65264528219768,2030618,-0.0644258375797335,0.04218323493733457,Financials
2006-12-05,227.54203431641452,238.99244506126146,215.49241468373359,226.91107413820535,1218140,-0.03354811864174593,0.046326488427251004,Financials
2006-12-06,240.439477766917,261.0292763949356,219.66928653788648,240.2421906798937,1145950,0.05708934550251198,0.04456160077533432,Financials
2006-12-07,254.70131742875625,277.2631210208848,232.237552212906,254.7914099590216,1245223,0.058797667905359285,0.04666334767688661,Financials
2006-12-08,250.38851447798172,256.7559894253294,244.40791709038098,250.766366929726,905283,-0.015923513637913937,0.048585484208738074,Financials
2006-12-11,241.40119568910768,256.12057677359473,226.09582823733203,240.77715882065522,1413263,-0.04064984307546304,0.04501636550882972,Financials
2006-12-12,259.7785849548034,295.9820714565114,226.4186100203887,262.2984970794083,1537288,0.0856113035394321,0.044373866094905554,Financials
2006-12-13,248.95974449339488,269.7111705136973,227.43909186777316,248.12057061752935,1431251,-0.05556835721247282,0.052674721525842017,Financials
2006-12-14,241.2618785672751,251.16248049180686,231.91254995066706,241.792586013954,893533,-0.02583452380218175,0.05275298454830732,Financials
2006-12-15,232.34611307340046,247.8123353655178,215.90076655777187,231.2971651662002,1332019,-0.04437696299293918,0.049258657066712494,Financials
2006-12-18,226.5374367116874,234.0437592128667,218.7472335892086,226.2438273379091,1462000,-0.022090013348014633,0.048337660922765924,Financials
2006-12-19,228.2720728218898,230.34269291089797,225.55145052082062,227.61612057006587,1333326,0.006047228535700875,0.04519312861757585,Financials
2006-12-20,223.37121551641172,229.19767537393997,218.57909642173132,224.3838319994646,915542,-0.014302407119620717,0.04170635977090607,Financials
2006-12-21,217.31134652807756,227.14558230715932,208.85507464448375,218.6376978963661,1248805,-0.02594210877219038,0.039015640244452074,Financials
2006-12-22,216.2150160033744,219.77060260620758,212.78171940487695,216.33539450722583,1157538,-0.01058605660840208,0.03766596737214949,Financials
2006-12-25,220.2547568172552,226.79539221631762,213.9617901913262,220.4955459303332,1485946,0.01904753906147649,0.0353806411423155,Financials
2006-12-26,202.2368059525821,231.97773123689413,170.50618935873334,199.90406146202722,1941767,-0.0980399360516183,0.03399784001606304,Financials
2006-12-27,222.0324073740957,255.33726848021004,187.91435468575787,221.07571139500928,1789769,0.10066766957769181,0.04966343584325459,Financials
2006-12-28,233.94594828243592,254.28019831475407,213.81229887134543,234.13065300877037,1790520,0.05737407738527056,0.05994382739311991,Financials
2006-12-29,220.1398128932417,241.38621093752258,198.35203200306194,219.54059788911354,1663392,-0.06434213410421583,0.05889293393439127,Financials
2007-01-01,205.7928559126424,225.64504886300878,186.23837578942823,206.06473475540685,1649230,-0.06334680581757705,0.05912434918951069,Financials
2007-01-02,220.43670916738043,247.56870552445866,195.37165058770123,222.2926182546544,1508561,0.0758042483769403,0.0591478960298676,Financials
2007-01-03,221.27377370567925,223.2973080888251,218.9210107932604,220.94150661530387,1125957,-0.006096623650896904,0.06132472172465971,Financials
2007-01-04,208.74035325513535,226.42115257938033,191.33585573017731,208.99539039168405,1839172,-0.05558579435663848,0.0558045922722912,Financials
2007-01-05,228.94519301907522,254.77667188682355,199.8994235077711,225.32211717270465,1496650,0.07521881409581462,0.05527014650858188,Financials
2007-01-08,203.79880609645488,234.41137007401218,173.444903319882,204.0239362869097,1793697,-0.09929368857442943,0.058245272556330205,Financials
2007-01-09,185.35810070881035,213.07199634482208,157.05740315459246,184.66813884817137,2510961,-0.0996769515513795,0.06552018703221413,Financials
2007-01-10,198.9115362683633,223.72565461754246,175.22940994384467,199.92309369567687,1987739,0.07937239092580896,0.07088469600397158,Financials
2007-01-11,204.7641839239463,209.15415607813011,198.45318272896628,202.80106731149112,1010714,0.01429277350513724,0.07116676589709756,Financials
2007-01-12,210.13476862608218,221.3397656060754,198.93303017004516,210.13786223764507,1384319,0.03553826758981712,0.0646715498559622,Financials
2007-01-15,228.82007693191127,259.2299722158321,198.91601528677035,229.26744489988272,2154310,0.08712540159967198,0.06029405242733798,Financials
2007-01-16,226.16128736791742,232.4123161048012,218.86035617173474,225.08154105101562,1037471,-0.01842646254695412,0.06439661130117084,Financials
2007-01-17,220.7469437282101,230.6215391513027,208.6956451335787,218.4683112930771,1409586,-0.029821765611850553,0.05889370947697566,Financials
2007-01-18,223.96039787425005,228.3449164169008,217.0051462832495,221.3383321077847,905812,0.013051469766580668,0.05484684009492209,Financials
2007-01-19,221.0882819006146,222.06781481826602,220.65154713589155,221.63000993140878,1196958,0.0013169242047221484,0.050319894914224124,Financials
2007-01-22,233.23185695611616,253.93956786840607,213.72416794621395,234.33925522895916,1545158,0.05576050448823745,0.04610784751804181,Financials
2007-01-23,254.67531548260385,285.22047336242065,223.4004246423458,253.8461322352169,1883411,0.07995843078845817,0.04761440917742241,Financials
2007-01-24,238.30217524133337,260.1800155444021,218.29638704937383,240.02923810193178,889378,-0.055967563512444606,0.05359765076171627,Financials
2007-01-25,240.09479773491472,244.7905070719511,237.25523196939568,241.92924556250512,1049826,0.007884568351911748,0.05355391450274996,Financials
2007-01-26,253.53138171658736,273.23011143504107,234.61997288812668,254.26405132658115,1819553,0.04972798949099722,0.04902797537700978,Financials
2007-01-29,248.8192662121628,256.34215207972187,242.50704817782054,249.99998086514782,1136093,-0.01691245786666693,0.0489277511896618,Financials
2007-01-30,254.30866967515752,266.7873593907656,244.27629166690892,256.66213797439207,1060405,0.026299740445507962,0.045365675943886574,Financials
2007-01-31,262.7519982836485,271.5472967360514,253.66882786748744,262.4541564319566,1036216,0.022315842847642504,0.043013801217769,Financials
2007-02-01,268.01885763907325,275.7638900310559,259.82757222705504,267.5593253578906,1050918,0.019264894170027472,0.04067983778804309,Financials
2007-02-02,293.58080170217136,332.68259100824423,253.4583662056553,292.4033288566772,1650246,0.08879279362356593,0.03846491627543927,Financials
2007-02-05,309.1761549874856,333.8188852414925,283.7830340806185,308.36077487175,1476289,0.05313633205856262,0.04966149269990601,Financials
2007-02-06,297.1925190800176,313.1431579620782,282.40236722944394,298.2979909423443,1429736,-0.03317748799410717,0.04996530349594536,Financials
2007-02-07,304.1240931337882,311.5302351423857,295.79719803217677,303.18035785133856,1496337,0.0162349123834776,0.0475640315700153,Financials
2007-02-08,305.351924517674,307.4659171835353,302.4742291738739,304.58289776352143,996107,0.0046154234859782034,0.04415207284340803,Financials
2007-02-09,291.15066921246256,315.9175508515898,263.30949609210387,287.790547223551,1030855,-0.05671034337907025,0.04077646072415954,Financials
2007-02-12,297.5782631105409,315.0663593991925,281.1482544747346,298.5809879247674,980837,0.03680826339949665,0.043733113955868146,Financials
2007-02-13,293.60681220713417,301.2638739301663,285.7820929708774,293.4346652200599,898615,-0.017386203599913302,0.04281699946510227,Financials
2007-02-14,290.9847223233556,294.7629565607313,290.1955440700526,293.96569362961486,483438,0.0018080634314219344,0.0401494503810239,Financials
2007-02-15,307.01089274859186,324.2209444303273,288.05314190552605,305.159405093136,1649218,0.0373712075330794,0.03728368351872501,Financials
2007-02-16,299.96510597182686,309.6388928104089,289.0365896712046,298.6685633911853,1156095,-0.02149980480171943,0.03770344172952426,Financials
2007-02-19,299.4532858914132,303.3135710197056,296.67276747165835,300.5231188626278,892250,0.006190210740166725,0.03614658843622882,Financials
2007-02-20,299.5874177931887,304.40922981984716,292.53052523289443,297.3157755373343,869366,-0.010729894382028734,0.033926516042966155,Financials
2007-02-21,284.16190663048303,302.8871421617781,266.8071321715688,285.45348635298313,1347040,-0.04071569541628005,0.032219192846319654,Financials
2007-02-22,283.2836990612321,288.3477840497364,277.02934213779906,282.07176208928576,1232612,-0.011917581810004338,0.03433840835157276,Financials
2007-02-23,280.46806118584936,283.9067312814447,276.3454238042802,279.7756040503206,1442844,-0.008173646299347562,0.03262829054555588,Financials
2007-02-26,277.3620841675188,280.24199580916485,275.9656228587864,278.83810304756054,1007254,-0.0033565301782896772,0.031011377738085013,Financials
2007-02-27,280.86280886816166,282.9532870439234,278.1394149119059,280.2251469329007,921269,0.0049620386650363404,0.029513630471309716,Financials
2007-02-28,283.804098406359,295.4248422037951,274.7242608173,286.2662327434735,1559954,0.02132888528870185,0.028293758694005546,Financials
2007-03-01,270.11493961413487,301.7868979788111,233.699431910092,264.74131302783087,2055796,-0.07816908957330136,0.028437081899809657,Financials
2007-03-02,271.44587468018875,277.234105073883,262.80561102818865,268.53170044478475,889862,0.014215799989626597,0.04078596678134536,Financials
2007-03-05,254.15166856552074,277.8845345249377,228.76207349635328,252.3242983038848,1625457,-0.062253813751895155,0.03822446094365447,Financials
2007-03-06,246.60973968655983,255.4693764525799,237.50239675645017,246.35280287814422,1011893,-0.02395049164800664,0.04301416197654815,Financials
2007-03-07,239.25122648167192,250.24639921213583,227.93963124039092,238.91956178951918,868976,-0.030637732819330604,0.04081933870070609,Financials
2007-03-08,230.2301373303903,244.7779860692456,214.58983027861296,229.06399230729056,1568396,-0.04212552682442977,0.03967083727899719,Financials
2007-03-09,229.18792637677151,231.54020748761124,227.70651046451613,230.05319866235837,617138,0.004309173802404743,0.040313822268158855,Financials
2007-03-12,225.0098204736379,231.57245863368325,220.42857225625306,226.95167386466116,1420436,-0.013573476356843589,0.037455957597208225,Financials
2007-03-13,223.32045145887778,228.65851004331512,218.1219760140898,223.45685928375644,1031768,-0.015518732269639414,0.035355266887418024,Financials
2007-03-14,215.1833557194639,227.0199774212591,204.15038277715996,215.94780909871434,1256033,-0.0341816181380611,0.033706387748214106,Financials
2007-03-15,206.7144222081437,223.70867500530943,187.62423344410175,204.43074201893018,1407902,-0.05480750565806831,0.034411537495537756,Financials
2007-03-16,207.57474040771388,212.21413932383177,202.86191471942513,207.49963499206615,465832,0.014900332307631362,0.03870274579037408,Financials
2007-03-19,213.15438987761667,222.30001916758653,204.23383311241705,213.37042143552483,1053929,0.027900142459561416,0.03649143749981811,Financials
2007-03-20,211.6034297329821,215.91907598943942,206.19601633937805,210.48893245381095,1178736,-0.01359664873076696,0.03580590315900548,Financials
2007-03-21,209.69261177142144,211.9624718752079,206.71331681535756,208.97541346091933,754915,-0.007216468221782175,0.03396145593657379,Financials
2007-03-22,223.25512415844946,244.91581391756807,201.3089492493126,222.93896452436718,1310889,0.06468142621068654,0.03210165110247249,Financials
2007-03-23,220.9007688304252,225.55801806464257,215.19278297130407,219.8274024298369,1427852,-0.014055328278169106,0.03939499761773278,Financials
2007-03-26,218.9365708990362,222.999979245892,213.0944280260134,217.12419920462247,1361802,-0.01237316765664104,0.03702979216512027,Financials
2007-03-27,216.27005330852748,217.98226409109785,215.75788705303637,217.46726262931955,1429970,0.0015787861754503261,0.03492747769181886,Financials
2007-03-28,215.78882462202714,219.9532927800414,210.54406815548515,214.6872777668108,1465899,-0.012865875284347118,0.0328072681459181,Financials
2007-03-29,229.12727180120748,246.3278216123149,208.7613965113376,225.70503988773703,1558409,0.0500465663352104,0.03139877524018085,Financials
2007-03-30,210.69130620397524,232.50367162508147,188.84429500006482,210.65265941146774,1935947,-0.06901840047128523,0.03555847704216827,Financials
2007-04-02,215.04826788878376,218.54528379668477,209.4858991681922,212.94877407445045,932680,0.01084102634951884,0.04273236679835242,Financials
2007-04-03,226.37775028923787,256.24894163857823,200.40559444239332,229.87549236835275,1476715,0.07648618533597197,0.0397300052302764,Financials
2007-04-04,215.44540900283653,238.63554148227266,190.92784787805553,213.95786383585852,1936693,-0.07175872714660887,0.047331798344934346,Financials
2007-04-05,220.65387274089764,235.3374595805204,207.82933694127752,222.4108095564421,1689825,0.03874706764435333,0.05162011764716973,Financials
2007-04-06,210.0760033594394,227.25076318879155,194.94906035576253,211.98626777337128,1725702,-0.048004667395843144,0.04956722227825087,Financials
2007-04-09,198.48484049228452,217.4127453246938,181.33057031768126,200.1173810414339,1329157,-0.05761739832643149,0.049103918716056176,Financials
2007-04-10,192.2563258379198,204.40527543975662,179.73799084646836,191.86202395362366,1269473,-0.04212761114235544,0.05026848471064592,Financials
2007-04-11,189.69579957524851,192.54194942106093,187.64975170299684,190.4873637832543,1211125,-0.00719062793108056,0.04886457599496572,Financials
2007-04-12,213.57962908936156,245.61657345276578,181.37195559100394,213.37877128353404,1803690,0.11348299487767308,0.044921633977858706,Financials
2007-04-13,204.939989298635,218.1710545981695,191.19414944753282,204.3896868458917,1390824,-0.04304045408549471,0.06038311915058267,Financials
2007-04-16,203.82261209068375,204.55178124304447,203.33613135104775,204.0647226376029,840817,-0.0015911899556382743,0.0574000780998215,Financials
2007-04-17,197.65808562723393,208.08041701905572,186.62743927855874,197.01590929546938,1492821,-0.03515272803453593,0.05230865086688554,Financials
2007-04-18,207.53854312734603,223.43383284541147,191.45690018879696,207.33673338346918,1233307,0.051059719569975945,0.04974246784842392,Financials
2007-04-19,204.24488142187815,207.8816627684469,202.61723050867056,206.2381274487693,1195140,-0.005312743219075999,0.049704272759048373,Financials
2007-04-20,190.9934514566892,212.39309443130452,171.2890843022378,192.53018582915914,1124831,-0.06877850873653191,0.045614093989483975,Financials
2007-04-23,188.5758092058432,193.13730379475106,186.76886424156388,191.30421507814094,1305446,-0.006388040869395306,0.04974021457521431,Financials
2007-04-24,171.8914668455575,198.7469192731654,147.43935023706103,173.9954975044774,1684387,-0.09483548759856478,0.045666094826611235,Financials
2007-04-25,173.7845321399315,177.10893589740311,168.50436566851945,171.79062710510559,889750,-0.012752971420167602,0.055833495588034514,Financials
2007-04-26,185.81492108347348,211.96456465670815,161.50825500448417,187.44470468770183,1034298,0.08720744253568327,0.051169318206028484,Financials
2007-04-27,184.37519199889104,188.92654590169107,179.85618559806684,184.40676563608054,1451807,-0.016339893134326464,0.05775300862793222,Financials
2007-04-30,186.62446085629267,189.87114084103004,183.31242594910057,186.5579488333559,1404635,0.01159790797640913,0.05299412062303319,Financials
2007-05-01,180.93498907954927,188.907970232098,173.7196679957821,181.663593864479,1526476,-0.026585317081650486,0.048650572215558394,Financials
2007-05-02,202.0337582505076,232.3388219880837,170.71599524950125,200.8423473523544,1982208,0.10036366742712037,0.045820512919115104,Financials
2007-05-03,230.91241971963194,266.8758103424348,196.27555676168714,232.06592203689985,2788029,0.14450121924330664,0.05736327557113418,Financials
2007-05-04,221.23340610053017,236.11179059190158,208.74240412972748,223.49319903807006,1263309,-0.03764049378427861,0.07658019758279701,Financials
2007-05-07,223.32627565281953,224.66069158224164,221.27458997429662,222.60469432139277,931922,-0.003983457016037509,0.07073996285908575,Financials
2007-05-08,219.23346747441434,224.22744808023782,214.29170468849955,219.28453419444955,1610891,-0.01502739778691718,0.06407569013060771,Financials
2007-05-09,237.0522958534304,267.0876727901428,208.0161549808857,237.9424931353004,1695720,0.0816588895655828,0.05846732981082566,Financials
2007-05-10,247.6267652920507,261.8338964523013,233.03601211462887,247.2197940466358,1387860,0.03824877638865025,0.06192712701981982,Financials
2007-05-11,247.6938108154194,254.955128407411,243.0896162411289,250.302443908032,892709,0.012392166923437411,0.05820155137990279,Financials
2007-05-14,254.6996829418862,259.15657686891996,248.80816478525378,253.23950765428646,857911,0.011665749182343659,0.05322566426622332,Financials
2007-05-15,245.22427731195563,258.2465431042334,231.45093454424622,244.431078720348,1651646,-0.035402328934754014,0.04885479019361746,Financials
2007-05-16,245.66227269210998,250.54544101249613,242.00435790286693,246.86954984894734,1572415,0.009926676297388599,0.046876765609314204,Financials
2007-05-17,226.96625130762123,255.04054118010356,200.49461098830497,228.40150378272224,2026663,-0.07775499710288829,0.04327500154291663,Financials
2007-05-18,232.40654806008524,240.94521391688,224.87965578987948,233.38658154918048,1094409,0.021591165231884406,0.05005053988721874,Financials
2007-05-21,239.04967601137315,250.20106297089546,228.94687016512742,240.0557385379494,1280291,0.028174913306206355,0.046625872611804696,Financials
2007-05-22,223.8516164874789,246.9694872612803,201.69676633789263,224.7279094011907,1397516,-0.06598076141456119,0.044252135071899394,Financials
2007-05-23,234.9798316861454,253.33442384651417,217.7241440819695,236.0035590675224,559021,0.048956506835371574,0.04816243658977492,Financials
2007-05-24,239.39015584737962,241.86193463238135,235.18006108894994,237.633703954746,692161,0.00688354338340073,0.048116599763902056,Financials
2007-05-25,235.6655631153879,238.5918000329061,232.7677987363267,235.69368980560165,1212967,-0.00819739165042215,0.04426367826670424,Financials
2007-05-28,241.44418467482672,251.55469148829206,231.89910019656222,241.9881040829359,633351,0.026355530826913245,0.04095727231444016,Financials
2007-05-29,237.66832525884186,243.62930780242968,232.69496936856103,238.63570881619617,1335288,-0.013950410051106348,0.03932163049933994,Financials
2007-05-30,233.7025411299529,241.15360295143904,226.1686700386261,233.61700473103065,1655191,-0.021255115685264503,0.03696139325283069,Financials
2007-05-31,224.89728374171716,237.72774399524957,212.0714279880168,224.90163981537248,1242608,-0.038019892282410955,0.03550609334144514,Financials
2007-06-01,226.53639851185426,228.67410129799345,224.1852808029519,226.32095052168165,1292421,0.00629097663828573,0.03640567212498695,Financials
2007-06-04,229.60705940879114,230.98217795374595,225.8655215563401,227.22638220617927,901101,0.003992672085070238,0.03415018050255606,Financials
2007-06-05,217.60868947036118,231.71175998052425,203.5392661495739,217.6402933223445,1301331,-0.04310312961316301,0.03217730686745805,Financials
2007-06-06,222.84743880737025,228.06983551731116,215.8865609658754,221.06723895606686,1201138,0.01562323455571222,0.034741692951861455,Financials
2007-06-07,212.19705707796297,225.06763292821142,199.72151043946815,212.5701512372301,1267608,-0.03919484655847108,0.03319941267592781,Financials
2007-06-08,207.81403365752186,214.59505530565178,201.63292443714641,208.3966180086259,1342273,-0.01982897597301486,0.0348166081221672,Financials
2007-06-11,204.29776232062247,208.86345326191537,202.91230808044097,207.4565773788016,869668,-0.00452102925469857,0.033596654656778066,Financials
2007-06-12,211.5315472831117,215.31173891312898,206.19113630718664,209.9429385767887,1143864,0.01191372060438791,0.031718356185807005,Financials
2007-06-13,224.46649387214686,243.61187361274008,203.27228118220305,222.2266153744304,1107132,0.05686187846369087,0.03043244660062168,Financials
2007-06-14,214.06872353187782,225.7760503353178,203.0731268193297,214.7456817982569,1058967,-0.0342431985739094,0.03641288272360051,Financials
2007-06-15,209.43407606232645,221.77002447511478,194.3148123543705,206.47655904181943,2102279,-0.03926756219975459,0.03655964879317054,Financials
2007-06-18,203.9942947050421,206.87746662556566,202.7966777963229,205.67001185741606,1040793,-0.003913890207732982,0.03742429093611154,Financials
2007-06-19,211.13635113733446,222.14571148183666,201.23920601588395,212.1987650603337,1584955,0.03125040625212811,0.03496798281485943,Financials
2007-06-20,210.03685435798576,213.34608959172473,206.6732008774111,209.98156499977875,703527,-0.010503665317385167,0.03499565746418691,Financials
2007-06-21,208.92407097726397,211.66316037027224,205.42526300020018,208.15425981954343,984086,-0.008740302574027312,0.03311051012662757,Financials
2007-06-22,207.82584466786182,209.5795047212596,205.24001468545453,206.98659303025167,1730441,-0.005625415376675697,0.03144047770055725,Financials
2007-06-25,196.70863200560365,212.55287392824994,180.36455397586906,196.16500881472984,1399736,-0.05369783644334408,0.029925736501469954,Financials
2007-06-26,195.0035261587756,197.6844841565339,191.70295175181096,194.37527235675734,759671,-0.009165502629853004,0.03534060568140773,Financials
2007-06-27,196.51802466476082,207.28976362463482,188.84558968469332,199.50087262448739,1892948,0.02602792625309513,0.033343180617806625,Financials
2007-06-28,196.1620892742083,203.004638035045,188.1160088344954,194.91505852399698,1299489,-0.02325474402709123,0.033030774994311354,Financials
2007-06-29,189.75854852017838,198.69940613151988,179.98784899867292,188.88767357656835,1078646,-0.03141134766985479,0.0324644905295723,Financials
2007-07-02,189.1954928933871,193.0106669059808,186.73480227349606,190.53258595451723,816343,0.008670716136906615,0.03303264189617938,Financials
2007-07-03,191.560429550217,192.02183053956907,190.37911911741554,190.8387819141041,794543,0.0016057630497608095,0.03137198658456302,Financials
2007-07-04,174.32784071879905,197.8189699964603,151.366939933554,174.79636004466545,2102442,-0.08780735840613593,0.02979510035316878,Financials
2007-07-05,171.1012006495079,176.70595732675716,165.41842453987397,171.02053898551924,935517,-0.021837979145181804,0.04434769703810853,Financials
2007-07-06,171.26851695952112,172.8371989254321,168.42257183038447,169.97944695105045,856371,-0.0061061308630421815,0.04177211014587242,Financials
2007-07-09,168.4448086519712,171.75772393527137,164.46571239350573,167.76526259578466,523035,-0.013111773562758309,0.038749452563211884,Financials
2007-07-10,165.39669756446537,168.11941749012874,164.3402583544054,167.0524027852656,1128930,-0.004258203561967354,0.03642806404481363,Financials
2007-07-11,167.91946268513448,168.18439761313584,166.96436221142025,167.22820651000882,1252169,0.0010518333164598098,0.03412217643525552,Financials
2007-07-12,166.5266067314887,169.86775159429968,161.69564372225247,165.00628526577597,1255350,-0.013375819950094885,0.03211890864805042,Financials
2007-07-13,152.01657867815499,170.6356357184993,133.62766123141165,152.2218832864756,1919017,-0.08064435079665805,0.030856706209413373,Financials
2007-07-16,165.51805969296456,183.63281621889777,145.8229400170988,163.7434818065336,1498494,0.07296185306318857,0.042862988134139766,Financials
2007-07-17,155.64044147036097,166.78502143884444,146.22562745793218,157.27154092401528,1353999,-0.040327196554166736,0.04866521757674647,Financials
2007-07-18,147.84161542318552,161.43454168828944,134.5664116708671,148.13315922219363,1208536,-0.05986227767835253,0.04731368870339131,Financials
2007-07-19,139.51129994526048,152.3667980273985,126.47037388517329,139.30705112389288,1494567,-0.061431095962272426,0.04927871705212264,Financials
2007-07-20,140.04958392765522,141.96174126120928,138.45796054399906,140.36651603498487,1085022,0.007576475602518698,0.05107622241426453,Financials
2007-07-23,141.95606402125736,144.24702763001437,139.59506176581937,141.884876512117,770339,0.010759026625843693,0.04685760177679252,Financials
2007-07-24,151.79781461600132,165.71173694986797,137.00066233155974,150.8254575546969,1091878,0.06110725800659831,0.04328823597131578,Financials
2007-07-25,149.74051613725516,151.83505560911763,147.33538477062302,149.42551811508582,1055336,-0.009325195905084113,0.0464673180414945,Financials
2007-07-26,146.44938524748957,150.74572489025235,142.42151117434608,146.71066471129933,1392540,-0.018335682171405354,0.04290003739597146,Financials
2007-07-27,147.88521862363967,148.71549902325316,146.4340428873761,147.26081767721914,1028444,0.003742904609132525,0.04028349727821827,Financials
2007-07-30,146.79850877204785,148.28988186799933,146.18438062510856,147.6720990763416,1346719,0.00278898449344566,0.037420709808985916,Financials
2007-07-31,149.98360068573226,153.0280563914552,146.64566352268739,149.6840385390379,1031779,0.013532393727507664,0.03494873936585367,Financials
2007-08-01,153.81622959082,156.81583220217226,148.68553940611505,151.64275666528118,1723668,0.013000806739019056,0.03323552855919911,Financials
2007-08-02,156.5921393533805,163.41501362114806,149.31020961865016,156.11217119961762,1138482,0.029047325516855113,0.031765286607667656,Financials
2007-08-03,155.34744554573336,156.35693093185319,154.61213112519076,155.62032487689353,736182,-0.0031555691950579602,0.032152586436648256,Financials
2007-08-06,158.13795779510045,163.4998879097691,153.40982256142584,158.7533530948678,1242232,0.01993253359112706,0.030471703171871273,Financials
2007-08-07,159.58965872304668,160.84463906438373,158.3328419285667,159.58780771394785,859475,0.005242529920709314,0.030040233681846006,Financials
2007-08-08,165.2194305028092,171.53558661796873,157.44897325475387,163.70732317913968,1126985,0.025485929412933633,0.02874117481459939,Financials
2007-08-09,165.14482339719166,165.6640464199614,163.53503525778126,164.05081867872056,816564,0.0020960310757908358,0.02929631365009675,Financials
2007-08-10,159.8830367276075,165.11273928789382,156.69405666251464,161.88385155817798,1445150,-0.013297137417297999,0.02805847816130587,Financials
2007-08-13,161.56179719077983,162.6648726178664,161.09483726896062,162.19607943847055,1307472,0.001926857833715126,0.02750172061720791,Financials
2007-08-14,153.3516501280419,166.44266903450418,140.14309216885562,153.22314074138987,1496260,-0.056910675107535946,0.026563746473196686,Financials
2007-08-15,151.00465745096048,154.1990656264043,148.0423798995304,151.23232195153994,552047,-0.01307808470473649,0.03391651282978753,Financials
2007-08-16,147.4275046150421,153.46330613834263,141.13556054841783,147.1604277274862,1902041,-0.027293873641199763,0.032340675919933295,Financials
2007-08-17,150.90021757557977,158.93011760500195,143.83777430560735,151.8244197554777,1146277,0.03120138319851495,0.03238022214126687,Financials
2007-08-20,149.68779665510928,152.7642900936061,146.83595624808046,149.90824963336462,1269628,-0.012701282138581805,0.03293648396169994,Financials
2007-08-21,148.5703540269253,150.2822302620806,147.4471361361792,149.1545954042229,1305095,-0.005040116731688911,0.03149679294471157,Financials
2007-08-22,148.93194027433518,149.67135100880031,147.9236648311544,148.66173405770172,978608,-0.003309837290345012,0.029957449643485737,Financials
2007-08-23,141.8699102251801,151.165823701608,134.1528404290154,143.36730265296072,1290110,-0.03626359662367651,0.02862869687475961,Financials
2007-08-24,151.2105740269458,162.80748975310382,139.31599884903412,150.88818969068515,1905039,0.051129209716473174,0.030869711592598412,Financials
2007-08-27,163.36308590784418,180.5815629523839,144.810668406878,161.8719831495962,2211122,0.07026669845619411,0.03541864887291479,Financials
2007-08-28,157.49554056599212,164.68671745380306,149.84947271315426,157.0188857525038,1303595,-0.030439705835343927,0.04294410189043799,Financials
2007-08-29,162.9521223331417,176.53324587306355,151.2585788190049,164.71331789320956,1491467,0.04784040590863588,0.04140462611161217,Financials
2007-08-30,173.44189770924018,185.88700815574447,160.38610969912452,172.78401454696092,1549575,0.04783584824226427,0.04260023610708483,Financials
2007-08-31,181.04429108468025,194.7470765244108,167.7675545868042,181.4412307756906,1503269,0.048889460210102494,0.04353233682748997,Financials
2007-09-03,185.27043444251376,190.04336915581453,179.82907615886103,184.58433560205052,835421,0.017174658682635898,0.044436228211617045,Financials
2007-09-04,181.95641063506613,185.9318117895515,177.94077408127094,181.9152765339603,1153627,-0.014565397432679476,0.041519971547072196,Financials
2007-09-05,179.7493910253232,182.4052614701667,178.28099418876448,180.92724260637502,1442325,-0.0054460892400718525,0.038870928084772216,Financials
2007-09-06,181.05699576784502,183.94586216538892,179.25412871452113,182.1322879376889,1025418,0.0066383039428296875,0.03623821495795358,Financials
2007-09-07,180.26304008929654,183.59727765700777,176.57267703713646,179.90020339134176,846022,-0.01233100830896725,0.034017299136714085,Financials
2007-09-10,173.83615206093646,184.38205078468567,162.2883282039926,172.76951883422424,1275435,-0.04044382636070798,0.03238131216199745,Financials
2007-09-11,168.46993674916436,174.36295601822755,163.62486526263262,169.4885888465027,1656408,-0.019172843060403465,0.034412133986000404,Financials
2007-09-12,167.7642954034245,171.32414931021975,163.56191533575233,167.1078396603562,788261,-0.014146251633320112,0.033203850063346335,Financials
2007-09-13,167.31970714277372,168.9126848788351,166.23915611031595,167.82884582764365,1027857,0.004305334782573867,0.03181216736587322,Financials
2007-09-14,160.80596301690701,170.91269140024366,151.19289070485047,161.27177271820065,1582116,-0.03985371409411333,0.03020582030255046,Financials
2007-09-17,160.7541789991357,161.41527025575812,160.32353140526052,160.98400697111984,576264,-0.0017859467026255164,0.0326827331045657,Financials
2007-09-18,145.68496567357906,167.5377105246159,123.32636508251345,145.08984127354523,2179552,-0.10395187892643457,0.03090319199356456,Financials
2007-09-19,154.12795406042224,168.31044825988704,140.03458063862354,154.20960841026917,1268569,0.06095962499778481,0.049848819345730815,Financials
2007-09-20,151.28379121485946,155.39654372154922,147.67694415323498,151.77791593780816,1275883,-0.015894397466114468,0.05143282234246171,Financials
2007-09-21,146.8011312603372,153.98378336724423,139.98623007114603,147.15256756475063,1369789,-0.030948449923071438,0.04747802599003676,Financials
2007-09-24,148.53332143769208,149.36038133446655,146.87741156042202,147.69983043133774,1178162,0.0037121183259044323,0.04524379896101359,Financials
2007-09-25,143.90895561153755,149.117845770625,139.59355037654427,144.7764276083585,1514650,-0.019991367535838057,0.041709328080293005,Financials
2007-09-26,149.7402458030937,158.83822052046216,141.27367446259728,150.33785909536994,1620519,0.03769448128919565,0.039391403320020967,Financials
2007-09-27,152.84020311522795,154.77884421252577,149.6914222814984,151.6145166435925,1438947,0.008456069619484691,0.039426859022317205,Financials
2007-09-28,158.42148129763126,168.11408362360615,148.26414315160523,157.92645882766024,1542602,0.04078824936527009,0.036800917609537624,Financials
2007-10-01,172.6198638287295,193.47499686610203,150.49241669259192,171.17271148094102,1706389,0.08054358123413737,0.03785496298328265,Financials
2007-10-02,172.13314409662146,173.63734957473096,170.6528710021437,172.15687242653345,1399821,0.005733054693394245,0.047111451364562865,Financials
2007-10-03,167.79789041610474,176.5622703017706,157.58100601866238,166.26533798685227,1341243,-0.03482117629302724,0.04336497742600676,Financials
2007-10-04,173.57506895992506,184.5139293801305,162.47181770349778,173.39962124757497,1416240,0.04201394622607928,0.042264573362225874,Financials
2007-10-05,160.15787178276042,179.62183136237883,140.47164571625962,159.90485637541062,1529787,-0.0810198893669096,0.042353406956418045,Financials
2007-10-08,155.02461369029447,161.50170803437635,150.18091169003077,156.60851739260923,1276882,-0.020829819149193764,0.05019643648314798,Financials
2007-10-09,164.0523609082589,178.42741961370513,150.9139193224898,165.19728465806494,1297428,0.05339125269935969,0.04669933611255716,Financials
2007-10-10,163.33381316569205,165.9748355472338,160.98259707007725,163.61950684586867,1157110,-0.009596772197355288,0.04766818933422897,Financials
2007-10-11,160.27128940800463,165.8364819326376,154.32392926423242,159.87537419636556,1206491,-0.023149051607804765,0.043950195961045616,Financials
2007-10-12,162.22915714014874,164.81247662090402,159.0086318749265,161.58164036893513,1245687,0.010615927602227387,0.04154127548068992,Financials
2007-10-15,172.13774127992116,186.78668424122162,156.46045582805067,171.01374671345832,1648210,0.0567334153543901,0.03869685701292052,Financials
2007-10-16,163.38134304970714,175.75266744563734,150.2833882759345,162.59518430281764,1587170,-0.050480363567445806,0.0421990456859962,Financials
2007-10-17,166.95549454932873,172.78259065439107,160.61431263117828,166.42281718150514,1401610,0.023268061630403146,0.043667466509201815,Financials
2007-10-18,174.1363281022717,186.00252914235614,162.2833735976183,174.14873044614714,1447375,0.0453780653117254,0.04131208671649552,Financials
2007-10-19,171.1270877235716,174.9678738629817,168.665341544411,172.48657085935992,1429024,-0.009590323433140148,0.04212156370331328,Financials
2007-10-22,163.43126460475688,177.52277231494654,148.80979488384548,162.85129605916805,1544887,-0.05748189305258753,0.0391558047878301,Financials
2007-10-23,156.1774596170067,166.7925208766791,145.05854982268573,155.63686819325184,1901245,-0.04531196450372836,0.04268684625505255,Financials
2007-10-24,146.49592055366392,160.3143443726047,132.365239162747,146.15114120839215,1685994,-0.06288422579375452,0.04319386060124825,Financials
2007-10-25,143.32428513231514,147.67302331412216,138.87879012885648,143.2245006551234,1408978,-0.020227966148199508,0.046751808018129504,Financials
2007-10-26,136.71854447632037,145.93321751735914,128.28415021723256,137.45348363968483,1731761,-0.04112777478429359,0.043703098683561745,Financials
2007-10-29,135.01974165001792,140.03624958101338,129.10869225712716,134.09068201338317,1242964,-0.024769256553107775,0.04337848252811807,Financials
2007-10-30,131.1962073702315,134.86808623730127,128.85921563210914,132.50773236742066,992297,-0.011875301301088294,0.04119929134927987,Financials
2007-10-31,136.96337312794557,143.10831720277304,130.40541638780599,136.53095998711245,1791334,0.029910400785700526,0.03845853225612,Financials
2007-11-01,131.0935404168479,139.4627734174245,122.48879977067381,130.8419722336037,1298997,-0.04256112581374759,0.037648927925111,Financials
2007-11-02,122.53379387398246,136.3945669671101,107.61230558468526,121.33778904893451,1425948,-0.07541197496032546,0.03880297454716855,Financials
2007-11-05,124.66180798938943,129.57867738787124,119.65734257029519,124.57061517213366,1185987,0.02629444402571311,0.04644977461817314,Financials
2007-11-06,117.46367620944177,127.56213618160481,108.01982334272687,118.06957057708497,1225274,-0.05359871335814029,0.04392920347168236,Financials
2007-11-07,121.1319974555751,125.2864118799297,116.65722155218364,120.80025846030793,1812026,0.022864393177798776,0.0455493495581703,Financials
2007-11-08,120.73935439947633,121.27208964913285,119.91400613954902,120.4454445782131,674953,-0.0029415167479634346,0.042874370752773235,Financials
2007-11-09,125.19353822029998,132.16913090832256,118.03859269495665,125.0036024521479,1747482,0.037145648181659344,0.03964678060163004,Financials
2007-11-12,128.21737123199213,131.17522955268723,124.01252929954882,126.94094154652022,779778,0.015379394602952547,0.039553301334836415,Financials
2007-11-13,120.1035443511756,129.8658176301052,110.88595667205041,120.60940654141864,1734737,-0.051164671999873235,0.037243117269376055,Financials
2007-11-14,123.21802734012148,126.8529123849548,119.37624253748618,123.00483859525177,512112,0.01966641366418391,0.04002890675849878,Financials
2007-11-15,119.99004194966206,124.38368084276,115.75864788908457,120.14676018514149,926504,-0.023509695703763087,0.03794556462863732,Financials
2007-11-16,126.46568712519665,137.11297219738302,116.20570499134895,126.82392660201214,1574712,0.05408572273410772,0.0365348952208899,Financials
2007-11-19,134.6487954338646,144.9229266454864,123.26014582452677,133.4422107915681,1520320,0.0508687863539938,0.040082772678443034,Financials
2007-11-20,127.30662200590729,136.3405009233174,118.24462870600365,127.2763601977208,1364465,-0.04730771934754983,0.04211232534831853,Financials
2007-11-21,126.21109752665532,128.08867225148174,124.14558101197755,126.02031760637531,1546774,-0.009917642012052384,0.04306345786713007,Financials
2007-11-22,121.38584562136539,127.75560024905688,116.06580401318352,122.39148399633757,1371804,-0.02921835233176743,0.039979032832738126,Financials
2007-11-23,117.79549904753108,125.86260198200459,108.92144555105614,116.92922242703162,1138733,-0.04565597723570282,0.03881643041213884,Financials
2007-11-26,114.18204368712793,118.32920758152397,109.98658639346999,114.13193013191064,1328481,-0.02421375410982452,0.04022489844057268,Financials
2007-11-27,110.10550492701718,116.10601185527396,104.06171575064694,110.05972793384184,1206878,-0.036331861470712074,0.03850168628589098,Financials
2007-11-28,107.72820410016323,112.50913315381462,102.10915335555542,106.85115956893758,1191516,-0.029586365635540842,0.03852148103558305,Financials
2007-11-29,109.28642950549867,115.27360747970525,104.24365297019973,110.1891757490197,1434913,0.03076183418878624,0.037662004137695784,Financials
2007-11-30,102.13725886258491,113.28408904216694,92.31841750338201,103.34877960727842,2071722,-0.0640891904909591,0.03710370346654102,Financials
2007-12-03,103.56249513305691,103.7411252378733,103.28922236777086,103.46768894582846,952549,0.0011499021570623071,0.04263169594813668,Financials
2007-12-04,102.13857416334915,103.76640998516298,101.24350001308483,102.86497018599422,1184652,-0.005842220777645594,0.03942293166137091,Financials
2007-12-05,99.05605658665351,104.10290212047384,95.29184533828234,100.2917341143885,1198654,-0.02533387913928828,0.03672129850868444,Financials
2007-12-06,97.6965885230262,101.50953773024077,93.94885845172996,97.75939822172528,1025446,-0.025573940216025163,0.03570761580066272,Financials
2007-12-07,94.62827253043204,99.900559067938,88.9467108297296,94.19484883472171,1780994,-0.03714384293066618,0.03490173382025762,Financials
2007-12-10,100.76502584710757,111.90230727234685,90.02977403774236,101.12834803326089,1300306,0.07102498589576105,0.035797410228629555,Financials
2007-12-11,104.97238365494482,110.81512775824908,99.10978858895294,104.95136266787587,1623612,0.03710654745480469,0.04338024846039257,Financials
2007-12-12,106.1059544748586,109.49117316217854,103.38948488149568,106.75800998203992,1469545,0.017067654099824633,0.04256772421437003,Financials
2007-12-13,108.08829563371805,110.4691965436576,105.85852491986861,108.23637115620504,658404,0.013752773142712378,0.03991622024068938,Financials
2007-12-14,99.82490990268295,111.88775921102034,87.91200962677345,99.95887215438795,1462614,-0.07955863446323574,0.03745683550448187,Financials
2007-12-17,91.9407732633243,103.87586640637842,79.7717921831152,91.67199437454207,1626674,-0.08654189517470663,0.046603090760764625,Financials
2007-12-18,96.21311114032301,103.66002421772181,88.96224224054735,96.3954163275269,1610350,0.05024172425731424,0.05441418379273311,Financials
2007-12-19,95.4972303961408,97.31227013429333,93.37267164314899,95.18171462452523,926758,-0.012670801939305174,0.05336063480427937,Financials
2007-12-20,85.35029992583422,98.92651041423458,72.54775493695908,86.02305253411704,1960406,-0.10117253702100584,0.049009879214708355,Financials
2007-12-21,70.78880389338669,81.40712447739469,59.84436359827998,70.40513364503528,2853985,-0.20034913145645275,0.05964022925511153,Financials
2007-12-24,65.36825013758232,73.10339362433126,57.36525514993962,65.0644493375278,1517268,-0.07888787467380133,0.09469177222855774,Financials
2007-12-25,53.991770364734506,62.090535919444676,45.51283028346502,53.5445062158412,2534745,-0.19486510696926135,0.09059094821123385,Financials
2007-12-26,49.54030677974797,55.371997515428966,43.67581177489557,49.50312569955092,1581392,-0.07847738693004339,0.11118110183556203,Financials
2007-12-27,43.068428595183626,50.063173962122704,36.60816430590608,43.53319474967192,2131633,-0.12851206824929007,0.1044643238775844,Financials
2007-12-28,40.36694399900336,44.858949565407684,36.10229448658228,40.572575668789625,1604367,-0.07043138254452906,0.10633691138742563,Financials
2007-12-31,33.596705714875654,38.97311437740051,28.557199857644306,33.88966467600045,2622078,-0.17998227114483475,0.09944907202082802,Financials
2008-01-01,35.69203150476041,38.42397699488945,32.9340824213834,35.66387256521664,1790172,0.051028112344248186,0.11345103362072553,Financials
2008-01-02,34.02211589625096,36.49552025341731,31.506490540013285,33.97658479042813,1117427,-0.048466598701246685,0.10386284158014057,Financials
2008-01-03,34.41465388573216,36.10545202661027,33.14608699246898,34.82187447650804,1116278,0.024574161488983403,0.095301330354467,Financials
2008-01-04,32.258347507553566,35.89427677547296,28.80509929832718,32.423363630638704,1677539,-0.07136650357798151,0.08635078613306307,Financials
2008-01-07,35.67514576617025,40.03139785676321,30.8782632147712,35.17322650678944,1933298,0.08140591994859485,0.082638630721838,Financials
2008-01-08,34.51358123324461,35.45498993561803,33.65600510526053,34.59538128113759,1727426,-0.016564998421704006,0.08097748576280818,Financials
2008-01-09,31.60896916789652,35.792320512848775,27.719724182570562,31.870852732331155,1530724,-0.08202829951350324,0.07339647427689766,Financials
2008-01-10,28.787155396599992,33.14212464096474,24.560577336734507,28.899109319794036,1925685,-0.09788110939609498,0.07361338354664176,Financials
2008-01-11,30.934839083950653,34.28024280392054,27.668706274751447,31.006539761825838,1605170,0.07038736703593014,0.07663061350556667,Financials
2008-01-14,29.2714900271208,31.717709760147688,27.03645977694108,29.467698011581955,1909436,-0.050903461539058566,0.07443761117022256,Financials
2008-01-15,28.40837931076307,30.179156147819413,26.50621163057377,28.268254053117737,1633879,-0.041555270663526774,0.07015298086954079,Financials
2008-01-16,28.403345280849578,28.414535412704076,28.26453979954265,28.27567963466625,1266492,0.0002626482137660667,0.06554524130624259,Financials
2008-01-17,28.397278663154037,28.540940406816276,28.03791094792684,28.180475887024848,1008255,-0.003372664575042435,0.05947228996707194,Financials
2008-01-18,31.57424551778839,36.310382345456645,26.819401872201208,31.552237496707306,2316632,0.11301511181289235,0.05414119364303257,Financials
2008-01-21,31.685004899227202,31.940286126194646,31.13036769376677,31.38321746564773,1282160,-0.005371231129243498,0.06603693969276563,Financials
2008-01-22,31.813182079877556,32.281693255293014,31.226115270718946,31.692854386077165,1223155,0.009817967370446386,0.05994188386900544,Financials
2008-01-23,32.897325383466644,34.980161944245,30.914884266930635,32.99201470990631,1472081,0.040174311911941096,0.054670672447897875,Financials
2008-01-24,32.296377634714844,33.32823048307262,31.265679994688014,32.29749711622336,653646,-0.021275815132880387,0.052280036738357044,Financials
2008-01-25,32.116802422588066,32.916337581316384,30.975098772216914,31.76589831116805,1349436,-0.016596404341215912,0.04852278680709142,Financials
2008-01-28,32.82294513231985,34.44178549460523,31.207058861956686,32.82576061685081,1917240,0.03282025757386099,0.04499871961711494,Financials
2008-01-29,35.3266881799847,38.97205745402771,31.53492188388089,35.16344617720778,2216873,0.06879349035815543,0.04337606724711183,Financials
2008-01-30,36.23070068425389,37.67087190354386,34.672451315771035,36.10773463152203,1019650,0.026500015954993246,0.04811515577455214,Financials
2008-01-31,35.31901489354767,36.260515740067476,34.862867839885055,35.798180239154156,1101142,-0.008610037304031107,0.04535848541353392,Financials
2008-02-01,33.48591102470356,36.807232211424456,30.253519092013608,33.56701164341757,1421816,-0.0643532724415615,0.04191698546608924,Financials
2008-02-04,33.66166119622521,34.92450455189387,32.855247957866766,34.107412698758644,1015410,0.01597095349627555,0.04611755075393906,Financials
2008-02-05,31.30838812297066,35.27180987723154,27.518011766986394,31.462746049027764,1959182,-0.08071056103978096,0.04289199801094308,Financials
2008-02-06,33.03599551117901,35.13676056480391,30.73787402569898,32.82523690035133,1428204,0.04239345641259752,0.05048671106538856,Financials
2008-02-07,31.83327308118861,33.22299690548509,30.614783555202788,31.998194639042403,1227274,-0.025518153555414567,0.04907858155398384,Financials
2008-02-08,29.961075203946393,32.88788100627967,27.114321299514014,30.034180953348596,1771823,-0.06334338548832436,0.04609384078174103,Financials
2008-02-11,32.989150467680055,37.16071764109592,28.543946922818442,32.6759031235542,1455138,0.08430180052686928,0.04900583025700476,Financials
2008-02-12,30.709653159910335,34.0211300071725,27.1302530006952,30.409347333360415,1505959,-0.07188785949527002,0.05556326263956698,Financials
2008-02-13,30.553890777633892,30.680034112831486,30.200563186481414,30.325764691206516,904612,-0.0027523681815330076,0.05783597993934703,Financials
2008-02-14,31.26062218148137,33.283316215989466,29.486056802952813,31.495422003728024,1835726,0.037844531014694066,0.05269854637489206,Financials
2008-02-15,30.877685497777254,31.691366587876196,30.286396033486508,31.09589847380593,1487811,-0.012766273437891143,0.050364081557987744,Financials
2008-02-18,30.619463621096624,31.099202990942633,30.60969780741214,31.08928733104031,883047,-0.0002126275801852203,0.046407749671443496,Financials
2008-02-19,27.75927430598323,31.92316545188071,23.588561500327213,27.75124882391437,2009694,-0.11358245919319772,0.04269602048466659,Financials
2008-02-20,31.793300065502034,36.562295075327334,26.512333912506904,31.190981073537536,2242511,0.11684814302790099,0.05910589131074684,Financials
2008-02-21,30.249389617533097,31.72043371875927,28.727528153818565,30.195974656746873,1459932,-0.03242035888604122,0.07030525150705724,Financials
2008-02-22,32.817377013291306,36.77335784292796,28.77822235133148,32.722802690011136,1929626,0.08036353886610023,0.06489934253997814,Financials
2008-02-25,38.45192283090015,44.31162140612704,32.68413440626513,38.53184470098004,2267782,0.1634128696450174,0.06662045096334619,Financials
2008-02-26,41.5253572430119,46.75080980714184,36.54183887219617,41.741367707123956,1856837,0.08000763391633231,0.08749967133704337,Financials
2008-02-27,44.35856611651372,47.797858475294795,40.54762811149182,43.95568340485335,1359780,0.051689262599205886,0.08476518866849743,Financials
2008-02-28,52.83001545259833,60.82438644601942,44.90551313470858,52.89077082262558,3217663,0.18504692803093398,0.07904983711692404,Financials
2008-02-29,42.88465970895241,49.317358665295274,36.169448599833196,42.552292470392,3316213,-0.21749512837982563,0.10117043162220189,Financials
2008-03-03,45.55780540456715,51.75075331167782,40.021415755712866,46.1432212886051,2034256,0.08101633517666125,0.12403219186179702,Financials
2008-03-04,39.96912833675663,45.964497587270124,33.63106774504791,39.56596205299754,2625874,-0.15378086131537097,0.11572266277290663,Financials
2008-03-05,44.89129066045839,51.62498425952714,38.07496029675147,44.794070937354675,2315891,0.1241065809898655,0.1198360160362322,Financials
2008-03-06,37.01098370637241,42.81502244573675,31.459336150416544,37.23045430064066,2432561,-0.1849486951619855,0.11789360927674572,Financials
2008-03-07,40.23694243096887,46.48281261127411,34.66645430864046,40.83019354017711,1587140,0.09229475511441135,0.12786721809344467,Financials
2008-03-10,38.06644876670406,42.04710398405973,34.14535163281048,38.12044489065282,1450142,-0.06867109595512152,0.12024046175730368,Financials
2008-03-11,33.76130707580431,39.1487504311534,28.697111014433663,34.04239167926383,1639368,-0.11314418742658469,0.11123656245964865,Financials
2008-03-12,34.91358523661995,36.76124605849412,33.281787557150885,35.119809816045205,1490567,0.031158791406647346,0.10917462770504313,Financials
2008-03-13,38.76565261429385,44.799096800130656,32.95080472214977,38.955736347939705,1883684,0.10366068263960032,0.09889848335498508,Financials
2008-03-14,33.25335324064257,38.73929038903428,28.26535025454618,33.686339468725464,2533350,-0.14533363796334134,0.09765530490828032,Financials
2008-03-17,33.86481019123592,34.046430176148206,33.62568699889168,33.80699692612825,1181899,0.0035753925463565903,0.1043912199848833,Financials
2008-03-18,30.609125165824242,35.200493940697875,25.97941304673718,30.564015349102565,2459706,-0.10084444273352544,0.09391453009372362,Financials
2008-03-19,29.797015087989017,31.032839556085612,28.497435475983377,29.730501299741285,980561,-0.027649849365722748,0.0931739846454751,Financials
2008-03-20,33.88797455850806,38.97117074228427,28.444239800828626,33.46381153038662,1859304,0.11829110349817008,0.08461554382774042,Financials
2008-03-21,34.1265464065434,34.54421252366439,33.325054787285715,33.73796515738239,1397632,0.008159163683415427,0.089032297402873,Financials
2008-03-24,35.878270875523995,39.03906878737502,32.62676901398308,35.77880412025023,1420388,0.0587318885910471,0.08032051903137091,Financials
2008-03-25,35.80779067915551,35.89464280271255,35.73830312123233,35.825121612883066,1223996,0.0012937139582426143,0.07601660234840629,Financials
2008-03-26,36.084277098854066,37.35394277075231,35.17272537652721,36.43356736754244,1209516,0.016841161776723006,0.0687245961824982,Financials
2008-03-27,39.8362579634548,44.96952492723848,34.58586311445992,39.70180451965708,1854575,0.08590611043324516,0.06261788726758849,Financials
2008-03-28,37.202052624569404,41.036098509095666,33.24563741688766,37.065622839142634,1445973,-0.06870670861844035,0.06590735024373588,Financials
2008-03-31,33.98051585489445,38.434281175223084,29.512694109066697,33.96433918184753,1907730,-0.0873788053394552,0.06544551034484541,Financials
2008-04-01,32.5995897587444,35.15367782677042,29.71027307829231,32.2358642549077,1998143,-0.05223149712266801,0.06835020265383546,Financials
2008-04-02,30.668370307040956,32.83920414182794,28.797796792766512,30.951369495599657,1363767,-0.04066238267737342,0.06516609207254638,Financials
2008-04-03,32.98827542282281,36.357905889319376,29.710011337826263,33.07138286561204,1780727,0.06625109563883604,0.061198938304158894,Financials
2008-04-04,32.49175185538273,33.27961120083636,31.861855845984877,32.64671109950989,937012,-0.012924223809198342,0.061275029095439255,Financials
2008-04-07,33.13728384951704,33.74600236114489,32.44187750713652,33.048973798824335,1214779,0.012246397228213107,0.05593530805026535,Financials
2008-04-08,33.965588161189864,35.28182270632826,32.59967578030555,33.9139076002352,1132501,0.025834668093914603,0.05123966321223376,Financials
2008-04-09,33.80260744503858,33.91634224766126,33.795325381644375,33.90903725619462,681869,-0.00014361936242241326,0.047963704821572355,Financials
2008-04-10,35.230220930732365,37.19465929630753,33.23089369331448,35.19327177252045,1463303,0.03717335692061139,0.044050160932134264,Financials
2008-04-11,35.057406898435495,35.68890909248977,34.146784213249006,34.773166274540785,859178,-0.012008916230528102,0.04312322010506193,Financials
2008-04-14,37.06685113472952,39.85104189608146,33.8127434831163,36.55877097912596,1692506,0.05007512419892457,0.04011635327567138,Financials
2008-04-15,35.213191209982604,37.13952694297378,33.41501887589937,35.335127875906664,1213540,-0.03404353638120831,0.04199506101485548,Financials
2008-04-16,34.92126248286768,35.68006649517953,34.0701981193349,34.82695287852452,1020813,-0.014485998087538102,0.041045249117455065,Financials
2008-04-17,34.13429032609491,35.3608588542167,32.78072613972067,34.00256116247929,1041469,-0.02395574492011834,0.03846097504198223,Financials
2008-04-18,33.85743343063802,34.53265198861581,33.54230519150554,34.21420311378727,942972,0.006205003494590836,0.03700647157114078,Financials
2008-04-21,33.92777369818867,34.28534372009926,33.714352929610826,34.07102185696639,1000011,-0.0041936294921946764,0.03466061829759682,Financials
2008-04-22,34.26723777768094,35.19285093224753,33.59729138626287,34.518001941222465,872998,0.01303375925744877,0.03261479338988726,Financials
2008-04-23,35.22023422652546,35.85972520384709,34.30399490519889,34.93836806108723,1211735,0.012104613372881516,0.03124838604390948,Financials
2008-04-24,35.17737335317541,35.57701854948735,34.79379984884525,35.193271689952695,914396,0.007269322441618965,0.030052413447432116,Financials
2008-04-25,35.832402070914014,36.5742631265497,34.943636635456464,35.68239193566237,928811,0.013802424858698412,0.02881743396845654,Financials
2008-04-28,33.62915794698716,36.63539990805376,30.612748308879414,33.61799211231198,1899680,-0.05959594083613641,0.0281590418909821,Financials
2008-04-29,33.78996435734713,33.797984826577434,33.604694380016475,33.61267276687785,984966,-0.00015824164329743425,0.03559630229105417,Financials
2008-04-30,34.85714777615753,37.5154617580629,32.514495230367295,35.152930474738504,1212211,0.044804823787918044,0.03337186158276967,Financials
2008-05-01,36.03560563112544,38.396591480738664,34.097082729654616,36.436502472772624,1715166,0.03586310201664248,0.03594531612880305,Financials
2008-05-02,36.11108367834626,36.47917938205329,35.98359712696669,36.35084637258042,984735,-0.002353599659597328,0.03642220358816977,Financials
2008-05-05,34.46761027736646,37.48856173847026,31.282519102400755,34.2877023347934,1678945,-0.05843073031547991,0.0340894770578564,Financials
2008-05-06,35.89112692299299,38.540193126942086,33.32067782177299,35.964489918066086,1623825,0.047745303116934416,0.039265716517625726,Financials
2008-05-07,37.538812989407816,39.86498075246707,35.15874024580189,37.48134701458735,1712705,0.04131133579380217,0.040931397366486634,Financials
2008-05-08,36.85850341459651,37.696326617357194,36.209131767879036,37.043692319874395,1551063,-0.011745306809541936,0.04118613118585946,Financials
2008-05-09,37.489923646012386,38.11744843740371,36.83236419153611,37.45937768967815,1251108,0.011158994744233068,0.038441263720832605,Financials
2008-05-12,36.31296361148734,37.93094562962655,34.86584317231875,36.47727707783021,841216,-0.026567563302394202,0.03606747953099792,Financials
2008-05-13,34.29716172503109,37.62249958047178,30.87871268903432,34.19405351831434,1341830,-0.06463776569619673,0.03530673840429291,Financials
2008-05-14,35.91132299657459,39.19514084130908,32.89831679703352,36.161171989803876,1699510,0.055934191003925,0.04152058205912823,Financials
2008-05-15,36.132003807974705,36.75012903276477,35.78074129378051,36.39629715249899,750881,0.0064810966673017785,0.044141386998060854,Financials
2008-05-16,36.4724877976525,36.51726797934551,36.38137721079995,36.426100439033725,948686,0.000818519828634537,0.04080527329882373,Financials
2008-05-19,36.91221544795826,37.10083262860341,36.36363248207773,36.55040083159676,1115756,0.0034065900832761895,0.03784384704809803,Financials
2008-05-20,35.04173173471319,37.17956547348746,33.09035418300711,35.218352403090464,1491913,-0.03712483097732681,0.035319486631591804,Financials
2008-05-21,34.90530111288865,35.22450775138526,34.90164093706279,35.220814490772796,907929,6.990678032974085e-05,0.036120781691425456,Financials
2008-05-22,35.62855484718028,36.45990573668713,34.88482638423123,35.71438559923505,825905,0.01391633697819238,0.03381966039219471,Financials
2008-05-23,35.487264500424615,35.727124428752546,35.44923673389229,35.68888061258804,408217,-0.000714392746574798,0.03231199790276512,Financials
2008-05-26,37.16342256121862,39.15668691429946,35.00422772518052,36.98808798872584,1526670,0.03575674172272268,0.030583144382553145,Financials
2008-05-27,36.77838465656464,37.0374983885834,36.630199014442944,36.888867594093156,1271014,-0.002686100246208048,0.03224972345700189,Financials
2008-05-28,35.69948338709838,37.48991792918385,33.88661844682324,35.67586863956599,1145214,-0.033435302553659486,0.030546980221003522,Financials
2008-05-29,35.22524230531064,35.75565186314471,34.98676894244149,35.5152153950328,532256,-0.004513304423424643,0.03184622927484691,Financials
2008-05-30,35.65026122672757,35.92609517782436,35.059119018371945,35.332494336803514,662180,-0.005158147357229633,0.030239069806190615,Financials
2008-06-02,36.17561095157042,37.65795807810015,34.776251757100916,36.25550826438844,1589866,0.025788261900960133,0.028905225251133565,Financials
2008-06-03,35.89195891124,36.34009101499746,35.63837278311664,36.08514001159972,525916,-0.004710175311606357,0.029464636519663575,Financials
2008-06-04,37.48084975696565,39.66056287132055,35.320232916139844,37.498905207999385,1349080,0.03843059153026561,0.028246410513702865,Financials
2008-06-05,38.586673714937945,39.703964818894995,37.122842174842575,38.22979986737199,890002,0.01930357463496555,0.030981031621490875,Financials
2008-06-06,37.255794757548585,38.67134627708512,35.900045653116166,37.31349735838445,874256,-0.02426019206328029,0.030393315964511124,Financials
2008-06-09,37.62410249916055,37.80569921186118,37.25307777996976,37.43375576400761,1744447,0.0032177372240693733,0.030451378656753337,Financials
2008-06-10,39.706736098735675,43.507541776975536,36.028187268500155,39.8186270407433,1900321,0.061761961011491055,0.029041044137634798,Financials
2008-06-11,37.95814418703045,40.54934679543742,35.69217950477304,38.265060323718366,1966592,-0.039797602171001194,0.036699955992902544,Financials
2008-06-12,38.03407052385639,38.33924553730206,37.811119778968205,38.11581561339484,626916,-0.003907912770794019,0.037617639302446645,Financials
2008-06-13,36.39255945603929,38.94052888487187,33.830693348281024,36.37761657407092,1035428,-0.04667564774992768,0.03513346263442878,Financials
2008-06-16,34.78869858382938,37.178050009590784,32.36285980831929,34.74952040513532,1262790,-0.04578788558787942,0.03760692185328576,Financials
2008-06-17,34.29140215482754,34.85499806463136,33.975268831293924,34.536604216944085,881196,-0.006146017245688401,0.03931798604982997,Financials
2008-06-18,33.970450320718825,34.989642978041836,32.837021746858284,33.852681051720914,1301258,-0.020001553265670602,0.036638630580431694,Financials
2008-06-19,31.958194743535454,35.050879345510126,28.66628847014568,31.73762822865341,1492616,-0.06451521280208869,0.03512720769721661,Financials
2008-06-20,31.49207179095033,31.947001989820972,30.979360401816812,31.433443666755114,1295944,-0.009630576268857896,0.04136989822222836,Financials
2008-06-23,31.514099082518758,32.321146502273095,30.984875070915695,31.787333989716274,1008150,0.011195497190369826,0.03851086837536347,Financials
2008-06-24,31.117525542122404,32.59457073785227,29.3353504192797,30.797190372461248,1810482,-0.03164444408731355,0.03612852695614081,Financials
2008-06-25,32.79154553181904,35.48826698330304,29.85736320663613,32.53280638680402,2115610,0.05482554334759353,0.03597807657804599,Financials
2008-06-26,31.723379982857068,32.91104271962665,30.56090845348483,31.747680714258102,1379203,-0.02442933319212143,0.03982980825849431,Financials
2008-06-27,31.886917321096533,32.07120218846629,31.68604831051076,31.87023677558214,542273,0.0038528835198885446,0.03819227341699483,Financials
2008-06-30,31.83790655952976,31.908826050845693,31.752058065179995,31.822944227641074,998749,-0.0014850116099463001,0.03562508253631796,Financials
2008-07-01,28.522458796315536,33.00221420256825,24.244089976868207,28.697577567450654,2765092,-0.10337483232271914,0.03340131724195656,Financials
2008-07-02,29.993139805285004,31.381360434959387,28.22700480931808,29.59688493901353,1986758,0.03085640335727192,0.05094577301858128,Financials
2008-07-03,28.496786203986595,30.096420906537496,26.94333161905488,28.540579029072852,1437966,-0.036342217067607215,0.0481580219173363,Financials
2008-07-04,29.14041863908421,29.974724615768682,28.257687301201287,29.090565968924167,749861,0.019087027930007692,0.04640549074410136,Financials
2008-07-07,30.925111775613793,33.32128143927562,28.259220587234907,30.632736114874884,1086474,0.051655316689943116,0.04332923784514142,Financials
2008-07-08,28.987914042176286,31.909016591000082,25.756148964405483,28.642438006968163,1374021,-0.06717978038649038,0.04474571536072941,Financials
2008-07-09,27.39361253252484,29.17505618370847,25.734565873569384,27.509020067447782,1299851,-0.0403755110669357,0.048772037771978465,Financials
2008-07-10,28.034876746443107,28.508860195511268,27.350471258228897,27.82083593620723,1352559,0.011271280730190202,0.04740776960406883,Financials
2008-07-11,27.268133642907515,28.005567281439788,26.70982882167128,27.44366845077085,1421734,-0.013649750255434146,0.04378417020409079,Financials
2008-07-14,27.728582331111372,27.82396467909638,27.41205650459584,27.506675524980835,1085008,0.002293237758450409,0.04076260787380994,Financials
2008-07-15,30.511706853110187,35.21160612862109,25.93495082514366,30.618787937931387,2443446,0.10718508386910851,0.03781614736394641,Financials
2008-07-16,31.753622498171108,33.83309014233157,29.81769755332381,31.88891670757146,1186437,0.04064470533944696,0.05447334331363867,Financials
2008-07-17,30.44893919325719,32.52265444189712,28.465627725679994,30.533814561951342,1633003,-0.04342376713551527,0.05216967429677901,Financials
2008-07-18,29.916045868057115,31.075676385543712,28.601488337684014,29.754871272155277,876394,-0.025841884822191668,0.05059825556105193,Financials
2008-07-21,30.850668849268832,32.808166904534595,29.01082329808072,30.961699786198235,1381674,0.03975809104123024,0.0474164235717091,Financials
2008-07-22,29.1261614754057,31.680091267972628,26.87327042479935,29.405586834135967,1268343,-0.05156626520590896,0.046214279719062994,Financials
2008-07-23,27.974076409366063,30.164244921455584,25.724962511005952,27.91012401137882,1670683,-0.05219519386542287,0.046983717137476025,Financials
2008-07-24,28.21927835980735,29.385853468232366,27.33882444933206,28.496742552762495,722796,0.02080029354989509,0.04769304435911854,Financials
2008-07-25,31.69646657327389,36.450936559264974,26.880268211984163,31.623844955275487,1964270,0.10412163887937768,0.04454883854778876,Financials
2008-07-28,29.88688327694362,32.424326952759735,27.346449669578064,29.8836159436261,1351971,-0.056601054768255346,0.05756627975824641,Financials
2008-07-29,33.723841635222676,38.782417880506074,28.57416338242999,33.61666280285881,1819252,0.11771149233573767,0.056847631105399705,Financials
2008-07-30,38.0132967413406,43.79024189347766,32.31130223013951,38.07847121171971,2761123,0.1246272015713684,0.06901972068925266,Financials
2008-07-31,39.21322724943805,40.476771250123186,37.65168452471287,38.90530658487732,988491,0.02148159501805588,0.07899853404300952,Financials
2008-08-01,36.62961406364548,40.342769776451945,32.67682756843591,36.36295162433809,1306132,-0.06758021358264395,0.0718459013683703,Financials
2008-08-04,37.98590123485101,40.25972128437087,35.5781184654207,37.84340898912435,1565356,0.039906385888837555,0.07010370621392453,Financials
2008-08-05,34.09816541481204,39.367080997782,29.031848922341585,34.274556291553296,1735863,-0.09905354986771372,0.06534907531976955,Financials
2008-08-06,31.457210112434016,35.461214606572895,27.583390328461782,31.57312090793435,2227664,-0.08209712537817708,0.07062678087898724,Financials
2008-08-07,30.726083576163656,31.86085369242887,29.853354084057106,30.98088688478331,1032403,-0.01893569220958978,0.07142481670376763,Financials
2008-08-08,31.09261904164606,31.906872291630332,30.540285498356603,31.349967180749875,837472,0.011842757977376158,0.06507678248693531,Financials
2008-08-11,31.236666027765335,31.370638008904656,31.174713960336902,31.308543386219096,1082462,-0.0013222082743692583,0.05923704696014242,Financials
2008-08-12,35.3177283686999,40.66995865730867,30.020069113394918,35.36518144113798,2474850,0.12183674906524396,0.05392109439963748,Financials
2008-08-13,33.39752267056947,36.17520290788365,30.85138434505419,33.612662865924996,1503445,-0.05082489402243378,0.06821009126530894,Financials
2008-08-14,36.26313016871309,40.91856766647949,31.83355974666761,36.46441066985423,2241325,0.08143386779606064,0.06488118924770232,Financials
2008-08-15,36.513638395587726,36.72560823152985,36.11269430314533,36.32356069553411,615424,-0.003870149077734495,0.06680101943975761,Financials
2008-08-18,39.148156488281174,43.984947295618056,34.49925707518161,39.31610388915138,1741978,0.07916761741584076,0.06059824804922402,Financials
2008-08-19,32.76083950254538,37.81760753383314,27.846713577163573,32.884876116376645,2942688,-0.17862134354597248,0.0630701583984325,Financials
2008-08-20,32.60009527207291,33.0046982764359,32.238414563797754,32.642546593342544,1302519,-0.007396311887161776,0.08982267842726546,Financials
2008-08-21,34.6516823857927,37.409017672467215,31.681967325719857,34.4209419216567,1089553,0.053048608260456556,0.08101047254712306,Financials
2008-08-22,34.68476767395439,34.819025713898824,34.37630008738424,34.509881175453934,779274,0.00258053796999089,0.0759755260304412,Financials
2008-08-25,37.80643706674391,42.621897558975405,32.78315105760939,37.56827672287194,1707554,0.08491429618595069,0.0686936920023519,Financials
2008-08-26,35.77855475024729,38.36439415079129,33.277017306679376,35.857347720963,1475831,-0.04661148670444129,0.070403297587858,Financials
2008-08-27,35.5724209378889,36.028524898597816,35.096305111568554,35.55214915062417,1534876,-0.008547894664526679,0.06626608523909754,Financials
2008-08-28,33.44343164701068,36.92121234241896,29.721489329080327,33.17093289346021,1730211,-0.06932663155136357,0.06019896359416538,Financials
2008-08-29,32.85795831818856,33.3010184365416,32.465151692335155,32.907618142997855,1314334,-0.007969791712752592,0.06099229009135578,Financials
2008-09-01,36.71817608186898,42.225902494149324,31.022711354051857,36.49730747535513,2256153,0.10353430460384236,0.05554795403488932,Financials
2008-09-02,36.194244764039674,37.11636125134723,34.96847234595757,35.88265038004679,1261618,-0.016984587712201033,0.06462478620807904,Financials
2008-09-03,34.23758173622749,36.602024222301665,31.98593137777197,34.34341377123788,1412435,-0.04384364090124983,0.059028483183247694,Financials
2008-09-04,34.21224836123199,34.434685270688256,33.97255215467649,34.19487611544189,218882,-0.0043344497971925244,0.05635449572708132,Financials
2008-09-05,35.044454302256796,36.91640122583344,33.412103502782564,35.27338687691305,1098122,0.031052955110391686,0.051414798153640154,Financials
2008-09-08,34.31311692516313,35.765565712019516,32.84035215397509,34.29190296983856,926283,-0.02821950548384906,0.0485739444404801,Financials
2008-09-09,36.09446245371879,38.526082394960575,33.450829573991406,35.86713485816489,1604097,0.04491215135580542,0.04590199926221543,Financials
2008-09-10,37.69115234395515,40.594165107249744,34.82932163492869,37.72942817385474,1529311,0.05061896547869703,0.0456963896815247,Financials
2008-09-11,36.46122721602789,38.27967163508237,34.76232817369559,36.5754504005578,1527335,-0.03106311685134369,0.04642057705221504,Financials
2008-09-12,37.91709150335559,40.20029466271119,35.73083567092651,38.00875369392786,924375,0.03843923229599684,0.04436928626163082,Financials
2008-09-15,37.846564968296384,38.219769509062886,37.38735595638337,37.759703961766014,1322479,-0.006573992313069559,0.04354931730370839,Financials
2008-09-16,41.99997340855638,48.536001217679335,35.699977397272924,42.20521845015595,1701899,0.11130137210204234,0.04029537239355289,Financials
2008-09-17,43.56746311519306,46.0888118387342,41.230085960977455,43.74206724220439,1093288,0.03576640283194117,0.05707164746034301,Financials
2008-09-18,42.42106594485055,44.921061692385884,39.57829529866667,42.056825294288345,1270811,-0.03928858916126644,0.05382958007267607,Financials
2008-09-19,42.364868051957224,42.66225032417292,41.957495098435466,42.25409982765987,1892931,0.004679699412745838,0.051474633931509736,Financials
2008-09-22,40.25779709554095,43.10058254398582,37.612375799567964,40.44299173365971,1017018,-0.043808015454245175,0.04714865097428976,Financials
2008-09-23,39.012455237019196,41.094075483208904,36.99148062949777,39.070113962425054,1698659,-0.03453554504141546,0.0465431795611583,Financials
2008-09-24,38.46441468163106,39.46315342486232,37.402566853272134,38.39962327029979,1517224,-0.01731017706448581,0.04485442711289404,Financials
2008-09-25,36.36182601934381,39.33048872447086,33.40725144988686,36.374855450586274,1331461,-0.05416989725956334,0.04188653769173715,Financials
2008-09-26,35.83576951505006,36.679147550874305,34.96586055123383,35.808599145139624,1103288,-0.01568968746845792,0.044087892864229754,Financials
2008-09-29,35.46550676700657,35.844036892198666,35.359792484247684,35.73751182672675,476541,-0.0019871755666407698,0.041132940348277115,Financials
2008-09-30,36.3260840041118,36.95805685095131,35.52542742216875,36.15441368279466,726262,0.01159814614695748,0.03813302184938714,Financials
2008-10-01,34.27975890010582,36.95879339322333,31.749808246785413,34.41859612936266,1085863,-0.049202031256849466,0.03582568119937983,Financials
2008-10-02,34.11749472539701,34.90877611224809,33.10449568184875,33.89051271258777,1426443,-0.015461889239326334,0.038599346221013596,Financials
2008-10-03,36.19447383971553,39.54945386429643,32.70918652107619,36.050853966264604,1290324,0.06179543760258685,0.036438827173485164,Financials
2008-10-06,38.293669312191426,41.31848720112713,34.99853335315336,38.000167528949795,1625597,0.05266001653825498,0.04165371432294577,Financials
2008-10-07,40.52901170559555,44.43443534729206,36.616751190665724,40.52144576981615,1284791,0.06424079077091197,0.043634701039304204,Financials
2008-10-08,39.54290718310256,40.958053907466464,38.2051588922318,39.617772887584366,461205,-0.022553531276398784,0.04735210225177313,Financials
2008-10-09,41.95556386130459,46.03474699512275,38.07511608191648,42.137474406219596,1475866,0.06165964530498633,0.04438554422427675,Financials
2008-10-10,39.47550665418224,43.18094553119887,36.18977597273503,39.862964892047835,1689488,-0.05548977851390634,0.04739565389082305,Financials
2008-10-13,36.007881604062355,41.47861054345564,30.612332534815433,36.073264298665585,2306602,-0.09989570484550443,0.04856897913400393,Financials
2008-10-14,33.86616243376384,37.48226826795896,30.00756276898709,33.594680777898766,2013871,-0.0711842455581354,0.059025666995659344,Financials
2008-10-15,32.99366880931285,33.8384719869775,32.25342778724354,33.095936502235034,1387137,-0.014957233691258391,0.06039290532652087,Financials
2008-10-16,31.967216590526593,33.574657458312124,30.49072057170628,32.092380396267316,1583649,-0.0307918794376751,0.05523948078120148,Financials
2008-10-17,33.381645773766536,34.58563460297274,31.687733952005544,32.87339137158725,1105070,0.024044926511729518,0.051800976491539516,Financials
2008-10-20,31.430411925026366,33.62034945360571,29.19481017309503,31.381327723083185,1323378,-0.04645050010381002,0.04830524511918757,Financials
2008-10-21,32.297151306219696,33.26635009608634,31.054714857267125,32.01546044201627,1554214,0.02000586740457612,0.047857754949474425,Financials
2008-10-22,30.4363827143362,32.68546981335314,28.337622667906626,30.57701254769856,1405450,-0.045970422221933184,0.04463549010187496,Financials
2008-10-23,30.597079013590303,30.619137326475695,30.54028692685685,30.56232018110177,1410557,-0.0004806191439733133,0.04484254162285054,Financials
2008-10-24,31.152130325347258,32.0091065736991,30.271679823222986,31.127992042011563,1439696,0.01833959645566741,0.04133663605776237,Financials
2008-10-27,33.325075742935375,36.46350758135321,30.023520855895818,33.144993188281994,1420118,0.06278419015212902,0.038954141040215856,Financials
2008-10-28,33.63718328847444,34.18803152843782,32.960088007149594,33.50883438359643,1113412,0.010917446827404724,0.04364880597798327,Financials
2008-10-29,35.786832293026066,38.7580750250227,32.47542214993335,35.41586488834761,910752,0.05535076342545596,0.040522255705072535,Financials
2008-10-30,34.927403636586305,35.816611292057566,33.93337242325955,34.81984168712596,1162888,-0.016972492711326028,0.04328046461983681,Financials
2008-10-31,34.46322845189487,34.82862251211101,34.437129422478016,34.8022667287463,930591,-0.0005048671794883408,0.040518745297609585,Financials
2008-11-03,34.24268281480554,35.0562534344084,33.46992534170803,34.28259525397425,1137932,-0.015044722153280917,0.03759592012472079,Financials
2008-11-04,34.246458350798854,35.24640162770605,33.673915302730755,34.666830663272364,1141103,0.011145542743979256,0.03556281931624547,Financials
2008-11-05,35.81043055857538,37.929077100914,33.84690622120075,35.95748937103644,1773107,0.036554048764514444,0.033621492570000786,Financials
2008-11-06,36.19527241919525,36.63379255084236,35.78924463755103,36.2274043230741,1141499,0.007478468033832539,0.0347095603871537,Financials
2008-11-07,37.83141779131019,40.48962181234595,35.25631459895262,37.909222613205145,845411,0.04537856527190584,0.0327443428462923,Financials
2008-11-10,37.94367651380595,38.434813369618574,37.62942702875296,38.11911093687638,1305334,0.0055213325631681765,0.03558982605561482,Financials
2008-11-11,38.353979900255815,38.48767336895247,38.074613214190734,38.20779712213982,661671,0.0023238521624846364,0.033434732568484844,Financials
2008-11-12,36.32892323603764,39.00156442840248,33.84403180803278,36.50465311046652,1034006,-0.04559987298751701,0.03154544526349,Financials
2008-11-13,37.16811106975895,38.52461434838206,35.95542115992758,37.30738047342277,961895,0.02175144005489609,0.034756213199500424,Financials
2008-11-14,39.81584133979311,43.87251143508398,35.83122655008706,39.881341630620526,1453367,0.06671741122167722,0.03372483145168501,Financials
2008-11-17,38.54907137019427,40.680614704051344,36.31256835748319,38.43796832807953,1113341,-0.036862856580684646,0.0409581902575542,Financials
2008-11-18,37.95363270073534,38.560890784435244,37.58474960746898,38.189713152253404,1189811,-0.006479539498015099,0.04056956012372361,Financials
2008-11-19,36.521430513010785,38.93070391469079,34.20431751195021,36.608092611090086,1324847,-0.042296864580831164,0.03772279193964692,Financials
2008-11-20,38.568990524967916,41.55575785348732,35.5625562354259,38.547672721716886,1536788,0.051626402244671896,0.038817018669430145,Financials
2008-11-21,38.40257159312613,38.56119984937551,38.36208608132235,38.520589917979876,687295,-0.0007028264015358147,0.041294086283820475,Financials
2008-11-24,41.60048130041665,46.00064659608163,36.96283964785994,41.33491552557474,1441106,0.07051465364690246,0.038265328227457984,Financials
2008-11-25,41.539708974277495,41.9692163218168,41.15910796919307,41.588171288453424,1472810,0.006108227757366671,0.044913647506358984,Financials
2008-11-26,45.87031560995099,53.029748333975085,38.98976826845834,46.11282463823921,2333890,0.10327532022708874,0.04146546940299546,Financials
2008-11-27,45.21271391248028,46.89991682563436,43.30127149867554,44.97978209483998,1493188,-0.024878001003877655,0.055456080707617275,Financials
2008-11-28,47.341878738799856,51.97449820875943,43.13003760691513,47.728280284741075,1175581,0.05931099826889405,0.05150862791855506,Financials
2008-12-01,48.92318122668783,50.736410646519225,47.109070234865065,48.92226572360103,1663503,0.02470852432142146,0.05244216030437374,Financials
2008-12-02,43.53650095136204,50.278197579920096,37.00602580865773,43.720171808626176,2148909,-0.11242303157014052,0.048905222809359,Financials
2008-12-03,43.4226866634294,44.082485199863,42.62190495740836,43.27952823176239,792112,-0.010129858945973234,0.06252373436175707,Financials
2008-12-04,41.732139325637156,44.00612598495433,39.47021815422935,41.743584475659155,1509002,-0.03613395986816404,0.05694528947306744,Financials
2008-12-05,38.17830443860269,43.202654990168455,33.422072209098914,38.41672096104892,1895307,-0.08305296772503555,0.05375929922255563,Financials
2008-12-08,37.31221512092891,39.10982110126591,35.410129108895546,37.2024467322902,761243,-0.03211827502085576,0.058708765269852047,Financials
2008-12-09,39.694538037970254,43.301275028290064,35.93424309001726,39.525632978272796,1408228,0.060574866108274936,0.05488271890272718,Financials
2008-12-10,39.28685966141199,39.93481812072227,38.44864783145558,39.09341582009803,1148672,-0.010995338134168631,0.055318056978982275,Financials
2008-12-11,38.286771193483865,39.6001941277173,36.89872660491185,38.209498716409094,1185944,-0.022869917263693987,0.05065771966291662,Financials
2008-12-12,38.76046808511345,39.60762469146582,37.91929697881862,38.76632644826939,1122776,0.01446785256304122,0.04723789386186212,Financials
2008-12-15,39.31377214097014,40.01460244046555,38.53045595145868,39.22978912050385,870329,0.011884389978867054,0.04377822183313897,Financials
2008-12-16,39.240141415224265,39.706052161197206,38.955412501733335,39.42001805161385,728231,0.004837374912899065,0.040674463417145285,Financials
2008-12-17,40.98135435945869,43.29987857423871,38.61929331692074,40.935206724653945,583646,0.03771673323179465,0.03777617779534271,Financials
2008-12-18,40.47210559830679,41.21675877289494,39.69216601206431,40.436157776547994,1343904,-0.012266113719228063,0.038144652074858794,Financials
2008-12-19,38.13026440590446,41.35384341763239,35.25307403479604,38.45234951276721,1095676,-0.05030457941894735,0.03586893108799841,Financials
2008-12-22,40.08231941074907,42.79958974254337,37.45698047363305,40.16859956910748,1542002,0.043665785408814925,0.038843877001324675,Financials
2008-12-23,40.05844793222553,40.380380717972656,39.931940975990464,40.2532585382807,923878,0.0021053729032655725,0.039913438171880575,Financials
2008-12-24,40.853008412187876,41.401338942826335,40.069925143249776,40.61506194799024,1767539,0.008948023690300564,0.037082757807634766,Financials
2008-12-25,41.79778964277807,43.39027677971708,40.07265875054719,41.659892016455956,879765,0.02539986205888057,0.034815439254590554,Financials
2008-12-26,40.528738085380986,41.97034676230081,39.59418545753287,41.024365457302984,1310782,-0.015372674173065563,0.034153547360173175,Financials
2008-12-29,40.01240934924696,41.96884473309547,37.76706631153283,39.70864912171706,1469501,-0.03259714366397074,0.032689749226807466,Financials
2008-12-30,38.94382037532571,40.13233973359673,37.72145131986036,38.90890510536933,827225,-0.020345878529918746,0.03338086023257459,Financials
2008-12-31,41.39057188547314,45.14620665567789,37.58457807104887,41.33518745282567,1967228,0.06049098621777124,0.032457952490360126,Financials
2009-01-01,41.19902439575277,41.97297892507229,40.05389244483359,40.82074063030319,1628647,-0.012523832633915625,0.038622388014375404,Financials
2009-01-02,43.147722502031776,46.92330695818493,39.45088862347839,43.22025831689879,1324396,0.05711902682510151,0.036288814286536346,Financials
2009-01-05,41.662584535362356,44.755535083141275,38.07961426296421,41.13326947347933,1869805,-0.0494920575583221,0.040532578473065094,Financials
2009-01-06,41.02984037791356,41.532026882021945,40.29963901835569,40.799000143440175,1214834,-0.008159695471765541,0.04221056145496745,Financials
2009-01-07,40.623709853565465,40.81220267901943,40.615823183169894,40.80428095262463,1218881,0.00012942639366686956,0.03918382693412756,Financials
2009-01-08,42.51348151471135,45.31352363878366,39.78953662656114,42.58499660055826,1123474,0.042714997550563266,0.03644585500769099,Financials
2009-01-09,43.80053698535977,46.179310701530156,41.640090505588965,44.00860151035163,1079295,0.032883104918598464,0.03789889088291373,Financials
2009-01-12,44.09361509605007,44.264647624248184,43.724684751739034,43.89494667488991,1294138,-0.0025859001403498567,0.03756668114815487,Financials
2009-01-13,42.89324275364284,44.6801909706798,40.9140115629521,42.692600969718995,1361292,-0.027773577721791752,0.035071462158286,Financials
2009-01-14,41.48072526044905,43.47298919273823,39.361420354989214,41.347274841575576,1416944,-0.0320191112021333,0.03463685478296681,Financials
2009-01-15,44.687792399123545,50.25868275116681,39.2722837331297,44.82637936607364,1525003,0.08079027664685832,0.034836086027727795,Financials
2009-01-16,44.1314721832284,45.23207148224587,42.98775777828454,44.0872543235771,1366693,-0.01662606819381149,0.04527585042698134,Financials
2009-01-19,45.38287739068052,47.02189976283585,43.530591431845664,45.16162310931745,1306325,0.02407695686702466,0.042206469018941865,Financials
2009-01-20,45.88233853394692,46.44587703683169,44.973685195377406,45.532932201186085,1723401,0.008188168852347119,0.04015051431095254,Financials
2009-01-21,41.82911627502632,46.95406441320504,37.280081203124034,42.348540484787954,1634637,-0.07250189145749412,0.03741267106102404,Financials
2009-01-22,44.67189100038673,48.205620173795594,41.11042548705861,44.641772135114294,1621992,0.052736058317272676,0.04481344669263287,Financials
2009-01-23,47.765637923983704,52.13033658542912,43.110338474914265,47.445812311037706,1639765,0.0609182507362523,0.046084268255069165,Financials
2009-01-26,50.16869443966202,54.11013118717659,46.069100232628145,49.99705213042495,1515277,0.05237577990998539,0.0485351709114007,Financials
2009-01-27,50.50992362456801,51.59124043713602,49.55331731593859,50.632316139417874,1311349,0.0126259850208144,0.048949091927184774,Financials
2009-01-28,49.131160705471736,51.50596303065439,46.65699370210461,49.026749195648364,1725963,-0.032223980207034895,0.045174364467678606,Financials
2009-01-29,49.384199889329956,50.38157564912756,48.57252805224877,49.56690096263028,771132,0.010957240560073071,0.04345499164773176,Financials
2009-01-30,48.86444846775196,49.75368117970342,48.30350109955293,49.18900797792265,1079909,-0.007653108217920148,0.04035688550157515,Financials
2009-02-02,47.411642511584375,49.935189173321575,45.107465849480626,47.62084538047509,1402551,-0.0323995899184573,0.03757297001461392,Financials
2009-02-03,50.76806596003568,57.81229171454542,44.656294511293645,51.60032751099133,1695178,0.08025742604354452,0.037240333975514926,Financials
2009-02-04,56.80402681369387,64.88668959951151,48.66200939434755,56.73482550412973,1991780,0.09486020902857463,0.046643993664314015,Financials
2009-02-05,60.37578786136584,66.31922426735993,54.56348430828957,60.49540529012424,1606568,0.06417918792681618,0.05648272837343274,Financials
2009-02-06,61.204689552595774,63.00233834922008,59.702700596912436,61.49326756706632,1443036,0.01636028183093841,0.05718464923427812,Financials
2009-02-09,66.77649620057205,75.00386906847115,58.532435894391895,66.75746382919664,1587010,0.08213841032915828,0.05249967723401831,Financials
2009-02-10,69.7287972174875,73.8629816177921,65.33138902134714,69.44898340512758,1400650,0.039526322602983104,0.05759323445901486,Financials
2009-02-11,67.63696822607884,70.37748524058028,64.85919236307089,67.59813597091656,1458520,-0.02701202302406756,0.05466199823586867,Financials
2009-02-12,69.12597215298796,70.55981915313548,67.11771957606075,68.5393995817274,1196201,0.013828348019218825,0.05098818146481007,Financials
2009-02-13,65.48579080569631,69.89435179023765,61.24493166199587,65.64329281783955,1351180,-0.043173326523953316,0.04699488483454147,Financials
2009-02-16,67.16238167043456,68.20198030633517,65.29756547960201,66.32418984241463,1110385,0.010319255214443438,0.04632931878369287,Financials
2009-02-17,63.40547064648752,67.8138179603042,58.91774763059879,63.32016388128484,898929,-0.04635086183015236,0.04281468997197051,Financials
2009-02-18,61.27163862843937,64.44915020368792,57.99625165223618,61.16840984263775,1292911,-0.03457294594341843,0.04345961919732435,Financials
2009-02-19,61.99718993120895,63.583106349888766,60.54696420560191,62.129779124688994,985769,0.015594531808255483,0.04231174883294396,Financials
2009-02-20,65.85521747825342,73.2147520494751,59.177940727402074,66.47466725196185,1843920,0.06759552248644338,0.03960688936017964,Financials
2009-02-23,62.74480512243084,68.16311826794217,57.36977219650098,62.78467029271159,1008339,-0.05710999144807634,0.045170097928429374,Financials
2009-02-24,63.00202320919827,63.1414500333847,62.73821824061557,62.877369198855185,699310,0.0014753687483279893,0.047132821536282156,Financials
2009-02-25,61.3874262412403,63.421453821379785,59.73517269151112,61.75919407398223,505556,-0.017943452493959202,0.04333046041433612,Financials
2009-02-26,64.27254843425187,67.12946254001,60.78894857364642,63.616710698927974,1311770,0.029633326361519448,0.04062410814879664,Financials
2009-02-27,65.19874162353659,68.49799044715296,62.26835848809259,65.55174158914627,1469372,0.029963596049795992,0.039395109277616545,Financials
2009-03-02,68.03005847885777,72.50901354686671,63.83825532531192,68.30054391210054,1567432,0.0410779513965244,0.03842202846326026,Financials
2009-03-03,70.40583537520817,72.87516981150789,67.46419086783014,69.91635792713802,920263,0.023381910728848907,0.03916773583736426,Financials
2009-03-04,64.03902764729678,72.44781232661627,55.70929893567912,64.10898418042045,1729297,-0.08671512792162422,0.03754059518574816,Financials
2009-03-05,65.79934105668107,69.96248667142638,62.29576803493391,66.42556929795256,862538,0.03549754922043074,0.04853209289830516,Financials
2009-03-06,60.659759447395594,68.91924034605667,52.408136979001156,60.66667688942558,2179599,-0.09068749523095052,0.046618694029008506,Financials
2009-03-09,56.554355028662094,62.44762589580915,50.831095237656626,56.70874223162029,1943542,-0.0674661840879143,0.055428109971979035,Financials
2009-03-10,59.984721489553394,64.96065623295142,54.96154024995619,59.9332012128212,1453229,0.05530224608127503,0.056926032703503,Financials
2009-03-11,59.88946550939353,60.07604546028416,59.62252410906588,59.80885291907531,782036,-0.0020769367846099774,0.056135633270974324,Financials
2009-03-12,64.56393435786195,71.73234472945761,57.25315654771825,64.40378594699784,2201015,0.07401872725478509,0.051201704152769624,Financials
2009-03-13,62.4898049948971,65.60423719963569,59.194137419705626,62.29906323740442,1028943,-0.03322603001660747,0.05494640483399198,Financials
2009-03-16,64.26334854395661,66.96916466374002,61.37479420527716,64.07257790402423,1401980,0.028070081221414682,0.051777227464826894,Financials
2009-03-17,66.55884023759326,70.26612927360087,62.79268986912182,66.49650697852913,1268866,0.03713294905954701,0.04860961269257411,Financials
2009-03-18,70.80259293607293,77.17165525530069,64.25490719929209,70.6063131264647,1895533,0.059970141912536426,0.04687370203831235,Financials
2009-03-19,69.64140121894584,71.0512188721389,68.29023342559672,69.69893482390836,1212524,-0.012934526203277443,0.0489609828575025,Financials
2009-03-20,75.28670050189362,83.82351193753031,66.64819533917371,75.17200090791773,1835801,0.07559379791939015,0.045197760664811855,Financials
2009-03-23,74.57396397469763,75.22858976535608,74.40503824012758,75.0585663044461,1026011,-0.001510140407961252,0.05090612338287537,Financials
2009-03-24,75.21888760676063,75.5756755440497,74.46668611267177,74.82158953445928,1066485,-0.0031622193896682937,0.0466206906523894,Financials
2009-03-25,78.31599435228743,83.41003318390815,73.0550346436229,78.13746081858316,1553099,0.04336312034130434,0.0428986128242498,Financials
2009-03-26,77.08899716793601,78.23341040832302,76.80360408822176,77.94484885893287,1466484,-0.002468083126420183,0.04306143073164288,Financials
2009-03-27,76.69454286141179,78.04661927945655,76.39254594719728,77.74050372860252,868307,-0.002625105628529729,0.0398038084669382,Financials
2009-03-30,78.26461050091217,82.29445374628689,75.56404579722941,79.54955142829051,962671,0.02300371084196289,0.036993353615376666,Financials
2009-03-31,79.76388660397187,79.99135369464776,79.47364496173246,79.70093252277022,1039200,0.0019011702359762158,0.0356956884825736,Financials
2009-04-01,82.92484619128315,86.6394326420546,78.4385459850897,82.11694271158609,1111655,0.029863075795988327,0.033464726328417425,Financials
2009-04-02,84.55614958331603,88.72981875662586,80.57213628341621,84.73727157224398,1456224,0.03141118510821993,0.033610724791177014,Financials
2009-04-03,85.96319446809805,86.55678288555804,84.54042994575002,85.12825297017767,1229701,0.004603430736707205,0.03393735462990628,Financials
2009-04-06,86.01155500284202,88.35279815655903,84.08004559076026,86.4122896882847,1518318,0.01497092967735896,0.0320089669874391,Financials
2009-04-07,84.04355686822153,88.38122678066067,79.18049917462189,83.48957698605389,1437925,-0.034408109906156614,0.030875208248577646,Financials
2009-04-08,82.97131006953491,84.19753979603092,81.4492314836127,82.67102328351477,1203145,-0.009852640432525081,0.03225229436197606,Financials
2009-04-09,85.25061053885618,87.52630378480612,81.90895661309777,84.15541452385689,1387624,0.017796105166212363,0.03076897092548167,Financials
2009-04-10,86.3654009432986,90.77433465066788,82.3887979806849,86.77870169484953,1214961,0.030695957093778474,0.030081370668796705,Financials
2009-04-13,86.56184535671203,87.25701456188692,85.6221465304495,86.31533604489975,1776907,-0.005353930878823762,0.031068430220020735,Financials
2009-04-14,90.3792269948012,95.25051149078945,84.65077700368535,89.47322981381038,1744400,0.03593218381379051,0.0296057016712545,Financials
2009-04-15,90.62651418506618,93.81347922850686,88.02885833168276,91.19940249986787,1767714,0.019108873208847865,0.031541501742974466,Financials
2009-04-16,89.5089062853875,92.14647359250748,86.79019429987275,89.42529791121692,1031529,-0.0196447289741235,0.030832862680238157,Financials
2009-04-17,91.7209011978213,95.7307498469122,87.92534812416696,91.92668127468515,903009,0.027587700106785153,0.03030543917049798,Financials
2009-04-20,92.76880143120272,93.64144106756147,91.63481349997055,92.50497139088372,848711,0.006271071185542292,0.03080418631015417,Financials
2009-04-21,91.52440495153022,92.64257870951963,91.11350358870112,92.2285162195598,743928,-0.002993018550966071,0.029411175859810037,Financials
2009-04-22,91.8221872211773,92.61383503174892,91.59232162427134,92.3825665937338,1273381,0.0016689183290909512,0.02816660320969325,Financials
2009-04-23,91.77742959110424,92.83459994010221,90.61985600029817,91.67585634238623,1120006,-0.007679232637101706,0.0271127981284894,Financials
2009-04-24,89.27503762672137,92.50134203434102,86.77078708160349,89.9773898352357,978686,-0.01870064026623516,0.026399406242739322,Financials
2009-04-27,93.85780396629029,100.02867829305983,87.78098945615325,93.94614420278882,1232457,0.043163269352431415,0.02664582541281875,Financials
2009-04-28,97.2691267947633,102.86829459905302,91.88797248165547,97.47571153752165,1115589,0.03688155046675804,0.03078084116334243,Financials
2009-04-29,98.81195586780527,100.34071952794824,96.9625823129993,98.48630772609343,955913,0.010314296124166867,0.0325884252596399,Financials
2009-04-30,97.57105116358093,99.49898622442166,95.27691529014463,97.19746862384514,1373547,-0.013172862495922717,0.031073494724653344,Financials
2009-05-01,96.98031878512035,97.26952093255868,96.76400200248182,97.05304193928885,1146862,-0.001487014996777025,0.029974627695317925,Financials
2009-05-04,102.89558598157977,112.64577965595821,93.45218732227836,103.17659130625394,1502753,0.06118434572429542,0.028620173416987405,Financials
2009-05-05,105.02250702866068,106.77755536799005,102.58896814703374,104.3324854221283,1310240,0.011140776004330818,0.03628801572683828,Financials
2009-05-06,98.39878086731896,107.21224103541188,89.48162580905368,98.28488440866379,1486332,-0.05971252956868103,0.03423556048628108,Financials
2009-05-07,103.62182975064584,113.12997218375311,94.65600020883087,104.12095598211936,1772000,0.0576830163000095,0.03965471989021534,Financials
2009-05-08,100.71779372356528,105.23963124530088,97.32067058513906,101.8058102601989,1044747,-0.022486083890665316,0.04309404834866674,Financials
2009-05-11,103.43098642727881,107.17321832603407,100.21303868431852,103.93945121245432,1180491,0.02074135198174088,0.04076176146552657,Financials
2009-05-12,101.20474992319666,105.2416285108098,97.19211328151783,101.2280673629852,1166499,-0.026432465832706992,0.038649029878155536,Financials
2009-05-13,100.03088884500275,101.85278854501446,98.18491024576737,100.00636325205323,1394463,-0.012142247400098834,0.037413891750493304,Financials
2009-05-14,99.71873430054428,100.01639233666752,99.68872153816949,99.98629904421853,1194384,-0.00020064944055106217,0.03524137571836386,Financials
2009-05-15,102.24900852121688,106.18384575311612,98.51968783143941,102.44729304620523,1157227,0.02431528509803674,0.03306916523058917,Financials
2009-05-18,106.11109371569106,112.16238344159407,100.24923258389194,106.29060559272216,978912,0.036828452938861056,0.03261197195276954,Financials
2009-05-19,108.15716058332424,111.4128749054507,105.07702027763047,108.32787298768685,1006804,0.018985584120253866,0.03397473787388311,Financials
2009-05-20,105.48230589405654,109.52057895102982,101.83199690208677,105.8572931902314,1453591,-0.023070592810362126,0.032825205430238195,Financials
2009-05-21,105.69082494961219,106.15120304471243,105.09057080927626,105.55033695347082,1159130,-0.0029039297423701744,0.03227743990968152,Financials
2009-05-22,106.16693997613923,106.7451394007052,105.35732882303175,105.93426104687553,1260585,0.003630756270554739,0.030573377682074555,Financials
2009-05-25,101.96984468060687,108.25733393752813,95.39905258983309,101.66792542038802,1385332,-0.041106853871783616,0.029150686046421712,Financials
2009-05-26,105.10525797497819,110.94276943337829,99.51347659023804,105.33857517057463,1534023,0.03546781891140885,0.03214461094595892,Financials
2009-05-27,103.91012700632164,105.7099866134464,102.79511581244776,104.58770464935535,1343725,-0.007153689609778775,0.03339634316872917,Financials
2009-05-28,106.66993653340452,108.58302121546107,103.94740162121462,105.84570400685058,1330137,0.011956412739012998,0.031621652089822525,Financials
2009-05-29,107.5279608405282,107.93766644475328,105.71058809654083,106.11490965941113,1229849,0.0025401492537226126,0.030354348544313493,Financials
2009-06-01,108.03768684401088,110.62999484209402,105.23877793002553,107.82600677516176,903635,0.015996319270984417,0.028949560172382784,Financials
2009-06-02,109.34466402088334,112.9761820157682,106.2579134613578,109.87447512760282,784985,0.018819699386129592,0.028440182170169366,Financials
2009-06-03,110.36936525926976,112.1921001030861,108.98186560685987,110.79919685710483,1220623,0.008380946706546124,0.028287847783908526,Financials
2009-06-04,112.10307911681934,113.27213150356872,110.40866807238271,111.57218408935653,1482664,0.006952246664168395,0.027398866873488727,Financials
2009-06-05,113.64780570239947,114.92349865535253,111.14844398215602,112.41024536018905,1381969,0.007483311827967981,0.026604668477784917,Financials
2009-06-08,110.45346507940363,113.42347159428527,107.44419578055563,110.41311737757428,1032092,-0.01792614058627337,0.025973961985755363,Financials
2009-06-09,108.28757189761419,111.39716156553999,105.28225344445515,108.38902740506232,1372203,-0.018502082929089114,0.02622821645552357,Financials
2009-06-10,108.45386293884634,109.81560009640974,107.60099293358358,108.95875963553851,1465508,0.005242597986842697,0.02648932863734888,Financials
2009-06-11,109.0725132840672,110.32727008249452,108.25383456020091,109.50534261926103,1207721,0.005003880441348362,0.025796712007031524,Financials
2009-06-12,107.10073045009716,111.64461521229092,101.93512655312719,106.45146542032073,1559228,-0.02828418158679726,0.025221659406543334,Financials
2009-06-15,106.53937184502902,106.61883254399599,106.42497404952235,106.50440867176165,1054487,0.0004972227486789168,0.026998239234827498,Financials
2009-06-16,106.8341772142625,109.97532687438414,104.76664476052737,107.88741146776555,1111425,0.012901816676065842,0.026137349176878166,Financials
2009-06-17,104.94758255147414,109.03967005822584,101.42981647092746,105.5032774904377,978762,-0.022346178254090507,0.025913265881140197,Financials
2009-06-18,102.60814299064032,106.66576297850185,99.05447803938328,103.09522861455008,1117163,-0.023088907940969124,0.026685213720071082,Financials
2009-06-19,102.61699102927533,103.78614231155512,102.20524800994754,103.37137239329539,1269065,0.002674950254000511,0.027379648564484497,Financials
2009-06-22,100.65078642737869,104.60815912567344,96.84943994927353,100.80113435545387,1670880,-0.025178451906403474,0.026472427698285415,Financials
2009-06-23,104.30089853514457,108.29024662524188,99.4494473951927,103.40451001028595,718714,0.025498969143607737,0.027490447589175772,Financials
2009-06-24,108.29664553408904,115.54207130641404,100.88732031415998,108.12099440961714,1388154,0.04460234039932671,0.02832153564040225,Financials
2009-06-25,103.13785467251202,111.02455542307499,94.89046073007465,102.74729644331313,1160341,-0.05097837760025276,0.03225047007702479,Financials
2009-06-26,102.91825218053157,103.54562645280994,101.70679701254035,102.33058897782917,999695,-0.004063900289703578,0.036357853395990666,Financials
2009-06-29,104.69191377295361,108.19468108635678,101.1377551944716,104.63874354590293,1335273,0.022305239485828538,0.03405865669233269,Financials
2009-06-30,103.67555197481244,106.11701246142702,100.5830503258759,103.00880966626985,816324,-0.015699364926507975,0.03320575601950612,Financials
2009-07-01,101.99045385210077,103.54574597444159,100.41196756667178,101.96690051500906,1299662,-0.010166259446177824,0.03192284910727619,Financials
2009-07-02,98.3228434398986,103.31312893070665,94.20191834709229,99.15723275932591,1590635,-0.02794145591287267,0.03050831953369096,Financials
2009-07-03,97.74719536549752,99.46081700983017,96.83816258512714,98.5443706310909,1426996,-0.006199889943790246,0.03101152676659894,Financials
2009-07-06,99.57093460648481,105.4562438597749,95.47175470850578,101.28643931183308,1326522,0.02744562566830329,0.029582725182336612,Financials
2009-07-07,99.36257972492325,102.10486204028244,96.8714829267311,99.6076218463983,710883,-0.016713849453107534,0.030217535614599954,Financials
2009-07-08,99.13622975277359,99.62123615334396,99.09555787601421,99.58038205755277,949080,-0.00027350832862889954,0.02953612163820539,Financials
2009-07-09,98.60287002957189,100.0120098378863,97.29778406866723,98.7055646337253,745489,-0.00882385377838235,0.028247428310597875,Financials
2009-07-10,96.12239463784077,99.44494401198499,93.89404574442783,97.19180363919055,1087265,-0.015454940906737788,0.027386362012053262,Financials
2009-07-13,100.02834462708233,104.5305496149318,95.60245606219009,100.10142740432353,1427946,0.02949756279177665,0.027126344006681045,Financials
2009-07-14,103.55291797841728,107.93057315897313,98.61001640390583,102.96272127190406,1291662,0.028183047315436287,0.028621438869023717,Financials
2009-07-15,106.15142880458775,110.70461371188762,101.404972435447,105.94949576879333,894341,0.028595532241534875,0.02957181147214738,Financials
2009-07-16,104.13387545664241,107.63195436058807,100.12290290369937,103.6031537333913,1028002,-0.022394754755876007,0.03036855769742582,Financials
2009-07-17,98.55606336269791,106.81425309069174,89.7649805106096,97.97443451154389,1642206,-0.05586119849777077,0.03021635638828546,Financials
2009-07-20,98.11542582559505,98.27556539552432,97.92101528913669,98.08109883209642,768604,0.0010881032456196889,0.0360346164035113,Financials
2009-07-21,98.05359578770481,100.41086430973748,96.66663698191233,99.01037199529969,1844236,0.009429936724233721,0.03374866602963047,Financials
2009-07-22,105.23013348062955,114.68645304703966,95.6765315204288,105.12324581618849,1884672,0.05990881923031938,0.03200806965465248,Financials
2009-07-23,102.8071440221272,106.87821175367837,98.33004219673572,102.38436840523427,1308302,-0.02639938284622805,0.03818341540052868,Financials
2009-07-24,102.9531815781829,104.59781950674765,101.62688118054756,103.26747026665687,942649,0.008588372418765663,0.03702590554623509,Financials
2009-07-27,93.83114025691452,107.1590764296984,81.00618015221711,94.27363550876116,1916614,-0.09112085156080746,0.03475339071710112,Financials
2009-07-28,87.05476742747418,97.91293123243872,75.93130521474158,86.75166348203396,1889323,-0.08315197528965917,0.04808003714062,Financials
2009-07-29,85.94941150491267,87.26064890267179,84.5637333634778,85.87381750517895,1525854,-0.010170613735066546,0.05464878430798376,Financials
2009-07-30,86.22576055342942,86.38521984641649,85.82075073769046,85.97975508707965,830816,0.0012328820835257703,0.05004705694278751,Financials
2009-07-31,85.85608335531428,87.7488996077622,84.80303780680381,86.68567887037682,1437817,0.008176827293277527,0.04586931792214131,Financials
2009-08-03,86.70385887787943,86.86233639198429,86.59791120791262,86.75632461158098,1228096,0.0008146324845513012,0.04234648199085247,Financials
2009-08-04,84.40173175639093,87.52982072853882,82.05840595725205,85.16529538395785,1275327,-0.01850930267562457,0.03917498147432883,Financials
2009-08-05,88.11142867858558,92.59356065187744,83.6213000481175,88.10300343867314,1321576,0.0339126039267229,0.03713667300179013,Financials
2009-08-06,84.26360725188636,89.85486432464471,78.77171998329274,84.3568968961089,1339184,-0.043450052738876116,0.03709198958100155,Financials
2009-08-07,83.29119631502817,85.28140664207115,81.03994008642259,83.02376013119766,1181487,-0.015929737395978767,0.03852062584270107,Financials
2009-08-10,83.24580336372489,84.62118332934487,82.2906516002939,83.66126461632574,530207,0.007649248569385552,0.03640239514477615,Financials
2009-08-11,85.82027256574092,89.19064258666596,82.48690736084444,85.85589380876846,1119070,0.025894155349234962,0.03418894775176,Financials
2009-08-12,84.44878376193779,86.39055095073977,82.83003539150167,84.76572727905015,1198580,-0.01277893573142422,0.03369990223851706,Financials
2009-08-13,83.50513387802602,86.6850674200581,79.49383385865725,82.64085506264418,1029293,-0.025387130062980722,0.032140969314453885,Financials
2009-08-14,87.81341944414174,95.43121484809889,79.96523542140737,87.5611461729006,1391479,0.057833191116481004,0.03198608264078829,Financials
2009-08-17,94.13407175406455,102.85612049975853,84.51039764283833,93.14037480292245,1943015,0.06177039891557562,0.03768539883522507,Financials
2009-08-18,96.03312417511862,101.5682317799979,90.96437147262597,96.47609832786146,1219591,0.035187530316794,0.04252633014526869,Financials
2009-08-19,94.89106615500428,97.14201475055594,92.86916981565147,95.1153396911392,1679022,-0.014205034757434634,0.04162349514359415,Financials
2009-08-20,95.43674549952004,96.95989776640977,94.33310174681596,95.85145821834507,1124936,0.007709425734833225,0.0389394366965424,Financials
2009-08-21,97.7538344623466,102.36809175431776,93.85040534427263,98.43736830139538,1566627,0.026620808206949155,0.03635848004206671,Financials
2009-08-24,103.9255076482419,112.99381961237944,95.11369356661696,104.16195705329956,1512490,0.05652647606944527,0.035550687352204124,Financials
2009-08-25,97.74775201265186,106.82956339145355,89.29531523984755,98.32703490860202,2000548,-0.05764795335453705,0.03987941162424251,Financials
2009-08-26,100.33454894397218,104.30738739665239,96.74242256290303,100.70210206604744,553903,0.023867660201971067,0.0432525947902741,Financials
2009-08-27,104.02428342071084,108.42259969285018,99.20147727624904,103.58105304562358,1658626,0.028187753394406986,0.04101316063656677,Financials
2009-08-28,104.29133202454413,106.21619947274606,102.71221352351267,104.63192392783239,1409962,0.01009427770187606,0.03955813307695713,Financials
2009-08-31,110.10182171508595,119.67649308459006,101.01355297886901,110.55113604825875,1360914,0.055029478438815435,0.036975138679601845,Financials
2009-09-01,114.66691165374658,121.19742349959311,108.23695799142504,114.76213043844612,1147985,0.037383371654982296,0.040595137995674296,Financials
2009-09-02,115.33975009755767,115.84795752520166,114.59258438979774,115.09973426504776,610955,0.0029374517586182045,0.04034847772288877,Financials
2009-09-03,118.12092261159697,120.48009236324476,114.31289271895908,116.64253538644871,939392,0.013314997882326499,0.03746590472774803,Financials
2009-09-04,123.08524869901613,131.80489064315435,113.6206653788105,122.28351033429983,1510319,0.047228199080463426,0.03534895456652018,Financials
2009-09-07,126.59522202751765,132.76389228768303,120.16580316484665,126.32111696727036,1405576,0.032485008314265935,0.03787102176353721,Financials
2009-09-08,129.28851533335867,136.50522281117205,123.19015864772425,130.3564912115695,1661922,0.031445725192787446,0.037492169799948044,Financials
2009-09-09,130.18344820121837,131.62510146286562,127.9647038791563,129.39765525916232,288675,-0.0073826756604723764,0.037052061777741264,Financials
2009-09-10,131.32663001731535,134.02378978618563,128.487355125501,131.1815349614569,1199666,0.01369186517877668,0.03473413034137178,Financials
2009-09-11,124.92890229050627,133.50914336866688,117.7394264024556,126.24398631545142,1085476,-0.03836569310616081,0.033064904721898,Financials
2009-09-14,125.35200910216922,127.88867850543356,122.0317910780338,124.55227680410108,1111354,-0.013490912093249305,0.0345748362330463,Financials
2009-09-15,130.95289474754608,140.26077267928216,121.31376941580596,130.5963013823299,1480862,0.04738537446196466,0.03291862917558604,Financials
2009-09-16,133.2086590713869,139.45255684013833,127.90271429852116,134.11068281030188,1507684,0.026554553884880573,0.03610699342751882,Financials
2009-09-17,139.3325004177218,144.7540018409592,132.27962194147452,137.63507566824828,1702057,0.02594035326519237,0.03533756682772123,Financials
2009-09-18,144.01581115860304,155.7061251448891,133.12046014747233,144.7548620836914,1515945,0.05043590201880353,0.034640008553280956,Financials
2009-09-21,139.75167178951884,148.19368469480054,130.6420942034613,139.0411887910952,1492446,-0.04027149393960405,0.037967238323647595,Financials
2009-09-22,136.35970602679473,140.83198492371096,131.57243667622848,136.0340343036011,1359630,-0.021865104813477306,0.03868433704173898,Financials
2009-09-23,135.6118529215411,136.34090986113566,135.42843138712237,136.1567513254947,1542151,0.0009016986370399428,0.03699857790730259,Financials
2009-09-24,142.7649244009336,154.54132200758283,131.66980034055248,143.39707008983723,1440764,0.051810690928639935,0.034572210990837675,Financials
2009-09-25,146.771389855464,154.15341462793413,140.31905141413804,147.66192656585753,1689082,0.02930788463010416,0.03819479509581712,Financials
2009-09-28,146.6314961120073,148.02473395762388,145.5398647357684,146.93087379642185,1159529,-0.004963150960896103,0.037361968807236176,Financials
2009-09-29,153.1039868063246,162.87818643744467,143.46364861918957,153.22991882118646,1631651,0.04197730091043716,0.034934628960980936,Financials
2009-09-30,153.77087351068522,153.9250819948876,153.17862830743576,153.33239706735134,397362,0.0006685639080262669,0.03661497930180945,Financials
2009-10-01,148.41437828434903,155.8450712448174,140.8740066005734,148.29891882892858,1087302,-0.033378136028625764,0.034243136744060335,Financials
2009-10-02,144.03085900072742,149.8494018503345,139.30953641263758,145.09325401968698,1375206,-0.021853291814665905,0.034715831056878775,Financials
2009-10-05,143.3776042344611,146.7107301650404,139.54077851691073,142.8619161503325,1211750,-0.015498124449658363,0.03370142571533645,Financials
2009-10-06,143.16331971065736,143.39220288925517,142.7856199876812,143.01426486398788,1329598,0.0010658371574524918,0.03232116420266506,Financials
2009-10-07,140.54171715270405,144.17324630600274,137.00753920156154,140.63668033240904,1241874,-0.01676454992744257,0.030592425952504013,Financials
2009-10-08,139.44179531042636,142.71886017146804,135.1966546282106,138.45042089169385,1207017,-0.01566754001192757,0.029847524866695563,Financials
2009-10-09,141.75311901729148,146.1036945588133,136.97535856029162,141.3124081495423,1518219,0.02046081041782281,0.0291465360555626,Financials
2009-10-12,147.87161980841788,158.756907794823,137.32884898372322,148.19134181922692,925376,0.04753118882606342,0.029024354698660944,Financials
2009-10-13,150.43136025404743,155.17947614496555,146.23797863231403,150.9710502783,776877,0.018583809540119196,0.03335884619140446,Financials
2009-10-14,148.9605820630025,151.8715838152624,146.2286269849957,149.13640413913004,1021070,-0.012226747238189124,0.03228085798009306,Financials
2009-10-15,152.86324975477248,161.86141919069857,145.2431535791056,154.1758891177048,1342380,0.03323273661433224,0.030920333694006843,Financials
2009-10-16,153.05058890017537,154.43767791462372,152.26559717815834,153.6496138124168,511044,-0.0034193126497497526,0.03210164864972864,Financials
2009-10-19,158.73626498433546,166.36645054370908,151.02695191580582,158.65314188757625,1096515,0.03204554657637752,0.030432982628622037,Financials
2009-10-20,164.55372459260133,174.21649490735777,155.15949757657495,164.80776495129345,1026844,0.03805941206247141,0.031543156209327336,Financials
2009-10-21,171.7855396328631,181.37378163357613,161.50829490430132,171.05580672645894,1544250,0.03721012459762274,0.03336546702652265,Financials
2009-10-22,163.71582371176186,173.92657109536628,154.84562313309038,164.9874720117681,1114407,-0.03612031456934125,0.0346163619955068,Financials
2009-10-23,168.66985175107482,176.4179585828455,161.80918554538684,169.52260647761256,1508053,0.02711674566008804,0.03541660038642047,Financials
2009-10-26,166.91852555488057,170.379426929857,164.3345341406612,167.7820674084841,1441717,-0.010320369995399528,0.034839146812518304,Financials
2009-10-27,169.6460088628354,172.5237340151846,166.79508666834673,169.67236883804705,955380,0.011203415919218526,0.03296952268422543,Financials
2009-10-28,176.7721639956662,189.12793686596538,165.0345794868329,177.35186077676212,1363347,0.04426633788006374,0.03143913198641741,Financials
2009-10-29,190.90231694978957,214.3700360136841,168.45410442291595,191.8145535425,1269390,0.07839336503103785,0.034418912191472494,Financials
2009-10-30,195.70220432405608,200.2266094316703,190.29040097523182,194.7938049564,690790,0.015412550319301893,0.0443796931635277,Financials
2009-11-02,195.1290109156499,196.84044098135365,193.90303217360733,195.61143123406825,903980,0.004188609154151011,0.04136759285156493,Financials
2009-11-03,194.67029476381398,199.62583107544296,192.2888392709678,197.21326670436076,1098774,0.008155517497710764,0.03836214094212174,Financials
2009-11-04,201.07823696560075,206.17082635392313,195.4915871379018,200.57133861190817,1301317,0.01688427173148389,0.0358789625822555,Financials
2009-11-05,207.41638644602762,218.65194373460534,196.5086939317661,207.72787076354064,1933962,0.035058922460785895,0.03424327320173263,Financials
2009-11-06,209.28303766075553,211.64810960250026,203.8388751264364,206.16875306875588,813694,-0.007533886383977553,0.03496356123554221,Financials
2009-11-09,201.8866192972169,209.53605731639453,193.40934897672506,201.0261853496189,1417094,-0.025259848145808794,0.03296171124235224,Financials
2009-11-10,201.58215759334476,201.80255020742305,200.952816919702,201.17276193573764,795344,0.0007288760629396691,0.03263262961625627,Financials
2009-11-11,200.8861877589808,202.95501196155192,199.82137612465655,201.88490654672205,1332695,0.0035337144420029983,0.03085434331799466,Financials
2009-11-12,204.28270552095123,210.99988922932445,198.82710372450768,205.51147183217773,1131429,0.017804090928895015,0.02938478299956269,Financials
2009-11-13,205.3619390225599,205.65000352273344,205.031374028353,205.3193788286569,1389995,-0.0009351440730922462,0.028953760129139795,Financials
2009-11-16,206.14278190998132,206.6215084722124,204.52567179076104,205.00174852463095,1314242,-0.0015482038154834403,0.027763057372310926,Financials
2009-11-17,197.7482412656687,209.01182435502693,186.12155180102172,197.36320344106753,1866276,-0.037972804940486486,0.026776658192999445,Financials
2009-11-18,191.79782718663512,199.87569587755905,184.06350287045316,192.1280549926375,1603492,-0.026883600749921632,0.029830883769090964,Financials
2009-11-19,197.7330181639758,205.0879635705368,189.6260338184339,196.95192543082788,1150055,0.02479756281088642,0.030336685704740223,Financials
2009-11-20,200.203110771098,206.61209464227616,194.40178540927062,200.79365690759022,1348904,0.01931813260204645,0.030471125148942735,Financials
2009-11-23,208.59279509741543,220.4893228567136,196.67961411387225,208.57513465759283,1584637,0.038021536182469264,0.029979494848288588,Financials
2009-11-24,209.95524870450632,212.16541122116314,207.79868013791244,210.00829775787489,815355,0.006847708674112264,0.03218480497281399,Financials
2009-11-25,207.53776554860056,210.66507993220225,205.56570509526478,208.6821453798664,1026894,-0.006334784251990216,0.03058958979821869,Financials
2009-11-26,206.58692395852165,212.88780717824332,198.24512475696727,204.48180193808858,1740066,-0.02033327537221656,0.029233505211426793,Financials
2009-11-27,208.49521326091207,215.55233285073768,201.83703845522948,208.88181222919548,822742,0.02128961684234775,0.02908082830081654,Financials
2009-11-30,212.05202623151567,215.07859025641625,207.8690229708803,210.87884244537585,2070322,0.009515161848681498,0.029061019037937307,Financials
2009-12-01,209.06460499157856,211.788339903344,206.3315804747271,209.05519276211044,868516,-0.008685464833147766,0.028092970789321558,Financials
2009-12-02,214.23806816709688,221.71895556820857,206.50704859695574,213.97888571703257,885420,0.023279047977215386,0.027252295336740288,Financials
2009-12-03,216.09893329253129,220.82575637870778,211.9919794137609,216.70724161808096,1743671,0.012669980414976061,0.027846672909084803,Financials
2009-12-04,222.1860676565029,230.23210788144897,213.96326375326834,222.00266230695436,783096,0.024142048478590687,0.027284226473217592,Financials
2009-12-07,224.2479694589974,228.2133452403529,220.51714410536977,224.47868151797175,931679,0.01109136866843829,0.027981582998552024,Financials
2009-12-08,222.45065155838697,228.47730189199177,214.4879422864796,220.460680160374,1488061,-0.018061385124850168,0.027291536389964687,Financials
2009-12-09,226.0244360302356,233.26359331113943,218.00525420513412,225.21860206965178,1396814,0.021352137577241016,0.02729092178205121,Financials
2009-12-10,223.71483299030226,225.65243465936936,222.41193074503985,224.34585736465598,1029546,-0.003882628099493293,0.02764457625355911,Financials
2009-12-11,228.57647250650078,232.27644858026926,223.10906810968694,226.77996403230088,1230107,0.010791358746580925,0.02671402809639388,Financials
2009-12-14,220.32733964485394,230.1492128858226,210.32594917564575,220.13944640866336,1396105,-0.029719033073851427,0.026236986321747178,Financials
2009-12-15,220.66442690683203,223.05302768503137,218.91948618281498,221.3030370449387,1432692,0.00527177775012435,0.027985473017705813,Financials
2009-12-16,210.87895647713532,227.19976966275675,193.90795235104122,210.17422325590834,1355126,-0.05159614930533547,0.02703179805556408,Financials
2009-12-17,191.1981460579038,219.10250035968343,162.8583880816473,190.68833870729054,2154390,-0.09729646051180453,0.032922619555014285,Financials
2009-12-18,198.94433013994922,211.80596731403364,186.17124920153628,199.0275437070132,1760250,0.04280286493354727,0.04885805242649504,Financials
2009-12-21,218.59054055312828,252.61579069125918,185.99193973305887,219.8320434457692,1138150,0.09942059016698802,0.047796445647203034,Financials
2009-12-22,215.32372156960162,224.1988839662185,205.0582329956585,213.87362568180868,1939570,-0.027478509510924266,0.058397501963505745,Financials
2009-12-23,218.8383433501099,228.29488126088916,210.17008719290558,219.59659068631478,1049838,0.026406878016303176,0.05423536541043509,Financials
2009-12-24,212.34644675092787,222.47143161134616,203.52596761892863,213.59892677293013,431476,-0.027692101804887497,0.05057448338785007,Financials
2009-12-25,213.54004133660948,217.8629433396803,206.46943464264152,210.73556281661803,1105973,-0.0134959919023852,0.047552608459622656,Financials
2009-12-28,216.7404284093729,222.97799027758998,208.63553391547956,214.81776350735962,1069036,0.019185966408432058,0.044003655832961515,Financials
2009-12-29,207.59092286334288,220.67875141595854,192.98990305008226,205.97591117738892,1590097,-0.04203083118822549,0.04128283635345814,Financials
2009-12-30,194.21413656803009,211.57883227526142,176.7064590958811,194.0571155456096,1999265,-0.059606700157822205,0.04157411066354986,Financials
2009-12-31,184.374904952137,197.86973893775132,172.51570385722783,185.91169009532743,1698874,-0.04288074922845481,0.04489620415500347,Financials
2010-01-01,181.16263571132632,188.51706789679167,173.6019771822443,180.94768321078368,1350409,-0.0270638300831682,0.044590908447588784,Financials
2010-01-04,177.57680327888284,184.15609668591628,169.99235362379147,176.5329726788952,1244075,-0.024700273479979655,0.042432851987117076,Financials
2010-01-05,178.02495338936467,179.3969384308901,176.0748031497896,177.44229783935165,1049115,0.005137800498954809,0.04039743888795844,Financials
2010-01-06,181.7039710174723,188.16932488314563,175.23648656205827,181.70176182053393,1282588,0.023721198201190754,0.03754360137307192,Financials
2010-01-07,176.41630325900243,184.2407151919393,168.5838202143779,176.4078575640409,967411,-0.029567985076185032,0.036221842717663176,Financials
2010-01-08,180.98762936898515,184.62811175544383,175.19309913944173,178.78936444451077,1271982,0.013409691403223584,0.03578767068573097,Financials
2010-01-11,179.66751538770436,180.56534495973742,178.48956251461516,179.38598523188787,714297,0.0033314483518650543,0.03393492112879763,Financials
2010-01-12,180.81807604613726,183.26525401799245,178.48801015702537,180.93369819364935,491871,0.008590829486602702,0.031983243735311535,Financials
2010-01-13,175.26035381534817,184.81494850755388,164.9640128948534,174.47583849675544,1691660,-0.036344385116983485,0.030486269967906175,Financials
2010-01-14,177.93191745869166,185.04911971193238,171.5843805684653,178.675071568446,1556441,0.023782642937759262,0.03227487063761198,Financials
2010-01-15,183.60449243632232,188.88580510469234,176.8954532329997,182.13448160470213,422931,0.019176410476272998,0.03190886922950127,Financials
2010-01-18,182.26703639429778,182.82390635171575,181.2085498088327,181.76388250922327,869054,-0.0020368281924303877,0.031140021776124488,Financials
2010-01-19,186.6796336747037,197.56898449422187,177.20082198996818,188.02201242613882,1527623,0.0338505474080538,0.029603767755757508,Financials
2010-01-20,189.61917991698039,190.6050419996319,187.69389625578822,188.67484860072986,762966,0.0034661123875870327,0.031192713672317723,Financials
2010-01-21,190.69577571736085,195.3630944548524,186.6851223565149,191.33891479591625,1556030,0.014021122896783686,0.02966800295363787,Financials
2010-01-22,189.60590080392646,192.1040501753898,187.2938725122767,189.78977968988025,981243,-0.008129241694999298,0.028872843685696408,Financials
2010-01-25,187.4534740442891,190.58647673318418,185.05198767264008,188.17573736934233,866549,-0.008540737495504684,0.02787159068979172,Financials
2010-01-26,188.5854802304712,190.77235949051882,184.56127105126114,186.72659425523773,905192,-0.0077308152510823635,0.02706292821570673,Financials
2010-01-27,196.68862713025797,216.17341858009468,178.95464357009428,198.2946331343813,1388191,0.06010848659259891,0.02636069977359766,Financials
2010-01-28,186.578261706605,203.45032245696027,170.16424725266114,186.99927024634863,1261969,-0.05864925636319104,0.034610167842859384,Financials
2010-01-29,191.44184586032637,196.61444972045075,185.2537649856883,190.39816955607094,769538,0.018012794213926382,0.039676835373830086,Financials
2010-02-01,188.10980275647648,193.5340521409493,181.3872679002929,186.77296894834387,625775,-0.019223699155097425,0.03752426049284117,Financials
2010-02-02,183.0765295636252,192.35134776887733,171.42240046974695,180.57024825696743,1893392,-0.03377392040133618,0.03580347318080376,Financials
2010-02-03,194.73620016635343,217.8272946273571,172.08468410674877,195.129975072543,1684267,0.07754598628042998,0.036008507443911035,Financials
2010-02-04,203.01949891032203,212.15837103968954,192.0232243332223,201.07454484000414,1310527,0.03000983379566694,0.04515857709119334,Financials
2010-02-05,193.271736363898,206.48736505026486,178.97773354149234,192.11421249864043,1087129,-0.04558565722023657,0.04320331221778644,Financials
2010-02-08,193.69893918789685,196.65031189882095,190.97534170272942,193.9235560793678,1359913,0.009373988646457995,0.04364548969710575,Financials
2010-02-09,203.3864684680475,220.51562135585368,187.34406312614206,204.39376409710175,1521878,0.05258430895211609,0.040461386113079714,Financials
2010-02-10,205.5791988779741,206.57941811613622,204.0601257481193,205.0578082269077,1398012,0.003243581204133447,0.04271376177707971,Financials
2010-02-11,201.35399251389885,205.87691453678187,198.90141530074888,203.39942310957827,910787,-0.008120283362747083,0.03951139682387176,Financials
2010-02-12,177.23326094673374,203.81825008874378,150.3256910153689,176.85375413572814,2187317,-0.13984850415212788,0.03686205682626062,Financials
2010-02-15,180.1325394509023,186.9576411028439,174.0678420602422,180.86817631059685,1472321,0.022445315022472156,0.06419259773375846,Financials
2010-02-16,177.6821528988342,182.68164602094276,172.51247392301386,177.5070398393091,1434822,-0.018758189049165402,0.058924702018891946,Financials
2010-02-17,159.68583085691907,184.34133006533364,137.26613271342194,161.6463740246189,1965777,-0.09359919630183303,0.05413387899340672,Financials
2010-02-18,156.34945082595542,163.88277599506623,149.46246992583585,156.96852568830516,1385383,-0.02936576096573995,0.061306630278874424,Financials
2010-02-19,140.1500896803982,161.1726031324579,118.51070418967973,139.42435787021145,1818508,-0.1185230952199641,0.05688720875983483,Financials
2010-02-22,151.0023714714252,170.5203588346284,132.10609580782094,151.55493585374404,1607171,0.08342595540927238,0.06925375247209442,Financials
2010-02-23,153.003686872976,154.62709728927203,151.01130857076242,152.63076215514286,1027832,0.0070735132792096285,0.07057513223909244,Financials
2010-02-24,151.56496714499005,154.39040527464124,147.9354652995632,150.74562953197764,1252804,-0.012427841705435398,0.06397018540671101,Financials
2010-02-25,147.8461462869733,152.73004445134995,142.5909189913358,147.46213175319286,1101126,-0.022022434749598363,0.05828306258419756,Financials
2010-02-26,149.703807660907,151.93372094691233,146.7153316184828,148.9337748800748,722074,0.009930334308558043,0.05376132859407252,Financials
2010-03-01,169.2087897907811,194.59010825939825,143.70485258382215,169.06453245155546,2103012,0.12677874761314556,0.04926475507583317,Financials
2010-03-02,182.31282240975628,201.58009265511532,162.23421793929944,181.40561193678323,2079219,0.0704549831463307,0.0667273594644589,Financials
2010-03-03,182.5357066172225,188.07104964511134,178.55806683561553,184.0601898150736,971698,0.014527348668090362,0.06638236285642259,Financials
2010-03-04,181.02456949259917,186.60106104243988,174.76398884603984,180.31873711369747,1356301,-0.020536775994813957,0.06047272986743729,Financials
2010-03-05,192.2430764951403,208.5983113850807,174.60550724797574,190.84150206180607,1777220,0.05671720472545897,0.05557719605499371,Financials
2010-03-08,197.6647668329394,211.28757346423356,185.37395586732274,198.91878739976258,1082093,0.04145338650060481,0.0552592614305386,Financials
2010-03-09,204.59118488982168,212.94855438407586,196.06034594765342,204.4103275802933,1224929,0.027232745466705108,0.05292094355672589,Financials
2010-03-10,216.53067336131582,235.15413743337425,197.85499310736932,216.47354353231572,1310846,0.05733895582538621,0.049515092420346817,Financials
2010-03-11,214.08183305779832,219.87794145066485,206.84532728928434,212.6013527656117,1107796,-0.018049510351809298,0.050542644174877,Financials
2010-03-12,209.74848385275138,213.16676196665566,208.05688454810317,211.46134858934218,1084161,-0.005376596049948871,0.04682429740787995,Financials
2010-03-15,216.02929540833924,222.92257312706926,209.11528722899604,216.00788165642206,1325191,0.021272663369414257,0.04310856098219846,Financials
2010-03-16,208.0391814918292,219.33265215999072,197.7697476698112,209.0150467227222,1034889,-0.032908652906556125,0.04067625050307614,Financials
2010-03-17,200.74999407747947,212.65812206186158,189.41860745879418,201.29592048255955,1202393,-0.03763017668072572,0.039825780587577055,Financials
2010-03-18,191.8538863356027,206.13987149955264,177.28403740136537,191.54718468986513,1624391,-0.04964189306355781,0.03976529603915025,Financials
2010-03-19,189.8669321454437,191.9052361307899,188.79413594988765,190.82701522298214,1088167,-0.003766835307351885,0.0416493775140165,Financials
2010-03-22,184.83736515028994,198.07956967578124,168.8933327817045,181.92703400931345,1482044,-0.04776164355702339,0.03859876779223603,Financials
2010-03-23,194.04643185654524,214.71221619589622,174.18389194011027,194.77509093467378,1764053,0.0682398184338305,0.04042360806946096,Financials
2010-03-24,183.04132919289208,203.17304824453265,161.09689476414462,181.00460568845088,2142635,-0.07332303635253663,0.04588851048427083,Financials
2010-03-25,180.9573644509931,183.61378799797336,179.39943598953258,182.04648291534755,474078,0.00573957836675008,0.050902303136158185,Financials
2010-03-26,182.61493254671734,183.18153912979645,181.85742211517672,182.423434529775,807715,0.0020684930678168453,0.04666665817933058,Financials
2010-03-29,201.17014634135603,229.84037937777637,172.01605047908876,200.60586341726727,2049744,0.09501155632960634,0.042928584742999924,Financials
2010-03-30,204.15811485724402,207.60334633468906,199.45187729665804,202.8754636371406,808485,0.011250206667363594,0.054114416617530255,Financials
2010-03-31,201.80969910058246,203.46944721202968,200.1067752146566,201.76616528999241,1465114,-0.005482881872854555,0.04961533171503811,Financials
2010-04-01,221.96605627828777,253.53544097453647,190.28292706426816,221.83345195373158,2204549,0.0948174546011633,0.04553958950187589,Financials
2010-04-02,236.8752614304099,257.25963393432517,214.71506493063362,234.9322292069301,1689919,0.05737020230485005,0.05574617317947521,Financials
2010-04-05,239.92485090465175,245.94101644858634,232.90227480781923,238.89255532537243,1050314,0.01671680534203456,0.055496032977139426,Financials
2010-04-06,230.14638331567147,242.96637776989846,217.45961648597222,230.272650490991,1931520,-0.03674984777636917,0.051046698993042816,Financials
2010-04-07,220.26765498014922,235.31357724774475,204.9924890338466,220.02160419955982,1157768,-0.04553830132693633,0.048858930393603596,Financials
2010-04-08,236.95001835503396,261.004815720525,211.5276249165783,235.42789910273214,1896553,0.06767896321900978,0.04817485440068323,Financials
2010-04-09,241.414611174946,249.1027781555778,232.8212848975083,240.47967768702577,719173,0.02123088005655251,0.051417113751956504,Financials
2010-04-12,241.90114061911783,244.14647861778218,239.6987792509506,241.9437295039662,910670,0.006069590694585811,0.04777643989940717,Financials
2010-04-13,218.08799457564453,251.6625140060089,185.77986080024502,219.19098091041505,2040297,-0.09876176766252746,0.043949932391862706,Financials
2010-04-14,193.39149380172248,222.46356616466124,164.3827697314641,193.44657927361848,2310269,-0.12494201049719655,0.055752670416523556,Financials
2010-04-15,202.0220913115077,215.2625160564691,188.82160380587362,202.05957903540013,1958570,0.04356120138458718,0.07020159617074982,Financials
2010-04-16,213.88642959668968,231.43933638494528,195.90763070648984,213.42246124439174,1473091,0.0547109878869014,0.06578182137830416,Financials
2010-04-19,234.70782231005595,267.0964662615615,201.6988525756851,233.98819051439358,2286258,0.09199705867697695,0.06333081594620261,Financials
2010-04-20,223.16091876790912,240.84613723331074,204.35789061612007,221.94689961014672,1559534,-0.052832483880670016,0.06766204711292517,Financials
2010-04-21,218.21382855199667,223.34491524440648,213.98170652577838,219.09569006052365,1398717,-0.012929587015028372,0.06466229812309142,Financials
2010-04-22,204.9732852341429,225.15865872654783,185.60406469947458,205.71897340601896,1553092,-0.06299754465577527,0.05890709950340893,Financials
2010-04-23,221.77373239900948,246.186316665418,197.0139507206213,221.3835884083479,2276682,0.07338586045133617,0.05891808459566618,Financials
2010-04-26,218.8393480640936,224.00672164727612,212.7801033927616,217.92590825542425,1091561,-0.015741756464713742,0.06070333789063917,Financials
2010-04-27,224.18000511157967,234.24802127196114,214.3391965235215,224.39765837890917,1042744,0.02926460393040008,0.05554355605595703,Financials
2010-04-28,222.37886267925995,227.65851042922634,215.6299829371289,220.87390035345894,1337116,-0.015827786527179317,0.05192814123337625,Financials
2010-04-29,218.90423020856323,224.54307077885676,211.52052604227265,217.11323157091024,549925,-0.01717293011323135,0.04790410530962112,Financials
2010-04-30,213.38929225839846,218.72232556156678,208.49655592251273,213.8197200807758,1358365,-0.01528579147248868,0.04449807943848033,Financials
2010-05-03,228.2522050632207,249.93287333159705,206.15999629826482,227.79747142820696,1881803,0.06332372053790611,0.04146217037386859,Financials
2010-05-04,250.16259285386596,284.0182576499652,215.56604365725124,249.30574760946197,1906337,0.09022309426807133,0.04557162818140021,Financials
2010-05-05,234.6153593770938,256.0173310083047,213.19596647788345,234.5961893939342,1172244,-0.06081435216072635,0.05461180867705102,Financials
2010-05-06,224.12799447111405,239.53514773932272,208.68326737518498,224.08764705490475,1945109,-0.04582843627533967,0.05514270152878245,Financials
2010-05-07,209.30257076244277,232.90276682195142,184.422753224317,207.86032714274845,2162208,-0.07517090679946709,0.05336301023396581,Financials
2010-05-10,212.12673127131438,217.53399160375022,206.03353170603916,211.42284959702354,1442815,0.016993804599822988,0.05679514480430873,Financials
2010-05-11,218.25509439109442,226.79444771810063,208.51945083258715,217.01009277094602,1469261,0.02608370830420547,0.0521907002050218,Financials
2010-05-12,218.14825634860665,221.8965009442024,215.22205485442916,218.9594186645415,830745,0.008942546820089563,0.04879702169341077,Financials
2010-05-13,216.4951448840266,219.5889078692281,214.6060263613075,217.68936864983488,1343111,-0.005817277561369977,0.044910074954982934,Financials
2010-05-14,215.05515797733634,219.00531760036617,214.2766477385254,218.2153672487131,866919,0.002413366090613064,0.04145609694247218,Financials
2010-05-17,204.2961342257713,225.43235846562695,182.60019022416162,203.6718241156336,2130848,-0.06897250510052116,0.03841562220433269,Financials
2010-05-18,194.08092065500398,207.7913775230668,181.19196613963229,194.85126432361417,1429673,-0.044273472707063805,0.04465634324990156,Financials
2010-05-19,204.55405309283498,220.957913183131,188.77479476698912,205.13392375181328,1944200,0.0514265319680061,0.044602379440943404,Financials
2010-05-20,198.71108784760986,207.464802586497,191.60305792608838,200.29993840657417,1001521,-0.02384711726796908,0.0456968382929669,Financials
2010-05-21,203.68309731030064,209.805142057109,197.9698527965794,204.08074369194728,1012020,0.01869978278075575,0.04307973507668882,Financials
2010-05-24,205.2600065835539,205.51624248066048,203.6564200029351,203.91097183535373,1127629,-0.0008322319298710581,0.040461625533698864,Financials
2010-05-25,198.65219953587282,205.73065629553247,193.13156787095278,200.16790257893766,945357,-0.01852695876786446,0.03754754857725311,Financials
2010-05-26,201.81824178284444,205.4104932282621,198.67302002868013,202.2584116782814,1047057,0.010389618323166061,0.03576788997839918,Financials
2010-05-27,199.81961986510308,207.93167566364093,188.86596775953691,196.85778214813476,1318217,-0.027064595572127353,0.03375892753244177,Financials
2010-05-28,187.40188308530392,200.93144632969847,174.63921161729883,188.11987715442743,1459470,-0.04540214594035723,0.03349038668834605,Financials
2010-05-31,173.92592659204516,194.31131287693367,153.77731927151456,174.1381234214963,1983592,-0.0772306069805242,0.0361453735466433,Financials
2010-06-01,178.01688657753144,183.2489275504579,172.36448552821602,177.58379771618826,1020540,0.019593800241895408,0.045164980031525914,Financials
2010-06-02,166.149911814922,182.2002893634923,151.53563365391776,167.46990659172673,1336196,-0.058638924335927066,0.042302339039187925,Financials
2010-06-03,173.3023451277216,180.77758313803506,164.9211898878552,172.3555905041728,1429576,0.028756056377672656,0.045247859923319124,Financials
2010-06-04,179.98162232394574,193.17462971228434,167.41555373224364,180.56764577185035,1753723,0.046545747021084403,0.04315010635991099,Financials
2010-06-07,181.42340949447484,182.56195874564494,178.6853236371379,179.81377136784363,842597,-0.004183764577175657,0.04375524343390084,Financials
2010-06-08,175.55735157382634,181.621639840709,170.03317615894824,176.0809874378801,927060,-0.020977666710641992,0.04042576709567207,Financials
2010-06-09,165.70505136719154,181.4456328919995,149.57610501983692,165.27592296806515,1625495,-0.06332770745343945,0.03838493833930484,Financials
2010-06-10,159.19484617993768,167.5255438689155,152.3031260613283,160.57411373947895,986796,-0.02886073380717232,0.043362225182133465,Financials
2010-06-11,150.92452996410015,165.85734589212808,135.4507541683093,150.32416902041865,1723116,-0.06596151481176252,0.04158325806836338,Financials
2010-06-14,149.92098642774678,150.5209291102413,149.32917927178784,149.9290899658865,1380499,-0.0026316402618040036,0.046216578158745615,Financials
2010-06-15,150.50224115299466,152.54730954986402,148.9340465929195,150.9741973280935,1917633,0.006946494829849951,0.04254193821316661,Financials
2010-06-16,149.5870213091682,151.24884971782456,148.764619111178,150.42185774118485,1080855,-0.0036652119093961173,0.03943464560649022,Financials
2010-06-17,139.29301328432896,155.18005365995853,123.90193957672477,139.73963124627514,1681886,-0.07366281741730288,0.036689073115012044,Financials
2010-06-18,138.62791882940346,140.78794618799057,136.1407290725851,138.29557807219513,1291234,-0.010387649552974767,0.044618405051157925,Financials
2010-06-21,131.7525039213494,140.7828433289364,124.05800624006001,133.01463570087557,1489087,-0.03893409968072998,0.04133796251549741,Financials
2010-06-22,129.74879532202317,134.3671803325989,125.61755521426116,130.22090801667878,1608671,-0.021226864303485755,0.041163592331555414,Financials
2010-06-23,126.77959547704828,131.5553457993292,122.71006217758644,127.46384847368023,1187231,-0.021399517717599775,0.039027426665546115,Financials
2010-06-24,123.95901906620287,129.56740102164403,118.08101102605168,123.67661598168006,1422827,-0.030162559624891637,0.03724517323747527,Financials
2010-06-25,122.65684370054112,124.6801204727005,120.30621496802453,122.32400136437413,1473147,-0.010996950033483036,0.036690998133880284,Financials
2010-06-28,126.12003739888429,131.24664226332428,120.57530391079011,125.68419227449873,1023169,0.027099076774643852,0.034570557006709676,Financials
2010-06-29,119.49894383239766,128.5386176515135,110.47463945210382,119.51323410075042,1488510,-0.050345239273694935,0.034150442511174536,Financials
2010-06-30,114.7277599769413,121.72736559555028,107.80766829330848,114.80275066129978,1270910,-0.04021166678999435,0.03759253445294782,Financials
2010-07-01,111.7724781852465,115.83628779311718,108.63775901325188,112.67622262305767,2105327,-0.018697024663497097,0.03838105833847323,Financials
2010-07-02,115.00565599194992,116.132949859437,112.30323915144281,113.41494071118241,1056878,0.006534715519069717,0.036481794377951605,Financials
2010-07-05,116.3424902439418,120.97798347256895,111.78394159231637,116.41653364159102,1698283,0.02612143188653467,0.03422195834351664,Financials
2010-07-06,116.0039302653938,116.6919265601846,115.83940464607149,116.52665956630906,1172747,0.0009455175006910736,0.033752975081653785,Financials
2010-07-07,117.66357703033331,118.60020152397752,116.21417628628097,117.14668623066765,1415400,0.005306793698233049,0.03180479149423574,Financials
2010-07-08,116.8643169781415,117.76409730843451,115.64958727410873,116.54692388100386,1173479,-0.005132905997652528,0.03022350275029003,Financials
2010-07-09,114.07487572594584,117.42555743948967,111.41280178428748,114.7477804594122,955129,-0.015557465654130171,0.028891523036948776,Financials
2010-07-12,115.45439078765418,116.00272609393882,114.56496818883463,115.11167581584476,1149781,0.003166244855327874,0.028356327219027318,Financials
2010-07-13,118.67902749497348,123.96145887726885,113.30066237779306,118.57862481314336,1041556,0.029673489881600186,0.02729045255496184,Financials
2010-07-14,117.34408337810225,118.8818212192179,116.43459350003329,117.96749947731958,1203303,-0.0051670827188246395,0.028773120108648503,Financials
2010-07-15,119.84034912793813,122.51181937232857,117.06464479352381,119.73373848304232,1045741,0.014861273151212499,0.02768246311661675,Financials
2010-07-16,120.01574252695896,120.27440834807133,119.30413583064421,119.5618233352627,827390,-0.0014368438432386475,0.027316361897469433,Financials
2010-07-19,118.6554683450881,119.79044718464458,117.96952072472074,119.10191863381161,918856,-0.0038540020106639693,0.02640561644584905,Financials
2010-07-20,119.7640103840221,119.8193467416068,119.08356385062139,119.1386112456852,757514,0.00030802997443199004,0.025691112541751968,Financials
2010-07-21,116.3097015552642,120.21932481612288,113.02198607941747,116.91451318636173,1158402,-0.01884460443043709,0.025060743071109136,Financials
2010-07-22,125.6752925573501,137.05362025919487,112.94487051528738,124.18859645840425,1610716,0.060358338117798956,0.025606650347944047,Financials
2010-07-23,122.40870021277864,124.96786713592995,120.04393789609352,122.5994203764295,1664823,-0.01287905359980969,0.03422031239899589,Financials
2010-07-26,117.35218674074771,124.98189786962291,109.89406424886646,117.51352198536738,1275979,-0.04236888803988295,0.03258380468563966,Financials
2010-07-27,119.89101001800688,126.72879240092804,114.38667220030015,121.16592187467346,1092300,0.030607453758098063,0.03490890807937067,Financials
2010-07-28,125.0865546912822,134.68543032561217,116.99698700884872,126.50418217814578,1258020,0.043114506870323,0.03486298788784859,Financials
2010-07-29,120.10872357013,130.35165885880195,109.32048913464862,119.51258545005052,1598000,-0.05685368491818306,0.036758284031974224,Financials
2010-07-30,121.40863172449744,124.20215456419952,118.56757899415254,121.35998245002293,1088453,0.01533950702967694,0.04081407084936074,Financials
2010-08-02,117.1265123817825,124.01809652478597,109.82568932161034,116.69168897449512,1685904,-0.0392258706866745,0.03831351947843394,Financials
2010-08-03,114.65007300269568,117.49271200236393,112.22099038226632,115.05504918157328,793740,-0.014124617378843657,0.038796146194288755,Financials
2010-08-04,105.84748986794577,118.8276338202558,93.64027064099851,106.54049180462209,1572697,-0.0768855847356535,0.03652449164653371,Financials
2010-08-05,108.81653902187907,113.36216897692367,104.71932467604864,109.24868331947557,653682,0.02510166427921779,0.04532041221184635,Financials
2010-08-06,116.39388219320769,126.72201011873823,105.62152878903355,115.90640036285198,1571874,0.0591561900615268,0.04286800488568743,Financials
2010-08-09,119.15838168912393,122.62747879699687,114.73743304049944,118.17798761360696,1195521,0.01940888565675872,0.045771725963664286,Financials
2010-08-10,115.44459105717296,119.37710268247847,111.77699992356455,115.70135436436894,668259,-0.02117951766599482,0.04280825206101966,Financials
2010-08-11,114.03463962395365,117.83702270848715,109.3846140262285,113.15775828670927,1358658,-0.022229403843559713,0.040414390393775125,Financials
2010-08-12,108.55085339635592,115.87284000784105,100.88487854761001,108.1819841409851,2244237,-0.04496808873379719,0.03848090851326643,Financials
2010-08-13,103.31844765963315,111.30978749572972,94.79803318101813,102.74502031027653,1183104,-0.051564459314002414,0.039849010108918684,Financials
2010-08-16,99.34691442221822,104.26431211222402,94.64895710455305,99.55644636288136,1490265,-0.0315256046282366,0.0420617273180783,Financials
2010-08-17,98.77744609817482,99.75555836141864,98.17997689981966,99.15580063274213,1217694,-0.004032426577495804,0.04079743479755417,Financials
2010-08-18,102.85395824918412,108.18524069596383,97.32178482422577,102.64208514262488,1734687,0.03455567834581928,0.03786797616012746,Financials
2010-08-19,103.7018992537095,106.0422260947791,101.66227425661353,103.99680092597208,1075231,0.013112103132627513,0.03776640214082013,Financials
2010-08-20,104.31327546647138,104.81820630256092,103.15996547104673,103.6617425468852,1732798,-0.003227015505818554,0.03559255528637715,Financials
2010-08-23,104.9844312327529,106.50486082987061,103.15160016591838,104.66743894465259,1202136,0.009654952829763802,0.03339200559733228,Financials
2010-08-24,104.43229784992224,105.28994358366901,103.24107007083286,104.09595359189346,907965,-0.005474971194443388,0.03171755897561414,Financials
2010-08-25,101.61878497864079,105.24058806141026,98.10693330050177,101.72506349554655,1297504,-0.023039386394796867,0.030154587285092238,Financials
2010-08-26,101.25710844836635,102.26312657340843,100.04951637541447,101.05351170903873,1095497,-0.006623522637623532,0.030117458496438737,Financials
2010-08-27,103.08340064436727,104.59940109876901,100.54835953607409,102.04914973510387,1295871,0.009804361936873833,0.028848391685628416,Financials
2010-08-30,101.9979897803499,103.0026856028834,100.38259159335483,101.3812120608787,916904,-0.006566768781078223,0.027932106781020493,Financials
2010-08-31,102.18841411492939,103.01583580676667,101.1046200524613,101.92994894651143,1096633,0.005398013718115556,0.02703017645548557,Financials
2010-09-01,100.95417817924115,102.32320259912167,99.76718746554363,101.13409645712859,1485071,-0.007838478374416903,0.02624643088472971,Financials
2010-09-02,102.25453894019266,103.18261953216248,100.82441021806008,101.74789239483377,816166,0.006050786606239859,0.02569662173970433,Financials
2010-09-03,101.43760658619118,101.8801339209235,101.0400171787621,101.48236906488145,649661,-0.0026130309445688516,0.025174290414029427,Financials
2010-09-06,99.75430056822776,103.118861825668,95.87919494528659,99.22593524165097,1394006,-0.02248565551075506,0.02465806374976564,Financials
2010-09-07,101.604048142919,104.63740505397018,98.19871579036806,101.22062574632423,1135393,0.019903123720584937,0.025734350426468072,Financials
2010-09-08,100.7060950308452,101.7831142176119,99.4266798471915,100.50151107456857,1179550,-0.007129784855205364,0.026253106170000963,Financials
2010-09-09,103.49419618778809,106.41571334553892,99.51984476010477,102.4107783298122,1301128,0.01881920123939316,0.025671103242184617,Financials
2010-09-10,102.53096931388538,104.51268778717154,101.27655929150994,103.24948709489621,876634,0.008156300031555779,0.026083112997302253,Financials
2010-09-13,102.29954723436666,104.09890414216166,100.25095297705502,102.04584753562386,936190,-0.011726066285661465,0.02557815105582778,Financials
2010-09-14,99.06953004425077,103.11735469182427,95.80736203860681,99.83014123096395,1072786,-0.021952043877243723,0.025377520440897177,Financials
2010-09-15,100.0622320471086,103.00248771678727,98.17352246520124,101.09429753823161,1127097,0.012583566201868922,0.026220195833379815,Financials
2010-09-16,101.74993536632829,103.48229624088657,100.31862831767803,102.04681304109722,712502,0.00937793911774744,0.02595671120127034,Financials
2010-09-17,100.92160178054147,104.07682804289041,96.81729238947588,99.94188877527468,1249876,-0.02084275455192857,0.025538060741241674,Financials
2010-09-20,101.01763541034114,102.8980882638322,99.2415677721053,101.12021705984061,1479866,0.01172117212353611,0.02620910337526773,Financials
2010-09-21,102.6712945690731,106.58868025379407,99.39615494337218,103.2936867695529,1178578,0.02126618181155809,0.025887092559436067,Financials
2010-09-22,102.25535102589613,104.34524996439654,99.81326718365847,101.89581797126317,1191200,-0.013625359895810627,0.02653207157895864,Financials
2010-09-23,100.74155986697532,102.14356321148891,99.99947576436861,101.3966535472521,888441,-0.0049108107490533365,0.026287035258095243,Financials
2010-09-24,104.20970003596695,106.99920710285824,100.45928876512019,103.22236668620658,750423,0.01784547290017795,0.02562077257734877,Financials
2010-09-27,101.5529535176327,103.73904769425137,99.99635565655696,102.1729466144609,1657506,-0.010218628522740565,0.025940476584342648,Financials
2010-09-28,103.58701914646117,106.05414796069675,101.2542798468141,103.71844891390957,465175,0.015013073509714798,0.02557322262975725,Financials
2010-09-29,107.00534882624785,112.37429496670276,101.78512404500863,107.14715234223118,1346354,0.03252313919195244,0.025632023505141332,Financials
2010-09-30,101.7386224605339,109.52282437380612,94.25872647726358,102.02208781573275,1503630,-0.04901380814463653,0.028004708365011788,Financials
2010-10-01,102.52381252019613,103.07603349408383,101.10885022494581,101.65639907549533,948547,-0.003590846915223887,0.03298126681638191,Financials
2010-10-04,102.22408672425632,105.41897935721232,99.98037369263302,103.15483731232453,1171408,0.014632644180854599,0.03117924463302448,Financials
2010-10-05,101.91332033068211,103.54414678761108,100.74156547019506,102.36717371902314,1118328,-0.007665042258035361,0.030163444399924112,Financials
2010-10-06,104.94385426004803,110.62373042532853,99.99167359771745,105.6387580467152,1751337,0.03145923882980458,0.02892541500785202,Financials
2010-10-07,106.22502759321819,110.63341566575843,103.25623359438893,107.6254815563948,1236797,0.018632106237700497,0.030295152464771973,Financials
2010-10-08,110.8265646648663,118.95005600308212,104.05459106077873,112.10025454028391,615961,0.040736163599799174,0.029770964339755054,Financials
2010-10-11,108.77895414026943,114.15782150546954,103.10175361590689,108.46510170502296,1211483,-0.03296512275872846,0.032526350977317056,Financials
2010-10-12,100.3618720284744,112.65991299638381,87.70831320419974,99.95670639833246,1968029,-0.08169132174298388,0.03330729205586064,Financials
2010-10-13,102.40716385123159,105.82500147702703,98.79455633845302,102.20566907911703,1775131,0.022249990445073267,0.04459283990163527,Financials
2010-10-14,104.25954635617217,109.69397656661535,99.78026847664002,105.17535310157125,909078,0.028641840074960713,0.042012812422107346,Financials
2010-10-15,101.95031376609616,106.25317054102337,98.67767516135869,102.94849014617168,1272596,-0.021400219275740283,0.04043654753467568,Financials
2010-10-18,107.88315228132439,113.27392965631704,101.11726663044985,106.43571762420133,1761234,0.033312445060530285,0.03842898527123418,Financials
2010-10-19,106.6858878036177,108.0778204753057,105.70315189473685,107.09134965890266,1180406,0.006140992834902614,0.03805111531306296,Financials
2010-10-20,102.74863202982802,109.24263843808619,96.18356129365046,102.6727732081591,1425089,-0.042135233530395264,0.035552308929296846,Financials
2010-10-21,97.86295800991392,105.28477711660537,90.2080647679484,97.61075724607865,1657003,-0.05055926680613638,0.037114417978226066,Financials
2010-10-22,96.5260962530574,97.76147892890567,96.07616445013184,97.30790293334356,1302925,-0.0031074968006303354,0.03981733211160799,Financials
2010-10-25,92.87628635217365,99.16467525813655,87.09056335797479,93.34947500370995,1142173,-0.041529962214181156,0.0370105988825331,Financials
2010-10-26,90.24794531628474,95.12886063556358,85.17379186415666,90.04365866783264,1645192,-0.03605559699760551,0.038138408565928726,Financials
2010-10-27,88.31698524422086,91.75769998703515,84.31706625189989,87.73511196962443,1278509,-0.025972465230780353,0.03819203421633136,Financials
2010-10-28,87.10974056695899,87.93127339431666,86.52014410253774,87.34011763806737,1146781,-0.004512288833095913,0.03698770774986948,Financials
2010-10-29,88.12554293294036,88.82879460858848,87.10530998307776,87.80601176431068,1223513,0.005320074462279768,0.034605296303438816,Financials
2010-11-01,88.71451650642388,89.06502696898694,87.68976131308916,88.03759727227641,1455505,0.0026339955501169933,0.032592433242114145,Financials
2010-11-02,89.1763356472805,90.41022682140043,87.62402083029303,88.85344430824055,1350114,0.009224354310021953,0.030835921481237417,Financials
2010-11-03,87.38762588516553,89.89520245899652,84.66851330095304,87.16984055296508,870948,-0.019129913405407095,0.029554129148786547,Financials
2010-11-04,85.45747116971053,87.97696736928614,82.98969980054825,85.50774425484707,1398295,-0.019251457950442648,0.02921729415653133,Financials
2010-11-05,87.42257614984395,89.89874874875156,84.6696053563063,87.13770933692851,1463821,0.018882785263335165,0.028957089239874802,Financials
2010-11-08,84.61077770123298,88.197231517833,81.36036088664592,84.93438304524625,1033809,-0.025610738985400637,0.02871052682714204,Financials
2010-11-09,85.87620430779748,86.68549017157501,84.66421488312942,85.46966961836624,812464,0.006282577502508924,0.02928859800776374,Financials
2010-11-10,85.22450695687904,85.47833609010881,85.219322157498,85.47313616488415,879137,4.055796911150132e-05,0.028145660333691952,Financials
2010-11-11,85.52093905669524,86.02106990669489,84.64264439486597,85.14055071427553,1070112,-0.003898700953755908,0.027087687299545846,Financials
2010-11-12,86.97935448532279,89.44073935476713,84.3067958287254,86.76203076381987,1530978,0.018865663650942867,0.026254032508538652,Financials
2010-11-15,90.75515089514543,96.42115275659113,84.80245898040498,90.4493704361518,1282686,0.04162115909719883,0.026548189544978385,Financials
2010-11-16,94.13178149395902,99.60596045814562,88.55695638218194,94.0249209326212,1138347,0.03876961197239499,0.03039232184585492,Financials
2010-11-17,92.63298752402355,95.69612874767192,88.93344452312009,91.9748218541279,838988,-0.022044999342910192,0.03262540426752035,Financials
2010-11-18,90.87351841485224,92.7427865412189,88.85599488631881,90.72214935129367,1026206,-0.013713332251780027,0.032006732140280186,Financials
2010-11-19,88.45118341268163,91.66250893597825,85.57782684483507,88.77851880438118,1064520,-0.02165681646444076,0.0307855979973895,Financials
2010-11-22,87.9910017638201,89.20642920102814,87.73692464311466,88.94958413990616,968217,0.0019250235108312958,0.030472201924896546,Financials
2010-11-23,89.49483971740378,89.558847334973,88.92835803031592,88.99200601611915,925756,0.000476806765405465,0.029041348616221718,Financials
2010-11-24,85.14979842104718,90.72655241412357,79.72052779863341,85.28844170160853,1163173,-0.042507602077671874,0.027834403986126036,Financials
2010-11-25,87.0741612519755,89.48545631483961,84.4717762133921,86.87762881563853,1479563,0.018461619598695158,0.031477574102356576,Financials
2010-11-26,87.33394201957465,89.08972045668945,86.01046220690205,87.75978728127889,1036781,0.010102828919795163,0.03072124422653676,Financials
2010-11-29,89.81056212386912,92.48926380879047,86.85217207665544,89.522275280108,1597368,0.019884088029845273,0.029501626231253963,Financials
2010-11-30,91.05961524230295,94.11608342330689,88.30098452027227,91.34869509175101,1051835,0.02019651788695549,0.029250355617456772,Financials
2010-12-01,88.86030526130692,92.34032558719586,85.83052530363686,89.29570040176796,1656460,-0.02273065908533279,0.029080088431981514,Financials
2010-12-02,90.3137453391851,93.22470424825556,87.96237807281136,90.85913740413163,1657647,0.017357027678292444,0.029223683271236284,Financials
2010-12-03,88.91398607988417,93.68713707084046,82.95882397844984,87.66492170689293,1172931,-0.03578852777760522,0.02878209326341258,Financials
2010-12-06,85.33859765669403,89.36801409114813,80.93740353004671,84.9483958810164,1256494,-0.03147787398353949,0.0309006459830905,Financials
2010-12-07,87.63161711130408,91.56400905285444,83.60036684131363,87.52811417960365,1582236,0.029916081822049103,0.03181993746562631,Financials
2010-12-08,89.25348799463748,91.78491920580122,86.66897513670095,89.19885688579744,980639,0.01890817765624902,0.032314896394551935,Financials
2010-12-09,96.37830920307748,107.51181236397068,85.21067792811338,96.33972374452397,1466620,0.0770125093702978,0.031448845774281475,Financials
2010-12-10,98.51428346148154,101.55429232055522,95.30748932914202,98.34218755652562,1015684,0.02057237287330218,0.04220027144882085,Financials
2010-12-13,104.59664168055369,112.55558504253295,95.58715257443339,103.45957448337448,971673,0.05072784513985002,0.039851897158467355,Financials
2010-12-14,106.98737217891656,112.57161168350858,101.48694226997708,107.06708365194578,1487431,0.03427463632337862,0.04191104993415385,Financials
2010-12-15,110.82106097367047,116.07238374412823,105.26709822085913,110.50336686446545,1555065,0.031590401826270154,0.041005383665215105,Financials
2010-12-16,114.93162368019773,120.98544252392475,108.42408955514888,114.45268094205973,1666396,0.03511548083912361,0.03993552572280693,Financials
2010-12-17,115.15884780483103,118.0225754826287,113.02490486374894,115.87535534882642,1307459,0.012353619843427867,0.0395074868979287,Financials
2010-12-20,118.10142863036062,121.00992538386225,114.89259488357932,117.79350845332414,1550306,0.01641807265292726,0.0370346460125839,Financials
2010-12-21,113.02124013161402,119.97724639244322,106.19908380885734,113.14747058268652,1114513,-0.04024114591093516,0.03518074715902772,Financials
2010-12-22,120.69051011615014,131.16999302255368,109.48042110313713,119.89043388119356,1766800,0.05788625742719009,0.036510963424261016,Financials
2010-12-23,127.78423354626402,137.89536238503956,116.38418287040285,126.38456036297845,1777609,0.052751050517849896,0.04085416967670765,Financials
2010-12-24,135.5069861528251,150.73153604837955,120.73278074125953,135.91305708639055,1632089,0.07268606995117431,0.043042438866647506,Financials
2010-12-27,138.2891770489148,143.00166919873553,134.03220440428228,138.7310930013108,1046485,0.02052208150811774,0.04872997998781983,Financials
2010-12-28,136.9330119225056,139.56560245552916,134.39989927807954,137.03068300175616,777524,-0.012332612415670982,0.04541874210174178,Financials
2010-12-29,143.99267990517683,154.59960138436733,133.32588357335774,143.92804376567696,1382687,0.04910861434611561,0.04210823799012373,Financials
2010-12-30,157.46726299451348,178.48389293646113,136.3242933338574,157.32146396619495,1982936,0.08897777456418532,0.043361634721901875,Financials
2010-12-31,177.28372384391335,203.87628242050033,150.26399662025642,176.7811724944193,1562870,0.11662140093804602,0.05283693544826162,Financials
2011-01-03,161.04179140486326,183.47634799506787,138.8933098787922,161.29327877953241,1782644,-0.0916883389206272,0.06613226195711049,Financials
2011-01-04,168.57391962864466,177.77512262313311,158.14051273452816,167.27057583474536,837330,0.03638840066821722,0.06971221974198409,Financials
2011-01-05,170.97451616856944,178.213989299363,164.39952316637834,171.61438934547675,675582,0.025637321668486132,0.06470279917099683,Financials
2011-01-06,181.3861306167785,194.65545255424135,167.00956056262223,180.19148831362344,1152342,0.048770071862136874,0.05956301382401577,Financials
2011-01-07,169.03637183741196,187.97600022404833,148.485866733517,167.2222301744914,1652243,-0.07469646199321524,0.05740191703293205,Financials
2011-01-10,148.04761738762164,170.25475999576489,125.31019285501124,147.42375630001322,1816190,-0.12601251170475716,0.05977389294993316,Financials
2011-01-11,140.2754400241252,150.65016366329257,130.11065525269606,140.47119396619868,1573780,-0.04830869309543637,0.0730767239867339,Financials
2011-01-12,132.33259131797004,144.25572146708598,120.36342227819027,132.2819935855011,2213245,-0.0600664836498563,0.06871845127180175,Financials
2011-01-13,121.8683289810633,136.7167202538279,107.43411895201795,122.2386491264835,1394267,-0.07896068458873746,0.0664753924761995,Financials
2011-01-14,122.72188575138681,123.348451913217,121.20131212317874,121.82329043652517,1047584,-0.0034037186765503535,0.06760473874293223,Financials
2011-01-17,139.6937881795269,160.64785640645593,118.36852826163691,139.257092072514,2833491,0.13375025232675714,0.061303004457566854,Financials
2011-01-18,136.39898456387158,142.2275603994427,129.56235148593728,135.3459283195068,961042,-0.02848787500976228,0.07609084165680026,Financials
2011-01-19,133.72267876093363,136.05897616008667,131.56297426646856,133.89646491112694,762364,-0.010767081617353028,0.0696676883542003,Financials
2011-01-20,128.53497607344156,136.93494375675982,119.81084850794794,128.18815058720133,1109472,-0.043567740288416444,0.06324760032979586,Financials
2011-01-21,115.04212539948246,133.06599657031438,97.78580658956008,115.709562235056,1800729,-0.10241583351061083,0.05987427959531463,Financials
2011-01-24,112.81200735577296,116.74515394933316,109.66741715588147,113.5791791386488,814675,-0.018583070328524284,0.0673891232225001,Financials
2011-01-25,126.42509037581796,145.44956719130866,107.46132681944526,126.47788451418145,2724694,0.1075672596502766,0.0615210103816824,Financials
2011-01-26,117.18100186067487,131.07534016279146,103.00816292970832,116.86503674394937,1296000,-0.07904773004436666,0.06973861969530916,Financials
2011-01-27,110.7944778239052,120.70123241683933,100.25737714498023,110.10223437535589,1601396,-0.059610399287708,0.07020015388430877,Financials
2011-01-28,119.46781272439031,134.87250100880152,104.39573230586056,119.7631595787956,1689987,0.08410678477502402,0.06764214100537107,Financials
2011-01-31,126.10493795767222,137.02457376163892,115.67186447500217,126.55432132492933,1171160,0.05515551123077077,0.06943673436021623,Financials
2011-02-01,115.28095904959632,131.2297510896914,99.90817375485716,115.78919255149019,2339912,-0.08890040136998663,0.06643408481915092,Financials
2011-02-02,107.48042168154413,119.21643393741454,96.49836487629683,108.16448173834182,1809886,-0.06811818458612709,0.06939944023670666,Financials
2011-02-03,100.74891916257668,111.04670463687498,91.63321272979546,101.83291854046753,1559269,-0.06031963094360929,0.0681838610290663,Financials
2011-02-04,96.98635850239653,104.50764772546582,89.20270494044492,96.70193730835892,1845473,-0.051699980211708164,0.06606814516422271,Financials
2011-02-07,106.31105301975941,123.66749167916869,90.3643950667955,107.53694928623365,1988752,0.10620106633086647,0.06318965926032753,Financials
2011-02-08,100.06417758825958,110.60990025506553,90.25047239378752,100.7308151725873,1570181,-0.06538274023066239,0.07061265044891746,Financials
2011-02-09,103.54844788518764,106.99447138705065,99.56316759735203,102.99062719759681,1266401,0.022186223436098898,0.06877610435861677,Financials
2011-02-10,102.69190932381768,104.21923137464204,100.4578444781152,101.97449655158903,569637,-0.009915237794818281,0.06291229054128733,Financials
2011-02-11,95.93619710054968,104.48049562730728,88.01978916600603,96.51622526249962,1574560,-0.055011616566001266,0.057280990145075615,Financials
2011-02-14,103.22713543457145,114.10682057205649,92.54726456778434,103.40821520703537,1276001,0.06897327801665319,0.05638112413903178,Financials
2011-02-15,108.63562305840529,116.09692444137976,100.81810545466786,108.25313696464882,1654912,0.045787935687621725,0.05793670589012728,Financials
2011-02-16,111.36137159850729,115.6085111724893,106.80590938924612,111.0408237972432,1358970,0.02542557030334412,0.05567593528356174,Financials
2011-02-17,118.04450146491405,128.86717449215269,107.21734940102783,118.03957032676979,1354609,0.06112199434919845,0.051737962460334956,Financials
2011-02-18,114.37954136630204,120.31695508929684,108.1055240102999,114.02450804113299,1048219,-0.034606501897515365,0.05293239213016109,Financials
2011-02-21,102.94779964979284,118.40636224429907,87.50562970232392,102.96205412547747,2095768,-0.10205289430344835,0.05021067620869413,Financials
2011-02-22,104.46929197211936,109.3195096442093,100.67336325492997,105.48661609478069,1172459,0.024223569405144474,0.06065565587498068,Financials
2011-02-23,103.7531236201692,106.2636356368557,101.3891910639812,103.89643778127827,819798,-0.015189470759724712,0.055958056336046384,Financials
2011-02-24,104.83012461974381,107.81993308738237,102.4830898816285,105.45882247450999,1381357,0.014925955979599349,0.051377536515685454,Financials
2011-02-25,105.00965062973017,106.25659110976531,103.38486892248586,104.62726879712862,823130,-0.007916354814739303,0.0473828938650038,Financials
2011-02-28,106.15264022944031,110.07498935032127,102.89033058138388,106.79300000453887,1480765,0.02048816773660523,0.04365216152552699,Financials
2011-03-01,100.95827088300521,109.06842812932332,93.85684225368075,101.90070823403879,1677783,-0.04689349085989462,0.041077654719580206,Financials
2011-03-02,101.48553080555641,102.4153988581562,100.35217104307995,101.28015734745391,1420913,-0.006108378506235149,0.042187070253371386,Financials
2011-03-03,93.80692314231943,104.76373109651907,82.74943499669654,93.69292814113746,1648999,-0.0778677990008369,0.03910749238249149,Financials
2011-03-04,93.62088057259909,96.19208895172788,92.13517290025707,94.68942412890695,1178081,0.010579603348136365,0.04725490330687932,Financials
2011-03-07,101.07280228081417,111.31845171698977,90.97733252029532,101.20934376324908,1846801,0.06658876593705361,0.043625794093455725,Financials
2011-03-08,95.88120373872756,103.5720147809814,88.41399967065375,96.08865449973817,1192942,-0.05191983257686001,0.04782967165453505,Financials
2011-03-09,98.98975055899437,102.5670285571557,94.87461260759446,98.4317247456206,1574118,0.024091908357248785,0.0483165845718205,Financials
2011-03-10,105.78351281786253,116.43482044015869,94.66671808714652,105.26590827585855,1998442,0.06712645060694561,0.045328323187526116,Financials
2011-03-11,109.72010227297594,117.04811052505029,102.60282913729054,109.91800023535167,1272310,0.043245026743766166,0.04918962860255463,Financials
2011-03-14,99.8797795632471,113.82581192310457,87.17597881275928,100.98183919720603,2444266,-0.08479394465385494,0.04812707658227504,Financials
2011-03-15,99.57155032412676,101.87133275462604,97.14212799730808,99.43884537036773,714946,-0.015397854929532178,0.05505882633855434,Financials
2011-03-16,103.16355175221622,110.11715905645615,96.73438745716128,103.6572287543977,860631,0.041546742596951604,0.050603790141528986,Financials
2011-03-17,95.10236303938815,107.85711014068804,82.07837720741037,94.79142216736042,1901500,-0.08941065671184426,0.04906643083018091,Financials
2011-03-18,90.76688101660663,96.39373981722488,85.81075462652635,91.4028857823431,1350032,-0.036401870627779075,0.056790417656298595,Financials
2011-03-21,86.75410450095038,93.5376111199616,79.99423440165924,86.77603240114497,1688363,-0.051946591946490844,0.05365524818544501,Financials
2011-03-22,87.98287392264503,88.65592502329802,86.55249574729302,87.21970878981344,1337446,0.005099864482298744,0.0529893931697811,Financials
2011-03-23,90.21690077320767,93.67107787255385,86.04888838865872,89.47464644592732,1306747,0.02552498160723035,0.04847888121091479,Financials
2011-03-24,90.42530817569946,90.44208003796527,89.44698995539012,89.46358343933309,787612,-0.00012365168265533657,0.04558388138012171,Financials
2011-03-25,90.1170354534756,90.96239087840591,89.18032989414124,90.02482028178693,1344312,0.006253759685401961,0.04197992957119389,Financials
2011-03-28,82.94842776396042,93.09448939111441,72.92082918138259,83.05411439826655,1646981,-0.08059303716692143,0.038932223362817764,Financials
2011-03-29,77.64416795935162,85.31542381952022,70.44305913982816,78.07441201270748,1370410,-0.061830003967959644,0.04782112565327361,Financials
2011-03-30,79.04536946958628,80.49822797114153,77.58426794639327,79.03697210387696,991078,0.01225337221989757,0.05002929597344572,Financials
2011-03-31,86.2445333914031,97.37242805005714,75.02259420366224,86.13655696080208,1500996,0.08601816425204492,0.04609627028396994,Financials
2011-04-01,92.35972551898043,102.72128796215665,82.29486538132491,92.62727205893526,1360246,0.07264970441102152,0.05394220605859585,Financials
2011-04-04,96.80112129284565,103.19038339921377,90.40532336756232,96.7941235980161,1085447,0.04400267284121725,0.056740692701320906,Financials
2011-04-05,100.76537926138083,109.23323696477549,93.29765570276635,101.69650748172428,1213464,0.04940667527778262,0.054461364738282725,Financials
2011-04-06,112.323573365268,130.92382196114076,95.4750373604778,113.8468017053398,1968889,0.11286073884991733,0.053282127713011336,Financials
2011-04-07,98.14245013953389,112.86381766046397,83.35900291678033,98.06941519621215,1798956,-0.1491781536752091,0.06543561769375228,Financials
2011-04-08,104.56655757469885,116.10684087675969,93.65426112886232,105.13520214875963,1469280,0.06957161511248401,0.08284669142737065,Financials
2011-04-11,102.77957575470874,107.02875037279141,98.04866308148878,102.2770624962551,967534,-0.027561731578678857,0.0794788705806362,Financials
2011-04-12,109.45413347258979,120.99517994646118,98.0853813939619,109.61021593699647,2014202,0.0692451514799724,0.07257726952814557,Financials
2011-04-13,98.21116422699394,112.94283886104303,82.98223295563832,97.62615641839803,2200548,-0.11578512766935953,0.07094506108427505,Financials
2011-04-14,92.20843783213306,99.96937288528972,84.79948334228075,92.53424015573398,1402696,-0.05356671373423501,0.07834213886672163,Financials
2011-04-15,95.82037795529858,102.41802871881241,89.87970739216381,96.43900455187955,1581921,0.04133199144692838,0.07375907741297325,Financials
2011-04-18,94.394712398103,98.42400582215618,89.73225367850829,93.73331496696548,1086477,-0.028457055991723476,0.06861902963606908,Financials
2011-04-19,87.48465683360999,96.51789973572392,78.5073554102442,87.53539207846173,1587443,-0.068410482845695,0.06315320726545877,Financials
2011-04-20,92.0014571753392,98.02845901580577,85.45263385905332,91.44305484555684,1125112,0.04367323464583918,0.06318750821806764,Financials
2011-04-21,85.05376868782959,94.5547418525511,75.39901109454277,84.88064544170189,1583437,-0.0744703286818692,0.059835037139716656,Financials
2011-04-22,88.78994346548448,97.2210736044653,81.38278709444866,89.73507146955616,1548662,0.055615580488310806,0.0616121726098574,Financials
2011-04-25,82.31007842053232,92.8570431722015,72.11382176525744,82.62213068044808,1750730,-0.08258410837759915,0.06000676436805485,Financials
2011-04-26,78.3580022826205,84.13085875293618,73.70547324625547,79.41553821489212,1041955,-0.03958352604570292,0.0632745577575779,Financials
2011-04-27,69.49316627738416,81.16389022355347,59.06919133577654,70.57729584656823,1673156,-0.11798554030592572,0.059480787298633465,Financials
2011-04-28,67.84187362799275,71.90524140699573,63.75294239392394,67.81468150950415,942226,-0.03992979126022992,0.07084108556709451,Financials
2011-04-29,74.21768670282736,84.15115624447822,64.22025141470486,74.14383669825402,2048310,0.08922823281037329,0.06598428417413009,Financials
2011-05-02,83.4183459275244,95.93109781665305,70.65315965988921,83.12136430575201,2033725,0.11429481459121012,0.06911868224978837,Financials
2011-05-03,100.92115222262284,116.05932505601625,85.28521556236598,100.33554772043057,3009328,0.18821828579618088,0.07669034805712928,Financials
2011-05-04,103.73655046411037,109.93442636132527,97.95671287005443,104.13252637511785,1634325,0.037144333848242374,0.10059346924282327,Financials
2011-05-05,89.94185322711051,103.78827126933727,76.45057524304393,90.25067066898895,2573135,-0.14307335156804415,0.09166347186311413,Financials
2011-05-06,84.92798936119382,92.64607088040098,77.27843473633328,84.99085397288519,1821418,-0.060047378038724376,0.09945979714707298,Financials
2011-05-09,85.84054493513632,86.85060229646375,84.65224692311017,85.66018201346552,1176976,0.007844446639139026,0.09249137332869671,Financials
2011-05-10,84.36598595188794,86.19299601280527,82.75076765114595,84.57379905265795,1027393,-0.012763582246389375,0.08338437271841663,Financials
2011-05-11,85.13302424561914,85.84957984018563,83.3926967798377,84.10056225180608,1362130,-0.005611262303248692,0.0754108695459687,Financials
2011-05-12,79.44334258161041,86.62142051898694,72.02953781594009,79.18420110792988,1425864,-0.060236454510564315,0.06822142138829027,Financials
2011-05-13,80.03787626399767,82.93645156791628,77.79603268733317,80.67671427689315,1403966,0.018673188922621133,0.0660877782709589,Financials
2011-05-16,82.37302988248838,84.86634042740548,79.82948528023611,82.32122785388457,1106806,0.020179020151571383,0.06038525272874269,Financials
2011-05-17,87.08842149490653,94.56736924854945,79.66195281635352,87.13677704822418,2102250,0.05685002706502036,0.0554813655728924,Financials
2011-05-18,84.6776232668274,88.92074800044121,80.05106294861554,84.27396047820092,1001254,-0.03340610793356278,0.055202666396292635,Financials
2011-05-19,87.95418319810825,92.24283580186773,82.81346603932649,87.05844224676709,1759664,0.032506716927832774,0.05201214001460263,Financials
2011-05-20,88.88988611509363,93.39782777762801,85.09383551139386,89.57262092240481,869760,0.02847006012798562,0.0492210642299904,Financials
2011-05-23,97.5029917381436,110.24930254603915,84.90235554362884,97.63199484995397,2198846,0.08615555256229357,0.04647313395608198,Financials
2011-05-24,99.05166794116826,101.6500534667764,96.63739569210648,99.23140044153085,820328,0.016249245127944976,0.05423300313791475,Financials
2011-05-25,105.07669707256207,112.77383224114328,96.56490269171412,104.1976450662578,2153850,0.04883502801936411,0.049925750856345305,Financials
2011-05-26,112.33388545889773,124.47388437329866,99.8798799672042,111.98183225382257,2112844,0.07204711718586397,0.04951558818295207,Financials
2011-05-27,108.24499043986303,113.41954425421564,103.84057895611939,108.98502143683747,1029766,-0.027126191342102323,0.05329214616340765,Financials
2011-05-30,103.30264388599616,113.13815412478799,92.54394301184062,102.28230625797137,1622434,-0.06347375613249033,0.049823857866195545,Financials
2011-05-31,106.89914433393817,113.91595886737827,99.84344344168068,106.85752617693137,1612213,0.04375971748673399,0.051867823433914335,Financials
2011-06-01,104.53576653165703,108.30402935862732,100.55967481594692,104.3201657536968,1249194,-0.024031729056288236,0.05039299373320845,Financials
2011-06-02,110.64257261101582,120.27209218255508,100.9304111442705,110.55205250875264,1892199,0.058021786396173725,0.04709768204626823,Financials
2011-06-03,113.21001784231288,116.65135606496771,109.38592987200072,112.8152685758412,1500755,0.020265216148675658,0.04878045179983046,Financials
2011-06-06,115.1212475725536,120.51787644875535,110.50515360942367,115.87169143421211,1770299,0.026731780972756216,0.045444777808559565,Financials
2011-06-07,111.88600101443055,119.1520136808335,103.75615161771816,110.96216954771135,1333480,-0.04329414225506085,0.043120418378672885,Financials
2011-06-08,115.13827753967605,123.6934594778532,107.48865230407267,115.98741851034377,1525373,0.04429239577004759,0.04322792844865052,Financials
2011-06-09,118.24782640891661,121.27711981472406,114.96278566194385,117.98535503027267,1605266,0.01707878274414248,0.04346487647315817,Financials
2011-06-10,108.76118436448012,121.56130365725139,97.33539467135152,110.00486086217322,1468898,-0.07003595237824634,0.04068303224275155,Financials
2011-06-13,114.59841661224618,119.30958559403757,108.41345614507046,113.06143962643944,2194657,0.027406829989818825,0.0464741055191061,Financials
2011-06-14,122.56493980489262,138.49963251854314,107.10088513902176,122.98284999990041,1813105,0.08411353029388678,0.04405160765005553,Financials
2011-06-15,122.79802696095325,124.70748052334064,119.82194421110306,121.71455020184251,1459425,-0.01036636396443376,0.052093168515829756,Financials
2011-06-16,118.68120900084496,122.78763334469726,115.42428078803071,119.50801536493171,1683771,-0.01829510748575229,0.0478234021174924,Financials
2011-06-17,107.83612947031892,124.01154889086675,91.46274935155003,107.60323453123533,2234441,-0.10493273533063845,0.044495717499107544,Financials
2011-06-20,111.64858129546666,115.9779954135156,106.13938011839099,110.42119987949532,1135581,0.025851435326894722,0.057754021004634656,Financials
2011-06-21,107.55297060776948,112.34623262795849,102.41170244836587,107.1887316022611,1352609,-0.02971101584086324,0.05355992961190407,Financials
2011-06-22,103.34151193027412,110.01057543918395,96.04891633207234,102.67496474028661,1792146,-0.04302281102944403,0.050272701512551504,Financials
2011-06-23,101.52186202188489,102.85253733789165,100.99143939965673,102.31795535623552,1476573,-0.0034831421965961823,0.04898489516399281,Financials
2011-06-24,104.65926124170068,109.27148722422963,100.4817006510453,105.07724256488646,1554013,0.02661054894452641,0.04496038039558996,Financials
2011-06-27,108.95241502450776,113.99183664368499,103.35545380207871,108.36783667433797,1334244,0.03083561215259984,0.04270089977415318,Financials
2011-06-28,111.2031141503068,116.77517461618572,106.15086786627181,111.70033815429744,1322699,0.030288398082126654,0.04124704498193361,Financials
2011-06-29,113.41549359405646,119.09969224096703,109.00047290038778,114.63711640454622,1170374,0.025951896304815765,0.039983284439256986,Financials
2011-06-30,117.50499895672819,121.1173057456887,113.41367181781807,117.01078563496242,1824848,0.02049448574405341,0.03847019061445901,Financials
2011-07-01,117.21096501833303,120.3621855758506,115.21490872310846,118.34678668761129,644491,0.011353069199696827,0.03670106326276161,Financials
2011-07-04,121.28947744014022,125.09340699943208,117.05720174352821,120.84726237542644,824341,0.0209082691512087,0.03459636198694524,Financials
2011-07-05,122.18715419241137,125.92266145017041,119.14875460364517,122.86734764868297,952741,0.016577845185381437,0.03351268368872161,Financials
2011-07-06,127.50481172433989,132.94658344387022,121.01826241907364,126.41345623001646,1576119,0.028452634563027174,0.032244436994074144,Financials
2011-07-07,122.6123145703568,128.43099788671694,116.66443242352896,122.47667902693425,895418,-0.0316372969917378,0.032452978841524385,Financials
2011-07-08,116.96346716686335,125.02653753087463,108.94440952334861,117.00465596823004,1905163,-0.04570690796454435,0.03305592916092749,Financials
2011-07-11,113.6785205386576,118.80944294345579,108.4118911436767,113.5363988322731,1511573,-0.03009024853880742,0.03588208156595301,Financials
2011-07-12,110.21916190510474,115.43523527686236,104.80408739131829,110.01027529615884,1457853,-0.031549706854351926,0.035578539607095234,Financials
2011-07-13,109.71050335763861,110.70529577549752,109.29546575970654,110.28807321624075,1087826,0.002522016794077961,0.03552426754837103,Financials
2011-07-14,113.81828393744023,117.44891054295053,109.06490174769156,112.6585341344815,1625773,0.02126563196416874,0.033324659835998915,Financials
2011-07-15,110.78569920514686,113.45302730810576,108.37233625903721,111.03424991696896,951092,-0.014522710442622018,0.03250016042996331,Financials
2011-07-18,115.06414212087368,124.0069296206312,107.2844475024033,116.15357638265243,1293501,0.0450745382825862,0.0312513153350178,Financials
2011-07-19,113.74075031917911,117.57730673384562,109.73994078729093,113.57076342303492,864377,-0.022487140881934604,0.03443940865263549,Financials
2011-07-20,114.30827614016702,114.55727813332562,113.48805855693463,113.7358135333862,1081280,0.0014522249339920174,0.03353668171467141,Financials
2011-07-21,106.8347303422973,116.71719178454245,97.34808706809021,107.19826737708458,1381984,-0.0591982478844473,0.031624097772644466,Financials
2011-07-22,111.00810256788232,118.0004958290005,104.50338646184035,111.46878520881982,1548586,0.03906451244291999,0.03775886294415249,Financials
2011-07-25,110.40363094524784,111.95903891131934,108.92049683303266,110.4749467606979,902519,-0.00895582931779185,0.038333938025315,Financials
2011-07-26,107.55047597971806,112.66570628269857,101.93668311577227,107.02701708250706,1447727,-0.03170747041569049,0.03588347356985338,Financials
2011-07-27,106.83388723994838,110.06782011649148,105.02904374236422,108.23923478525766,1005932,0.01126261553777404,0.03578971210243212,Financials
2011-07-28,107.07196990670582,110.13725162283694,103.15290533863842,106.193024394453,681570,-0.019085491243581092,0.03381936974889889,Financials
2011-07-29,103.54841746202287,107.12891163360469,100.70788308751658,104.26862068472614,1056344,-0.01828796257266526,0.03270532391785031,Financials
2011-08-01,103.49264082998621,105.08444389877108,101.61754690374029,103.20492465801183,1133846,-0.010253888946556919,0.031715579867252784,Financials
2011-08-02,105.17634531741462,112.27285783972876,99.78157409069637,106.7950585559217,1469403,0.034195085789409004,0.030339310157485793,Financials
2011-08-03,109.72023079672014,113.66225441278081,105.45395110609019,109.38389071035228,1390505,0.023951970616151882,0.03180840418014479,Financials
2011-08-04,108.07932829352815,112.10585044260684,102.72544420664319,106.70060154932733,1479721,-0.024836831813901446,0.03155113620219584,Financials
2011-08-05,106.21113055644867,106.85809061819944,105.73802572341319,106.38421480200368,1227208,-0.0029695872774466088,0.03144693289817648,Financials
2011-08-08,105.90329806685526,107.5760146612956,103.60717162172861,105.269883590006,1192906,-0.010529836337954209,0.029873908988475,Financials
2011-08-09,108.2817758576163,112.60596479156409,103.79279633990211,108.11013069363284,1593094,0.026623063759339878,0.028819992515560534,Financials
2011-08-10,112.58141507172948,118.44700394222437,106.09948237454604,111.9311941752668,1473881,0.03473390859262588,0.029509179986364476,Financials
2011-08-11,108.61928905438407,113.49070188344724,103.7988300640539,108.66807768300117,728365,-0.029586267364332976,0.03126659597225538,Financials
2011-08-12,111.8553407113153,114.58618047192212,107.75467369635076,110.45123354090964,1525042,0.016276020696259604,0.03183366302260666,Financials
2011-08-15,112.02701902615337,117.41167136789957,107.87421472813755,113.21483512264768,1405587,0.02471311137923684,0.03082923950741017,Financials
2011-08-16,111.13507465467214,113.65653200511753,109.81346737479551,112.32082391272584,1388553,-0.007927933846767033,0.0308539185192188,Financials
2011-08-17,109.91142107111692,113.49772826161143,106.31786121395398,109.90392377465525,1248984,-0.021752711747605184,0.029512696431439157,Financials
2011-08-18,108.06200826525247,111.05687404119274,104.90180597052166,107.89195894405859,1652426,-0.018476217645884627,0.02945804594299468,Financials
2011-08-19,108.67393011289771,108.84041341327574,107.83675122028686,108.00220547041052,351410,0.0010213016756031642,0.029076223437688453,Financials
2011-08-22,114.03398016284255,122.02331362384314,105.23781556641171,113.16636290394305,1688635,0.04670732618231672,0.027865711440506865,Financials
2011-08-23,119.7604170243808,129.12409008880272,109.9000004887758,119.22154057631634,1976053,0.05212447371775412,0.03237953747559831,Financials
2011-08-24,115.19000822574576,123.86695352679412,104.8415237322522,113.38229931154859,1910734,-0.05021815945496226,0.0366918474836014,Financials
2011-08-25,118.48376753264728,125.70540886832728,110.88702402576054,118.08431877165944,1411519,0.04063364676341358,0.0394374551443738,Financials
2011-08-26,116.5897892578064,118.70041478758755,114.72538846519336,116.83213855928969,754711,-0.01066074370366709,0.039898800508357105,Financials
2011-08-29,121.25638402905415,127.79569128721772,114.57767386057476,121.10903462560151,844320,0.03595306100390118,0.03729046988242215,Financials
2011-08-30,129.96149705415903,142.2409901801793,116.79608407043867,128.98313615671017,1427153,0.0629904159019396,0.03750142270066567,Financials
2011-08-31,125.97024533865685,129.7756558251459,123.58862617908895,127.36761765938218,1153728,-0.012604136017280287,0.042664437626483497,Financials
2011-09-01,126.39602169702344,127.69864424836413,125.40008614449884,126.70031105243869,1338381,-0.005252989976282117,0.03974962926995164,Financials
2011-09-02,140.6982138380637,160.14528637750053,119.72731366404007,138.9299844912124,2109557,0.09214555517536929,0.03698872135168388,Financials
2011-09-05,137.46749777147863,139.41874609366755,135.99572579257375,137.9418950622539,1572098,-0.007137551313409393,0.04968050831636655,Financials
2011-09-06,131.42851895946518,140.82969769039812,122.36231557965239,131.7418781629471,977301,-0.045988006517869766,0.04563073548684905,Financials
2011-09-07,132.28437523091188,132.40287209086335,131.5452872603487,131.66322771270973,826032,-0.0005971824449895438,0.04563951937060439,Financials
2011-09-08,131.21544683830345,131.67808193393745,131.17101567301108,131.63350920758134,638494,-0.00022574153863213863,0.042028871942210264,Financials
2011-09-09,127.52182445009015,135.15922010946346,118.90620848924924,126.48128533408006,1568660,-0.03992726051564317,0.03889920957132814,Financials
2011-09-12,128.60369670652386,130.67366935063964,125.78802669860373,127.84580043562732,1429332,0.010730498407779026,0.0393655525054824,Financials
2011-09-13,127.5146901391632,128.15150090699507,126.78452310866834,127.42086531355127,1126563,-0.0033293459084954807,0.03683733050400661,Financials
2011-09-14,124.82741565919417,129.207471654712,120.10707194338025,124.47475341052615,1225313,-0.02339259620913377,0.03445654969023879,Financials
2011-09-15,127.12649834959868,132.3364887532102,122.40361710086266,127.59615911980481,1377028,0.02476735802553694,0.03364349991982482,Financials
2011-09-16,127.9960283730723,128.212754008813,127.5239802373836,127.74027282230985,1207075,0.0011288143780472401,0.03312886012254228,Financials
2011-09-19,130.07664624735227,136.53514441007877,124.8180035762145,131.22987966913428,1468980,0.026951508067728086,0.03127632062280009,Financials
2011-09-20,122.5707085290034,134.81854807845446,111.14546213766704,123.32316278242597,1499912,-0.062142342317905726,0.03148847651806728,Financials
2011-09-21,131.96976251506564,145.8746051252457,118.2729491172774,132.1582310472838,1632706,0.06919167510676096,0.038372775884166446,Financials
2011-09-22,136.99679838195692,142.13943119852522,130.4205770137815,135.5072963937182,894935,0.025025562043818787,0.044677725197878056,Financials
2011-09-23,141.69493441457684,150.00257679490264,132.6471963414322,140.90874399826978,1307379,0.03908698837000041,0.04231809443284326,Financials
2011-09-26,144.3504240121144,152.47080311694776,137.42364648371685,145.4893721940313,1109237,0.031990565439633266,0.04197410859228715,Financials
2011-09-27,145.24899586208565,146.22323358449324,143.86876171311718,144.84025788156885,1337251,-0.00447157524968431,0.04077953010109128,Financials
2011-09-28,155.34617280811827,171.29844607263212,139.17584900812022,155.10316851397673,1715378,0.06845903346550593,0.03785994331737287,Financials
2011-09-29,154.36611166913272,157.21928351208075,150.37201183683464,153.20369862630952,1552124,-0.01232209933513352,0.04415536361361368,Financials
2011-09-30,149.84172742262243,155.69376743617366,143.4367190300419,149.26628525995946,1337400,-0.026036539194656514,0.04101867901924787,Financials
2011-10-03,143.397530034606,152.63005268170167,133.78832088121584,142.9949219652457,1418021,-0.04292274139295423,0.039340956124279715,Financials
2011-10-04,149.1963988682547,157.89947359375412,139.99325072252972,148.66534763202964,1216218,0.038888671985461455,0.04018112644415242,Financials
2011-10-05,147.7750256933592,150.66480403632772,143.87026629734456,146.73980054839032,1562830,-0.013036836815105578,0.04023018343452704,Financials
2011-10-06,140.3140497429782,149.53589352634393,131.5865474662486,140.77944384155137,1477139,-0.04146651644515197,0.03768644311237277,Financials
2011-10-07,137.81410341925587,141.83111401318425,134.62822923472632,138.62646042120002,954839,-0.015411456957771222,0.03865404498217614,Financials
2011-10-10,135.75998526245428,139.7498893500527,132.346033606127,136.32180951857833,1561884,-0.01676464362076128,0.03648198330164442,Financials
2011-10-11,128.73589185600923,139.62365796060857,118.28547542007004,129.14040434246587,1598373,-0.054118118810398505,0.03474055376439529,Financials
2011-10-12,122.76626799707958,132.3578073903545,113.00874289630505,122.58621502852404,2047492,-0.052085639645482434,0.038792273434563394,Financials
2011-10-13,118.82950597858455,125.24377935348545,111.870105167723,118.25327424903818,1251114,-0.03598586238930073,0.04136193251250967,Financials
2011-10-14,117.9248137238939,119.00926950663501,116.44967815104687,117.53050783262698,774049,-0.006130775186299216,0.04077860851869246,Financials
2011-10-17,113.59083425151161,120.67193093256027,105.71771238558176,112.74615278340319,1204771,-0.04155908486635919,0.03789398225093746,Financials
2011-10-18,107.9874148817554,116.96296217755662,97.80276144864298,106.6687017893824,1555777,-0.05541106992655467,0.038830873578981934,Financials
2011-10-19,109.48842819165415,114.04295174696675,105.04432646192635,109.59454285556687,889820,0.027059795591357683,0.042033645986118445,Financials
2011-10-20,117.814950489712,130.8697831620351,104.8762081146047,117.91955306206884,1104383,0.07321505644417155,0.040290157563925885,Financials
2011-10-21,122.12932993817644,127.040885890817,116.25270074596564,121.12381904949054,1311402,0.02681068205934834,0.04693297466322866,Financials
2011-10-24,120.92949695538447,122.1660598297797,120.30686815590572,121.54028626394124,732553,0.0034324616968539057,0.044384515199160736,Financials
2011-10-25,125.69539161830531,130.19544589258797,120.01964554949683,124.4760456948242,1136685,0.023867511324243293,0.04096041284663376,Financials
2011-10-26,123.99703151561714,126.13413558849025,120.93314048476005,123.0539911409099,1236652,-0.011490081908957941,0.03908520245534461,Financials
2011-10-27,114.97212741437896,126.4690783019776,104.07140520029303,115.51672205271078,1432915,-0.06320791226670033,0.03663230457016601,Financials
2011-10-28,105.28315690704483,119.59608807161851,92.00164022097447,106.19903318861854,1626781,-0.08410029407835669,0.0421049476482795,Financials
2011-10-31,102.17816634902849,107.73649318550214,97.4544216485833,102.97587025805944,1189028,-0.030820313636016405,0.05078572843606162,Financials
2011-11-01,104.20019262492234,108.52746934630342,100.88638614357504,105.18242559094536,841149,0.021201537782664412,0.048019120463816095,Financials
2011-11-02,114.97659512466656,130.52168289973883,99.51339838095635,115.04877825086136,1879830,0.08965996790879521,0.04485637663417819,Financials
2011-11-03,113.67408276340181,115.61199471713886,111.97079075026785,113.90523905897287,1522576,-0.00998933073530428,0.05399548218701937,Financials
2011-11-04,122.23968670454596,132.50697968623288,110.34710252768983,120.46536466055288,1168562,0.055995415010636894,0.04947097822529766,Financials
2011-11-07,123.13678064845341,125.7088575837429,119.60305517391987,122.15461670170231,1355209,0.013925310925214648,0.05028145905387312,Financials
2011-11-08,133.22262472453448,149.89742628496563,116.16492787986506,132.78494761160337,1884943,0.08344329198292344,0.046386067329788165,Financials
2011-11-09,134.2831326410034,137.49988888449286,131.4542389119961,134.6629927806102,1649794,0.01404442326880645,0.05353271187228446,Financials
2011-11-10,124.0893606780987,139.48308640394637,108.59470187522432,123.97413322664659,1947213,-0.08270236675530779,0.049215727832308126,Financials
2011-11-11,123.10351130155375,124.26113621850111,122.24050408816831,123.39607798999955,812332,-0.0046736127684255365,0.05535072278561933,Financials
2011-11-14,126.55394275085384,130.28906204378333,122.13378083137314,125.84806686878959,732915,0.01967603280066797,0.05053947376812269,Financials
2011-11-15,122.46357584884126,126.84628085300383,119.45163978236164,123.80144060993074,987588,-0.016396364092222268,0.046919747090355825,Financials
2011-11-16,119.38431739076483,126.14709885605428,112.46019536293751,119.2132885305407,789960,-0.03776476739488732,0.04360614918718541,Financials
2011-11-17,118.06460066707761,119.75406795756928,116.42780123029682,118.11654833946048,621554,-0.009242394573438046,0.04283834317532073,Financials
2011-11-18,114.6226095864239,119.64528880288076,109.91873539980905,114.92884725734423,1103083,-0.027358617429185834,0.039760686556231724,Financials
2011-11-21,108.17681021153193,118.78431250864176,97.09965143117246,107.65609379630764,1688619,-0.06537138767768323,0.038431807770176615,Financials
2011-11-22,106.08702123382594,109.2630126664854,102.3694716796861,105.52874980224233,897108,-0.019958403932429928,0.04384764335540668,Financials
2011-11-23,110.15048448400617,118.03380945798152,102.60069367680582,110.46262436618859,1646348,0.04569379694555691,0.041204894677548405,Financials
2011-11-24,110.50224135625822,110.54560775176422,110.44816652108864,110.49152871243786,1464980,0.00026163207173447603,0.042088753108230154,Financials
2011-11-25,112.51453004980687,115.97395813506138,109.21685709865376,112.67167931754346,786581,0.019539242026153245,0.038951004842822566,Financials
2011-11-28,117.92919620455608,125.73527491928472,109.96050904241876,117.75506125509148,1623064,0.044128618221555456,0.03702717811899738,Financials
2011-11-29,110.92840993077279,120.53811753149887,102.16877706571536,111.71627007575741,2065174,-0.05264436087217004,0.03858639368334823,Financials
2011-11-30,107.66879667875455,113.84568731121358,101.35562216652214,107.52421843686776,1407005,-0.0382462441796619,0.041313945971487145,Financials
2011-12-01,105.80149137344624,109.52581824307663,101.33310395831151,105.03028347627199,1467887,-0.02346738734513481,0.04104741142222632,Financials
2011-12-02,113.26746736264636,127.00506471141466,99.91857868196989,113.6151953162261,1915993,0.07856853629434818,0.039121857418755075,Financials
2011-12-05,122.75075185518716,135.45680421265945,109.13169227131247,121.73232639715373,1693981,0.06900732943486448,0.04743804397980768,Financials
2011-12-06,118.11744526287364,125.12063758965108,110.0767027218234,117.01450142440554,1136730,-0.03952671744743334,0.051133121757466767,Financials
2011-12-07,111.9183559293035,118.99890771583514,105.7857864165139,112.8170919377677,1162649,-0.03653001905939015,0.04925475734745347,Financials
2011-12-08,105.44865752649213,116.53550781554003,94.12153623769991,105.18015637006734,1835179,-0.07009319700608813,0.047339109000456785,Financials
2011-12-09,104.70018003234391,106.0106077447086,103.00068779461188,104.3061842548505,679381,-0.008344001649662001,0.05128110210151343,Financials
2011-12-12,104.91627909060023,108.33158421395353,102.51639547054127,105.90899298516483,934459,0.015249515396853021,0.04705575948516941,Financials
2011-12-13,102.64043943023067,107.3562233659898,98.17843818353084,102.88364926336048,1485718,-0.028981437670304474,0.04366094088034198,Financials
2011-12-14,101.8612447112051,104.00240820139115,99.31937490904495,101.45193453815324,991614,-0.014013595954356759,0.041845080550299285,Financials
2011-12-15,101.8794199401561,102.4813776537052,100.45602392306961,101.05309929545268,954025,-0.003939020683488325,0.039118611219528525,Financials
2011-12-16,101.37270144660353,101.70632824140269,100.49977964561039,100.83162571087507,972554,-0.002194060728633017,0.036421696522642114,Financials
2011-12-19,97.42125108576329,102.36109641226709,92.6870101277925,97.61732703244476,1734169,-0.03239704482822445,0.034087447358845925,Financials
2011-12-20,100.06865106106196,102.88098867059163,96.66820062994462,99.46353192134336,750284,0.018736054896376957,0.034452845034829434,Financials
2011-12-21,96.54330210840678,101.206139231412,91.66029332878433,96.31195697139769,1367184,-0.03219858875878235,0.033200222706439554,Financials
2011-12-22,94.97625814998636,96.69276981074522,93.83134743899718,95.54105069264284,1667387,-0.008036469557694714,0.03372411893458932,Financials
2011-12-23,96.27039312789367,96.8132446484001,95.36011794173514,95.90088587697215,1271065,0.00375921404195543,0.03193024717684196,Financials
2011-12-26,93.92471955797203,96.8091965215228,91.14771408921521,94.0291047693652,1259770,-0.01971085980223264,0.030294426902507405,Financials
2011-12-27,92.7355774122451,94.63633190478096,90.8903804467163,92.79005105533474,1002435,-0.013264933962551684,0.029874396064231694,Financials
2011-12-28,98.71269738156154,107.26550829237739,89.78992425406312,98.30763954744539,1436171,0.05776231520149859,0.028989263583552694,Financials
2011-12-29,106.19635398454788,117.8887884724597,94.14674004674549,105.79498274514721,1331323,0.07340135544021364,0.03567596783703207,Financials
2011-12-30,109.40553659796649,116.1955086487325,103.14659966430689,109.90783587937466,1029402,0.03813906272196187,0.043890586598452346,Financials
2012-01-02,107.14692866824177,111.2240622816363,103.09623383718277,107.17240434151456,1660420,-0.025203365642588103,0.04311954416922165,Financials
2012-01-03,103.7208114626921,109.49916412212102,97.51202799040205,103.26498634114621,1643759,-0.03714042584087944,0.04102093998735602,Financials
2012-01-04,106.38642589172913,111.9858194855233,101.13606139707277,106.71903988269898,1468288,0.03290121805576798,0.04065815660729458,Financials
2012-01-05,114.7567815250589,125.83889563385115,102.8244061444145,113.81563312839815,1917013,0.06438030044363757,0.03981007512421463,Financials
2012-01-06,108.89721888246058,116.06035541833154,101.86325730318488,109.01855632995712,1390468,-0.043061776670151555,0.044604900267778275,Financials
2012-01-09,112.13192720061375,116.51310541286378,107.52360979227007,111.89555245575205,931289,0.02604775952532955,0.04438271278118608,Financials
2012-01-10,107.4749279956662,114.9982005537663,99.31812300605252,106.79371013927586,1393150,-0.04666683785948317,0.04216198550231258,Financials
2012-01-11,106.71391349601498,107.56579262562597,106.25207754687861,107.10227592348912,504569,0.0028851967158816877,0.04299738922967611,Financials
2012-01-12,111.98537894332011,118.6339154435784,104.81102195967915,111.42637029333521,1121450,0.03957978897479318,0.039752597883258065,Financials
2012-01-13,121.44101413157871,138.9714147681889,104.71107774049622,122.14455702091428,1797913,0.09184122025944197,0.0399899885604858,Financials
2012-01-16,125.95451754421947,130.3657833138459,120.6511117600852,125.02999838360311,1470311,0.02334845866393919,0.051425487930264004,Financials
2012-01-17,129.23684026854852,134.15438820159812,123.36251645991847,128.2422183664909,771488,0.025367111126265836,0.04793158901382088,Financials
2012-01-18,121.3652661886244,131.83808113007592,110.62533200703587,121.07291988985722,1378169,-0.057527798907334844,0.045105136396487215,Financials
2012-01-19,127.98629222082825,140.26648455229338,116.38887017412335,128.6123340025904,1754079,0.06040970922466512,0.047159260072068415,Financials
2012-01-20,129.55806416676123,130.88052187143433,128.16875317319227,129.49052143871955,596073,0.006804967914982606,0.049260497294762236,Financials
2012-01-23,130.38784746848026,132.8679269257937,128.3641920693762,130.8372959619564,412909,0.010346850765588698,0.04525730231940933,Financials
2012-01-24,122.84205494358528,134.18272315788585,112.23892377679908,123.52098963695634,1874357,-0.05754343750140858,0.04188839133577626,Financials
2012-01-25,133.06533707842004,147.67089887678256,118.3112870317484,132.8985408915564,2052844,0.07317488846227439,0.044725797286142205,Financials
2012-01-26,130.22688513600508,135.5230769691765,124.08344438462791,129.34371876082668,1264152,-0.027112639235440047,0.05003500973843028,Financials
2012-01-27,134.33928444136544,139.81271574874808,127.49013214671507,132.90513126171462,984421,0.027162227490607177,0.047043235864112486,Financials
2012-01-30,136.0179818536576,140.72952787016087,131.29872035374513,136.0099895227741,1201090,0.02309276049286116,0.04450978345028135,Financials
2012-01-31,146.12805006730417,164.89709359880743,128.66158459918123,147.2915560188285,1699871,0.0796856613546735,0.04201057005456899,Financials
2012-02-01,160.91800317644928,184.34722137376372,138.38474440863342,161.7039122009717,2199724,0.09335296371659027,0.04964253308280748,Financials
2012-02-02,163.945116803375,165.85019284916166,161.06781963113295,162.9614654454129,878836,0.007746804064401162,0.05812676877225123,Financials
2012-02-03,168.45577558472544,174.92085366455078,160.76844156341483,167.18473918722052,1500702,0.0255856591337181,0.053028095801226374,Financials
2012-02-06,161.37000541920182,169.7881423161488,153.30422530720557,161.70558869707153,1209575,-0.033322095561452984,0.04947501438543758,Financials
2012-02-07,167.45847773379623,176.63531612216235,158.44500624434312,167.61350051404247,1199834,0.035883408677111206,0.04716753063965078,Financials
2012-02-08,169.00310480672832,169.57015514530693,166.67786301605577,167.23899429495717,1083963,-0.002236843870322617,0.04552981012542445,Financials
2012-02-09,172.49200392130808,177.53967064823712,165.54329924089976,170.5336585295171,1461230,0.019508795044326902,0.0419418813195211,Financials
2012-02-10,172.0035276718115,174.72098946527498,169.48916475864658,172.20370040917643,819077,0.009745392811409506,0.03955232091178554,Financials
2012-02-13,171.54655321773868,172.38621374340957,171.43750009198072,172.2766964614125,1447648,0.0004238038157861173,0.03695611957124821,Financials
2012-02-14,175.9819520711418,182.2163099614419,169.99951678722306,176.22559222890155,1499617,0.022663063696820824,0.03453448653828021,Financials
2012-02-15,178.40000478423607,179.27401691079214,175.93592232060274,176.80210606813733,1650187,0.003266113987732676,0.033632525578508814,Financials
2012-02-16,185.42240284889436,194.6218435660552,173.68098941874646,182.74773047523374,1199080,0.033075617529911484,0.031725660694749434,Financials
2012-02-17,187.00565038495432,194.25239325607473,180.08036050006348,187.31562425851155,1570637,0.024688344516631874,0.03270035945463663,Financials
2012-02-20,186.34885320594356,187.41635701823014,186.28873583513214,187.35591476270923,1632855,0.00021507106976028826,0.03235549350598351,Financials
2012-02-21,187.88542732455872,189.4103167343119,186.65361821803447,188.17659865855103,869008,0.004370781080310123,0.030618773756428425,Financials
2012-02-22,193.5474885179741,200.0262626911436,185.98199398280596,192.42313163380533,1286359,0.022315881312569365,0.029203989524818,Financials
2012-02-23,188.65172225862517,194.21049998435672,183.18592803381267,188.74208761002564,778122,-0.019315290488290653,0.029274531373636815,Financials
2012-02-24,193.94364374199407,200.03204543518675,186.6833649158536,192.73378598820952,1342098,0.02092842221489932,0.02900966419512461,Financials
2012-02-27,193.36821644885282,195.08646278791758,189.89292835738206,191.59542186039405,1419458,-0.005923918524011912,0.02896460463793489,Financials
2012-02-28,189.7962750619196,191.96250959526364,188.69688122093066,190.85697167519092,1272351,-0.0038616628650212006,0.027864360374273325,Financials
2012-02-29,191.71840338265847,193.653470826201,190.04078098367103,191.97361520876188,1164922,0.0058336336675306015,0.02689563030059644,Financials
2012-03-01,187.4084243854148,194.10982361283595,180.85034037594718,187.54689405942904,1374460,-0.023329026006431844,0.02614965842373722,Financials
2012-03-02,191.05989854855858,194.9972749556526,186.22288233234787,190.14132878638887,465268,0.01373871557909477,0.026994077622764234,Financials
2012-03-05,193.40879156158653,195.33634029080076,189.50124097413953,191.40885798571276,1020980,0.006644126545476192,0.026669402453514887,Financials
2012-03-06,200.68714610826555,213.1370536752456,187.1153407593592,199.49104662325,1343241,0.04135759832624801,0.02599283140434843,Financials
2012-03-07,197.19688238226496,201.89281941296105,191.67326134004938,196.34900755042344,943367,-0.015875629722492315,0.02995111798296011,Financials
2012-03-08,190.7164434118497,198.71153623504702,183.47048570994355,191.43815816760002,1265751,-0.025328903903192663,0.02924826349727808,Financials
2012-03-09,186.13413991135556,193.34039718462046,180.34864135561438,187.51206925730511,1418592,-0.02072160990454322,0.02967493454121749,Financials
2012-03-12,194.1007748268584,206.8729848270899,182.45558617607009,195.16400694804216,1536917,0.03999705363077867,0.029476925884085063,Financials
2012-03-13,194.6994769756366,195.51383201920282,193.80654131428332,194.62056630404356,1493653,-0.0027884171586419816,0.03217259660848317,Financials
2012-03-14,197.4977188280034,200.01534915295616,193.7794558023753,196.28158326588434,1341803,0.00849842836968096,0.03048322601962164,Financials
2012-03-15,189.1665994376295,201.12970080056556,176.27763547679697,188.1782313687512,1642699,-0.042160724632857915,0.029226959259626376,Financials
2012-03-16,179.40793684682524,192.19291129235222,166.77025259472515,179.54553451538584,1633460,-0.04696070298119857,0.03240372082471763,Financials
2012-03-19,189.93881496164119,206.54274847173846,173.57488143802098,190.15977814975656,1596377,0.05743580646193869,0.03564824038157064,Financials
2012-03-20,183.4523794230957,193.3509140970599,173.54312317030306,183.44104634574393,1670826,-0.035971313845741135,0.04014309920063207,Financials
2012-03-21,191.70709375232045,204.83026720727855,178.77058769197365,191.88196100324842,1141969,0.044987053972592735,0.0397902631772366,Financials
2012-03-22,191.7197623246606,192.21252142608859,191.52170288460042,192.01415785559706,341774,0.000688711612750568,0.040867924938036024,Financials
2012-03-23,189.2553428351667,195.8564426658619,181.05739495196312,187.60078490833146,1306399,-0.023252887630740914,0.037897506244416505,Financials
2012-03-26,178.75992715327183,190.4238167141561,170.14686645405433,181.67051715516683,1297105,-0.03212151938964303,0.03647027969609844,Financials
2012-03-27,175.35877575769243,185.29186415021536,165.02877234300726,174.93802772590362,1713870,-0.0377629171949675,0.036315751982771906,Financials
2012-03-28,166.4309698229152,178.48395676932736,155.35224795274516,167.34442913861236,1367608,-0.044377645506554216,0.03699963190249948,Financials
2012-03-29,162.20163586140296,169.3689350532474,156.00363693343937,163.13526073914701,1548277,-0.025474461236875242,0.038608088813643374,Financials
2012-03-30,159.1802187665577,164.93058967057837,153.67426704657365,159.41646628552516,1015853,-0.02305961449501737,0.03728015348372507,Financials
2012-04-02,156.99987876700098,161.36131005185644,152.1439593621698,156.49126133693315,693430,-0.01851989236810444,0.035938972552299005,Financials
2012-04-03,150.661663704409,158.74214119289272,143.74462602369354,151.7740334315202,1892178,-0.030607377752429193,0.034419990710208605,Financials
2012-04-04,145.9671437440394,154.50615803297813,137.4341813487908,145.9728613947146,1550488,-0.03897206899388072,0.034471877586297245,Financials
2012-04-05,146.31003527453402,146.5238053130012,145.90163035339143,146.1151155994562,1040361,0.0009740504724142791,0.035755721216461284,Financials
2012-04-06,137.89157056443887,149.36691768533342,127.71137839596621,139.0976813530023,1427146,-0.04921834417579717,0.03350999247860049,Financials
2012-04-09,135.8799154824033,140.35972865674844,132.03811228492899,136.50038266927464,861542,-0.018849011809852358,0.03690125319340487,Financials
2012-04-10,137.29321480478592,140.81821628759064,134.71346871254352,138.22103638337816,1274178,0.01252669864717639,0.0352513088654338,Financials
2012-04-11,137.89878957754289,140.34814766683047,136.6317249489483,139.07031860012563,1199836,0.006125577715251761,0.033431445500165635,Financials
2012-04-12,140.21635704217718,142.24840639198075,138.3077048462622,140.33809704754557,655395,0.009074795723682307,0.031618944383648775,Financials
2012-04-13,132.74029757209277,144.2381116546098,120.98983646135534,132.46369121480413,2238602,-0.05774591083903232,0.030201968524634352,Financials
2012-04-16,133.68062677749467,137.3368264998074,130.76404870154963,134.40445626852062,1097377,0.014545004993129614,0.036468008651485535,Financials
2012-04-17,136.67272792483695,138.52567428959327,133.78602036660718,135.62475884567115,714435,0.009038361897507235,0.034578405104073034,Financials
2012-04-18,139.00453423194924,143.06481231194638,134.25222268366534,138.29167847450373,1227293,0.019473120558892366,0.03269230303147292,Financials
2012-04-19,132.2485424889869,140.6831459684265,124.84722337615266,133.22706369833716,1322067,-0.03731014836931307,0.031810528220174154,Financials
2012-04-20,137.42339585250286,142.29990200818912,131.5755999343047,136.41637156225758,1046824,0.023656845936773127,0.03344151372498291,Financials
2012-04-23,128.8744652275433,139.86131077231255,117.90688693714145,128.89222138327827,1593270,-0.05673520233320225,0.032842271939164155,Financials
2012-04-24,142.02878006329146,162.49021426689936,121.444679963108,141.88546783151745,1658249,0.09604360559641412,0.03802268189474826,Financials
2012-04-25,143.3004028959235,144.00746064870128,141.6505708867857,142.35295383621687,1272739,0.0032893964403404004,0.051383222915357366,Financials
2012-04-26,136.73666300999383,144.53774731676424,130.0077071062485,137.75850546435936,1274414,-0.03280737224199347,0.0470511582968656,Financials
2012-04-27,149.23291225732353,166.73746380612064,131.49039014700543,148.96331928785,1534685,0.07819790457757221,0.04508323134686634,Financials
2012-04-30,154.97130003115436,164.46210941930875,145.60455933286912,155.08829720403557,1327562,0.04029451774361752,0.05141240162634421,Financials
2012-05-01,157.3511329032977,159.67172063830438,154.3108138822028,156.62062825900975,936367,0.009831886567700817,0.04957958508115435,Financials
2012-05-02,144.86246029421852,161.57888009760757,128.8407540437366,145.48799055387838,1756078,-0.07373295661710894,0.04561806774160386,Financials
2012-05-03,148.43645687282827,152.01585438323994,144.2806035890295,147.8457569585674,932592,0.016076003545311898,0.050796543359830276,Financials
2012-05-04,142.96415206302552,149.99070537692282,136.33980996509348,143.34855185101213,827852,-0.030890457513720937,0.046936092054452365,Financials
2012-05-07,145.38164972687883,149.35556244796695,141.77442396551305,145.73945869055527,1290583,0.0165414079339564,0.044783149115334334,Financials
2012-05-08,151.30823515785337,159.09454398234428,143.06454316444297,150.82603817340535,1201610,0.034306609579083304,0.04177878746702266,Financials
2012-05-09,146.67809852614977,153.56689360532457,139.31154793143565,146.17679929329202,1082280,-0.03131026444254349,0.040901285858680136,Financials
2012-05-10,142.47499669800376,147.97050415736064,136.9706998599244,142.46585469644262,1132141,-0.025714488327639135,0.039816856315310414,Financials
2012-05-11,141.32299001878386,145.55158117233015,135.47355586448717,139.65215312746614,1463031,-0.019947644531552632,0.038307843504432657,Financials
2012-05-14,131.72797088958745,143.11000055241098,120.76517265842533,132.1149931627603,1730067,-0.055482006628903395,0.036519569788288304,Financials
2012-05-15,134.7991874276224,141.0147275688475,129.4648139323989,135.6468112736669,1199232,0.026381828145107547,0.04035692184685027,Financials
2012-05-16,134.97652609362459,137.37196455706192,131.67235879390734,134.05137859578315,1636208,-0.011831382995567533,0.038824541738492195,Financials
2012-05-17,132.6073562254778,134.9878458097127,130.078881055644,132.4566655287584,1233870,-0.011967609500170999,0.03642627178975785,Financials
2012-05-18,130.4834429643655,133.0447640690637,128.71359063979315,131.26432007751416,1195770,-0.009042538447097369,0.034394507886773645,Financials
2012-05-21,138.66362863283157,152.05510994993583,126.10928345892476,139.43126446575053,1401328,0.060358751114418296,0.03253691539549736,Financials
2012-05-22,141.04551602917715,144.0737095143574,138.25737355070635,141.28091376894096,1019691,0.01317845263460457,0.038644501758682906,Financials
2012-05-23,140.84961906908003,141.4036177804954,140.48134823131232,141.0348625978641,1397377,-0.001743092338252783,0.036342382351984774,Financials
2012-05-24,138.28321741636006,142.11648782067903,134.9985794791889,138.81912058835354,1207542,-0.015835317298031837,0.03401574282077689,Financials
2012-05-25,144.347341850609,152.35566478375188,136.05785887990928,144.04966694889566,1506748,0.03698635449036537,0.032607824196177054,Financials
2012-05-28,136.65783674884608,147.25057101254407,126.58602161364017,137.142998952305,1447206,-0.04913398004251151,0.03399727521170009,Financials
2012-05-29,139.9100583748038,144.45139181571446,135.5110288751608,140.048024410228,1427609,0.020961225855820775,0.037239414290221456,Financials
2012-05-30,135.52254408141897,141.6458029167732,130.65414481083238,136.73388832216398,808539,-0.02394877941322084,0.03571169457964449,Financials
2012-05-31,132.24246406192978,138.39160177819892,127.17788206560178,133.28701585249576,626826,-0.02553179889306074,0.034731710425881905,Financials
2012-06-01,142.35414896431996,157.4554116747029,127.69736344866666,142.7571347372494,1198642,0.06864001095056202,0.03410006276377224,Financials
2012-06-04,144.42276065711212,146.86263834280902,141.934994016205,144.37404876331408,1303003,0.01126266466862365,0.04167696114028176,Financials
2012-06-05,148.17087401764795,152.8080123507806,142.80432721596213,147.41790058052547,936114,0.02086392198141152,0.03884073138119987,Financials
2012-06-06,157.5290385878993,173.6977373093683,141.5692863164527,157.71876342963316,1838063,0.06754205410638726,0.03704291318792548,Financials
2012-06-07,163.32364927243546,171.52151419684589,154.89982460195932,163.0857483298473,1246423,0.03346265716744958,0.043382384615130005,Financials
2012-06-08,161.55817731084696,163.6447715828354,159.87348748213202,161.95593404255695,1668662,-0.006951839709825739,0.04211398164056677,Financials
2012-06-11,157.29852656492068,165.17822758173264,148.79003689571573,156.6365783252706,1984576,-0.03339595179895028,0.03906557526775028,Financials
2012-06-12,149.93203305477923,160.8554065659401,138.33968572438985,149.21049092131324,1002185,-0.048570334564728625,0.03857704986496351,Financials
2012-06-13,138.95343927128292,154.73995317736035,122.61134777565192,138.3266523589555,2228802,-0.07574006558775873,0.04055135794257149,Financials
2012-06-14,141.1444769224476,147.9916462743467,135.35557829427324,142.16105377017,1217034,0.027342662187460065,0.0477075857183629,Financials
2012-06-15,142.14193907352612,142.92977731193753,140.85168891684003,141.63672695831116,1011334,-0.003695077580182505,0.045088292985924726,Financials
2012-06-18,144.4207570779382,152.29583270769623,138.05143646504496,145.86290952483455,1139158,0.029401685933811438,0.04157416711440178,Financials
2012-06-19,150.3531109857814,155.47255315735612,144.13122913107102,149.21181064277573,1377789,0.02269963970375864,0.040154675535577895,Financials
2012-06-20,141.68633784536186,152.77839831607324,130.53688515595817,141.62407100296411,1556072,-0.05219068466957568,0.03830416975077386,Financials
2012-06-21,139.69616470463535,142.43417079895215,137.24184665019217,139.97495469094926,1204486,-0.011712648230214206,0.041016431721673956,Financials
2012-06-22,139.4634812944244,140.00569961413447,139.37150269270248,139.9134242671635,739628,-0.00043967831037558454,0.03829433451866874,Financials
2012-06-25,141.59837671865873,146.4536839041664,137.68513153804545,142.51510384272115,1628250,0.018424152740057976,0.035681841916227586,Financials
2012-06-26,144.629400671469,148.4186666286476,141.0814813606477,144.86496857633392,982090,0.016354071368382073,0.03419755085756979,Financials
2012-06-27,147.33981242849237,151.29114083547296,143.47280437311466,147.42197634642486,1318275,0.017497004562178217,0.0327978099158035,Financials
2012-06-28,150.56930756787688,157.45441217036787,144.55120264435445,151.40298595394154,1040652,0.026646001192549167,0.031725050725189954,Financials
2012-06-29,159.58739817801214,173.08166737048995,146.46705879052857,159.93292111474574,1966018,0.054809421200239745,0.031806987938905816,Financials
2012-07-02,165.2942573129067,174.05950774594842,156.77223251336667,165.52555785598884,1275768,0.03437112673312695,0.03687761493429793,Financials
2012-07-03,172.4940283474436,182.63409459992485,162.02196538999354,172.1412962779629,790036,0.03919001853620416,0.03694824677206733,Financials
2012-07-04,171.69193793538074,173.3750972793098,169.34335031900105,171.01992163951294,827391,-0.006535579030556331,0.03771626949413039,Financials
2012-07-05,167.41516987929606,174.70402878459657,158.8946080516128,166.12740053809753,1566039,-0.029025083412117257,0.03527634698537809,Financials
2012-07-06,162.6549478073769,168.49646034807733,156.3720858586611,162.1971575370249,1338582,-0.023942350025602206,0.03495575553994349,Financials
2012-07-09,163.76092944676626,166.24957292095544,161.32544412163,163.8133086025292,682456,0.009914800123017004,0.034110252051354005,Financials
2012-07-10,166.89250587492387,169.33105196081408,162.9998247644909,165.41680873489904,1324128,0.00974098496556715,0.03233501082769923,Financials
2012-07-11,163.22798647062083,168.15885482059315,157.22144160182472,162.11880321860792,1367935,-0.02013898252209271,0.030833023828305457,Financials
2012-07-12,156.2889031491747,165.45565559430023,146.7579512076485,155.90201144355763,1535827,-0.039101741541543535,0.03035419376743937,Financials
2012-07-13,161.8801558523577,169.4034373796149,153.33446931323286,160.80791930060698,1398435,0.030982926793978762,0.03265644794147481,Financials
2012-07-16,159.26237683215007,160.8910397133266,159.014899804013,160.64141979707355,935084,-0.0010359300715359727,0.03312319635288178,Financials
2012-07-17,159.74569365781156,162.86059620556196,155.47477557636563,158.56668854648814,899357,-0.012999422087386785,0.03127103902930339,Financials
2012-07-18,160.57394485019762,160.66957608871132,158.53518494448505,158.62965824584916,1024357,0.00039703925234327504,0.03012723106707084,Financials
2012-07-19,163.40238500861904,168.04672053477472,157.06917544251868,161.66410435446815,1050423,0.01894846078250624,0.02874271538042514,Financials
2012-07-20,156.9600678770914,163.18006941130062,152.36735049622052,158.5410906416043,927189,-0.01950694612112946,0.028544203874973095,Financials
2012-07-23,162.26104686659315,165.9868479555143,157.2901446779622,160.98668414111452,814447,0.015307847697151145,0.02844108651107971,Financials
2012-07-24,165.1239982251294,173.28785319523834,157.73251371907787,165.86327621407887,1169447,0.029842157350437635,0.027969015923204246,Financials
2012-07-25,165.0455481846019,167.20920217186045,162.26455604829312,164.42000957745742,673836,-0.008739623742485677,0.02931545385405459,Financials
2012-07-26,168.00651768763333,173.26432858838945,162.6323721751436,167.8864247333495,1259598,0.020863519555162746,0.028266124976894094,Financials
2012-07-27,168.74185825452253,168.92213081731657,167.8265533109332,168.00603977427002,1110810,0.0007122222652550202,0.028363216041235796,Financials
2012-07-30,164.14531516271956,169.6280517841985,159.19430579227352,164.66147385181208,1369064,-0.020108237084675105,0.027270014822964823,Financials
2012-07-31,163.99482870911257,166.52538287396982,160.4614257469939,162.97626273102094,1096566,-0.010287129924671177,0.027487709008824333,Financials
2012-08-01,162.63629333193816,165.4913130471238,158.2523544182392,161.0800549466649,823201,-0.011703085687680597,0.026839021471657676,Financials
2012-08-02,158.36962178893714,164.3830639163313,151.09018497295133,157.0536587576741,827358,-0.02531395461438693,0.026397173921404175,Financials
2012-08-03,154.33465002591217,158.34739493345967,150.3873571210348,154.39846976263354,1547060,-0.017050795805152938,0.027451194465129832,Financials
2012-08-06,152.51755229897915,155.14859185521,150.24990535710924,152.87562110877286,1413542,-0.009912069824919392,0.027321491681243412,Financials
2012-08-07,154.79967915833254,160.14938049143618,150.4463540575979,155.76880143038616,1486281,0.018748208973060287,0.026681613432900084,Financials
2012-08-08,150.68297355162392,158.90781320663785,142.00379050497068,150.20239858273217,1415809,-0.0363891573642022,0.0268747297151209,Financials
2012-08-09,146.51488597770583,151.86105352499075,141.42882716138072,146.76626832304783,1017618,-0.023142398500490966,0.02960450124322554,Financials
2012-08-10,142.209000471118,148.70940554520664,136.23095651970718,142.71028891661243,604833,-0.02802468634946423,0.02968967474293787,Financials
2012-08-13,146.92032725441499,152.092052838942,140.95610218427095,146.09891326934468,1109849,0.02346725685126555,0.03038073214754759,Financials
2012-08-14,149.29007348419006,154.33521253543037,144.32917256438466,149.37160241378473,1182775,0.022153296617008503,0.030347947711094333,Financials
2012-08-15,153.2548197748379,161.57512987812854,145.9317292723614,154.2065615800138,1639998,0.03185583554342414,0.03017306127774288,Financials
2012-08-16,144.77068013837695,158.6765590841336,130.74781958183897,144.6412678961074,1366087,-0.06403635014338957,0.03131373564782385,Financials
2012-08-17,137.99706171930927,149.0535673344095,126.1319998268685,137.11808029735852,870762,-0.05341420789373787,0.038723870585602026,Financials
2012-08-20,131.13407015750667,139.67756548059617,123.15912279254071,131.67002396665808,1546302,-0.04054348019746589,0.04156431357837731,Financials
2012-08-21,143.63287945682728,163.69627513866726,124.14209378667246,144.13707132083502,1830108,0.09046575660513856,0.041576914250238566,Financials
2012-08-22,154.0355867026089,167.1160824984372,139.57957224689315,152.53242124449665,1431096,0.05661244078219572,0.05206265270401018,Financials
2012-08-23,139.15656032918844,157.94672328908706,121.49121836357352,140.15467486714584,1851941,-0.08463053855228878,0.05243244332434209,Financials
2012-08-24,143.68411557951117,149.1133648066024,138.2830733227272,143.7113006705061,978345,0.025059797482369944,0.05808337196406422,Financials
2012-08-27,139.37033574116614,145.6662816746386,133.34050320945877,139.62541325991856,1293514,-0.028843213536754158,0.0537879307693769,Financials
2012-08-28,162.8955745318695,187.32991071164992,138.42484087681342,162.85275397272167,2475288,0.15388322551024358,0.05039149573320925,Financials
2012-08-29,173.14564908077165,190.3858626555889,156.46453403008655,173.65561656245893,1454563,0.06422768014191123,0.07538865523273053,Financials
2012-08-30,165.8253857143105,176.1051130545738,158.36893195044908,168.52717160943791,1172515,-0.029977130187242716,0.07256403175610736,Financials
2012-08-31,169.6306519072299,171.54360072291485,167.8192934170215,169.73116888727526,1094363,0.007118833260547789,0.06668751917638352,Financials
2012-09-03,160.38510503906224,176.49036610698897,142.8005133137458,158.7406438562485,1594541,-0.0669441261976053,0.06054239703851458,Financials
2012-09-04,160.19980981806623,164.62797167224446,156.67654816490975,161.0852368919988,1673637,0.014661946882282952,0.06086487391089746,Financials
2012-09-05,154.6800487171692,163.4622713149066,147.38167681595573,156.09704054330928,1183965,-0.03145577796120494,0.055640562577209715,Financials
2012-09-06,163.6278823514958,175.44432472732402,151.91645288228693,163.72588113654447,1707703,0.04771570427934393,0.05220265949353928,Financials
2012-09-07,166.74487688528407,170.88274625087763,162.32631816643212,166.45704481478484,1242846,0.016543714137377707,0.05120168348589522,Financials
2012-09-10,165.2362133632983,168.34913141668807,161.2827284269843,164.37950681444923,811731,-0.012559466596447673,0.04731114123597873,Financials
2012-09-11,170.52531690561335,178.38810763469166,161.69489526237425,169.51091259158065,1946522,0.030739485380658252,0.04375312901060534,Financials
2012-09-12,166.1309499984986,170.76309562266317,162.33466062682385,166.94813265740012,623154,-0.015234124533323803,0.042109457759452275,Financials
2012-09-13,179.03631329535693,197.5100795873509,160.3834867546338,178.8366509993325,1544048,0.0687896436648868,0.039412903074762196,Financials
2012-09-14,172.27886302411218,182.4905651679273,161.71782792474428,171.90751892162655,1629301,-0.03951617342782929,0.04530456714676562,Financials
2012-09-17,164.66750513546805,176.88956964748252,151.46480778677906,163.60825166085635,1390893,-0.049481790601651865,0.044454833683654445,Financials
2012-09-18,154.22966104709542,167.08382994415268,143.41699133488757,156.1374123849412,1738386,-0.04673839277001373,0.04525762842267545,Financials
2012-09-19,163.39729737360022,175.12522536658852,151.9146340912264,163.62645794011226,1375610,0.046849666291681864,0.04545628612375388,Financials
2012-09-20,167.97721784795942,174.8600726224038,161.20524560976412,168.0838034060262,1318320,0.026876550383654954,0.04563170874817155,Financials
2012-09-21,166.67083710025884,170.32797518552837,162.0083548078518,165.64293845376474,1132520,-0.01462818630580078,0.04329150746625875,Financials
2012-09-24,157.5910665939691,169.23637190246131,146.2824898945946,157.90524973627095,898246,-0.04783933059061381,0.04039085626909254,Financials
2012-09-25,155.2484355970031,159.5876991938268,150.65810081921924,154.99014507992632,1187086,-0.018633633161958284,0.041814199129292184,Financials
2012-09-26,157.45549377178193,158.5789957951449,153.15395932096555,154.25462196370896,1417679,-0.004756908323530781,0.03938049824191467,Financials
2012-09-27,157.33475391886748,160.55646281998128,153.17276659257863,156.37481912150432,1491877,0.013651185644485293,0.036661330307899725,Financials
2012-09-28,157.05784787938757,157.2495921524524,156.05684222618723,156.24759730380774,1378807,-0.0008139008467422974,0.03468711205016889,Financials
2012-10-01,155.92258658345585,156.2807571857031,155.82322946979824,156.1812352557344,922828,-0.0004248138593846203,0.03259840424151199,Financials
2012-10-02,149.25692517678496,161.03505382762307,136.48432809904546,148.1772583238919,1385858,-0.05260784890165156,0.030824533042638134,Financials
2012-10-03,158.41234288949593,174.19463000890397,142.57678508000097,158.35317769616802,1585582,0.06641859184932043,0.0357107733708779,Financials
2012-10-04,145.29564504057095,163.98964508491824,126.78848635219384,145.46137624124603,1932317,-0.08491724434552893,0.04221281641023202,Financials
2012-10-05,134.27226307696063,152.70159844379828,114.52279950287223,132.7421169951658,1892759,-0.09150231996052449,0.05106053518631491,Financials
2012-10-08,130.0113069178478,133.6393688560006,127.30015354097235,130.90948556908074,355965,-0.013902141493937387,0.05866552468472478,Financials
2012-10-09,132.33593241253467,136.87898339373734,128.76696552119088,133.28443630709597,1031674,0.017979328951102738,0.05368710701783866,Financials
2012-10-10,130.56615397629096,134.436428881218,127.05615438955124,130.91699759328202,850336,-0.017921947252257008,0.049541223323467526,Financials
2012-10-11,120.9413826772592,135.24039526769548,106.87375034933004,121.14865364261482,1654766,-0.07754518217291903,0.04595264601418996,Financials
2012-10-12,122.27197228711037,123.2776170997151,120.81286440426754,121.81474871060652,859522,0.005483103466226639,0.05187778746534049,Financials
2012-10-15,131.22759817366313,143.54900284641562,117.50709561999942,129.68352171207465,1670111,0.06259559647631781,0.0475137193806424,Financials
2012-10-16,138.58205480044697,152.93275279165383,124.466532232482,138.79549036342772,1465866,0.0679045233684395,0.049937702472579254,Financials
2012-10-17,143.1312244740156,148.03199099950788,137.13809642839536,142.0001348121233,1003988,0.022826449614106726,0.05278894720181603,Financials
2012-10-18,142.07387893712746,142.20615441000015,141.779899502273,141.912024283118,795486,-0.000620688681420572,0.0490662345981297,Financials
2012-10-19,139.26078546073646,143.83595273616967,134.27637025088504,138.8376356874856,1423377,-0.0219021564962768,0.04501171059043243,Financials
2012-10-22,138.56561912930275,140.17629418157537,136.16452311847044,137.76590233022176,1122021,-0.007749277020728716,0.042341456530209105,Financials
2012-10-23,136.2076236226588,138.9398475395097,133.20907267564914,135.93584491314112,1802199,-0.013372838926256294,0.03928418062059166,Financials
2012-10-24,145.0511282134351,161.82487764804816,129.4063933021574,146.07022619887638,2209252,0.07190446156915245,0.03689745791741153,Financials
2012-10-25,151.3933381703513,157.72445698646288,143.91865658965537,150.19986556867428,1204169,0.027879336887719725,0.04432466198005555,Financials
2012-10-26,141.9366160771714,154.56246186461175,128.95997555724782,141.5515699038727,1552252,-0.05930274200974154,0.04228864080946314,Financials
2012-10-29,150.9516100181885,166.84396443977963,135.62471269103338,151.4649455067255,1621178,0.06769011307799604,0.04536723040577337,Financials
2012-10-30,153.01381481945407,155.15539387469062,150.7450530791363,152.88482682027265,1055909,0.009330656658957989,0.04933397599047948,Financials
2012-10-31,146.80407081060056,157.17228106411855,135.5521620819655,145.85321717881632,1632041,-0.04708411783709794,0.045388678353488865,Financials
2012-11-01,149.38574769358638,153.01688222580722,144.6327966204978,148.23598372318617,914183,0.016204734335026706,0.04561406385113952,Financials
2012-11-02,147.31332332439487,148.9653728161883,145.48183746889066,147.1318518435546,1069041,-0.007476352464311696,0.04247238242720775,Financials
2012-11-05,152.0804561878454,161.79114808412308,143.26637936674317,152.92795316059835,1081516,0.03863778003670782,0.039389173539946,Financials
2012-11-06,150.54510812814846,154.10292836196734,146.9797735396351,150.53741188886,1668413,-0.015755278835498508,0.03956181619507297,Financials
2012-11-07,148.90480306496482,152.14088739593328,145.1475851838056,148.37209234068501,2049829,-0.014488381231314193,0.037273907256951705,Financials
2012-11-08,152.7271258235726,160.07420446627168,145.67586943043014,153.00989299959875,1109206,0.030779323385281394,0.03525567058453794,Financials
2012-11-09,147.33343941398488,155.6801131106828,139.00600745157055,147.35165176797742,1097710,-0.03768066048249233,0.0351635444587249,Financials
2012-11-12,147.82737623939656,148.79088083637137,145.75653164614548,146.71277150765545,1427757,-0.004345178912889571,0.036085380880352465,Financials
2012-11-13,150.97622706871675,156.9243767125687,144.68326802497432,150.61727573199877,884644,0.02626528144789598,0.033831285189774254,Financials
2012-11-14,149.19398205474877,150.840439411048,148.52684689650744,150.16894461448473,1389044,-0.0029810637536149204,0.03345331728699038,Financials
2012-11-15,155.12038208324762,163.4029437542427,147.14058176010954,155.40833060216832,1077259,0.03429508624622305,0.0315694878192331,Financials
2012-11-16,159.65584074141398,165.06347428897436,153.57345051169764,158.9574284399335,1515410,0.02258037673388905,0.03276780416857906,Financials
2012-11-19,163.45981948898108,171.516012732182,155.90035351752726,163.9345902141448,994761,0.03083108739948744,0.032178629617199854,Financials
2012-11-20,166.73702932283317,171.2229182129197,162.3512988493939,166.8346207646339,826391,0.017535518819668573,0.03272544508128148,Financials
2012-11-21,174.88797992538156,186.90367737834956,162.6543062628146,174.65392279552577,1365285,0.0458034049685011,0.0316684064590503,Financials
2012-11-22,176.19526084738533,177.085653482527,174.35773539945635,175.2433174432573,1091517,0.0033689617259830165,0.03488557237785804,Financials
2012-11-23,172.80214264346793,176.4301670839314,169.1914103895925,172.8190809020567,1463416,-0.013930121461997668,0.032791843704971645,Financials
2012-11-26,171.62747406262596,173.7290479315341,169.31508640558917,171.41404686411084,1128397,-0.008163315655554679,0.031453954496198595,Financials
2012-11-27,173.39906946118563,175.92230069972638,170.56637472527288,173.0850362834429,816967,0.009701056437351281,0.030024605928021423,Financials
2012-11-28,175.5315317772479,177.08536026569476,172.56826356513832,174.10950407504555,1643464,0.005901422089104401,0.028901524930468367,Financials
2012-11-29,177.84893945095345,185.03352671638174,171.2844483246064,178.44696227579863,1686795,0.024606991928515804,0.027811194365691187,Financials
2012-11-30,183.8108931378208,190.52597878168976,176.1665537037448,182.84640407652276,1237303,0.024355051467067707,0.028453394057695626,Financials
2012-12-03,182.8263501828762,183.1807796529121,182.25623396073428,182.6102444855377,1055741,-0.0012924084144375876,0.028924933647573585,Financials
2012-12-04,187.3161690259904,193.39114387478486,180.54967627050016,186.60147231654096,1271233,0.021621108597238592,0.027741160342344803,Financials
2012-12-05,183.69143101716674,188.4674014933445,178.6266604575164,183.39492170237335,1261298,-0.01733330890733983,0.02803173972941717,Financials
2012-12-06,188.29959214298054,195.40097404339275,180.97180683292498,188.0643157037787,1681882,0.025142139430020558,0.02781527072415111,Financials
2012-12-07,186.37375802852705,191.68627753974516,179.26445280430352,184.52425280892825,1381461,-0.01900310275228398,0.028526663047647956,Financials
2012-12-10,187.6327587744296,192.48949238560257,182.83893910957937,187.69410537950708,1095422,0.017032632240987715,0.02837576590753656,Financials
2012-12-11,189.59074154906114,191.5025724787929,187.0546876019521,188.96015975185225,1271181,0.0067226592540369275,0.028065349754278164,Financials
2012-12-12,190.3877391135721,195.3461221019144,186.56833103277225,191.50431417626564,1413999,0.013374138827015825,0.027146090097486458,Financials
2012-12-13,184.47032714657698,197.00783362528762,170.58191264155326,183.02090960901262,905474,-0.04530993022976731,0.026764870716469484,Financials
2012-12-14,187.59038523693985,194.22413811033368,180.76038912688463,187.386947850398,1348850,0.023575312295510017,0.03132148001275511,Financials
2012-12-17,185.79780901799293,188.0956588477695,183.65696333806466,185.95302470310804,885228,-0.0076816323121835384,0.031115870398016478,Financials
2012-12-18,183.58638986667918,188.73297148807524,177.39360669671044,182.5100136518417,1056075,-0.018689045613651895,0.02972219766013045,Financials
2012-12-19,181.28991276372722,184.68401338925278,176.87164801451235,180.2462084605864,1274937,-0.012481299791342285,0.029310736785189574,Financials
2012-12-20,175.9881706361928,181.83891964516008,171.14725414117322,176.9709692533735,1262517,-0.01833803744694799,0.02847214181238806,Financials
2012-12-21,174.47376967485664,177.50708537600107,172.8684938547056,175.88879041501627,872082,-0.006133780923602778,0.02826610744546619,Financials
2012-12-24,178.60625074234724,181.35364016065915,174.96831949280752,177.7017962473773,1070283,0.010254920742855105,0.027291422725056393,Financials
2012-12-25,172.09550269343268,180.2683951685904,164.1593112866581,172.3217694602654,1207649,-0.030743361612464465,0.02667642992235872,Financials
2012-12-26,176.01819046340242,180.09275008571356,170.95069397437123,175.0017239059061,1062740,0.015432342954948993,0.028479442993275438,Financials
2012-12-27,176.6369303437359,182.0581677901638,172.41764925568162,177.81084568714294,1364439,0.015924495818790758,0.0280104716120178,Financials
2012-12-28,173.77853706841472,179.6127399198031,168.26506319083518,174.08940318882844,1739125,-0.021151341895993887,0.027671423002883798,Financials
2012-12-31,185.64336983183557,203.4383614634246,167.78886486812044,185.57754700027607,1096493,0.06390385913129583,0.02792262542104172,Financials
2013-01-01,180.85175523393312,188.24217087388104,173.21038005597177,180.59010342697334,1014311,-0.027242996638833984,0.03655535378168182,Financials
2013-01-02,185.58333322403712,193.47043779940654,177.81702394166808,185.6992765111422,1486272,0.027898731160998273,0.035782149767204646,Financials
2013-01-03,179.54731046178415,189.17320532308554,169.57317596132145,179.1793433613063,1433257,-0.03574134986685568,0.0352284071968799,Financials
2013-01-04,184.1763455091786,195.41508574506054,174.44210012547057,185.6053152340134,1419283,0.035235235581045944,0.03583921249761344,Financials
2013-01-07,189.1606523535553,194.14858106108457,183.91597333369725,188.89694850202605,1253311,0.017579162281616146,0.03624620802135092,Financials
2013-01-08,190.55510556585602,194.90707947957097,186.95388055484898,191.29192952613536,982225,0.012599067691602604,0.034603238558264235,Financials
2013-01-09,199.14528576744283,209.7701752027308,187.64287526055637,198.21830816729747,1575312,0.03556830178645038,0.032889478119616816,Financials
2013-01-10,202.3748996229334,210.23321913397035,195.1537156699568,202.99008404054666,1475833,0.023788140941823615,0.033987348095731215,Financials
2013-01-11,207.31774971291523,214.41665599779373,200.438622427974,207.53047031061848,520157,0.022121043002724522,0.03330154969193676,Financials
2013-01-14,215.85584633929724,227.14237116392374,203.65603793767576,214.892174963744,1654132,0.03485821677146988,0.03256678754554838,Financials
2013-01-15,214.32090148833566,218.2182250681024,208.4421364938287,212.30276115218967,1210630,-0.012123016009177773,0.033626489741014086,Financials
2013-01-16,211.68824146962143,215.08762441595763,206.66910211807428,210.0420497939878,954337,-0.01070562673592188,0.03204118876408673,Financials
2013-01-17,210.45663992737786,214.3451868628883,207.8864643242695,211.75910506587692,587207,0.008141583951276154,0.03063497655465078,Financials
2013-01-18,207.15581344320984,213.85094074060117,200.7562728970191,207.4425424469277,1376053,-0.020594934282627597,0.029338443025977948,Financials
2013-01-21,218.2168590923385,235.2044261600955,201.4021354236053,218.37733685965273,1541056,0.051370072073175684,0.029192774603773203,Financials
2013-01-22,233.41247262106307,256.0564425436386,210.3668309820676,232.96764719738175,1616086,0.06467512116583181,0.03431628064015467,Financials
2013-01-23,225.7617446917778,238.30462391926136,212.02408127807345,224.49667575979566,1163358,-0.03703869092793013,0.040859715959014414,Financials
2013-01-24,237.9295971590795,259.374599450982,216.78099324214767,238.2018004770834,677290,0.05925731580391797,0.04051410624028722,Financials
2013-01-25,252.03633065210886,274.7456787534908,229.90165949944824,252.56461215712815,1420864,0.05854889014185698,0.04404348606777413,Financials
2013-01-28,246.85611091723823,254.44948177042923,241.15534195787552,248.7059925884615,1434514,-0.015395659542126119,0.04654093695369977,Financials
2013-01-29,240.61420891773508,252.0069856690178,230.47275134275282,241.81492026324668,1465504,-0.028098804917071164,0.043225004336994166,Financials
2013-01-30,231.07620567899843,247.2338855081513,214.66278712173187,230.8012403882958,1526708,-0.04661573233434648,0.04139024312095394,Financials
2013-01-31,243.66607530281507,266.73600580127885,221.96298442790084,244.92112859870414,1399835,0.05937932571024456,0.042384852903477856,Financials
2013-02-01,256.5312642062697,274.1179986160527,238.79872974552075,256.3747330170958,1944716,0.04570394038636418,0.045454001504708706,Financials
2013-02-04,256.55650550373235,260.80900246546366,249.3545537819087,253.5573387018911,874111,-0.01105018938779674,0.0454552585215187,Financials
2013-02-05,281.208793020563,323.39011197364744,238.9765429087748,281.1488740103233,2024357,0.1032943441596706,0.0420863448713761,Financials
2013-02-06,280.04121741264515,284.5462355564491,273.6751700152223,278.1497603220454,1696960,-0.01072465495240721,0.05583427773341745,Financials
2013-02-07,277.28143946340464,283.6693602500463,274.0007943449714,280.35238139547135,920646,0.007887642064519917,0.051100156453646454,Financials
2013-02-08,272.00834263670953,285.4032608035889,257.9380092589764,271.2979442013902,1599010,-0.032829674847557756,0.046886170949123306,Financials
2013-02-11,276.17888284951283,293.0844891523958,263.20170768637854,279.9310080202038,1528718,0.031325530828040515,0.04494795383113436,Financials
2013-02-12,294.03026530899274,311.9402850578714,273.77456715078597,291.5324388869379,970734,0.04060810935014284,0.04316767511846575,Financials
2013-02-13,272.87284442176315,298.1064803314617,252.42933153867926,277.32910627982255,1296020,-0.04994637197264327,0.04287320050865924,Financials
2013-02-14,300.05372341834885,333.5521766342584,265.4038603876565,298.75761397791786,2240922,0.07442767878205252,0.04409858351998402,Financials
2013-02-15,325.1242984719826,373.60805377016806,279.77259490019026,327.8729410688145,2256166,0.09299356950543959,0.04986652143580765,Financials
2013-02-18,367.3559522590313,422.459345097886,311.73028439349633,366.74151105117215,1680765,0.11203111179218873,0.058193698657936714,Financials
2013-02-19,365.5793990683016,366.970101897004,364.8940879179569,366.2834709012877,968057,-0.0012497260551174248,0.06849708572050113,Financials
2013-02-20,354.98348520531806,375.7859751480442,331.60732018569826,352.24960098828205,1218658,-0.03906752625537726,0.062078296320399046,Financials
2013-02-21,357.8027417122431,370.4654815658249,346.88040341023,359.4915892590588,1014686,0.020350763197518586,0.05841157967725068,Financials
2013-02-22,357.23708563466664,362.15776252110635,351.29907776152305,356.20554595104187,793808,-0.009182840722704897,0.0537740936392392,Financials
2013-02-25,357.8243275304668,359.6199039534348,355.6057339419759,357.39917694272293,315695,0.0033453593189339613,0.04925414908348451,Financials
2013-02-26,351.52454224681674,359.5369212104431,345.0593093450998,353.0437471206878,905803,-0.01226132104535966,0.04519353577555546,Financials
2013-02-27,341.2535542592171,357.386857006205,327.98141866559297,344.0076098562047,1235005,-0.025928199971298745,0.04191080457094251,Financials
2013-02-28,350.80597849042846,361.09694464321944,340.51068134410497,350.8015166066085,1094171,0.01955680496490704,0.040075593132101454,Financials
2013-03-01,362.6337004167561,383.1258397619341,343.15238480513773,363.5929894674188,1388104,0.035814497456118886,0.03797647725865449,Financials
2013-03-04,377.47036474672285,396.2922544548668,357.14001371764755,375.8827393010632,1189571,0.03324214996458184,0.03802856813221914,Financials
2013-03-05,368.0008142784299,379.8440137299065,356.0639777419076,367.90406350824014,1311853,-0.02145502399625321,0.037718611791655705,Financials
2013-03-06,395.3091743037195,436.4101344499622,353.3126644288417,394.3097084256717,1891220,0.06931445531401456,0.03615525755120095,Financials
2013-03-07,381.742978416749,402.20243985606254,360.07855674217745,380.46978136383757,1367028,-0.03572990658822795,0.04320227049816615,Financials
2013-03-08,396.36924050065164,426.4371907174941,368.6894787867509,398.6015402069117,1583002,0.04655551589378056,0.042245033727976805,Financials
2013-03-11,388.3148276911309,402.6589217621956,375.93723079836184,390.2205787512812,608401,-0.021250106031000058,0.04304447361465495,Financials
2013-03-12,399.1957431445219,412.4330978211695,385.7141507747885,398.9431287427924,876787,0.022106706469988982,0.0406201479312852,Financials
2013-03-13,395.30988580567805,400.50539919751765,390.59099873754803,395.78088966933524,912079,-0.007958123044848733,0.038643280205103346,Financials
2013-03-14,397.8454913661666,398.4180595138279,395.590659522822,396.16080311408444,774012,0.000959448094108426,0.036112909635858045,Financials
2013-03-15,393.2109681482186,405.7934837930947,387.51854096441065,400.0027337388534,847846,0.009651184130859549,0.03381496525195482,Financials
2013-03-18,415.1471072141567,435.29657873132294,393.104463600438,413.15736133136056,1290709,0.0323571591323041,0.032073872595336735,Financials
2013-03-19,412.9355020941225,419.270224020118,402.67984301834395,408.95347788365325,1174712,-0.010227136996569196,0.03286387841805197,Financials
2013-03-20,406.76224492466116,411.6651760315346,400.79052609354454,405.68041733198726,1265460,-0.008035703359147807,0.03130042736790012,Financials
2013-03-21,410.414320545079,418.6594967452411,402.6154992611724,410.8523518534109,877267,0.01266820851271934,0.029890789250235358,Financials
2013-03-22,411.0436864636516,424.31536604814806,403.04561229158094,416.21663678342304,1130923,0.012971977489596241,0.02896273384264422,Financials
2013-03-25,405.2655302224291,420.01177758160156,393.7480306153319,408.40505384994935,1252783,-0.01894642524170234,0.028219014711900692,Financials
2013-03-26,400.74892986702804,413.95510176616557,386.3645572338948,399.5305799595413,1234607,-0.021969153111266664,0.028122860584661128,Financials
2013-03-27,400.30644287808326,400.4316222770641,399.3223867178892,399.4472974544248,818540,-0.00020847261926108725,0.028374509391976645,Financials
2013-03-28,378.20677414957606,410.27105710440145,345.49267303928684,377.49676126582546,1449989,-0.05651984601443507,0.027278136771290738,Financials
2013-03-29,353.7068018691433,392.9875889106169,311.62670933304713,350.55778318981953,1420953,-0.0740364370224087,0.034270269120549854,Financials
2013-04-01,342.98957906904957,353.87464679596076,332.8594391214265,343.7228498191697,499643,-0.01968988868431234,0.043148234929390725,Financials
2013-04-02,340.9365122351637,344.75180350589176,337.8372417949176,341.646082741853,956250,-0.006060308061320972,0.040590268531725766,Financials
2013-04-03,343.0634664633852,350.1268940597902,337.9940029753902,345.0283947427359,1384756,0.00985136179078029,0.03773016060993913,Financials
2013-04-04,324.3016089548651,359.0523063090054,286.8177200614439,321.2403911231875,1551770,-0.07143699238523102,0.03540352263675705,Financials
2013-04-05,340.93676149839763,370.8661351708635,310.70166791884327,340.6016210511659,1537041,0.05852380275436406,0.04322284250521046,Financials
2013-04-08,350.5825911945801,368.8747375132055,333.56858492420616,351.8015732339018,1976661,0.032353776632966326,0.045916517885276745,Financials
2013-04-09,348.1420469517621,353.2061995480627,343.9035229666218,348.95774468999736,1069020,-0.008116464763452564,0.04408714462436338,Financials
2013-04-10,339.17827207548316,359.9314562262536,314.51165516666305,335.0097834384549,1502372,-0.040791103792859,0.04080223776880481,Financials
2013-04-11,336.0513716503537,337.37150583362256,334.56880137769303,335.88829493525924,728972,0.002618913445258193,0.041005429004579805,Financials
2013-04-12,337.704815414674,343.26076801024243,333.2883367950583,338.82957980504943,1579901,0.008718617400016716,0.03802873876984052,Financials
2013-04-15,314.1870482166481,349.5626263016453,279.4132375971734,314.72884979386777,2169349,-0.07378579271350984,0.035613903483681736,Financials
2013-04-16,341.72551632676516,384.62445324764474,299.13293132151676,341.997916367731,1935319,0.08309317072774172,0.043946917730714116,Financials
2013-04-17,336.45255505108923,344.45599110388616,328.9784244685191,336.9703577843439,912491,-0.014809677165200309,0.05177582945412434,Financials
2013-04-18,352.3250997026112,383.27313086984805,324.4800185696672,355.2007781101119,1214912,0.052688234354099486,0.04772303629475679,Financials
2013-04-19,357.57433735734446,357.78114764226405,355.1322461267186,355.3377628439404,1262459,0.00038558002875336954,0.04835698564277364,Financials
2013-04-22,365.7511512476948,381.43802157057956,349.9622763130188,365.64457566649963,1771893,0.028592975067650597,0.04439302590675836,Financials
2013-04-23,366.2634637307941,371.57932442142834,362.71497723845494,368.01387930061384,873531,0.006458896111183609,0.04241728813596395,Financials
2013-04-24,358.35415413811654,374.1352608322107,341.6289879676477,357.36660524121265,1202319,-0.02935849263800595,0.03931461136897795,Financials
2013-04-25,352.5459788333741,360.39827953906615,344.2570074837222,352.09936060573835,1045267,-0.014848750096231338,0.038285755799923736,Financials
2013-04-26,373.5870275835813,413.02998851065985,336.79000545685636,375.99571869204414,1772341,0.06566434665345802,0.0361346382941654,Financials
2013-04-29,352.7729765751459,386.0769991018521,320.626824093518,353.83414821213466,1243722,-0.0607494613933961,0.04232423219544516,Financials
2013-04-30,381.27042249205743,417.6888810915677,341.07888199083635,377.0988802612274,1346420,0.06367913944381373,0.04567983213284966,Financials
2013-05-01,379.56462301095326,384.40456471216527,375.1796635031846,380.0144090052449,1145061,0.007701735518244257,0.04876035860198283,Financials
2013-05-02,356.42473177774735,390.58809405852463,322.530644019216,356.6706233273276,1821304,-0.06339643826898517,0.04484367922343255,Financials
2013-05-03,336.42344755561703,364.5651037242176,311.7368648950229,339.64232170437896,1381490,-0.04891966327944082,0.04807942086604497,Financials
2013-05-06,330.146071264019,343.37096005527343,318.75593071654777,331.9196311487258,912354,-0.023000204129568432,0.04804450631401581,Financials
2013-05-07,315.86694589864095,338.18058501490174,296.436356042609,318.58292161452016,1825300,-0.04101007319342836,0.045010788463059344,Financials
2013-05-08,294.53623465884107,328.1873617557199,263.7870494985555,297.1638564307546,1559989,-0.06959909974155824,0.04441903621143275,Financials
2013-05-09,295.34470646399564,298.0508343745689,292.66782638082714,295.37369158248873,1281146,-0.0060423860088039275,0.049041266552642834,Financials
2013-05-10,296.25059360803067,301.7632745804327,292.43181942024785,297.9229432188766,1306568,0.008593567450839664,0.04505011902727672,Financials
2013-05-13,306.0618951136249,314.21896680771727,295.18119120055053,303.26368584341037,1256263,0.01776780410394667,0.04164958570895106,Financials
2013-05-14,296.9330297214939,305.3995893562259,290.47328294532315,298.89711413067306,1408887,-0.014503263092084266,0.0391804111921154,Financials
2013-05-15,277.7103034048329,307.9383576231292,248.6032886118263,278.7249925389229,1121528,-0.06987380839227948,0.03687323410001251,Financials
2013-05-16,286.4363844288309,297.6730570800546,274.8866972260632,286.1105891878449,1770015,0.026152805677091297,0.04381849699934502,Financials
2013-05-17,284.62782327515333,289.30799077970994,278.33809241360774,282.99135122304,1055260,-0.010962075435218934,0.0416970494177087,Financials
2013-05-20,275.6429712326767,291.6590224944211,256.4206717843642,272.23893371316996,2028000,-0.03873622265817391,0.038845079595637176,Financials
2013-05-21,263.1047451123077,280.3141732109944,243.57569827006034,260.622783659384,1057494,-0.043606024896638985,0.03914366371338603,Financials
2013-05-22,256.02516284599386,264.9608597077835,245.7417238122552,254.62868118024085,1377931,-0.023267756868009526,0.040137313540124585,Financials
2013-05-23,260.1606927677374,268.7541065492802,251.6512428791234,260.24199731589397,1518500,0.02180562533124073,0.038340728045055894,Financials
2013-05-24,248.7184743728194,267.624694275296,228.57780536883814,247.38246947645405,1716197,-0.05067635861563673,0.0367060204330695,Financials
2013-05-27,260.4638167102183,277.61237570217844,241.46438054818097,258.48249200209693,1182786,0.043892364036214604,0.03953580082921586,Financials
2013-05-28,244.1649240570847,264.87476715150933,223.87303459845822,244.55080792366908,1714943,-0.05540487176031979,0.040490055332996,Financials
2013-05-29,247.93059834833494,250.3497835920392,243.74501806898544,246.1467978619583,1501164,0.006505006534948071,0.04326673822824971,Financials
2013-05-30,249.46049329063106,256.65013240289755,243.15920194577842,250.32695452755326,1485238,0.016839784292714644,0.040049416675308334,Financials
2013-05-31,249.50630874028758,251.23332230620431,247.4497695785442,249.17448636185887,1220442,-0.004614482026890431,0.03775846092043141,Financials
2013-06-03,256.35071670686716,273.7121994709527,241.66097816921567,258.87765884429064,1626749,0.03820219093164974,0.03526691244665843,Financials
2013-06-04,273.4395879225838,292.3728182712943,252.33595658085844,271.10772651521404,926366,0.04616066627989709,0.036247968213583365,Financials
2013-06-05,282.09767158367043,295.1352268617112,266.66913631361024,279.5908344581499,1086157,0.030810972206538997,0.0383504006028746,Financials
2013-06-06,291.42845479349074,307.5971482794484,274.02933203250865,290.1257503929284,2039235,0.03698722212378548,0.037669616169634504,Financials
2013-06-07,284.5491563121562,292.4895885508031,277.3537185574182,285.2757766374839,849862,-0.016858101304283307,0.03795270973144353,Financials
2013-06-10,290.25879950176676,296.87680908138316,283.0411451387539,289.64516358923134,868088,0.015200250238698058,0.03598549537946072,Financials
2013-06-11,301.84210086540725,318.4007364101512,283.95286790589313,300.4342719236602,1468155,0.03657240103853169,0.034214351422495314,Financials
2013-06-12,294.027741383708,301.46964837159913,290.9449263180331,298.34160342782405,685456,-0.006989850801531108,0.035172838274271874,Financials
2013-06-13,323.9776260925078,363.46449650037613,284.1549725971596,323.5952368394653,2166798,0.08125431558164319,0.033121466512650334,Financials
2013-06-14,343.62648199653796,377.3312481823111,311.0815112724621,344.68593622002095,1093713,0.06314020684122507,0.04436174934845427,Financials
2013-06-17,353.6776337005569,369.28158601161175,338.8701781250089,354.4421234692412,1674196,0.0279113975828146,0.0476694315279401,Financials
2013-06-18,340.3032705097941,360.64135842150097,321.0225745957839,341.3039657260067,1696449,-0.0377715948975485,0.04510827727824981,Financials
2013-06-19,344.24657705827485,352.41204742205946,337.59325396104623,345.7300528879608,785643,0.012884801264806406,0.04406596589631108,Financials
2013-06-20,363.9331791838545,392.71714768402967,335.4724556105671,364.2329788317866,1452121,0.052135438044080065,0.04096767257051485,Financials
2013-06-21,350.51911555204714,370.57858122814565,330.7437003809493,350.7879964658174,1290707,-0.037611672314366684,0.04301622649283812,Financials
2013-06-24,340.94844753215267,357.8761112218069,322.518098006467,339.3672575947427,1640972,-0.033099165601485736,0.04233807125376655,Financials
2013-06-25,347.2180803359208,355.550145078984,336.5650316388341,344.84003121047465,993308,0.015997755138023963,0.041210957723867535,Financials
2013-06-26,361.4028495016786,392.950875006549,332.4203616610583,363.7779198070238,1451843,0.05346293917453955,0.0386919068363546,Financials
2013-06-27,370.89936430141745,390.77209620079344,354.76512844105315,374.4820139828229,1425953,0.02900020403243857,0.041549895348647906,Financials
2013-06-28,380.1264021357338,396.6618656653864,366.86721899641697,383.2922544795491,1394112,0.02325398966382471,0.040090732319020245,Financials
2013-07-01,379.1944528160164,384.8966049752368,374.3507714677029,380.0420961629687,1216678,-0.00851573875855837,0.038300465527106295,Financials
2013-07-02,386.6090661171346,396.3696822759439,376.7350975795909,386.49277783920877,1420487,0.016831155835426447,0.03583878065259821,Financials
2013-07-03,391.748318138876,402.74857156492135,381.9927720693698,392.9627822000394,659767,0.01660172380718487,0.03420566809675701,Financials
2013-07-04,407.9470388372407,428.7353070853212,385.82526422039257,406.5419306084344,1112871,0.033972168392793815,0.03282323519950322,Financials
2013-07-05,380.8402542137121,421.15555940176824,338.73663103035136,378.8402143285422,1731343,-0.07057255588924309,0.03368988051278569,Financials
2013-07-08,358.0226081728496,386.57002045081805,334.016308943251,362.2783624000354,1633486,-0.04470164487118757,0.04189366641729597,Financials
2013-07-09,374.92721083632426,388.83785534479085,357.57304171361216,371.351000768743,977176,0.02473483582308689,0.042471154762207766,Financials
2013-07-10,386.2521416380745,422.0734566505852,355.900538049547,391.32335805382365,1630302,0.05238651184311537,0.04043279615544271,Financials
2013-07-11,388.2375230525879,392.19263990630054,385.6268969528642,389.5730334323297,1237804,-0.004482867565534294,0.04265560686968826,Financials
2013-07-12,377.83748645931286,397.0548295185682,357.4313490030552,376.5849882515388,948875,-0.03390759916269772,0.039479299046191726,Financials
2013-07-15,388.58450745815253,410.1041639541775,368.40030210926165,389.85401662063214,1459809,0.03462859851845666,0.038978851120699216,Financials
2013-07-16,374.3460632436375,397.6305217042199,350.7544817351035,374.01856999924496,1974889,-0.04146690410619342,0.038669776868435334,Financials
2013-07-17,364.810868795924,377.8257070705416,353.1825071556332,366.1545166005056,1438974,-0.021250027772236835,0.039423431292398906,Financials
2013-07-18,387.4895660340777,423.4715476690232,352.7981558665532,388.6740888004662,1629010,0.05968575364508195,0.03756461233583176,Financials
2013-07-19,369.8033663736043,396.3500037026203,345.8814868588745,372.26864967909427,1503085,-0.04312540427329354,0.041990933047269516,Financials
2013-07-22,356.6501291009186,378.8862879756516,336.08384395534057,358.2289593389267,905400,-0.03844343698481885,0.04230320130444583,Financials
2013-07-23,374.2136497848239,399.97739695910764,348.9737765940058,374.7044222629827,1037368,0.04496517467197538,0.04187282352032681,Financials
2013-07-24,379.90264632848516,383.21583771134124,373.60242715580483,376.8893390063915,1259184,0.005814105999481683,0.04249643184602369,Financials
2013-07-25,357.0658872053225,385.6404945724763,329.4245781149804,357.9321277655351,1881420,-0.05160823269282245,0.0393678542722482,Financials
2013-07-26,345.6069184090016,365.9089830182513,323.96708818732196,344.1856637137057,891173,-0.039162149304784497,0.04170580070268706,Financials
2013-07-29,330.4547811716204,349.97258121784034,312.515142778403,331.951679613185,1989534,-0.036191816884623494,0.04149156710136817,Financials
2013-07-30,325.0655559469039,339.54681384700757,307.88266248807986,322.2379543251083,1185560,-0.029699153776167365,0.04091108961923879,Financials
2013-07-31,331.0332940909058,337.72432093546354,320.0078978039382,326.6095086666085,1030355,0.013475033003216601,0.039639371378968356,Financials
2013-08-01,315.53217422519185,333.43160698591333,296.6480588078211,314.48827341627674,1792508,-0.03781850520669218,0.037205648601005295,Financials
2013-08-02,321.5685514085725,332.7113820193648,310.5905079275746,321.7278985780613,1660398,0.022759363818197906,0.03770867447507908,Financials
2013-08-05,317.7056069560402,322.72858629702625,314.7033880402304,319.70745058317357,824194,-0.00629979211378374,0.036266425254570495,Financials
2013-08-06,308.2654310941721,324.4581374608007,293.61163164970736,309.734503731882,1298625,-0.03169086976430624,0.03403169093209758,Financials
2013-08-07,297.2412898936821,315.01108991234736,280.87372266561323,298.57033871976887,1897063,-0.036709945274703205,0.03430993258694898,Financials
2013-08-08,291.1780058793443,303.91005951340406,277.3122308276701,289.9924445919858,1542957,-0.029150676165963663,0.03526868570853672,Financials
2013-08-09,280.3208651247252,294.45014938966585,266.50277065855283,280.61743581270906,1041137,-0.03286256616448952,0.034965246194270765,Financials
2013-08-12,289.1439488734034,297.92311465119303,277.66099862889547,286.3554998072349,1112680,0.020241741900521727,0.03521430094972909,Financials
2013-08-13,289.4771639292599,290.4245301243863,286.0417516345016,286.98094851475923,1090452,0.0021817868285179585,0.03396316843843597,Financials
2013-08-14,273.15194118207114,293.94344700118495,252.01820571361958,272.78151586990913,1982084,-0.05074466547601826,0.03199236592324523,Financials
2013-08-15,259.5930755105036,279.66753043313327,239.04058990360488,259.0749802776018,1188983,-0.05155364765451261,0.03612564661060627,Financials
2013-08-16,269.87188163258054,282.6247469605345,254.73219213586253,267.366673193282,1535024,0.03150350517143143,0.03927743197308566,Financials
2013-08-19,282.5506174509036,305.7525141837326,259.22095617741047,282.4114228184681,1729016,0.05474392975944246,0.03851030973172325,Financials
2013-08-20,302.6813447832214,336.07177008282673,270.1068654651647,303.41801096233297,1607774,0.0717464750294547,0.04166497139483744,Financials
2013-08-21,312.5169665331739,326.0935434053038,298.76539930324856,312.3340288717465,1402964,0.028961791574045118,0.04754902075688755,Financials
2013-08-22,321.84897635447413,339.6251363953165,305.42927700118486,323.13959388753597,880497,0.03401118860005348,0.04510593426177872,Financials
2013-08-23,334.2269753614843,368.99336116970585,306.9849683069084,341.18428145036626,1823827,0.054338337043984684,0.04360218328249841,Financials
2013-08-26,332.38154179346884,346.7209932929862,317.2093359546127,331.5112413530812,1248200,-0.028761026504148034,0.045429269645310376,Financials
2013-08-27,333.1831103474442,333.7228276965127,330.6169990099161,331.1534285137587,1117104,-0.0010799213851820286,0.04330282126190973,Financials
2013-08-28,318.6542288706781,336.387450891146,302.47026939688146,320.1286098681642,1080084,-0.03385897734388177,0.04000352981828537,Financials
2013-08-29,300.79747772802,328.65663074964175,273.59004042332583,301.39513475955556,1604966,-0.06030067696532804,0.03939784854981275,Financials
2013-08-30,287.44290901748644,308.2981151138093,266.32880609412217,287.16375864301403,1199775,-0.04836950328121016,0.04344166344253766,Financials
2013-09-02,295.6230488157979,307.4011780486815,283.1442984202761,294.89335541678156,1371300,0.026561143275903216,0.04427960958809845,Financials
2013-09-03,288.47606303775166,297.6204160110199,280.1565725486089,289.2778037617632,1516238,-0.01922629882825333,0.04212328584094545,Financials
2013-09-04,270.00001801997655,300.3700794623907,238.19115991473538,268.378872106341,1560841,-0.07498780102591736,0.039685571093602656,Financials
2013-09-05,278.27171616750485,293.7604778910163,262.9396051603611,278.4201865198909,1604061,0.03673175081848088,0.046940719932971824,Financials
2013-09-06,283.54264087782394,291.2595505705895,275.8017202959078,283.5179582244314,1225195,0.018144030985662144,0.04544368138684634,Financials
2013-09-09,284.49049183393726,288.388754956586,277.0901848155264,280.93979410112684,1217882,-0.009135075358802567,0.04244388556026255,Financials
2013-09-10,278.6629610132707,283.70523999653636,272.5486445534122,277.57116804159836,1118763,-0.012063028792753814,0.03941705439823962,Financials
2013-09-11,276.1135674819965,277.92777327641545,275.0438522836472,276.85518491451194,545977,-0.002582790378863556,0.03694307569078739,Financials
2013-09-12,275.1311475612796,277.23251178612105,274.00002556522287,276.09741725219936,1474723,-0.00274080683844245,0.03453741875296082,Financials
2013-09-13,259.8459844428479,284.16224771106107,235.12456509522156,259.3989997490136,1469854,-0.06238634864251403,0.0324868194597862,Financials
2013-09-16,254.85217371908868,260.647682027049,251.09849295716367,256.8643640057738,1144656,-0.009819236794274615,0.03909121673000204,Financials
2013-09-17,255.86623568824038,259.0100366683096,251.63859634460044,254.76891465893968,1408034,-0.008191261791180007,0.03656447992285544,Financials
2013-09-18,238.42549859792777,267.2272585275074,206.6612569513542,235.05597954942422,1828573,-0.08053322064670017,0.03434579259651561,Financials
2013-09-19,225.19109446960832,239.90177541592547,210.3382043785495,225.03894618933893,1678876,-0.043550215224881665,0.04490597643327453,Financials
2013-09-20,233.12944150300342,243.8473916988964,221.37505992603556,232.04306477127,1198541,0.03064949705420736,0.04469597926503762,Financials
2013-09-23,230.75679719680804,232.53811053689918,229.2671018057067,231.04654462491405,336452,-0.004303796346623767,0.04288464993934215,Financials
2013-09-24,234.08453740165857,245.19160912547548,225.64979734829052,236.66392626272275,1129503,0.024021920020843048,0.039674336286633916,Financials
2013-09-25,228.23633280981508,242.40699776193577,212.96982764227656,227.06795044091155,1426662,-0.04139178829144853,0.038023680306502425,Financials
2013-09-26,219.30072438188952,230.0234831647501,210.24697122816934,220.9035576059977,1533152,-0.02752309848873401,0.03890542676716829,Financials
2013-09-27,221.4962713840297,229.2826739872959,216.51546009023787,224.2401605525423,1577241,0.014991407493134578,0.037742998398530535,Financials
2013-09-30,210.22870951722254,232.1432186785604,187.38011483637956,209.18592255281322,1737007,-0.06949418472755442,0.03568386872640024,Financials
2013-10-01,219.0701473109765,233.4561652267693,204.19561697286952,218.5473002849963,1556326,0.04377903027067518,0.04293118966984832,Financials
2013-10-02,210.65516693684887,222.79935985558643,198.18307938572184,210.30721288108265,1185831,-0.038433088208649505,0.04315043639282107,Financials
2013-10-03,210.32830849521366,210.6848904228449,209.71350630774654,210.0696497159661,1483910,-0.0011302391332305992,0.04255741379713754,Financials
2013-10-04,201.81439632520144,213.48144562951128,191.2600697514468,202.87181882640076,1672286,-0.03486479579235943,0.03935858726320569,Financials
2013-10-07,196.7470532435606,205.76528588861916,187.79514480507578,196.8104910562525,1179664,-0.030333053840465606,0.03900784294126939,Financials
2013-10-08,193.50600298290055,198.64387061989464,188.22348281707747,193.3574049590168,1200587,-0.01770097587945149,0.03814844127926959,Financials
2013-10-09,197.53383775127273,201.13598111312123,192.15329647585722,195.72240736068207,1266768,0.012157050838665973,0.03621106929784099,Financials
2013-10-10,182.4952405068829,201.3110638506332,164.61301199359193,183.3455188039079,1516305,-0.06532491281643973,0.034222248823222015,Financials
2013-10-11,192.4284538733951,207.7886667832551,177.65532761063707,192.973682224054,1706066,0.05118136452064674,0.040951574899949016,Financials
2013-10-14,186.75006661904735,197.06705641920487,175.72044236992573,185.99576060557976,1852804,-0.0368299370630773,0.04283170555275852,Financials
2013-10-15,169.02339908062783,193.06925231445828,145.65612536172947,169.61956008204922,1774026,-0.09216583363013808,0.04208456534238056,Financials
2013-10-16,157.80750995662538,174.47721620165487,142.29119815643827,158.85765011331867,1441034,-0.06554952847069564,0.0528305749103341,Financials
2013-10-17,163.20007314230713,175.99563032823235,152.98389272818545,165.6274954235925,1449793,0.04173274442597168,0.05456525285101059,Financials
2013-10-18,169.86017838363205,176.15233339644,163.47989605945807,169.7686609799207,1247048,0.024695429196269315,0.05237496299334536,Financials
2013-10-21,174.97531836390408,181.6970772021321,167.4817187149409,174.1726423791263,1647766,0.02561031236130674,0.04884658670082925,Financials
2013-10-22,171.41343942621782,174.63324746170125,170.03886322866566,173.2439919372627,1376333,-0.0053460459971453,0.045903969771076,Financials
2013-10-23,167.55141141984183,179.8646971848765,152.83790090261712,164.9608039691403,1700006,-0.048993064917372965,0.04230870576802871,Financials
2013-10-24,169.97455551323958,177.44673278762744,162.3994142725388,169.86685706231478,442246,0.0293070424641914,0.0434979232666594,Financials
2013-10-25,177.80867621232485,188.6028274270869,166.1446234507986,176.88255291575857,1407545,0.04047103304030207,0.04174315361241217,Financials
2013-10-28,168.74240157269134,181.05143553256485,156.19611258807564,168.48647802344402,1825346,-0.04863047202976228,0.04170945187975904,Financials
2013-10-29,171.37124314860847,175.76881841761906,166.98730966126453,171.38454465771744,1079364,0.017054333452909267,0.04297070074322237,Financials
2013-10-30,169.31176494305154,171.9625830440533,167.57496240121148,170.2164997197444,1301359,-0.006838676341340807,0.040259314963363574,Financials
2013-10-31,155.19181213250036,176.71818136584164,133.65704960826662,155.18206713038833,2378418,-0.09247210033203898,0.03746551850929986,Financials
2013-11-01,168.46120946729414,190.8444895056401,146.7809762465889,169.08409375563008,1739400,0.08579713311751787,0.050055923352879575,Financials
2013-11-04,188.2305693343459,218.42001208790873,159.995983934194,189.93044529383369,1849831,0.1162617403866174,0.056644934264638756,Financials
2013-11-05,185.19867832000767,191.27020658928623,181.16327615979466,187.19138419695574,1227610,-0.014526389341505533,0.06851596678099915,Financials
2013-11-06,186.22217308325773,187.83575202597373,184.5005487817425,186.11318334959543,1233737,-0.005776537118719276,0.06234743427955264,Financials
2013-11-07,188.40932847155713,191.34964733118255,185.12475337384956,188.0596145933469,1085517,0.010404010188803063,0.056698918033390194,Financials
2013-11-08,185.14336461983885,189.89000910390425,180.1329499366182,184.8726540319673,1179250,-0.0170917799973076,0.051846411246362925,Financials
2013-11-11,172.48835362049434,189.89683042250317,156.5250546836712,173.81111384717283,1516571,-0.06169807449510598,0.04789843033777876,Financials
2013-11-12,179.09343276208608,186.83870464132542,171.1585693205757,178.89527129052493,1655550,0.028831401054325453,0.05006401464644024,Financials
2013-11-13,174.67140230636235,180.6975749304462,169.1633887077829,175.1737214150573,757353,-0.021022382698223145,0.047220884183044376,Financials
2013-11-14,184.82188111051502,198.6911037928399,170.34054396857294,184.16010640094584,1503126,0.050027347407823865,0.04416039638147936,Financials
2013-11-15,191.79577772833213,201.99882524900588,180.65800681293732,190.8085355614988,1070563,0.035464970923832655,0.045116768613842076,Financials
2013-11-18,197.5816425287344,206.6800096087675,187.69663025533555,196.75702480590178,1113037,0.03069909722242172,0.04378450493631528,Financials
2013-11-19,190.6760487179406,201.76218642473592,178.27171058139675,189.27647539031005,1295096,-0.03876081196820754,0.04213112250528496,Financials
2013-11-20,190.7752905541021,193.11167063983206,188.4708524916548,190.80685134412548,1269400,0.008052887966619866,0.04177780832582621,Financials
2013-11-21,184.31115524594256,197.0882553461153,169.55924744080787,182.18924954517186,1410757,-0.04621568739060905,0.038807674054212773,Financials
2013-11-22,189.9942740220214,204.6094875713711,176.4891138849824,191.0306591749786,1628506,0.047387954914450615,0.04031391715706117,Financials
2013-11-25,180.21664698803764,196.00127341104047,164.41276883555796,180.1955471917625,1321432,-0.058391299904167034,0.04167747921699696,Financials
2013-11-26,184.64095826201083,189.5772908813463,178.53187778564163,183.43599602273608,1142739,0.01782317663354223,0.04473300129413772,Financials
2013-11-27,179.719759233176,184.74775973754635,175.74817067321567,180.75333050684443,497682,-0.014732524225146282,0.0418148653904521,Financials
2013-11-28,183.57521420707027,190.63067335969313,177.6589841187957,184.67887469314843,1524708,0.021485217431009493,0.039132383834926045,Financials
2013-11-29,186.02100736664858,187.50735543327266,184.18174341988643,185.66524889944253,980645,0.005326810800081675,0.03734055378394713,Financials
2013-12-02,195.04842998883456,210.1080739181463,180.25412786597025,195.29506470540136,1353985,0.050566252096846516,0.03492434398107513,Financials
2013-12-03,197.94352902993805,200.93448018202466,194.29148634604246,197.27229507015903,1581088,0.010073415607452561,0.03820091255029181,Financials
2013-12-04,184.2781629682935,203.75397980336214,164.42054209047922,183.85123853874592,1789296,-0.07045803843985439,0.03581436626606848,Financials
2013-12-05,189.41623137828722,196.45076886108805,181.46094225911398,188.4599659698905,546404,0.02475865780390631,0.043252576130802696,Financials
2013-12-06,201.81061089219244,219.14978258826093,182.42319893653976,199.56984874580294,1711826,0.0572786918699437,0.041092297867098476,Financials
2013-12-09,196.32151617737838,204.2572516031167,186.41108767382823,194.26363931706436,944844,-0.02694809202189307,0.04407934705220201,Financials
2013-12-10,191.94523031184184,196.67981189337684,186.3816337380708,191.09524942295585,1061486,-0.016444210235885267,0.04199191611229284,Financials
2013-12-11,199.17043053864754,215.85934746543225,184.29071815907972,200.8538680906577,1538957,0.04980562740271003,0.03938551285139969,Financials
2013-12-12,189.6868182671715,208.12367853330002,169.95435800256914,188.2517332935684,2093780,-0.06479754518369825,0.04138918912229199,Financials
2013-12-13,193.59168595224764,198.7994233959008,186.5025206287766,191.65824736506946,1287274,0.017933750333120255,0.04582859653355856,Financials
2013-12-16,202.29123728940309,218.5355591924497,185.96132293703667,202.1981715030686,1566040,0.053534439160463396,0.04276039193389322,Financials
2013-12-17,205.79861041734267,213.27962141457286,199.14714211400317,206.60218147136433,1202601,0.021546852008543227,0.04463912321166189,Financials
2013-12-18,206.58085314373386,207.467343720354,206.06250358678477,206.9480727415358,841286,0.0016727899320803097,0.041997155637095884,Financials
2013-12-19,195.5586791601332,212.06427724873276,179.3121591844137,195.79788468370316,1690240,-0.05538497889054241,0.038877096074793116,Financials
2013-12-20,196.15305981087886,198.98768337483148,194.24563066754973,197.07132485003527,1005858,0.006482791704152446,0.042062658764904885,Financials
2013-12-23,193.8433030958483,198.2170029895527,190.3806665715487,194.73837768506266,1423432,-0.011908713443619186,0.03900920145478728,Financials
2013-12-24,186.2940723663935,198.50433076713915,174.51755436175796,186.70202422128423,2011616,-0.04214311224916162,0.03658752324077811,Financials
2013-12-25,196.02232206926757,213.4660504023063,179.88859556279044,197.2327028323025,1409062,0.05487037168748581,0.03791205312327991,Financials
2013-12-26,188.9984309530628,199.61707612720244,181.7819604412857,192.27547906823872,1322651,-0.025455133764467838,0.04124891114909999,Financials
2013-12-27,194.72033277228732,196.8550448937206,191.56252810285187,193.68589977188694,1255253,0.007308643088408804,0.0394762297089542,Financials
2013-12-30,193.01732318162473,194.36324849378488,191.44327438132552,192.78759779993038,1361430,-0.0046487202632884755,0.03680639359128189,Financials
2013-12-31,198.54260440848918,204.53393495117885,190.76942875190215,196.70531628017338,1124536,0.020117699038415204,0.03445301260223889,Financials
2014-01-01,185.53192567137708,202.4324823977865,168.25262432096304,185.11522254034696,2112234,-0.06072829663592761,0.0333214095453068,Financials
2014-01-02,189.69494807945546,195.7074939117139,183.075745987256,189.0684339097599,1274666,0.021130577955578208,0.03926120182972031,Financials
2014-01-03,183.00020378418074,191.61517894691667,175.16530253045966,183.74825108023816,2169019,-0.028542413584635863,0.03741829464315205,Financials
2014-01-06,182.61655860285194,186.1937731865994,181.1644556000362,184.72490534787372,248222,0.0053011001628233655,0.03663745931675468,Financials
2014-01-07,183.42266217206605,184.96474666181015,182.70446683669493,184.2433379529621,1320430,-0.002610347514192464,0.03432284938040439,Financials
2014-01-08,184.66837079460737,184.6776593253593,184.24024869503765,184.24951615805526,496940,3.353229255220741e-05,0.03230276271147204,Financials
2014-01-09,178.09695361839158,187.3095264809139,168.79617608421148,178.0039374185106,1294466,-0.03448523468201134,0.030574089548130973,Financials
2014-01-10,181.15368825224118,187.62360318446528,175.37890067848085,181.82734101827543,1225758,0.021251890699273426,0.03203442949419757,Financials
2014-01-13,169.42757436876332,187.3710271131211,151.50394015547965,169.44549688804062,2009293,-0.07052623824688034,0.0314437619752957,Financials
2014-01-14,177.247389227951,187.41817479544326,165.9508855809989,176.05314307846345,904635,0.03825457594154654,0.04046060646994309,Financials
2014-01-15,174.36344669069464,178.56254269333687,169.0769247594278,173.24918666990212,1224186,-0.016054955257111387,0.0403628595097351,Financials
2014-01-16,169.49330787059714,174.6686862321968,165.18237285385504,170.33631008707124,1574120,-0.016956166080741297,0.03797357739913726,Financials
2014-01-17,177.78313424193695,188.33236847729955,166.6943981313258,177.20960020184512,1200227,0.03955843648253174,0.036010009714165125,Financials
2014-01-20,168.81183558323607,182.0268144746393,155.03156292997227,168.19853092135313,1682789,-0.052188200532054606,0.03704196436790021,Financials
2014-01-21,160.02646393548292,171.91324894299464,148.31244829990285,160.1874491134423,1891739,-0.048800326927187616,0.04007776117252962,Financials
2014-01-22,169.79817694041165,180.57496786251602,156.5045375558333,167.1107630568843,1487845,0.04231215794457092,0.04173969739602717,Financials
2014-01-23,169.48044216345912,170.85736334562864,166.653288879724,168.01833133806875,876293,0.005416244158097935,0.0419798722896876,Financials
2014-01-24,165.51958003146598,169.08135152058455,162.29480888163297,165.85014016126303,1028055,-0.012988478056875889,0.03891334086253459,Financials
2014-01-27,161.66703837594463,167.38303644379857,157.00725113787652,162.69365856256647,1271524,-0.019215573295496037,0.0365609567982313,Financials
2014-01-28,166.83968916485085,173.60152869926108,160.26791803487617,167.02255455023067,1370008,0.02625982327854549,0.03499640821802854,Financials
2014-01-29,167.28289157166395,169.79577337331648,165.6251548014998,168.12964545783439,1010220,0.006606520465977512,0.03439819207928496,Financials
2014-01-30,161.78547522804854,171.66959832578524,151.55765637719085,161.41941541374987,1328176,-0.04072933858371943,0.032452047879275865,Financials
2014-01-31,149.17052025871578,168.6767983083794,128.5975387088431,147.94334526137584,2062235,-0.087176644178008,0.03451579612970182,Financials
2014-02-03,148.73721022211575,149.24730440291933,147.7734470083628,148.28197997729168,873068,0.002286332967349308,0.04682987550159154,Financials
2014-02-04,142.25665723608765,151.89848501568144,132.12476159174093,141.73095874109808,1619844,-0.04518512743996379,0.043072193923241124,Financials
2014-02-05,138.96927620798422,145.0952568678668,131.55963358929824,137.62641902746478,1048810,-0.029387697900046632,0.043479023364766334,Financials
2014-02-06,130.37225677561537,140.89442656415991,120.02272785066027,130.53220058876266,1538400,-0.05292296168382791,0.04173590655997278,Financials
2014-02-07,121.85720910694891,134.2232262864467,110.05107679975583,122.36764081723261,1753757,-0.06458998141467544,0.04374511056237498,Financials
2014-02-10,128.2326507936075,137.9785539980512,118.7959994448426,128.52070473591283,1443709,0.04906005498788473,0.04750460623311961,Financials
2014-02-11,120.31281352405072,132.50882769989215,107.94561505271062,120.12231894460757,1783669,-0.0675794695433856,0.047606548289107646,Financials
2014-02-12,131.12675104445552,147.3083553724544,114.32790592466867,130.42261709925367,1760991,0.08226953030361125,0.050972094890903964,Financials
2014-02-13,129.92682911583935,132.38368418613854,128.76026331812014,131.20563644201349,1655293,0.005985757807722899,0.05651340467986667,Financials
2014-02-14,133.1950271833668,136.728758747342,129.87537161565058,133.40389744967374,1395209,0.016615513045874206,0.05157893292118604,Financials
2014-02-17,141.99894216592614,155.03507899849038,128.80359819711532,141.8236416606848,1459815,0.06120297627443587,0.04764158213259934,Financials
2014-02-18,146.4515456056395,152.93519767600898,139.60502684492823,146.07187005071685,1130864,0.02951443561557885,0.049775967335704704,Financials
2014-02-19,143.71516664953995,148.85814179818217,137.52415823691322,142.62823662731526,1087112,-0.023857260016653864,0.04704022561404267,Financials
2014-02-20,151.87055860850634,166.02442237151237,137.62640865216136,151.77099323168397,1333270,0.06213126007958754,0.044222184353346496,Financials
2014-02-21,158.56604078436476,168.40545400314267,148.36564601798253,158.1811775239201,1178555,0.04136830799375932,0.047365866328472166,Financials
2014-02-24,168.42797032990111,185.6690471062356,151.77240001376134,168.96078737220225,1826603,0.06592559135127174,0.04638448846734579,Financials
2014-02-25,173.4730386297425,179.89667758738457,166.77080622614662,173.1837322825973,1140542,0.024686406634645542,0.04973071641907142,Financials
2014-02-26,181.63581063345327,192.87631621229136,169.3092723004217,180.47813531124183,1726905,0.04125656917409592,0.04658248732434691,Financials
2014-02-27,185.15217480197896,190.46202758770997,178.68615433883264,183.96187122099062,1143392,0.019118878084688738,0.045730276352334634,Financials
2014-02-28,176.08234086177342,188.11634060515377,163.75573781887616,175.76827323041812,1520510,-0.045562016363042156,0.04275320181099067,Financials
2014-03-03,173.01288722375742,178.3101162170078,166.9440548563912,172.21691307944764,1064011,-0.02041169332624899,0.04328572065165318,Financials
2014-03-04,172.51632950885647,173.34841962964364,171.83767082219626,172.66915972711303,661411,0.0026225872398758293,0.04076050138961848,Financials
2014-03-05,180.60017448983692,193.69423728102086,167.89295217896642,180.9615856898251,1127503,0.04690738292203064,0.03781754187412352,Financials
2014-03-06,182.4774412129587,185.71176166024907,179.62731691253546,182.8557288660123,715467,0.01041270008127383,0.03967591920308804,Financials
2014-03-07,192.15935089880293,208.04911482447187,176.933494303949,192.77451532295925,1440680,0.052823716440328516,0.03708916958001838,Financials
2014-03-10,201.35866457278118,219.8334989175511,185.11657556452977,203.42475401362063,1480306,0.053774985853268197,0.04023725826759974,Financials
2014-03-11,217.3565321236522,239.39073539765857,195.5071930189982,217.52451058738316,1776199,0.06701535917716393,0.04276671518649402,Financials
2014-03-12,212.59521378444558,220.13826063642588,204.90206658439763,212.43959184655563,1323641,-0.02365386224742993,0.047295372893347634,Financials
2014-03-13,210.13615172703507,212.743811656551,209.2281657232734,211.82851305859867,803794,-0.0028806276194402037,0.04442305277195277,Financials
2014-03-14,214.15046297798398,218.52126620246256,210.1312562754095,214.4955822517009,1249522,0.01251209592446748,0.040987446814677815,Financials
2014-03-17,208.35986726652658,216.8987200014483,201.01627465088808,209.51443493057272,894345,-0.02349650378766667,0.0383074342494025,Financials
2014-03-18,204.923374292966,211.8309811860714,197.95327388162278,204.8587007429912,1667419,-0.02247216198717615,0.03683450106292213,Financials
2014-03-19,205.88709557904656,210.2416457526553,202.66808569578717,207.00515519656054,918755,0.010423220468500263,0.035513012889646686,Financials
2014-03-20,214.0238417881137,226.27765486462067,202.4100233986053,214.63089524509238,1257373,0.036176089207252106,0.03354453452263743,Financials
2014-03-21,213.49488041799418,214.8091679500622,212.96111544914797,214.27345643989727,405207,-0.0016667533753850993,0.03459038958470966,Financials
2014-03-24,202.10180398029544,219.2841788784155,186.3316650278888,203.41181860830406,1748156,-0.052020445939691566,0.03252095864699788,Financials
2014-03-25,205.43921953225302,206.4397641096766,203.0794466427883,204.07333901256376,801563,0.0032468470226914964,0.03676967800267569,Financials
2014-03-26,195.21254149945963,208.14305074890626,182.4486291115337,195.36891399324637,1195887,-0.04358979633133615,0.03439750977432343,Financials
2014-03-27,192.27958545108822,195.6681220151716,192.1029859568894,195.4885752191643,1424703,0.0006123010711529665,0.036490567199905864,Financials
2014-03-28,200.28388089098758,208.55458587523125,192.41869265909523,200.6740746558191,1235670,0.026180133907608462,0.03413657031025433,Financials
2014-03-31,204.76978931421226,208.70473948528297,199.35547755593385,203.26144264575328,803383,0.012810972374551729,0.033690566302016896,Financials
2014-04-01,198.0185308574438,206.42126453239374,189.20724497710432,197.591873855802,1076404,-0.028289384966700137,0.03213505186206654,Financials
2014-04-02,194.8284421736816,198.44408476390004,192.26274512376645,195.86474069191053,1687694,-0.008779337764342589,0.0323445921571333,Financials
2014-04-03,198.78557669132994,208.00523304286426,191.53527290300678,200.685628682639,1642297,0.024315324780265667,0.030797721168717873,Financials
2014-04-04,197.34707668112245,201.85945862828623,193.79974292199114,198.29508433522918,1604895,-0.011983401084655808,0.0307812435782628,Financials
2014-04-07,187.1913397888095,205.12107892770703,168.21031888435678,186.028696629143,1352771,-0.06385530142269039,0.029656841541418993,Financials
2014-04-08,183.1140301787418,187.38433807259153,178.98794265350017,183.25507245778712,868721,-0.015021923847903544,0.03761977575873712,Financials
2014-04-09,182.92471398758502,183.9078685709224,181.61821996606744,182.59962732545193,796304,-0.0035830936925016926,0.03558155072399127,Financials
2014-04-10,179.2206069553913,185.97120603734413,171.3641534948897,178.07146864797483,1222247,-0.02511094825768955,0.0333880695099396,Financials
2014-04-11,178.908812748837,183.84642959288135,175.46314469585076,180.37257051183025,1389833,0.012839568940346038,0.032960499189795364,Financials
2014-04-14,177.40452882883815,182.34692462572266,172.12081869364445,177.05343315174218,917752,-0.01857297867764875,0.03152528802498854,Financials
2014-04-15,174.22763829388347,179.718994580001,167.9075791483878,173.37196611526932,1571334,-0.021012189722562278,0.03077041368897805,Financials
2014-04-16,178.74097271550175,186.31664469082642,170.7818726167635,178.34057429684412,987200,0.028255681430068437,0.03039212898783534,Financials
2014-04-17,171.1814585189263,181.96478886538472,160.23383574170452,171.00612094957853,1803220,-0.04199571004849294,0.030962925144310965,Financials
2014-04-18,170.8791429612026,171.25020895527842,170.7328657041449,171.1037394374455,545750,0.0005706850448913294,0.03363789732080956,Financials
2014-04-21,180.71208048354615,196.73531390523206,165.1987700451365,181.18168965472054,1309026,0.057230302098599466,0.031705762270371786,Financials
2014-04-22,186.327714127133,194.11644829858005,178.51413277248668,186.3017829895788,1114777,0.02786751005858687,0.03735639718523199,Financials
2014-04-23,194.49084350084922,204.8499549906996,182.75430955773257,193.0359283058042,1285208,0.03550848051382312,0.03650876670141656,Financials
2014-04-24,195.11054269332553,198.91849333837803,191.5773829943723,195.38044609310595,1120728,0.012072334825106954,0.036816298905605026,Financials
2014-04-25,197.13652815495553,205.4757992869919,191.123605881307,199.3940205392679,892982,0.0203342063828381,0.03473057849078973,Financials
2014-04-28,199.45976891864422,206.12837269628025,195.46084748938276,202.0769794363293,1518661,0.013365841312064381,0.03357070833668696,Financials
2014-04-29,199.4670579964922,203.50825372595418,195.32680012601318,199.36594735740744,1279295,-0.013506643720364827,0.032068533232413605,Financials
2014-04-30,191.7800658475185,202.65855433741447,181.56786193019587,192.41266480464725,1511523,-0.03549970595116383,0.030823320272661468,Financials
2014-05-01,192.91485069481186,195.94835245011367,190.8003042373402,193.82384250150696,648965,0.0073073567599238574,0.032389751874593226,Financials
2014-05-02,200.85850214503265,208.62224178983192,191.19591088405187,198.8833036130609,952888,0.025768520498718528,0.030778018789725452,Financials
2014-05-05,194.3341131368797,204.252997670677,182.4182831255904,192.22976073989645,1711282,-0.03402691160321707,0.030942392438214696,Financials
2014-05-06,192.30432998447165,192.69571636446568,191.57841039610975,191.96911453060773,929814,-0.0013568298402351728,0.032243137670337874,Financials
2014-05-07,182.73992614372392,196.23154359964238,169.2833731064834,182.77258559462857,1559883,-0.04909181888967541,0.03052821792284954,Financials
2014-05-08,181.09263467503905,185.69588211297952,175.133498548,179.70138130349736,580175,-0.01694619789921608,0.034743037776229314,Financials
2014-05-09,177.5249454835046,180.6317711422126,174.70836396820067,177.81065658173137,662366,-0.010577223415495106,0.03329773239459869,Financials
2014-05-12,178.0892179671834,178.15044205085198,177.7087947281043,177.76990903872328,1235434,-0.00022918880909771517,0.031682374190944725,Financials
2014-05-13,177.40830934430159,179.2613984219109,176.51762458404562,178.3659060133394,933845,0.0033470238365118574,0.030050393452109154,Financials
2014-05-14,180.7309881292276,183.55915220278428,177.41599058878145,180.23641535337453,1146665,0.010432315648915181,0.028707164655980544,Financials
2014-05-15,178.8730910450809,181.06746516275882,176.57527143318964,178.76836074351195,1782734,-0.00817851399506067,0.02784970419121634,Financials
2014-05-16,168.7136939903088,182.58649151227633,156.81479647445425,170.5575519341081,1882118,-0.04701810597756626,0.027028097093685914,Financials
2014-05-19,167.0239210185473,172.26387423397873,161.79541612434176,167.03502184043757,1874434,-0.020869285717961927,0.031875065011105756,Financials
2014-05-20,163.52073791300336,171.89820776039244,153.15616943700564,161.4263393734639,1494419,-0.03415456638429987,0.03127530780866056,Financials
2014-05-21,158.5810050081422,163.1093061153638,153.8597424948219,158.38237159936673,940238,-0.01903675288638387,0.03251916455808949,Financials
2014-05-22,156.04856850548285,160.71619817517507,150.61145789629822,155.2553616458643,1120720,-0.019940927000678087,0.03162841356934409,Financials
2014-05-23,161.784743214392,173.6052326796815,150.7236651120076,162.49555688293032,1379761,0.04557940335872335,0.030982758453335483,Financials
2014-05-26,173.07333202329673,189.27990367505217,156.76669220342174,172.96292538746837,1648110,0.062426608275594785,0.03434483015946891,Financials
2014-05-27,181.8213839200022,197.68593302732162,166.89780563694404,182.6909798455078,1940554,0.0547188233540386,0.0403511598354421,Financials
2014-05-28,169.85639314447596,188.27160176705434,151.84712138957164,170.22341589035352,1635334,-0.0706843054163055,0.04303132956858165,Financials
2014-05-29,176.79740823470917,184.49409819897616,167.6074156236078,175.23613729292572,646092,0.029022634970037414,0.048278327584742875,Financials
2014-05-30,171.690761904649,177.0175624339345,166.32333306163508,171.64883271468943,1504290,-0.020683700820369202,0.04572728433434902,Financials
2014-06-02,180.11456377999139,191.82174439774454,167.59928101436824,179.25028477321493,1079549,0.04333234867134663,0.0428597707415649,Financials
2014-06-03,175.41972468766795,180.37531773976437,172.03007314937216,176.95598097928857,882818,-0.012882061559614693,0.04302582741356493,Financials
2014-06-04,164.63528722092425,182.35504608652548,147.20380602011116,164.89596453481954,1781431,-0.0705862495420834,0.04007330266151463,Financials
2014-06-05,155.05266304183067,170.6834057282018,138.63554390621147,154.17812507607582,1815752,-0.06720616672953317,0.046174218592453464,Financials
2014-06-06,149.25965913695453,156.2210130085672,142.97994282299433,149.9137763932133,1125320,-0.028048285563876146,0.049831185989003025,Financials
2014-06-09,147.33661744380797,152.6926327581156,145.70760472345273,151.02286342411963,1466616,0.007370933981506771,0.04695235485167278,Financials
2014-06-10,153.9741609696462,156.56832713581136,150.15553772405784,152.72872063459874,1230215,0.011232041141745296,0.043263939962258184,Financials
2014-06-11,155.5106313308175,159.61303800243218,151.33798812310675,155.43849173539346,1347931,0.017586821927681736,0.040203713921449884,Financials
2014-06-12,148.45980607520445,159.79563959906153,136.4443866690159,147.724039845382,1557641,-0.05090416422482606,0.037940286455028574,Financials
2014-06-13,146.96385170176103,148.45247239079356,146.52972584362328,148.0152407676993,860712,0.0019693090199202437,0.040500090856020424,Financials
2014-06-16,142.99921278385477,150.18200486062457,136.30943281936254,143.47019159568444,1275924,-0.031187957072201664,0.037587067113292016,Financials
2014-06-17,143.48702313268504,147.72462156676974,140.95796821690286,145.16597401679587,808127,0.01175044665162754,0.03709627193255299,Financials
2014-06-18,141.6057891555239,148.41447401364857,133.8268424949186,140.58651883110656,2184917,-0.03205464455810159,0.03495164749353093,Financials
2014-06-19,145.656343817943,151.39279695424534,138.64251061473308,144.32659356367063,1484675,0.02625565073669746,0.03509158254726584,Financials
2014-06-20,137.5593244372553,147.57338384025454,127.48041095655263,137.48937842151344,1479799,-0.048532076101061576,0.034475197053510424,Financials
2014-06-23,134.94146190891038,140.1040652154343,128.899381908124,134.02699962964044,1169550,-0.025505396851309415,0.03747179914421756,Financials
2014-06-24,138.40173146529585,145.23247219542267,131.6379490209982,138.46556992420474,1565506,0.03258043269010044,0.03634401429623708,Financials
2014-06-25,138.91154902696198,140.62422431692244,137.61862117460498,139.32742566696245,1356520,0.006205041320243513,0.0362757851641173,Financials
2014-06-26,148.7601635568453,163.46513999419722,134.0921248498562,148.7937860450944,1483780,0.06573461763901176,0.034037059980063546,Financials
2014-06-27,161.2962220006817,178.2624011351052,142.81438050513194,159.60239161150326,1973466,0.07012430886055022,0.0409264358952892,Financials
2014-06-30,155.724279387488,161.04586341620603,151.3360007008979,156.63200519987632,1578716,-0.018786531784898173,0.04666466894823588,Financials
2014-07-01,158.5592189748116,162.5194802726546,155.02555803909388,158.97651935389234,1343397,0.01485737614234455,0.04353174851662299,Financials
2014-07-02,166.35926124012173,180.24901547761732,153.54229066100513,167.35530572139228,1580162,0.05136261719995933,0.040609380037213975,Financials
2014-07-03,171.15530981242807,176.01986687815182,165.70903461749444,170.5565744950164,1200417,0.018947925409792635,0.0426029947826433,Financials
2014-07-04,170.30319075081474,172.68456941980887,166.61122193646952,168.9740145065094,770518,-0.009322114120881974,0.0400732543370289,Financials
2014-07-07,170.23036184958494,173.29147042067143,167.64172010819294,170.69575163722178,1313619,0.010137798816716843,0.037386198553484636,Financials
2014-07-08,173.22876005132701,176.6479886553612,169.54288978464402,172.95674938028282,1506487,0.01315881805854513,0.03512262117997026,Financials
2014-07-09,169.30656398011956,173.89314967013698,166.49478828588826,171.05238015910808,681094,-0.011071733342291657,0.033359436277401934,Financials
2014-07-10,164.7786222178166,173.73014753723672,156.49551708850524,165.4150503852517,1054018,-0.03351205400241846,0.03175955104968038,Financials
2014-07-11,159.35957032827244,168.3653524932998,150.29663175533295,159.29899040728972,1217745,-0.03767489310066088,0.03279319945996357,Financials
2014-07-14,158.20594123405678,162.18703232329662,152.70697459943625,156.64888393033675,1285880,-0.01677598644815331,0.03425236897177621,Financials
2014-07-15,146.84692849003238,160.95565430671383,133.07419515766034,147.1541104611358,2233637,-0.06252648465987226,0.0328754449755323,Financials
2014-07-16,146.23621698097466,147.2244780229765,146.0260284905061,147.01317279704043,1018510,-0.0009582144779538226,0.03938362728926308,Financials
2014-07-17,150.6309643714622,156.7919421001902,144.74352183585336,150.89421053364387,1254753,0.026056805164752006,0.03661958226161973,Financials
2014-07-18,151.02712399899437,151.15733008418044,150.6774910429704,150.80750778887617,658538,-0.0005747580599581308,0.035702081288371754,Financials
2014-07-21,155.62747942775522,163.5425726302111,147.9474387831159,155.85147791288207,953286,0.03289924835416366,0.033462821738181714,Financials
2014-07-22,156.92382066773683,162.4941172979918,152.9645052720019,158.49515584015154,970002,0.01682054124048806,0.0340317856170581,Financials
2014-07-23,147.7744855352665,164.51952753576538,130.30990484629947,146.96299266280468,1742240,-0.07554322583651807,0.03269509958650938,Financials
2014-07-24,140.90757026671164,149.5121357862552,132.9956737902084,141.56341398117803,1721100,-0.03743303245537725,0.04255810704255405,Financials
2014-07-25,147.70701805979613,156.89402752099025,138.37907776695468,147.55674032659417,1859816,0.041465009954029165,0.04194208826295121,Financials
2014-07-28,151.3671136962939,157.67056685621742,145.27452672498987,151.5698208411198,1150127,0.02683360043242651,0.042014438849744415,Financials
2014-07-29,151.54571756538868,152.55327408311402,150.95696081265507,151.96289658537316,939578,0.0025900072145097043,0.040251419531641346,Financials
2014-07-30,156.01420661774924,161.85987312985654,149.96872742360642,155.80661575325786,1170621,0.024979206013076984,0.0373784381703602,Financials
2014-07-31,155.53027083782408,156.55745793341683,154.0976241711986,155.12211563878793,969956,-0.0044029460848549785,0.036212045261223694,Financials
2014-08-01,156.78191848583262,159.95403448612342,153.8805447414392,157.0477414764657,1271723,0.012337195396060574,0.033940501878060844,Financials
2014-08-04,160.0116562938855,165.11264946895395,155.160557027611,160.2541970551873,1112007,0.020211441168863926,0.032317133114244646,Financials
2014-08-05,155.51589619881983,164.23808521249344,145.71479309081954,154.3728751830134,2105436,-0.03739034283896261,0.031572029191951116,Financials
2014-08-06,162.80185252445546,175.3624633214907,149.98189073736972,162.52081902693638,1610750,0.05143516736149536,0.03327371458794773,Financials
2014-08-07,149.62988504149476,167.54260664057665,133.54909265105317,151.28404131640102,2028608,-0.07164697251034723,0.0371826375101326,Financials
2014-08-08,151.0930206778572,152.41753348426334,150.41540709021493,151.73703167188253,1115837,0.0029898296409379952,0.04445258289742795,Financials
2014-08-11,148.16726701475025,155.62759216354218,139.34032463158863,146.72819131609202,804221,-0.033567131252407366,0.04101422391310651,Financials
2014-08-12,153.3123184018655,162.0921499209381,143.7085682162158,152.43834962382917,1400557,0.03817841301814038,0.04018390343947439,Financials
2014-08-13,153.15380237263764,153.22416366561393,152.41499112081016,152.48504517609265,705875,0.0003062772711103462,0.04013023248866069,Financials
2014-08-14,158.6515469349369,168.08039646042064,149.21927257866494,158.6479057013178,1833561,0.039620790374226125,0.037260736956482576,Financials
2014-08-15,151.47046199048611,161.72502882094886,141.86415358095965,152.08005952751517,1215480,-0.0422802275915236,0.038028424491607656,Financials
2014-08-18,156.9427993510378,162.10573412882783,150.33831352852278,155.4522125923616,1165215,0.021931280267455902,0.039052163861043335,Financials
2014-08-19,162.8988600201854,173.8020288978645,151.66626014820076,162.5457978180643,1425464,0.044621424919028596,0.03731225482209938,Financials
2014-08-20,159.52652121779295,165.95693481417305,151.8574989621456,158.23588794413877,1056111,-0.026872913449507263,0.03888989871673747,Financials
2014-08-21,154.18238096670922,160.17022571754634,148.22575571034122,154.2124392023843,1009100,-0.02575575418765101,0.03765982473868121,Financials
2014-08-22,166.7453022545248,185.78523194474533,147.40840227887546,166.4100510775043,2148789,0.07612380252111474,0.0365255219065348,Financials
2014-08-25,166.2079372535721,167.94137258411297,165.29295122864505,167.0219056079073,1080445,0.003670045446470418,0.04512777411945834,Financials
2014-08-26,159.82464526127424,171.4597771353743,147.5263452787064,159.10940836453426,1607296,-0.04853290661182439,0.04160809035053588,Financials
2014-08-27,159.5768942223211,160.51412350325074,158.73396732448714,159.67070109298768,973304,0.003521507721786613,0.042875435854618386,Financials
2014-08-28,155.06609181482295,161.6339827419819,149.03836556866838,155.5860448895464,1416255,-0.025914654306899328,0.03965479229896415,Financials
2014-08-29,164.52556337332106,179.5379815633009,150.0286335153605,164.99930835758,1726815,0.05874236019710367,0.038193421396833564,Financials
2014-09-01,154.09357862410874,169.53729004551076,139.635192747323,154.99438295308389,1596075,-0.0625524048693169,0.04224440415754285,Financials
2014-09-02,144.0195126547889,160.7423584579424,126.79229955696529,143.44888709346085,1872475,-0.07741009300241024,0.04598469581655293,Financials
2014-09-03,138.55643099498428,145.68192750636973,131.6334337535788,138.74929383798312,1548712,-0.033310121090210525,0.0518702436303223,Financials
2014-09-04,137.158810654828,141.4113182758739,131.69703440628274,135.91084992667618,1062296,-0.020669507610647085,0.04918182961696185,Financials
2014-09-05,138.10523408448077,141.04147896027825,134.92012167069154,137.85096045417853,2499903,0.014173949284699616,0.045816658251202506,Financials
2014-09-08,137.97983907515717,138.00488417678224,137.84261786597276,137.86764260250624,939547,0.00012100850768216069,0.042537842733203705,Financials
2014-09-09,139.64229639468806,140.42796870262728,137.60713616637582,138.38573867793625,1437663,0.003750880300233092,0.03933925072970578,Financials
2014-09-10,136.88418757617768,140.40118724446134,132.54034287165476,136.03553797343451,834324,-0.017128833410488743,0.03660835538280472,Financials
2014-09-11,136.21961763938683,137.9217905118215,135.0913315210589,136.78879002625217,915981,0.0055218973491999125,0.03487329762393604,Financials
2014-09-12,138.72199136092277,141.21593210010016,135.94927408049696,138.4381112292598,883541,0.0119853178514848,0.032825161268215636,Financials
2014-09-15,140.92071791012216,144.25843411229488,137.31030352730534,140.64140416560357,1692795,0.01579004256990075,0.03136144362792726,Financials
2014-09-16,135.54847807608783,143.7783069851341,126.8620633390047,135.0623787143179,1814116,-0.04047668172969861,0.030401166651890504,Financials
2014-09-17,137.89923215484757,142.62224854419,133.34892950119166,138.06642885061623,812458,0.021998201549308878,0.032941448231884295,Financials
2014-09-18,134.86635567601624,139.6837102297784,130.001883623325,134.8174928219051,1738010,-0.02381297905181861,0.03225987197745417,Financials
2014-09-19,129.70602351751208,137.20251450464937,122.26569181005954,129.75913609815314,1740932,-0.03824202611247276,0.0319001280201152,Financials
2014-09-22,127.11403609558658,131.60249080021916,122.26498303986314,126.74023879084284,963453,-0.023540304661332404,0.03366693360461936,Financials
2014-09-23,128.21435920253995,130.959212781571,125.68040330873701,128.4211696042564,683477,0.013175621979542624,0.03301350975286528,Financials
2014-09-24,135.52767761582444,145.01142078298702,125.13846620600187,134.55408052351393,1501866,0.04665095393058527,0.03159039431764339,Financials
2014-09-25,137.5036430910121,141.1956671606658,133.30623803886812,136.98431803725694,1083626,0.017900248491161706,0.03499727326393293,Financials
2014-09-26,147.68812629130238,163.72202776171804,131.27835711558282,147.26648241921802,1526450,0.07237729880775991,0.03358437349624251,Financials
2014-09-29,152.92242233692386,165.3835870153487,142.05559745520998,154.41098344750606,1503967,0.047374020175937025,0.04228592108390519,Financials
2014-09-30,157.5486284924921,161.27343758335027,153.15539313241248,156.86401643192931,940943,0.015761521279701006,0.04321022987298169,Financials
2014-10-01,156.5129714343123,160.5494831394485,150.21342411730433,154.19002644526395,810021,-0.017193512964217936,0.04038518299448829,Financials
2014-10-02,154.7364903102604,156.1335366518645,153.5709445495939,154.9662601599805,398968,0.005021637142945288,0.03806721604748966,Financials
2014-10-03,167.54423981838116,188.5262162409112,147.148629090224,168.0669719277959,1405419,0.08115512555675283,0.03553973657786893,Financials
2014-10-06,168.71568370199978,170.8733698539091,167.03430946137593,169.18729565785287,966949,0.006643817194824441,0.04580809384201988,Financials
2014-10-07,158.6460462411222,173.56942840790208,144.74997695228822,159.59062215430214,1099125,-0.058394434730984664,0.04225312077455553,Financials
2014-10-08,155.14803241339948,161.3824229859052,149.66766952492782,155.8763339776607,1114901,-0.023548962897872748,0.045163563558293596,Financials
2014-10-09,161.6761379297088,169.31702500412743,153.26312583816915,160.86571180923383,1222807,0.03150696683819689,0.042602594130663314,Financials
2014-10-10,158.65612422923343,162.7523040199864,154.03823291290846,158.12058619631236,834836,-0.0172119830888033,0.041241825435243636,Financials
2014-10-13,155.49748069640555,159.55313679987398,151.34198779135187,155.39497023624028,1151593,-0.017387874861615922,0.03879624191158565,Financials
2014-10-14,157.3244524142358,158.930768785911,154.8588697351586,156.45632231246609,1094137,0.006806809524416308,0.036735125397911766,Financials
2014-10-15,158.51004361637993,160.60989644546993,155.7531739260139,157.8442061104389,1120980,0.008831628924713265,0.03444597870268015,Financials
2014-10-16,166.32146496082157,180.25769122773926,152.7561651344001,166.66441975824094,1564456,0.05437381891594441,0.032571767060569044,Financials
2014-10-17,172.67725311787967,180.11902369829468,164.13030118368218,171.5222973091296,1469041,0.028730943406636972,0.03731236839285284,Financials
2014-10-20,167.63468002220085,172.81986252807968,163.70873156017808,168.86509808419973,1355318,-0.015613111644531002,0.036573082101765464,Financials
2014-10-21,186.09790467149767,210.48599759426378,160.13180084077868,184.28190773016738,1882547,0.0873665323845399,0.03473669034064228,Financials
2014-10-22,197.97866771150996,220.45684720255608,176.00622389766446,198.4338819402174,1201704,0.07398926381928268,0.047013261658729495,Financials
2014-10-23,190.08172797327927,206.1254990447389,171.74408973718724,187.57639958310244,2112635,-0.0562697293159953,0.051859030954228634,Financials
2014-10-24,199.47377477518359,216.25120697262915,181.70803682115866,198.39471059078127,1037486,0.056072307304070486,0.05221522420524135,Financials
2014-10-27,206.7638815675269,222.37764395753223,192.3171141280973,207.85466271587546,1777585,0.04658056436132264,0.052466744305352274,Financials
2014-10-28,203.00187663936362,209.28623772344142,198.6860897403595,204.9294704924547,1409680,-0.014173224965373687,0.051260801328456326,Financials
2014-10-29,205.42116876049656,207.15293343140087,202.06301747796826,203.78095463100126,1527729,-0.0056202084116702055,0.04724688188818644,Financials
2014-10-30,203.19489165693756,206.58381601880149,201.52534590046088,204.90025816100237,371874,0.005477650029691483,0.04348048171206919,Financials
2014-10-31,193.43054644037133,209.07412106087457,180.48412955127338,195.95850637061176,1503089,-0.044620380552937246,0.040211223923278354,Financials
2014-11-03,186.03925976169563,200.40924533813148,171.98888968057537,186.3364317350937,795814,-0.050349122004742,0.04113636806561523,Financials
2014-11-04,215.82543347788229,248.24012988550507,183.45161845619992,215.86098250913486,2619157,0.14708078836741015,0.04282540992332792,Financials
2014-11-05,222.4736475751459,236.2724716896128,210.21780292728457,223.9360640223436,1220969,0.03672598165054319,0.06936949137839842,Financials
2014-11-06,238.46498768714162,259.01610057082013,216.73857275305372,237.17884475919672,1705886,0.057453893149409754,0.06443617560429513,Financials
2014-11-07,234.11063323671897,238.79990550994899,229.34503230170614,234.03274445047413,1182741,-0.013353436673359732,0.06258401598578998,Financials
2014-11-10,215.7729708408944,244.97954780714963,184.894024024124,213.83879500409884,1752335,-0.09023860233724207,0.05709776165644418,Financials
2014-11-11,204.45229315670196,217.97605455749104,191.52129034552263,205.00979161763223,1202334,-0.04216469479351317,0.0626863167821154,Financials
2014-11-12,201.0798484177378,208.76900551429122,192.20744389040752,199.8495554165812,1181968,-0.025492881416870162,0.059248111129560035,Financials
2014-11-13,184.25877922172282,206.30801931382874,163.37415341963165,185.3048299456902,1916217,-0.07556266207162272,0.05482475707540114,Financials
2014-11-14,183.13515757975028,189.3286127220934,175.04656765801022,181.17368777540895,883603,-0.022546026385443542,0.05797465459667643,Financials
2014-11-17,188.16684319732695,197.8287125044484,177.8561670587206,187.4829186507736,863916,0.03423156861909414,0.053526600455746455,Financials
2014-11-18,182.46201749755545,189.79621183827118,175.34323870798224,182.66934417215322,793308,-0.026010084682121428,0.05067393421274744,Financials
2014-11-19,172.63932565314028,187.67775150409005,157.3490099752477,172.36340026237875,1557112,-0.05807261581935028,0.04749480774415193,Financials
2014-11-20,165.30952173136612,178.26045529949252,150.7756968335696,163.59207992637815,1295126,-0.052229028441052296,0.0490965346673107,Financials
2014-11-21,172.33662547381954,185.6000928689093,158.95146505079452,172.20478572139774,1288400,0.05130837146436857,0.04937161618637971,Financials
2014-11-24,173.7649306765521,177.85484911022945,170.3795658563358,174.45602018028487,1131316,0.012988293272738908,0.04944620850209849,Financials
2014-11-25,177.38805638285297,181.0927089758152,173.20745313841334,176.90195374346746,842259,0.013922968917240448,0.04562067943934196,Financials
2014-11-26,176.95716618197673,178.011731847161,175.1504671240728,176.20052362310904,1216895,-0.003972960191205403,0.04235651630536116,Financials
2014-11-27,167.12373413174353,180.27768947529648,154.23629027366286,167.37116540317072,1483135,-0.05140879171564981,0.03921259033426887,Financials
2014-11-28,175.2863784478356,185.92150446295446,163.70581369396976,174.2798720890275,1014320,0.04044857377317091,0.04155155078246799,Financials
2014-12-01,169.68193729745127,175.78039977999657,165.13859412880308,171.19650313545597,1796354,-0.017850429421110595,0.041552835835655805,Financials
2014-12-02,156.75989287740242,177.9367293585401,135.31705176427013,156.45234074865786,1953465,-0.09006060624490436,0.03910378763452047,Financials
2014-12-03,150.4438336098018,159.14066308977164,142.08216134950675,150.76134361497202,1661860,-0.03705335100665,0.0503976376973415,Financials
2014-12-04,139.19860354946846,155.62023771569127,123.47225610833736,139.82331209757783,1925496,-0.07531851153732903,0.04835163008111825,Financials
2014-12-05,154.70313885593364,178.91911219148537,131.4976680275436,155.58183668824816,2335644,0.10679230503590295,0.0531153069484763,Financials
2014-12-08,158.0038252240323,163.05924725603302,153.51611065028467,158.5558536565515,1331555,0.01893504610783754,0.06377835156239839,Financials
2014-12-09,164.19011805601625,175.82516548979336,153.81671040850898,165.37678511385073,1904407,0.04211949647285586,0.05837741770650187,Financials
2014-12-10,177.5042320418046,198.5592701106374,157.39307993997465,178.35205952463912,1317973,0.07553304267920596,0.05560976637185735,Financials
2014-12-11,183.80247818289655,190.4324692012421,176.10299973875507,182.69296935117728,1688525,0.024047521317053,0.058564007489266455,Financials
2014-12-12,186.4083785121803,188.62190172484452,181.9583323412448,184.1449786062563,872399,0.00791639385286393,0.05413443331915837,Financials
2014-12-15,177.73684545400886,186.6153124810429,170.16016453750325,178.98540707426835,1204481,-0.028419096772541508,0.04953614731056678,Financials
2014-12-16,176.50108307581667,181.7921793675438,170.18446356631554,175.4438669515916,1517034,-0.019985132478211997,0.04673553970485844,Financials
2014-12-17,173.835486897217,176.59864408563553,170.83520708008652,173.59453426807673,1360582,-0.01059682821476029,0.04367240965677613,Financials
2014-12-18,188.06305442035224,209.37966527745775,165.999511495944,187.22063569753143,2357924,0.07556547429551405,0.040529833547837193,Financials
2014-12-19,191.96800990750697,196.54618432069265,185.68454977629995,190.22106186868353,791343,0.01589908796224786,0.04765139097401261,Financials
2014-12-22,171.2358837571477,196.99997630538334,145.55050119357554,171.3043272220725,1536718,-0.10474521327188503,0.044209062409321265,Financials
2014-12-23,170.7920314758103,172.7710140656081,169.91704558938892,171.89040111378443,1596519,0.0034154048010344995,0.057526401893347304,Financials
2014-12-24,172.55902072274327,172.86210081526565,171.3876959739043,171.6892484113002,1487372,-0.0011709233986646119,0.052432616569547334,Financials
2014-12-25,164.98409861352965,177.2657865908681,151.21464003125385,163.37666824503276,1690307,-0.04962776445548217,0.047953613873243865,Financials
2014-12-26,176.34005580904795,194.64286791760324,156.90962162213563,175.08184011524705,1195223,0.06919513937462847,0.048052851294492986,Financials
2014-12-29,176.78632941885982,179.42468916145117,174.17590307258286,176.8138563525636,1199213,0.00984399776030222,0.051628057400851954,Financials
2014-12-30,175.84170778650517,177.5018936413888,175.43166549250844,177.08894294090365,993677,0.0015545886853137749,0.04740148407565165,Financials
2014-12-31,171.28537546141794,179.73162604826442,163.10591035574714,171.5400016665645,1081220,-0.03183562357512628,0.04356469976892394,Financials
2015-01-01,169.0657453086083,174.19606322936514,163.0034497768711,168.10460169296653,1422773,-0.020230070502620413,0.04207531927422246,Financials
2015-01-02,172.68936761407232,179.3891422478915,165.81646529091026,172.50925203783459,1097122,0.025864455260082575,0.03971969733650237,Financials
2015-01-05,169.0587864037613,173.84272436072675,165.0103156563052,169.7770531935285,1110293,-0.015964745493074355,0.03824224093967043,Financials
2015-01-06,170.16902177629356,172.9092506819846,168.29639211104802,171.0271774194381,1732930,0.007336351609704559,0.03616913267510073,Financials
2015-01-07,171.5316555923292,174.23004452805216,169.61571932253577,172.3054651319636,901185,0.00744638557890816,0.033979968143251896,Financials
2015-01-08,170.50647526229992,173.03845473743064,168.2923216459807,170.82022682333232,789378,-0.008657163363495073,0.03212519084366032,Financials
2015-01-09,165.03099810818392,175.86475920380096,152.77196234310267,163.5055849046982,1342128,-0.043764550174649065,0.030608238776816506,Financials
2015-01-12,163.29423339027625,164.630682344143,162.62152740033213,163.9552532206861,1193790,0.0027463961871261448,0.033716343256843515,Financials
2015-01-13,163.49932753545914,165.20455998621964,162.75364425372825,164.454520287391,1147378,0.00304051518323696,0.03178938259691649,Financials
2015-01-14,166.29057871825017,172.02498881851548,161.7638551764277,167.4662611231154,1352608,0.018147845282693083,0.03016353073831765,Financials
2015-01-15,160.53920141265758,172.0731435458037,148.16531876572265,159.634244232154,1307769,-0.04789667998700092,0.029618786479898733,Financials
2015-01-16,164.35656398733664,171.7348559680534,157.05670692285887,164.43166338210838,705118,0.029609838866511494,0.03385161448291709,Financials
2015-01-19,169.63448035528046,175.68140004120747,162.38368328025766,168.38610233390077,632358,0.023764506969190063,0.03388593847210299,Financials
2015-01-20,161.8324015616066,171.43975260696462,152.2955949616624,161.89902016328324,1351869,-0.03928676213959003,0.033216234428836484,Financials
2015-01-21,168.07204207799035,175.65122835449944,159.3164973154321,166.8401307135953,1469143,0.03006324424059425,0.03484497145381305,Financials
2015-01-22,164.189434989475,167.9076636993802,160.9533231733832,164.6622332087697,1127222,-0.013139748471226608,0.034740573205318315,Financials
2015-01-23,163.30714777369144,165.94977489134178,160.25944612106488,162.8954105296963,1026848,-0.010787962656774229,0.03303670518968758,Financials
2015-01-26,158.59200257606653,164.2223724895196,154.58244489032856,160.1728475358519,1635899,-0.016854812435302756,0.031473737187929514,Financials
2015-01-27,159.99875430840274,162.26226210088635,158.75166468669048,161.007311411123,1410048,0.005196247212893696,0.03057923497071618,Financials
2015-01-28,163.05934937482007,167.9944183394199,158.8714716612683,163.78783092501084,814347,0.017122099937265753,0.029191125995412424,Financials
2015-01-29,165.2399948113284,168.99991767374462,162.1166844574169,165.86479751105512,1239150,0.012601107286314793,0.028734516098993065,Financials
2015-01-30,160.65303950420696,168.182185637285,153.50220479063412,161.0152294697603,1456697,-0.029674030177667857,0.028006358529462833,Financials
2015-02-02,157.88827976704349,163.7712565801959,151.21254312392026,157.0648381936895,1642352,-0.024840251270634623,0.02931837486138043,Financials
2015-02-03,152.81011022012208,159.98184565789586,145.0822903957703,152.22664232210641,935385,-0.03128822400316722,0.029668323108800385,Financials
2015-02-04,148.30980821255181,154.16755383643974,142.4144560740103,148.27065528717844,1342207,-0.02633112264336476,0.030838457501331008,Financials
2015-02-05,147.2041535867604,148.42274772997908,146.74928640455735,147.96552786841434,1280310,-0.0020600287474676626,0.03106135173810223,Financials
2015-02-06,150.770122057368,153.57920003148996,147.02359198466917,149.81487219277628,1484843,0.012421019654690436,0.029537816696644053,Financials
2015-02-09,153.1244475417697,158.61994248289542,147.82360862778174,153.3125904656865,1440928,0.02307856561155157,0.028655337226299857,Financials
2015-02-10,146.89726583242248,155.57917077055933,139.9522180386695,148.55571440640503,1624738,-0.03151884302451085,0.028927421417149796,Financials
2015-02-11,143.98335717531558,150.31664307780147,138.59852281168705,144.89761633100184,1394169,-0.024932670318148355,0.030305976105660493,Financials
2015-02-12,151.44744697978652,160.50214379892037,141.7742893334594,150.78965848121652,1335141,0.03985847676187573,0.03046321482628702,Financials
2015-02-13,156.25194610159767,164.48651731360206,147.95076205756476,156.18162743361995,1126001,0.03513373291214413,0.03287416449901896,Financials
2015-02-16,161.55371903006167,168.26077309363268,153.89869418831387,160.56468768877048,1179218,0.027677291507489203,0.033907601381668526,Financials
2015-02-17,165.58010233006817,172.5988578923926,158.1656085920706,165.16684671033727,1325820,0.028259255242851975,0.033685088911046136,Financials
2015-02-18,157.84186739857267,169.48980502179865,145.63446748011967,157.23783018886482,1508163,-0.049196654074098504,0.03357880280754758,Financials
2015-02-19,152.82555654931616,159.5758133748606,145.9316215554962,152.67523889758297,620752,-0.029446457246026247,0.036946926992694654,Financials
2015-02-20,146.38584346529322,155.4495694094436,137.74033047368417,146.78073426161345,1619158,-0.03937317428584478,0.0363610286985134,Financials
2015-02-23,144.3978419210003,148.64154601796267,139.70286048430546,143.93290042889086,810062,-0.019592647833264597,0.03728587607141367,Financials
2015-02-24,150.26097099106028,162.73523071481992,138.9484265813774,151.34134898912146,1307646,0.05019065312422754,0.03563383253171071,Financials
2015-02-25,154.80074442788043,160.57516893585054,149.24146716359311,155.00843305957466,1255131,0.023941647416203953,0.03864817286591804,Financials
2015-02-26,161.2138924831307,171.93521753053741,151.00293787921754,161.69386261116097,1309163,0.04222528818344708,0.037160804416069636,Financials
2015-02-27,157.68484289750967,163.98196672689608,151.15826633474452,157.4458458478286,742574,-0.026623247204887655,0.03836908328597098,Financials
2015-03-02,166.79516963316485,182.7793000924819,151.46544069276638,167.3944891837102,1226354,0.06127167421020389,0.03720307561915421,Financials
2015-03-03,165.44086184234507,169.2640823094658,161.026114234093,164.83534155879696,1082018,-0.01540619177368663,0.04207597625127443,Financials
2015-03-04,164.07553733558157,165.5838378511338,162.32221340215995,163.82824058789046,1197955,-0.006128480170558341,0.039394324892595756,Financials
2015-03-05,166.86645594511006,173.63742569727975,160.98361044235187,167.72433580161953,1128733,0.023503207877375115,0.03670373288066012,Financials
2015-03-06,191.10234979657992,219.7677022660669,160.17070797502583,188.43612702944216,2220056,0.11643732741860817,0.03550480704044097,Financials
2015-03-09,166.53536874023987,192.22251664303218,141.5550634292039,167.15001447220192,2843250,-0.11986740136748832,0.056054622832032164,Financials
2015-03-10,166.47979572235445,167.4594971218999,165.54813392110444,166.52756797539558,1161295,-0.003730830307696026,0.06905740857621495,Financials
2015-03-11,143.7951517167638,166.73318212097053,122.22587895924923,144.9853757573657,2796110,-0.1385279886521044,0.06258776563856192,Financials
2015-03-12,138.78316933063152,147.83043308354576,129.8683733894167,138.90764161234574,957956,-0.04282361703373691,0.07818109280447336,Financials
2015-03-13,144.67656253456013,150.74461175185004,136.8552190835966,142.8465120075846,1025250,0.027961447756222304,0.0725596716093669,Financials
2015-03-16,135.27497942763293,146.2194314317884,124.60400150027958,135.5284581863725,1765599,-0.05258906942734334,0.06655224368374763,Financials
2015-03-17,127.30009041528832,138.7010683511019,117.35511233775777,128.6505863976906,1152103,-0.05208154498077344,0.06370402220392234,Financials
2015-03-18,134.66068906120665,145.5114894456434,124.49077475823137,135.2937637482687,2139290,0.05034834528114238,0.06126528425710529,Financials
2015-03-19,130.51994582674837,138.41539079512313,122.08543265224304,129.94616854269364,1854250,-0.04032816551964729,0.05901687406975653,Financials
2015-03-20,124.29884446499983,132.49666147056118,116.31256187656928,124.49760818243053,1467003,-0.042833772230169286,0.05594950652239403,Financials
2015-03-23,123.87648097816222,124.80594291401977,122.94695344539186,123.8764148853461,361527,-0.005002089869512337,0.05366085752761908,Financials
2015-03-24,128.43399620587653,138.60149631319362,119.60452819281966,129.685959427812,940380,0.04583141677900419,0.0490646842437506,Financials
2015-03-25,122.88824522791384,132.36386516973735,114.53893195280837,123.94289643782868,1527907,-0.04529488430522374,0.04838338977941476,Financials
2015-03-26,113.33867456523966,128.60913051665702,98.030813928619,113.29544549976468,2006021,-0.08982197830231047,0.04775464277817354,Financials
2015-03-27,122.03696386113643,136.02670027431427,108.21093134089716,122.18400850609915,1612622,0.07552920624919106,0.05598752444444994,Financials
2015-03-30,114.91999209917839,125.15559343892096,105.54781891982256,115.71831399780724,1782295,-0.05436926455330444,0.058850500968379446,Financials
2015-03-31,113.91087639948141,115.99403328253005,113.08874895591588,115.16286984343911,1044107,-0.004811524410144176,0.05756828736894529,Financials
2015-04-01,120.5655353897057,127.5124946946127,112.77719181143569,119.67270651539575,1384474,0.03841318489816757,0.05248579601708623,Financials
2015-04-02,110.65155060623367,123.48479200147848,98.3232490494205,111.10587198573286,1968065,-0.07427702241417211,0.05025080042089747,Financials
2015-04-03,117.33241600506948,127.09505596786667,107.63931918259551,117.39665242883248,1498800,0.05507484434682381,0.05429250190551186,Financials
2015-04-06,105.39727700411852,121.20686855473629,89.50341027868717,105.29812973963197,1993591,-0.10876273502750011,0.05397338587213182,Financials
2015-04-07,91.28543300949414,105.44566204890201,77.59261805807002,91.6918800425235,1961245,-0.13836183153802564,0.06484520788463062,Financials
2015-04-08,85.8201644318385,95.52141015420965,75.42325312311041,85.03583727608112,2236970,-0.07536104353871463,0.07959598138388845,Financials
2015-04-09,87.2394674087777,90.03296753673624,84.0889534546667,86.8706434488657,1356260,0.02134737262794946,0.07759065172079725,Financials
2015-04-10,79.08120356017332,89.95869210306661,69.02431549079047,79.80922086344859,1910871,-0.08478110782865964,0.07060172756586007,Financials
2015-04-13,83.62965850644422,88.81764853925138,78.01904429919315,83.17908273373243,1753922,0.04135685932048773,0.07187390753900447,Financials
2015-04-14,74.63972905561702,86.09739703899251,63.44376969727447,74.86730177303697,1838801,-0.1052786700018048,0.06700183086952537,Financials
2015-04-15,79.7704742518682,90.59219447998515,70.33493151150626,81.01003229205187,1935173,0.07885576569404243,0.07317059536109517,Financials
2015-04-16,83.79713678951946,88.32182924527238,79.38503626512174,83.90409703269208,1184499,0.035101442152930006,0.07291010621221694,Financials
2015-04-17,85.64106560292439,87.88781686401076,83.14444065283321,85.38445999184174,964357,0.01748967231447471,0.06736114277893249,Financials
2015-04-20,79.51409782006507,88.01017104548863,71.01777707747324,79.51382069176641,2518426,-0.07123326519740425,0.06144836971667465,Financials
2015-04-21,79.31453844291873,79.5740903250921,79.133633024555,79.39300593330866,1070361,-0.0015205738394265308,0.062304481566515496,Financials
2015-04-22,78.81727933249931,80.22981648836063,77.0441236630317,78.45007999405934,1400696,-0.011947779030385524,0.056620010246713905,Financials
2015-04-23,79.15065821514418,79.19388264777189,78.3786977128038,78.42152396283801,826476,-0.00036406884122357495,0.051827337012760245,Financials
2015-04-24,76.94060649229904,79.07287645209232,74.95586640069948,77.08442641867069,747653,-0.017197161828959754,0.04742233831629937,Financials
2015-04-27,74.13297486000806,78.75846121596526,69.33009086560402,73.94377201360628,973659,-0.04159630146316494,0.04408473537806662,Financials
2015-04-28,71.03605692865322,75.46215438429105,66.51536523205553,70.93517709117683,1594709,-0.04153850543894244,0.04375281658356981,Financials
2015-04-29,71.67986790260056,72.77191244431125,70.56758298017208,71.65931438859387,1357241,0.010156682981936426,0.04347716966767224,Financials
2015-04-30,74.80582561410415,79.41967847890119,70.06194763060638,74.66725369520798,940973,0.04111848087516803,0.04034458027081929,Financials
2015-05-01,77.43066983326149,83.25841686297446,72.27226281258076,78.05820373023462,1036582,0.04441312494380495,0.04069100080122261,Financials
2015-05-04,72.44009184777924,80.50045152223086,64.53918965181688,72.58386794272384,1516444,-0.07271205759525896,0.04147872812726041,Financials
2015-05-05,73.28668884435349,74.74252421300088,71.99123298982627,73.44428264372448,1744010,0.011784366983555146,0.04763868603986245,Financials
2015-05-06,74.50539327697513,76.63632538819334,72.5889940639584,74.71454641812193,1027001,0.017147744869891356,0.04400438866595165,Financials
2015-05-07,72.70889747646163,76.21426343999102,68.8632251995975,72.35135362998575,1671876,-0.03214064197726923,0.041148702903126125,Financials
2015-05-08,69.81089886755156,73.34215789908342,66.76910332746226,70.27992594442617,1633341,-0.029047952773681125,0.040118894931122445,Financials
2015-05-11,73.11792823596122,78.58209068919567,68.12143369729036,73.55568233822193,1141949,0.045556492634259795,0.03891257018556928,Financials
2015-05-12,69.32688330901874,75.54020452355525,63.07954756920639,69.2895201663541,1844960,-0.059749031621121156,0.04028224916669611,Financials
2015-05-13,73.86383360549347,82.43757143850769,65.92461328783754,74.43676938143928,1743675,0.07165636126298093,0.043972942763607394,Financials
2015-05-14,74.57207938477603,75.01890819521002,73.69577718159789,74.14001711599158,1264240,-0.003994603289598975,0.04916391840212513,Financials
2015-05-15,74.01186757696296,76.433795004955,72.65139252506478,75.05416067757079,1143199,0.012254566701603275,0.04512279054354735,Financials
2015-05-18,78.21616423505266,83.22159703811255,73.27872598839184,78.28012145676857,903738,0.042083698810414585,0.041849481978945495,Financials
2015-05-19,75.34961541535816,79.5497285647618,71.41492118970649,75.60186222080081,1494503,-0.03481277866261171,0.042032832040676496,Financials
2015-05-20,73.48750598558452,76.60863220238527,70.37922618313787,73.49983108861764,1339144,-0.02819780733028164,0.041172765382222934,Financials
2015-05-21,75.46457541648334,78.57228531182956,72.40665793661101,75.51242875575083,1345500,0.02701415388607534,0.039691620502456344,Financials
2015-05-22,75.27620269106295,76.08822866534986,74.16259008909233,74.97132728498975,914550,-0.007191524415044314,0.03833802899231903,Financials
2015-05-25,73.99813385333606,76.04166932038554,71.57103917296243,73.60368142576681,1183737,-0.018410693717400606,0.03582738166716265,Financials
2015-05-26,75.32363736839284,79.76194760514589,71.63986962207196,76.04299886173433,1192197,0.03260391093705254,0.03431798461700547,Financials
2015-05-27,75.46402322033994,76.58168101402224,74.18070418154134,75.29587156993412,1302341,-0.009873647918460975,0.034664556910439626,Financials
2015-05-28,72.63756151767913,77.27798812610143,67.54668128993136,72.15636694193294,1485402,-0.042589779644450855,0.03280134971491791,Financials
2015-05-29,68.93437378114388,73.7973983311457,63.98491795446058,68.84138235822802,1564551,-0.047030475346897097,0.035111625340059495,Financials
2015-06-01,72.98846658125645,78.20112819054022,67.0420896293033,72.19832092690791,1286463,0.04761173788537888,0.03765688288905271,Financials
2015-06-02,70.7082876389742,72.85070680693312,68.71760877393272,70.85587291426857,848914,-0.018768934840241797,0.03967951991652329,Financials
2015-06-03,70.02599750980323,70.97261477820733,69.67756668484977,70.62122227241468,1500780,-0.00331715684025959,0.037582075220777805,Financials
2015-06-04,71.18610327195638,72.48224517436155,70.06993675638853,71.36330028819752,897173,0.010453037547733116,0.03509388026060374,Financials
2015-06-05,72.92935232106866,74.69154519092191,70.76982314148339,72.5221774394821,1109032,0.016108675165478502,0.03319117720859901,Financials
2015-06-08,69.7790702338726,73.52819479828139,66.69671776258099,70.41763499130099,1493496,-0.029448681970689772,0.03194130253969198,Financials
2015-06-09,67.39324494543138,72.00507126295594,62.67339485446832,67.2772859119725,1658424,-0.04562105417003131,0.032346269905776326,Financials
2015-06-10,63.862924421935396,68.57403760615024,59.84043899012802,64.51074819145516,1251447,-0.041990826114082,0.03534426444264479,Financials
2015-06-11,61.65242027817356,65.64944382570901,58.12442025366921,62.09605711310013,1417834,-0.038149354165239416,0.03693044874970712,Financials
2015-06-12,62.9164862895505,64.52948418846229,61.45536545204242,63.064916333442085,611406,0.01548211948543761,0.03754187554408445,Financials
2015-06-15,62.60473931397487,63.66135307707211,61.30683502302019,62.3593064846199,758865,-0.011251690896202099,0.0355452998166878,Financials
2015-06-16,64.305396936993,69.78964252687219,59.87438293958138,65.29073316126635,1218336,0.04593719146935857,0.033611973364414835,Financials
2015-06-17,68.98731834184727,75.0525781520298,63.0759514845346,69.12906531780513,1323075,0.05712515478106233,0.03633656060738251,Financials
2015-06-18,69.46914980386398,69.84793211821986,69.00250728697749,69.38080791492665,785926,0.0036350170344227567,0.04056807865469149,Financials
2015-06-19,70.44949051707567,71.07149203525734,69.17420723209993,69.79038951982419,1414686,0.005886028071235816,0.037664269632008925,Financials
2015-06-22,73.99636013948991,81.08781902239517,67.15632158085452,74.22650632562241,2277283,0.061625000164344,0.035214692452134835,Financials
2015-06-23,76.17406595450855,79.66312570980062,72.90243991464055,76.38254560599954,1552570,0.028632894926223472,0.04076402517400684,Financials
2015-06-24,73.01562372895465,77.94293350000173,68.11320489471295,73.03894858692408,1630770,-0.04476136826496431,0.03939975887601438,Financials
2015-06-25,69.83104595506573,74.28450733490732,65.98152744026333,70.40343519049338,2193050,-0.036750783858891384,0.040526655585345586,Financials
2015-06-26,67.62357232634426,71.44460169443559,64.42539971382969,68.21830207913501,1625691,-0.03152916951385461,0.04020598049398896,Financials
2015-06-29,67.33882747659473,68.63259726520522,66.08085808520325,67.37397134455934,1276383,-0.012454126279807144,0.03927250913197963,Financials
2015-06-30,73.77601087776354,82.91037784597641,64.11160684675221,73.17107545617444,1767166,0.08254143733656394,0.036839242229260716,Financials
2015-07-01,73.16987674140064,73.83974226264192,72.0600506788302,72.72585117453032,917950,-0.006103290507638155,0.04698581856325166,Financials
2015-07-02,74.2489406057558,78.25691641535713,70.94050404764022,74.91863896630267,1410036,0.029705802589001223,0.04326339376540099,Financials
2015-07-03,73.48013187900719,75.80575839543904,71.03278128472249,73.35442934973092,1284423,-0.021099821652119006,0.041590169489900096,Financials
2015-07-06,70.49063286179756,75.77214076254214,64.55208996172472,69.7803823724272,1718121,-0.04994997383647062,0.03937733014846966,Financials
2015-07-07,69.31692117054034,70.13088624220082,68.4232257705221,69.23624347135171,1219641,-0.007828440328039308,0.04140904836671422,Financials
2015-07-08,65.51045530756426,71.55195518309147,59.10336511151471,65.10772436703466,1816997,-0.061481279053478714,0.03848324441890201,Financials
2015-07-09,65.69244416222492,66.2940773412807,64.90652925787052,65.50645912429954,708942,0.006105554316820811,0.04303208375051945,Financials
2015-07-10,65.8372897699944,66.14182462805155,65.40483355716576,65.70877395659424,1347950,0.0030837119725620962,0.039837166748612075,Financials
2015-07-13,67.01991173899594,68.90126108382529,65.07066019356022,66.95004836890826,1102078,0.01871433226348332,0.0370273719776983,Financials
2015-07-14,64.64179166724335,67.94198357484525,61.57856488131923,64.86803560569665,1474426,-0.03159180984847187,0.035346215572110096,Financials
2015-07-15,66.40635283311977,68.13276379593928,64.28621218692247,66.00211387558194,1256920,0.017331785179830826,0.035343886764776775,Financials
2015-07-16,67.12156247384796,68.37946699951132,65.57942743190443,66.8319035488839,1246909,0.012493794634707074,0.033829142494912,Financials
2015-07-17,66.56104492037316,67.4409220480212,66.19817161898938,67.07524546060382,1662974,0.0036344912335024124,0.03223263782579676,Financials
2015-07-20,68.64239665725032,71.46487626488796,66.00189680362364,68.81763541815707,1099903,0.025644985045334672,0.030547271268415256,Financials
2015-07-21,65.21997273924094,70.45205163302995,60.041426302360456,65.26956732476772,1619776,-0.05293415722598839,0.030743428797927446,Financials
2015-07-22,65.07316192029354,66.33345278638738,63.18437641686808,64.43225464523333,1185765,-0.012911527362975904,0.03572716727626802,Financials
2015-07-23,63.34042722425843,64.8330228078724,62.127770440967474,63.61510725669549,947763,-0.012763378634391052,0.03385484479503459,Financials
2015-07-24,65.78413928831299,68.92261187042944,62.537882465822086,65.67095518708645,1400406,0.03180576773337847,0.03227004784628354,Financials
2015-07-27,61.344756518791996,67.49765646856092,55.51324682879361,61.63824718663973,1689045,-0.06337417160462053,0.032936694120199526,Financials
2015-07-28,62.68946879627917,63.89363409220498,61.233406007361715,62.43263799074089,1517165,0.012805609608199238,0.03962705514720785,Financials
2015-07-29,59.52835020923235,64.24268854650954,54.53184269452448,59.22191276671159,1259886,-0.0527965618701797,0.037159660188536746,Financials
2015-07-30,60.001513088474724,62.96407761028803,57.771371072237145,60.70768840199725,1452815,0.024778730862438307,0.04028391512823419,Financials
2015-07-31,56.13744301008,63.286707532719326,48.664238061499375,55.76622718288605,2050647,-0.08490191381838334,0.03860482974862074,Financials
2015-08-03,56.75592565341408,58.156207217173666,55.29237353383767,56.69105459968424,1189231,0.01644799255335972,0.048718749465063486,Financials
2015-08-04,57.493418292485096,59.989084702467416,55.52298994521816,58.00125176356503,1006339,0.022848161358143843,0.04515964690303729,Financials
2015-08-05,59.50201155288728,60.938113408602085,57.51946690787477,58.94205399205074,1029058,0.01609023312249264,0.04254198794535548,Financials
2015-08-06,58.41722212384749,59.38944960129754,57.321555500318816,58.291693832659725,1270035,-0.011095215213404999,0.03983328923105197,Financials
2015-08-07,56.966652471387775,59.341174521791025,54.330993878855125,56.694157616756726,948601,-0.02778844519719541,0.037253433598347395,Financials
2015-08-10,57.44188208416596,58.527498990816994,56.327929190666005,57.41300024804379,481260,0.012599597683334293,0.0364154404733049,Financials
2015-08-11,58.83661803304624,61.56056390738036,56.343454592660336,59.058018755317356,1498461,0.0282495666104352,0.03441917958288856,Financials
2015-08-12,59.90190468789789,61.23966104718917,58.58965003767441,59.926859714030336,1052083,0.014604484415652668,0.03416796219529222,Financials
2015-08-13,57.02747829939492,61.511130594267954,52.39567655772246,56.866687013246576,1839625,-0.05241510968138093,0.03264894113474725,Financials
2015-08-14,59.2223527710995,62.22754064802613,55.83842323616891,58.82336480858582,1417199,0.03382943248407118,0.036944069134474504,Financials
2015-08-17,60.02350975994403,62.07661023635909,58.0661226646561,60.11620046559258,759074,0.021740227044550094,0.036926358752243836,Financials
2015-08-18,59.00279329609714,60.3685514398371,58.246914501110844,59.60495836923036,1354549,-0.008540598987045952,0.035520985309417025,Financials
2015-08-19,60.312182561751776,61.14081440488007,59.32695931642462,60.153409772923254,807690,0.009159363917672688,0.03347138468214433,Financials
2015-08-20,61.424150796510865,63.13591770894525,59.57363567919657,61.281425115422095,1182838,0.01857865231875121,0.031762414362553164,Financials
2015-08-21,60.16110168806461,61.80102895265464,58.575645358593455,60.21417398184008,1546784,-0.017569008157372206,0.0309653955441873,Financials
2015-08-24,62.67080184329981,66.40112650409041,58.9224323942153,62.65161500590842,1069168,0.039681686432094194,0.03022226139969429,Financials
2015-08-25,62.15902493887657,62.829774028348766,61.6225983852061,62.292198201912164,1208007,-0.005753270788894126,0.03266348883697849,Financials
2015-08-26,61.43791647525856,62.63683662584188,60.39471813481298,61.591038320040596,1143979,-0.01131981030927565,0.03095945447061828,Financials
2015-08-27,58.316978711118786,62.90832768664761,54.19770611936529,58.75790954614125,1368156,-0.04709060360344204,0.029765936449410196,Financials
2015-08-28,58.616004384738574,59.809480838832634,56.78548501058579,57.96572109103668,941660,-0.013573954378971645,0.033785167164433826,Financials
2015-08-31,58.77385373111386,59.40706736345274,57.75454917785134,58.383557867932346,1326920,0.007182486680055451,0.032261243805615285,Financials
2015-09-01,56.67527597203993,59.78488936119994,53.19829520184973,56.28658204576214,1299983,-0.03657812965562037,0.03066542839656176,Financials
2015-09-02,57.19555956798722,59.15194627264951,55.47639155056232,57.42585606790494,885776,0.020038478865728012,0.03244978789393286,Financials
2015-09-03,57.313015005525294,57.4571719152597,57.219046777806625,57.36312153479176,1070555,-0.0010930411729297381,0.03166420822911603,Financials
2015-09-04,61.30661011585079,66.50121017397986,55.55377520136961,60.69669636198149,1906189,0.05648765604353649,0.03003792398073332,Financials
2015-09-07,55.76110723468112,62.77321537541063,48.9930382911427,55.97873197685353,1830766,-0.08091743844628385,0.03606174974196044,Financials
2015-09-08,58.06146393649603,61.08747726349612,54.93727811010655,57.957893620095824,688030,0.03474494236326006,0.04607064805565087,Financials
2015-09-09,59.05163441141512,60.30249576980731,57.537008812692136,58.78216207275745,1190588,0.014121667936429773,0.04448691203925102,Financials
2015-09-10,57.53123910922236,59.26188483764855,56.07396167922015,57.797854000801365,1211562,-0.01688679579495455,0.0413905967585207,Financials
2015-09-11,58.85950326134933,61.64667118321347,56.55643588016912,59.32537506912115,1082669,0.02608547760423184,0.038901411039372925,Financials
2015-09-14,58.74399799282424,59.49120501348806,58.24576776841159,58.9908808812532,940844,-0.005654253954290625,0.03758621616975469,Financials
2015-09-15,54.85430412689987,61.31975934644711,48.10539351482392,54.532974964101435,1554369,-0.07857730670918196,0.0351422040420712,Financials
2015-09-16,55.65580937235998,57.70109475096125,53.75093608123696,55.79157475964616,754920,0.02281730410062134,0.04487915522152773,Financials
2015-09-17,63.08288883585152,72.5928879092723,53.62045551047379,63.12425035588896,1669780,0.12348214395810175,0.04230136243292193,Financials
2015-09-18,63.057409174761446,63.14444817189038,62.99680224824288,63.08381586487572,285392,-0.0006407592415835742,0.06179563247041444,Financials
2015-09-21,63.92278682526446,65.13869917229397,62.67361143278758,63.88887879554709,1638017,0.01268105274522586,0.05616958019956784,Financials
2015-09-22,60.77202840517147,65.3244624505591,56.237027814427,60.788251259235764,1400807,-0.04974877104654461,0.05146006953595794,Financials
2015-09-23,66.78281528398273,75.31578984182167,57.73556962159737,66.19320899918137,1930809,0.08518134015518714,0.05088960638885635,Financials
2015-09-24,63.81452672721728,67.31244016929732,60.32897447993244,63.82624772082768,1770081,-0.036413362558071205,0.05709799241063768,Financials
2015-09-25,66.04200613670365,71.02859916761219,61.724184737519955,66.66973678575758,1059739,0.04358661657699108,0.05391692253623181,Financials
2015-09-28,72.83205498200184,82.78949502096826,63.00361436115695,72.9457162012427,2349841,0.08996442224305107,0.052063390211518706,Financials
2015-09-29,75.24104905509914,78.01418756218571,72.00485902355732,74.76027788061504,1107989,0.02457114870063187,0.059012853436199705,Financials
2015-09-30,79.64483830715417,86.58892972660804,72.32621181129855,79.23452910295228,1491703,0.058125477784039516,0.054557993903883543,Financials
2015-10-01,76.85615730134477,79.97449501689208,74.61688160647596,77.71033214279407,1263343,-0.019423953989692263,0.05466301706086471,Financials
2015-10-02,75.84111384241024,78.33340621727069,73.95490674503488,76.43249126250123,1216554,-0.016580339271692883,0.05046810721283454,Financials
2015-10-05,77.7107835881432,80.88594116994996,75.04337182805459,78.2016794772382,1229765,0.02288323993939325,0.046678260722434764,Financials
2015-10-06,80.78259743953835,83.52023385657704,77.27784230791,79.98856997771198,991689,0.02259262517596613,0.043836450811805615,Financials
2015-10-07,83.43985059854,88.98603266439832,78.00131703776967,83.5409120125909,2147004,0.043452726898542564,0.04139893166099745,Financials
2015-10-08,77.42020586142795,85.9750716661715,69.65345326252726,78.13646440312573,1951358,-0.06687963443550436,0.04188458135609629,Financials
2015-10-09,77.19135871616302,78.20977557048268,76.97326474479276,77.989426763432,1281372,-0.0018835784643737672,0.046630326501477165,Financials
2015-10-12,75.86806791845879,79.41675582049352,72.05909525718137,75.59501107272978,970935,-0.031182973279779903,0.042895711439282704,Financials
2015-10-13,76.64108744074784,78.24547214927938,75.04660954971298,76.6507923526099,711081,0.013869652639150161,0.04144744046730615,Financials
2015-10-14,75.06067529779968,77.98000270641404,71.78402161696174,74.68888918512617,884587,-0.025928600624601967,0.038770702169064634,Financials
2015-10-15,73.12375926304017,75.84679531766015,70.14438205943432,72.85750307115191,1200447,-0.024825821156383276,0.03746168344987138,Financials
2015-10-16,67.36636099636699,76.19371642417,58.01469305431813,66.76298508031681,1580420,-0.08735670936497084,0.03626500228777055,Financials
2015-10-19,68.65012917211433,71.9620168752813,65.51973650442041,68.82370909755883,1650670,0.03039948315169363,0.04792493623790228,Financials
2015-10-20,70.66261022568087,72.71274220024064,68.13207545759298,70.16785305882614,1084255,0.019341977961773543,0.045563789319031794,Financials
2015-10-21,68.41222839423371,70.85783452611052,66.30887381284327,68.74427118891994,1562852,-0.020496867599650002,0.04262585992573467,Financials
2015-10-22,66.75786625606065,70.22802085595407,62.95110477299519,66.40280274215527,937699,-0.03465413934974172,0.040206832562840855,Financials
2015-10-23,67.52501083500076,67.67066638766985,66.35492034799546,66.49836135533522,1347522,0.001438040521262208,0.039666206194943245,Financials
2015-10-26,67.04124135818041,67.2001782516502,66.44564513625521,66.60354436695717,980967,0.0015804887683054459,0.03686511257545434,Financials
2015-10-27,65.50892726686533,67.65167920193612,63.03533022115475,65.16689449976181,1409997,-0.021806207942130788,0.034461629559159684,Financials
2015-10-28,63.9934656480989,66.49325775702637,61.011523015812806,63.49171512356555,1562928,-0.026042160019627423,0.033487456386242835,Financials
2015-10-29,65.81000278183906,68.79479192489708,62.47275204409887,65.44079594300698,1550919,0.030236428272184673,0.03314901058779274,Financials
2015-10-30,66.39808656481847,68.0087815512653,64.85404243892312,66.46322272648321,1105915,0.015502897807032836,0.03340990514141758,Financials
2015-11-02,64.79629716719604,66.87774627120645,63.55230894874339,65.61798296230764,823466,-0.012798964064698009,0.032078472303230285,Financials
2015-11-03,67.01957613825532,68.50576776153544,65.11848052202046,66.59526279091796,1102583,0.014783656844921918,0.030786275033149183,Financials
2015-11-04,65.48459639456317,67.05313747826165,64.09488091548602,65.65970582321445,1024512,-0.014148013992010393,0.02984994574182045,Financials
2015-11-05,65.69364080604598,67.19126592040422,64.78102029889301,66.27062984248076,1417926,0.009261378483064922,0.029031712895029434,Financials
2015-11-06,65.794502458034,66.70988097657745,64.7453125505012,65.65880312630468,1420064,-0.009275126688356226,0.028055984256598828,Financials
2015-11-09,65.48425793989006,65.74445394716759,65.22663930233084,65.48682520982861,1196681,-0.0026227029789428003,0.027250959585819648,Financials
2015-11-10,66.91701667868838,68.72110297421213,64.87693756796324,66.67448520209912,1053265,0.017973368460086576,0.02636519721746348,Financials
2015-11-11,66.32172979749645,66.93454369503385,65.65274202998246,66.26503203928144,1055774,-0.00616001120003491,0.026543458620211884,Financials
2015-11-12,69.17061098502114,74.0539784189536,64.4665410918698,69.3384915131874,1178226,0.045337847255871956,0.025871529083453953,Financials
2015-11-13,71.42682070093122,75.23074312925476,67.88034649723751,71.67209080949189,1481498,0.03310123721865415,0.030721277199399107,Financials
2015-11-16,78.77285124013338,89.40582206714785,67.8353960890123,78.42085328794465,1891685,0.08998845549465272,0.03192790760480081,Financials
2015-11-17,73.03840618242364,81.40918037703749,64.32575093174482,72.65227100673549,1869515,-0.07640522872041379,0.046154104319805864,Financials
2015-11-18,75.97008127997793,80.93490650681258,70.92813680384205,75.8875697031831,1621554,0.04356824987929511,0.051767025439208206,Financials
2015-11-19,84.9342689513359,98.23162922743387,72.19412860863551,85.41880802385555,1746658,0.11831341205494102,0.05028507529964143,Financials
2015-11-20,84.21472367102724,86.37297260256193,81.81977645698083,83.9717997516362,908615,-0.017085285782611214,0.06498138625117832,Financials
2015-11-23,78.62564054883568,86.0545146619797,72.06957560702581,79.43127339896195,1665095,-0.05558886300572474,0.05934518089820677,Financials
2015-11-24,80.40596628967138,81.28597913448442,79.13724488493503,80.01295638520828,1174940,0.007296414146206449,0.05814635543362193,Financials
2015-11-25,79.68589781946288,80.19541322261365,79.57695067506026,80.08591916608971,954381,0.0009114715600783859,0.05303569146413969,Financials
2015-11-26,83.56004827183368,88.86793160946648,78.24296220376446,83.5502213156064,1629477,0.04234785600223246,0.048480431849605675,Financials
2015-11-27,86.9168727806364,91.77753478667283,81.87406807717524,86.72394072210551,1291898,0.037282074627051416,0.04742660597235776,Financials
2015-11-30,87.01350407823278,88.53335590621799,85.93143409251886,87.4459086856447,1323958,0.008290437192684082,0.04591208257659828,Financials
2015-12-01,90.05276104008607,92.91078042360229,86.48118023795821,89.3158109133141,1153014,0.021158110352988875,0.04238685130489383,Financials
2015-12-02,92.88895701365382,99.5847875500077,86.70516547805379,93.36903624257207,1276851,0.04438124641440481,0.040055785797946,Financials
2015-12-03,100.11106099301622,109.70765595068633,89.98973436586972,99.53069581528426,1744329,0.0639063247189677,0.040975932395824304,Financials
2015-12-04,101.09475431794937,103.49398806147781,98.70963967547863,101.10854798687221,887843,0.015728575028857893,0.04534119958082993,Financials
2015-12-07,98.21038648628661,102.34938343898853,94.40046002078408,98.52716790749588,734442,-0.02586234580551565,0.04221099044572022,Financials
2015-12-08,103.6479832165444,111.42048943276973,95.81077505802814,103.57803596789994,1862015,0.049992972849179196,0.04032050732706073,Financials
2015-12-09,103.53658637411125,104.09360776133411,102.65195579288957,103.20720512632941,1220789,-0.00358663159069307,0.042136554783632485,Financials
2015-12-10,107.49998064153489,114.46628117603352,100.69761680844455,107.65416113808402,1046634,0.04218520966233618,0.03901693206996615,Financials
2015-12-11,104.56159635812115,108.90825510409714,100.72206962806573,105.05076595008038,1594585,-0.02448015883323696,0.03980949105000178,Financials
2015-12-14,101.63055096492201,106.18951854721506,98.1705181570813,102.69330409267702,1503470,-0.022696802454181573,0.038180206764804374,Financials
2015-12-15,104.02451948501168,108.84727428522079,100.35409423071765,105.1375756975606,1157384,0.023522821173732233,0.03665316189811177,Financials
2015-12-16,99.93879102811235,107.47877751847808,92.55578624700577,100.08497347053788,1452565,-0.04925017740128407,0.0354649388706517,Financials
2015-12-17,94.71003912116615,103.96559605281153,84.60837766450227,93.7722931936047,1407405,-0.06515012922621233,0.038341185524028105,Financials
2015-12-18,88.45910260690002,95.81963751269184,82.06605642194812,89.36138247212064,1321415,-0.04818080518980396,0.04373463280558302,Financials
2015-12-21,91.7513521440866,94.91271325560427,88.28725684829372,91.43781479721775,992864,0.022970496075473447,0.044479017341011694,Financials
2015-12-22,88.10790378328211,94.2385757292563,81.21913093911502,87.29310826629563,1684291,-0.04638760491570065,0.04197443198413311,Financials
2015-12-23,91.23662255399401,98.4430185464031,84.51462951332539,91.68778541500113,1609674,0.049117652191991455,0.042804834257181325,Financials
2015-12-24,104.26693813746743,120.21709368602608,88.62689741684731,104.53660320524007,1955216,0.13114811117221659,0.043905405500414496,Financials
2015-12-25,96.69377321117702,107.99225654988558,85.43312013733521,96.72765742674301,1782250,-0.07763790572979848,0.06497785596132481,Financials
2015-12-28,101.32478569225013,107.22226851451494,94.70204079434086,100.55470184648206,1212031,0.03880250215169134,0.06619549888913068,Financials
2015-12-29,103.16775281296516,106.21780725723316,99.52425419572467,102.55622954841654,1792023,0.0197093527199176,0.06189766057396291,Financials
2015-12-30,100.2435706002969,103.65550820283774,96.87075554506274,100.28141967028894,591002,-0.022430798870101812,0.056774334829386916,Financials
2015-12-31,106.41428788948971,114.56682360138308,97.45099425934312,105.53626338239819,1642233,0.0510741923450461,0.052479816948500436,Financials
2016-01-01,103.75570666834248,105.96974944210795,102.45557256615102,104.65830512792364,1037558,-0.00835381586189036,0.051909449217972886,Financials
2016-01-04,107.95597842890156,115.36065067159201,101.53938516255975,108.88862365210223,1423818,0.039624751741239896,0.04760399847080916,Financials
2016-01-05,102.43956793285308,112.02033745290136,92.7383278930405,102.30666778548698,2011874,-0.06235070890008874,0.04635116696384542,Financials
2016-01-06,101.52606131076777,102.50949725126358,100.91736109310399,101.89856369293653,1000807,-0.0039970047086436995,0.04900904180026131,Financials
2016-01-07,105.24645095398883,112.62845976781365,98.81084648744034,106.13831937764202,1885953,0.04076529839067588,0.0449878355729629,Financials
2016-01-08,102.75714933481004,108.46847313970488,96.5927943474808,102.27745644114316,1769858,-0.03705386173041084,0.04436660582650067,Financials
2016-01-11,95.90985996060932,104.95444387180459,87.40794199934953,96.40833835356084,1041787,-0.05909658620953442,0.04336663314602285,Financials
2016-01-12,97.8373085075002,99.32749470977514,95.90886512758055,97.39227287312997,843423,0.010154178230558454,0.0461345084679627,Financials
2016-01-13,110.37472064939483,126.93092874680404,93.60323949633565,110.12145823098311,1970029,0.12283704883604744,0.04264012661326312,Financials
2016-01-14,104.21065563117176,112.29662958906907,97.46815343884673,105.47248608519969,1552810,-0.04313379888385873,0.061789039506117215,Financials
2016-01-15,92.83066782715481,106.75526800122803,78.48802949624933,92.33885823088156,1944551,-0.13298507133749493,0.058595110831824414,Financials
2016-01-18,95.2050062525062,99.17724746011677,90.982026491725,94.94335063447679,1789678,0.027815352462140147,0.07415837100766724,Financials
2016-01-19,97.74084901371305,101.74191549046881,93.57598730963542,97.57006256478437,1464067,0.02729030572259782,0.06793839317571193,Financials
2016-01-20,95.9955995696764,97.92053256928057,94.94591684926534,96.86138277254777,847432,-0.007289797484582698,0.06248371253217134,Financials
2016-01-21,104.61018442207948,116.67123500252315,92.54019933166255,104.60008556218497,1442079,0.07686345675981174,0.05684489983760509,Financials
2016-01-22,99.09359285692187,109.17424842218107,87.79830701769697,97.74140651747251,1957594,-0.06781908748842676,0.05976012682213786,Financials
2016-01-25,86.51542796638591,99.59952706107242,73.53811377142803,86.60828440093255,2224394,-0.12092980831486817,0.0603898377245943,Financials
2016-01-26,76.2403205093089,87.67636858570523,64.65702263654852,76.06708545476296,2043805,-0.12977981953633635,0.07218828700823202,Financials
2016-01-27,68.71356255397774,79.02059693707439,58.25164391326081,68.53134578030684,1914083,-0.10432441105273556,0.08243384777370828,Financials
2016-01-28,67.54332575186251,68.94811200583652,66.27976363639658,67.68195646583507,1290745,-0.012471620759964172,0.08466881845312445,Financials
2016-01-29,66.87137378467017,68.34388155401811,65.22700435586006,66.69564252250339,1222444,-0.014680001182464097,0.07654004346259266,Financials
2016-02-01,62.139537586356695,68.57897473965166,56.12877574197575,62.5304043278547,1738758,-0.06448671358958488,0.06941921900894615,Financials
2016-02-02,61.789931601019305,62.781530956576816,61.033174168942956,62.02193215313926,1562826,-0.008164840802465628,0.06766832943620965,Financials
2016-02-03,69.53790826901626,79.96859450936869,58.70897648000993,69.06938409412933,2572100,0.10762349903768184,0.061426394495765084,Financials
2016-02-04,80.88328162685241,93.01577387088027,68.19587280252293,80.23043859120345,2632504,0.14979141048853523,0.06968489208118624,Financials
2016-02-05,86.01474582363812,96.00108626225538,76.45634724007051,86.39988863878459,1623347,0.07408341048224337,0.08573451665411655,Financials
2016-02-08,80.02836643665097,89.21120814481681,70.88324250303879,80.06221609163948,1755797,-0.07618235333968566,0.08248380830826178,Financials
2016-02-09,82.7816660017048,86.79466744322362,78.68327668481092,82.69192789811548,1586888,0.03231795666314298,0.08008386573138916,Financials
2016-02-10,87.52074865190053,94.23311772062043,80.35517539063984,87.02989893522576,1306177,0.051129735307431604,0.07339896449418515,Financials
2016-02-11,79.99278119185352,90.10870890656908,69.87986561363753,79.99545526446566,1508049,-0.08428190167111299,0.06929692537152081,Financials
2016-02-12,67.40135792230099,77.51156161064613,56.91436537959793,66.95807691717404,3427448,-0.17790311797214245,0.0707613378558643,Financials
2016-02-15,78.00588482190152,90.1221494610359,66.30500209861628,78.3670864878573,2680111,0.15733731810952925,0.09409124005853534,Financials
2016-02-16,62.677177705104704,72.0787543608704,52.98665955189637,62.33724653164279,3269752,-0.22884491920489697,0.10438287175148622,Financials
2016-02-17,61.48096729366925,63.13709810676604,59.578463501756005,61.22777397223699,1240148,-0.01795819515098758,0.12912058971734194,Financials
2016-02-18,57.95754865082697,63.835706516736316,51.42090828396401,57.224743773320796,2017275,-0.06761452134933094,0.11612956500015603,Financials
2016-02-19,59.53688772671204,62.69719638257937,56.139058228863284,59.28605215039884,1526121,0.0353876817833662,0.10758540429953889,Financials
2016-02-22,54.4206728041022,61.26286909200729,48.016903857353796,54.81294127701632,1707211,-0.0784477493176171,0.09771150688601783,Financials
2016-02-23,53.20521206094075,56.05403015061592,50.05886345567978,52.89084931714745,1515251,-0.035695977634824745,0.09306523662624516,Financials
2016-02-24,58.98487100232718,67.78012576827993,49.70792679710721,58.41877005219143,2037708,0.09940690006884129,0.08497082462548596,Financials
2016-02-25,62.903635316536665,69.31501220887671,56.153335836129635,62.52624798108593,1536432,0.06794919308004412,0.0857804907728008,Financials
2016-02-26,64.93800017266918,67.51160503848783,61.65591307015462,64.20028084768379,1110678,0.02642114898288091,0.08172636051980056,Financials
2016-02-29,66.71080947177967,72.16255454379183,61.933168852930955,67.33986288784975,1473877,0.04774479235252745,0.07448536748977125,Financials
2016-03-01,77.6353868094386,89.28069483085439,65.13474226188275,76.62910854339147,2441277,0.12922463404263168,0.06985979355528409,Financials
2016-03-02,82.95261951073981,93.48967092654301,72.70307920694336,83.20851272101375,2557447,0.08237264729551988,0.08067938715054386,Financials
2016-03-03,84.34449115200945,85.72720381210053,82.74381365502943,84.12289352487782,850129,0.010929088876704372,0.07953061525073656,Financials
2016-03-04,73.0809041270427,84.2850412677734,62.118768507986296,73.29134023284644,2450376,-0.13783628734945144,0.07195840296504494,Financials
2016-03-07,76.07946439873658,79.99834494391065,71.94473742754141,75.8518958341946,1391550,0.03434023952144746,0.08421541261767891,Financials
2016-03-08,71.86563488817373,78.0330535430304,65.48648492316728,71.63402730577637,1309227,-0.05721249722442419,0.07714062733379401,Financials
2016-03-09,69.00487887314986,73.16151325521011,64.6691940770288,68.81435170882314,811860,-0.0401578791716191,0.0731541631362101,Financials
2016-03-10,70.52268904131432,73.94004948088406,67.44358742509446,70.84679694142751,1336887,0.029107432497514223,0.0679935552553457,Financials
2016-03-11,82.35027063423496,94.7268489017668,69.99773003909971,82.3711729580581,2327409,0.15071577686245344,0.06265449097230781,Financials
2016-03-14,80.01076173182899,83.57693832110625,76.39569495008045,79.95959078841231,1619842,-0.029714141048758583,0.0815337660143767,Financials
2016-03-15,82.59724772209451,87.40581021491838,78.114092547334,82.905902114662,1717464,0.03618486328458524,0.07450264107486078,Financials
2016-03-16,87.47060907610995,94.09205008148881,80.59646068044884,87.19720528144525,1733505,0.05046602567663545,0.06882526041608739,Financials
2016-03-17,94.2449253591027,104.99394633864205,83.35502974478507,94.08591493172514,1426477,0.0760360725954719,0.06535714298539234,Financials
2016-03-18,105.43605751463491,121.58528035306486,89.62064888743967,105.72633074179554,1750175,0.11664561662961488,0.06621531213950439,Financials
2016-03-21,84.47603958154684,97.14744551877887,71.58946824893158,84.22290382227246,2951536,-0.22738706895172228,0.07515653019679036,Financials
2016-03-22,87.212594339446,91.63543825259127,82.70096950528095,87.11907051058903,1073972,0.03380890834742526,0.11124088768948738,Financials
2016-03-23,93.70927849385534,103.12709473914778,83.79383389555541,93.15605053132569,1464802,0.0670002401516728,0.10085179432069025,Financials
2016-03-24,89.95866359180009,94.18805690833086,86.82535006653563,91.01785124970431,1165498,-0.02322039479141445,0.09439397417854341,Financials
2016-03-25,93.63415007965207,97.40921379740468,89.7278620531726,93.49741291577813,606887,0.0268781117041967,0.08549301666870802,Financials
2016-03-28,93.91399314094245,94.01218458186108,93.33457726035185,93.43226503216272,931700,-0.0006970309580402686,0.07781779778823275,Financials
2016-03-29,101.27630512540523,112.96125257418187,89.26067867318763,100.90249733278385,1738792,0.07691794202212625,0.07031756963882992,Financials
2016-03-30,110.5625036875948,125.89613838035714,95.3027136279724,110.62739240707917,1865437,0.09201305174697341,0.07030721122806133,Financials
2016-03-31,106.749442411664,113.02267986330514,100.1257505918925,106.37710740554454,948482,-0.03917733157767877,0.07296878383461292,Financials
2016-04-01,107.54659515973026,110.97361383302984,104.79618066053882,108.20632723606862,1598608,0.017049444135393676,0.06774794630004723,Financials
2016-04-04,106.55972594499843,108.64620301788842,105.23844035931556,107.31554565798885,823374,-0.008266322471367677,0.061769166370432366,Financials
2016-04-05,116.08488941925751,129.6321991456697,102.46100833889265,115.99820142464219,1909311,0.07780116656690249,0.056236942878846265,Financials
2016-04-06,115.48653350033308,116.12024278594711,115.12047926650443,115.75334285443637,804289,-0.002113113524920792,0.05948132667789556,Financials
2016-04-07,108.7478774034514,118.5918904744117,99.79590037391004,109.57206725941178,1965583,-0.05487909124166038,0.05413956377738377,Financials
2016-04-08,110.46442361422594,113.95441862596995,107.84691847187953,111.31671797807365,839397,0.015796972193735447,0.053820359448176265,Financials
2016-04-11,110.96274768668611,112.39653818493485,108.9358996960246,110.36192676604976,930558,-0.008614245339929657,0.04954529768280906,Financials
2016-04-12,104.6126522231015,112.88628520738817,96.64935177218493,104.90103272191872,1363638,-0.05074784793674672,0.04555128978853405,Financials
2016-04-13,102.86292173084368,105.8644388171842,99.91765888202525,102.9176100827349,1035062,-0.019088594148791237,0.04632750383574406,Financials
2016-04-14,97.91128864683128,105.99462164839073,89.36460356084704,97.40624097701252,1832390,-0.05503848169279197,0.04326252712576202,Financials
2016-04-15,99.93568364899271,104.36370921136627,95.74761567560978,100.16598965822595,1077838,0.027938422129528913,0.04529571914323698,Financials
2016-04-18,109.22603095973813,123.21767152233437,95.12093736260547,109.09590963895188,2317053,0.08539869381963061,0.043109686299317544,Financials
2016-04-19,101.66469809559977,112.66080561080585,90.52728104654082,101.5062508206921,1777308,-0.07210701925832018,0.05177544377574475,Financials
2016-04-20,105.2802419482916,110.81467248103242,99.60032074189823,105.12667867474674,944921,0.03504570550828242,0.05499518703021391,Financials
2016-04-21,105.05675898378524,105.61529068820445,104.76422157864518,105.32201466131028,661536,0.0018563768637688564,0.05199814129732481,Financials
2016-04-22,94.70133407882642,108.90653419065038,80.19618391780983,94.34845166801156,1696749,-0.1100276022319814,0.04757690909422652,Financials
2016-04-25,92.34334032243245,95.94916374097696,88.33461349675338,91.92406505149611,1543491,-0.026032004805501982,0.061047201501019714,Financials
2016-04-26,87.53826406253113,93.8611043386161,81.45588669836238,87.76310449899671,1505167,-0.04632166614456309,0.05641860012455054,Financials
2016-04-27,81.8845910194373,91.38617459633117,71.80430316446011,81.22992130058559,1926006,-0.07735752200018878,0.0544821187654482,Financials
2016-04-28,79.74301864639679,81.94595041965754,77.55505686170466,79.75758886234297,1392287,-0.018291772929524826,0.05807124024540354,Financials
2016-04-29,74.73110584955641,82.79330264387764,66.21535356621807,74.22270240125184,1812809,-0.07192182962876253,0.05336668903395915,Financials
2016-05-02,75.83930572902017,77.73576256025703,73.58319565927289,75.4704282470404,1456834,0.016670835024193982,0.0561632908164234,Financials
2016-05-03,79.48596661288327,86.59028036210283,72.7696882096549,79.84376894796524,1143194,0.056330936469480654,0.05162499103462104,Financials
2016-05-04,80.60129614111474,80.7924971088617,79.52849474516074,79.71759942319835,1127377,-0.0015814548640525508,0.052039292078092894,Financials
2016-05-05,84.63822331820464,91.8135865018887,77.2016563786215,84.35282433106488,2094451,0.05651790961874408,0.0476114007976483,Financials
2016-05-06,87.3225151418979,91.0426121229165,83.08578322930379,86.78289125747243,1195544,0.0284012050040282,0.04891438954829471,Financials
2016-05-09,89.92370200411898,96.83578993201537,83.89379477143346,90.75044478722944,1116839,0.044703877459799674,0.0462070153846576,Financials
2016-05-10,86.14992560538795,92.77092138082392,79.78681545765605,86.39007368247292,1532755,-0.04924059309409265,0.04591117636913157,Financials
2016-05-11,82.15602645755308,88.81399676386941,75.21362894951135,81.84651638667934,1412662,-0.05402703930880639,0.04636770744512505,Financials
2016-05-12,85.03412729012874,89.74239454691536,80.22197231236534,84.92415023310434,1096444,0.036912765943352334,0.04751641381085762,Financials
2016-05-13,85.08760160548394,85.39160898571245,84.80708027424441,85.11101047885396,574304,0.0021979021302476432,0.0459415988902654,Financials
2016-05-16,87.10889959892334,89.73231636179395,84.22188061482181,86.83711208404559,821813,0.02007767882079891,0.04229927922484437,Financials
2016-05-17,85.62914558515813,87.9265696341668,83.0091667755325,85.2976981117722,1116869,-0.017886620521621956,0.039897997398086964,Financials
2016-05-18,80.89139795667938,87.18744647531635,74.94937641176874,81.22119882117914,1144505,-0.04897118601817911,0.03770238501945042,Financials
2016-05-19,73.4145365108375,84.32118889727751,63.219334993197165,74.0392345067261,1963974,-0.09258113358458475,0.039961261590795265,Financials
2016-05-20,72.02746495522008,75.22821832840528,68.68386154120282,71.8779717414172,1154310,-0.029625304506414138,0.051606316345127606,Financials
2016-05-23,74.09981963545361,78.53731164141286,70.09790072079322,74.51307404057282,952001,0.03600475623601151,0.04860265743182539,Financials
2016-05-24,72.98866027497007,75.33096520670422,70.59524524405902,72.93585560235364,1604549,-0.0213942359713594,0.046735703892104685,Financials
2016-05-25,76.98977876206635,83.70555830577993,70.47093020749509,77.17133692884083,1752653,0.05644774028785899,0.043772569202094165,Financials
2016-05-26,76.60406690211136,77.297676209112,76.22534343607406,76.91740363506594,598446,-0.0032959387262580554,0.04594325150860064,Financials
2016-05-27,74.04087225446084,78.22892850080571,69.95986978747246,74.14233365986047,1282179,-0.03674549243524977,0.04231140944425174,Financials
2016-05-30,69.09252495830542,76.1330962551172,62.78619769400476,69.76535713872092,1837885,-0.060849103122769255,0.0416501978083375,Financials
2016-05-31,67.00343636895573,71.13857544159383,62.82117073226172,66.95321007252647,1759508,-0.04114355219900338,0.04520158387275522,Financials
2016-06-01,69.98820861671847,73.82179300863417,65.63955656959118,69.44329338324705,1154767,0.03651647868200054,0.04459221154885007,Financials
2016-06-02,68.6236303661521,70.63027077142058,66.11125744218647,68.10266414645959,1595875,-0.019494163497925727,0.04348321799216185,Financials
2016-06-03,70.26618892686061,73.19861883219521,67.10170409794803,70.02402785730966,1436241,0.027822104771584484,0.04086117422609969,Financials
2016-06-06,68.45393347734962,70.804506655928,66.08917627867211,68.4392450868666,1270887,-0.022892019583322036,0.039393132325275845,Financials
2016-06-07,66.24586187249899,70.06473288237927,62.062370463920885,65.85893640589774,1266751,-0.03843129117237376,0.03768370713727399,Financials
2016-06-08,67.85961908607455,69.84923528187849,65.18983299568379,67.15890452807817,711670,0.019546393202121953,0.03817845004793455,Financials
2016-06-09,65.48791150803497,69.08647952827958,61.18551954117585,64.7431635799491,787227,-0.036633407473002026,0.036378351550501856,Financials
2016-06-10,60.7736395378841,66.71037914722292,54.735431280877805,60.66118571526147,2163962,-0.06512406425418567,0.03687829376053033,Financials
2016-06-13,63.94769927420505,68.80866623767383,58.96366386378632,63.814506191292445,1555379,0.05067648530116417,0.042710401570318586,Financials
2016-06-14,63.13099474400784,64.54953522509275,61.453118565917144,62.86569788099777,1070212,-0.014979863027524519,0.0440971500917028,Financials
2016-06-15,61.555464060548815,63.760129272077776,59.183947800442105,61.38241510546535,1111475,-0.023877276048804325,0.04110117226329002,Financials
2016-06-16,59.41484241109,62.23594846895352,56.78359895581461,59.59665334170743,1238064,-0.029523974689353114,0.03920412906646357,Financials
2016-06-17,60.39165223867919,62.65286569399345,58.563261369037285,60.811755950749344,1556267,0.020183704224724708,0.038214143336029155,Financials
2016-06-20,59.6649542527828,61.01822534762114,59.048776387735366,60.39451310959967,508588,-0.006884866476635131,0.036460442786120144,Financials
2016-06-21,61.25551935961693,62.44804663328781,59.99234073453527,61.18346525318923,446283,0.012978719154756978,0.03421405147725298,Financials
2016-06-22,59.122263489449054,62.59378260010238,55.38007007629142,58.83470439907001,1604994,-0.039145085745607475,0.032584476786120135,Financials
2016-06-23,59.62633347882403,61.1455787886143,58.2385040150273,59.75476013715551,1091364,0.015516963538597224,0.03434019747533211,Financials
2016-06-24,63.20760941120951,68.12238149898324,58.040481976072826,62.93397753873014,1401321,0.0518373460996837,0.032855985051959226,Financials
2016-06-27,65.76558513596933,71.2635757351678,60.75165877634548,66.21535890928797,1427424,0.05082624242104373,0.036968624137049155,Financials
2016-06-28,65.90838346297753,66.36359161392473,65.46172155217474,65.91687217501791,804843,-0.00451800805233107,0.03975977080247743,Financials
2016-06-29,64.3867720550624,66.55333821728901,62.4444846466085,64.60448334348948,688180,-0.02011062569179977,0.036982879267663415,Financials
2016-06-30,69.25156386534005,75.77422808275607,62.31189403910006,68.79119726057317,1696477,0.06279197997703348,0.03542389415350332,Financials
2016-07-01,74.122364620948,82.52832673644781,65.76200413529024,74.16334411853484,1534743,0.07519422357351523,0.04117410271049402,Financials
2016-07-04,69.31025157227295,76.58616729698137,61.891397580499984,69.15054828675873,1895056,-0.06998402650553065,0.048003865219740566,Financials
2016-07-05,69.35173874706919,69.99127611691631,68.84779179527396,69.48635100024894,1212108,0.004844357770977267,0.05175095608505255,Financials
2016-07-06,70.983585808029,73.9282572012575,68.3151358628092,71.24979961537618,1814339,0.025061661930656023,0.04739250293987029,Financials
2016-07-07,67.93129901160846,72.70843838845705,63.35951902624026,68.1237091881208,1909091,-0.04486670162244307,0.04462121135439361,Financials
2016-07-08,70.95730779194828,75.53652457702867,66.47834909572153,71.05161314931291,1241871,0.042081253602606276,0.04466312952938221,Financials
2016-07-11,71.36914578698179,72.0356404509024,70.77870262784457,71.44457327359888,1032864,0.00551539139802838,0.044288383321156886,Financials
2016-07-12,62.76058572957133,72.17467358900703,52.717446659701295,62.020525482001524,2492524,-0.14145656368781656,0.04091126555244166,Financials
2016-07-13,61.16522585941829,62.30433197615933,60.30967852462027,61.44487308161035,824256,-0.009324986245882082,0.06663692092854168,Financials
2016-07-14,60.772972442811344,63.1978081682106,57.444699203132274,59.83198981255121,1034596,-0.026599935551735444,0.06054276744535433,Financials
2016-07-15,59.898076722948765,60.39705914957347,59.5596820048961,60.057762286506915,687864,0.0037663392723816984,0.056022092406989556,Financials
2016-07-18,64.09935247490449,70.56679383771088,57.71886318843058,64.17843284242475,2078533,0.06636041332837621,0.051116608522602754,Financials
2016-07-19,69.0757993330559,77.7016811539213,60.88052781998357,69.46073965918508,1662624,0.07909447874363833,0.05339364945430645,Financials
2016-07-20,70.5175839713903,72.94756989665613,68.42701051940199,70.8472238966362,1354502,0.01976408657483667,0.05761159541966067,Financials
2016-07-21,75.58746134783533,81.93130902435082,68.63604176865934,74.92422592043009,2139337,0.055951499216010905,0.0530459198163212,Financials
2016-07-22,77.29298679511064,82.8561563395676,72.54207389235066,78.05820812310849,1414711,0.04097752460908914,0.05311008592542055,Financials
2016-07-25,72.1037240538649,80.28717227066541,65.03813676060098,73.121819755214,941157,-0.06532799228683006,0.051072679683640244,Financials
2016-07-26,68.90768087179026,75.1630617192469,62.57964853014994,68.82777564925057,1128001,-0.060519434779173674,0.05316857036340543,Financials
2016-07-27,69.135956712484,69.50377872346263,68.21920055419459,68.58408646602153,864707,-0.0035468471927787206,0.05395282937427206,Financials
2016-07-28,69.82195260502134,70.96245212969659,68.20247509545912,69.33502088386945,1036248,0.010889598300857214,0.0493012500525371,Financials
2016-07-29,68.7437020710141,69.58228311734572,67.99748686552677,68.83507604429535,1181613,-0.007236689160911236,0.04541231229597691,Financials
2016-08-01,69.79579429568554,71.27425356928387,68.32842126809456,69.80665226586711,842017,0.014015868648422573,0.04192466978946425,Financials
2016-08-02,68.02503220997993,70.42418117467359,66.15167146397415,68.53672867393718,1088734,-0.0183595233023737,0.03918684773823953,Financials
2016-08-03,66.41269629768611,70.02053475809868,62.50819141874933,66.09898781344403,1689138,-0.03621635281142543,0.03713553611988839,Financials
2016-08-04,66.2475419657969,67.1765988476847,65.60287795605385,66.5291940425586,510991,0.006487425702786944,0.037416334213461834,Financials
2016-08-05,69.74046440264621,74.79545867047183,64.73701545832816,69.78855921917683,1429408,0.04782922881452456,0.035018547323042354,Financials
2016-08-08,67.71224601853163,70.83436039562697,64.55552035233683,67.67596171219934,1744650,-0.03073904215436281,0.03773836502343136,Financials
2016-08-09,69.43071796509452,72.01342896946895,66.7945888162638,69.37523598005728,1097665,0.024798927430294423,0.03716289362520836,Financials
2016-08-10,74.6045224909421,84.59743558043353,65.41042338179925,75.31569332436466,1956538,0.0821585501983398,0.03601544877316945,Financials
2016-08-11,76.911775466027,78.72774187270706,74.70409967761705,76.5105937703649,1378626,0.0157406881298014,0.04637018595897802,Financials
2016-08-12,82.44604867119536,90.90164581012323,73.52267852256479,81.92481876211444,1172740,0.06837277043762927,0.0430966437917863,Financials
2016-08-15,84.16743094939073,87.41478599336575,80.81618724257736,84.05937319291887,1688655,0.025721390545373226,0.04782344535361712,Financials
2016-08-16,88.69641055821872,94.75907517617513,81.96487102506772,87.9784616934404,1240513,0.045568658151256256,0.04504335722534972,Financials
2016-08-17,85.32254834444237,89.19638774877019,81.56180491143488,85.43086985219097,1345715,-0.029384521879847973,0.04510652519270665,Financials
2016-08-18,92.05822666764564,102.66538824464983,81.5747466112557,92.16926345280417,1591039,0.07591919763447144,0.04309520171532225,Financials
2016-08-19,90.12895384698878,94.21940440980556,85.3639489425965,89.42232977987382,1180446,-0.0302562819769039,0.049500664784694975,Financials
2016-08-22,87.94794294512626,89.60691324828663,87.39876140336965,89.05084475391381,652348,-0.004162928836961837,0.04687823632733298,Financials
2016-08-23,88.59435524013323,89.25579308328955,87.97694054956597,88.63807371833735,820578,-0.004646004732421612,0.043135307225105814,Financials
2016-08-24,96.21613533340354,108.92479208217742,83.8808511615079,96.54707956748557,1528938,0.0854692692942613,0.039896886940204566,Financials
2016-08-25,100.30090680700745,105.30228445570471,94.83356269141866,99.81048613459008,1712960,0.0332424887465247,0.04969062959019352,Financials
2016-08-26,104.69964504837984,114.08915292964576,96.09919664191106,105.4288081444919,1791193,0.05476267152892227,0.047340114004565684,Financials
2016-08-29,112.17407164350588,124.70295983687069,100.53469018127488,112.97995815488824,1601045,0.06917452070517366,0.04840156654613481,Financials
2016-08-30,121.0646321479569,132.25424497568625,109.05444649034325,120.16049262274765,2126256,0.061617846209916456,0.05188387478315886,Financials
2016-08-31,123.65202201355348,128.01092521404357,118.68127070827337,123.01781732450515,1075058,0.023500913447859987,0.05313250432403825,Financials
2016-09-01,115.25010587216124,126.35465714778987,104.60730569795858,115.67282121806271,1443536,-0.06156350193730245,0.049409456104350366,Financials
2016-09-02,117.17167968529544,118.49079040996293,115.232197948025,116.54424505672488,843926,0.0075052875587365816,0.051201027310395025,Financials
2016-09-05,121.86760148658838,129.24880539665213,113.99676262988919,121.34639863792167,1162958,0.04037826745323037,0.046964726756500486,Financials
2016-09-06,130.53139308176506,143.543156226459,116.75716024047777,129.68450280707432,1166679,0.06645534501953536,0.045925038049291725,Financials
2016-09-07,132.84906077729244,138.69000392403598,127.43314480528325,133.25743940140825,1613080,0.02717829261931279,0.049494789908766525,Financials
2016-09-08,148.68226561669465,170.98460545919883,125.81474196404086,148.0173434871069,1349931,0.1050465607300401,0.046589551628508925,Financials
2016-09-09,144.82670244884915,152.00694501712454,136.10518168488113,143.20502442798218,972809,-0.03305211192349635,0.05909049030882972,Financials
2016-09-12,147.22501266940841,150.76506714037248,142.02008196582156,145.51911785958174,926525,0.016030131505408423,0.05529208941015721,Financials
2016-09-13,153.95843643691586,167.57847740527063,140.59096063168724,154.1908244579479,1161622,0.05788348299101245,0.05083617696566844,Financials
2016-09-14,179.17611762483762,206.05253526856325,151.23483174461802,177.9233314642565,2371410,0.14316178019872935,0.05167231513357449,Financials
2016-09-15,159.4540492992915,183.37215669418524,135.03307754646252,158.86244417230884,2110652,-0.11331403860708329,0.07287192063793255,Financials
2016-09-16,146.91178086859654,164.0262238071128,130.14444987775695,147.22333457764734,1777118,-0.07608798010935523,0.07921025284510866,Financials
2016-09-19,150.80128031228614,154.42358961616986,146.00643804819927,149.5998894451296,670554,0.016013609859644264,0.07738099529081467,Financials
2016-09-20,143.80721177334803,152.59034588416228,134.85858033892632,143.63094907208801,1421894,-0.04071717035840642,0.07020484385616281,Financials
2016-09-21,154.88794702029242,171.87985507707933,137.5767070449584,154.52926619339132,1531630,0.0731363474205032,0.06551075694108476,Financials
2016-09-22,164.25404471372605,177.43751476908548,149.93843625870602,163.0231080356833,2039380,0.053508454249783406,0.06584577600041623,Financials
2016-09-23,150.6777655697962,169.1398973571125,131.8279616673879,150.23596026731673,1785756,-0.08168483127996447,0.06322978866885265,Financials
2016-09-26,151.4992045683574,152.48557347518982,149.90707458699995,150.88947370689522,1001998,0.004340480024929114,0.0655687935627281,Financials
2016-09-27,141.90438118214553,155.09789560141473,128.63508196299574,141.82082805721882,1617994,-0.061983119944851235,0.05951671459719819,Financials
2016-09-28,135.1728464790989,145.80786053656053,123.9859552940885,134.57384133514464,1664799,-0.052451432046578816,0.05924590725839336,Financials
2016-09-29,129.82577976959539,136.56077299276973,123.69646472827267,130.404151932534,1549218,-0.03147456564328259,0.057625818259324085,Financials
2016-09-30,119.65325351031137,135.845950538422,103.02903096001779,119.15418957273423,2103300,-0.09022012386101513,0.053899769817786006,Financials
2016-10-03,112.97941928811413,122.1242268701075,103.75688924411838,112.89485173902439,1447437,-0.053961495167969546,0.06037465330378958,Financials
2016-10-04,113.00529672339549,113.64346038445676,112.55664326786135,113.19405751113297,1039557,0.002646798976348397,0.05876100282803768,Financials
2016-10-05,123.02772660910415,139.7625773430148,106.87889176480411,123.545746323794,1727011,0.08750783415194266,0.0535101410426893,Financials
2016-10-06,117.08372409598212,126.1128265183094,109.0737846080899,118.0376284617635,1572773,-0.045608044156652025,0.05949211133605351,Financials
2016-10-07,117.86605343633684,120.297284649901,114.0240397509223,116.42555776083555,545463,-0.013751379313961922,0.05695141001543665,Financials
2016-10-10,115.81152442317968,116.69990954298198,114.98496606100764,115.87291304411991,828850,-0.004758066270686296,0.05218367126939778,Financials
2016-10-11,110.33748912578896,118.21269419234112,103.02342802241567,110.86374837026683,1201922,-0.04419205815009369,0.04776928214781434,Financials
2016-10-12,113.03502086800741,116.1690346971303,109.80085527440013,112.9320131058997,1066210,0.01848402854888977,0.0471005748804108,Financials
2016-10-13,118.41038161837456,129.08786719675325,108.68364910458867,119.28896417398882,2060635,0.054762836280883055,0.04388644688239837,Financials
2016-10-14,115.40057310615438,121.09581375366734,109.80122390112734,115.49202711048335,1400956,-0.03234732176402817,0.04572375106657676,Financials
2016-10-17,128.55924838150787,146.95409973075985,108.87224594425156,127.05133859264433,2019244,0.0953897474294708,0.043925863828437786,Financials
2016-10-18,131.02596407923625,139.74766704640493,123.41018571735988,132.07113875070232,1276762,0.038749461683135394,0.05484948311204311,Financials
2016-10-19,133.08468433107302,133.396282344216,131.96774169562022,132.2774496887963,1398706,0.001560900939173559,0.05226854460606836,Financials
2016-10-20,132.61964536004155,134.17656980301211,129.7054182646629,131.24621899479388,726484,-0.007826514886457267,0.047811777481605235,Financials
2016-10-21,137.28422484354115,145.30965538264897,128.4847951317503,136.462169547241,1434116,0.03897233664078627,0.04402227848545118,Financials
2016-10-24,125.69210362692277,143.3127016365399,106.86284361096293,124.28637443601916,2234688,-0.09345905590547046,0.04333815012119126,Financials
2016-10-25,118.92111411638696,126.94406794780926,110.80412219179586,118.8202728149598,1748924,-0.04497633517274492,0.053969857090350036,Financials
2016-10-26,118.00679321754274,118.96525568801286,117.57269628704144,118.52923690880645,1120896,-0.0024523838482250486,0.052284098809465086,Financials
2016-10-27,120.97180960642677,123.4275946307457,117.70528836526735,120.14427402539053,1534696,0.013533649050461513,0.047830991194362495,Financials
2016-10-28,110.56674995814826,124.4597912813901,96.60656713126653,110.4899595055051,1757234,-0.08376865153704662,0.04424609500737104,Financials
2016-10-31,114.02220158530565,120.18798016846827,108.17956682570244,114.32959423951921,1243804,0.034160801892790735,0.05214164924291631,Financials
2016-11-01,120.36061867156432,130.30192682666845,110.69591017021723,120.61665883061936,1792973,0.05353195315886393,0.04949793254784311,Financials
2016-11-02,121.48704401527843,124.70700274902562,119.0415444857663,122.24622119942892,849365,0.013419809765638228,0.04989876514062329,Financials
2016-11-03,119.13096024601752,123.27246958918352,116.0237005255146,120.13891954643665,963226,-0.017388481349075047,0.0460317619059835,Financials
2016-11-04,111.98059888781418,123.4099669460381,101.59483998327208,112.93563244558666,1700090,-0.06183070405464839,0.042900960081091344,Financials
2016-11-07,112.0223966417257,113.96989466312746,109.69352148335436,111.6342719971139,749125,-0.011589932488413075,0.04632331265451059,Financials
2016-11-08,120.17406047332312,132.68573606527082,107.19995190615454,119.65788717481887,1630177,0.06940863135060718,0.0428582362737074,Financials
2016-11-09,121.75562134203454,128.71532139747657,116.35537909524268,123.24884980268081,1447403,0.029568749747888087,0.04787584410837073,Financials
2016-11-10,129.98151639736815,139.52133017059552,119.92998819384565,129.4292706538839,1667175,0.048929078726665895,0.04544033234384623,Financials
2016-11-11,129.0799572081973,130.2656869694098,127.45738728466442,128.63906702429506,1395795,-0.006124006581440065,0.04594526367941965,Financials
2016-11-14,125.02233476667028,129.58486300986675,122.17927610956792,126.70357232796495,856765,-0.01516027069567675,0.0423603508265518,Financials
2016-11-15,121.62372219847434,129.8870469103887,112.86539008356368,121.09263158655806,1688089,-0.045294479084322416,0.03962315647262049,Financials
2016-11-16,112.54838161738115,125.07331231699956,99.92174974674404,112.43394543164949,1541743,-0.07418990552997964,0.040788896754031384,Financials
2016-11-17,113.5509031977347,115.68444521832976,111.5992134709751,113.7296826665826,1489857,0.011458530472810462,0.04750377449330654,Financials
2016-11-18,116.40363438348244,120.75157746835775,112.17431205260469,116.51809636182324,1239900,0.024222166563085054,0.04387461180430188,Financials
2016-11-21,117.4429015268445,118.4250107151001,116.18967130465042,117.1694941401068,945807,0.0055749598343106934,0.04156912618439344,Financials
2016-11-22,112.6974355536762,119.27650830384175,106.11794811802848,112.69699515873262,1444503,-0.03891879596516074,0.038562362842029616,Financials
2016-11-23,115.62272465630936,120.01538829868706,111.19645342004445,115.58778984157527,1512314,0.025327568062045287,0.03894670158402312,Financials
2016-11-24,118.93192494460699,122.43951383373155,114.40626918906888,117.88292040810538,1537536,0.019661605526344782,0.03754596259267552,Financials
2016-11-25,118.28735712367555,118.67470429272988,117.24067159742049,117.62585258475684,688066,-0.0021830857693964766,0.035857304073082664,Financials
2016-11-28,112.54695190353881,119.72759467274429,106.02060060322266,113.16538196719391,1280324,-0.03865854022067594,0.03360523595859862,Financials
2016-11-29,111.9555120273899,114.11890023563609,109.55811008894193,111.71688719643812,859798,-0.01288242784459432,0.03503743593451888,Financials
2016-11-30,117.24500735820396,125.17326954441549,108.96563096404368,116.86842838277114,1658003,0.04508088014351754,0.033271475404136934,Financials
2016-12-01,119.43325735539241,125.56995238613446,114.22072701688327,120.31877464055954,1108724,0.02909591769177229,0.03592263525455225,Financials
2016-12-02,123.39197673656697,128.05215418273895,118.72666560748905,123.38664155858189,1152429,0.025178176460754927,0.03548710248603341,Financials
2016-12-05,122.10838343317998,124.83410262507135,118.85049909849221,121.5640680108418,1682537,-0.014881419906127609,0.03467792727033621,Financials
2016-12-06,126.62712230667414,134.07149556182,118.9907642367282,126.42314576797051,1614188,0.03919314766872027,0.03309479431235003,Financials
2016-12-07,119.92804881226951,130.23391812874536,109.12490596502535,119.3840252894265,1832449,-0.05728917974036392,0.03473654778599511,Financials
2016-12-08,117.11364185154854,120.70254452394133,113.38529103436545,116.96978527716732,1062868,-0.020429744509422868,0.03946656457014641,Financials
2016-12-09,117.20800616079904,118.09532009578523,115.49987951071601,116.3809321473366,1164815,-0.005046947241066263,0.03753257177817253,Financials
2016-12-12,116.02845110192368,117.67758901981644,113.64482710502884,115.28337509359496,1430513,-0.009475480092631626,0.03508241592158462,Financials
2016-12-13,117.0679040140345,119.79574586245137,114.35240516345412,117.07996719517155,1466953,0.015463953013428474,0.03313741743051082,Financials
2016-12-14,122.79689289304795,130.0066069797697,114.60508595991107,121.75354231283926,1185250,0.03914167487935375,0.03184871776997257,Financials
2016-12-15,117.31324625675096,123.47627572013185,112.02069103926024,118.14614452372024,688015,-0.03007648545733396,0.03378288421267859,Financials
2016-12-16,118.87999202387309,122.72208270093994,116.15102180417027,119.96813346223189,1019806,0.015303781980709846,0.03389271100401356,Financials
2016-12-19,125.70222062725264,135.69483518991612,116.20671491676252,126.16441543114715,902613,0.050359787669131344,0.032466960880227616,Financials
2016-12-20,123.59521684355879,127.46304057514565,119.69282556911885,123.55953258748652,1443338,-0.020862855539588242,0.036382675425957654,Financials
2016-12-21,118.42615090865746,125.53708448375289,112.32981081614106,119.39107218442693,1729979,-0.03431865932617382,0.03498925646695462,Financials
2016-12-22,122.35220991326823,126.78850652850619,117.87734310406658,122.31218861049196,1360109,0.02417227346299514,0.035440993371802613,Financials
2016-12-23,116.01889111190395,125.62087043193912,106.16700498333148,115.74643525578477,1018815,-0.055174803735331665,0.034532535811891925,Financials
2016-12-26,118.81806953139358,124.25216970686728,113.69841068102319,119.11952181487085,1248536,0.028725478487471375,0.03886689682447692,Financials
2016-12-27,113.0565533603761,123.28047649865943,102.00827805833778,112.15024167518415,1628787,-0.06028795816133913,0.037845495136961206,Financials
2016-12-28,105.87868647718813,114.71677476055166,97.81455023725358,106.59786319934146,1447207,-0.05077594939545573,0.0423204547071379,Financials
2016-12-29,116.74375100303156,133.10926489444273,100.57006228216075,116.91223446157693,1851635,0.09236005400380884,0.0438126267741003,Financials
2016-12-30,121.02130118056894,127.65651569261388,114.53654720812641,121.16410953784391,1526190,0.03572238335556589,0.05399253604170915,Financials
2017-01-02,114.93534784562539,123.928498924475,106.21116307126657,115.18533856700715,1487374,-0.050603433077157166,0.051220781519442975,Financials
2017-01-03,115.0874242383155,115.33264563144942,114.9991512498473,115.2442523545432,1245945,0.0005113387441615168,0.05082283820733704,Financials
2017-01-04,118.9739900379185,125.7568949178097,112.64479365675514,119.40478124084314,1528850,0.03546543452702655,0.0465446874181793,Financials
2017-01-05,119.19382042488635,121.53536050869941,115.53602291277302,117.85118722094877,1564475,-0.013096540718113486,0.044964384777437305,Financials
2017-01-06,112.35792400220488,122.09081372981979,101.60225850455477,111.23814886104942,1352476,-0.0577493150515663,0.04175122304254008,Financials
2017-01-09,98.64289421367418,113.4393283457253,83.21846338150462,97.90407456647603,1802952,-0.12768521993185725,0.04466295118750107,Financials
2017-01-10,99.79967780153645,101.11719086496639,97.46562263721388,98.76953620777104,1061395,0.00880105088147996,0.064353326840022,Financials
2017-01-11,100.537668905906,105.85154091544982,96.30850976240924,101.5785947887932,1570874,0.028043612505443825,0.058520930570144875,Financials
2017-01-12,94.09898831271363,104.82767391262857,83.56336409137845,94.27261040550536,1445297,-0.0746421359765156,0.05438498029961854,Financials
2017-01-13,99.15027238061865,107.17279055822519,91.3453776911796,99.35201511749918,1049487,0.052478556047918616,0.05746214523686367,Financials
2017-01-16,102.40112980231723,105.93067851641507,98.1573626969216,101.66141501886261,1544589,0.022978579246222076,0.05616598912962462,Financials
2017-01-17,105.01768009818669,110.17962273264304,99.87439772786705,105.03546913711432,1399793,0.03265026336842147,0.05198939250994885,Financials
2017-01-18,107.34140111476952,111.11928381488258,103.67834292746468,107.45243651068648,1273280,0.02275020417262427,0.04921608986446316,Financials
2017-01-19,103.73269942268008,109.06151217823839,98.76068295804826,104.07317630171606,1138222,-0.03195402859017048,0.04599363618721555,Financials
2017-01-20,107.153468030058,111.49805522774135,102.5893607798855,106.92467130806368,1300440,0.027030310062477542,0.04410771641389713,Financials
2017-01-23,105.55350701087949,107.38802684124211,104.1567487031392,105.9855514177779,1234583,-0.008821802624371471,0.042023661990717415,Financials
2017-01-24,108.5614435254595,112.20020651556604,104.74779459388022,108.38049246548165,1142194,0.02234533656357896,0.03904438709878232,Financials
2017-01-25,111.69084599692134,115.54959233866316,107.07409291310952,110.90571416174518,747693,0.02303230437731769,0.03734258214232902,Financials
2017-01-26,118.07285911258045,130.01799575818092,106.4890853866337,118.40193717181033,1508040,0.06540466518164469,0.03598816207566988,Financials
2017-01-27,121.36291349996925,125.20930741878432,117.09757236195497,120.93025385938472,1091080,0.02112888145639336,0.0421637733344183,Financials
2017-01-30,125.06479294534694,133.26877334998167,117.64749330998501,125.80742967161433,1628913,0.03953843689435053,0.039864664430755106,Financials
2017-01-31,127.84075427487888,129.9472799600381,125.10114333072552,127.19706243425676,1225288,0.010985154653837668,0.040073013050538765,Financials
2017-02-01,127.56838011124225,131.3406791829103,125.10056480172867,128.84810749699827,1186013,0.012896692776907052,0.037453679971055316,Financials
2017-02-02,129.94129185020472,135.16284255046395,126.17892217197942,131.35941207876763,877868,0.01930292069930841,0.03531531137320855,Financials
2017-02-03,127.95954726740689,132.44925994148593,124.66248304532046,129.12223731581153,1657142,-0.017177638258838706,0.03396509069674195,Financials
2017-02-06,135.90316066661876,148.29593833435217,124.3339641946043,136.66213197307573,1156398,0.056752158008523,0.032667454710354364,Financials
2017-02-07,138.16320667499744,139.14903362080273,136.33399226518398,137.31375819648807,1156262,0.004756823322841369,0.037905820049117744,Financials
2017-02-08,144.26817196415726,154.18695206841073,133.8705607209754,143.7539895615696,1948317,0.0458349196463456,0.03539597519627884,Financials
2017-02-09,140.57504852045182,144.46316310741247,138.45207723324617,142.3139311296364,980715,-0.010068032743837337,0.03764871879525933,Financials
2017-02-10,141.3125132419524,143.7410938087996,138.2747803470353,140.69270903012819,1478277,-0.011457256502538956,0.035343254151807495,Financials
2017-02-13,135.723094255781,143.04563701011085,128.39969816579494,135.7221922553274,1318618,-0.03596805095198677,0.03345155901024871,Financials
2017-02-14,131.57918018117005,139.64541756149686,122.30016334928256,130.28719796166914,1237688,-0.040868863747899394,0.03448565707023181,Financials
2017-02-15,130.5550659265684,131.03513160464294,130.10620701090664,130.58616576521112,632354,0.002292054122787931,0.036082517074882095,Financials
2017-02-16,133.8353596603911,139.95409425352076,128.20281566598933,134.30191498917344,1171643,0.028057079527634653,0.03379861620810229,Financials
2017-02-17,135.99119040383226,136.6345104888812,134.08880049134876,134.72613610906504,1013285,0.003153734116347672,0.03364457048037734,Financials
2017-02-20,134.6373430805824,135.26372291790565,133.68406959148206,134.30892149715356,853836,-0.003101565647842399,0.031734170921559536,Financials
2017-02-21,129.51876900752708,136.49279422614634,122.73684732219004,129.7013140337205,1081460,-0.0349083083340243,0.030117918913550208,Financials
2017-02-22,129.08059703781092,131.89805675018954,125.03752934981013,127.82764061221646,1496734,-0.01455142382374373,0.03175625498005149,Financials
2017-02-23,118.74309201834204,131.59331364772834,106.67727912288893,119.45514689361835,1653530,-0.06774183766743144,0.030635426789603706,Financials
2017-02-24,128.15430878160365,142.3379903552794,114.2559054596969,128.41167547756115,1593264,0.07230035652093943,0.03923221871433006,Financials
2017-02-27,128.4009852678385,132.8290585871332,125.77949958581385,130.17142686397457,1096927,0.013610932328161192,0.045993856341444844,Financials
2017-02-28,135.69479940232304,143.46168260400867,127.49403103493228,135.23457178138952,1294091,0.03815858940256807,0.042663057541065204,Financials
2017-03-01,132.9297482847532,136.93841076381975,128.54594291670688,132.5429407311924,1181070,-0.02010416544975536,0.0421250623118929,Financials
2017-03-02,135.8808052673645,140.52381561465324,130.96358795096884,135.5968972377084,1102164,0.02277981960318318,0.03975227440146486,Financials
2017-03-03,131.448172443851,137.51379858069015,125.52354526013828,131.5830903807003,765670,-0.030047975429218315,0.03797410543047094,Financials
2017-03-06,133.77111456991207,138.94025831190785,129.361713755198,134.5066137673654,1232114,0.021974852737033968,0.03727007205124313,Financials
2017-03-07,129.90962713548927,136.27372637424153,124.49319644174625,130.8193652103657,919958,-0.027795890693017227,0.035828490611328194,Financials
2017-03-08,125.5133502954465,134.95047981807525,115.06841901303302,124.42361309981713,1560257,-0.05012550192424235,0.03525388379315888,Financials
2017-03-09,133.4468923580869,148.18276244721162,119.01780390756795,133.72373959237473,2027294,0.07208404879548347,0.038355624743638635,Financials
2017-03-10,133.08412046450326,133.76323029798002,132.96607545716512,133.64468806973494,1103993,-0.0005913302900758329,0.045346881625888076,Financials
2017-03-13,129.77747463254278,135.3410431701592,124.56035872693465,130.11053796109985,915181,-0.026800315542072215,0.041774683592824956,Financials
2017-03-14,135.85315970895255,144.083378505442,127.26579151288432,135.4729782613693,900918,0.04038781683655891,0.04004794487108804,Financials
2017-03-15,142.77135935574384,153.64457535093757,131.6740932410316,142.52883933755047,1708120,0.050772162541372144,0.040345342643751086,Financials
2017-03-16,152.7348719772711,167.43106273227215,137.3485144992027,151.9712271412202,1912218,0.06414684725562886,0.04229502585177684,Financials
2017-03-17,167.97585431271784,193.33490511206452,142.77947616581017,168.1173087930996,2309366,0.10097079454999641,0.04634995222616226,Financials
2017-03-20,157.46729905616644,172.6306714637517,143.09716684500412,158.19420349318156,1508380,-0.060838588063657516,0.05786121032179207,Financials
2017-03-21,142.54437734444053,163.9260339461066,121.0008567884677,142.35394916290318,2304804,-0.10550685832460675,0.05773678028396663,Financials
2017-03-22,132.17616391569038,147.0736285520794,117.16634230555148,132.04953466527493,2211437,-0.07513944115718915,0.06660768132187553,Financials
2017-03-23,127.2078432814681,135.6883938363409,117.88851866413827,126.30915657653921,1985115,-0.044444589453540774,0.06705338851596856,Financials
2017-03-24,146.1354126629271,168.89160012097307,124.21510076348804,146.8622609747592,2988563,0.15076262199281326,0.06319195960668421,Financials
2017-03-27,152.65753442348478,161.0691138237252,143.9623663422397,152.3574085112843,1118233,0.03673398513435957,0.08187786169452907,Financials
2017-03-28,180.31491415561842,207.36215127896116,151.87843954014875,178.68051710605735,2823888,0.15937025803176166,0.07527014838641179,Financials
2017-03-29,172.15089753062094,182.07213589564225,162.03628023455767,171.94569241144845,1388541,-0.03842070535146484,0.09188203340292651,Financials
2017-03-30,164.77730305560468,176.12637572515843,152.9177037279692,164.22901278565223,1359927,-0.04591681200059436,0.08411461846647594,Financials
2017-03-31,173.3787506126106,185.61418223788274,159.99211549760287,172.14013753199686,1520151,0.04704702501331108,0.07795170476297064,Financials
2017-04-03,171.25678751740668,172.4085160892109,170.4507342470326,171.6008434528777,1119048,-0.0031377959069880438,0.07275429887472726,Financials
2017-04-04,163.95677081254527,177.82340196231758,148.4756638429731,162.19313568925156,1483182,-0.0563832815241536,0.06584851758601402,Financials
2017-04-05,156.97482431335737,166.3021360442909,146.63072815993579,155.8938067378292,2032967,-0.039612771333378996,0.06360568355057018,Financials
2017-04-06,169.83548568074252,190.7974045437646,148.37241705065344,169.26377227380286,2030788,0.08228323144208846,0.05976555974685425,Financials
2017-04-07,174.36440167601128,184.89990208384006,164.97420917272797,175.451182272724,1331883,0.03590255967014541,0.06303266797436619,Financials
2017-04-10,186.46536461699753,201.89042480598573,170.06207745150843,185.3989174397581,1619009,0.05514897353965791,0.058922345966565204,Financials
2017-04-11,198.51323464024534,224.1846786555478,175.1201674688155,200.55142802778795,1968034,0.07856089868541616,0.057738078213035164,Financials
2017-04-12,203.520658104822,209.36136519499098,198.23036268394532,204.05712491018602,1626935,0.017329265966216006,0.06076776086813374,Financials
2017-04-13,188.06825618278265,212.45513961923055,162.88912940725,187.15797652936723,1907965,-0.0864469242228963,0.05567065768949139,Financials
2017-04-14,175.69827920337656,193.12602287951705,157.80547880220604,175.182013392766,1189719,-0.06612754454268081,0.060830406115727174,Financials
2017-04-17,155.19649619520237,178.54709197155367,131.91702176592202,155.2583408448293,2354809,-0.12073506532982003,0.06096063048107421,Financials
2017-04-18,170.7130758828868,195.14646138966282,146.3376265916138,170.76377322423323,1715156,0.09519071367833262,0.07252242532451218,Financials
2017-04-19,203.39753063439258,234.64608774759148,172.8879010392337,204.04007630225348,2453837,0.17803526871471625,0.07527810130142831,Financials
2017-04-20,210.57758472167632,218.72070070510188,201.27230592449806,209.36867282095739,911022,0.02578025574813976,0.09689126670854638,Financials
2017-04-21,204.4402258463481,211.7247769229724,197.20119595068476,204.48419028907932,681573,-0.023606019365627826,0.08780676106926652,Financials
2017-04-24,190.15655761566163,210.55359945835917,170.6634601748623,190.97645381675304,1680350,-0.06834052139359877,0.07969697895230261,Financials
2017-04-25,186.43608893183537,192.5889200621964,181.54429473969822,187.66488418594216,887679,-0.017492300695515023,0.07669322520895411,Financials
2017-04-26,177.94647960974672,191.2233247337631,166.9373804945598,180.0821001701097,1455637,-0.04124498234649324,0.069651832150378,Financials
2017-04-27,184.79885103642266,192.80374749894372,177.137501260698,185.12872200574225,834001,0.027638518792214302,0.06508666885651719,Financials
2017-04-28,185.4594880038887,186.61917048608672,183.20578703795482,184.3585855515713,757525,-0.004168682137106148,0.06003001522925409,Financials
2017-05-01,177.16965925909838,189.2218007161001,164.19942329163675,176.18455184135738,1845971,-0.0453506599546156,0.054639627280515156,Financials
2017-05-02,184.73897315594093,193.63991328036735,173.16973630494138,181.93560696238183,1481035,0.032120780913629986,0.05288566392918566,Financials
2017-05-03,184.21423909980675,187.40941927179284,180.85922987088543,184.05158888891873,1355056,0.011563276134714535,0.049922704697961104,Financials
2017-05-04,186.32645912392812,189.78878257902468,182.8758704917313,186.33798058042248,920654,0.012346031971414925,0.04597692419826506,Financials
2017-05-05,185.49533856851497,186.48293779248073,185.06107919140354,186.04738602825134,1374399,-0.0015607198199252637,0.042590676477396894,Financials
2017-05-08,193.09225327159035,208.5026394511814,179.62101579588588,194.90493852060283,1531202,0.04651054007418497,0.03938956657790585,Financials
2017-05-09,201.10390237786902,208.03341538428847,192.56206117863684,199.43403493274357,1020011,0.0229715847529041,0.040813170850291416,Financials
2017-05-10,198.23162811838938,204.0471661666582,189.83389449377847,195.57138887835563,1505796,-0.019558056412658172,0.03888092061401119,Financials
2017-05-11,207.44346588977288,231.06274364597994,186.06842784672554,209.4780603669835,1640015,0.06869353681934459,0.03696969604731069,Financials
2017-05-12,205.2362559910291,210.57640763003263,201.9376906999696,207.24554890315926,914119,-0.010714693253170246,0.04360306228669071,Financials
2017-05-15,209.58272298925883,210.3970485029457,206.97574140794814,207.78307445730238,1222290,0.0025903073881670562,0.0404747122330481,Financials
2017-05-16,210.2914105307675,211.19469804758515,207.48386334139897,208.37893599881468,1016880,0.002863605681080938,0.03757084399016373,Financials
2017-05-17,211.28873818834796,214.59568237176754,207.2689766496573,210.5645869217693,659187,0.010434202383507115,0.0350782652098288,Financials
2017-05-18,214.989632023886,223.18972916940137,207.39981221337294,215.57909928424334,1316019,0.02353545994773001,0.03317708002540107,Financials
2017-05-19,222.69153119541457,232.1154379745409,212.36368828541208,221.7476517779989,1409226,0.028212139391616507,0.03261384050448787,Financials
2017-05-22,213.74660632243666,226.80731492705684,199.88735609352938,212.89609532919002,1409710,-0.04073580029903291,0.032715727033332746,Financials
2017-05-23,218.706074845841,224.4150111733039,210.9785386734549,216.63337071545436,1492127,0.017402157458701783,0.03471549870239566,Financials
2017-05-24,218.41274651132073,219.19554465538195,216.37332529217602,217.15160345992726,760344,0.0023893542740056877,0.033310027660712706,Financials
2017-05-25,198.82876312912512,224.8366263450126,173.68039419971328,199.5917525661532,1797288,-0.08432169985077313,0.03144046288277198,Financials
2017-05-26,208.94416961666786,221.38710861798344,195.30777601347862,207.67514254756102,1153956,0.03970100090738299,0.04424166051229261,Financials
2017-05-29,208.56939024714342,212.20364896766486,205.8594402493944,209.48184343109082,458292,0.00866202528420836,0.043615192775742315,Financials
2017-05-30,216.98896526952427,229.73780827473288,204.77301696248867,217.4934582463537,1940792,0.03753170364174064,0.04041141713669259,Financials
2017-05-31,233.22772858596613,257.3645359037481,208.9126330289156,233.02885930543502,1319517,0.0689935325275452,0.04022139262549638,Financials
2017-06-01,237.6118662775764,243.61730754014948,230.99884416413218,236.98853115256568,1355924,0.01684944262718362,0.04591540557788729,Financials
2017-06-02,247.0597764570409,260.4074507392826,232.4066992764767,245.67981989833123,1298705,0.03601739485521519,0.04276874013847637,Financials
2017-06-05,232.93526868254835,254.14963835822581,210.1499602330162,231.2069223214279,1644399,-0.060716065871470604,0.04192755676460874,Financials
2017-06-06,207.05749498609993,240.56678164290753,176.0776893000638,209.2577719676657,1823630,-0.09974622648688578,0.04537953405706039,Financials
2017-06-07,203.67200887025604,212.4888612697277,194.50401431139454,203.30497814703935,1539173,-0.02885964366066684,0.056919576102995445,Financials
2017-06-08,222.29889501881314,249.48820179663238,193.59832739181,220.57703388483432,2225125,0.08153978685774456,0.05307355621991853,Financials
2017-06-09,250.44075679616213,288.1285938576576,212.8746432767378,250.5466033544849,1805846,0.1273979506598231,0.05788568408496218,Financials
2017-06-12,238.26083951503318,256.01230210877105,221.05726500924249,238.77183153047662,1569367,-0.048136528410928754,0.07221590969056364,Financials
2017-06-13,257.3872720397653,288.6534715275109,227.0962810974499,258.25979631245866,1875618,0.07845762458068918,0.06796821974325161,Financials
2017-06-14,261.9482614966329,270.2494080740737,254.75790613232277,263.02937661329287,1303088,0.018299683362987377,0.06869558169402312,Financials
2017-06-15,256.42382840648094,270.96102562335864,238.91515928318927,253.27377336417598,1764027,-0.03779471226008286,0.06265379571184816,Financials
2017-06-16,233.88083494774946,262.78983394400325,204.41006071109268,233.2398275543751,2063554,-0.08240378482404587,0.05877639436801965,Financials
2017-06-19,231.51680257796275,234.68762951196462,230.65624657929956,233.81851795726908,1051125,0.002478023161690847,0.06230801867274489,Financials
2017-06-20,228.26117862761228,237.61065004415397,218.20105008852028,227.52017014314123,1495747,-0.02730635573616163,0.05662819476689136,Financials
2017-06-21,226.716056022093,227.7176837104009,226.12354695678582,227.12410822468487,481236,-0.001742294085689404,0.052699596901532905,Financials
2017-06-22,226.63449862935576,227.5615964920639,226.3727328293459,227.2990631114149,793090,0.0007700086897419922,0.048189763945981304,Financials
2017-06-23,230.81109160726012,235.55303105516757,225.69948578181845,230.43367125019597,1853768,0.013696451688079085,0.044248069069088895,Financials
2017-06-26,230.80744280472814,234.9649643970201,228.10124043704513,232.24194261170092,1522766,0.00781662363165227,0.04116372445978221,Financials
2017-06-27,240.41031058812013,250.9261469946025,228.65487978978368,239.11401465143103,1008244,0.029160802576110492,0.038271748194595626,Financials
2017-06-28,256.4865142655192,284.46578765165606,228.93045400812312,256.86866986442703,1730322,0.07162445515262603,0.03740767606960984,Financials
2017-06-29,248.3555054214728,260.4502722718205,237.32472096881588,249.37424039881594,1433201,-0.029610200463611156,0.04459794579943867,Financials
2017-06-30,241.1780458340223,252.49407526582715,231.6298305205969,242.87853764735422,1985787,-0.0263932683159628,0.04269304406279811,Financials
2017-07-03,238.69749527248712,247.875361390567,227.62961277685537,236.7319022772052,1056809,-0.025633186494347402,0.04077557480818852,Financials
2017-07-04,268.8208755017607,310.4179883811384,228.4977441764966,269.928685548816,2552029,0.1312295097041672,0.039098299684623646,Financials
2017-07-05,305.6382117921986,351.48394356102835,259.4388205017591,305.2221417667754,2378417,0.12288204864916505,0.06249895409654732,Financials
2017-07-06,312.2260281539745,320.7665291862972,302.33658273622217,310.83914761457174,1345610,0.01823572297462015,0.07409382627832246,Financials
2017-07-07,319.5967972298287,332.15930678698044,306.5496450702867,319.0923251570217,1072111,0.026204913328376878,0.06739285802598705,Financials
2017-07-10,299.5097689250086,331.74957283028436,265.0269252346089,296.9961594078207,1269651,-0.0717612740334312,0.061939022213067255,Financials
2017-07-11,315.53107646187647,338.53928856036185,289.05515958126153,311.79062142039265,1427938,0.048612669907682565,0.06278221122104455,Financials
2017-07-12,337.0024576065509,372.47453496319804,299.25144623912405,334.4554294705488,1984133,0.070171748120327,0.06006466172364644,Financials
2017-07-13,356.29322686287645,398.7862153453482,317.50349967775605,359.6328974409936,2045803,0.07258015638160319,0.06103131987365385,Financials
2017-07-14,339.3036033733412,368.10239265199533,312.6168112897315,341.2616008166846,2142079,-0.052434440853345546,0.062209641290341004,Financials
2017-07-17,361.7047059930692,397.3706775325148,327.77017053890404,363.28763436458587,1422447,0.06254556067773023,0.06007026855041327,Financials
2017-07-18,374.5524560529765,391.04918987404477,357.6354714592471,374.1128430282853,1527221,0.029362569567087153,0.05977910843303671,Financials
2017-07-19,403.13825513060533,444.40623109130263,359.5338186392418,400.5353427729645,1544904,0.06824453800566538,0.05557119323693089,Financials
2017-07-20,364.35919417695516,415.37386725561163,315.60426621997226,366.3522485594227,1959610,-0.08920671091634289,0.05717624995889514,Financials
2017-07-21,362.2131830617652,376.43998400640754,342.86636123434243,356.88383928109266,1029254,-0.026184949655677074,0.06252179170790326,Financials
2017-07-24,370.3729733098945,390.698078246984,349.8675514605689,370.1821865148387,1604292,0.036584931770175806,0.05770638863214111,Financials
2017-07-25,383.2863752693739,409.6814158377902,359.54709822287424,385.78724460794353,1449412,0.04129075730005739,0.05444988903629856,Financials
2017-07-26,412.8130969681933,459.6120305935951,368.08718497830694,414.6834740610405,1801293,0.07222947837389382,0.05222615559864633,Financials
2017-07-27,385.79783450263824,426.31109741164937,348.7821978868092,388.989257534264,1611917,-0.06396378846717096,0.055359025414253214,Financials
2017-07-28,371.5723403847606,403.2969825062392,336.0923908169734,367.46647654098615,1487138,-0.05691963344854644,0.05626190799389669,Financials
2017-07-31,371.7274290699551,377.8033859247303,365.42046149199757,371.49257968812185,1058221,0.010896795841291523,0.05584172753128694,Financials
2017-08-01,377.5480627323176,390.6477729660197,366.05591510637055,379.1081383546291,1802279,0.020292599822087597,0.05111213017360762,Financials
2017-08-02,360.25162173595277,387.797270540697,332.7662788753829,360.3076527986907,2368034,-0.05086323225625028,0.0474523795171323,Financials
2017-08-03,353.97597825666674,362.6117885643165,347.0033071620835,355.60698956805504,1373800,-0.013132098452788957,0.047848123440771995,Financials
2017-08-04,369.13295463885123,389.2082999607534,348.68293159542026,368.73672808285113,1595647,0.03625675621681854,0.04424276364456389,Financials
2017-08-07,391.6577105355154,416.22949301503996,360.3644456819946,384.4863095179241,1643405,0.04182526701002512,0.04316388031250049,Financials
2017-08-08,372.2633925134609,392.8115978449597,350.1387727167265,370.5948794147295,1773795,-0.036798685634492616,0.04304531792163322,Financials
2017-08-09,398.9579552644532,441.7970281415407,355.3499279989092,398.0965000435067,2007692,0.07158494157392467,0.04225447911930184,Financials
2017-08-10,414.2046062407103,440.53920918774,388.5708546424754,414.8646120173487,1187444,0.041257792585303675,0.04792716748918241,Financials
2017-08-11,399.78894860318235,426.36845374788425,370.4923004880139,396.8782941425103,816706,-0.04432256108723984,0.046828853543309235,Financials
2017-08-14,385.23818406522264,404.35502932690696,364.9098644902449,383.96345321773913,1259182,-0.033082295667845374,0.046357595198029636,Financials
2017-08-15,374.649049218372,390.02031693848147,358.27513068394796,373.60350119501675,1343925,-0.027352296328485667,0.04453523379341031,Financials
2017-08-16,402.968448008317,443.594485087036,359.2928312222512,399.5769476907183,1776404,0.06721127883090983,0.04241381681001094,Financials
2017-08-17,420.69358714102026,453.68037129046,387.9113906488517,420.8833849616065,1144896,0.05194944332279486,0.04708236278509692,Financials
2017-08-18,420.33077718436385,425.868415420651,411.7065279498634,417.2029588143806,1522660,-0.00878298479335996,0.04773060661225902,Financials
2017-08-21,382.55385683771715,432.03762883202006,333.8874688219673,383.27899300014167,1825497,-0.08480964992840147,0.043978855934885784,Financials
2017-08-22,346.80113263975323,398.8213025357162,293.8323028771206,345.6850622083772,2112190,-0.10323502952944832,0.052213152783756045,Financials
2017-08-23,305.7009675389,353.25911299158605,259.845822408065,307.1818373839879,1983725,-0.11808825929359427,0.062286365740728454,Financials
2017-08-24,343.4308070270105,395.5242519805396,291.9161859729589,343.934132156991,2126548,0.11301028632497667,0.07276948971374546,Financials
2017-08-25,360.072854276439,385.8400434160903,334.72215498916273,360.46195008684083,570395,0.046936240793488126,0.0790697010797885,Financials
2017-08-28,386.83810619288164,429.222109087982,345.051817928122,387.3775500477685,1530329,0.07201339543304892,0.07370254885722291,Financials
2017-08-29,399.22167526680175,412.9187680024034,382.7419156543062,396.340144535326,1083213,0.022872994435898845,0.07227407512179292,Financials
2017-08-30,382.60991907251804,402.63317115069344,363.08201233194615,383.0812103248399,1599589,-0.03402578930852834,0.06600992068574353,Financials
2017-08-31,371.3617562701791,387.7897303055828,356.93193725551265,373.2851740048799,1122183,-0.025904335006731793,0.06131485019031503,Financials
2017-09-01,365.8751802966147,377.9947669795407,353.037192075068,365.13216648365085,946440,-0.022083281103500378,0.056641538369908075,Financials
2017-09-04,333.67129366780694,379.88183119952345,286.8220288375168,332.92988824300835,2424961,-0.09232746599956212,0.05234273388706639,Financials
2017-09-05,365.0788873841144,420.51052976338855,311.7947673837457,366.9528940885427,1639695,0.0973015638385507,0.05975335621789661,Financials
2017-09-06,396.3551436786519,443.9261187477646,349.5302362807896,397.02238435953126,2004096,0.07875917704052127,0.0661551964115927,Financials
2017-09-07,342.00295341389926,396.2150932926925,290.7025104018144,344.5348637327761,2642184,-0.1417973765756323,0.06731759951914619,Financials
2017-09-08,300.60814217714966,348.4408531408177,255.5169208505772,302.99204620940674,2420176,-0.12848873126835225,0.08210543078612932,Financials
2017-09-11,325.3545403693107,359.77788792961326,290.73520690231896,325.1353651616815,1498181,0.0705350487732111,0.0892717453683041,Financials
2017-09-12,306.03164504156626,333.47248835621014,279.5310629614145,306.8969737793283,1989042,-0.05772950283524304,0.08498137785831994,Financials
2017-09-13,335.1123498906793,379.5791394678035,290.7553526887675,335.20930839639107,1440399,0.08824303693250334,0.079858449714476,Financials
2017-09-14,334.0933532245732,339.5810046019451,326.112660284214,331.558678351847,1329770,-0.010950335336728822,0.07981179504121096,Financials
2017-09-15,344.3084051942887,367.93952004365565,322.39873536251406,345.92686159788013,1610590,0.0424225674835739,0.07220751054258992,Financials
2017-09-18,344.97230816417175,347.35638557471003,341.95705955272973,344.3367446319876,770945,-0.00460728267963608,0.06738761605659711,Financials
2017-09-19,336.7706191229517,352.5864562385578,318.05027547199734,333.72298587680325,1820890,-0.031308822123091946,0.061123290947776916,Financials
2017-09-20,334.11244890698214,334.30413486127514,333.40397931197583,333.59536860856934,683770,-0.00038247792506196,0.05688481087636296,Financials
2017-09-21,345.2227300123659,363.32883790535845,327.26693308671133,345.36560950178045,1613859,0.034674806271710205,0.05185293926245782,Financials
2017-09-22,333.961269710344,349.0284661762757,322.8488704054375,337.7887106307477,1630463,-0.022183010052921635,0.049308550745504644,Financials
2017-09-25,348.75773733846654,373.68182198464945,327.24385606782226,351.9697977647679,1539335,0.041124786573103256,0.046031287528688666,Financials
2017-09-26,360.0494543952975,370.99897856230547,348.2554633364912,359.17850078769277,1433862,0.02027411148356025,0.045263569853045624,Financials
2017-09-27,350.3374533831075,367.07266612703376,331.30060474896084,347.92035553972966,1372846,-0.03184589140616497,0.04243452066584949,Financials
2017-09-28,349.9089381235244,352.03337178641186,347.2105220111448,349.3314495154141,1073131,0.004047593400119667,0.04114213114594714,Financials
2017-09-29,325.6474183425621,362.9588281560836,286.56012049456467,323.6417258983792,2354882,-0.07638406389221858,0.03816539553095388,Financials
2017-10-02,322.68977155794846,325.90671735463644,318.2928366702312,321.49790051440107,1013106,-0.006646106323020483,0.04626507014293725,Financials
2017-10-03,327.39175025240655,346.8395195651448,312.2850918206517,331.5413867275808,1038524,0.030761635299012463,0.04264963049843758,Financials
2017-10-04,343.65690373156724,360.62616161012613,325.7181236638949,342.6370212908346,1322514,0.032918991188206945,0.041196292506280506,Financials
2017-10-05,342.874970028335,343.022707784811,342.39101911280875,342.5386119395181,972784,-0.00028725292383561656,0.04025241123383549,Financials
2017-10-06,334.649197539678,351.54189449453577,314.4843759762595,331.203118946512,1835645,-0.033652547362136936,0.0373659961093851,Financials
2017-10-09,327.3839759608569,332.4832023676317,323.527720977963,328.61247687572603,663220,-0.007852664895150454,0.03724041116571347,Financials
2017-10-10,300.5127732908938,342.93558517770015,256.8738406006659,299.09675604905794,1749724,-0.09411205481048765,0.03491028832488277,Financials
2017-10-11,301.2373877124956,304.6504614750275,297.90108958191945,301.31332234468914,1048564,0.007383541500632871,0.04902595653160672,Financials
2017-10-12,316.94368319066723,340.12136336578976,293.23154977489014,316.36706242159454,1406946,0.048752468034264404,0.04506676196305797,Financials
2017-10-13,310.6733469402587,318.8321913222225,303.1718005115102,311.31514790984545,979508,-0.016097392974816955,0.0456216056050501,Financials
2017-10-16,293.00285050422946,319.59992108457743,266.53142536476906,293.1180850477893,1363010,-0.060230187963258464,0.04247273981595777,Financials
2017-10-17,290.6386494926252,293.884164355344,288.33559389381196,291.57369930937233,1122663,-0.005282746812542395,0.04568695911628013,Financials
2017-10-18,289.81934589625894,291.607770400982,289.7990270013231,291.58732755492264,611059,4.6739219272270765e-05,0.04211917257873112,Financials
2017-10-19,302.8663785001612,318.5464703547119,286.2008360134064,301.82712322215883,1440604,0.03451487293329555,0.038977173918291474,Financials
2017-10-20,289.28722546050864,309.4708289205113,268.00817017103833,288.1096113577458,1624484,-0.04651341108679066,0.0386531698229993,Financials
2017-10-23,276.44728017122526,296.3249615376541,254.87794860730077,274.62456969314326,1480924,-0.04793603890554229,0.0402464736533751,Financials
2017-10-24,310.2696170581174,356.81005961683496,261.433603000258,307.5689447061859,2255641,0.1132943087271184,0.041719329897764446,Financials
2017-10-25,322.0292744896788,342.5884181521736,300.4524197843255,320.9421593321253,1759025,0.04256164535574167,0.05846145780074377,Financials
2017-10-26,323.9047786454356,327.3300996018725,319.79481134229036,323.212814720571,1461670,0.007050057470102869,0.05573076068796033,Financials
2017-10-27,308.2044680867649,331.718941431873,283.7475809002423,307.1842139082704,1339618,-0.05086336243182645,0.050913550711345276,Financials
2017-10-30,307.3253588174817,308.2584877216026,305.6322282833394,306.56304257429804,1251676,-0.0020241933125018504,0.05061436517936466,Financials
2017-10-31,314.9599027984849,335.38219840677823,297.7073476223309,317.9650313372805,1069450,0.036517992762171624,0.046368801729104694,Financials
2017-11-01,302.0021378928817,325.8996131702231,277.75832689084245,301.62604161206525,1464639,-0.052753435111592265,0.04494538005558659,Financials
2017-11-02,288.7241641540143,306.5951101491298,273.39102810663945,291.13399629900096,815430,-0.03540434770398066,0.04618991760204648,Financials
2017-11-03,300.21002234750836,320.96839848626195,282.3297655673173,302.9263589778584,1606249,0.039706106723498565,0.04466348582364266,Financials
2017-11-06,280.4818482656305,312.6115844378728,249.09415076296898,281.14920543580837,1731011,-0.0746042276811577,0.04395847824260596,Financials
2017-11-07,292.7600767262812,308.40053173842495,275.77834320644234,291.3430973135812,1405551,0.03561609261991209,0.04980709653964816,Financials
2017-11-08,291.5667009922216,295.33038356372293,289.18291344180363,292.93540577311023,1056807,0.005450525368193727,0.04769563293001141,Financials
2017-11-09,297.35604260426373,303.4563539073304,290.8769645571219,296.9693426427381,743382,0.013676783449317194,0.04386747034527874,Financials
2017-11-10,300.08479176233146,303.37972690045007,295.8664529942666,299.1511365857131,1433199,0.007320009163117225,0.04083554976271356,Financials
2017-11-13,310.0234496507508,328.51091934445395,292.31626960605195,310.76158050210233,1781508,0.03807707678165736,0.03797461098761464,Financials
2017-11-14,312.7724895888021,318.8548402214035,307.9253642135884,313.9888643363123,1455865,0.010331525387854316,0.03835539636301474,Financials
2017-11-15,307.7618823608331,320.14247547971195,293.38320459935284,305.680050121894,1594137,-0.026818554275159348,0.03595719964982192,Financials
2017-11-16,318.0027223899501,334.8739771801231,299.88382999711087,316.6851843811651,2164022,0.03536920410277642,0.03524516127551657,Financials
2017-11-17,299.1630062449049,325.5363457230673,272.2849776538255,298.6095237247315,1600483,-0.05877139202292128,0.03579698596948236,Financials
2017-11-20,274.31808253943194,309.34298050025063,239.22823619239378,274.2436277788288,1959256,-0.08511991538334948,0.04053703049862234,Financials
2017-11-21,264.523127897085,278.515980624806,251.29535670787536,265.2517727451453,1802747,-0.033337403032564626,0.05001410473603698,Financials
2017-11-22,285.11837419441775,319.15155403897165,252.42721290973915,286.3223473519681,2177428,0.07643880400446589,0.04762180072384043,Financials
2017-11-23,294.60988629294894,305.4868321136352,282.62272068733233,293.45710606216545,1109720,0.024613217516334343,0.05282709851004414,Financials
2017-11-24,314.75921543274904,346.17257102655225,282.3439342829489,313.64621063321925,1890868,0.06653415066416038,0.04922838044327565,Financials
2017-11-27,291.45417910828417,323.5096447243937,259.47305492164105,291.5211696936598,1849057,-0.07315300649657439,0.05198813069869397,Financials
2017-11-28,295.4785829701367,302.40656149491497,288.93646315960905,295.8560835357063,1065681,0.014760505357707196,0.05536169199689229,Financials
2017-11-29,293.74104752667904,296.850543046589,290.7382300104613,293.84664603180084,1821967,-0.0068151127021610575,0.050839103359217985,Financials
2017-11-30,286.9064724292286,297.5179505270208,276.08633423247664,286.6897984606171,1105148,-0.02465722948654107,0.046633232875995995,Financials
2017-12-01,287.7475701990095,296.50639542394725,281.89966098759396,290.6005058491987,839951,0.013548702212315408,0.04394227544934708,Financials
2017-12-04,273.9538198423948,296.82763781017707,254.5618858582952,277.2055301710267,1662001,-0.047190274612112254,0.040893446382993116,Financials
2017-12-05,272.3546159701643,279.5230190933184,265.2813394671273,272.44733460988647,1130229,-0.017313889290600012,0.0420934373549841,Financials
2017-12-06,268.9414613696107,272.66141789931595,268.30547256248275,272.0181533762414,1443977,-0.0015765235152886718,0.0395278583917906,Financials
2017-12-07,265.0545553907905,274.37680429396676,257.905312269123,267.17048868939605,1237715,-0.01798181538168452,0.03674689218413305,Financials
2017-12-08,275.47480855979893,289.5530691802152,261.9854521088574,276.03622164484386,1242541,0.032645105908751595,0.03505380322899339,Financials
2017-12-11,281.65890056847076,295.22618832928964,270.1637458012248,283.64978109759403,913305,0.027208217088223376,0.03525437189374718,Financials
2017-12-12,275.7757337562568,285.6265515241676,269.84118642582337,279.6095035047982,1280393,-0.014346312610856601,0.0347180018386152,Financials
2017-12-13,290.9180019563491,302.6795575615332,275.6350355720991,287.24822538015394,1063996,0.026952739319649477,0.033092963363260994,Financials
2017-12-14,278.4086141475107,291.0404649853877,266.74050300211707,279.3335881588255,1178746,-0.02794001467021535,0.032940596577090926,Financials
2017-12-15,280.00573940190907,288.64876964057527,274.46207361385774,283.04493268649355,263838,0.013198933707317471,0.03294181211241271,Financials
2017-12-18,275.7462707884701,284.7484717295703,270.6423801416609,279.57373708057963,511704,-0.012339582163015622,0.03153192296468969,Financials
2017-12-19,283.5418174988845,286.481246964999,278.5942315999171,281.51262477253215,1809283,0.006911219168170911,0.030302632325832225,Financials
2017-12-20,275.5967659138755,284.0805085830231,267.76123436182553,276.2270571301509,1164448,-0.01895409651867637,0.02901317568378601,Financials
2017-12-21,265.13610289280643,281.2516075359733,249.4598906383944,265.5508719955214,1492619,-0.03941676767359458,0.028762825953519942,Financials
2017-12-22,248.99313410407177,272.95073076975603,225.27428708620823,249.2111187442499,1522251,-0.06350602692508985,0.03154191436075344,Financials
2017-12-25,243.23455882970453,253.64490515212677,231.8347423272475,242.20084614095927,1290515,-0.02853307899587529,0.03874101454020556,Financials
2017-12-26,237.39839721144384,245.4283446957138,228.79065267651907,236.8003720955131,864037,-0.022549850317980978,0.03772019957040609,Financials
2017-12-27,242.35175154292926,250.95797400962255,233.81997458589902,242.4236653898415,1543401,0.023469404567844868,0.036256380499292994,Financials
2017-12-28,253.22350475975503,268.91404388037836,236.99275709300352,252.64761205794127,1893397,0.041308801186023834,0.035131781112590736,Financials
2017-12-29,248.04551563267424,254.4727919043973,242.5062030980251,248.91408267044784,1255630,-0.014887892706627772,0.03665182387860605,Financials
2018-01-01,239.49366204613773,252.93287539183683,227.04850801385697,240.43861728950733,1747486,-0.03464296000140284,0.03475532128019095,Financials
2018-01-02,240.09257974535188,243.7732131292148,234.34537975625082,237.9938393259124,1254333,-0.010220039252543648,0.0353039103709526,Financials
2018-01-03,236.09001510307792,238.6168651631027,234.21611897205148,236.7378272110541,1032013,-0.005291473622065438,0.03335806124961002,Financials
2018-01-04,229.11000607747906,239.7938125649031,219.7338990927228,230.36629323465013,952983,-0.027282693134422407,0.031534237809564054,Financials
2018-01-05,228.975462277152,231.01463380402944,227.01999085093883,229.05845362410972,1197644,-0.005693394412269013,0.03173607293103812,Financials
2018-01-08,228.45296225094734,229.14170730246107,228.20349837695443,228.89176426964954,1339888,-0.000727980270817925,0.03017623023270774,Financials
2018-01-09,236.48500734752847,246.62980870702398,225.4283782209441,235.53231051994368,1483747,0.028598856993887225,0.028784777055539494,Financials
2018-01-10,239.5379849112464,247.88941954971062,232.12126729107558,240.4446298494847,1058258,0.020641730017388425,0.029757938525933076,Financials
2018-01-11,232.582463877781,244.17047312201765,221.01845345874204,232.60532599737837,1344100,-0.03314669623334311,0.029535403788795288,Financials
2018-01-12,237.32312663398858,247.98308201510898,228.10267793867564,238.70879741056453,987854,0.025901250687445414,0.031027045980105403,Financials
2018-01-15,239.68712883692726,243.24379816646046,232.85172060560035,236.35900456521608,895889,-0.00989253322805113,0.031157234856086694,Financials
2018-01-16,241.87071340553234,248.59298052823593,234.08728430072796,240.77921563165017,1143468,0.018528540938405287,0.029854613699595734,Financials
2018-01-17,240.5110886653327,243.85414678545624,238.6756721412286,242.0073121049583,835833,0.005087545122595275,0.029402965695956514,Financials
2018-01-18,232.7941070255024,244.65225187430312,224.80021153740228,236.53006757942305,1340743,-0.022892605516640522,0.02820478648528017,Financials
2018-01-19,228.08967865153565,242.06648576733815,213.1482601414966,227.0620995930842,1467076,-0.04085178893504602,0.02854853223276588,Financials
2018-01-22,240.01351780113896,260.56095195197173,219.70807015479284,240.2366288299585,1005965,0.05640084450901644,0.03165983659141737,Financials
2018-01-23,241.1702572159947,248.59816608835354,236.18905650204195,243.56745299479522,1465483,0.013769527446306799,0.03713535366191815,Financials
2018-01-24,234.16422961560284,246.7207331563011,224.55179522644062,236.9922102495122,1118842,-0.027366646064151054,0.03509512182897759,Financials
2018-01-25,238.34781355247983,246.398018342215,232.7428517784141,240.7368756388166,755668,0.015677262262310393,0.034607427793361074,Financials
2018-01-26,251.29496855810962,265.7214553534322,235.76948168782528,250.12903382830692,1095161,0.038272385311703495,0.03309087078915195,Financials
2018-01-29,251.57762362391907,252.12109116569627,249.9484018627033,250.48951883917965,849092,0.0014401586647457654,0.034579197580114615,Financials
2018-01-30,245.63225772782422,252.23452618290722,240.34846344667258,246.92296745127788,787255,-0.014340663369511284,0.03250981133096023,Financials
2018-01-31,247.12931522686802,248.35719963074797,246.26965336946543,247.49626131790785,937509,0.0023190607897284323,0.03124673519107797,Financials
2018-02-01,244.74577799950347,252.6071756159595,234.47145250758572,242.25277314548296,1459092,-0.021413777950092486,0.02969669130598641,Financials
2018-02-02,237.64016592444275,247.62032032946578,225.6712896789481,235.56426254117804,1416879,-0.02799794489341832,0.029568518098356217,Financials
2018-02-05,235.5590107661701,237.98701030107304,231.53968265710887,233.95110891410454,1471690,-0.006871596001940818,0.03028234713103475,Financials
2018-02-06,239.1584274090588,246.08930487773173,231.6028017724717,238.51503350767456,1413689,0.019320184654050207,0.028994814414885887,Financials
2018-02-07,234.50281491638722,239.46104957585516,231.66699749019614,236.59987265501974,1575378,-0.00806192860187261,0.02878454169555126,Financials
2018-02-08,245.25635638363127,258.6630220997257,231.9269874955314,245.3296687769354,1260607,0.036232479583526114,0.027795486619514274,Financials
2018-02-09,247.358953429711,252.49308502358494,243.06531192996425,248.18510326579604,1096424,0.011571958996467867,0.030248804069716098,Financials
2018-02-12,254.21966680393294,270.6924984662928,240.77243659031254,257.09326604519293,1226923,0.03526407006633253,0.029190386317602044,Financials
2018-02-13,261.4010921610627,266.96087152074176,255.21842757212946,260.76467078941175,1491745,0.014179434150319485,0.03111584995373195,Financials
2018-02-14,271.0858095874943,288.53613496267195,254.3265731148685,271.7366611383877,1303432,0.041215083637484794,0.030078486457899033,Financials
2018-02-15,281.95581070032557,295.2526966468914,267.19142878175876,280.4156831320185,1290514,0.03143964513100796,0.03284166174183551,Financials
2018-02-16,288.90382105427045,297.53484752949026,277.51066654699656,286.05663303554013,1548870,0.019916723943452574,0.033333579010761366,Financials
2018-02-19,304.3153161421174,329.72027325663805,277.1810092707947,302.4284460387756,1702047,0.05565489864610552,0.03237905767049578,Financials
2018-02-20,286.80521880596865,308.50070511441123,267.91189324314666,289.4341954255225,1182044,-0.04391674052394388,0.03746121810619183,Financials
2018-02-21,300.8045515527166,315.7687284014995,284.3101022607728,299.1941670278038,857214,0.033164783736459785,0.03888413949590311,Financials
2018-02-22,281.7325944300944,308.555696160806,254.0601761573775,280.79390772079347,1801156,-0.0634717749170887,0.038400084316475194,Financials
2018-02-23,247.62267304717048,286.9394214533234,210.4792720900949,249.51254039419427,2400417,-0.11811179973581536,0.04340452870471881,Financials
2018-02-26,255.41707915498455,264.246209488321,246.50322679895868,255.3293236434973,1098015,0.0230450011736269,0.0608253407321982,Financials
2018-02-27,245.56191448012197,259.50020805935407,232.63955141192747,246.527055739913,1770042,-0.03508243014951337,0.05603069223215325,Financials
2018-02-28,261.10906785608694,287.0795162050231,236.60113424407092,262.44608861367533,1568586,0.06257393717561692,0.052878798335351244,Financials
2018-03-01,245.0609474582898,269.2911503523457,223.42471429338855,247.4444772654643,1483129,-0.058859461668091966,0.05407641346059578,Financials
2018-03-02,244.22974204919228,251.4830053900517,235.3888311448215,242.59350052423213,791959,-0.019799017324156648,0.05439735497602509,Financials
2018-03-05,244.3256039500015,257.19610220076004,235.66692778436274,248.39327160985158,1284744,0.023626057538667828,0.050259903956936525,Financials
2018-03-06,247.91945946379892,250.43742655788373,244.21134429747323,246.71709975562192,902741,-0.00677092767554604,0.046952901356907155,Financials
2018-03-07,254.4897608505234,265.8154156765624,242.83621456131587,254.14659745601205,1282590,0.029668920767022534,0.04324970261057622,Financials
2018-03-08,239.31394143898228,260.558789854271,218.96855823625154,240.14292982790892,1566826,-0.05667696883960598,0.041574825912378835,Financials
2018-03-09,256.309937583536,279.7871250444307,231.88274742008508,255.26414341038756,1660825,0.061064578513121484,0.04432397476809289,Financials
2018-03-12,241.86822098706557,260.6635838343064,224.99179349667534,243.66199521073256,1665714,-0.04651686614448546,0.04723371892770889,Financials
2018-03-13,243.33697705116296,245.38605871351666,242.3062502998696,244.35103660881606,958738,0.0028238666225578932,0.04700417203162971,Financials
2018-03-14,244.520846640643,249.3426496267948,241.54320831687866,246.34282427681555,783437,0.00811829438313804,0.04322857716960543,Financials
2018-03-15,255.31351147941118,274.15705524998185,238.61176754599177,257.3238047494677,1267370,0.043611072093655466,0.040060627963631815,Financials
2018-03-16,270.6547329650509,291.1163394228711,250.1659919363056,270.62537924078845,1968745,0.050400267611952584,0.04085550111852892,Financials
2018-03-19,262.40126645989426,273.62844280079486,253.24565103750191,264.4029841287583,1470443,-0.02326110577618392,0.04261884118110627,Financials
2018-03-20,282.4835254485654,309.3320842850617,254.92459707846234,281.6985479750846,2320066,0.06336312602976879,0.04042591192769695,Financials
2018-03-21,251.03941994187716,288.6953329331587,213.09297381662466,250.69761625485256,1762122,-0.1165900235991473,0.044828967701569744,Financials
2018-03-22,276.7022620048445,319.8626366922192,235.1969227041178,278.1414232106254,1954158,0.10388220416135285,0.061210245192926366,Financials
2018-03-23,301.41208782017867,338.3870557902937,264.7143841612255,301.6592584641867,1282088,0.08116839622978647,0.06867373693396683,Financials
2018-03-26,303.57542963781714,310.43648101730366,298.324343708785,305.15802027912474,1335071,0.011531644563147469,0.06972167523487863,Financials
2018-03-27,304.76813099250523,305.447110028758,304.0262862542363,304.705124922135,853227,-0.001485236298694003,0.06331537271465694,Financials
2018-03-28,293.6869595359112,312.76431732647103,272.8371516488741,291.79137585473217,1898325,-0.04330542475272791,0.057509999362077756,Financials
2018-03-29,281.1827095392615,298.78815020238704,262.33952834590536,279.8622950836418,1365502,-0.041741401743071394,0.05502021440573523,Financials
2018-03-30,276.70369723757096,280.9039615235311,273.56675876605465,277.7551034548246,998524,-0.007557876295916213,0.05275538728437061,Financials
2018-04-02,268.9498598331401,282.0069148307837,255.85424734830667,268.90933493138726,965299,-0.032365524701009056,0.048322592378046134,Financials
2018-04-03,268.82645381457036,277.4338534039599,263.764448866604,272.3063224922547,1175602,0.012553340333234575,0.0460997551586078,Financials
2018-04-04,262.53561085343586,279.5353860605328,243.9139784020745,260.8014636515858,1299731,-0.043168176060217965,0.04270582973757999,Financials
2018-04-05,255.97856172713094,263.886894970727,247.59176656721397,255.4848467258196,853815,-0.02059634262660419,0.04287836317439174,Financials
2018-04-06,263.2914286658457,276.7708159535226,250.46771965012098,263.9166550493645,1017399,0.03247025316067746,0.04042863616610011,Financials
2018-04-09,254.96317707128074,267.6837741367317,243.3526066906714,256.02485674869234,1214934,-0.030358816291246475,0.039569272154646604,Financials
2018-04-10,271.6593325750299,297.37545234537976,246.60199312825813,272.2624797517536,1368839,0.06149206363046912,0.03861127423524949,Financials
2018-04-11,285.19274832066765,300.08901723955495,267.18526395435936,281.9100711432531,1515620,0.034821523353597734,0.04312604180638147,Financials
2018-04-12,272.03092884013114,288.00113823036975,255.17478369632354,271.0897383035513,1366903,-0.03913821970742172,0.04206857685741678,Financials
2018-04-13,275.41289689680747,280.5415209665533,269.36494818151584,274.4761281341633,1421882,0.01241438854784266,0.04178016471157897,Financials
2018-04-16,274.66248967026456,276.00098440265083,273.7485781972804,275.0856648573121,998604,0.0022182654648409583,0.03898183278289844,Financials
2018-04-17,271.52771661551924,277.9156692219613,264.43393730290404,270.8048845855153,1778367,-0.015683979241763943,0.03628229230550298,Financials
2018-04-18,272.0582919577234,277.02094707051015,268.3386290479875,273.28451881781206,1113618,0.009114867462089997,0.03449669359057446,Financials
2018-04-19,281.1145501604101,290.3151291433181,270.17130740268044,279.3129209869682,959079,0.02181928796797828,0.03262636382242595,Financials
2018-04-20,277.3359190781261,281.1710596381811,272.922732677313,276.74976764051564,1460149,-0.009219001930470289,0.03198430696659032,Financials
2018-04-23,274.2575873588395,278.57953143891075,269.54186922922935,273.8575085864355,1145794,-0.01050580252356317,0.030514672097133287,Financials
2018-04-24,279.29821787766883,286.5731558855009,271.3963479845306,278.65451944722395,1399185,0.017364803501941212,0.029350842467569273,Financials
2018-04-25,280.19617963068106,284.04674915092943,276.96291107489355,280.8064386317517,1403523,0.007692868522926078,0.02888612163209192,Financials
2018-04-26,280.5432030178897,281.46344554642377,279.2739449909555,280.1930389052835,1068604,-0.002186811202064894,0.027864017159624725,Financials
2018-04-27,287.82820601082847,302.9942436817963,274.1276099806966,289.2270622250289,959131,0.03173327177813469,0.02686708177868431,Financials
2018-04-30,286.5925617597172,290.01268570642037,284.23130297298565,287.6427741368385,1172381,-0.005492719402143896,0.028784060646541036,Financials
2018-05-01,282.4082315793031,296.3498529878616,264.58986969780204,278.33016980261027,1496160,-0.032911272523451135,0.027700960503340047,Financials
2018-05-02,295.3723286796199,320.9761515975319,269.32649867315655,294.8883705442191,1616328,0.05778880965224875,0.0296031645118054,Financials
2018-05-03,278.7999856312883,301.89626461132326,256.64761098559296,279.6744114527339,1711235,-0.0529707694581011,0.0360833736982005,Financials
2018-05-04,294.85030098219977,315.7241898279405,272.43414984245686,293.1905358293021,1850857,0.04719658026735618,0.039528385351575955,Financials
2018-05-07,319.94435621696545,365.1215644677049,276.1779622203615,321.18540300487604,1802131,0.09119584524863325,0.04103805766775636,Financials
2018-05-08,310.19455941115444,325.5579292173389,296.76336874224995,312.0465488033573,1309645,-0.02886616428605551,0.05191146376577699,Financials
2018-05-09,329.8650348787281,353.85173264656123,303.72844212872354,327.5465471101011,1562243,0.04847780199286978,0.04879373292066199,Financials
2018-05-10,360.5746083899404,411.21273380207634,309.17996905107043,359.6944935023581,1617074,0.09362486844400633,0.04855077023874388,Financials
2018-05-11,341.3238445844014,374.76939915950163,303.931607976801,336.9484250488296,1581454,-0.06532516475826415,0.05745071132104339,Financials
2018-05-14,366.5875809851623,412.54143203307785,320.39747796984483,366.31746892536813,1909908,0.08357048161937156,0.058142703391218784,Financials
2018-05-15,362.0614899895589,367.82132417276114,357.5269877020898,363.2716654995127,739173,-0.008349414694908725,0.06206498993656128,Financials
2018-05-16,326.28359926700443,376.69840809892634,277.34105937695375,327.5638331295012,1615985,-0.10346799776481727,0.05649873706130515,Financials
2018-05-17,332.2662870432264,339.9381507058428,324.82461168180805,332.4914328173157,1304856,0.014931147399154519,0.06526507347607165,Financials
2018-05-18,339.26529293107774,347.30161316993446,329.7824612948677,337.7836860868382,1230829,0.015791614814524735,0.05950684605209654,Financials
2018-05-21,313.85780417111397,348.28264914236075,279.8918545609758,314.27188713358015,1250803,-0.07214721477632403,0.05450007382033424,Financials
2018-05-22,305.4940457823478,318.35629347156566,292.90201915492065,305.753569642656,1073260,-0.027479044302767312,0.057070040539101245,Financials
2018-05-23,283.2148985523683,315.7034841131288,250.84640934526848,283.32267696510416,1533343,-0.07619300013887911,0.053092902567826755,Financials
2018-05-24,281.0742417908101,289.6945425466063,277.3084811076099,285.86460184661905,1252373,0.008931829206896582,0.056796928024197585,Financials
2018-05-25,306.5179740111409,335.457952446924,275.6928425977784,304.4362770445245,1379214,0.06294351585557437,0.05189103450824507,Financials
2018-05-28,307.15592511436387,311.72660497514687,302.7761057944829,307.3441023847283,1805737,0.009506180111942082,0.05337065203000471,Financials
2018-05-29,297.6685483810691,312.00096968752865,283.3044167204936,297.6352339739873,1531280,-0.03209928489121951,0.04891110628000944,Financials
2018-05-30,327.713255599794,371.9423947427174,281.7051796720364,325.6567694285382,2201439,0.0899752825316215,0.04656599260841172,Financials
2018-05-31,318.0573296752467,328.5582486322283,309.23308669074197,319.6887433955047,1659920,-0.018496126664784507,0.05521816778997733,Financials
2018-06-01,313.42709815949974,326.02562085549783,298.72526107686224,311.2356982111877,1741429,-0.026797348346668002,0.05089747389120245,Financials
2018-06-04,310.88700485075,313.0046695300652,309.82873445561086,311.94280515323544,756531,0.0022693569874305546,0.047750989105634335,Financials
2018-06-05,300.9348677403101,323.76210802819566,274.0647994233348,296.5602019701702,1408020,-0.05056961430290669,0.04387366027155231,Financials
2018-06-06,287.23697846299285,301.6505020242781,272.41163553603224,286.8034022871038,1415914,-0.03345326830459443,0.044983456249054296,Financials
2018-06-07,282.82102824239547,288.6843787952221,277.10354666609453,282.9640067791446,1137794,-0.013477266552237415,0.04343589809048897,Financials
2018-06-08,287.54356913046274,293.91836822286285,280.8105685240133,287.17724629239035,1071849,0.01477990300548811,0.04045475622717165,Financials
2018-06-11,296.23582128489005,309.855729880749,282.50142774115125,296.11581904496927,907764,0.03065105031701682,0.037974157937308524,Financials
2018-06-12,306.6705322288783,322.1072749759074,290.8072656153518,306.22140061753674,1545343,0.03355771340844727,0.03734370589093384,Financials
2018-06-13,321.1500508753097,343.9155788850645,298.28256762102166,321.04031685943517,1088609,0.047258341176668606,0.03720967502028707,Financials
2018-06-14,334.7109979252463,359.04286938147993,311.7931904418952,336.03444490808346,862511,0.04564695638010177,0.03927659040329064,Financials
2018-06-15,320.9880578351852,351.9231402538788,284.75342325970826,315.1232914015379,2359711,-0.0642497057934734,0.04057914657778459,Financials
2018-06-18,312.16119978094673,317.31872582793505,306.52192717359674,311.67136009126546,603168,-0.011014663899309121,0.04512801140940342,Financials
2018-06-19,324.30499393976413,347.38056296884395,302.7880312431938,325.766624144322,1439723,0.04423194852305573,0.04180225297918771,Financials
2018-06-20,319.60923571903976,331.25003827096464,306.3714032537305,317.9518401710998,1724054,-0.02428132283836344,0.04232508090755106,Financials
2018-06-21,300.63690374306196,325.51833202365043,276.7120903383024,301.52300250070687,1474383,-0.0530536185165229,0.040268689758691176,Financials
2018-06-22,316.67614272595006,338.5034224560074,293.9413847742153,315.70148506599287,1225864,0.0459507928029521,0.0426550919065929,Financials
2018-06-25,331.79058604207273,352.2704359237914,308.65829150320025,328.96364798623927,1429664,0.041150152622919184,0.04326992946990883,Financials
2018-06-26,312.6426143034786,336.5137043951038,288.76712307852256,312.63784935363043,2022081,-0.05090176237342961,0.043032890864989994,Financials
2018-06-27,318.440188643446,324.94864352005027,310.44938701495795,316.9269127301408,1277893,0.013625698239346501,0.044385945623211354,Financials
2018-06-28,299.87454118042615,325.3731460088474,273.99748315418555,299.46091715580053,1866059,-0.05668727267976488,0.04127879216946397,Financials
2018-06-29,296.7379472320341,299.6983470896721,296.0298835679383,298.9849217889782,1502895,-0.0015907720840348215,0.044104058531572156,Financials
2018-07-02,293.3221433033482,301.2113404500639,286.56360862014014,294.4273405435503,1086943,-0.015360892082892099,0.04070029442815588,Financials
2018-07-03,283.94589789673495,298.8584197466095,270.2630421524068,285.1190326902692,1278094,-0.032125499600876586,0.03821785870595316,Financials
2018-07-04,289.94513706492995,290.7714500517092,284.84714931231065,285.66125368436013,985404,0.0018999295180320856,0.037726528304966624,Financials
2018-07-05,292.6012336602443,298.9677432128889,283.52880047972997,289.8351241528337,1323232,0.014505542743853971,0.03520190634301475,Financials
2018-07-06,282.645053593703,293.11745528017116,272.5700871014943,283.02880968851514,1369689,-0.023763530416471248,0.033509714765870086,Financials
2018-07-09,279.334065583016,284.1346163485631,276.0073710311093,280.7905756696812,1450188,-0.007939584322839087,0.03290936938973703,Financials
2018-07-10,282.0920127249294,282.5665418855178,280.63277566375734,281.105645578593,909873,0.0011214524320263333,0.031239027270179992,Financials
2018-07-11,289.0689456750978,296.47140808708974,278.62338300158183,285.9458698515514,1029106,0.017071965062877118,0.02967979292655584,Financials
2018-07-12,287.4914653774102,292.7063088434457,283.4438018297457,288.6424404328986,1364184,0.009386165121692215,0.029127819781040974,Financials
2018-07-13,281.8250625109258,291.5039387276304,273.0863597836655,282.73696029080395,1477249,-0.02067169529306037,0.028141764736973978,Financials
2018-07-16,276.6328979900978,289.6994917291469,261.0314768753376,273.97240371773563,706220,-0.031489611524841955,0.028242963476808235,Financials
2018-07-17,281.9208464181852,302.1297861698192,265.0825656535971,285.10153262374405,1669983,0.03981798668791627,0.029780385052239976,Financials
2018-07-18,274.0640394306812,289.61897248288227,260.10726020774655,275.58475066304226,1143717,-0.03395016544777235,0.032362290967569096,Financials
2018-07-19,274.6714758263555,277.6588461842168,270.618126137759,273.59377525396275,1466847,-0.007250771972526482,0.03332786163895534,Financials
2018-07-20,278.0634597429705,282.2944712378142,272.1777881490981,276.383233331608,1422468,0.01014399494454661,0.031567121238242755,Financials
2018-07-23,275.1413108233726,279.1478105488278,273.4952795807617,277.48774179698347,1140799,0.0039883293368659384,0.030209627763863323,Financials
2018-07-24,283.36436823606493,292.5644363497273,274.2835109426599,283.47987738383085,1064167,0.0213643828966761,0.028852786751713277,Financials
2018-07-25,284.2028896285942,285.4645194696861,281.3874692201805,282.6421707378882,1278790,-0.002959458159722006,0.028886885798840294,Financials
2018-07-26,294.38767932887464,307.2094951445092,278.29638118344207,290.9693128278136,1024246,0.029036124167662023,0.027728604288966018,Financials
2018-07-27,288.41895630876365,292.0515703155921,285.1515035046928,288.78002699870126,1330662,-0.007552561375503435,0.02900973754885133,Financials
2018-07-30,291.14679391831993,295.015273996144,287.4007908814213,291.2677151417687,866826,0.008577581515917481,0.02796083109677178,Financials
2018-07-31,303.5310874943499,320.90154589568914,285.2779718225718,302.5948513600143,1873740,0.038151958985447834,0.027138214683303897,Financials
2018-08-01,313.3484330480651,323.0917037824193,299.32694091036456,308.93291533171583,1329393,0.020729364304516627,0.03012510503088358,Financials
2018-08-02,300.07877600274406,312.78564777399265,288.2383859380517,300.9123662345029,1576421,-0.02630507056050302,0.029840803343204738,Financials
2018-08-03,302.03875953126493,303.2425906588084,300.5104578464272,301.7129905617188,1257038,0.002657122835077499,0.03026833900155758,Financials
2018-08-06,310.85085167970607,324.6858434825847,296.9666231792753,310.7993215379341,1553229,0.029671232421422732,0.02887900486503427,Financials
2018-08-07,319.2729554334288,329.1077593659527,307.47540800289806,317.2478304954505,1464477,0.02053583256406766,0.029987578138400098,Financials
2018-08-08,308.4966533855622,320.1654513098471,299.6507847942246,311.24089404556923,920356,-0.019116076828839937,0.0297096270079285,Financials
2018-08-09,305.5187873963485,314.44695470159587,296.3160851197841,305.23598819147514,1130661,-0.019481982065835988,0.029341833762720152,Financials
2018-08-10,304.47158845677245,308.40300241397676,302.5824022153243,306.5012226918315,1015492,0.0041365353683159075,0.029080693090593916,Financials
2018-08-13,299.59793941354116,308.6278198510583,293.1800490958193,302.15514979820136,1181530,-0.014281118066176232,0.027912649591743395,Financials
2018-08-14,288.3665846398165,309.5049653186134,266.6513098770443,287.74405687429993,1517636,-0.04886923290181668,0.02745697280779824,Financials
2018-08-15,282.42249983281073,290.25407993787405,274.7572073652691,282.58439347855074,1038711,-0.01809414965658273,0.03257819168211057,Financials
2018-08-16,278.6488814011619,284.2242094127956,273.68065205137486,279.24534528366814,1495927,-0.01188647477500406,0.031593996207986925,Financials
2018-08-17,291.81400269361353,310.3934070574713,272.80320544228886,291.3532759555108,1535771,0.04244576840580872,0.030327177901986777,Financials
2018-08-20,300.9705971033256,311.5055653850491,287.7929990593904,298.23211126161647,1120501,0.02333554259256939,0.033257129520344,Financials
2018-08-21,306.70591306915526,319.48584030724595,293.85592958450354,306.63281077094587,1304187,0.02777889544679036,0.03265748709499541,Financials
2018-08-22,313.68344137834896,320.76741205973076,304.2544452793111,311.2842342255842,1461993,0.015055455589780395,0.0326949418951065,Financials
2018-08-23,297.8516106303059,322.58287066151235,270.0666538787775,294.5213992984544,1067391,-0.055354767605857634,0.0314510316503591,Financials
2018-08-24,292.83203549204893,295.0556409959746,291.22679579728367,293.44703003871507,1063759,-0.003654517494002988,0.036755359582002295,Financials
2018-08-27,282.85069395033537,298.9154930366842,266.4963079389637,282.5436692377155,1407913,-0.03786402609797526,0.034391401412546804,Financials
2018-08-28,296.0756201796815,316.30257892434037,275.50759324060516,295.70954272017747,1095466,0.045544577952492005,0.0355143275840521,Financials
2018-08-29,272.41842085262834,305.38879871795143,241.0663006279068,273.8696583209552,1584547,-0.07672540431638004,0.037685013707420674,Financials
2018-08-30,258.5531992775555,280.46939812372074,237.6846089629133,259.5225672635349,1604607,-0.05380863041713873,0.04603418682489771,Financials
2018-08-31,252.2421551170904,263.20126018069755,241.1599295536942,252.1134424694386,690968,-0.02896450848595588,0.04721887748992878,Financials
2018-09-03,255.16004788725334,256.4775297878679,251.67653210808663,252.98277196022914,1116871,0.0034422366446039917,0.04482788558366404,Financials
2018-09-04,246.2016800438956,256.15626380800705,236.42686521389624,246.37458425379154,1163734,-0.026468313371532354,0.041344997396169675,Financials
2018-09-05,245.35416710732005,247.31528347988353,244.79277080938644,246.75069178570433,969150,0.0015254038805817285,0.039656182237596545,Financials
2018-09-06,253.03932130483568,266.4848385234316,241.196928597482,254.57077295601775,888310,0.031200401703805194,0.036857011005764,Financials
2018-09-07,265.07314698036316,280.37616522640917,249.28619519136123,264.5595635994732,1114646,0.03848753553594185,0.03650713859226752,Financials
2018-09-10,251.8612034159414,270.08240155860267,234.54174180127475,252.704920950702,1507759,-0.04584393144522033,0.03726138072187584,Financials
2018-09-11,264.13177872870347,282.38537742349104,246.1824897070237,264.4167246695401,1629347,0.045303873463142116,0.03906377224735949,Financials
2018-09-12,278.2225988797912,304.78771008624983,253.90016485860284,280.28498102816553,1044868,0.05828051380230042,0.04035652096464112,Financials
2018-09-13,274.21012869553243,283.3811421195418,264.9371921959093,274.10467882768,1591735,-0.02229680201247495,0.04373113045479883,Financials
2018-09-14,287.7319592128671,312.54181794872454,264.54466176224804,289.233515412874,1677989,0.05372430070924636,0.04128560915962405,Financials
2018-09-17,279.742899626025,295.3184066224943,263.17724742546545,278.69437472033604,1014458,-0.03711862336760287,0.0435493546674301,Financials
2018-09-18,292.89829405537427,311.0598507500436,272.44621371081496,290.45635463368916,1706496,0.041337572491370905,0.04270721090946569,Financials
2018-09-19,301.2893829802509,318.08851244231175,284.5936232467267,301.3873252975046,1942784,0.036942909766407905,0.04260802654259371,Financials
2018-09-20,320.4795082006072,349.90859568698505,290.99127361402105,320.414380538054,1550981,0.061218864718502644,0.041917441811074777,Financials
2018-09-21,307.258151580731,325.9279071294838,290.154390311349,308.74157022084677,1501074,-0.03711051262353694,0.0454732883350349,Financials
2018-09-24,280.39940590034337,320.6098798157972,241.10946137198098,281.20680187055046,2399682,-0.09341423626821428,0.04428131077190728,Financials
2018-09-25,273.81720386753284,283.80203428588055,265.93708832860307,275.86304209004373,1417317,-0.019185830127123868,0.054567394271475424,Financials
2018-09-26,300.05830128428056,341.40755003176383,260.22089433433814,301.39294797322344,2115861,0.08851037010570764,0.050371567632077396,Financials
2018-09-27,367.5220763738006,422.6503878298706,311.89211158688903,366.93189598457536,2823498,0.19676137295870474,0.05748868326034055,Financials
2018-09-28,387.64081199925596,421.9278410090668,354.3468021917891,388.555287946566,1326023,0.057259209689081575,0.09247277786297643,Financials
2018-10-01,436.00809105972615,506.9200715537384,370.60687740076725,440.80006222064213,2259221,0.12615592799342215,0.08621348085241101,Financials
2018-10-02,398.09784872695604,457.81252603599944,337.581430138752,397.15462369264947,2547297,-0.1042657137990585,0.0918341393477037,Financials
2018-10-03,415.96658584053944,446.65743973028657,386.0325433744827,416.67259126877394,1314363,0.04797507537866179,0.09207338475852207,Financials
2018-10-04,379.25048791638324,436.1380611038407,320.4013379664392,376.94275054875203,2139863,-0.1002074399637289,0.08501322087387889,Financials
2018-10-05,370.196044547548,380.963035733846,358.9516516245189,369.704341851438,828584,-0.019389710478866895,0.08595363769087021,Financials
2018-10-08,341.5084637481735,381.9556869034907,301.61997283395345,342.00876084538703,1676530,-0.07786725688812128,0.077889770809156,Financials
2018-10-09,341.1561472234646,342.21168426115224,341.03471975474605,342.0899244337648,991222,0.00023728620009107193,0.07656989990625808,Financials
2018-10-10,362.5176371623199,392.25203885388675,331.68082706196236,361.31672783472914,2072299,0.05468129665693679,0.06921248516730648,Financials
2018-10-11,350.82940339397317,369.68002497277365,329.8720519255183,348.6030478833635,1541114,-0.03582105983979095,0.06618762054221532,Financials
2018-10-12,386.52558544318674,445.24778857922456,328.54674762670874,387.171990068891,1940834,0.1049351368289433,0.06162072005128721,Financials
2018-10-15,403.2139209927651,420.70022135414143,381.24597880160417,398.5291116142852,1836860,0.028911535458767148,0.06920547632165858,Financials
2018-10-16,368.2667073930053,409.4680480990513,333.7920103619005,374.41754982133426,1684114,-0.06240893051877965,0.06369379792973293,Financials
2018-10-17,384.06562549158065,396.6655027554433,370.14169463895024,382.6966608638037,1224506,0.021871049160301873,0.06268772692517731,Financials
2018-10-18,386.5273541394294,386.61121416990994,382.66897654613973,382.7520174888036,1344385,0.00014463837135536225,0.057580832786113215,Financials
2018-10-19,356.56124168743094,398.500407865686,312.2609792067339,353.8854109213289,1538781,-0.0784141427893796,0.05246374921326758,Financials
2018-10-22,368.2290376377003,389.54730602680536,346.5169242598374,367.8109901913704,1461119,0.038596029843940186,0.05678267916908368,Financials
2018-10-23,405.7560210803313,463.91056599704,346.6872474597076,404.68883976294427,1900899,0.09554928231974048,0.05387825304195024,Financials
2018-10-24,364.09598217040633,418.71037949596723,306.55698576336357,360.655277368663,2142493,-0.11519588315417548,0.06157712824949339,Financials
2018-10-25,387.5478726776594,442.6664659654921,338.1626580747931,392.633225051506,1861893,0.08495331473357047,0.07158147737448713,Financials
2018-10-26,390.174126746699,396.7392904869676,381.7206287452726,388.25347513945076,1228924,-0.011217493746547423,0.07267521018287139,Financials
2018-10-29,359.8590849715247,401.45792430829823,317.90425924217527,359.45656866843075,1325155,-0.07706505328340807,0.06591072572042203,Financials
2018-10-30,325.86370852567904,373.4077950178638,279.648263162837,327.0273209484193,1495240,-0.09454964177495517,0.06682987638496977,Financials
2018-10-31,303.3826717893253,338.49093455209345,267.7117034913222,302.746326677879,1656294,-0.07714846853470049,0.07080911746427945,Financials
2018-11-01,290.20455811357937,308.94656987229735,271.26024296243787,289.9882875179061,1866850,-0.04305471487777888,0.0707384465651003,Financials
2018-11-02,296.8228053862914,303.8697227831827,287.6200826643732,294.6145740911306,673709,0.015827439287041445,0.06619062266617429,Financials
2018-11-05,298.1950209717312,304.3241019413008,292.3597700774028,298.48321156838097,926278,0.013045715016329538,0.06035341745341717,Financials
2018-11-06,295.3949537755211,301.1414864265618,288.9053416325434,294.63713182254753,1773198,-0.01296915102440027,0.05513217391585648,Financials
2018-11-07,288.8409514230129,296.2730426020742,283.9186589897509,291.30869601930976,703082,-0.011361021602630939,0.0505655526252275,Financials
2018-11-08,290.5558405913362,294.8782846379168,284.14300260768647,288.433879370584,1217272,-0.009917643914926609,0.046528066923245785,Financials
2018-11-09,307.42019062055226,336.77061025054525,278.0417504424997,307.3892124879955,1712945,0.06364886567956994,0.042972581472547386,Financials
2018-11-12,312.0919750889557,318.60898169690927,305.1895533304846,311.6983401778498,1222141,0.01392112395946968,0.046743886467389174,Financials
2018-11-13,298.22916179299756,321.4693943066749,272.85837569942066,295.91854801682217,1346950,-0.05195162085861228,0.04332507809000664,Financials
2018-11-14,321.8224538811322,363.9765827406979,280.3751413081552,322.4486258690008,2051419,0.08585958307782943,0.04479392313338595,Financials
2018-11-15,313.0541010093696,326.67901670587264,300.0208007822065,313.62207035806296,1170358,-0.027755160498116938,0.05301864427433575,Financials
2018-11-16,307.00011712576764,320.13976377077506,291.7543482424277,304.7998219557794,1001713,-0.028533423739432497,0.04964205528271647,Financials
2018-11-19,320.53070887376924,344.2829481597691,296.5052781335363,320.2356529332045,2021595,0.04940190051151261,0.04683578079522028,Financials
2018-11-20,340.99983628975644,372.4482525300368,309.1362504339295,340.54248813444434,1772907,0.06148275921469517,0.04712700347232729,Financials
2018-11-21,342.18296918012453,342.9796358851462,340.27738454025507,341.071463449601,1093468,0.0015521261562305632,0.04943463378161536,Financials
2018-11-22,323.250603210286,352.0660698900395,292.7427778263675,321.39261853353946,1369129,-0.05942853912429885,0.045336384704105705,Financials
2018-11-23,299.5375521040173,334.5988505091763,262.4710729098629,297.2665469129593,1318259,-0.07803428576012313,0.04768724055550062,Financials
2018-11-26,266.9411232448773,308.3048887724446,226.8999547581457,268.0912076282127,2363903,-0.10330195109204338,0.05322274694669968,Financials
2018-11-27,292.37483310636526,337.04777587564683,250.58273357837194,294.89538789386984,2217798,0.09529342655560566,0.06298271666858601,Financials
2018-11-28,329.58974156162776,379.0282027958719,277.9393638367631,326.98748686678016,2192982,0.10330122756331024,0.06808512062756882,Financials
2018-11-29,345.7059951154757,376.446330919159,315.75332634916157,346.4308585171595,1628588,0.05776135249705285,0.07354684536477074,Financials
2018-11-30,328.9195736124049,359.11637619823307,295.9474556171132,325.86371162376696,1509658,-0.06120402474924707,0.07019805443764748,Financials
2018-12-03,327.24422643398833,332.44187401932845,323.3059786604559,328.48865012570775,825777,0.008023055270672399,0.06785354356472993,Financials
2018-12-04,300.33046407863304,342.6543083502735,256.8917054872636,299.03265731963353,2201895,-0.09394949748989191,0.06158683391613829,Financials
2018-12-05,281.7614749315035,306.5590176466212,257.8734062219687,282.59986891100135,1637184,-0.056520782848547134,0.06677070241686606,Financials
2018-12-06,269.7450994121015,288.18877436947275,252.26884670829955,270.6536579508038,1308947,-0.043192017802215904,0.06438828461036401,Financials
2018-12-07,262.36579601639096,274.12745071921336,251.693814163341,263.41287780433566,1266244,-0.027117309789327533,0.060798959829311494,Financials
2018-12-10,267.25346744428055,272.8994813872332,261.5052365809259,267.1490444775673,818631,0.014084042879954538,0.056280663523030176,Financials
2018-12-11,279.88835010583574,307.1256840642808,255.8856892261648,282.86753434762636,1745044,0.05717198987999962,0.05161167027766774,Financials
2018-12-12,286.7051722938198,296.60168541673704,278.4798483113248,288.3297535985331,779904,0.01912609137041911,0.05216614870877829,Financials
2018-12-13,308.9576096991762,338.30051608472667,278.00226029796795,307.17595610946853,2150636,0.06331592741610705,0.04828992402718749,Financials
2018-12-14,325.3639561984212,358.1847625862961,294.5489970932962,327.19626681368925,1244590,0.063139464832285,0.050664281399478,Financials
2018-12-17,289.8448582814343,333.32158702364944,245.40059696157132,288.70658466067215,2511835,-0.1251493007920212,0.05245459303699245,Financials
2018-12-18,303.5865427821909,324.8357747996873,281.3246458586702,302.49766282869086,1596778,0.04666265687703576,0.06819486482024116,Financials
2018-12-19,301.79244522016023,307.24757212001305,298.9633290066043,304.3940673196,881712,0.0062495847910575076,0.06439753257931836,Financials
2018-12-20,296.29773980916804,309.4077945011296,282.46953563554035,295.54634389950934,958919,-0.029497479349443485,0.058510617483945496,Financials
2018-12-21,269.319198800716,308.03266362990917,229.93747031063134,268.53874884988716,2051143,-0.09583043714567464,0.05449136702155395,Financials
2018-12-24,264.02986837698523,269.9725174570766,259.70701334717154,265.6235694002624,1201074,-0.010915065673911956,0.06207228178850704,Financials
2018-12-25,259.97433372975013,268.977237619453,250.57285172517948,259.5614577306053,1034634,-0.02308664797928756,0.05657071090189101,Financials
2018-12-26,271.48787671965255,285.51999440497804,254.77511090486144,268.66112515802166,1017027,0.03445732176545886,0.052346396846336955,Financials
2018-12-27,260.90389159719984,271.881504649644,251.0308177824049,261.9681571084335,796240,-0.025227869042386965,0.04970123000210972,Financials
2018-12-28,273.0993157739528,287.0978068458399,257.18010160163595,271.07482138987757,1156527,0.03417191784172216,0.046600822068296854,Financials
2018-12-31,280.00598450871075,293.2128897582548,266.53994070520923,279.7340182555793,1589547,0.03144434043130995,0.04486053153162658,Financials
2019-01-01,273.8511443851881,282.3252479495753,265.9395850729737,274.3978930684002,1190882,-0.019259999393651858,0.043107839347548686,Financials
2019-01-02,280.6835857879572,289.13237089368675,271.5328990162423,279.9599006603189,1150655,0.020067163485914714,0.04052494030924381,Financials
2019-01-03,285.25542040042853,294.085452427378,276.7560763009183,285.57654037927756,1180440,0.019863704576479176,0.03839557640158282,Financials
2019-01-04,291.83960531882553,299.2795421489468,283.0664727375556,290.47153297227356,1397873,0.01699549271706611,0.03658635324397709,Financials
2019-01-07,298.36706256950947,307.6534126306873,287.3314138641119,296.5615699321629,1443985,0.02074927435846885,0.03484502849559512,Financials
2019-01-08,311.0149697646662,334.36671032239474,288.14386153635206,311.4626789063569,1754460,0.04902466751706502,0.03370342218006238,Financials
2019-01-09,299.2868972263005,316.82836841179954,282.60599012024966,300.1020294950666,1337385,-0.037157005002322545,0.03700336791552671,Financials
2019-01-10,314.1378541088076,334.53758086271444,293.0290533020091,313.37953579519456,1554192,0.0432925152383174,0.037449911118517476,Financials
2019-01-11,288.0910372234885,323.82065690451907,254.2225496852408,289.7563878287271,1857528,-0.07837450241344836,0.03877025864727857,Financials
2019-01-14,293.15324506642827,296.14420911872566,288.75749338648546,291.7339770270604,878977,0.006801821465128472,0.04715814626069229,Financials
2019-01-15,287.7741938793514,293.4909548622686,282.444118498208,288.1538476374354,989228,-0.012347818751665646,0.04342870390976917,Financials
2019-01-16,278.3005248534776,295.80303390975945,258.94406641463337,276.3221544098155,975522,-0.0419271195302194,0.04039445695654934,Financials
2019-01-17,264.78946605544826,281.61395999503344,248.2287119617566,265.0376817239296,1233509,-0.041695400098793356,0.040854035603191154,Financials
2019-01-18,282.27846738311746,309.73569192417284,255.14753361492015,282.5761469589186,2009215,0.06407604996044405,0.04118273592736666,Financials
2019-01-21,304.43304293626926,340.16269395893863,269.4320277785466,305.086544929569,1896519,0.07664742920180709,0.045526642941804654,Financials
2019-01-22,286.69278542955897,313.25968852264714,260.59342649196515,287.12131772700906,1639974,-0.06069065393114913,0.05137474510425684,Financials
2019-01-23,263.4714252812102,296.33087695762106,233.8738957103786,266.4039203547575,2183680,-0.0748911816888463,0.052573708912444686,Financials
2019-01-24,273.5376735643081,287.366857874977,260.93707800861426,274.7121592800311,726972,0.030710201368859304,0.05614712155810964,Financials
2019-01-25,267.65770683973807,277.9147651320861,257.82147451806384,268.06361593681436,872344,-0.024499530732271485,0.05256868723514309,Financials
2019-01-28,294.7591523292414,335.1531004699482,253.45774667666814,293.7075878755817,1424984,0.09136034809325139,0.04899803621591649,Financials
2019-01-29,278.17338534698195,304.18071356016316,250.15958978341237,275.95997953896085,1579924,-0.06232881980122027,0.057207106402710324,Financials
2019-01-30,293.52425417923547,318.3572099238401,267.27030827138475,291.9719334293907,1561024,0.05640182572315553,0.05745306506226421,Financials
2019-01-31,316.57115475952645,351.10539044162385,279.7435290584224,313.99694876902777,1223256,0.07272558930883491,0.05672617244072434,Financials
2019-02-01,314.2521410310987,315.8041038697,313.1689600754521,314.71931264215374,1586917,0.00229790204365309,0.0588866590397811,Financials
2019-02-04,296.94662805804546,322.7175328951491,271.49287190203125,297.23873760894486,1259748,-0.05714552437133278,0.05361812140838469,Financials
2019-02-05,308.58380168162887,327.2066634238601,290.4926753397716,309.0860897890416,1600274,0.03908419958807429,0.05375652516711449,Financials
2019-02-06,278.4799644829806,320.84757022902573,239.95253327707522,281.8534241690634,1839614,-0.09223268246588709,0.05139014883273013,Financials
2019-02-07,295.18036070348444,321.43899280648355,271.35715013453785,297.4339047751673,1592796,0.05380486812011083,0.05906596375974997,Financials
2019-02-08,296.74996591837754,299.95733435016064,295.24347491209926,298.4422522254511,1155974,0.003384422756075787,0.05766519777914453,Financials
2019-02-11,285.35858829630973,305.7157389427412,264.27913781272025,284.58080209376703,1156592,-0.047559226604371174,0.052554145179377246,Financials
2019-02-12,308.5731129705363,345.392754935458,271.37507131391004,308.14344423296956,1656521,0.07954817495378558,0.0514668101373005,Financials
2019-02-13,307.2855492813513,313.24169544734406,298.2911199886861,304.18721075281957,1193942,-0.012922065876342974,0.05628723529663597,Financials
2019-02-14,318.43906233266665,339.09467630335837,297.0267534716829,317.6298796441661,1367448,0.04324346772321801,0.0515717873827151,Financials
2019-02-15,298.3800566264855,325.7657652434349,272.5737648637569,299.8337467424969,1718586,-0.05765866091386292,0.050082122840268334,Financials
2019-02-18,290.994430624076,306.8905391988868,273.31765358214807,289.1108691291926,1047199,-0.036417898768072485,0.05104168295919675,Financials
2019-02-19,283.8634111730854,291.92443821267,275.6329184290021,283.68899240180826,241850,-0.018931703822557558,0.04881743768417143,Financials
2019-02-20,289.3146313963904,296.2340941686128,281.35455779628506,288.24852272476255,817217,0.01594449322945368,0.045390254340355096,Financials
2019-02-21,285.71221376769023,289.7624289052428,281.4895067339698,285.5372414897444,1596876,-0.009450570521393784,0.042265283400414036,Financials
2019-02-22,285.2834185396753,287.83436280689295,281.3021232516648,283.8401622247666,1458463,-0.005961192978490372,0.03927442344848396,Financials
2019-02-25,291.7670568954849,302.0736905759007,280.3383583813619,290.6039038296397,1282363,0.023549914076620652,0.03659664797529525,Financials
2019-02-26,282.84046934745425,294.02233975184646,272.34752328765126,283.504749905801,1201794,-0.024732307188362963,0.035420918711611335,Financials
2019-02-27,295.38775635725654,310.73979708429306,278.2459518476518,293.4998746384817,1365961,0.03464833459666476,0.03457551501754667,Financials
2019-02-28,316.7825350542219,354.01320439212776,279.96018469361246,317.14833407475004,2079012,0.07749238312502876,0.03516317753746441,Financials
2019-03-01,311.87648419935283,317.8059483031486,309.9201124226918,315.8248090569672,1101418,-0.004181937135964653,0.04460851555459372,Financials
2019-03-04,324.2127787532821,334.3392584782066,312.3980332753886,322.47008149861875,1258414,0.02082270325445843,0.04116502177478979,Financials
2019-03-05,340.17747111438536,373.2962050019624,309.52194954555836,342.43705792015265,611812,0.060077506932685806,0.03899596081389224,Financials
2019-03-06,344.9274048554591,345.31289724369157,341.79958937444167,342.182013501194,1152239,-0.0007450696055769882,0.04310387446304488,Financials
2019-03-07,367.60831987419743,403.91908649061577,329.3734329567919,365.4733127661571,1855277,0.06585046212382538,0.0398301200636945,Financials
2019-03-08,381.34587569825675,407.93406394563476,355.70186070124765,382.2305575618719,1802315,0.044830719531718376,0.044939885132461777,Financials
2019-03-11,376.7589297650243,390.0107995251927,360.23920427007073,373.3719423726812,1216587,-0.023448893024571888,0.0449126221972713,Financials
2019-03-12,395.76674576204005,423.53060597601234,363.8016886568621,391.2485909126241,1623356,0.04676805300306135,0.04238151122505584,Financials
2019-03-13,384.0423707386849,394.63979604364937,373.6877738891231,384.27882391495024,1426384,-0.017974747299619245,0.04318612754380972,Financials
2019-03-14,354.3024951963793,396.2874750935261,315.7144794373591,357.36582413070295,1796803,-0.0726084184789272,0.04050304952539915,Financials
2019-03-15,367.8547522129794,380.9695563119177,352.9141669043753,365.96147152089105,1668983,0.023768084223534505,0.04693820386196303,Financials
2019-03-18,359.09481908306316,368.32738895326986,351.9417247535488,361.1336809187929,1335129,-0.013279861751239906,0.04412815721937996,Financials
2019-03-19,362.1898317390487,371.5995260875349,355.9496036806686,365.3056156762966,613925,0.011486109422081716,0.04104008548824502,Financials
2019-03-20,373.27380471335505,385.59676056593213,361.04923039556456,373.36906646230364,1021793,0.021833078316649206,0.03830431437781353,Financials
2019-03-21,362.61445176606645,377.5424966888131,349.8652335564444,364.71927468119867,740334,-0.0234394375762441,0.03667804379026557,Financials
2019-03-22,386.60401569788013,417.7583312439368,353.83609020030576,384.84897669584876,1823484,0.05372304180513716,0.03547723498397398,Financials
2019-03-25,390.7669606476768,397.00261098516916,382.75807917898777,388.9649743826192,1107718,0.010638310409111154,0.03924069500921159,Financials
2019-03-26,403.3851627419712,421.5165643251343,382.7817947490712,400.79685686927814,2095930,0.02996540818030528,0.03672658115178788,Financials
2019-03-27,398.66690095697646,408.2572528941315,384.9321996774384,394.42039750418996,1405099,-0.0160373683964131,0.03624585857157939,Financials
2019-03-28,406.2606635195665,427.3814965998282,386.41515176573205,407.47658790259743,1683413,0.032566138829696875,0.0344904245934301,Financials
2019-03-29,409.1528770498032,411.78548178734724,403.1218552227939,405.73245198302607,670494,-0.004289520918646131,0.03479589804343802,Financials
2019-04-01,393.75384079924794,410.7128801064648,378.4750070218668,395.37128464133156,817264,-0.02586867258042553,0.03273169129416005,Financials
2019-04-02,382.5591322141771,403.0250154878421,361.10867448587084,381.5189085975537,1257650,-0.035664871214745285,0.032518750362551495,Financials
2019-04-03,388.2627019484688,406.26529994092294,373.45706283773336,391.3422290831785,1221869,0.025422030043806956,0.033716060800873665,Financials
2019-04-04,379.00780314707237,396.32112187692303,363.7339344665569,380.9682480220366,1983180,-0.026866410231644624,0.03326199252111637,Financials
2019-04-05,382.3462542530879,394.0655314565543,374.5448863914969,386.1858213206758,1407669,0.01360262288403298,0.033065975216075114,Financials
2019-04-08,392.5088226238618,413.39024736611543,376.2812885267182,396.97794583175687,2002743,0.0275620710700039,0.031661359351595406,Financials
2019-04-09,392.5479285463307,398.5385511207188,387.8435365903632,393.81892720092753,591448,-0.007989499054529172,0.03187324120705138,Financials
2019-04-10,380.278460960533,398.8372008709078,364.92790810154656,383.3621691612971,1458553,-0.02691107426947606,0.03036935327440561,Financials
2019-04-11,379.02080589795753,385.1441193238566,373.6339761355948,379.74696897534994,1427312,-0.009474993946749168,0.03076473602024092,Financials
2019-04-12,385.91982842338075,408.10130557856775,369.0302260491539,390.9898174836227,1289090,0.029176357592589287,0.029506635058232703,Financials
2019-04-15,383.1836074911262,394.70768584832047,371.8075342944587,383.32734531866873,1006157,-0.01979220574552888,0.030400693846084802,Financials
2019-04-16,394.35991722094127,404.13190830418114,380.05551894858627,389.7123461391828,640356,0.01651958132071027,0.029968674650369585,Financials
2019-04-17,389.254868888026,397.0436310675245,384.8874854744962,392.6382862003763,1524811,0.007479903721360439,0.029316064764758207,Financials
2019-04-18,386.0419310939637,393.31556140492995,384.03029191085807,391.2766444737382,924694,-0.0034739562744820745,0.02821236726305188,Financials
2019-04-19,388.70537909136397,401.0408816796588,382.9312894990297,395.1707511282922,1180060,0.009903112404964637,0.027176467561068514,Financials
2019-04-22,404.409616758022,418.05103689399806,390.5250111114656,404.15794182647676,760407,0.022487793845150466,0.026562361652798346,Financials
2019-04-23,410.79865160320134,422.4038901475502,399.82872013021154,411.4174347433888,883552,0.017802608699222067,0.027208498232400475,Financials
2019-04-24,411.353616314902,413.09451954546773,410.348831468787,412.08794101551956,1352888,0.0016284202630271446,0.027198930720244766,Financials
2019-04-25,413.5761202288057,423.39819417151324,406.8245389856602,416.5972926460143,559248,0.01088325447708838,0.026310135475567115,Financials
2019-04-26,420.1118609055823,421.1959502970363,414.80805632972584,415.88122866799785,941880,-0.0017203186299274199,0.025914192389424676,Financials
2019-04-29,434.5012326430953,476.9119736632465,397.92812361061374,439.8856445500084,685763,0.056115082896321195,0.02525233094558132,Financials
2019-04-30,458.8092749837467,483.858155426972,431.2851312806476,456.19106973506405,998667,0.036396939947232754,0.03290105703191436,Financials
2019-05-01,472.1091640468552,500.4103031988594,445.4676533546713,473.6801409787743,1290911,0.03762055151795331,0.03412761680343641,Financials
2019-05-02,464.6451095743875,476.39633941869835,456.4610519551647,468.15053869001156,981431,-0.011742377785516596,0.035271110946821664,Financials
2019-05-03,495.16599821558225,544.3679159754445,449.14398253778023,498.0754850265769,1476291,0.06196173383424336,0.0334054416128132,Financials
2019-05-06,513.7602362784689,539.3748520941002,488.8538852814477,514.435753025103,1111534,0.0323190329370184,0.03960589971758627,Financials
2019-05-07,477.1829188128446,537.1857756715691,413.5834976901562,473.0690620164835,1859159,-0.08382928850848505,0.038879040850427524,Financials
2019-05-08,482.8924316201131,495.3356193917586,468.86469531310047,481.2659724318612,1307684,0.01717868819479929,0.0486144659102123,Financials
2019-05-09,496.66020505843585,517.0172227811988,474.3254955209796,494.59798744506577,1533980,0.02732521150332933,0.045110521342612245,Financials
2019-05-10,473.7085227919537,504.19344034568803,443.65798528941724,474.1169909438972,1653496,-0.042291178445096625,0.0428948410207693,Financials
2019-05-13,449.6303592615885,486.8340258504255,411.54769026550014,448.6720649145302,1533159,-0.05516185435807787,0.042898198972671435,Financials
2019-05-14,465.1627092958904,485.09043081800195,441.89284389933664,461.6709785420573,1368310,0.02856021649181042,0.04504030313521876,Financials
2019-05-15,459.4323085522975,462.7002829935576,456.3315384426733,459.59839196476537,946723,-0.004499422514704361,0.04295644328990447,Financials
2019-05-16,451.1742799706299,464.29087710539557,437.6714567645818,450.77648927674534,1128566,-0.019381419726348274,0.03973967207388478,Financials
2019-05-17,435.84452791044043,458.6422626076667,412.5574901551649,435.32821822387535,1312819,-0.03487135624030112,0.037679426001775165,Financials
2019-05-20,414.2430569142317,445.17863526737096,383.2541484497118,414.1854226921006,1481519,-0.0497865167752538,0.03765890383381198,Financials
2019-05-21,437.5261702399239,469.42521135005404,403.11292128859,434.81424184817894,1073089,0.04860515519584093,0.04007940890611204,Financials
2019-05-22,461.55925638476765,498.76950578051037,421.83339066625575,458.82305109109825,1770035,0.05374571647592641,0.04170679059041146,Financials
2019-05-23,475.33191728263074,495.63972576047263,451.91042323336626,472.07926735960314,1318349,0.028482284679355773,0.04387317416153688,Financials
2019-05-24,432.9823286373191,489.0611167784723,377.1112642786528,433.16631166442534,1719122,-0.08602516494457331,0.04197106634206734,Financials
2019-05-27,439.13089118995686,439.1380869234775,433.1544817743272,433.16157969287815,1073764,-1.0924204551976586e-05,0.05117915277213302,Financials
2019-05-28,452.1204769242158,483.52078577333,421.69707658295687,453.03579335717063,1467215,0.0448603147376851,0.04685557128751502,Financials
2019-05-29,464.9445542134574,486.2647865300424,444.9478408991099,466.2134974725564,599792,0.02867254189505934,0.046456676853797306,Financials
2019-05-30,437.2045204580153,482.3669074208245,390.23398240042525,435.18807435498707,1624507,-0.06886538580082557,0.0441576206135148,Financials
2019-05-31,442.0068276504281,463.9393584652207,424.84538134431943,446.5995925424013,883380,0.025884134561651638,0.0486958167692274,Financials
2019-06-03,438.19769274862705,450.8169073510732,425.4906488399729,438.1072591357628,1089199,-0.019198662782074823,0.045798737100040086,Financials
2019-06-04,422.75690216783846,443.9952024399815,404.700618158095,425.8085788869595,1279490,-0.028473864321163302,0.042817143223945295,Financials
2019-06-05,420.5445808859782,427.0305977526276,416.8814457685644,423.3430863759478,1236455,-0.005806970745244236,0.04108844540129108,Financials
2019-06-06,423.0535927484981,425.5373826409157,419.21355173333916,421.6893319141527,1391473,-0.003914066578469696,0.03815319662598825,Financials
2019-06-07,434.7689883497625,447.95368350452003,417.2522441993559,430.3014581553946,1558077,0.020217165909651214,0.03559257110412453,Financials
2019-06-10,396.6449882516544,446.6519574619595,345.7360168831296,395.61286074169607,1978531,-0.08404991985524643,0.034274990355279214,Financials
2019-06-11,422.0716423312884,456.7408880697473,383.55591871926475,417.88093714318194,1505824,0.05476044390152237,0.045820064657686684,Financials
2019-06-12,409.175784142689,425.6026919299611,390.5116850511765,406.8450212524564,1033297,-0.02676422281716074,0.047216401733205356,Financials
2019-06-13,400.09537197602,409.4912282790258,392.07578919042885,401.4446013009106,714884,-0.013362785221239288,0.04462016828247227,Financials
2019-06-14,394.5589807299772,405.6541156923663,382.9097618463063,393.9888649560059,796589,-0.018746897175950576,0.0414674829037797,Financials
2019-06-17,403.71652642804906,414.6937677400902,390.28711349422593,401.1958154962184,360704,0.018126978698253346,0.03909422762709424,Financials
2019-06-18,374.0034550316218,413.37515041033674,334.63798601538036,374.0090884523796,1973851,-0.0701695282697555,0.0370401810270453,Financials
2019-06-19,390.6772744496548,418.1195471670684,364.0219607018173,391.41396981932525,1439784,0.045485648455641126,0.0440016410268189,Financials
2019-06-20,392.87940643022756,393.3065181115467,391.27192461517427,391.6977516820852,583747,0.0007247545079206031,0.04426349695580943,Financials
2019-06-21,440.24164845798447,506.2778957266821,373.133884969829,438.9810411409753,2216317,0.11396572491793348,0.040834844441604935,Financials
2019-06-24,447.0278623857441,457.97641203830403,435.2790645730323,446.20752256689633,630745,0.01632791536248416,0.058156818902572134,Financials
2019-06-25,430.0622777052949,459.53034593088796,397.0740423497826,426.28316393387365,1383040,-0.045680311516473664,0.053345689525077136,Financials
2019-06-26,412.17364051721813,432.31931405733854,393.5636841185263,413.64301430377594,1589160,-0.03010051196762451,0.05186148572651048,Financials
2019-06-27,384.422606063603,429.04245558419683,338.4059795980617,382.8424169011343,1926892,-0.07737985716204464,0.048863044159321536,Financials
2019-06-28,387.82767469673024,396.69182823459084,379.5056882961928,388.35845243255517,1356994,0.014305299223501763,0.05392795204507037,Financials
2019-07-01,391.107763498121,401.36944267171276,383.3289224625717,393.54218285505294,1182969,0.013259501620004145,0.04957091331921792,Financials
2019-07-02,388.23603309896106,395.98946526727383,380.8049332665123,388.5523116497929,865656,-0.012760450171051162,0.045740490982528456,Financials
2019-07-03,378.4622580362218,393.74410991140803,362.9597530998359,378.2323203678687,1798402,-0.026919200088768483,0.04240493338685247,Financials
2019-07-04,381.62238831735203,385.4529235134743,376.94981499287326,380.7718125335101,1022504,0.006691667493639166,0.04058619470272607,Financials
2019-07-05,392.1634141331576,413.40092377268843,372.5324488708979,393.6933717029333,1000222,0.033372083430495705,0.037742656536535496,Financials
2019-07-08,388.62505760688083,395.4135139539288,383.4392774011016,390.2066293868379,524296,-0.008895944139942722,0.037505478144155203,Financials
2019-07-09,400.7526572077863,424.7146361899339,380.0668169146193,403.8679902700851,1421799,0.0344116500475114,0.0351738451975116,Financials
2019-07-10,394.0983782492227,411.01473274509294,375.6279891922012,392.47464630622466,1421335,-0.028616128069376887,0.035600333673038324,Financials
2019-07-11,399.42977631639036,408.1670893131903,389.5287432418787,398.24003119976896,1270230,0.014582977225478681,0.035167306179998775,Financials
2019-07-12,383.1802972365116,407.6832055468404,357.21643626803154,381.61954015763683,1699753,-0.04263077283643116,0.033485683849669975,Financials
2019-07-15,394.9397100158431,416.1177254068167,374.11357494854497,395.27396429535196,1451547,0.03515496085290709,0.035632011411071765,Financials
2019-07-16,371.0244102332541,407.9735010971668,333.0479922420811,369.883459617004,1335723,-0.06639112296444981,0.03607066509844826,Financials
2019-07-17,384.2638183286673,404.3744209764937,362.97124267765867,383.0165700831314,1360299,0.03489027015397275,0.04245045919407275,Financials
2019-07-18,402.84497277871344,430.7461782080625,373.33498906189544,401.11647826337844,1217910,0.046173602443795744,0.041523882662182356,Financials
2019-07-19,358.58527396306425,415.9257229194212,304.7974828686046,361.67454166906197,1490957,-0.10350710334364295,0.04241681859203736,Financials
2019-07-22,348.4856625703947,369.40473944549706,326.62737714781616,347.48647423052086,1082099,-0.04001901009988066,0.05609284505143755,Financials
2019-07-23,344.74701540742115,347.9873376058821,343.24759049359596,346.48037371271437,601569,-0.0028995656656678062,0.05345422329599242,Financials
2019-07-24,379.6600694318644,431.61060362179074,327.6350779787713,379.5738087446899,1990420,0.09122289186686891,0.048858410869569664,Financials
2019-07-25,359.16891203706416,394.61293417715217,320.3330947026063,355.4057556415146,1590760,-0.0657889569544748,0.05707852354645235,Financials
2019-07-26,336.90477152097765,364.9191875572747,308.28087188210316,336.24001158196967,1664713,-0.05543488527400824,0.057927491821828374,Financials
2019-07-29,334.6184148634757,340.87022330272873,331.8657929374622,338.0890513932572,1355468,0.00548410130015632,0.056968670537548644,Financials
2019-07-30,333.9420493911157,344.62195387017005,320.3725597072576,330.95699834084525,1171173,-0.021320873883212643,0.051969749309701,Financials
2019-07-31,336.49778999616547,351.45184084481485,324.2359875992171,339.0953835072189,765203,0.024292982522684876,0.04825837568880777,Financials
2019-08-01,329.1009383604746,344.6358623122784,313.079583018012,328.5904078190328,1072555,-0.03146942096082777,0.045294801128549084,Financials
2019-08-02,329.74341767826417,337.17037752433725,324.62002983523047,332.0117455406443,1022924,0.010358332303962563,0.04347233460215033,Financials
2019-08-05,308.77271094184783,342.154221599856,276.03241110121854,309.3524499155217,2075713,-0.0706891049207074,0.040348102282845355,Financials
2019-08-06,325.8927677653529,349.93644169885084,300.97442569901733,324.9484282774716,1698914,0.049185246010756675,0.04638876932443,Financials
2019-08-07,299.89116253867826,335.51268472554824,265.65664540840135,301.1360550572085,996279,-0.0761043147353201,0.0467376999789136,Financials
2019-08-08,316.5878810299845,335.22087654701716,294.753823031988,313.18663595172967,1338947,0.03923712105132227,0.05211823181627569,Financials
2019-08-09,318.9914366015942,330.5815311090197,308.5453363319535,320.0991560461988,1194651,0.021831516609409633,0.050039792369507875,Financials
2019-08-12,318.40512830751055,320.2623352207573,317.917185101959,319.77229688369465,1019280,-0.0010216401729986548,0.04663343139773018,Financials
2019-08-13,310.0916085164961,323.43793732884524,298.8961793201363,312.167558814484,1811058,-0.02406907913421598,0.04289403340137073,Financials
2019-08-14,315.51156028104845,318.13591287704895,311.2924162030718,313.9033924287286,1027763,0.005545180011075389,0.0407285718716689,Financials
2019-08-15,300.81673612877785,319.3602963911839,283.8853218255427,302.3429778549425,1776860,-0.037523209914284664,0.037837357288371024,Financials
2019-08-16,320.29901318614594,341.69719378989777,294.99454547792755,316.11307668683054,1253044,0.04453792596464853,0.038164527739708715,Financials
2019-08-19,305.9613782331777,319.8022447656325,294.7049588500054,308.45411671666477,1197957,-0.024526885164775202,0.03953187283017178,Financials
2019-08-20,306.895578019192,308.6257888865352,306.38201864552,308.1101969682734,1536372,-0.0011156006808279982,0.03795326586674208,Financials
2019-08-21,301.41365678664243,310.9141666929123,292.8648283148102,302.33909065329436,1908933,-0.018908297128871376,0.03539134070211451,Financials
2019-08-22,313.0185135070404,327.6153732326008,297.3419082961143,311.88595384686715,1570488,0.031088384223706408,0.033995090121980424,Financials
2019-08-23,314.31697460929723,323.0366900587724,307.65028845090376,316.3273634060781,1219881,0.014140049052245855,0.03419804185867045,Financials
2019-08-26,332.21156354315815,354.17854831429236,308.72437925286283,330.58372572192366,1812067,0.044082320187469784,0.03264346797835501,Financials
2019-08-27,335.53847756067006,344.47601180163963,327.1898105175281,336.11304862604715,1524001,0.016587599935554153,0.03526988012865513,Financials
2019-08-28,354.9998139857589,382.7976658668998,326.3957034612243,354.1250586310289,1792756,0.052202566097224394,0.03371118250929595,Financials
2019-08-29,354.57588760105597,359.0490676881839,346.72914278345706,351.15921962616244,1099951,-0.008410385935325063,0.03765529507267618,Financials
2019-08-30,354.0482024477403,364.33341475162547,346.17272387815746,356.40550024767776,1466455,0.014829390490023856,0.03528380912465966,Financials
2019-09-02,350.51795381261405,362.6627344862832,336.2005363084525,348.26733740252,874054,-0.02309873249300426,0.03359976744595377,Financials
2019-09-03,349.2605759509311,349.9914577391096,347.0540200722935,347.78180730831167,818028,-0.0013951031378954316,0.0329118248408569,Financials
2019-09-04,349.3114708270857,359.3732270807647,342.39941779806725,352.4000581673182,968964,0.013191766482126251,0.03109409137439139,Financials
2019-09-05,367.9628900518674,393.4570903155953,343.15167258612166,368.6027293879925,1456795,0.0449523908280505,0.02999295617569304,Financials
2019-09-06,387.81222242994494,424.65741066581126,354.0379248698381,390.637096759024,1397357,0.05805953776372251,0.03350775361463828,Financials
2019-09-09,360.8088849755843,408.91693509594995,309.7570412087529,357.4121978395512,1824168,-0.08888925619375296,0.03877953236747462,Financials
2019-09-10,337.57138437711643,370.8899789544105,301.6209344987461,334.65131571299975,1263755,-0.06580059037245957,0.04988262908582312,Financials
2019-09-11,317.8447873728827,342.43214686083064,293.24422257638025,317.83047490168644,1657336,-0.05157099830847744,0.05234576393191409,Financials
2019-09-12,309.0311592763434,325.0693582249529,291.08803070203265,307.021955335362,1221868,-0.034598882059155706,0.051874833795131234,Financials
2019-09-13,296.1016738361904,318.39884254900716,270.00193751764436,291.98944554241416,1172711,-0.05020160456810285,0.049318973032490214,Financials
2019-09-16,279.2301909674056,297.38766619453264,262.4259163369093,280.5065776889695,1166080,-0.040120481652973806,0.04923331236028531,Financials
2019-09-17,285.0623745805166,292.793714678545,277.6733198969343,285.3960118387506,487620,0.01728055645004162,0.04775545198176151,Financials
2019-09-18,282.7925226165349,287.00085885059076,278.37347087531947,282.57862400801065,757440,-0.009920904072753414,0.044376336034753085,Financials
2019-09-19,279.8869173209693,283.9230800311213,275.83899759143776,279.8749882765276,957939,-0.00961379390597087,0.041111689463443075,Financials
2019-09-20,280.1122940764167,287.87074771588345,275.35410246478165,283.0624427287646,716178,0.011324485958565781,0.038288386795748315,Financials
2019-09-23,291.64969825513356,305.28324370410866,278.2459507074298,291.8693990632627,1648713,0.03063891974491997,0.03594491685997521,Financials
2019-09-24,289.8533866252981,292.2055297648733,288.84730990528095,291.19479702963577,1082717,-0.002313989914535072,0.03569931580474297,Financials
2019-09-25,300.9076414722289,316.12214866431117,285.85989179370137,301.06645696171546,736383,0.033338578807558104,0.03347172092289404,Financials
2019-09-26,293.26424858524416,304.121184712729,283.9477724058509,294.7572776917881,1435874,-0.021178797448234254,0.034102844555377584,Financials
2019-09-27,301.69354894684005,318.5486041767094,287.44687209446573,304.1843078481861,1136740,0.031481563332741665,0.03313132090058586,Financials
2019-09-30,314.6278928366323,324.82090988414456,300.7557199596298,310.82555237531153,1112660,0.02159803645212695,0.033568003577441,Financials
2019-10-01,317.6375212911921,329.36033883816896,306.4840601352369,318.18756360509434,1300925,0.023409201596873746,0.03273255211755087,Financials
2019-10-02,326.85598097485723,338.9943615902278,314.050867152043,326.1635324549188,1415134,0.024757857327392382,0.03223871248069638,Financials
2019-10-03,331.85584604000087,337.30191178546255,324.34002491620623,329.7515573095813,1170238,0.010940625395934137,0.03199078603046406,Financials
2019-10-04,337.40269824060437,348.9948057682564,325.799819806142,337.391544112642,738031,0.02290459360698534,0.030605275775357287,Financials
2019-10-07,327.01222031899493,341.85646144759363,313.2722448889249,328.071959280043,948721,-0.0280111355199854,0.030463738862354213,Financials
2019-10-08,327.074648992943,328.60842410028965,326.75391637553093,328.28650312679594,1214949,0.0006537398896543497,0.030985884937287437,Financials
2019-10-09,344.0170657057957,370.42533486302733,318.55079040267293,344.89413356146287,1347233,0.049350798437620885,0.029464625547492573,Financials
2019-10-10,348.24214116999184,354.5029901464031,342.4721090506495,348.724958220151,1453319,0.01104601547256113,0.03405666635018413,Financials
2019-10-11,343.96076245621134,350.41634793200916,338.855461358073,345.2912981128239,1643343,-0.009895123039968447,0.032344820095082,Financials
2019-10-14,348.3760102051836,355.0664583956415,342.5114420453017,349.18821752284356,1335744,0.0112226789217926,0.03084861307389675,Financials
2019-10-15,352.14039773867927,353.40257836035227,347.1062023373023,348.35481425129456,1225236,-0.0023895405161848344,0.029668195448891765,Financials
2019-10-16,343.0831338944589,349.3398774959683,340.13909319579636,346.3676519237333,681935,-0.005720752800725362,0.028372838112122076,Financials
2019-10-17,368.8136591572548,402.2061067210986,334.6069158830621,367.9182972356185,1593297,0.06036010640196296,0.027366464987652328,Financials
2019-10-18,380.86790995454993,402.5698392845892,359.96729026051025,381.62753422516306,1029010,0.036584196511477866,0.03529362678253348,Financials
2019-10-21,367.2249785805137,387.1457898315908,350.2697289387084,370.05965933304276,1270142,-0.030780857568285656,0.0360176705011634,Financials
2019-10-22,377.48237285161093,388.82489405239363,366.17955566906016,377.52092258909613,1351908,0.01996175714937546,0.03577621066519153,Financials
2019-10-23,380.33727019564856,381.44025965065356,377.15456922389376,378.2515099117147,756942,0.0019333532655330487,0.03440524032646375,Financials
2019-10-24,387.57302123213435,401.1176809000223,373.6370789248294,387.16756910524134,861911,0.02329824992260488,0.03236567823736719,Financials
2019-10-25,355.58438910032675,404.07790103522194,305.30789236110974,353.51984856994034,1933064,-0.0909179619453859,0.03192884228452781,Financials
2019-10-28,357.62715998461357,358.3786320709517,352.28316598022457,353.0249676066677,760809,-0.0014008482770537342,0.04642706265045848,Financials
2019-10-29,365.18520973250844,380.6393177276325,347.75947585611755,363.1264605752627,599581,0.028212365640335246,0.0427161804643624,Financials
2019-10-30,402.2085571576878,466.27031548989464,341.8772735840346,405.4524482520823,2387898,0.11025244989358787,0.040977167972235176,Financials
2019-10-31,439.063583900239,490.271689581392,387.12423643557946,438.23579711832167,1349946,0.07775351537358527,0.0571545539931031,Financials
2019-11-01,416.5793997708383,448.189122447417,385.1184089083935,416.71768777155,1175917,-0.050348130320016664,0.0601677306092143,Financials
2019-11-04,406.25753243677235,424.1005778429511,386.9186223596308,404.69295050078284,1097012,-0.029280352127306078,0.05810649515620947,Financials
2019-11-05,419.79099283826326,440.85401524822896,397.4627035629817,418.45888756100925,1374075,0.033450014839616196,0.05412663555566456,Financials
2019-11-06,421.1009416130654,428.2982513361929,415.2042760221884,422.38362437182997,1379493,0.009335316085638501,0.0511037147884199,Financials
2019-11-07,411.43613058070275,426.51932259066086,398.8427290941616,413.85197594391843,1338553,-0.020405599720126327,0.04692913754911495,Financials
2019-11-08,402.8918753189565,418.8961770235936,387.3750436979258,403.3612674059004,1319296,-0.025675758305701905,0.04386722507605996,Financials
2019-11-11,407.85947479556324,418.3170152751313,398.89182446192046,409.3173113320694,1090993,0.014658072020414645,0.04169356585115845,Financials
2019-11-12,403.7516626057135,411.20580617531914,398.0566951344038,405.4863704341052,1172196,-0.009403416338574342,0.03902450009944084,Financials
2019-11-13,404.71810066199,406.2090378440201,403.0016440377904,404.4917473590293,1279358,-0.0024559270260648813,0.03649099782459356,Financials
2019-11-14,440.27619804792744,496.1651043504198,384.33199013345427,440.21285572628545,2249039,0.08462703873960563,0.03414936418765651,Financials
2019-11-15,430.548052413865,444.49877353766374,417.4473274525093,431.37294861771403,662424,-0.02028534699422681,0.04590428751665975,Financials
2019-11-18,435.0962932229758,439.45711344529076,429.9124467979832,434.2649345992808,1455634,0.006681770281259143,0.04298240553216118,Financials
2019-11-19,403.62891282340587,447.6080956998465,360.53787822039607,404.43138946250855,1663613,-0.07117269226591608,0.03980812299491972,Financials
2019-11-20,436.47670625202215,492.7126977930433,382.9468995813509,438.8872592295205,1500817,0.08176046343202113,0.046125721064930174,Financials
2019-11-21,400.16090191154655,458.17445687139167,340.6879479037254,398.454051209678,2100177,-0.09665038018909812,0.052960189974174225,Financials
2019-11-22,446.6879604732093,513.6911545441907,377.5538313163726,444.18097801926194,1769957,0.10863990031905194,0.0611965667034114,Financials
2019-11-25,427.4038232770498,454.4346442481924,398.91031013692566,425.8423787698039,957930,-0.0421628126204521,0.06975965891708542,Financials
2019-11-26,398.91413463800313,437.4061892598375,362.0290110601351,400.3850584515293,822293,-0.06164254472346483,0.0652670163634939,Financials
2019-11-27,411.70562693800383,428.8242622275427,394.52307247904514,411.63893471987114,1484198,0.027719862881732695,0.06385763257427979,Financials
2019-11-28,417.5902839012623,427.81122945739554,407.8681982894238,418.07779393052357,1150679,0.015520932018199974,0.05897030108555225,Financials
2019-11-29,413.59583568195495,420.6578839032667,406.28794927097346,413.3457269465061,1325298,-0.01138317106065234,0.05401973739017606,Financials
2019-12-02,433.4949021463024,471.62570410066684,398.3777902658244,436.2827506106484,1281482,0.05400618970235886,0.049537279998727014,Financials
2019-12-03,447.3127181826193,469.4544687816683,427.38642354133987,449.4336918155666,932992,0.029697783871408326,0.05000653923901252,Financials
2019-12-04,462.21604127671947,474.6486467945642,445.2580578780278,457.56557600149824,918796,0.017931882363210805,0.047252692286908385,Financials
2019-12-05,430.98002807033265,468.3216224761027,397.1526878010228,434.2385249220245,1605326,-0.052326230244385395,0.04398279667611196,Financials
2019-12-06,430.4490301605664,435.192201401625,427.5876729962782,432.31841771273014,1113067,-0.004431584947809577,0.04536842821280047,Financials
2019-12-09,445.1082213921939,468.1024468473572,423.56692772843274,446.49408351057116,1677200,0.032263754638344015,0.04182799618165412,Financials
2019-12-10,438.5985887040946,450.8214850303257,426.061491545405,438.27538068790255,582254,-0.01857871356790497,0.04069161450670724,Financials
2019-12-11,444.23824805014436,449.8120381081046,436.4115746392938,441.95673894787933,1070913,0.008364565759364166,0.03842422780753976,Financials
2019-12-12,436.04316561404016,446.2440269767904,424.9382040446883,435.1174080925746,1550736,-0.015596103271695269,0.035939281018628894,Financials
2019-12-13,425.2338551057404,442.5624706048587,406.1994648572711,423.4556156957537,1167623,-0.027167193284440762,0.034202211941598025,Financials
2019-12-16,418.6420547196401,425.4252050639967,412.68817534153743,419.45969726718266,1567051,-0.009481257016553857,0.03386061871852783,Financials
2019-12-17,436.6555209293283,455.91119031011925,412.92509287022204,431.97433076008457,1515122,0.029398718910518425,0.032104786795636976,Financials
2019-12-18,441.4841198466152,474.18723342019666,416.373895738784,448.6683906512494,1543213,0.03791789704924577,0.03246870137827499,Financials
2019-12-19,469.0689424792445,495.541751515104,439.5786331490428,465.8709577589849,869286,0.03762461710630213,0.034044651457297334,Financials
2019-12-20,461.8882108001925,466.737648017592,459.29093745287815,464.12778119772963,947514,-0.003748776271809349,0.0352075617749719,Financials
2019-12-23,481.1332997099145,506.7491772813039,455.29397649201655,480.89728866843615,1147820,0.03549380540601919,0.03307213212723338,Financials
2019-12-24,472.77312787260865,483.87919842419086,463.75063929608007,474.817691031537,1014627,-0.012722788224911932,0.03411721372097961,Financials
2019-12-25,463.7138342862295,478.7131284408154,451.9037116281565,466.8237994546459,1550052,-0.016979038629505557,0.03248796421290188,Financials
2019-12-26,461.35735074837316,468.9514849857627,454.93030563058653,462.50840484309185,1271337,-0.00928715395612715,0.031426380922345655,Financials
2019-12-27,480.9733038254262,502.7519968354329,455.09857565725065,476.6830018135816,1374819,0.030186974116566893,0.0300504844984539,Financials
2019-12-30,460.14166123080423,483.6763852254593,438.56483781454676,462.0118647903141,1630853,-0.031261131421343846,0.03096955449825839,Financials
2019-12-31,492.4369850855796,537.8442834524229,446.0013504345881,491.3041949500138,1485562,0.06147290549125056,0.0318414728823567,Financials
2020-01-01,485.27489685289925,499.49251554980395,467.6852833040475,481.80112725024554,1050098,-0.01953204776524083,0.038444001257474734,Financials
2020-01-02,474.32894554777204,484.09384121559026,467.424217097941,477.1480751596473,637035,-0.009704557023336377,0.036600247535137284,Financials
2020-01-03,467.94380003076765,480.5142417554438,457.74629969244967,470.2661327987707,1351799,-0.014528098370854893,0.03443529090569058,Financials
2020-01-06,485.37798256410827,505.78515194355407,463.2999688951717,483.6338063547304,967791,0.028029247462827204,0.03286778444234741,Financials
2020-01-07,495.47790555561863,515.6267429736806,476.2161861853256,496.3318273658006,1312723,0.02591668791459475,0.03289496633709712,Financials
2020-01-08,501.92398770035766,507.09418122278026,494.6041306768256,499.75195058793594,963546,0.00686716667479289,0.03265599876170345,Financials
2020-01-09,489.688030468509,503.3005638451873,478.94499328395165,492.4959255605274,1150919,-0.014625688895954114,0.030987176393153505,Financials
2020-01-10,500.1353959939155,515.1954280200108,486.50423113826895,501.5263527096142,1545902,0.018169966192931153,0.03000417799254819,Financials
2020-01-13,507.2177087369262,516.4569966465725,498.24281758422,507.47750850406993,1201954,0.011796237917974791,0.029491061498777046,Financials
2020-01-14,556.8243845185895,622.1170365864375,484.39545756036347,548.7401620538916,1857056,0.07817264459337904,0.028577103614823175,Financials
2020-01-15,524.6611464478539,561.2077779108249,487.35073733534466,523.8401824221265,1450447,-0.046438393885786994,0.0408652056793831,Financials
2020-01-16,538.6393016058591,568.4827462185426,511.82017030598206,541.5201747449797,1585867,0.03319368047092056,0.041945806610176814,Financials
2020-01-17,549.2696770869222,570.9408583905252,531.6684304234442,553.2132409422641,1183580,0.021363211791612834,0.04090028871809487,Financials
2020-01-20,543.2365258462756,559.223770711959,526.500576886554,542.4651195578197,1203484,-0.01961974708380503,0.03881655467048577,Financials
2020-01-21,555.3913144369807,575.0384348460292,535.7558862028426,555.4026073593967,1278068,0.023569481821471124,0.036920456450785115,Financials
2020-01-22,566.6533482945695,594.5976883574674,543.1849164040849,570.9512549940337,767451,0.027610568802621433,0.03569067321622492,Financials
2020-01-23,572.4276931404813,576.9022510344922,563.5438298843399,567.983649538713,1301051,-0.005211205942259094,0.03511994946099051,Financials
2020-01-24,529.7561779154131,582.9409465359277,482.46728262859875,535.1688839028357,1710582,-0.0595102643545638,0.03302729447320681,Financials
2020-01-27,514.424567860634,542.7267881253384,491.263433195907,519.3441569153264,1682466,-0.0300155890830909,0.03877966578902459,Financials
2020-01-28,526.3602806581649,529.9381707402277,518.1567308307277,521.7029631859345,1478042,0.004531611032135602,0.03792400718763116,Financials
2020-01-29,506.5553254478518,528.3974413629461,485.9555496804759,507.7491183493976,816141,-0.02711092580613108,0.03540712614313658,Financials
2020-01-30,502.0249756868443,510.0422334505818,495.09636863491625,503.09880612180586,768582,-0.009200879620844486,0.034830762410297894,Financials
2020-01-31,502.76527508930144,516.7513874825484,494.64937529707055,508.5422330166842,1037267,0.01076168170231376,0.03291267287741437,Financials
2020-02-03,522.9227324100477,547.5302847801892,499.43867463019427,523.9979402433858,1430444,0.0299394873268307,0.03136825302288664,Financials
2020-02-04,518.3750657010042,528.2983751867179,515.8291714182424,525.7164253012262,769422,0.0032741984857611664,0.031962943753279176,Financials
2020-02-05,506.6183083297558,533.8448786887454,481.4884766775896,508.61595747375947,953698,-0.033068724177531136,0.030313559260813548,Financials
2020-02-06,538.227602055521,582.4677010278064,493.10354732436383,537.2644817631023,1894424,0.05479726272346493,0.031609501385762614,Financials
2020-02-07,551.4897790639197,570.5966255098374,530.7693003040237,549.8182346288826,750353,0.023097250600423887,0.03673880050549948,Financials
2020-02-10,499.5858194478047,574.5236923649753,419.86291379793767,493.9563691740443,1968560,-0.1071405493348854,0.035493858875319945,Financials
2020-02-11,501.5928086811528,521.0022707107232,485.3960989053041,504.7050644706157,1248611,0.02152703613439625,0.05319507318404642,Financials
2020-02-12,518.8818818904635,548.563104343374,492.5516511488045,522.0710423017009,1323414,0.03382944707406757,0.049328335077869635,Financials
2020-02-13,521.4590581688261,526.1541195527609,514.2742731934914,518.9467141836616,611285,-0.006002467257189507,0.047098751964826394,Financials
2020-02-14,514.9428126193058,521.5800251586976,507.8750147168733,514.5066048775811,770272,-0.008592815068312852,0.043359409489653285,Financials
2020-02-17,528.0545061508501,546.7575971121383,508.14134175100213,526.7999995117214,818462,0.02361257628197099,0.04018838369047556,Financials
2020-02-18,549.6141071425211,588.4433878117046,512.3985060685525,551.1254503099174,1154005,0.0451414918095351,0.03841507530544604,Financials
2020-02-19,545.2336671197556,553.7652067921085,537.2438345729652,545.7675507359673,1234734,-0.009769306908965582,0.03982759785622303,Financials
2020-02-20,536.4606149860223,548.8126212739166,527.2727660847461,539.5714930144233,1095050,-0.01141786075201507,0.03719282114091174,Financials
2020-02-21,586.7496133781127,661.8397227812616,512.2240221863385,587.250510493232,2064249,0.084676199742403,0.03501713704971813,Financials
2020-02-24,619.3127316814689,675.2056162488113,566.1566920671288,621.8332396907352,2229802,0.0572204605687323,0.046437794199867995,Financials
2020-02-25,617.5183756173359,624.6275574070527,609.9748138091196,617.0789365555773,1286703,-0.007675001609044897,0.048127976793899324,Financials
2020-02-26,616.8301491716109,619.1090910800242,613.2866469156439,615.5608994514911,976596,-0.0024630680060778506,0.04429308713190035,Financials
2020-02-27,603.6706961843221,617.4446254143235,598.059382255356,611.758136121281,1246337,-0.006196881803753786,0.0408706748138525,Financials
2020-02-28,654.1570095264824,719.7265481093368,588.4774446801625,654.0347261700892,2182616,0.06682344618388335,0.03797485812225236,Financials
2020-03-02,684.9752667577671,733.1825326594092,637.0659555281505,685.2537438701015,1356702,0.046628750510840575,0.043857471695341835,Financials
2020-03-03,690.0933673474744,695.8801217232968,683.3168680119363,689.0952527317186,939696,0.005590310576924865,0.04432739914473328,Financials
2020-03-04,687.4811930734477,695.6087301959309,675.6028558767546,683.6855198075281,1482045,-0.007881463720385187,0.04094657968379254,Financials
2020-03-05,671.9632500336925,688.3799476395819,657.7223233582959,674.0938667734425,1730932,-0.014128676109080519,0.038086946987088637,Financials
2020-03-06,690.4415449047813,709.1577686566383,667.7803542891586,686.3866597750358,1304281,0.018071743499963943,0.035922630025196314,Financials
2020-03-09,717.7860185944277,774.5316303122179,664.6275983292857,721.1258648154358,1571890,0.049372578909832626,0.034370575574333664,Financials
2020-03-10,681.3558168356622,738.1003607638593,627.7954688197633,684.307950032007,1939109,-0.05240565618577247,0.03755951150480971,Financials
2020-03-11,691.1537304266124,716.6416495214737,671.8494622239616,697.1693617377568,1275512,0.01862033230603675,0.040503412740448864,Financials
2020-03-12,683.3296685715874,710.9508279679145,651.2018625669781,678.6331833344503,657736,-0.0269476171036308,0.03826785427975561,Financials
2020-03-13,713.3779445625385,773.2043269946407,656.2323560315681,715.8599183905244,1950875,0.05340375226207612,0.03715466386708231,Financials
2020-03-16,717.76199848843,724.7688556255812,712.4236567870362,719.418195985673,1437620,0.0049583211079588674,0.04040011573016936,Financials
2020-03-17,680.0380217192002,736.5610426542748,625.840566527594,682.1919262597709,1890286,-0.053131789165346915,0.037542285799353065,Financials
2020-03-18,670.4054139699548,693.8873826134732,643.1032982680613,666.4466035595455,1089633,-0.023351013336308065,0.04063233480147156,Financials
2020-03-19,665.3576866311303,668.6349176766765,664.0482187625464,667.3215847269412,1479756,0.0013120440277408808,0.03876312395447466,Financials
2020-03-20,667.7318238313031,673.4614289593982,657.8216699363414,663.5150925668916,1324769,-0.005720465336138171,0.03608769931566133,Financials
2020-03-23,667.4145851927308,684.8817656587285,654.6501994091562,672.0291262122962,1027509,0.01275008175005005,0.03386393645262406,Financials
2020-03-24,681.0252811414172,697.1455635031755,665.9332719508549,682.0312610750143,1220816,0.014773811984647311,0.03227689020566933,Financials
2020-03-25,722.0458045293018,784.5884846781156,659.8364656836774,722.3527042563579,1626972,0.05743803551463829,0.031083402985560036,Financials
2020-03-26,712.8229234863377,730.7197315212487,692.5275773532782,710.3626145395298,1147105,-0.01673796529754281,0.036983936262887235,Financials
2020-03-27,722.919023651967,733.4122163847882,706.8587419420181,717.2699380162926,1317074,0.009676687973352647,0.03516067626686248,Financials
2020-03-30,683.210441421825,730.7720774953594,641.2764349810636,688.5126337462625,1856453,-0.04091858466867371,0.03321241135410872,Financials
2020-03-31,700.0752715107899,725.0101589123875,678.1778082347008,703.0205704353906,1105784,0.020852484646718496,0.03512265650626012,Financials
2020-04-01,689.113280639667,710.6007272830313,667.0872436734826,688.5573558605769,1830263,-0.020787532081245813,0.03394266809543165,Financials
2020-04-02,730.2992881300743,800.0765213836469,662.7588648685824,732.3467429277925,1873108,0.06165547409512855,0.03296212974693277,Financials
2020-04-03,783.6062355356004,860.6332870346347,705.0825110340833,781.9464041624153,1623534,0.06553210699111375,0.039235331282495435,Financials
2020-04-06,779.5708493914298,789.9106373368494,774.8222819836975,785.1282185580482,1430933,0.004060838867469393,0.044448819260830184,Financials
2020-04-07,802.7894021670297,827.8386304957174,776.6182773946684,801.6313720104222,472828,0.020801826117011937,0.04102476799193009,Financials
2020-04-08,814.5332736198224,828.647416430587,796.8934794934714,810.9454529428931,1724960,0.011551926539101226,0.03887586226058161,Financials
2020-04-09,810.9823445745867,820.8762217849953,794.5632963634307,804.3765841716842,1328399,-0.008133245050769147,0.03645659315155065,Financials
2020-04-10,849.2895586676678,911.2710353434552,782.8495914791841,844.4800698202118,1593266,0.048653588200645755,0.03425184664558293,Financials
2020-04-13,873.6005939041651,936.4300809493197,818.4231917015368,880.7980790847545,1521434,0.04210726853716809,0.03733131320521322,Financials
2020-04-14,893.7633682990339,929.781730787354,864.4581915423048,900.263426743904,1174541,0.021859012348724425,0.03848187711182706,Financials
2020-04-15,959.1575057875816,1071.3849545367925,855.8964370439021,967.252404435079,889376,0.07177206254488928,0.03682874361105821,Financials
2020-04-16,969.4640968066025,972.9528289291783,966.0424690938161,969.5309652109677,1345305,0.0023529341100629007,0.044246688340116185,Financials
2020-04-17,895.0085537305127,1002.0688773905109,788.866961435589,895.8298815139491,1150940,-0.07906188296749547,0.040829474501796414,Financials
2020-04-20,869.918153576285,903.2459514053356,847.5545290469832,880.6075272993011,1518663,-0.017138489360455787,0.04869552331815696,Financials
2020-04-21,903.8965378565016,952.1526288853196,860.9390037607403,908.9547061733475,1188527,0.031683223537678135,0.04517811821686581,Financials
2020-04-22,1016.3060786308279,1168.751990425452,861.5120876691166,1013.5436325519019,1808137,0.10891275158005644,0.04339843189050101,Financials
2020-04-23,1057.5284296607363,1110.0904300458667,995.6171142250681,1047.6901244439887,935633,0.03313512205182854,0.05818966601514762,Financials
2020-04-24,1042.8455131483502,1049.6186530181565,1037.0437365944988,1043.8115022713164,1101415,-0.0037089396148657578,0.054529993872840084,Financials
2020-04-27,1033.36299781394,1058.9400154327486,1001.3162531876048,1026.7290729261967,1401027,-0.01650082799101346,0.04980842921010047,Financials
2020-04-28,1070.103413344281,1131.6776715752499,1005.4911250121248,1066.8799008016433,1428207,0.038360316372624874,0.046103636461351113,Financials
2020-04-29,1117.820671297878,1182.9209794523779,1044.5235152047248,1109.1169296528003,1364811,0.03882573166762253,0.04495734997527679,Financials
2020-04-30,1105.8251212603795,1113.6210164851518,1103.1341848745135,1110.9176877488158,975454,0.001622279649907665,0.04407999851824578,Financials
2020-05-01,1058.2120738875901,1128.8269451969638,1003.3112872422053,1073.1511108092932,1454091,-0.034587135540606675,0.04067962369767223,Financials
2020-05-04,1087.9872777376092,1126.5946705245271,1055.9844287044298,1094.4031017771006,1572437,0.01960981817099129,0.04004130266466137,Financials
2020-05-05,1090.6164988742971,1100.1709865054781,1078.4981291467147,1088.0299570418924,1108340,-0.005840420007731259,0.037951633437459775,Financials
2020-05-06,1091.618196623244,1096.5373767509452,1086.385783231956,1091.3035454409676,663074,0.003004212854468667,0.0354595228441819,Financials
2020-05-07,1024.001976299252,1120.751559556794,930.003153979449,1026.5214598631733,1423623,-0.06119703183875685,0.03327545645818987,Financials
2020-05-08,1057.3024116640443,1092.8770603772964,1014.4851582591386,1049.807633030351,779646,0.022431077631020455,0.039339119307399154,Financials
2020-05-11,1082.0962371774256,1128.491979825522,1033.9316710519904,1080.2481766240421,1345751,0.028583867160846137,0.037596888606090235,Financials
2020-05-12,1043.237583130207,1095.9917038941126,994.6636614127525,1047.231808077334,1562968,-0.03104049835047141,0.036788265052423184,Financials
2020-05-13,1102.5882766082673,1188.9724936770783,1016.7027791413083,1103.0509560533771,1046914,0.05192962733781052,0.03643114103525603,Financials
2020-05-14,1134.0735526565145,1202.0244338775867,1074.7037724857412,1142.2277728747151,949502,0.03490060530418703,0.03957632321251122,Financials
2020-05-15,1130.605735223983,1152.6670646732957,1105.4652117296541,1127.46526161821,1407065,-0.013008560374315482,0.039188469283792146,Financials
2020-05-18,1241.1282882496916,1421.942766469913,1061.1801627748325,1241.8849364422078,2434556,0.09665835362790846,0.036796362541659036,Financials
2020-05-19,1268.528131179935,1329.3470495632112,1216.0955983002154,1276.5816381613517,1566366,0.027555574890798188,0.05083899522951292,Financials
2020-05-20,1203.5330553039907,1307.6051403069478,1105.4647818544572,1209.084513728884,1673715,-0.05432243732586322,0.04776587908634686,Financials
2020-05-21,1236.6796759879703,1270.982367765319,1197.4874927614621,1231.6506919168369,1119092,0.018491822602833406,0.048661097844855054,Financials
2020-05-22,1210.398571113464,1240.7966611925528,1182.5898028306092,1212.9297396040683,631584,-0.015316590169287759,0.04522846537579454,Financials
2020-05-25,1288.720781866553,1405.233096787336,1171.8117096322148,1288.28458863834,1403782,0.06027285173546514,0.04209134061017354,Financials
2020-05-26,1382.3751328746569,1538.7333973904135,1230.3538136245563,1386.2823924877637,1673927,0.07331406921070761,0.045412192877443386,Financials
2020-05-27,1304.3029026249087,1430.3391440704593,1174.1923948797798,1299.7928222367495,1692260,-0.0644207421409565,0.050557459599799515,Financials
2020-05-28,1271.6104834283824,1316.2424356474783,1225.1658035457726,1269.731816897638,1478885,-0.02339917388264158,0.0526056097735501,Financials
2020-05-29,1277.9214108425076,1294.307569972934,1263.171965515634,1279.539449651845,965518,0.007694497852388664,0.04894903823852046,Financials
2020-06-01,1153.2103965234967,1329.866120813204,980.2288370449721,1156.4053224462643,1788191,-0.1011838744775572,0.04500763790914796,Financials
2020-06-02,1127.7548348079538,1168.2847466953785,1091.461542585134,1131.859362961947,1120219,-0.021454599352408593,0.05706379276101691,Financials
2020-06-03,1097.726555303197,1155.258526834221,1035.7110359317146,1092.9950275648046,1434521,-0.03494007455869145,0.05266940412064375,Financials
2020-06-04,1123.6133273357875,1178.4785880209558,1072.1607417610958,1126.8765717154165,1049972,0.030528049892211934,0.05002373662436649,Financials
2020-06-05,1058.295852001411,1155.316191520302,968.2949012353259,1064.7650766676961,1260827,-0.05669552018992202,0.04734652738294959,Financials
2020-06-08,1014.947557351839,1086.5733563472481,946.6062225840093,1018.0248149229643,1698642,-0.04488989555686555,0.04873922676469534,Financials
2020-06-09,1113.9310140269852,1262.8537845354892,964.1367960500734,1112.9250823485,1833080,0.08912746458755504,0.04798619790066994,Financials
2020-06-10,1073.6379819907017,1130.8737254064054,1017.9134073885268,1075.0745872915707,1405164,-0.034601715871273704,0.05597942383358988,Financials
2020-06-11,1117.1008612875737,1158.2892781305575,1061.2026698196833,1101.8279624679005,1015850,0.024580541930958558,0.0527877687099768,Financials
2020-06-12,1050.80327234317,1123.0886590789398,984.5377211160874,1056.4660056663315,1380881,-0.04204120344322752,0.04919216682100257,Financials
2020-06-15,1055.5425932127155,1074.4851784196708,1025.168192794399,1043.9018756937726,1178132,-0.011963884943319623,0.0479688944971583,Financials
2020-06-16,1006.3821249818398,1075.7392748953127,928.3127702794425,997.0250561714647,1998922,-0.04594487401408252,0.044297652904687304,Financials
2020-06-17,980.8920186297345,1001.5292389390625,967.3501816169551,987.8907795882564,1115047,-0.009203756550557458,0.04456978078829655,Financials
2020-06-18,984.6080391875735,1006.1076035398086,952.3546102703867,973.6141150558228,1171473,-0.014557105295744497,0.04125383203788148,Financials
2020-06-19,934.1100437700063,987.7870665484224,890.6711700982339,943.8932451418194,1111246,-0.031001967388807103,0.03864310188683742,Financials
2020-06-22,925.7659239549548,966.8429920397978,875.7205721462552,916.381233040384,1391580,-0.029580600611839352,0.03793151402258677,Financials
2020-06-23,937.9320079285135,977.818510747554,900.988244149084,940.7632293172619,1324025,0.02625902053108107,0.037179182276108905,Financials
2020-06-24,878.313642008491,971.6824204071419,783.2339866381622,876.3992571214909,1741154,-0.07086973182316283,0.03618374911011662,Financials
2020-06-25,980.0259035531683,1130.2826170995688,833.0220180201931,982.8544496517991,2149483,0.11463928161528791,0.043598036573154815,Financials
2020-06-26,895.3242023167192,1022.1470727328206,767.6116703737678,894.2877233103798,1891416,-0.09443348013895425,0.05993292724219058,Financials
2020-06-29,990.2455481022065,1146.2755991622419,841.7087158868756,996.7613905758626,1993653,0.10848385236259606,0.06565985790364846,Financials
2020-06-30,1043.1975610862673,1121.4082432371904,967.8896717222991,1045.9049116445244,1772394,0.04812631993090623,0.07289914598578145,Financials
2020-07-01,1094.4123102082117,1185.7959996941195,1010.1294633974998,1101.0054056241975,2063028,0.05134131260802866,0.06854815671393953,Financials
2020-07-02,1121.9726205452387,1153.246531700413,1090.3912381190576,1121.656333063917,1200441,0.01858269419561908,0.06522629368705805,Financials
2020-07-03,1091.7433654387098,1138.3776964215094,1043.598528709352,1090.1654586625805,1742291,-0.02847698000531469,0.059626948513700276,Financials
2020-07-06,1091.9609516040118,1092.5958530748633,1089.954008989934,1090.5881122475112,1120928,0.0003876215963699055,0.05537092332423069,Financials
2020-07-07,1065.8802946308829,1098.0232043184205,1043.4564778025965,1075.3991317383475,1314166,-0.014025225247300899,0.050524982507642334,Financials
2020-07-08,1114.5381785265254,1177.1198219772098,1053.1203142181473,1115.6411757800165,1463428,0.0367374071710883,0.04660177171957822,Financials
2020-07-09,1096.1517239981229,1118.068749512281,1088.9330035034586,1110.7538664312337,872521,-0.004390341432135873,0.045164429197888614,Financials
2020-07-10,1175.63275212634,1289.7689919272407,1067.4151242380456,1181.0524755769075,1307107,0.061367025653526336,0.041650351697200404,Financials
2020-07-13,1128.128930500524,1204.5391908296558,1054.5948150155043,1130.8290736211702,1841974,-0.04345491222792198,0.045306602309536204,Financials
2020-07-14,1103.623487466198,1141.4028631194756,1071.4270093182367,1109.048129576316,1438583,-0.01944895066938758,0.045004444000321095,Financials
2020-07-15,1082.8816580325336,1121.3563785109654,1045.0935652165097,1083.5451331561876,1616910,-0.023263910410229058,0.042155180418822435,Financials
2020-07-16,1158.2671388585873,1277.9036901006127,1040.2297833039543,1159.718435019824,1822561,0.06793905113055507,0.04003534461011984,Financials
2020-07-17,1043.3934115468176,1199.9024232788402,886.4860996461775,1042.92482311315,2128781,-0.10614815135495911,0.04554799945901979,Financials
2020-07-20,1001.5220068131289,1065.8442116226904,935.0391857804096,999.2131024672851,1664086,-0.04281630316790647,0.05873508924983762,Financials
2020-07-21,985.1082650170896,1015.0407061451347,949.4238607223215,979.1760520004932,942227,-0.02025661692289619,0.05598958778106894,Financials
2020-07-22,944.4110040851987,998.1084749767492,889.1513092455377,942.7546000535333,1910560,-0.03790543923445308,0.05166639847414724,Financials
2020-07-23,929.6007021849722,950.6716250525114,907.5670500197078,928.6156449512383,1524328,-0.015111092191169309,0.049508148153258706,Financials
2020-07-24,893.4121669978068,943.5382029476146,847.2205715499916,897.1531875804193,1716227,-0.034468298174951666,0.04577223124268156,Financials
2020-07-27,812.9576524444095,932.6505424874774,694.8191226601884,814.314793727129,1927369,-0.09687960943517046,0.04420732133039071,Financials
2020-07-28,729.1853863412447,838.5631942924313,615.508497297727,724.1276438796789,2305532,-0.117379335177145,0.055419117784510155,Financials
2020-07-29,729.1669598353275,735.5510280709013,713.6102733716863,719.9133233355944,1498675,-0.005836860040043076,0.06799786130316901,Financials
2020-07-30,698.6951079755192,726.1321966195799,679.9228549605658,707.1332315678055,1833450,-0.017911726016751794,0.06167720530076785,Financials
2020-07-31,678.3761451067122,718.6425415485083,642.8171713225419,682.8491051157803,1416617,-0.034945188880501014,0.05649235888423611,Financials
2020-08-03,626.3645962239253,720.3192856575141,524.0404637150563,616.5181926059486,1968875,-0.1021860739422609,0.05325677631746357,Financials
2020-08-04,566.3801636452745,638.3646764413868,494.63122757409303,566.5892529723036,1502729,-0.08445321202564572,0.06273218021990516,Financials
2020-08-05,597.5241462092355,640.2459718294899,551.7622121808121,594.2499382372027,1536240,0.047665382664211685,0.06571234968658043,Financials
2020-08-06,635.5045833551529,693.450811928242,573.9129997812196,631.4934911567424,1498472,0.06078763247429985,0.06241224740981535,Financials
2020-08-07,662.0960802056046,707.2928595836812,615.7810968225468,660.8959516148035,1345403,0.04550878211315526,0.06140440815340366,Financials
2020-08-10,704.0868630374038,766.3540650788825,639.0354464779434,701.0325333165799,1925192,0.0589578789306955,0.058541083522166075,Financials
2020-08-11,720.7693296559813,752.9785650667612,689.4593235655925,721.6311229318491,943258,0.028959802442697285,0.05799182262319716,Financials
2020-08-12,749.3045085246783,782.5265131437054,710.3246462748195,743.2795202604854,893395,0.029558080629941832,0.05400223806988279,Financials
2020-08-13,730.1125868572911,748.20895332042,715.1823990361435,733.2153172740071,1363778,-0.013632772159531719,0.050636403829892575,Financials
2020-08-14,757.2790834236172,814.0106569305372,708.8924145838621,765.1228098571348,1377600,0.042596949965484014,0.04668098312773868,Financials
2020-08-17,812.583475784478,879.3765953406746,741.7863221370292,808.2208396738639,1128360,0.05479898090200415,0.04599419931439258,Financials
2020-08-18,801.6810034437648,809.5869631092053,797.5879882070312,805.4745796137768,181033,-0.003403694003933635,0.04735833973697125,Financials
2020-08-19,788.9540219257245,814.4196172234606,762.881811685416,788.3271737876112,1211234,-0.021518444750918957,0.04354294023196842,Financials
2020-08-20,796.8381294732291,814.541573045486,781.1063311751666,798.7716026163749,1621818,0.0131618520049673,0.041063933505091445,Financials
2020-08-21,863.1909743240549,954.3203122723827,766.5387338541912,857.0161828513941,1374071,0.07038175070484964,0.038405500389378566,Financials
2020-08-24,834.3400737777624,870.811700237095,796.014463518869,832.4013419162542,1001614,-0.02914209493673623,0.04497804567751679,Financials
2020-08-25,859.5424886479021,902.1522002417959,817.4437217825223,860.0295767229239,1249928,0.03265207357121897,0.042962878499587194,Financials
2020-08-26,872.8462256181618,891.6079960792861,853.6893953722192,872.4424875100741,706857,0.01432995481560866,0.04167218292159984,Financials
2020-08-27,861.1738188671875,876.7646177477948,848.1123174507857,863.6653273955715,1215801,-0.010111393797815215,0.038987931521351965,Financials
2020-08-28,902.1142390473432,978.7333276535448,832.8996117248729,908.991075706685,1463243,0.05114993521261248,0.03648812253502609,Financials
2020-08-31,946.382499155181,982.321232828274,896.8935285955758,932.2973820562554,1413973,0.025316566825200136,0.039465856759267635,Financials
2020-09-01,943.7273941275596,951.234532580558,929.7990093317208,937.2546586345494,946543,0.005303182889262633,0.03797607619497634,Financials
2020-09-02,915.918113509547,945.2021688124225,891.778725674144,920.9306729696862,1028211,-0.01757026636577617,0.035467794586735504,Financials
2020-09-03,937.3858317151171,978.0075943746745,903.2001557475982,943.5954585198357,1267934,0.02431277481900213,0.03395112223921531,Financials
2020-09-04,922.1124600349278,951.3471729679926,898.5949340566427,927.6874623141784,1151446,-0.017002644830974516,0.033328810569110294,Financials
2020-09-07,951.8065326004689,995.0136130012031,911.2923962647792,954.3895300460273,1898740,0.028377010767093255,0.03212493083025316,Financials
2020-09-08,910.7427673887896,975.0876887745629,846.1530307094106,910.4793407283244,1827066,-0.04710069164773278,0.032348062626534516,Financials
2020-09-09,870.9163860136415,925.4072486981802,824.9030313768272,878.9684758783329,746897,-0.03522217545852406,0.03563550192724076,Financials
2020-09-10,882.6432398061297,894.0182092069958,873.6249449744313,884.9760788892285,992113,0.0068115817165111375,0.03608325712418105,Financials
2020-09-11,905.1373150348772,924.7531358790235,878.3968213088775,897.8548184211998,980416,0.014447767956173179,0.03389042346406897,Financials
2020-09-14,895.4432494045093,906.0268696766475,880.2790366527341,890.8078694197927,499677,-0.007879613646966889,0.03240616209760802,Financials
2020-09-15,851.8457302302138,914.3328074807816,786.066055866773,848.2924850971152,2285833,-0.04890328145346261,0.030812995962758594,Financials
2020-09-16,841.9577370044108,850.1250283833892,836.4533017826072,844.6032973816648,978657,-0.004358441427545314,0.03490389973481858,Financials
2020-09-17,841.2806166755142,844.877354745386,840.4606137397002,844.0546479391451,1219694,-0.0006498053242166833,0.032824916985579974,Financials
2020-09-18,838.3707649591051,846.7783650637821,830.1475023994714,838.55331196939,1205378,-0.006539081834542829,0.031016825710121924,Financials
2020-09-21,811.433709252727,850.8562913245308,773.3821510260905,812.7433199154983,1244000,-0.031262819371635685,0.029598120217194396,Financials
2020-09-22,840.2853530558898,879.7912649087672,799.1931094760905,838.620760726674,1449325,0.031343250804983624,0.03078057110536972,Financials
2020-09-23,835.9271204870607,841.1015623189004,829.9974103448307,835.1671478982009,1580626,-0.004126708900033209,0.03170669884601349,Financials
2020-09-24,802.1736349796901,853.7029503139445,748.7566165606592,800.1563471568863,1042465,-0.042824739422373,0.030113224010744455,Financials
2020-09-25,790.8803785729166,806.3100900482578,774.4076552648327,789.8166131676677,1276277,-0.01300635923659576,0.03317436893516052,Financials
2020-09-28,756.2150418572729,801.6148275613137,720.0643277890441,765.0421359636392,1788393,-0.03186987128197666,0.0317144416707219,Financials
2020-09-29,726.5986603850282,782.4432088831342,671.6352438995859,727.4178267173911,1303249,-0.05042987230054147,0.03251150492853201,Financials
2020-09-30,733.7693635784673,762.2983487560467,712.9753299689763,741.2911576524684,1433312,0.018892433727933235,0.03642902915549229,Financials
2020-10-01,727.7963184573113,747.6898342292361,708.2576061903786,728.1418457965807,1966464,-0.017897601083728423,0.03485968932727339,Financials
2020-10-02,741.5077907928402,776.8691319185809,712.3535026643574,747.4800298340721,1644053,0.026211716622523282,0.033469493134465844,Financials
2020-10-05,771.622993003143,810.2104167929651,733.7742154368779,772.3271020660081,1851368,0.032700578658634315,0.03315454252115936,Financials
2020-10-06,809.8003282959072,880.5680277413794,744.5765846333281,814.931041103609,1098192,0.053695329892684225,0.033760600239351804,Financials
2020-10-07,806.3047207082833,817.794133107434,797.6839813608684,809.143047324837,1276915,-0.007127776158739021,0.03800395730262422,Financials
2020-10-08,779.4052528015964,839.4850583389956,709.3641728331647,768.6119885765183,1668086,-0.0513894454106218,0.03553957506039023,Financials
2020-10-09,754.6369004172242,784.8596560975099,718.390447802837,748.3618932042523,1467677,-0.02669960053068879,0.038814692853611256,Financials
2020-10-12,700.5697125315374,769.8728788005898,631.3916283667129,700.6835533689881,1817279,-0.06583031203261391,0.0375791778160579,Financials
2020-10-13,705.5347581333492,727.1060372029718,689.7608829785323,711.205382024523,1203349,0.014904888311527172,0.04335666248238459,Financials
2020-10-14,702.4026920233174,719.0016176010736,683.5443112927234,700.0885499035028,1162989,-0.015754424791987406,0.04046187711446415,Financials
2020-10-15,679.0718670559511,709.9999491533005,648.4172590644027,679.3335292288401,1585659,-0.03009461342626207,0.03803894168848229,Financials
2020-10-16,650.844420761654,692.6319973932079,609.1477462574949,650.9298498327298,1270108,-0.04271033462995997,0.03732856455069265,Financials
2020-10-19,682.6469801210405,729.0945051386916,634.7913495745092,681.1360718999299,1073090,0.04536021923504825,0.038579311654857916,Financials
2020-10-20,715.4249561369558,781.102915381642,655.2000889113176,720.4546460834132,1615868,0.05612036753729448,0.03999153727437683,Financials
2020-10-21,758.4997906071187,816.7146751493289,700.0794950658524,758.2773037329576,1971779,0.051166689178748295,0.043033507767,Financials
2020-10-22,802.5875937880128,873.7519347155932,732.5976879352758,803.6678268001714,1867099,0.058136878262638976,0.04443209138464175,Financials
2020-10-23,768.9389650051971,817.1603698429014,727.2611596761612,775.1461257965159,1061322,-0.0361344720676273,0.04675845472178545,Financials
2020-10-26,849.0443242148282,951.5298285510905,738.6955349902975,840.1015895952647,1418614,0.08047126352407102,0.04522098496402228,Financials
2020-10-27,837.53377381661,844.966963155392,834.6288517459701,842.0463894214084,1001971,0.00231228253033292,0.052031659812724944,Financials
2020-10-28,842.2879450898766,845.639012394657,836.4747121355781,839.8159445135298,1400939,-0.0026523528953216386,0.04760921020000984,Financials
2020-10-29,800.6569886270815,860.1992388290254,739.7614408328217,799.194965111961,1323214,-0.04957782674954092,0.04375345429879994,Financials
2020-10-30,781.9539238645253,803.0989097317097,770.2630483571505,791.2687693701621,1044865,-0.009967233064574832,0.04472343844387263,Financials
2020-11-02,767.9524323541254,805.2335197549992,728.8803595697533,766.0700654171048,1789632,-0.0323640595694971,0.04141316961111314,Financials
2020-11-03,704.2052662338078,788.4501076804362,633.3427839939081,716.3641102143099,1811030,-0.06708506325045678,0.0403627965652004,Financials
2020-11-04,724.1131024271209,732.1285221237048,713.6817158717956,721.6700931846196,867029,0.007379528299025151,0.04558930942609979,Financials
2020-11-05,699.1540312232543,728.6224941006382,678.1130833954026,707.3353311371168,742709,-0.02006324490092504,0.042081786117587186,Financials
2020-11-06,681.3209875384155,715.5781841955448,656.2934421650925,690.2236111502974,1271338,-0.024489235696619698,0.03971248478338087,Financials
2020-11-09,707.5954734968634,737.9385283195636,678.8754570061934,709.1552051508531,1338374,0.027058790477878222,0.038100177924609416,Financials
2020-11-10,657.1784089686324,740.4037170049577,569.2044362681825,651.7411704841188,2606692,-0.084426904374352,0.037028712746034975,Financials
2020-11-11,681.3380369420596,736.417342128444,630.3107131042685,685.1076977775157,1730530,0.04992854361183061,0.04760342195092801,Financials
2020-11-12,699.5829017530763,720.0701302880285,678.1557939536478,698.6146678368979,1000457,0.01952327926026923,0.047820472030608886,Financials
2020-11-13,677.9517169430792,707.7948344262608,649.6789399915697,679.4591909387224,1272639,-0.027802153894766972,0.04457142359343446,Financials
2020-11-16,738.1218902084092,850.8766318656434,634.4939297122605,746.12507186208,1535621,0.09359606850018526,0.04248803837663653,Financials
2020-11-17,778.3307623543908,840.1339140951823,721.7351354959675,783.1852942796477,1850287,0.04847607178146729,0.05346232626700167,Financials
2020-11-18,820.5523626515092,875.2502369961027,764.1955088153201,818.7748976601783,1253019,0.04443988125904556,0.0523360840549593,Financials
2020-11-19,893.0863796021814,999.8558060891272,780.6965690116934,886.7028360818239,2170889,0.07970070900607662,0.05086735704077736,Financials
2020-11-20,835.0390586909286,909.3165663163986,763.1747717548856,837.2610524046241,1564111,-0.05737399242034904,0.055882205237998916,Financials
2020-11-23,858.9706813738403,887.2520113502854,827.6636110467491,855.8419278316376,883562,0.02194978291242873,0.055605961377778616,Financials
2020-11-24,859.7759427686053,865.6269113262946,853.8828666950961,859.7335467382688,560540,0.0045368165252047685,0.05143818910190189,Financials
2020-11-25,876.2344679182365,883.4265081451963,857.3555214530342,864.4508429271277,819531,0.005471929786134903,0.047114724281204494,Financials
2020-11-26,912.2265355417745,986.360398823333,838.3127899546091,912.4301548499096,1537040,0.054017098244328654,0.04336276164651872,Financials
2020-11-27,959.2519615399912,1032.3682743714178,886.5999803343423,959.6836015448225,1598690,0.050492108516871706,0.04518783368895719,Financials
2020-11-30,909.3289218297996,982.7234861422014,836.244185545216,909.6157008094704,1359763,-0.05358144490226085,0.04599967613117092,Financials
2020-12-01,869.369337281222,931.0511011589327,806.0368526614989,867.5925537268182,1961739,-0.0473000072064562,0.04715317432591569,Financials
2020-12-02,879.424726907055,895.5607911252233,862.1554856745161,878.2703692402969,849551,0.012232287558344362,0.04705667945645737,Financials
2020-12-03,819.1555896861578,902.8130427521625,740.8703361150752,824.0591633069021,1553225,-0.06371215640167195,0.04351906701677698,Financials
2020-12-04,802.6916224881643,833.1179368460913,774.9595119454739,805.2958530101811,831020,-0.023032598294495735,0.04715944429497921,Financials
2020-12-07,820.1402234125574,834.9255816146944,800.3394636265822,815.0327450161885,1342658,0.012018561200519237,0.04425817028073279,Financials
2020-12-08,785.504830164734,828.404222790815,743.9756487101935,786.806236731416,1225920,-0.03524627717933629,0.04109373895471505,Financials
2020-12-09,834.1821534861105,900.4902233726771,763.6797072297679,829.6255810123146,1382124,0.05299247860870687,0.0404635800847256,Financials
2020-12-10,787.630251279373,851.1974389664445,722.7183842845402,786.1675194341555,996878,-0.0538045930255702,0.042791020892034584,Financials
2020-12-11,827.2647653905218,898.1489586367387,759.5911902035605,830.2326024750685,1382669,0.05453600670398441,0.04471126602751389,Financials
2020-12-14,865.0656714227168,915.202306001598,812.9255548280405,862.9389297840956,861939,0.03863801807973308,0.04631850874012514,Financials
2020-12-15,804.5158432125763,907.6013493504847,690.7669190583574,792.2852790589089,1508900,-0.08542239576560678,0.04516921371572353,Financials
2020-12-16,854.3186334450238,992.7043359085724,734.07767592496,870.2246835706766,1696296,0.09382990749418979,0.05316722814768284,Financials
2020-12-17,859.1873846930878,877.0358371192963,840.4268255140635,858.2559281950491,1302027,-0.013849095664258819,0.06067957687872781,Financials
2020-12-18,802.3246140306081,883.5247469528838,721.0655927360871,802.25909470382,1280737,-0.06747072319797806,0.05544707799111528,Financials
2020-12-21,796.1246799312554,803.7951552983494,791.5162458199022,799.1690983172463,1223683,-0.003859055603996661,0.05694161518196496,Financials
2020-12-22,811.5508198440225,836.151668264471,789.3442894340667,813.8813669076145,1115992,0.018242053663974543,0.05192409727812316,Financials
2020-12-23,778.1934960359486,829.8450211255054,728.2306112594382,779.7802602500545,1806053,-0.042802452115930104,0.04802921382658992,Financials
2020-12-24,769.7756630455375,784.8382518499742,754.6134840564882,769.674085236686,983893,-0.01304500304659593,0.047119547861908764,Financials
2020-12-25,733.1929582066366,791.3314490933922,672.1545739800697,730.0433140234919,2070170,-0.0528632926580567,0.04360879783072933,Financials
2020-12-28,737.1611378558164,747.4622693023622,726.5790536259889,736.8762033820781,760751,0.009316037717803692,0.045172568614047635,Financials
2020-12-29,758.1273782535882,789.0870125457009,726.2906854654708,757.2129784281384,1264864,0.02722465483608735,0.04177878705714905,Financials
2020-12-30,798.6985200357321,862.2657027501727,734.9255128303937,798.4748977958392,1711250,0.053058971247037144,0.04009427531474909,Financials
2020-12-31,768.9041893814201,810.6237366021377,731.4161234923728,772.9389549709275,1291751,-0.03250345656997594,0.04252445055354631,Financials
2021-01-01,690.6240439488212,794.2176505411443,582.8778416243248,685.738637205088,2053723,-0.1197035140910709,0.0412932720821958,Financials
2021-01-04,692.2479106655701,705.8343960571777,680.1886418542265,693.7489779805544,730240,0.011613632077511095,0.06011195511931119,Financials
2021-01-05,612.1772089699618,704.0037903154561,518.6952172616136,610.2296673666043,2156361,-0.1282748016911405,0.0548724811368835,Financials
2021-01-06,621.5950225373587,637.9312520571372,604.6945692067756,621.0155700511838,1294854,0.017520763978121707,0.0705475375986244,Financials
2021-01-07,627.5323967480008,633.5479312813679,619.005757835388,624.9969879032955,1208250,0.006390676204703574,0.06424648336321619,Financials
2021-01-08,626.6543829756441,629.2470110750988,620.6968668245397,623.2755156931794,631007,-0.0027581690640420442,0.058379916161168104,Financials
2021-01-11,618.5151694567402,625.5117491058166,611.7597475935671,618.7537217745438,1414366,-0.007281332452047051,0.05317624294058287,Financials
2021-01-12,609.6883553563922,627.3740085885677,589.2980788109285,606.9029333746674,1221823,-0.019338462649864694,0.0486839082342646,Financials
2021-01-13,581.0370003695497,618.3526970587166,545.2881737829343,582.5130548840449,1592959,-0.04101726919728975,0.04530115624814524,Financials
2021-01-14,578.6003746354961,585.5557930949149,570.9168496118457,577.8634089257711,1550838,-0.008014072999060248,0.04465555129875272,Financials
2021-01-15,577.4506490274534,578.259803506595,577.2130343161812,578.0219537096104,1240630,0.0002743261398729425,0.04129077880521955,Financials
2021-01-18,591.8193201492317,601.1049099912552,574.9352880167352,584.0997586602011,1513201,0.010459937716218504,0.038261652077477094,Financials
2021-01-19,579.7978382644495,585.0308902858002,577.0071406740383,582.2284934047132,1200933,-0.003208816828022743,0.035882791980452154,Financials
2021-01-20,588.0978466080861,595.4488813734531,579.7619759139207,587.1005447251003,1344752,0.00833311985725362,0.03363932645082674,Financials
2021-01-21,570.9908522636789,593.2395018030546,552.2714131386354,574.4080333638286,1275488,-0.021856087595601918,0.03187004173570434,Financials
2021-01-22,568.8779384015058,575.7785679537516,564.7664090443484,571.6470251967371,803063,-0.004818291212241973,0.03137216812616595,Financials
2021-01-25,561.9512164938963,573.4860932841863,556.4562191175171,567.932607330878,1529471,-0.006518949468797179,0.029847156244440332,Financials
2021-01-26,584.5282182637164,619.2213828434866,553.7349829189003,588.2329788789909,1477140,0.03512032939006704,0.028619166550242804,Financials
2021-01-27,600.3099807454664,630.2882841409255,575.1293421146739,604.9145039042186,1666083,0.02796404017751311,0.030663675345503683,Financials
2021-01-28,602.9481380221162,611.0477474260698,591.4677637958127,599.5213398429868,1019062,-0.008955562281606528,0.031136906076439184,Financials
2021-01-29,630.9145742302005,690.4185367530097,576.1264765452775,635.2536383438231,1885109,0.05789277970188151,0.029793218194370284,Financials
2021-02-01,615.7828577057558,645.0008719672471,586.2702119511501,615.4735500054602,1146854,-0.03163237808681455,0.03623319985239329,Financials
2021-02-02,595.0300815858574,622.7534646427692,572.8269968052898,600.3518039312205,994787,-0.02487614824603207,0.03606060064320693,Financials
2021-02-03,592.8740615078251,604.2795970103066,581.2991609008695,592.7013742979823,759986,-0.012825135772763582,0.03511576494585971,Financials
2021-02-04,588.459498342845,596.7455032971394,578.8958270564243,587.1635844525682,990341,-0.00938722769947466,0.0333341592713056,Financials
2021-02-05,583.8563415257352,587.5279339397633,582.7667404696275,586.4335233101453,1462921,-0.0012441428694145832,0.031656767776292054,Financials
2021-02-08,603.706142813466,635.0734680560489,574.431063733373,605.7016235905963,860764,0.03232817757290734,0.030032531371091475,Financials
2021-02-09,573.9202411039847,619.2676626186974,531.2472391249339,576.4095702069856,1471782,-0.04956902710263439,0.031278251425268154,Financials
2021-02-10,563.0603089495819,588.5207746529477,534.0026935725173,559.2928000262522,1378941,-0.030145338842848025,0.035372679810315284,Financials
2021-02-11,573.9608535877943,592.7811262470748,552.9089974179144,571.6536153483311,821229,0.021860111819631475,0.03517516737221001,Financials
2021-02-12,597.5060767866636,635.9992351399964,558.2964328064895,596.7402545635068,1643480,0.042948693855796596,0.03408098579920201,Financials
2021-02-15,605.7185572256495,621.9080500334654,590.5936514335591,606.7572089142282,973374,0.016646791497101025,0.036137230386737836,Financials
2021-02-16,588.2991729241195,618.4276922974417,556.3601900951584,586.3909856219277,1294939,-0.03414194768008879,0.034442515676000325,Financials
2021-02-17,569.8869158266904,603.4219765088396,530.6534363267411,563.832206974626,1011068,-0.03923007617923942,0.034984002023520845,Financials
2021-02-18,598.2690842793465,669.0807913097908,534.9548011306902,605.0489961408693,1960672,0.07055273823809291,0.036193288737274315,Financials
2021-02-19,612.9127733426428,621.4414334974068,602.1902332878316,610.6879348920984,1673790,0.009276643731049793,0.04352719438040654,Financials
2021-02-22,676.3311438730079,777.780815453959,574.7718346880516,676.2021584565314,2616109,0.10190599846777242,0.04035593808029594,Financials
2021-02-23,746.9924053672514,854.0288171303622,637.3780908526886,743.9833331867334,2395319,0.09552655064410136,0.05441145347470134,Financials
2021-02-24,773.4632402288005,818.0989272434296,728.5455994609541,773.164018742735,1035671,0.038472577788721846,0.061945809358484295,Financials
2021-02-25,823.605198009931,892.3819657518178,749.1668413425718,817.4277490943429,1818168,0.05567130781274932,0.058239570086999544,Financials
2021-02-26,808.8124628965459,826.8439840285904,787.4137846239072,805.3685272678408,1300550,-0.014862548043559597,0.057257071145598325,Financials
2021-03-01,861.1070070191836,945.4882712840897,775.4909029107488,859.7380177050937,1383268,0.06532774175341352,0.052496019440427616,Financials
2021-03-02,819.8466647945855,875.9322285860005,769.4915533328094,825.245518667799,1278263,-0.040946771816485684,0.054266220819787214,Financials
2021-03-03,828.4833803394347,832.8177322990404,818.0698766319358,822.3722572096872,1048275,-0.003487780252014923,0.05203223900600692,Financials
2021-03-04,798.7937558012918,839.9139510648226,753.7226291682148,794.6284008622162,1451345,-0.034318575113949576,0.04762045577738136,Financials
2021-03-05,788.7132815931299,803.4721675384872,770.0917021995795,784.7769286988965,1478575,-0.01247507494362265,0.04572560482305507,Financials
2021-03-08,743.2486201530907,803.0590621719181,685.499305194203,745.1611467353797,1215517,-0.051799010804749565,0.04237934489081571,Financials
2021-03-09,713.7750074945238,764.4766376220831,660.2133107945965,710.6962471207725,1978107,-0.04735538005225759,0.04403723114311742,Financials
2021-03-10,709.7181837345403,716.1445531489666,700.0225234673487,706.4190195485222,1310855,-0.006036545736704139,0.04458477301036694,Financials
2021-03-11,687.073936470495,713.0683121770074,666.8907717669598,692.7193115580669,1317685,-0.019583690228173755,0.04117896999893821,Financials
2021-03-12,635.0365033412056,721.4737707987923,546.5184214961731,632.6278359456389,1916601,-0.09074257096802293,0.038911363309215,Financials
2021-03-15,626.1758512852222,638.1639429951003,622.8972339312281,634.8399609083258,792559,0.0034906247153678213,0.05046194094115267,Financials
2021-03-16,614.019806996454,644.650855921442,583.578478347504,614.2005657743429,1456856,-0.03305140789931752,0.046248823292860494,Financials
2021-03-17,660.8100389722376,736.3715109083936,586.5518499301556,661.9816613974801,1895453,0.07491632457397925,0.04444122252367107,Financials
2021-03-18,638.1368669395995,682.3255705049179,588.3445975033317,632.1164055776809,1554201,-0.04616429050948493,0.050218384687978866,Financials
2021-03-19,637.419492342866,652.1727476979869,625.4061818998526,640.108753321725,1391901,0.012564525755619057,0.04936780515956206,Financials
2021-03-22,638.3628873067504,640.5892265563597,636.9210607447033,639.1456320623065,878476,-0.001505754371289978,0.0455348684541586,Financials
2021-03-23,616.6117889188833,647.9414217808221,589.6040678311209,620.7523435621024,1277784,-0.02920013485861242,0.04194138160032429,Financials
2021-03-24,613.12390938225,624.3512837058136,602.2021575570762,613.4241830203125,1143778,-0.011875524297829548,0.04043712123531285,Financials
2021-03-25,613.870916327841,619.3264416765284,604.3812062732491,609.80055798588,930455,-0.005924725870515914,0.03780585709439429,Financials
2021-03-26,636.166049849442,665.6264011685455,599.7956262103949,628.9204389666019,1307139,0.030872810986037103,0.03533683094180241,Financials
2021-03-29,633.075638355822,635.555524579571,628.0949401795269,630.5649916888995,1250211,0.0026114691236470903,0.03524092600279617,Financials
2021-03-30,635.5562024917459,640.3694696951158,628.9570480360575,633.756686941654,624750,0.0050488765425717565,0.033084154184068376,Financials
2021-03-31,671.7606235501684,722.7292269064475,616.0580940322232,666.6380300135954,1353686,0.050582108734821496,0.03129652823575623,Financials
2021-04-01,623.5204132809428,685.5589180881268,562.8486173470765,624.7659271439313,1722741,-0.06487015195392827,0.03560000845924598,Financials
2021-04-02,614.8044057056618,628.297249094959,604.1340942138171,617.578786504895,1306836,-0.011570413172947838,0.04177450148137701,Financials
2021-04-05,613.3974069866204,624.2172633017717,599.5926526767034,610.3589122931679,1531008,-0.011759484897189216,0.03893800647648728,Financials
2021-04-06,655.1892791745347,721.3262990314055,586.9463898235485,652.8469689735971,1328058,0.06729558613473856,0.03651954957892355,Financials
2021-04-07,606.6218937280191,673.0159685153972,541.4414910369301,607.717811484389,2158302,-0.07163210270406412,0.04296796932763599,Financials
2021-04-08,575.9087175259123,622.4204059624507,529.3546638905256,575.8626302114851,1980546,-0.053841505341739246,0.04844244864974697,Financials
2021-04-09,593.1450082480537,618.2797351811463,567.2612709876695,592.3628538551249,1021831,0.02825023289255127,0.04911387603891978,Financials
2021-04-12,589.585076117992,598.993097648624,585.6396943633983,595.0114040265963,785229,0.004461195864014857,0.04636215702947405,Financials
2021-04-13,610.8373479491545,630.0202688033265,588.5187474122072,607.6000016643493,1544321,0.020936201667626064,0.04269127573428854,Financials
2021-04-14,631.2566072647243,657.8280140963114,598.588412063577,624.8919104958557,1282379,0.02806191811253312,0.040296211981983736,Financials
2021-04-15,608.5195564562292,630.666025390132,590.9848700046507,613.0021709619339,1249847,-0.01921021410683271,0.03895058981967735,Financials
2021-04-16,607.3708347132073,614.7190184506743,606.3511028631337,613.6886793947926,1245276,0.0011192852776728583,0.037000994672375435,Financials
2021-04-19,615.3673871790904,617.548333696604,610.0705290582896,612.2403930793396,719957,-0.0023627582080261414,0.034575233988015854,Financials
2021-04-20,605.8031196186577,613.4417859788796,602.2084623185618,609.8232742650654,952825,-0.00395580366369265,0.03251453272328047,Financials
2021-04-21,600.1628471034891,614.127812479169,587.076556496156,601.0227715913041,550615,-0.014536377552070876,0.030791283311425558,Financials
2021-04-22,613.1546901498459,625.1596825551709,596.9971031858979,608.9191680503363,1311785,0.013052706598820579,0.02983585834565568,Financials
2021-04-23,585.0654952687116,623.867457678667,543.9457082918594,582.5830319582273,1133723,-0.04421381050353944,0.028943025533120403,Financials
2021-04-26,592.5601357730991,603.3483837969977,578.9610625553493,589.6971872642827,1141229,0.012137443805399347,0.032609632587551826,Financials
2021-04-27,597.3266132752444,607.2287868482971,586.3661303701102,596.2504640951894,1131670,0.011051657337858952,0.03118987241582565,Financials
2021-04-28,592.0932562356647,602.250727487338,579.3576472587017,589.470118081628,785626,-0.011436792143466434,0.02994273505442352,Financials
2021-04-29,603.5904569378513,628.3783102892215,580.1765209886892,604.9130687759841,1500389,0.025860731317662186,0.02892877353451838,Financials
2021-04-30,614.2361313392691,637.5038401207881,594.7144273353522,617.8667475687738,1357259,0.021188055654700916,0.02949263915304644,Financials
2021-05-03,615.8646918190651,620.2052102077165,610.6362552923332,614.9704713544808,1627240,-0.004698562791805141,0.029380140686073166,Financials
2021-05-04,606.2647092431623,622.4602528113899,587.9772211492232,604.1153474167692,937848,-0.01780910034985158,0.02817562079587674,Financials
2021-05-05,613.9629503876141,616.871669908798,603.1552881255336,606.0264073687281,970789,0.003158409389738674,0.027976187983302803,Financials
2021-05-06,607.5190415323775,614.9177418088996,593.8051374891832,601.1259795485399,919155,-0.008119032513899864,0.02697461784238389,Financials
2021-05-07,567.7847282138742,622.578222593672,509.27336864252146,563.6697513134976,1987441,-0.06433599644025416,0.02630573719815487,Financials
2021-05-10,546.0607120138118,571.6570998984118,521.3865195404964,546.943038780482,1587362,-0.030123869538632806,0.03569960102472814,Financials
2021-05-11,534.665025902883,558.2714383339843,507.6305907300911,531.0786586650223,2179400,-0.029434519792696196,0.035435664775151345,Financials
2021-05-12,531.60425599021,532.6242206161894,530.6768643662296,531.6966677784537,815685,0.0011630100317801427,0.035135561953091275,Financials
2021-05-13,539.3767961914198,547.7662461420734,528.8824867673953,537.2386805334525,1715883,0.010369312646115757,0.03298195051627049,Financials
2021-05-14,518.2350215589986,546.1827957069099,490.3994419328009,518.3414970408372,957276,-0.0358081802891415,0.0314066178471848,Financials
2021-05-17,497.3337877136677,530.2577662980466,463.1292961940006,495.9624937922124,1818456,-0.04413397922782924,0.03288516963651297,Financials
2021-05-18,517.1774019273386,546.7801506534485,485.76119799297294,515.2538440742804,1351313,0.038159373831610804,0.03545869038740936,Financials
2021-05-19,497.1452714689751,523.1314939625172,472.78079628698043,498.691252177161,1530394,-0.032672509197699984,0.036390598385781174,Financials
2021-05-20,489.6070298399214,504.98317840625157,473.02188468959156,488.35883354998555,930984,-0.02093672085190091,0.03632553439787561,Financials
2021-05-21,516.4882317773912,554.2022317643055,475.2814421173902,512.7203081038958,1505100,0.048680037822777404,0.03494835477440331,Financials
2021-05-24,473.0675542055229,530.0200579127876,416.60095312700616,473.50164285848336,2637401,-0.07957510588996485,0.0378493317446174,Financials
2021-05-25,477.8504046426968,482.62037994584824,471.9050700313876,476.66319442183044,1078710,0.006654767903381957,0.04686029398564578,Financials
2021-05-26,481.5493834817791,492.2644231548036,472.190281673604,482.87947058033905,753003,0.012956929069946976,0.04316656822489023,Financials
2021-05-27,486.71432693313585,494.22739790128725,479.902560419833,487.4059518142706,826141,0.00933027327169497,0.040197815755210226,Financials
2021-05-28,465.02423822854,496.6247315957803,436.33349728603787,467.7648992613882,1081836,-0.0411315347802033,0.03749332758092482,Financials
2021-05-31,496.7810031915834,545.2206716360819,449.85809589672334,498.1668643395109,1276501,0.06296927216540422,0.03844957949677332,Financials
2021-06-01,479.7298479718245,504.8686703537447,459.21845492208024,484.16753880573447,834153,-0.028504088480160464,0.04332973016693118,Financials
2021-06-02,478.28724446852806,487.7569862313727,468.3582872367732,477.8187532113228,1346093,-0.013199518172902382,0.04151921087983219,Financials
2021-06-03,477.20456842579915,481.6393308605004,470.45454670603226,474.86759111903694,955705,-0.00619547356714073,0.03879703583608801,Financials
2021-06-04,490.8464705793183,517.3713736732622,465.2116205957161,491.692347110464,968748,0.03481720051668676,0.0361928939937321,Financials
2021-06-07,507.77277828179024,524.0452411964017,486.2127206639697,502.31012328660313,540287,0.021364494265426442,0.03646609491412673,Financials
2021-06-08,529.1719875977442,571.1699666736763,487.44451826407095,529.4227255801292,1383862,0.05256951150305764,0.035103947141475356,Financials
2021-06-09,523.3153654320892,530.3427720157018,520.5678729419279,527.5729266229299,1309122,-0.0035001106046161773,0.03873451580799369,Financials
2021-06-10,565.7051984745067,641.0322611590966,497.28939458784464,571.8707962317683,2120983,0.08062597983443627,0.03608500780158503,Financials
2021-06-11,563.8544232161363,575.3101529867579,553.4256507915179,564.8627313929969,1467524,-0.012330336809436605,0.04600852664530566,Financials
2021-06-14,568.6911157791558,573.3755771687407,563.2946669981427,567.9732148450078,1067461,0.005491512304433504,0.04261728757361926,Financials
2021-06-15,526.1251278524005,589.1452926929283,461.57033656990785,524.3816666557565,1858796,-0.07985446997848951,0.03946530205401337,Financials
2021-06-16,536.6564890909515,546.0823262195895,521.2391955934532,530.5579173795254,996676,0.011709336506368203,0.047984565323689575,Financials
2021-06-17,536.2698020572077,549.4511240847643,524.9403197264263,538.0833283636587,1169815,0.014084306428492859,0.04430102811059412,Financials
2021-06-18,518.5629161154706,546.3279630730676,493.08933934322215,520.7470921349849,1048705,-0.032748937471361234,0.04122887369866261,Financials
2021-06-21,485.68346701376845,536.3689558299606,435.27153949469744,485.9313038737406,1914820,-0.06919723227562102,0.040258290537399724,Financials
2021-06-22,524.8677106604349,571.7730066442106,469.67003953300855,515.7615553981433,1320650,0.05957729288237249,0.04598719940141917,Financials
2021-06-23,511.15964792298905,518.458859433351,503.57975660306204,510.8749020245855,850566,-0.009519806633173686,0.04821074653132337,Financials
2021-06-24,500.8878409340375,519.1946551542741,480.3550713836411,498.5774435134597,889942,-0.024365819682770663,0.04441863204372642,Financials
2021-06-25,502.2660108667057,512.2548036890885,494.07055891127663,504.03055967003615,600368,0.010877970077100568,0.04204124015096084,Financials
2021-06-28,483.6549422135478,510.8052455367516,462.99517289867447,489.8795848404112,1096947,-0.028477284818414262,0.03913722312191239,Financials
2021-06-29,503.58669701393876,514.6075363400425,486.20079479895946,497.0792200005275,724795,0.01458979409299049,0.03803973119712922,Financials
2021-06-30,501.1782875996113,502.20506811774953,496.7388311007896,497.7586056034264,1263925,0.0013658220285320169,0.0359102524829784,Financials
2021-07-01,504.0677365361888,516.7205572386256,492.6844129191712,505.3091977957628,1426606,0.015055282973462465,0.03364397133492193,Financials
2021-07-02,490.210299161358,515.6895506214797,462.73017241320423,488.0997242850236,1247411,-0.03465077675671173,0.03224178465221324,Financials
2021-07-05,507.51140812297575,541.8724855485137,475.0910423780307,509.3355891870437,1222481,0.04258737206171232,0.03334257925722417,Financials
2021-07-06,527.2773574672443,551.5691645987057,501.02467788347843,525.2217842121255,928429,0.03071350942401684,0.03551668216610087,Financials
2021-07-07,520.6384715202427,533.9430142868691,503.15484519674123,516.3497938819224,966263,-0.0170361885702603,0.035364469723737385,Financials
2021-07-08,525.2077548172034,539.7978010118968,511.10133819566295,525.6787344719772,1455398,0.017905824240860183,0.033823827891342084,Financials
2021-07-09,529.8229493691526,534.6117526220759,524.0757986341744,528.8558608603026,1476751,0.006025664810763857,0.032608800159469084,Financials
2021-07-12,520.9470688257168,530.886444899713,514.8517570166271,524.7466760010803,1651346,-0.007800295748317742,0.03092108299742919,Financials
2021-07-13,521.7350877575717,526.8416150057791,516.2312205553102,521.3338203642367,1382594,-0.006525057598554215,0.029563785127268587,Financials
2021-07-14,523.3095804790555,533.5618321355212,515.999659846144,526.211377360512,1278909,0.009312423474991179,0.02838310006572068,Financials
2021-07-15,519.8814171535644,535.2794909821799,500.6420868927638,515.9229161167357,1363121,-0.01974562316271079,0.027522508608758864,Financials
2021-07-16,505.549873227077,525.8384412467979,482.1444390828422,502.302692260442,1044544,-0.026754456344353337,0.02764912709667218,Financials
2021-07-19,474.836478307811,522.0343155041685,423.3696073377027,470.096277661685,1550484,-0.06626539079243703,0.028617294133244528,Financials
2021-07-20,462.99732274783696,475.97538939234005,448.4600452590989,461.39314595609,1091191,-0.018687029070319112,0.0376008633057549,Financials
2021-07-21,458.6460434099009,461.7708611292516,457.51593531955155,460.63585013673503,1038163,-0.0016426728288439344,0.035825140549503705,Financials
2021-07-22,480.7132229119901,518.1607062648058,446.0563207660245,483.3161469475882,1748216,0.048063170159298375,0.033573163574747454,Financials
2021-07-23,507.91067691938235,549.1383721793103,468.1114025756879,509.2353018103796,2327232,0.05223920419116208,0.03671833464085279,Financials
2021-07-26,474.1269545721612,523.6665855649454,428.0737319831998,477.30470003705096,1393312,-0.06475512116864497,0.03984882742587301,Financials
2021-07-27,504.25941713519563,540.8668568761042,464.6043710183304,500.9732464589585,641827,0.04839762828014619,0.04471383561503633,Financials
2021-07-28,505.9744252859622,512.0636415455908,498.93117117792434,505.00876608394225,1531003,0.008023088329266325,0.045285883449462196,Financials
2021-07-29,488.35307718653786,517.119826968026,456.9589197272805,485.5612129644081,1924534,-0.0392704256071132,0.0418366404457803,Financials
2021-07-30,497.6302364742848,523.6186245818276,474.79499361075955,500.64503856147525,619544,0.030591982010998355,0.04161212006298372,Financials
2021-08-02,538.0670102438442,597.5520195362238,479.136821668968,538.5670640552845,1851868,0.07301468336712658,0.040319167072412655,Financials
2021-08-03,555.9537303507542,597.1323908080855,520.8830854067545,561.6993038865046,1351803,0.042054632762182576,0.04690607407160359,Financials
2021-08-04,598.9813805450653,676.9664845312371,529.6639967044786,606.7500661324964,2157986,0.07715029336138282,0.04610241477800177,Financials
2021-08-05,584.9982049281846,616.9449440176288,553.2622855696111,585.198176292288,1807216,-0.0361664008438789,0.05189577327251659,Financials
2021-08-06,579.3767742872114,585.6512362296603,578.0269258255128,584.2899409327882,1487374,-0.0015532189317959398,0.04950493217187533,Financials
2021-08-09,591.7534887194602,613.0905626737481,574.522376020634,595.7432725199171,1672343,0.01941248963439579,0.04539771492962057,Financials
2021-08-10,600.7615362175422,605.1328716959013,594.2842739894899,598.6401737475699,763479,0.004850882549151863,0.04248868943302093,Financials
2021-08-11,579.5435944115087,604.293587834835,562.4606285894522,586.9910951274552,1042711,-0.019651056436807788,0.03934158922837782,Financials
2021-08-12,562.3237948957463,600.7762369417384,522.481939311466,560.832397648541,1268145,-0.04558754510601373,0.03736486474315037,Financials
2021-08-13,556.8928161354245,566.8099956903868,544.344074278532,554.213541149212,1163138,-0.01187203864923588,0.039097827741935515,Financials
2021-08-16,512.8552370094641,574.2129762595954,450.50384861135234,511.72655263840824,1893198,-0.0797596603256148,0.03666134070876013,Financials
2021-08-17,486.6761048180476,523.0491357480636,450.9776682736658,487.30459824936287,1443489,-0.04890101950896515,0.04614632850335606,Financials
2021-08-18,475.658432417082,492.2259384129132,460.6211499175299,477.1417624877584,1494961,-0.021075743257109095,0.04650035874941343,Financials
2021-08-19,456.34944034401667,486.18936865019697,428.1155739654223,457.8619263327906,1151431,-0.04124597495187083,0.043548303458748626,Financials
2021-08-20,421.46356717316644,473.2148690251263,371.53239627462614,423.090905839458,1929832,-0.07898060439472522,0.043270640794512844,Financials
2021-08-23,414.6386369718132,428.9074975422902,399.2654152070566,413.49491722244414,579768,-0.022941841076662493,0.05033457126466481,Financials
2021-08-24,417.2227148321769,417.51169816569376,413.3993619241483,413.6858955304678,758523,0.0004617571115593437,0.04696599261504139,Financials
2021-08-25,417.36239300313173,422.8152610828374,411.8527398758673,417.304856233764,1257318,0.008710045388404676,0.043181889175873366,Financials
2021-08-26,423.1692566855952,433.37359809109716,413.51091486943307,423.70307255401804,1409061,0.015215884524645475,0.0400389832018514,Financials
2021-08-27,440.1015921623861,459.64358985538956,417.0540219908217,436.43312745597075,1097701,0.029602252511723128,0.03764604377554981,Financials
2021-08-30,429.8330318792068,438.5411449556958,423.4801403698197,432.15395048902815,1393921,-0.00985327020527428,0.03694893357900419,Financials
2021-08-31,436.92430265882257,449.1619123410385,426.7345295713349,438.9254688592322,714689,0.015547732220401598,0.03473819215447534,Financials
2021-09-01,437.15372802639877,442.361959777799,430.2650804512614,435.4530503985122,797099,-0.00794263957580572,0.033191164365062566,Financials
2021-09-02,426.05856066753614,444.8012053070712,404.26560139298005,422.8678857838892,1116352,-0.029327180767779265,0.03147674605230904,Financials
2021-09-03,409.64900405842207,428.6432626670428,391.8506678522989,410.795129849756,1043382,-0.028965180808926273,0.031963118799659435,Financials
2021-09-06,403.028458909624,413.6459347236533,394.39308740296286,404.96898509961954,973222,-0.014284138527957003,0.03229798794994795,Financials
2021-09-07,402.40859246364516,406.1058738567006,398.9806845794938,402.67569070264585,821546,-0.005678983912288161,0.03106659801965555,Financials
2021-09-08,390.59262782488713,409.8926056577794,370.3748359069967,389.6271053042505,1105146,-0.032941358776395785,0.02961324769006765,Financials
2021-09-09,399.2053874332453,418.0456411791758,382.12977505910504,400.8976442089142,1255127,0.0285160018905399,0.031053591075879163,Financials
2021-09-10,398.27104311657104,404.8361992898491,389.97989995579417,396.51612785787773,1551097,-0.010989427571575481,0.03151880025539565,Financials
2021-09-13,394.6004234238608,397.255260483594,392.3770719881959,395.0294914907097,1088470,-0.0037562916876323297,0.030213621818382826,Financials
2021-09-14,402.3590718166723,408.2332770599592,393.06945786522,398.89306139975855,1171709,0.00973294030920288,0.028851461207255923,Financials
2021-09-15,400.1196904842323,400.2206057583692,398.7254074482936,398.82599643634006,563661,-0.00016814181112443798,0.02793089633532033,Financials
2021-09-16,391.8741607895914,405.6250452784863,375.933157624127,389.60439594780007,772298,-0.023393367675630296,0.026909333266096094,Financials
2021-09-17,391.23761990125377,397.6171392393376,386.4412979311756,392.8016433462283,942242,0.008172905204921702,0.027593064729053644,Financials
2021-09-20,404.0747802135719,420.21511336336926,387.28871880656226,403.4021858987704,1579663,0.026629284050287964,0.02681643588989206,Financials
2021-09-21,416.7501770752285,433.6100471402287,397.66413267397115,414.43014447485893,1511589,0.02697038656479757,0.027958268945412035,Financials
2021-09-22,411.0860423925269,416.0437424604304,406.2074693927303,411.1642414317493,749462,-0.007911681897384558,0.028886711558385885,Financials
2021-09-23,414.17701136020685,424.67905725581494,406.0933536343316,416.54910248253833,850379,0.013011598912467396,0.027873695311040447,Financials
2021-09-24,429.4976059248593,444.8644035285507,411.34094768821336,426.60422432020295,977883,0.023852360512544097,0.02733037811983239,Financials
2021-09-27,437.011195009716,455.1451635098816,419.8333574788384,437.9311642461749,1644246,0.02620503048439549,0.027980348815578877,Financials
2021-09-28,419.21142978698344,446.4121194945183,392.66992361657964,419.83136350093474,1579757,-0.04220862359579986,0.028798011724360202,Financials
2021-09-29,414.8742914012548,421.4717102527155,413.90291803430887,420.4871950131762,1462333,0.0015609119630994879,0.032104447811773636,Financials
2021-09-30,421.7253198875048,429.04628680698943,416.607984016472,423.90253202009006,1513072,0.008089524357383183,0.03041252903595161,Financials
2021-10-01,428.81238025751475,433.8439147182356,422.2184998616868,427.23148464634266,1311417,0.007822433450108947,0.029150533417750424,Financials
2021-10-04,440.6160760425186,456.1545837956848,421.9699088904281,437.39481763657375,1405159,0.023510275117101836,0.028088813584658836,Financials
2021-10-05,439.48252230304314,439.58285723798474,437.22840738852454,437.32825049794303,794375,-0.00015220163085706903,0.028532352063705586,Financials
2021-10-06,460.8081052389165,492.1557957684308,426.4877714758345,457.6184792592124,1429335,0.04535176381538306,0.027409479495792345,Financials
2021-10-07,462.57029875185685,463.69323026011045,455.76935714378055,456.87847122257654,1545018,-0.001618394020373516,0.031773275329420356,Financials
2021-10-08,451.80705193803664,457.8318808026608,448.95461968779813,454.9595456432603,696049,-0.004208923902364918,0.030133464785983357,Financials
2021-10-11,470.3487820056142,492.4000801940884,447.3969701235334,469.40397295747766,1808946,0.0312552429630982,0.028793711397957437,Financials
2021-10-12,467.8640058861636,470.99631985581834,464.1849300921316,467.31355886077597,1860701,-0.004463282677939558,0.030162821233389894,Financials
2021-10-13,464.28868881415525,468.1648107189121,461.7327426185424,465.60163664098405,1268197,-0.003670053075729083,0.02882403097495956,Financials
2021-10-14,474.5438642876189,497.1110468760755,455.6799517848149,478.1055513537974,1595644,0.026501115312943496,0.0276889906416457,Financials
2021-10-15,470.02374175471215,481.90150860993634,458.45213937096946,470.3225498146936,1179238,-0.016412791320629977,0.028612768637917646,Financials
2021-10-18,482.1611626281174,496.7732519216462,465.37718684958514,479.9213992055597,1567617,0.020203603312334544,0.028202116607477973,Financials
2021-10-19,459.75303762200696,488.48660261147927,433.1269078767715,461.74510434717985,1149285,-0.03860932220329204,0.028240314143680386,Financials
2021-10-20,458.6524280262423,461.85814180985716,458.31525655084056,461.51886311755254,1226380,-0.0004900900330311101,0.03100990548996637,Financials
2021-10-21,443.95898098091226,469.71019443781876,418.40162068769223,444.1422820621412,1263799,-0.038377960409393216,0.029484358887949196,Financials
2021-10-22,458.7600773511086,483.84210440731397,434.8325334780622,459.85733108441,1639956,0.034771325367869185,0.031880905131511775,Financials
2021-10-25,459.9516714682072,461.9546236510939,456.52750337714497,458.52423952014385,1215253,-0.002903134259726414,0.033082781772083444,Financials
2021-10-26,465.33401526696116,473.22002038529416,455.8751241480925,463.73401408223936,903917,0.011297985045299648,0.03125444909293615,Financials
2021-10-27,461.1710885900195,467.8045928410931,458.7490346778508,465.36053610180267,1157249,0.0035013092712495673,0.030010317232493925,Financials
2021-10-28,449.50581858248296,472.5677210249505,427.169254959442,450.19682056126237,1095491,-0.033127585449993835,0.028676369841872912,Financials
2021-10-29,432.9473887293066,459.3639802396032,405.87742246737895,432.25155733223795,1439713,-0.04067713875940576,0.030372403387093013,Financials
2021-11-01,417.55380522428663,438.713029005079,397.57772595082287,418.6829315049575,875361,-0.031893820666191335,0.032957256449140784,Financials
2021-11-02,409.77666562375566,425.97918696628676,391.6666769801325,407.79067238262104,1011202,-0.02635992188227358,0.0334892067930344,Financials
2021-11-03,392.4910646458875,414.71374983029335,370.95926354688106,393.1460184000418,1669108,-0.036572893905126726,0.033188076165201745,Financials
2021-11-04,391.2204434279726,395.86259839316034,385.42003827914976,390.0482846079724,655864,-0.007910552806685378,0.034377248361774596,Financials
2021-11-05,367.02070954388137,399.44214099300484,337.4171656323443,369.62827343955746,1584885,-0.0537727039042332,0.03247803397371539,Financials
2021-11-08,374.5888121237715,382.3881106339133,366.9145450021665,374.7113333973474,981654,0.013658117689269077,0.03711581476155547,Financials
2021-11-09,354.7429464220707,383.6522785106553,326.4278588327229,355.293265240206,1431013,-0.05321240422101533,0.03507204857366287,Financials
2021-11-10,352.5424082240466,356.334825554181,349.4048163714362,353.1914572309152,770973,-0.0059332660495441236,0.038842925576864105,Financials
2021-11-11,381.53052884788,421.1106738209344,339.2188093566776,378.4827794677304,2288478,0.0691602933978849,0.03622566549834584,Financials
2021-11-12,386.01991121544273,393.23430943975643,376.06575046517275,383.2279695705866,904713,0.012459457858185053,0.04321239405622724,Financials
2021-11-15,368.99804444582867,394.37577331385205,340.878532523931,366.0537697935192,1584252,-0.04584979830292657,0.04021361104867995,Financials
2021-11-16,347.66548225682425,374.4228362046769,321.21417386741,347.94988937066495,1363292,-0.05072176127026686,0.0413405153756272,Financials
2021-11-17,332.9857306469551,353.71179512857685,315.2031827401933,335.7800227117692,1453872,-0.03560222209765018,0.04304805604404996,Financials
2021-11-18,344.5666012841805,357.9633567038103,331.1886392473156,344.58469227560624,630489,0.025883650140990585,0.042102682053295544,Financials
2021-11-19,327.88824566060856,355.71019369021377,298.0027037586172,325.6333167335195,1356797,-0.05656794837430327,0.04023186759967646,Financials
2021-11-22,326.3383326297979,327.9168130522736,324.96833980928136,326.54594864414184,983741,0.002798716717251657,0.04329979738911018,Financials
2021-11-23,336.3376934114739,353.14506475009006,320.31285710125746,337.0846401049079,1405836,0.03176338666787828,0.040013408820542995,Financials
2021-11-24,326.04652161268785,346.5616815780913,302.8989055250946,323.237307012555,1732783,-0.04194730630040473,0.03914326529869345,Financials
2021-11-25,325.5189720745258,332.11789333081066,320.19960079830395,326.77794886061895,1364666,0.01089413466404452,0.039870949957006484,Financials
2021-11-26,322.3296617827241,328.5612379531021,316.93292515214745,323.15075385162623,917787,-0.011161940233752485,0.03727675476608771,Financials
2021-11-29,329.2960734006147,342.4100714633356,317.73937990327033,330.80057718720377,1102533,0.02339676344148157,0.03507611000638631,Financials
2021-11-30,347.06962977524614,368.47847079495807,323.4257760516361,344.6876880172312,1594675,0.04112304694896673,0.034152277749435515,Financials
2021-12-01,350.9758955255312,358.2185723555733,342.25095448504374,349.4623990684797,1336874,0.013757216041284529,0.0358715515267281,Financials
2021-12-02,361.0229163797375,385.1136520411671,339.6140615565063,363.5546632545949,1195908,0.03953369504982269,0.034026514898366444,Financials
2021-12-03,363.543655329432,366.9318304980297,361.52341405859966,364.9040295186437,912240,0.003704720173613747,0.03550605482937888,Financials
2021-12-06,356.2305855614088,368.25935616119295,346.01780039099424,357.9959594350945,1363958,-0.019112686341104128,0.03332570608962704,Financials
2021-12-07,323.59436975851565,371.39697620351933,279.73212231725444,327.0643793562612,1835004,-0.09036466955836035,0.03229978894627297,Financials
2021-12-08,309.1430804278969,334.7556189535042,284.8683643416771,310.38350176803465,1207636,-0.05234839490853282,0.046470282099829896,Financials
2021-12-09,320.3025054277142,333.16930465327255,306.0012698672,318.8080350630364,1226402,0.026780515309793855,0.04731429870742218,Financials
2021-12-10,331.8860397219055,354.639318069818,310.27128190442204,332.9549455705382,1547178,0.043418031554033655,0.04470451531757003,Financials
2021-12-13,338.6222189895472,347.37080756857,329.94499973948103,338.69180516757723,1206564,0.017083382332793783,0.04451475902919325,Financials
2021-12-14,322.25426838244465,345.0036341224931,302.69111723337454,325.2581271481344,1033343,-0.04047146010357457,0.041581574163696296,Financials
2021-12-15,320.00101819478806,326.4681619088152,316.3750458030478,322.81035654555376,1038501,-0.007554085113427363,0.04158019613207788,Financials
2021-12-16,324.9008297775976,327.52952599435804,321.93034101103103,324.5562493082383,1058912,0.005393843240432988,0.03862240021788894,Financials
2021-12-17,305.6399974068595,334.1472741209027,276.5431727918913,304.9898056198361,1653994,-0.06218051074446497,0.03602382365335452,Financials
2021-12-20,293.1476618222625,309.5155712061532,279.2329766897838,295.4897169793316,1422157,-0.031644314327194535,0.04145039304943641,Financials
2021-12-21,284.50174830721124,299.77554645764167,271.3229064489909,286.50395720981305,1302816,-0.030881689214294968,0.040307722108151395,Financials
2021-12-22,273.34728789445705,296.13015405890724,248.42976637665186,271.01853648034876,1252243,-0.05556512947306536,0.039278770074273085,Financials
2021-12-23,279.74379267189886,296.2313357914618,264.5751063242619,280.9948146584766,1189764,0.03614899715380573,0.04239551821645616,Financials
2021-12-24,275.9005690447104,284.1888770413318,267.149261875479,275.42323017133435,1245096,-0.02002728259512533,0.041640322659141,Financials
2021-12-27,284.1257395983454,296.75019871076245,271.09807872230783,283.70378947313424,979431,0.029621765655031607,0.039335696055207266,Financials
2021-12-28,271.0130623776513,295.38849676079855,243.16070613734715,267.1925129837166,1482223,-0.059961278051315334,0.038333470197679215,Financials
2021-12-29,263.2761901234206,272.4084409015723,252.02844140778177,261.0846751943988,1413892,-0.02312464025926691,0.04260125795970303,Financials
2021-12-30,261.28758467175436,261.55306510597256,260.99613059923183,261.2615846161748,1211219,0.0006773645841910354,0.04039933281463204,Financials
2021-12-31,254.27244693874204,263.72510717625,246.78928922987643,256.1856446633299,1634322,-0.019619789190577427,0.037493382041513826,Financials
2022-01-03,255.5001950570426,256.49869060576106,254.55895332569992,255.55723873021213,1130385,-0.002455945238795913,0.03580982234961707,Financials
2022-01-04,264.8842728631653,282.0148223957835,248.95102105529065,266.0136373413649,1550772,0.0401011647732051,0.03356753567692008,Financials
2022-01-05,260.9347396445006,268.339199914049,253.83650241404797,261.2328530703605,1548803,-0.01813540872358439,0.03525108613308537,Financials
2022-01-06,259.2260446086672,262.68488570569656,255.46466275028777,258.9194124688897,1219504,-0.008895302430615025,0.03381486679384501,Financials
2022-01-07,251.24806019026934,264.7796906601448,236.33481715043342,249.78780151759216,1086345,-0.035905101010870806,0.03204099146137962,Financials
2022-01-10,249.74989085495503,252.4491956312943,248.15871395654707,250.85100345481973,1560513,0.0042473876377175455,0.033386772063987956,Financials
2022-01-11,250.69384134160867,252.19338172008756,248.35816610523833,249.852674996334,1023726,-0.00398770699871464,0.03153485824201378,Financials
2022-01-12,258.99596619143017,272.62533533901603,245.15604874066838,258.773722569568,1013056,0.03508257766329341,0.029965698699367306,Financials
2022-01-13,269.14067748247936,283.0610049742726,253.99841440713467,267.85209461356243,1870667,0.03448092059018575,0.031669742139116996,Financials
2022-01-14,265.96353399702457,268.6606290793167,263.5253363421219,266.22007956514534,780547,-0.006111608906830959,0.03287427773257589,Financials
2022-01-17,260.66672616721706,269.62962035690254,251.24053372524708,260.1869303782011,1207440,-0.022922997810202017,0.031147668831958134,Financials
2022-01-18,264.76899112449706,274.16743439456894,256.3762352177532,265.74377925449306,1501018,0.021132273008001128,0.030902449631432908,Financials
2022-01-19,277.3238598261306,298.54193731701497,257.55558898590147,278.6771975111763,1299907,0.04752150512791058,0.030511556154206594,Financials
2022-01-20,298.17179990159235,325.466476082246,269.09818597480825,296.2136091825302,1787481,0.061026732887241295,0.03440215203449264,Financials
2022-01-21,302.19428798292006,309.21137482760037,293.84924249450023,300.83476050156935,582271,0.015480298875529883,0.04006801430963459,Financials
2022-01-24,318.99825581386375,356.3416434983514,285.60827206529376,322.57706128606503,1133952,0.0697809118389101,0.03768690176394215,Financials
2022-01-25,324.3578267802204,327.47967752119206,321.4143044044906,324.5345513832576,1308789,0.006049948817224521,0.04434690970307268,Financials
2022-01-26,346.2275863507309,384.15967222676716,310.13338215907254,347.8919574520423,1751660,0.06949995824441077,0.040973271803379833,Financials
2022-01-27,343.24502957024555,350.94728516156266,335.03572176786906,342.72633817029407,863350,-0.014959683661864162,0.04655731769781351,Financials
2022-01-28,371.73208134646956,416.3765625454849,326.70336479167537,371.2954013608443,1741819,0.08006569505167321,0.04321615305949349,Financials
2022-01-31,391.22912629859934,415.80849416685817,362.85222364647007,387.1770133995139,968301,0.041884011552348964,0.05055379349589291,Financials
2022-02-01,392.14578645603314,406.56808952117774,380.54647863792604,394.8876790685029,1169458,0.019719380255549555,0.04906821163460008,Financials
2022-02-02,369.0901053233309,406.16866608266884,332.9039562605811,369.9028357103713,1913534,-0.06536100271242247,0.04565610154255142,Financials
2022-02-03,364.9593297265374,372.13345286447446,358.1907371167692,365.3574761687361,1088355,-0.01236410390319367,0.04907537863111203,Financials
2022-02-04,365.3303743657656,365.85559406400563,364.4827160087992,365.0074714835137,1685231,-0.0009584378690144499,0.045273003987243335,Financials
2022-02-07,376.8552582981384,401.5994644243569,354.8829837404191,379.47447813923463,1318808,0.03886952010336826,0.04171155358525351,Financials
2022-02-08,407.4554549494917,468.0001613618567,354.27692730069157,413.97123501074054,1893653,0.08700914746683522,0.04145490201358945,Financials
2022-02-09,411.57589686550915,419.61606648366325,400.6325552299738,408.6148811582775,1316056,-0.013023389172182069,0.05109203345141847,Financials
2022-02-10,425.90865886466025,459.50055120100984,395.285578210164,428.6783296068778,1435641,0.04793372165153571,0.04705058985379681,Financials
2022-02-11,400.284755155561,446.1135958282961,351.7031708557835,397.1760997100329,2413976,-0.07632706480819278,0.04707071972231996,Financials
2022-02-14,408.2840799993228,423.793450377824,391.8884437477499,407.36281842682695,1071418,0.02532447567475884,0.05240606117117437,Financials
2022-02-15,404.6967695028428,413.5744284113953,392.6423318254108,401.4487401106781,867437,-0.014624379827985671,0.04892152448781328,Financials
2022-02-16,387.8563217238983,406.1137873107856,373.65114479236024,391.76543955209945,1332162,-0.02441656207192151,0.045240836855349506,Financials
2022-02-17,368.44849092726076,402.06401502925536,335.62506531798067,369.17579698153287,1740804,-0.059390347031819134,0.042741220513804704,Financials
2022-02-18,398.196456153239,445.26486570375533,351.9261202706856,398.91144794121146,2522266,0.07746651209898775,0.0457223308995914,Financials
2022-02-21,414.2372152700095,442.89517397602737,387.7539838167143,416.28126148533113,1354878,0.04262168386783374,0.05169704352117997,Financials
2022-02-22,415.4019386340569,422.72370412815104,411.5636070765975,418.8534801801988,1043654,0.006160028317121374,0.050105475124222254,Financials
2022-02-23,395.258340360722,428.3498858950916,365.46612642611467,398.32641854399526,1020547,-0.050249353216124004,0.04597976513934586,Financials
2022-02-24,381.44947837198373,408.0883894697487,353.65437496476505,380.20648001168416,1727970,-0.04655734264200011,0.0465839099540962,Financials
2022-02-25,390.090523091712,402.39772390823344,376.03774681191237,388.288081307185,1069666,0.021033068117931843,0.04648856264041473,Financials
2022-02-28,405.51384616090183,437.90732134764374,375.62346873221395,407.8451069622256,1561773,0.049139920805281796,0.04353513131099349,Financials
2022-03-01,401.3803874818882,415.15406321915276,384.94170447120877,398.62067868523025,606217,-0.02287717780411995,0.04447983699525845,Financials
2022-03-02,407.95028143586035,419.3569673458634,394.76537855631585,406.1209135646772,872474,0.01864064720477707,0.041967481565397834,Financials
2022-03-03,401.30484429753517,410.239941030365,391.22811530673533,400.13721463604065,1213213,-0.014843407050435428,0.03951122203103253,Financials
2022-03-04,404.953052131168,411.31287301267133,397.99835261915723,404.348681815304,1287095,0.010470054652892264,0.03717470030865317,Financials
2022-03-07,414.6817316269784,435.38334232132183,396.0383127570999,416.6513716278207,1366516,0.029972253333871567,0.034957259347605116,Financials
2022-03-08,436.8941770367466,466.4641892598502,406.38041954340446,435.88191984998764,1838884,0.045121547775655,0.034818937094102206,Financials
2022-03-09,439.07998836450986,446.36882395667675,432.7899489805212,440.0646783978344,1370966,0.009550331831211992,0.03708476527283198,Financials
2022-03-10,444.7304311120378,452.13923612429863,437.4723754431671,444.8787597142844,837809,0.010880082496599327,0.03484114203044692,Financials
2022-03-11,436.9721473671343,446.8662970207308,431.00752514590926,440.84875946654796,956075,-0.009099927393791401,0.03299819043006057,Financials
2022-03-14,448.08648185563436,460.94792531372144,436.00418727321517,448.84517322370635,1565336,0.01797613492285912,0.031361214248059245,Financials
2022-03-15,426.0674567102928,457.7931713481835,398.2196065919125,429.7074129938523,1285989,-0.043573460305082794,0.030582541119155954,Financials
2022-03-16,422.0171054571534,432.86633364978854,412.42160354430587,423.2429592125743,782738,-0.015158156369756799,0.03366051727896774,Financials
2022-03-17,433.0346036470628,450.98454378960895,416.35143757230026,434.25438423676997,1128139,0.025684115363614743,0.03226282372126855,Financials
2022-03-18,441.7878222866798,464.6608106322583,423.63051866117246,446.3173454095503,1137877,0.02739973460793266,0.03211950969235738,Financials
2022-03-21,433.4907901557099,450.6035695982583,420.48761709362293,437.4807131196318,1357969,-0.019997615262546772,0.03221710944187456,Financials
2022-03-22,454.6903727723581,477.01678724622644,429.842401581111,452.0386078835742,1228019,0.03273497132820116,0.031469658483372596,Financials
2022-03-23,437.6303715247644,457.36772297307516,421.3573680622041,440.9705183041034,1270956,-0.024789570562120628,0.03245008900183182,Financials
2022-03-24,442.2144486074164,448.6919536683243,437.5943445535167,444.0526447748008,945019,0.006965103422029651,0.032164966069927685,Financials
2022-03-25,475.77913484108734,525.4014957313198,426.3143471374774,475.92186859047024,1390289,0.06931057442599764,0.030576869258895925,Financials
2022-03-28,496.904552049357,527.3873962744723,465.3747049783912,495.7891226613496,1644778,0.04089698125377264,0.03960491517513648,Financials
2022-03-29,503.8398219196097,507.8491180812794,494.4600488362753,498.42626673161527,919897,0.005304987798694292,0.04007148495095383,Financials
2022-03-30,522.4622375488633,558.3035239804659,485.9580286989924,521.7504886420919,1237713,0.04573381430685128,0.03726661453997746,Financials
2022-03-31,510.97124617567977,526.3024115747578,497.10084888929714,512.3934094361902,1376904,-0.01809677470789787,0.03904840218338058,Financials
2022-04-01,533.1099572886709,559.6764567724703,503.30541112220834,529.702085955826,693845,0.03322203874401832,0.0369992724074987,Financials
2022-04-04,506.16820905108375,538.9425675909677,477.5708380987267,510.12182612268646,1138520,-0.03766517459478364,0.03688783682589417,Financials
2022-04-05,492.0836071383889,517.4628762780876,469.479193928267,494.7365950866821,1443369,-0.030624082144053037,0.03743487426375793,Financials
2022-04-06,489.6476893002176,500.562511052439,476.5731994247102,487.43878204127253,1119854,-0.014860782545943495,0.03690218164268271,Financials
2022-04-07,456.02877688582726,504.329743503765,406.0992632128301,454.207306034644,1953437,-0.0706109922094244,0.03496488576662752,Financials
2022-04-08,477.9075557398122,515.9433232781963,440.5301218758646,478.51813560058605,1606448,0.05214039607316451,0.042730801799855785,Financials
2022-04-11,462.24661449608533,486.34472364668807,438.0786309326098,462.1728969998568,1166358,-0.03475505411308503,0.04436812226550518,Financials
2022-04-12,458.7485323137616,464.4751571025216,452.62105177081384,458.3426093642341,842923,-0.008322097162726683,0.04308144944931605,Financials
2022-04-13,438.25499168308085,470.1089156187323,404.92459992810706,436.66279755951723,1173006,-0.04845569290352964,0.03993992519398427,Financials
2022-04-14,447.1920452190836,467.00829489439025,428.947680186829,448.7023144908738,1231684,0.027198404246086983,0.04157344375698293,Financials
2022-04-15,436.1241651912648,453.21352015303466,422.4011798234628,439.3878407020909,1443707,-0.020977184118783652,0.03992047043412757,Financials
2022-04-18,441.7383255625267,443.73806106253915,438.7207999747809,440.7159070182148,853730,0.0030179790225595385,0.03795947188487539,Financials
2022-04-19,452.86709490839587,473.5118499949734,433.11274401831344,453.720282518365,1539006,0.02908042427485005,0.03541332283519873,Financials
2022-04-20,459.60094955317317,475.71140840791446,446.43808481433837,462.4664756649733,1298775,0.01909317891478371,0.03507325774411039,Financials
2022-04-21,460.32666091378746,462.81100511026006,459.2947734763919,461.77586906743954,1175644,-0.0014944277980729849,0.03374595011536393,Financials
2022-04-22,447.80736773621186,468.6898770511818,426.7660523052835,447.6407938125693,1066321,-0.031088530202226135,0.0318019860467464,Financials
2022-04-25,449.84230802103605,455.91763856588216,444.8810586117128,450.9442361417347,1340613,0.00735257566316072,0.032466406634152956,Financials
2022-04-26,444.4007922301141,456.4488257533412,430.86070479743813,442.8671604304876,1306592,-0.018073825450470836,0.03084417454106549,Financials
2022-04-27,431.1305750604696,451.7582192029674,408.43996906568736,428.96395001904955,1391396,-0.031896978681543064,0.0301676972514954,Financials
2022-04-28,407.0024372521247,438.98714444324975,375.2721944878192,407.2384981762975,1311536,-0.05197387838515521,0.03131588340312195,Financials
2022-04-29,399.47161277729253,408.8736765736434,394.5801555177487,403.92765587662393,1155926,-0.008163212108342142,0.03591295376063599,Financials
2022-05-02,387.342788459189,411.4037738642895,364.0035708169998,388.02353788028,1372767,-0.04016978989081014,0.033790352218343776,Financials
2022-05-03,380.7543550328597,390.25069871588937,374.0413106325417,383.4894324220868,1749336,-0.011753937609352083,0.03543264208907599,Financials
2022-05-04,393.5757986147402,412.27478581324175,376.2620502332727,394.9026673016463,1672600,0.029327257828362954,0.033542524617695794,Financials
2022-05-05,386.3585750736689,399.2123455758746,373.3905624027024,386.2404013822049,847503,-0.022179345529395513,0.033601993600717715,Financials
2022-05-06,385.34312496299765,386.45296257579827,384.70551700137804,385.81457453020136,545261,-0.0011030999306238813,0.03281864842389136,Financials
2022-05-09,406.2347967001292,433.23836052543055,376.4882728618999,403.2965212981763,1147281,0.044315199066571054,0.031013440181884545,Financials
2022-05-10,387.0179925144913,417.7999115956947,352.0490224420749,382.4691436189891,1660524,-0.053024096513292124,0.03411806424430814,Financials
2022-05-11,398.8853930668,422.61139162874315,374.2704461782701,397.94022547174455,1220519,0.03965382701286306,0.038117805129370026,Financials
2022-05-12,398.6176242228843,399.3665391224258,397.69038665206466,398.4389658918715,1254730,0.0012525201329663357,0.03870707369227765,Financials
2022-05-13,399.5539243763066,400.8805678248567,396.23796404809667,397.55798034091964,901429,-0.0022135409308784012,0.03603921980368128,Financials
2022-05-16,400.37951820951616,400.64479346355637,397.1191257446816,397.3824152396719,777991,-0.00044170633440751556,0.03376085389566359,Financials
2022-05-17,416.46877007332773,444.1358842391206,387.7827855356644,415.377396916373,1092800,0.04428841752995719,0.03180983291820869,Financials
2022-05-18,417.5092284318429,418.1078552270583,415.1784937913767,415.7746335158285,484294,0.0009558699615875286,0.03469455238684678,Financials
2022-05-19,405.72195946502904,418.9303667131837,396.18763678889394,409.31168671518355,1057929,-0.01566643108449072,0.032605315906558005,Financials
2022-05-20,403.0749189644142,412.3469837265592,393.8274060386664,403.0989201554745,1504212,-0.015294944753705906,0.0314213440153651,Financials
2022-05-23,397.4305705015401,408.0491273374029,385.40261786587683,395.98248472088153,1560084,-0.01781201149584886,0.030412678080668488,Financials
2022-05-24,405.06065800131677,421.1932031761664,389.8938148612124,405.99150593622016,1211840,0.02496225827006069,0.029791524859596172,Financials
2022-05-25,412.6558514280845,414.59563321905955,402.8187112670179,404.7211944152185,1272296,-0.0031338168504691723,0.030058195445820286,Financials
2022-05-26,404.8848620930514,405.7974618872073,403.20263602172446,404.1134971797222,552971,-0.0015026490731845502,0.028710089027642317,Financials
2022-05-27,386.96721430249426,410.84409616966803,366.173009761586,389.8926873914442,1227934,-0.0358242313945376,0.02756363660179276,Financials
2022-05-30,406.0077746685486,432.1121213360516,380.50039602072655,406.5694551920625,1399147,0.041883235148465564,0.030005159280096443,Financials
2022-05-31,410.16518321747515,421.3177503044533,401.33988816787075,412.4434353762219,1037977,0.01434429413758917,0.03291471516988132,Financials
2022-06-01,412.56875630895007,418.2216723454424,409.1162094209988,414.75086466748417,1134302,0.005578943849003473,0.03158427766971066,Financials
2022-06-02,429.988962826365,453.9277883508912,406.3255394177192,430.24999941244,1518519,0.03668841986563802,0.030045331898723587,Financials
2022-06-03,435.048496163994,444.7141155183261,426.36621516971024,436.0125939836204,619232,0.013304694489371608,0.03200130619145361,Financials
2022-06-06,446.032090016052,453.9293587792218,433.3781358974393,441.18966661640087,1238922,0.011803737802640544,0.030754172280938744,Financials
2022-06-07,430.54287166621856,447.9711455882516,412.05897517795626,429.4427150183011,1452730,-0.02698650946510846,0.029623546784028943,Financials
2022-06-08,425.88577639505996,430.5120142240453,422.672212458128,427.28787064401564,715988,-0.005030400348396104,0.03018748703053965,Financials
2022-06-09,430.90727339046947,433.91399014005714,426.2847788626044,429.28014207213664,1107974,0.004651761427201705,0.0288586769919373,Financials
2022-06-10,444.99232840978635,471.179991023216,419.71171281447295,445.8506150063555,2231426,0.03787423435014501,0.02773994273311171,Financials
2022-06-13,427.82432144397825,452.8082346600585,406.391276925734,431.2057862930512,1384965,-0.03339851343016081,0.030508559166412784,Financials
2022-06-14,447.5262596528144,468.0320438043542,424.21018322461305,444.5810154238833,1389945,0.030546861715553025,0.03181095488711558,Financials
2022-06-15,455.22330917502586,479.0288244243086,434.5667666141985,458.235594235029,1389886,0.030251149482748003,0.03239623581165642,Financials
2022-06-16,469.6322958315612,488.38853008802766,451.46966689664475,470.2037987640914,1048100,0.025782765362216686,0.032815890702001284,Financials
2022-06-17,459.5053400206843,475.2971907762372,443.87306041412813,459.65966119427344,1370052,-0.02267986643470777,0.032576353302833386,Financials
2022-06-20,445.4473277389207,465.4695186188126,427.6200404161031,447.5577691323329,1061057,-0.026680726261259613,0.03203328716871321,Financials
2022-06-21,474.14521831915357,508.30238610422947,435.7487685901962,469.5768322905824,1482391,0.04802630989462558,0.032057516474936695,Financials
2022-06-22,461.29651289791644,473.96234582795506,448.4002387122855,461.05956577775925,1243802,-0.018304687731065354,0.0356107632092723,Financials
2022-06-23,460.1728926249427,461.51308024703576,459.9013926879222,461.2409501608728,980849,0.00039333033499899534,0.03412858631729802,Financials
2022-06-24,458.2761839502627,465.6384143962393,448.99647970167695,456.32740287960564,985893,-0.010710034260003786,0.032122134573011704,Financials
2022-06-27,452.73480855742304,460.0475921187174,444.14802258979483,451.4398900236162,846102,-0.010768310606372436,0.030702946905776116,Financials
2022-06-28,418.8816537268647,463.6244989386117,380.41989023833054,424.6345077100538,1475301,-0.06121341297927157,0.02952169093999229,Financials
2022-06-29,399.0519735661684,441.58272688659133,353.35666238089937,395.50990372650864,1734211,-0.07105298914715727,0.036868502519776504,Financials
2022-06-30,400.2942634890021,408.7463821267615,392.34109489879717,400.78349336801546,1086705,0.01324553678900178,0.04409884661136298,Financials
2022-07-01,380.6558814476779,410.3903109250301,350.7284327450447,380.44650723323997,1267300,-0.05207578275032163,0.04101320829545448,Financials
2022-07-04,376.72471537678643,380.4658653503025,376.66719744087686,380.407785087158,791893,-0.00010178597007640198,0.043040093820853526,Financials
2022-07-05,384.34004564471235,388.7625282186894,378.9262206650467,383.3371633815911,718867,0.007671128078883996,0.03977387704189591,Financials
2022-07-06,419.81970248626885,485.1701840578095,357.9875076926572,422.88632823136214,1726034,0.0981884912776083,0.03707284675952846,Financials
2022-07-07,410.3543445260969,428.19673470235904,394.04410050364675,411.82792083765474,1083115,-0.026497821114881037,0.05143601604314168,Financials
2022-07-08,376.4469450987807,427.07125189334795,326.129995720008,376.71806400487037,1610299,-0.08910852739256414,0.048185590955053134,Financials
2022-07-11,370.72978060550406,385.07586599739545,352.9172642466834,367.12380982425503,1237947,-0.025797919207641788,0.056111766935829616,Financials
2022-07-12,359.770518791483,372.11806950332254,346.5043294493397,358.81923137823827,1099217,-0.022880419724804188,0.05214071543664597,Financials
2022-07-13,369.5015084044757,391.9035125208063,349.63888664237544,371.91134931586737,1676295,0.035836789675307776,0.04851237374128083,Financials
2022-07-14,384.4494404568405,398.9257169612558,367.0054683682551,381.365625148206,1287649,0.025103043436545146,0.0466412011953574,Financials
2022-07-15,365.30146208228945,388.6392631216404,342.55651531604695,365.8595668033482,1710039,-0.04150899850695342,0.04398688142643449,Financials
2022-07-18,353.8877334245933,374.64226117870203,331.197251807524,351.8311677237986,495206,-0.03909813912501932,0.04366149486282055,Financials
2022-07-19,340.61462887723786,361.37900373019306,317.225108523741,337.8190614228883,1137053,-0.04064099247371433,0.04306228720563725,Financials
2022-07-20,319.447797741261,347.2195893137889,291.081199107043,318.7963564093746,1819433,-0.05795791314239872,0.04279301349393272,Financials
2022-07-21,336.6219757678955,361.50714749660216,310.1435688743331,334.90155661267374,1857806,0.0492841100108197,0.04548473983092353,Financials
2022-07-22,336.31131440509114,345.510160719684,329.98322868450856,339.1290559384928,952636,0.012544103136061052,0.04603724330282199,Financials
2022-07-25,321.29081629771906,347.98686724384976,294.19460090451133,320.85438912053803,1833517,-0.05539332714984553,0.042651440717305235,Financials
2022-07-26,325.1274023752247,330.40926581653207,319.0790333265773,324.3482388519467,1463365,0.010830346099653306,0.044895204867768615,Financials
2022-07-27,355.49885814213224,399.94309856441316,308.46564334442854,352.53996481025126,1763233,0.08334624130637214,0.04159396585552853,Financials
2022-07-28,350.16712074393473,352.8867777538028,349.1295906483998,351.84427831263434,544378,-0.0019753046170842906,0.05025968351927517,Financials
2022-07-29,352.71633521485876,353.00565120418355,351.36348754279913,351.65193045286446,845662,-0.0005468341184114303,0.04605880919233259,Financials
2022-08-01,337.32468901424363,361.8317530287014,310.68579501166886,335.02584511830497,1492627,-0.04843417398248996,0.04239311238285672,Financials
2022-08-02,344.93673047184063,361.9970726036052,328.6893578910503,345.713129700146,1248808,0.03140164779120595,0.0434697729854819,Financials
2022-08-03,339.9053657918283,349.97150333832326,328.9166621374571,338.9546445206411,940591,-0.019743019792279364,0.04194766326421424,Financials
2022-08-04,322.86760363759254,345.4091034686106,302.7997457887656,325.1964933230911,1295761,-0.041436711978805094,0.03957465334327108,Financials
2022-08-05,354.17424791178234,399.4245705721606,308.8670364048309,354.1090261442121,1257011,0.08517525469864046,0.040130695418024206,Financials
2022-08-08,357.71238132765995,359.6175362127458,353.47589810733297,355.36856999253416,433266,0.0035506270484959024,0.04976546768326532,Financials
2022-08-09,364.6133424897366,375.00218234966,351.8637730655986,362.18337649152846,1047600,0.018995172235486375,0.045641784165969305,Financials
2022-08-10,337.6608562730617,374.9565297008198,299.30774167095075,336.47211499150546,1170353,-0.07363537058931409,0.04266919796200428,Financials
2022-08-11,347.6430104887789,373.5460403041358,325.4319577117453,351.11327116653086,1119196,0.04259360341289052,0.048681141462073495,Financials
2022-08-12,300.19969337734386,348.21338677613295,255.16973937074226,302.7942493705504,2980794,-0.14805535141016898,0.04762368197645494,Financials
2022-08-15,312.62829013154027,325.5004943003248,298.40664806997984,311.2209043241687,1962041,0.02744943345416905,0.07212815074694422,Financials
2022-08-16,296.6447158942427,322.20288979906127,268.5313180164206,293.8485841351553,1182341,-0.05743834860448646,0.066143758690313,Financials
2022-08-17,318.1239404802986,354.73761489017136,280.76577938368087,317.2826246671013,2219974,0.07672832241545861,0.06399118716282315,Financials
2022-08-18,309.86993549951825,323.3550420702776,294.7968858194192,308.2097431386391,1627668,-0.029012401711965632,0.06526088374140787,Financials
2022-08-19,300.01237114482416,311.40375233764325,290.2685338971427,301.60808917130424,951860,-0.021652078791506126,0.06027805799237492,Financials
2022-08-22,298.6761082587103,303.6548687503153,293.3028153292089,298.27488770282645,1365498,-0.011112953360819062,0.05547140973208388,Financials
2022-08-23,276.3127752931875,312.758861847149,237.13532420681926,273.1663987860803,1476816,-0.08793437440665948,0.05079553620143945,Financials
2022-08-24,248.67844409509726,283.17745149711925,215.8452820420277,250.14999915866545,1942023,-0.08802039429551792,0.05765429150320886,Financials
2022-08-25,219.02421056509831,251.87784214986306,183.50735953923524,215.8910112226297,1767388,-0.14728703190189132,0.06262070212621663,Financials
2022-08-26,184.5745697895943,212.94994747874946,156.88838432115514,185.17386737282564,2394707,-0.15347849531150606,0.08056737759660913,Financials
2022-08-29,210.80295670136613,242.42340020657102,178.0761753579902,209.50138277410613,2182644,0.1234351323366424,0.09394801298962248,Financials
2022-08-30,233.22335302343575,268.2068559769511,197.71582518475995,232.60685315854113,2440026,0.10461936323472805,0.09719268542438408,Financials
2022-08-31,228.4338528429564,235.11221637725725,221.44806727949802,228.1171725263239,1439795,-0.01949029139416294,0.09643088796930484,Financials
2022-09-01,237.44022824972342,253.94153621588575,221.86809857408693,238.3122184844938,1481617,0.04372224479517931,0.087155686231211,Financials
2022-09-02,252.5333485068428,275.55369988296945,229.9610449031789,252.94463414711606,1139045,0.05958897108606959,0.08039674195784355,Financials
2022-09-05,265.38809792438485,288.62809180362524,243.87802110693818,266.98831514085725,1685495,0.0540342665092574,0.07618094062961767,Financials
2022-09-06,286.67568740725443,324.27057886529235,252.0825311224306,289.354205760626,1501183,0.08044666919075105,0.0719776622692741,Financials
2022-09-07,238.9110510038801,276.5683908915074,203.07439335329806,240.49425294913692,3339877,-0.18495537011705068,0.07221756767008058,Financials
2022-09-08,204.72079980521312,236.56038112842296,174.01267983443114,205.70467924210695,2688441,-0.156254648703216,0.0969720320732551,Financials
2022-09-09,220.7491605622708,246.6931124781763,195.90164998949356,221.73467272325703,1674205,0.0750399548805775,0.10623176215114738,Financials
2022-09-12,207.66792816632093,227.33088393008222,190.00656378067956,209.51263432867609,1563858,-0.05669745457435753,0.0998639026678921,Financials
2022-09-13,170.57095997262965,196.15660396852408,144.9023672158073,170.4733731950674,2973210,-0.20620492901786858,0.09252258885337937,Financials
2022-09-14,146.82374436228937,168.84730601663276,123.92977898578266,145.79973998327372,2364018,-0.15634507939054532,0.11544009039841756,Financials
2022-09-15,157.29992965308392,176.85439998134737,138.44773367542533,157.927045025957,1863182,0.07989914985652381,0.12011535769584689,Financials
2022-09-16,213.59947328008508,245.63939427209783,180.3691898792463,212.19904691676035,3558169,0.295391548681319,0.11224856545047816,Financials
2022-09-19,170.38669465668607,196.30775235911415,144.82869045818316,170.70239335575144,2967464,-0.21760308419882696,0.15253923236795325,Financials
2022-09-20,121.38743322306382,139.6568999413148,103.17931823960424,121.44078255766506,4121062,-0.3404948929199161,0.16067743857508376,Financials
2022-09-21,192.44223771775486,221.30857337541806,162.91108573598908,191.6601008658695,5225540,0.4562967375778928,0.19530567638786545,Financials
2022-09-22,183.19356071313499,198.34569515019584,166.37595500167401,181.3779154893106,1545906,-0.0551407097428415,0.24868947040856304,Financials
2022-09-23,161.46977490766344,187.19772207502623,137.24930867151392,162.78062789132719,2507792,-0.10817933225599191,0.22368110522418938,Financials
2022-09-26,165.6695007139414,169.70304185498406,161.4162655512163,165.4443243424326,1490722,0.016231276220267377,0.20465093368112142,Financials
2022-09-27,239.53826028083333,277.13431924833986,203.60752123870833,240.98636456377383,4999110,0.3761056239045472,0.18342606650747487,Financials
2022-09-28,174.58833998752598,200.77659098565488,148.24018115174434,174.40021311969923,4284962,-0.3233876198257178,0.21962334472778158,Financials
2022-09-29,166.93063963425007,178.7546391063433,154.57292835038822,166.3562422130581,1694540,-0.04722120715525901,0.23318332645799494,Financials
2022-09-30,168.8805010157467,172.44686221160572,165.151979591257,168.71484246599522,1584255,0.014078440768902033,0.20960450222071247,Financials
2022-10-03,141.94500667688138,165.32634077382622,120.65325567534917,143.76203545550106,2685506,-0.16005056602384093,0.1878216394751325,Financials
2022-10-04,103.53458745859706,119.06477557738661,87.42315642092905,102.85077225991652,4880092,-0.3348802764058294,0.17934325233134393,Financials
2022-10-05,86.87767560146146,101.13143682115872,73.84602426124223,87.94037984448585,2205315,-0.1566200415717639,0.20652583774015779,Financials
2022-10-06,65.18210113279905,74.95941630271889,54.95872892685295,64.65732814923877,3757939,-0.3075576331992022,0.19468387949881816,Financials
2022-10-07,80.69236892344873,92.79622426196603,67.93642808510509,79.92520951188834,2591770,0.21198986639483175,0.21121128049948595,Financials
2022-10-10,63.57075485923195,73.43911088056171,54.035141630347155,63.86009641787976,3326228,-0.22439661918096973,0.20622589441265812,Financials
2022-10-11,59.80459916169346,65.91240835988566,53.5641001656354,59.65681639517039,1839697,-0.06808628192266093,0.20414791702591045,Financials
2022-10-12,60.59255581738076,61.46720341416849,59.3642138560916,60.233681132015334,921004,0.009623267907956727,0.18476054472944767,Financials
2022-10-13,56.161424994169714,62.29496610092031,49.88765652898995,56.00400541811344,1418333,-0.07280846960213164,0.16559908877696772,Financials
2022-10-14,56.50832336984454,57.064768089298916,55.81775639484491,56.372867260590354,992114,0.006564752308699384,0.15110793344454257,Financials
2022-10-17,53.57235773055266,57.521785637528744,49.98469576796271,53.91141735109562,1379032,-0.0446456856305689,0.13554833247161482,Financials
2022-10-18,49.19632173158584,55.75827183906768,43.215378324225334,49.71435017093306,1588203,-0.08104865291884238,0.12287255973357877,Financials
2022-10-19,59.4731347380173,68.39410494871989,50.45552094129357,59.35943640152185,2455413,0.1773174769704467,0.11473214619006895,Financials
2022-10-20,60.705173598456376,63.056388694926156,58.480679269220566,60.82741492638308,1006491,0.02442948650966792,0.12388299092844916,Financials
2022-10-21,65.30922999161895,72.04330801113339,58.43752518254892,65.15578097186437,1952133,0.06874044215372117,0.11165624176359995,Financials
2022-10-24,56.88109269743037,66.02060009091933,48.34892879281581,57.40921747036464,2118872,-0.12657615935308178,0.10383872263245802,Financials
2022-10-25,55.98382480830728,57.94421773863714,54.35629623616441,56.307285703082826,1024618,-0.019380938187243003,0.10549508458615003,Financials
2022-10-26,55.94202927770199,57.43604524536447,53.83640973858375,55.31364372567273,1466113,-0.01780433527293081,0.09518252682201614,Financials
2022-10-27,48.80115184118806,56.37343568414512,41.48097906500985,49.02037885577837,2036901,-0.12078349341450689,0.0859960457402298,Financials
2022-10-28,39.63214303764666,45.90153321759697,33.687321581999655,39.91437671095389,3208597,-0.20549952909920724,0.09057899176175672,Financials
2022-10-31,36.98745539647103,41.14142677978041,33.03625524708732,37.17065613598023,2139927,-0.07121694111387274,0.1140094358720387,Financials
2022-11-01,43.15389852244356,49.626983300810096,36.66883855967338,43.13981007020398,2523536,0.14892660186041698,0.10610984440442332,Financials
2022-11-02,32.84187249801494,37.76815337271718,27.866283460447647,32.783862894644294,3639246,-0.2745098289070611,0.11150923358573682,Financials
2022-11-03,36.443033522398906,41.90948855075874,30.914385117133143,36.36986484368605,1514249,0.10380413343725828,0.146119109855249,Financials
2022-11-04,47.57786440597681,54.71454406687333,40.298511023405176,47.410012968711975,3652425,0.265092907614113,0.13710189688589752,Financials
2022-11-07,55.340008420103736,63.7218562464807,47.03900715708817,55.410309779548435,2101204,0.15593222308528415,0.16024569121778195,Financials
2022-11-08,54.3590991868257,55.94786523257805,52.75286028338697,54.341100270625724,1149279,-0.01948482185465645,0.15585305249670153,Financials
2022-11-09,41.9903966452129,48.58651943083243,35.69183714843096,42.24914733115864,3233738,-0.2516966795999307,0.13996102286150183,Financials
2022-11-10,41.20759742004106,42.70855955177627,39.80008087765955,41.29795663461834,1071130,-0.022771149504856005,0.15897783843855343,Financials
2022-11-11,58.34646369857332,67.0984332533593,49.36807633520551,58.08008980612413,4960427,0.34100989418039973,0.14281786050470618,Financials
2022-11-14,64.72838742224124,75.11141060919806,55.01912930890505,65.31427009495484,2191278,0.11738762696016342,0.18401281263176344,Financials
2022-11-15,65.76634550271845,66.21149842278322,65.1655723160902,65.60966471026218,1433025,0.004512469274490043,0.171042539780672,Financials
2022-11-16,48.7676531923128,56.99464209936775,41.45250521346588,49.56055834727631,3646510,-0.2805276902141199,0.15332154019752475,Financials
2022-11-17,51.608891300168736,56.40428580150632,47.51078387577873,52.25488217713434,1270025,0.052938002492044896,0.1752437259857349,Financials
2022-11-18,47.86123868610586,54.43614004370035,41.131578672800906,47.68183451903812,2415058,-0.09158282760872473,0.15839398856669984,Financials
2022-11-21,41.843511968090205,48.704895531018224,35.56698517287667,42.35208307045063,2072668,-0.11853289075584367,0.14638659992695943,Financials
2022-11-22,45.04288324545723,49.156180867228024,40.90022248964111,45.01056920664226,1088447,0.060879726539051514,0.13910692376435135,Financials
2022-11-23,47.833638543848046,51.63822871751705,43.68667436817717,47.46167969248072,1679604,0.05302530868078571,0.1270296821883189,Financials
2022-11-24,45.222068822498315,49.68865918849723,40.04808804126683,44.43715206397793,1928472,-0.06584676438297986,0.11589212496798966,Financials
2022-11-25,47.85925498868904,53.94178841568143,42.10077102061486,48.148501905568914,1515918,0.08021414693890978,0.10721547071497217,Financials
2022-11-28,48.40811810819754,48.53629960086811,48.10585369300579,48.23357300178753,1518794,0.0017652892074020495,0.10129793746112009,Financials
2022-11-29,49.22862045266532,50.84155414325864,47.65852024413435,49.27013002620709,1379037,0.021262701711506227,0.09115637741814592,Financials
2022-11-30,51.963775635646755,56.181566920029475,47.77481247796483,51.99045320009093,1232866,0.053742093813628725,0.08255545704440406,Financials
2022-12-01,45.151201972509924,51.92388226838641,38.32769205024759,45.09140241205599,2219198,-0.14236851496369277,0.07736636664190251,Financials
2022-12-02,44.560776105263415,45.326794933175265,43.84779241997561,44.61297603579964,710400,-0.010666835239487499,0.08904360088091963,Financials
2022-12-05,45.67715619661493,47.7442720349262,43.79543190861916,45.85521250733977,1694260,0.02746411911599736,0.08037460726110185,Financials
2022-12-06,46.382117382622695,47.58220397579326,45.34643447000773,46.5429302158243,1521152,0.014886238792869922,0.0733566879686082,Financials
2022-12-07,49.13081563111174,53.15394386821652,45.12248947296853,49.14450117792209,1351724,0.05438984483436853,0.06661983902403809,Financials
2022-12-08,53.18056513597075,59.774970245249406,46.71383743685514,53.29440025747979,2159664,0.08106630285683807,0.06398672240736357,Financials
2022-12-09,55.44903709918688,58.354821351752356,52.29705220248557,55.189220892329985,1611787,0.03493639570773937,0.06603939986387741,Financials
2022-12-12,56.30314775808242,58.71083612709231,54.19030600379166,56.58733009673793,1149148,0.025017449745071585,0.06141697346224442,Financials
2022-12-13,52.478595111064294,58.273250532827994,47.075272469078456,52.83339666742025,1853142,-0.0686416068691167,0.05667024459248174,Financials
2022-12-14,55.22457572429583,57.86369362906931,51.93714677012743,54.54372774607559,946385,0.031859220527096,0.058103044901050754,Financials
2022-12-15,51.89224843710328,55.64751688877566,48.44413161375811,52.180262231916586,1483127,-0.04429841870665917,0.05434172017251512,Financials
2022-12-16,50.29830208513145,53.02054026501708,47.691887438851445,50.408419432729,1884854,-0.03454609185903962,0.052504957156757334,Financials
2022-12-19,51.778965661587776,53.05598648448587,49.980254281166914,51.24408334071423,1676864,0.016441950981206394,0.049844069759965616,Financials
2022-12-20,51.02474955529441,51.57092585049893,50.33507861056375,50.879702298969015,1408775,-0.007136096371070987,0.04613128759312181,Financials
2022-12-21,51.94534121357707,53.7048769751578,50.24472644445648,52.0023943688787,1205260,0.02182569510424923,0.04254544789647928,Financials
2022-12-22,52.79714184060532,54.23034644195384,51.458191884704746,52.88906528242963,1152377,0.016906848984904802,0.04024358650005208,Financials
2022-12-23,53.25624383167818,54.066123757201986,52.55011938200972,53.35864161548587,1170408,0.008839332240556738,0.03792773701263359,Financials
2022-12-26,53.85402845819995,55.139482991971,52.786948590648585,54.06816025283511,929206,0.013209533227764624,0.035532107411303915,Financials
2022-12-27,52.79339664141929,54.396819114091606,51.80623311716147,53.398343912277845,1694249,-0.012465744923401276,0.033707540564168484,Financials
2022-12-28,53.19852656131947,54.48867514220104,51.26773014351465,52.54195584393244,1153004,-0.016167723234395494,0.032128925475066024,Financials
2022-12-29,51.695065774072845,53.45002032315426,49.622385335341875,51.36617462103633,1507824,-0.02263213484437422,0.031064828551490176,Financials
2022-12-30,50.853092486815314,51.486564453505174,50.49212368667453,51.123674986684335,1231913,-0.004732177631535693,0.030803423307951897,Financials
2023-01-02,50.148613424682964,51.31586529420755,49.57430887102458,50.73484716102428,1054831,-0.00763470166555953,0.029367324286723166,Financials
2023-01-03,51.26841233490611,52.3765350188346,50.283197458928875,51.38900278026972,342117,0.012811200647829835,0.028261194048333535,Financials
2023-01-04,52.00776311135661,52.02462831128384,51.38344552922428,51.40011367916231,1298173,0.0002161882370152915,0.02763286269165563,Financials
2023-01-05,51.966962280136094,52.25257108563211,50.93066905891755,51.21212932601694,880461,-0.0036639792278844617,0.026662090897598197,Financials
2023-01-06,52.968328998565795,55.3093357127317,50.41243469741999,52.743505012400384,1230066,0.02946423216068461,0.025898018927956366,Financials
2023-01-09,52.29127212553399,52.91575057309408,51.77212027257959,52.39556330908566,1243172,-0.006618718979948694,0.0276909200648342,Financials
2023-01-10,54.962425003105615,58.29807752789022,51.24778131635962,54.55894687894262,1308661,0.040459793208373736,0.0268328298800175,Financials
2023-01-11,53.36577505806457,55.503829911637624,50.99274890542643,53.120996929329706,1620187,-0.02670943878977043,0.03035703933959342,Financials
2023-01-12,52.48719051517638,53.54533161328568,51.35520568841298,52.41182746845181,1155033,-0.013439991583004723,0.030728634659583757,Financials
2023-01-13,52.98988016206553,53.66067687844218,52.186916443459786,52.85601861197226,1086683,0.008439305949552008,0.029706803875483197,Financials
2023-01-16,53.76722975666647,54.82210164281958,52.50124218505052,53.55188925542386,1182809,0.013079489631226215,0.02857758982023607,Financials
2023-01-17,54.54037715957114,56.27445058637246,52.90314183758882,54.6343930233101,991247,0.020012516808628988,0.027910640789830167,Financials
2023-01-18,53.0736825028609,55.12253975109849,51.596874355279716,53.63024490921644,1321178,-0.018550413663138057,0.027987108099828642,Financials
2023-01-19,54.509408080553094,55.86003569721873,53.16735743559952,54.517778956834874,1815909,0.0164136882324401,0.02789695777130951,Financials
2023-01-20,54.59724221759383,55.0666483034011,54.268498253953126,54.73706244639098,1198255,0.0040141705611004405,0.02762251937322413,Financials
2023-01-23,51.465954251001925,56.18781337756933,46.83788557603322,51.55200646903468,1546860,-0.05994990594361191,0.02669868715898508,Financials
2023-01-24,49.71784346904065,52.40155855929185,47.076594632452675,49.758167517059285,1418056,-0.0354165111530188,0.034775776054717614,Financials
2023-01-25,48.16246720753796,50.26666051518458,46.620935386027334,48.70767817454952,1808601,-0.021337940944317766,0.03543491314373555,Financials
2023-01-26,49.32421468838619,51.38697931134111,47.724241536116445,49.77246584022499,1082853,0.021625255970491523,0.03424620583604474,Financials
2023-01-27,51.34561762577451,53.472217583283445,49.04675404250983,51.16591102702647,893146,0.02761157369532325,0.03329248932867874,Financials
2023-01-30,48.976357011850524,51.9520539820628,46.56333862984618,49.51261469561857,1629055,-0.032846030605073115,0.033182400860245036,Financials
2023-01-31,46.871176123215214,51.242911479875616,42.18794968266807,46.52764328630419,1994608,-0.062180864207716326,0.03380364833056341,Financials
2023-02-01,46.67793051140812,46.77007866168471,46.49694548013101,46.58891790824848,1191882,0.0013160844859944798,0.03992641097579258,Financials
2023-02-02,48.83828001478728,52.635842457039146,45.18415715912728,48.97173442556113,2201471,0.04988058348974885,0.03708846783681491,Financials
2023-02-03,47.6908611201411,49.64169016687881,45.7049635573034,47.65429691904193,1237155,-0.027270480492034618,0.03966931368926912,Financials
2023-02-06,47.98057775134678,48.3069865369069,47.54525108775719,47.87091383675712,966704,0.004535290470402236,0.038346778545297305,Financials
2023-02-07,48.05342627013673,48.33834417957086,47.77277455069147,48.05766768850264,1519583,0.003893606779359198,0.035769619354828155,Financials
2023-02-08,48.03414720042215,48.599001446433626,47.121669008378454,47.682386751617074,831438,-0.007839620754996448,0.033553637076988815,Financials
2023-02-09,51.82506296345737,58.21257998829673,45.385589488812215,51.765802582490046,1010058,0.0821676702299207,0.031778863996574015,Financials
2023-02-10,47.47943694151313,53.59655670695049,41.47910190590803,47.58311863294171,1910491,-0.08425170167872215,0.04382517384086626,Financials
2023-02-13,48.03159031993654,48.6304397789902,47.38206258794885,47.980272221941135,674160,0.008311883284379314,0.051973734473383555,Financials
2023-02-14,51.7132303805796,57.23511444792814,46.01901628880468,51.52029938882585,1790708,0.07118596184781141,0.04765897995811277,Financials
2023-02-15,54.5055438821047,59.77071655511373,49.51873216110647,54.76057185891081,1533093,0.060994550472207504,0.051741848354576056,Financials
2023-02-16,53.143093815118824,55.33954156941312,51.38054299656293,53.56306202996966,1510646,-0.02211075409205805,0.052913376144547386,Financials
2023-02-17,50.549965075519474,54.94868542855741,46.14597991239584,50.544198471226096,1893508,-0.05801151852385307,0.04912426199943776,Financials
2023-02-20,50.137382961932175,50.90038963390487,49.925864923357054,50.68655476632823,1393702,0.002812512687864384,0.050352308147770405,Financials
2023-02-21,46.92974066093377,52.32207139901946,41.6202252557122,47.00413877428248,1802165,-0.07542502658151166,0.046146186004797085,Financials
2023-02-22,43.53549588676415,49.29573239866949,37.34152278504419,43.03562009942856,1940047,-0.08820750967421648,0.05154528670455453,Financials
2023-02-23,43.56736759471011,44.57587234593692,42.64234052297171,43.6491097166051,1458779,0.014154738937386384,0.05824618424929508,Financials
2023-02-24,46.55515782923811,50.812032290661826,42.15063458857118,46.39264976333885,1633125,0.060958150287560776,0.05333055295831929,Financials
2023-02-27,48.69340134146509,52.073992381513406,45.216919078683254,48.590356093054595,1148040,0.04628404050536189,0.05415443394630033,Financials
2023-02-28,45.46679905136567,49.987959102104064,40.9737317119093,45.492365285844286,1792054,-0.06588056095438442,0.052606977043550614,Financials
2023-03-01,49.33397297660734,55.54606368998219,43.21314573396529,49.41516323572075,1885890,0.0827128092243772,0.054452111746728274,Financials
2023-03-02,46.25704254126138,50.94139677964025,41.51169019435783,46.189171248445156,1540191,-0.06751194313385425,0.05914589842424223,Financials
2023-03-03,47.68430283309132,51.39181468754452,44.57218871252886,48.24322268515266,1636960,0.043509973382725796,0.059852061035397426,Financials
2023-03-06,46.053139415071584,49.508991699670304,42.44558767266939,45.889132813946595,1150140,-0.050027024266489584,0.05700686832051711,Financials
2023-03-07,49.43682875895187,57.03373213679596,42.737878468285466,50.22762482085631,2238853,0.0903368394081221,0.05545477348357139,Financials
2023-03-08,57.326051141448225,65.92495881266545,48.443268443379615,56.99208052162308,2435997,0.12634714938763683,0.06151664169010444,Financials
2023-03-09,58.112491608441886,59.56649850538797,56.5007435962535,57.95070243807312,1274033,0.01668037119848049,0.07431001337383966,Financials
2023-03-10,66.8669835608839,76.89703109501647,56.743590318151064,66.75716508017773,2539545,0.14146894238166682,0.0675227197881872,Financials
2023-03-13,61.202659584747046,69.06250830969192,53.68930118871709,61.511264918308704,2063946,-0.08184130610235159,0.08215517877080752,Financials
2023-03-14,55.665476959885744,64.0152985038686,47.284866426876924,55.62925461985521,2275754,-0.10051110233305904,0.08064910803456847,Financials
2023-03-15,54.549576224075196,56.07590122904867,53.190959897852174,54.71320944020369,1538386,-0.016604055983156653,0.08257599624133032,Financials
2023-03-16,54.53243678897773,54.9985633854077,54.36207423141154,54.82727972108466,1370435,0.0020827060932002593,0.07480902569518152,Financials
2023-03-17,58.31471143796721,63.321490879754975,53.0724106810694,58.05706952589458,1162042,0.057238608901332026,0.0676591672286207,Financials
2023-03-20,61.46414396593132,66.27601187766666,56.37897285126246,61.167627240012195,1285314,0.05219159877887481,0.06522000521619356,Financials
2023-03-21,53.88343013246989,61.990373980141435,45.800915612599404,53.90467302620995,2089323,-0.12640091066830367,0.06254209551801498,Financials
2023-03-22,54.23811517079915,54.67418823638977,53.75865545853007,54.19437686928971,1003279,0.005359983033055848,0.07500526316262134,Financials
2023-03-23,57.90434951561167,63.159411159313336,52.34938296223616,57.57451032094961,1424700,0.06050278534240153,0.06785971569637218,Financials
2023-03-24,56.70323398123314,58.13499014393416,55.183962184888244,56.613451336596476,805767,-0.016833327509737053,0.06582583737896751,Financials
2023-03-27,59.659335719303996,64.85573728907222,54.6756961236155,59.85569484383491,2079684,0.055689966324090685,0.060074427426079824,Financials
2023-03-28,57.22256414594838,60.853909651090994,54.14328544908307,57.746439982244844,1359599,-0.035874877248439845,0.058756746989888906,Financials
2023-03-29,55.625594227912664,58.94329370198364,52.18542933620586,55.49536127435144,1246581,-0.039762265555642,0.05527146891575842,Financials
2023-03-30,49.65197267928538,57.652411050417186,42.20417677739257,50.13253134818886,2275817,-0.10162931094144524,0.05273617245498699,Financials
2023-03-31,54.38721975072045,60.22931398021099,48.069401664441926,53.85424558159459,1567802,0.07161111570288416,0.062242755679088047,Financials
2023-04-03,57.10673894680947,62.81147843931193,51.689951798262,57.36974425636734,1565052,0.0632358194315478,0.06299643872039988,Financials
2023-04-04,58.68517261100692,60.336673407546925,56.81116795958933,58.45622580266215,867781,0.01876113645135928,0.062246737762226355,Financials
2023-04-05,60.141649519590686,64.10247190139492,56.75943361060904,60.68944911370371,1525511,0.03749166549303373,0.05703088747138238,Financials
2023-04-06,63.204081596906235,66.26655270049874,59.64470632886277,62.681874574211136,1261232,0.03230246134127722,0.053970931507942445,Financials
2023-04-07,63.75192854862402,64.97453980470638,62.2708552061548,63.48841285426942,964332,0.01278509041651829,0.05086065777763514,Financials
2023-04-10,59.33278338559495,65.30852506973429,53.49185947695478,59.455518675673005,1940328,-0.06562896682464026,0.04683976930134003,Financials
2023-04-11,63.30194669671326,69.25111413132004,57.35084252102284,63.299809058704795,1715982,0.06265386500786894,0.050012452284732695,Financials
2023-04-12,65.06296527299112,67.59224987717279,62.436397151894944,64.9617469532801,1260898,0.025916275550095288,0.051863497056116176,Financials
2023-04-13,71.31204498348816,81.32928206950793,61.31237852730341,71.32745478759875,1933067,0.09348272519273204,0.048503668544452254,Financials
2023-04-14,69.36168637130136,72.15918249738516,66.81208251301645,69.60078965644674,1743224,-0.024505400523631846,0.05738412390404726,Financials
2023-04-17,66.73276872654446,71.23021102852528,62.05820339941149,66.54284588765725,1395458,-0.044929873661821614,0.0531453416510947,Financials
2023-04-18,71.45729666752408,78.62360848577204,64.00902722475848,71.14391012242663,1680556,0.06685868952465707,0.05159792537941184,Financials
2023-04-19,77.06852412565252,87.1487842063449,67.34596511129698,77.38615460407715,1136462,0.08410315473282694,0.053855263229424986,Financials
2023-04-20,79.539887694771,84.02572533264826,75.55347893056067,80.01548063025453,1357825,0.03341224032155115,0.059002649071127296,Financials
2023-04-21,76.49903213444634,81.84311946926316,71.03904808319209,76.37443100292991,1385021,-0.046572156411291955,0.05524949545854914,Financials
2023-04-24,75.70983209525335,76.78492112438157,74.58051701097186,75.654824931536,1207545,-0.009466749556610794,0.053547644781624805,Financials
2023-04-25,79.16625129608938,85.9744166980832,72.95348696434148,79.7183268898689,1182948,0.05231828992812915,0.049064479120871085,Financials
2023-04-26,80.59860161833555,83.01479867605556,78.62485044289943,81.03047158688224,1615984,0.01632576856839747,0.04936029789489203,Financials
2023-04-27,82.5065416122722,83.61201627995207,80.66207340436543,81.75751210238343,912939,0.008932420355829857,0.04570701056206058,Financials
2023-04-28,85.18220622912763,89.10831335952318,80.4228344419323,84.30868014768582,1417187,0.030727130341712386,0.04222881565505053,Financials
2023-05-01,84.69955520520116,86.26457851294545,83.52923624327366,85.08888013262768,556942,0.00921153174175222,0.04084411558790421,Financials
2023-05-02,92.14642723886612,102.49560518871118,81.40493800235247,91.70447981708594,1591218,0.07487487223653615,0.038043675822413116,Financials
2023-05-03,85.79972391289175,94.05983981585953,78.35602759462513,86.55096807350685,1684847,-0.05783776434077914,0.04581259641114362,Financials
2023-05-04,87.51980303434672,90.36166332651102,85.23972620574577,88.06732245368286,850923,0.017368083180794757,0.047757891908408075,Financials
2023-05-05,90.15835899771372,92.96958788049211,87.11345972176927,89.91716802593845,1326668,0.020787341399663803,0.04438356158122512,Financials
2023-05-08,96.7136867278464,106.20399336902014,86.5761995776508,95.99608999009429,1580507,0.0654185700925633,0.04172214598121061,Financials
2023-05-09,91.97367829831259,97.80665187212416,86.31658697390147,92.13936927347598,1493239,-0.041005147190500864,0.04620095636634919,Financials
2023-05-10,93.00815174362077,94.00194699739352,91.80650368101614,92.79805403363672,916542,0.0071233559291460245,0.0453854162672266,Financials
2023-05-11,99.22620529086397,108.85240876294863,89.39403947245451,98.99811531716121,2019704,0.06467514264581725,0.04189845030252962,Financials
2023-05-12,108.5976795343937,125.36417850167378,92.56518024346771,109.23725706194239,2344763,0.09842137425443111,0.04617158456931446,Financials
2023-05-15,111.12621014867452,111.27924651294362,109.18701993329952,109.33759312127046,1371368,0.0009180934246706756,0.05708298532691423,Financials
2023-05-16,119.71006908981232,135.61508871245715,103.59171893992604,119.46405203875243,1867405,0.08857522592474164,0.05202787911684108,Financials
2023-05-17,120.60261416696747,121.69537020563673,119.0988643854799,120.18786244216047,639578,0.006040532627020353,0.058671592457169214,Financials
2023-05-18,115.03701900866325,122.56487869504635,107.58368209479166,115.1070071929037,1362596,-0.043193845935282735,0.05347296339582125,Financials
2023-05-19,108.37578392264666,118.22368607830931,98.49623847372925,108.34097786926485,1413574,-0.060578736929470064,0.05164632126750958,Financials
2023-05-22,120.26945992943472,138.40813948066966,102.2290409400195,120.3549038962345,1858577,0.10516145423651092,0.052766859917650406,Financials
2023-05-23,119.91038864804324,120.91972052586415,118.6740084835959,119.68141298516194,1239097,-0.005611589839161563,0.06313725463643331,Financials
2023-05-24,110.99140207459288,123.47701526925543,98.6898020068179,111.15705523088312,1906507,-0.07388920725894048,0.05739140902172644,Financials
2023-05-25,115.6760042640582,121.93781512309934,109.00347172877696,115.24177684900776,1341463,0.0360882155227692,0.059615109712240585,Financials
2023-05-26,121.0607348555061,131.2893337867592,111.37003505956095,121.55876736101634,1659480,0.053365499047573844,0.056022521718900355,Financials
2023-05-29,123.18311107291672,125.83792728702176,120.61015281782184,123.26329422519584,623894,0.013924843174168857,0.055118053531354134,Financials
2023-05-30,118.11283171958138,126.52814787831652,109.17043458512882,117.5453163454253,1718525,-0.047498740744863564,0.05059135349723266,Financials
2023-05-31,120.93491883165694,126.91613822575839,115.29270681920516,121.25881486176704,1081785,0.031103296808789205,0.04985987961074243,Financials
2023-06-01,130.26432986404083,145.34276761107236,115.64637550825137,130.67835260461726,2049985,0.07481175325609847,0.047264345300601904,Financials
2023-06-02,131.28758642135665,131.81688764433787,130.501792098,131.03005505322244,742194,0.0026877444517487076,0.052217376735559276,Financials
2023-06-05,127.72628802921723,132.61720729767487,122.83924562789532,127.73002202674841,1101409,-0.02550789127139329,0.047774544917250104,Financials
2023-06-06,131.97289193125516,137.65492493895556,125.78989032674153,131.44938393509685,774012,0.02870303097629167,0.04498359246666791,Financials
2023-06-07,140.70589325529178,152.49120650505066,127.3559046229401,138.99818260620194,1341595,0.055838993790999276,0.04292316939660564,Financials
2023-06-08,136.08105167952536,139.6343448827893,134.1772995733478,137.70783434777283,1253684,-0.009326559834163875,0.04518426452846667,Financials
2023-06-09,148.7983447059609,166.03278081233412,131.532123295984,148.7623956329017,1731794,0.07721607450418909,0.041789255994020724,Financials
2023-06-12,156.39600958780673,168.2579801122638,144.58526779350095,156.44364126076923,1141382,0.05034545244231337,0.04890216618415292,Financials
2023-06-13,154.7689063059696,158.10575536868564,150.88626432324418,154.21108668153101,1415314,-0.014373468772938432,0.04892174540268564,Financials
2023-06-14,154.72512737306252,155.98692647736237,152.12416862086238,153.37495694842946,1224981,-0.00543673427289111,0.04522896449490249,Financials
2023-06-15,144.64488718971919,156.82326858633692,133.8441254798103,145.92678633314907,1687262,-0.04978058987430097,0.04172482588768975,Financials
2023-06-16,148.8036408818005,152.9619963070464,144.5162631562139,148.67090936562943,915832,0.01863016881667563,0.04317968209148167,Financials
2023-06-19,147.91922010064377,150.53485722759336,144.33046014529958,146.92857990518266,1062945,-0.01178858354882231,0.04054195894302363,Financials
2023-06-20,158.2837857614511,175.47117044279491,140.8071219635975,157.95926866992798,1736232,0.07239058883452476,0.037891502388575006,Financials
2023-06-21,168.3546736505615,180.90742414929625,153.6315707974738,166.009458938624,1455357,0.049707561726855067,0.04510734269918913,Financials
2023-06-22,165.31965767005812,166.32375254782622,165.13197874744262,166.13514784107315,1003259,0.0007568324511860929,0.04580790484436108,Financials
2023-06-23,177.63725628182675,192.8336048472844,160.83897243517362,175.88545993881758,1225431,0.057031386634149826,0.042175552590190284,Financials
2023-06-26,185.7009593745748,200.67326603851137,170.6340869790582,185.59810055855556,1267387,0.05375059886375749,0.04484315609145289,Financials
2023-06-27,183.1061561013263,187.2259940909855,178.72120279217958,182.83493845973737,1268315,-0.014999816053442468,0.046282782439324155,Financials
2023-06-28,195.99762408687133,216.35725010546176,175.59102138643098,195.94520195651612,1295602,0.06925126809893206,0.04298169299255459,Financials
2023-06-29,192.80232025601487,197.25452964909164,188.82903544777895,193.27157441561874,1160733,-0.013738717123873983,0.04793017281422526,Financials
2023-06-30,184.81598517863017,198.04884509024845,171.06952443123905,184.26277434100137,2303909,-0.04773346092990208,0.04434133539974493,Financials
2023-07-03,175.20123224862076,187.5202957120163,165.15860235357246,177.35425346989737,1451809,-0.038213695821489126,0.04488536191096282,Financials
2023-07-04,178.07176592874634,178.09515539439764,177.34648703610623,177.3697842974984,759890,8.756569026841017e-05,0.04394086427635537,Financials
2023-07-05,180.83679471339272,184.69896924095409,176.0708172203138,179.91326776266368,1242611,0.01423815890153885,0.0405541710905917,Financials
2023-07-06,169.3152421231064,184.53725312002516,154.61498084047838,169.79531134318736,1935642,-0.057881228326113275,0.038027903039897004,Financials
2023-07-07,167.43417217964483,170.75329883887667,164.53362715846487,167.84562599956212,1920919,-0.011548996573482835,0.04194559114579737,Financials
2023-07-10,167.61753110939208,169.33596479854782,164.99330478693673,166.7023559984259,1070831,-0.006834741281862064,0.03908392241746552,Financials
2023-07-11,175.4560398265619,188.5741970945223,162.121377153823,175.2220391095095,1464462,0.04984404177413972,0.03645613043763791,Financials
2023-07-12,179.971903152906,185.89592680525584,173.21401382566222,179.1096554029467,1187936,0.02194425369948523,0.0391906089802925,Financials
2023-07-13,186.9431722920897,199.13534559673457,174.82931109939705,187.01671862391703,1313983,0.04319979896980079,0.03742934151653022,Financials
2023-07-14,186.9534615935219,189.53949262182508,185.446800994078,188.0242029029768,1100126,0.005372676125212061,0.038738842003130686,Financials
2023-07-17,182.3935399218363,190.37719350538688,175.17037518993692,183.12505908823601,1354682,-0.026401390952021684,0.0361232356123698,Financials
2023-07-18,201.6065851217837,228.55860656828088,173.43195767224262,200.19531125618155,1967403,0.0891241438706524,0.03533363181892924,Financials
2023-07-19,196.63888819840963,203.42390472635034,188.89207668289106,195.64272048601035,687002,-0.023003305162081576,0.04785644557542935,Financials
2023-07-20,196.97157463562732,197.59347990173492,194.61493638202154,195.2313471668617,100000,-0.0021048900660176686,0.04485046614861658,Financials
2023-07-21,194.22483586738264,197.74946117490435,189.38336343760594,192.88365005835007,658118,-0.012098093400469644,0.041351131004206704,Financials
2023-07-24,196.9404580778326,201.7873172246979,191.24888739303188,196.07443298303275,1095971,0.016407189577910486,0.03859905967573077,Financials
2023-07-25,200.48460987605958,204.76824709192215,194.63784816001802,198.8873578270147,1278661,0.014244276135079947,0.03650053844475892,Financials
2023-07-26,201.73281900195937,204.07566109350967,198.10544957517902,200.43319840700104,1381599,0.007742392811578255,0.034587083655574676,Financials
2023-07-27,196.31083916616083,203.60350152825148,188.26662672288066,195.5302929265966,1600123,-0.02476569775113315,0.032649728660518657,Financials
2023-07-28,192.0647051474718,196.15106144851606,190.211658736161,194.2766738920896,1289953,-0.006432021298544505,0.03232344030343099,Financials
2023-07-31,200.7712681024599,209.6342942245345,191.24671321153707,200.07918750999895,762488,0.029429928581054036,0.030692824391660555,Financials
2023-08-01,202.29602428041218,207.2656951155984,197.98564763892514,202.9415637875203,1122454,0.014204848750140567,0.031361723163001454,Financials
2023-08-02,196.44453118805083,205.9711824695623,187.0598542727283,196.58003230601028,2019638,-0.03184843700684421,0.030283870343870332,Financials
2023-08-03,195.25635901450744,196.94470825501892,194.16153050433323,195.84657035097172,1342774,-0.0037380891313006717,0.031398068147106085,Financials
2023-08-04,193.08061088202027,200.19443767491967,184.05402088212875,191.0946783388103,1242230,-0.024562545009577143,0.02984571901042571,Financials
2023-08-07,181.66035493461527,195.5399646084787,167.7294330559162,181.60479794368385,1860033,-0.050936117124946695,0.030051811046949477,Financials
2023-08-08,184.95331719458903,189.96750897201045,179.90370837896737,184.91691322360631,551848,0.018073720271607828,0.03480893968402639,Financials
2023-08-09,183.02357401208647,184.93543484141398,182.9685560305985,184.8798588495966,1204130,-0.00020040398906689033,0.03344142237120602,Financials
2023-08-10,187.32524334275942,189.19580626791307,184.2562522552672,186.114727400895,1481845,0.006657095049494556,0.031538373585702606,Financials
2023-08-11,192.48526290546715,200.29450757628936,183.4594778501145,191.21727966655013,905833,0.027047073813844635,0.030039686148822794,Financials
2023-08-14,192.1091775481023,192.4000283367125,190.7351683082259,191.02437672253816,1119986,-0.0010093246362036278,0.030522742757156586,Financials
2023-08-15,190.08943725827478,191.15342708001913,189.70313513345278,190.7657505429064,779551,-0.0013548083133700316,0.029076847675923043,Financials
2023-08-16,186.75913812601976,192.85426287028943,180.5680988235789,186.65998766499274,1801594,-0.021757524354379335,0.027868365263322523,Financials
2023-08-17,189.84895728920492,194.06734375790066,185.2361637619491,189.44558747525582,1134517,0.014813131902079045,0.02814827003324859,Financials
2023-08-18,193.4278677980742,198.30846333955498,187.79808138987678,192.65928392948567,1050423,0.016821414608074285,0.02769069186936295,Financials
2023-08-21,195.39660632448002,200.22321941142442,190.85057529093652,195.67080887454398,1410836,0.015510440087494892,0.027492972399791787,Financials
2023-08-22,199.1580243197206,205.1015073493495,193.48568020267302,199.42165461320695,1512831,0.018987749841440502,0.02721721675441366,Financials
2023-08-23,200.03349094948527,200.47509285007789,198.68876597887308,199.1283696977455,586800,-0.0014717598821293132,0.02732584320549976,Financials
2023-08-24,205.22996500782585,215.04309867184037,195.63141725830926,205.43496321387553,1470799,0.031179812522830478,0.026413751666240874,Financials
2023-08-25,210.98524904941235,219.93760857255498,202.24417727149134,211.18813142317083,1228149,0.02761985120540779,0.028354472804347865,Financials
2023-08-28,210.4116695358031,213.48412661191068,206.08832156556696,209.14224230919064,1246001,-0.00973474865687773,0.029284967637020397,Financials
2023-08-29,205.63071200654582,209.62287358049463,204.19978715501387,208.17424898828463,1424245,-0.0046391411657949345,0.028289614053799903,Financials
2023-08-30,216.37706481578627,226.3196721565123,204.78680382854296,214.6500543921049,1507188,0.030633583552214617,0.027266647305156322,Financials
2023-08-31,215.0965644117441,216.45225156040743,212.40283091607975,213.75003128270976,1336902,-0.0042017939008647184,0.028905683012145,Financials
2023-09-01,224.04640782115436,238.1927361437149,208.86311774318293,222.93955947263203,1703354,0.04209344680010196,0.027768310519667706,Financials
2023-09-04,214.68180825141496,227.39450436550135,201.61921981545694,214.30989238983705,973075,-0.03947763814621405,0.03134712099731493,Financials
2023-09-05,213.5992867933842,215.45829444187063,211.21562991743997,213.0700313241166,814265,-0.0058021655920747674,0.03346470054993402,Financials
2023-09-06,207.73525193393968,214.86409002348958,202.30014762971683,209.38580138562256,1349508,-0.01744240727440014,0.031637931587748934,Financials
2023-09-07,220.92394127018332,240.97873794760562,201.82765820965022,221.8061944494509,1135678,0.057625512656047005,0.030763657257383635,Financials
2023-09-08,233.1762886471838,250.83986410080473,215.58729103126544,233.24563550005152,1500660,0.05028812525768735,0.03681340846227979,Financials
2023-09-11,219.73159314318448,240.48919163938842,198.31979300971855,219.00914311524238,1826171,-0.06297864954017661,0.03954131972226585,Financials
2023-09-12,201.7594382008367,226.51382001591904,177.2228804063362,201.95364425307346,1593454,-0.08107529115961735,0.04411076191802198,Financials
2023-09-13,203.19650245940892,203.8872414604025,201.7237676513658,202.41183929616506,1141424,0.002266243078770672,0.05140610741033836,Financials
2023-09-14,208.56064557657598,222.9342184269971,196.26671248292175,210.5245215933175,1198604,0.03929770821868796,0.04706209389647264,Financials
2023-09-15,223.52179049186984,240.69614992581717,204.5634220066721,221.5892978247949,1862756,0.05122352022489435,0.04586413660173378,Financials
2023-09-18,224.42142172230274,229.87334144090008,219.44668221206243,224.88825368758864,624402,0.014777969863013614,0.04665182284340582,Financials
2023-09-19,209.1397587327301,231.88232800159386,186.4907237212712,209.22415337369142,2209671,-0.07219744713200205,0.043288246888512794,Financials
2023-09-20,215.29812692042802,228.1147215544688,203.95845998937295,216.7011575564308,1409490,0.0351130688509461,0.04879516944126134,Financials
2023-09-21,225.85331196182287,238.77540016090254,212.2459525483207,225.12645391519897,652367,0.03814301145829245,0.04679437988969205,Financials
2023-09-22,231.34781511532105,242.80687612520327,220.71093603043354,232.1338565325417,1389218,0.030651911364382403,0.04549730310551129,Financials
2023-09-25,219.01167119660832,237.72907663671973,201.3301984765204,219.97021757655517,1533419,-0.05382201056069182,0.04355381294953758,Financials
2023-09-26,228.20593555355802,247.56830300348932,211.67975030083966,230.8505970290644,1283805,0.04827857263405782,0.04529976844393279,Financials
2023-09-27,222.08164936080902,234.75891759153686,209.9348323740012,222.5845920175757,1325799,-0.03646351697455588,0.0457304964241199,Financials
2023-09-28,221.53209452034875,223.3286785967759,221.08822823839535,222.88210740112015,1229026,0.0013357471082295742,0.04441239526393745,Financials
2023-09-29,235.93167349966942,253.84479932970422,216.6531237195657,234.45406179635486,1380894,0.05061670486860928,0.040966282666538616,Financials
2023-10-02,218.21897912842977,241.59822374491102,195.14910978440383,218.49877472010414,1900234,-0.07047926334109403,0.04274221185403462,Financials
2023-10-03,221.69684572089207,229.14559237513478,215.31412838485318,222.73304262570983,1556041,0.019193529239697266,0.04802724563730086,Financials
2023-10-04,238.83047622447947,264.1355421327567,213.65553625231914,238.9481936552037,1498574,0.07027282941478015,0.044727528363478514,Financials
2023-10-05,249.57085326083308,263.00564406254347,234.34626757401,247.67922928782485,1086347,0.03588771318491894,0.04940831931869812,Financials
2023-10-06,252.5045511402407,259.63529666898165,245.25897727008797,252.38638580171116,1404201,0.01882671156233411,0.047393404688471176,Financials
2023-10-09,255.361551145536,266.8441125066991,246.74146068031666,258.13055054881636,910624,0.02250427658758114,0.04415964907706876,Financials
2023-10-10,255.9175295605251,258.8834341372135,253.6515838618722,256.61134525372927,911651,-0.005902801845433342,0.04166564598080103,Financials
2023-10-11,247.68828404758253,263.3882980340013,230.40093477354682,245.99352442247582,1712570,-0.04225745287546639,0.03865290809812272,Financials
2023-10-12,245.14712696229432,249.14155813237184,239.37091911546435,243.33583709983037,1210162,-0.01086267722727414,0.03953595442229612,Financials
2023-10-13,246.0259912200635,252.858470489052,240.3203201240982,247.12725951159396,1054267,0.015460889769329933,0.03698882286782173,Financials
2023-10-16,248.41081849527438,253.45048473171212,244.62804336748147,249.64885687909057,386091,0.01015193339996685,0.03507697650292253,Financials
2023-10-17,255.08246762227867,260.0905906254426,247.97194478767474,252.93796400376797,907020,0.013088899052520926,0.03316285101183051,Financials
2023-10-18,242.04959253554247,258.6441659034773,225.07115121312103,241.6374700540205,1873059,-0.04570571177611899,0.03170989816362324,Financials
2023-10-19,229.3007461240538,247.00869467757482,212.3946123697224,230.04750320817064,1364327,-0.04915272203311259,0.034896503070968796,Financials
2023-10-20,230.50010957997767,231.24430152330947,229.78181275645383,230.5259242547095,612363,0.0020775024787991997,0.03790265496974285,Financials
2023-10-23,222.02819289273438,234.54761044296862,209.5020465152789,222.02106197735492,1227753,-0.03759107462021746,0.035354439685656325,Financials
2023-10-24,231.79066773938794,246.41620319805642,216.94871289136222,231.55967303851662,1767458,0.04206535607123062,0.03622033210856552,Financials
2023-10-25,231.7951414472124,234.1822892915232,227.60689671530207,229.97530290861323,796557,-0.006865682715656139,0.037615875553464635,Financials
2023-10-26,228.3287918523004,230.02437128444114,228.18251572614304,229.87710325099232,946169,-0.00042709207475392,0.03519991356233421,Financials
2023-10-27,225.02275244402782,231.7396583977216,219.36527352516842,226.0561968184486,1344356,-0.016761205574138894,0.033034141323525994,Financials
2023-10-30,220.78550282065152,228.47575156433118,213.36813467989634,221.04951387744873,1269468,-0.022396905732771914,0.03186132916610561,Financials
2023-10-31,219.15125887053924,221.6310089558547,217.40322117315205,219.87718101441686,1357325,-0.005317598771418453,0.03142226352357746,Financials
2023-11-01,217.6661503464918,220.88175114283595,214.62645245789383,217.83963061024573,1162742,-0.009309969675300903,0.02990198061099274,Financials
2023-11-02,221.22087723853207,224.93011042237623,216.59472036873854,220.28831722296113,1304436,0.011178068514286146,0.02878027251211152,Financials
2023-11-03,223.20583334018238,226.58962443309554,219.1524957005328,222.52598024903406,550662,0.010106638768578546,0.02795327621323899,Financials
2023-11-06,221.6600159873024,222.8924016784387,220.55773499454335,221.7894768965913,715858,-0.003315230272358983,0.027210846053048156,Financials
2023-11-07,238.83189541360733,264.1124567421428,212.81285736642118,238.00599659546225,1727744,0.07056723945170658,0.02634374170656029,Financials
2023-11-08,234.13250416596566,238.71453839456981,232.0160533121967,236.57599945986829,1349325,-0.006026362041751359,0.0374453531730807,Financials
2023-11-09,233.79726823157156,239.00648580911658,227.8944710794076,233.08788290113466,1668725,-0.014853944807103467,0.03503100248814092,Financials
2023-11-10,234.66429116664395,236.30729209099397,232.53880284274302,234.1784018150971,1019143,0.004667663512506321,0.033389112891917025,Financials
2023-11-13,247.08254760098194,265.96948636265233,227.58500131239367,246.42140226123334,1742761,0.05095986191673142,0.03154575011261012,Financials
2023-11-14,238.00095709033678,249.9408219674786,227.1561580467119,239.04829951040867,1513836,-0.030377466197915547,0.0358558727284617,Financials
2023-11-15,233.44887410035017,240.40229593998586,229.38850386256232,236.29246716152826,1520969,-0.01159531611488942,0.03559400869790504,Financials
2023-11-16,223.17272999319874,244.53927876862636,200.45812179584024,221.6819426467957,1804368,-0.06382664159155635,0.03367067667154707,Financials
2023-11-17,232.5032601251071,251.97781889978717,214.223617492386,233.61107846330484,1415087,0.05241401094873543,0.04022496240575545,Financials
2023-11-20,234.42376029910332,239.2307201908459,231.06600857071126,235.85250395630365,793441,0.009548951648097614,0.042503204137990296,Financials
2023-11-21,250.8044590600432,273.76795963565496,227.7436056686503,250.69729430589905,1545920,0.06103958614259001,0.03948284768393987,Financials
2023-11-22,253.4337233047168,255.41469388030495,250.03727223023074,252.0070915052736,1475655,0.005211015460654507,0.04365765534766333,Financials
2023-11-23,258.90668587880873,272.48630016272324,246.59934496509874,260.1212251329436,1684920,0.0316905448564351,0.040359210828309844,Financials
2023-11-24,241.55722965629104,267.1510029170242,219.34488762643292,244.65390663529953,1419747,-0.061303186996207376,0.03941746204338667,Financials
2023-11-27,249.60167669668837,254.28673634758778,243.0845866196907,247.73460098892627,1660597,0.01251342996543687,0.04366578937265716,Financials
2023-11-28,236.49529698409694,252.45655868733635,221.7804601026755,237.66871146331533,1645788,-0.041480280493445154,0.04060601948793788,Financials
2023-11-29,227.15134721443667,241.95599391268877,213.84230710470436,228.5641747294613,1487408,-0.03906071223126907,0.040953279543841974,Financials
2023-11-30,217.68003750786548,234.58211933094296,200.18182062098037,217.03371803217004,1349161,-0.05176429900381279,0.04087294668015697,Financials
2023-12-01,225.7074480578616,239.7208749040387,212.00325215097752,225.99897826505003,1206817,0.04047775420440392,0.04287667913864813,Financials
2023-12-04,233.60501995065815,247.8215905306127,220.4714389214977,234.6303633489548,1377044,0.03748087557346299,0.042620358738303554,Financials
2023-12-05,221.2551369450562,243.7847100961957,196.9077816314193,219.23127230670136,1695557,-0.06788414335357476,0.04199902842029043,Financials
2023-12-06,230.31774030417145,245.90955483170515,213.82568858639732,229.3521345225499,1064613,0.04513131730377404,0.04692944969234131,Financials
2023-12-07,228.3800547557011,232.27185828371353,226.64271058863537,230.51824834351874,852697,0.005071499986938237,0.046555600833593426,Financials
2023-12-08,234.62627747730915,240.53492012186473,228.51757028837613,234.42104450812076,906126,0.016788806176031762,0.04286953687642468,Financials
2023-12-11,229.1946258613362,237.72257332028246,220.1689198440487,228.6776307836278,1091706,-0.0248055480559296,0.040156162111458844,Financials
2023-12-12,232.67918731935688,241.05200902411332,225.25231166142822,233.59587369826215,1823664,0.021279300893480492,0.038500794362852635,Financials
2023-12-13,236.21916517735687,240.973590550407,231.7874228119647,236.53590576838224,1052326,0.012507431003928789,0.03679361670499143,Financials
2023-12-14,224.51896859908297,242.41827533554823,206.41133138538203,224.29259060845493,1154876,-0.05314861025819028,0.034734443406146086,Financials
2023-12-15,231.7659913010172,243.01300811514105,220.42524049040736,231.66747663730294,490268,0.032351645585816255,0.03858628594260354,Financials
2023-12-18,228.28957751481232,232.61757452864725,225.43342992062304,229.74324005612854,1151023,-0.008340715405645913,0.03805411299836104,Financials
2023-12-19,223.304207009559,233.5874130177944,212.5373961756587,222.79725703001017,1351107,-0.030700141139138853,0.03562200924843125,Financials
2023-12-20,234.12555369715457,249.46410116203896,217.49578781794588,232.7438115571451,1405313,0.043676130812914306,0.03544738120384514,Financials
2023-12-21,239.92948855119292,249.13133863576005,229.61394809808843,238.77138212621767,900905,0.025568206559719444,0.03730085961189891,Financials
2023-12-22,244.31254832155653,252.1091779357799,236.12202409383386,243.9056691680513,1136152,0.021275014778642454,0.0362097125124095,Financials
2023-12-25,250.06847457503815,258.5763998339291,241.01243311027733,249.5010533471937,1146553,0.02268158824191152,0.03488278317823557,Financials
2023-12-26,247.36676516936834,249.86190755922044,247.1522040219965,249.645369994098,837671,0.0005782537715469096,0.0339207166283995,Financials
2023-12-27,265.4365388626693,294.1271308849941,238.55690851435645,267.080975433045,1691260,0.06751050040933948,0.031945925716450746,Financials
2023-12-28,261.1330324353318,269.5531829662837,253.59465802361512,261.9900677062121,645333,-0.019245297671749026,0.0400010485579154,Financials
2023-12-29,255.95298127189474,265.6295654994339,245.81107080329022,255.46937163615988,1304751,-0.025204067245616246,0.037889633555331446,Financials
