date,open,high,low,close,volume,returns,sigma,sector
2000-01-03,115.6037134158466,119.05609111606465,112.38130500566034,115.8274462406728,1022667,-0.018583073242031546,0.016,Financials
2000-01-04,117.40566368227375,120.26152187515066,114.74143704603532,117.5930431329414,1378983,0.015128325458235945,0.01888384472685068,Financials
2000-01-05,116.05818207818292,118.29337975972105,113.93308039466464,116.16629839529278,522362,-0.01220710535276578,0.020484374728309173,Financials
2000-01-06,117.40639049467923,119.09533722815682,115.59851831213648,117.28572927663924,1012397,0.009590316883441575,0.021401862058518687,Financials
2000-01-07,121.7944376784071,128.42282984719668,115.0003552508686,121.61921110182531,1385720,0.036281854875789867,0.021914102453584838,Financials
2000-01-10,118.78558053030653,123.36003353434823,113.9717036161795,118.53656706928642,1012856,-0.025673447251871755,0.02610820288838648,Financials
2000-01-11,118.09123995604979,119.52182388752907,117.50386727531233,118.93027792534038,1458048,0.0033159257816586765,0.027279653416385587,Financials
2000-01-12,123.15927861073753,128.82788834048532,116.99162017415796,122.63615214196847,950261,0.03068443722465665,0.02640062304156693,Financials
2000-01-13,128.6625260641395,137.53578806937432,119.55062907611936,128.4062144494581,1725486,0.045976930380963725,0.02826348387505362,Financials
2000-01-14,125.40384987258638,131.62975894228964,118.05837697099983,124.22579952408704,1718834,-0.033097915659574775,0.03249832819842785,Financials
2000-01-17,118.63451842265938,127.29128012266195,109.69292183934039,118.32726311741222,1339171,-0.04864667167196154,0.03330516283859656,Financials
2000-01-18,121.45458081187796,127.5047455907148,115.93806408475335,121.96504344217755,1234211,0.030280272621248126,0.036638257287680734,Financials
2000-01-19,116.64224060092982,126.4108146725684,105.68239624867283,115.34208463917524,2064906,-0.05583211262810577,0.03621358521556791,Financials
2000-01-20,109.08104683585776,117.99345875925313,100.73144321603252,109.60383810613615,1853794,-0.05102996876802073,0.040208490688034816,Financials
2000-01-21,105.6148250823811,110.85526238610493,101.81768869463984,107.00803631572843,1658728,-0.023968455721245837,0.04223726832546822,Financials
2000-01-24,105.8292503922035,108.52806330442873,102.52129218189839,105.20416441515387,811881,-0.01700105218058602,0.04016668394238289,Financials
2000-01-25,100.13504533377291,108.32206327409608,91.47814978632815,99.6233300004019,1192551,-0.05450651110230837,0.03786879144399614,Financials
2000-01-26,99.11830426557705,99.96277068291661,98.91589289260939,99.75905082921344,743249,0.0013614126705619321,0.041144626079538144,Financials
2000-01-27,100.18416663196663,100.71728162092204,99.58084180435793,100.11358118345532,1263504,0.0035475664926430755,0.03813898557708298,Financials
2000-01-28,97.66078090886515,101.06637428987756,94.75877348838266,98.14983455362909,925759,-0.0198101182035436,0.03557461961682954,Financials
2000-01-31,91.34707948601539,101.11798254626036,81.7757871737991,91.52775876711691,1638619,-0.06985293429610284,0.03422439139256454,Financials
2000-02-01,95.82823113744983,101.99176834854796,89.39288780789977,95.53774110839805,1384318,0.04287906349335643,0.042059030390862624,Financials
2000-02-02,95.32545580907163,95.5533401986483,95.27873199229028,95.50652762942947,1420785,-0.0003267669786961419,0.04231975594028986,Financials
2000-02-03,99.15482460953343,103.89628559740112,93.88530574100535,98.60024753980441,1406203,0.031879174859715954,0.03915080344993336,Financials
2000-02-04,99.76989320634866,100.36140357729336,98.40384501406966,98.99073595948119,1200927,0.003952497438088629,0.038453486149901975,Financials
2000-02-07,102.02351283947387,107.1475044844403,97.10771561005437,102.22213695266457,1924420,0.03212198895859186,0.03585079933647613,Financials
2000-02-08,102.74370948154933,103.02399039255805,102.12884580486516,102.40821149018136,1348662,0.0018186411763342894,0.035818949965762625,Financials
2000-02-09,100.6488589965747,103.14772005953,98.40215607794968,100.89551132094272,855429,-0.014881459766980432,0.033569239784050575,Financials
2000-02-10,98.09838874762502,102.9904293576379,92.7293022652767,97.59630458308163,831335,-0.03324581013318832,0.032167277852853914,Financials
2000-02-11,101.07364581838846,104.73133483042223,96.36140970685885,99.9795035081597,980947,0.024125570237540778,0.033069315010776465,Financials
2000-02-14,99.2761199829197,100.39809515764122,98.1076079247384,99.22905114812917,907888,-0.007534374328318263,0.03259095192102479,Financials
2000-02-15,101.67947157915577,104.67562010401791,98.21566885515885,101.19761881641858,1596443,0.01964440136132218,0.03095563175211779,Financials
2000-02-16,98.8226800078655,102.04249058755184,96.25981584092301,99.46301986752995,1163652,-0.017289311635335175,0.030405366063655376,Financials
2000-02-17,97.24128422991797,99.93203317106166,95.83885651394031,98.51128926079637,1201049,-0.009614762063828317,0.029739318635359977,Financials
2000-02-18,99.39621306562464,100.78826242020736,98.0278461148991,99.41957386620867,1244036,0.009177861064130582,0.028660219917997495,Financials
2000-02-21,100.35772867717994,100.66487715629079,98.91327216807433,99.21692918885478,546286,-0.0020403575832134823,0.02774457667104072,Financials
2000-02-22,101.1920790644541,103.92229264044974,98.29218264806131,101.01769114974044,1104257,0.017987004524709437,0.026766278908064753,Financials
2000-02-23,97.28092382230123,103.07120517021855,91.30893236414867,97.08771359977509,1991797,-0.03968082758269696,0.02686404286464041,Financials
2000-02-24,103.03826065949049,111.36787712831521,94.18049337492423,102.46365902851008,1275414,0.05389335583055259,0.030224603403084523,Financials
2000-02-25,104.09905230600094,105.0637236194435,102.14322877085743,103.09862930469838,1371122,0.006177906471917283,0.03558785454478511,Financials
2000-02-28,106.196558672132,111.01689205527785,101.41906165748505,106.2375509102947,1424073,0.029991536915973914,0.03345028089772924,Financials
2000-02-29,103.90285154081418,107.81930382562682,99.69609640127257,103.60117756674146,1342186,-0.02512893680159948,0.03361637810200447,Financials
2000-03-01,105.77947178526955,109.5787890711838,102.1833785169183,105.97601412286896,909596,0.022664090411614473,0.033147672936035155,Financials
2000-03-02,105.64520780243704,106.24950895503773,104.9687686231003,105.57265476507233,1636847,-0.0038133999965289933,0.032497134119601395,Financials
2000-03-03,103.65214392910768,107.56110912411535,99.06894001202501,102.9514815885841,509305,-0.025141561938691003,0.030773889642356198,Financials
2000-03-06,104.1381211363394,105.15907334254905,102.6106273896395,103.62656438151902,1380101,0.006535885194708556,0.030861635528330152,Financials
2000-03-07,107.74465313181001,113.15823140590071,101.77243993997914,107.15646498345994,1124436,0.03349634601646519,0.029467950510318044,Financials
2000-03-08,104.97576240591943,108.06771590202818,102.20083951151902,105.28462846118008,1614594,-0.017622625964968674,0.03103206189235671,Financials
2000-03-09,108.65612846151274,112.68964443105465,103.91642028340243,107.92271042209401,557852,0.024747896731050524,0.030281589028946686,Financials
2000-03-10,109.20592663452639,111.16561727038112,107.25572338436754,109.2152475666903,902543,0.011905356606303942,0.03042118449676197,Financials
2000-03-13,108.47662862667396,109.26483615151733,108.32859977617987,109.11593489400742,1220963,-0.0009097434311774221,0.029353354158210172,Financials
2000-03-14,113.07838651595729,117.58186136402985,107.58925646669364,112.05184826600986,1414892,0.02655075525823882,0.02809661305631761,Financials
2000-03-15,115.39749482930809,119.35378403255471,110.71199685361083,114.64239831832167,1176762,0.02285600861092421,0.028935741271074848,Financials
2000-03-16,111.60757070866138,115.81978308354294,108.01679699816567,112.20963890700439,1275491,-0.02144880607229899,0.029123551771181064,Financials
2000-03-17,109.15796320503887,113.98462120083062,104.1327158339523,108.95018652978433,1615825,-0.029478124203823213,0.029112758483249138,Financials
2000-03-20,113.03340447933343,119.67770672719776,106.55707478055953,113.1922744593676,1709341,0.03819714315784699,0.0301394448553652,Financials
2000-03-21,116.49662603885317,121.40680734589341,111.5111201032958,116.41798687169478,899147,0.028099133133707734,0.032335153792194,Financials
2000-03-22,116.59429008067501,117.37503872533586,116.02069659548823,116.80043111540533,1827298,0.003279711695371998,0.0324789767240556,Financials
2000-03-23,113.72259555385283,121.21473666603416,104.41725271937557,111.78151371243578,1620766,-0.04392056580425987,0.030749319009599388,Financials
2000-03-24,110.05003153518115,112.1870194939842,108.83453444207656,110.96145576584551,448307,-0.007363299983644297,0.0338492084209991,Financials
2000-03-27,114.21437833269961,118.06255591878639,109.65854030506763,113.48204364277682,1285739,0.022461722959125595,0.03201168312632061,Financials
2000-03-28,115.32296594036046,117.93721793386007,112.59838880018518,115.21008182797105,895929,0.015112641685216373,0.03155119070665709,Financials
2000-03-29,116.11714021410049,117.31197261916273,114.8094721648937,116.00313143232377,837094,0.006859925547937705,0.030506407504197156,Financials
2000-03-30,113.23994639125961,117.06698669323029,110.0023464263644,113.8130026948941,1045087,-0.019060411501249198,0.029181698131332187,Financials
2000-03-31,107.94055787025952,116.31455854163464,100.0813717270722,108.42043256986034,1036234,-0.04854021076201202,0.02890937733075723,Financials
2000-04-03,104.56757188786433,112.00581967822404,96.04378071604619,103.39889665375998,979976,-0.047422272227546226,0.033496633968874576,Financials
2000-04-04,104.430291622945,107.55128622059044,101.94576179007959,105.05196596228043,764314,0.015860850297064175,0.03653697271640516,Financials
2000-04-05,101.82632255642216,106.44337718480892,97.54402556259475,102.14757015175746,1061365,-0.028036607734406922,0.03472312321847432,Financials
2000-04-06,101.10283956381654,102.56424887894451,99.84481761237444,101.30372728296663,1306394,-0.00829532884120459,0.0343869733303795,Financials
2000-04-07,108.03493551859206,117.95973324303507,97.8077315124419,107.70193789083217,1647312,0.06124437233691586,0.032500661838598656,Financials
2000-04-10,109.56191766393226,111.00436786946663,107.22094409087626,108.65140686022893,1016366,0.008777077755301335,0.038828667082440156,Financials
2000-04-11,106.73346972873364,109.28638272783431,104.81658571971529,107.35827745944204,1335551,-0.011973026604745217,0.03629997071634588,Financials
2000-04-12,104.5803848331667,108.52130818731733,101.02228315854914,104.95061045644806,1700366,-0.022681765675871695,0.034287801097733654,Financials
2000-04-13,100.49587126500742,106.75396906017727,94.91033800334944,101.13302307383577,1787883,-0.03705315247514962,0.033431901193627454,Financials
2000-04-14,100.46385694007787,101.31684644425361,99.91200253103358,100.76334691755638,717971,-0.003662042754164748,0.03464237333365568,Financials
2000-04-17,103.3069887655693,107.88240515098899,99.02365556922544,103.5874436817945,1087732,0.02764145483621871,0.03258967332945671,Financials
2000-04-18,101.63815648753936,105.07713984245426,97.85021203856336,101.27697460428314,1088846,-0.022557036148371547,0.03262325780782737,Financials
2000-04-19,98.76634249160327,102.9264058195744,94.32496396668837,98.47265719571097,1531094,-0.02808016862846298,0.03205845507766425,Financials
2000-04-20,102.25650750414975,108.48025697256398,96.21506596185256,102.42864531450716,1521420,0.03938749516456297,0.03225631742936151,Financials
2000-04-21,98.82080405696388,105.01804632508659,92.07411707680004,98.23459718713379,1379984,-0.0418079460579333,0.03413330085977264,Financials
2000-04-24,98.84700819473106,101.08459933369525,97.14211248771238,99.37067157338039,1047108,0.011498548704411273,0.03597570617937143,Financials
2000-04-25,98.61387306632722,99.75049089441188,97.47346361259797,98.61003722904275,1396016,-0.007683961649223994,0.033988728152576246,Financials
2000-04-26,97.00623348829352,99.69250567434408,94.12554678092727,96.80628195960456,2033292,-0.018461165428609393,0.03214099256615755,Financials
2000-04-27,91.1495325164188,99.3542110548559,83.01803334059184,91.21671820716021,1713945,-0.059473694498376216,0.031265906621392066,Financials
2000-04-28,89.95529370809379,92.09357932017402,87.64841738212263,89.78259792269498,1121354,-0.015847024478766847,0.03758475201566474,Financials
2000-05-01,83.30444099093792,92.62090220137465,74.10643346009545,83.41111619488774,2153880,-0.0736095812854528,0.035605618868204035,Financials
2000-05-02,86.23068688774194,91.75588043922156,81.21309689589461,86.71037817738147,1428057,0.03879199059285706,0.04389719403951918,Financials
2000-05-03,79.78814704929168,89.5381496551504,70.64594393123643,80.33346363489031,1547616,-0.07638731195171433,0.043212193831811005,Financials
2000-05-04,77.64747817243568,82.88899848713956,71.61417808604325,76.79838088322695,1850644,-0.045002709150568754,0.049689920212128355,Financials
2000-05-05,79.97582100762246,85.97615330884545,74.449363312537,80.41906662932439,1774954,0.04606773751914121,0.04877557904508924,Financials
2000-05-08,79.06096765081759,81.14154389723316,76.94098230052633,79.02049342316272,1581004,-0.01754406595514741,0.048182788991162316,Financials
2000-05-09,71.26630762497196,82.19364938871473,60.713252110460026,71.59231846096452,1719317,-0.09871944509922577,0.04475973705808918,Financials
2000-05-10,64.22624279028422,73.91400243128598,54.592306371741586,64.27304559242259,2171739,-0.10784743842033541,0.05625456937273881,Financials
2000-05-11,61.252041029680825,66.3554716709022,55.73450381071651,60.80029568967889,1405672,-0.05554569344879376,0.06615377356072769,Financials
2000-05-12,67.43732908071274,76.64103161282192,57.503404176221665,66.59169659400308,1895971,0.090985241730572,0.06374838048268623,Financials
2000-05-15,70.15251192331412,75.13641220242408,64.86114427530052,69.82153037071016,1364524,0.047362526230070645,0.0677704356135318,Financials
2000-05-16,59.616722974590665,68.55923142077926,50.32379051424072,59.2044594285185,3151049,-0.1649455530006562,0.06411510655245303,Financials
2000-05-17,60.71758122833195,64.20365187782119,57.72145726188561,61.18448826872877,1619304,0.03289683049328817,0.08642715330722034,Financials
2000-05-18,62.926632641408716,66.49406036151042,59.73771744389782,63.286888575720496,966338,0.033784478459575065,0.07898134261651567,Financials
2000-05-19,61.68936536699833,65.24859834150045,57.38521796996288,60.89884079587698,1114341,-0.0384640362060004,0.0725372361820036,Financials
2000-05-22,59.4584728628658,62.08034315344523,56.5270520305348,59.13464276652933,1427585,-0.029397215281400126,0.06731450674652154,Financials
2000-05-23,59.267293772185596,59.416381995312335,59.084891449162235,59.2338956585759,1087696,0.0016770151364293238,0.062085615844309244,Financials
2000-05-24,59.492101612967495,59.78934923446174,58.74194555319854,59.036918889903575,560137,-0.0033309477329501965,0.05642801443236228,Financials
2000-05-25,61.652833130146675,65.40524632354428,57.73965373235438,61.4816479818638,1557409,0.04057573137503036,0.051468057396243896,Financials
2000-05-26,65.50818213374767,71.5068833009203,59.36751380016273,65.35190432988692,979860,0.061047856636952794,0.049660117219024344,Financials
2000-05-29,63.2674101920169,65.89181983565925,61.64436190436564,64.24372537215656,1101002,-0.017102520689301723,0.051302318795164434,Financials
2000-05-30,65.87884522260634,69.28440048328046,62.852653187038456,66.2415474601261,1203353,0.030623811790085314,0.04742801664731243,Financials
2000-05-31,68.42615135909563,71.77833914573804,65.08294747718223,68.43471677009478,1196914,0.032572379765240224,0.0451686405347934,Financials
2000-06-01,70.68407116489107,73.90336027854477,67.33154799359149,70.54447943531169,887931,0.030363173867407667,0.04348918093899631,Financials
2000-06-02,74.53682832296987,81.37159195348592,67.98816372504534,74.79982129134766,1529635,0.05857207097274574,0.04184895979700298,Financials
2000-06-05,77.15740971871692,80.81091076526555,73.52938295022419,77.18173996182402,1431529,0.03134740423694865,0.04489623005975438,Financials
2000-06-06,79.7882377214921,83.11037054076105,76.05009661142414,79.35415560834112,1898318,0.027757916155220427,0.043126976960157014,Financials
2000-06-07,76.10863560912331,81.40305845426745,70.48802177095081,75.75805695466424,1588169,-0.046376015045433115,0.04127377132961765,Financials
2000-06-08,78.02544685825376,81.32813025733478,74.62782451306441,77.92631169044908,1387672,0.028218857070060725,0.042254343865924485,Financials
2000-06-09,77.63364348851366,77.98697520870152,77.45176884294767,77.80469982436999,1272278,-0.0015618198278765712,0.04059297038383505,Financials
2000-06-12,76.51856092883332,79.09747109729018,73.51202656144044,76.07602180423056,1339263,-0.022468711182858314,0.037664270706367596,Financials
2000-06-13,78.79119941331209,82.85949100963381,74.67468035028334,78.74034620032126,1366072,0.03442255502826608,0.03620226895661151,Financials
2000-06-14,74.39911584638726,80.8964453852099,67.79940884420525,74.28694217363538,996839,-0.05822049061476985,0.036417307235524304,Financials
2000-06-15,69.0358042390107,76.18530182772501,63.08093177553901,70.13556636827448,1461387,-0.057505160103639055,0.04085853695548743,Financials
2000-06-16,68.17005500149193,71.04512295546125,65.3665648277042,68.23880542391781,1474660,-0.02741663402135918,0.04394954549817461,Financials
2000-06-19,66.28073655517575,68.99234749722784,63.97991090331383,66.6777405125607,1326975,-0.023142225745048175,0.04192852027863694,Financials
2000-06-20,69.098556108993,73.19975811934933,65.16481250046903,69.2569946878094,931967,0.03795297451482732,0.03983384292370083,Financials
2000-06-21,66.44670416056437,70.5165989245272,62.518628753636136,66.58060765438749,1432454,-0.03941078750308198,0.03981773819335456,Financials
2000-06-22,62.820836174264144,68.20948975812387,57.66322645935276,63.03435045589296,1718049,-0.05473353565478658,0.04001678829703333,Financials
2000-06-23,64.45731409232351,67.13206673454798,61.9939812451617,64.66095157580467,934289,0.025477665664996325,0.042783626135225336,Financials
2000-06-26,64.62631379630224,64.99670189483558,64.4253052758959,64.7951681832418,1269340,0.002073546708748909,0.04076417114800188,Financials
2000-06-27,65.03852655957748,65.76048246783454,64.45991551698572,65.18060741213272,846907,0.005930956856899663,0.037815592801116786,Financials
2000-06-28,67.84681395496838,72.9939304757535,63.14460313065391,68.26288342120564,1445734,0.046204191965304266,0.03534532054608731,Financials
2000-06-29,68.89664825533093,70.67736207827566,67.45079798292296,69.22462887498101,1248758,0.013990523574283313,0.03767834193378913,Financials
2000-06-30,70.02239140161967,70.36136523557371,69.11220254134844,69.44839770924044,1583835,0.003227289891789295,0.03556804989293077,Financials
2000-07-03,67.24985806260662,70.1836403313179,65.01631578113837,67.92758885181188,1720502,-0.022141729819850103,0.03337111398433767,Financials
2000-07-04,67.37621472343052,68.7214275428628,65.69114290178938,67.02943196308702,1499088,-0.013310462007541622,0.03262580924294157,Financials
2000-07-05,66.69954976189682,68.06869385648504,64.76118782434408,66.1184026917942,1148844,-0.01368469102091163,0.0312750699892675,Financials
2000-07-06,64.01777436675049,66.71203244396534,62.22742702057663,64.89709369271299,691612,-0.01864427355145841,0.03017606033791584,Financials
2000-07-07,64.64248278838357,65.64210239252716,64.1988584360171,65.1946883983412,1509415,0.004575157937737225,0.029675192239533542,Financials
2000-07-10,65.81953982044143,66.18256473159877,65.07394554190897,65.43484870535649,1465048,0.0036769720374597824,0.028418892274082452,Financials
2000-07-11,70.53462175720273,78.51153711465656,62.5733032244678,70.54863670024434,1711513,0.07524738286340878,0.02735205237223273,Financials
2000-07-12,71.30086551106014,72.48351484834497,70.13773041163662,71.3200665217355,1260139,0.010875371484731725,0.03934251020648725,Financials
2000-07-13,70.62912323034641,72.2624641324416,68.6048660469467,70.22895276668459,1341148,-0.015417067137855503,0.036824007701738284,Financials
2000-07-14,71.53063764603088,73.88458763376548,69.33295410912119,71.68224612823751,1080731,0.020482445091429866,0.03493506731701137,Financials
2000-07-17,69.74193938063071,73.19558014104611,65.91994956629881,69.35439922763418,1108210,-0.033013523771461196,0.0337534698408002,Financials
2000-07-18,68.74396448199255,70.02703172266007,67.21831869027825,68.496772227232,1449544,-0.012442956511026865,0.034277124934952934,Financials
2000-07-19,71.42362053578465,75.89686773720267,66.94442774603434,71.41727769669716,1418218,0.0417532012319541,0.032606151414348084,Financials
2000-07-20,70.51598491365387,72.47440656556768,68.1600748371226,70.10714179817343,1347680,-0.018515155623337363,0.03481419767870176,Financials
2000-07-21,67.1072033395557,71.34688716080001,63.259422330767535,67.47785385785791,1727849,-0.03822521594608138,0.03348200018178183,Financials
2000-07-24,65.52814522436182,68.62159133697959,62.30046986657925,65.38726533552351,822639,-0.03147193318765151,0.034871342662090805,Financials
2000-07-25,63.647960911259275,66.1848486949332,61.194646658774865,63.728432654553025,516924,-0.025696704365281212,0.03494825915594028,Financials
2000-07-26,61.38282706605843,65.55636545618366,56.76324458339782,60.90424311527678,1774948,-0.045327969722799795,0.03429508341891167,Financials
2000-07-27,60.1964925835211,61.744814385439184,58.328902421775794,59.86879548404872,1305730,-0.017147419896265323,0.03673031341067956,Financials
2000-07-28,56.80768340127857,61.25915120457873,52.40922870062116,56.85688682505991,1215071,-0.05161807273601308,0.03497710451083998,Financials
2000-07-31,55.16333279141259,57.52141146683429,53.130694648346136,55.4772077741573,1362143,-0.024565087473985794,0.03844973454936755,Financials
2000-08-01,55.45851281641465,55.909073073585226,54.729267661006375,55.17754526024155,946940,-0.005416183909848393,0.037057012803572674,Financials
2000-08-02,56.11104504023024,58.09857289464874,54.35825976016367,56.338676897461454,1589442,0.020825196166041324,0.034683973468464,Financials
2000-08-03,55.24526649820315,56.7480292234943,54.00419247323885,55.50120557754917,417930,-0.014976535289886655,0.03357730977538265,Financials
2000-08-04,53.345744244552016,56.799660869009976,49.71485786273918,53.15652320645415,1258953,-0.04316391336516278,0.0321806320136039,Financials
2000-08-07,52.75635788790981,53.17403260434052,52.704156285723826,53.12146972962025,1263132,-0.0006596563810929768,0.03475547401468267,Financials
2000-08-08,52.59248384121667,53.67050819021967,51.32640646104143,52.40049549268877,623978,-0.013665125638582305,0.03265608138110563,Financials
2000-08-09,52.220425367134524,52.73245004944217,51.548642965994595,52.05908570234862,1120585,-0.006536710220287217,0.03132325126392934,Financials
2000-08-10,52.801802504464675,53.910206896629646,51.684535302893124,52.79274965963323,1048461,0.01399452720162032,0.029855085711988867,Financials
2000-08-11,53.22328499796941,54.643610786505725,52.116074763375764,53.530019517753416,1170077,0.013868744787623068,0.029024781360687202,Financials
2000-08-14,52.00002972168679,54.190711184741495,49.970588330652845,52.155213334717416,1440669,-0.026018464500832963,0.028333754758700612,Financials
2000-08-15,53.644079377921805,55.31776926576476,51.58996075228308,53.25139905344868,1243175,0.02079993303084245,0.029047984460683626,Financials
2000-08-16,52.31051165806782,54.052624675031396,50.34762170732304,52.082128820589425,1351579,-0.022202204512304622,0.028981440666323396,Financials
2000-08-17,52.050503269342606,52.217466930729216,51.9694171138215,52.13624720021312,1149818,0.0010385574320836335,0.029084012880918424,Financials
2000-08-18,53.019266263523924,54.917067375029646,51.35078943506185,53.24159405647987,1117151,0.02097950356598259,0.027872309456464198,Financials
2000-08-21,52.57732966690017,53.40483343227584,52.08766291128429,52.91204934265487,902960,-0.006208845253497777,0.028062669919855884,Financials
2000-08-22,50.95915948371947,53.941172143634,47.90977539959046,50.88760059832348,1951983,-0.039011798076813896,0.02712550862807755,Financials
2000-08-23,49.373702841280455,51.630694192737806,47.10382183557099,49.3601957449945,1697913,-0.03047494545443623,0.03028073039151207,Financials
2000-08-24,48.70651240758098,49.69353626146293,47.710985007767775,48.69783297538331,1038947,-0.013509813576501226,0.031190486554434894,Financials
2000-08-25,48.5313063741937,48.91392878135481,48.40227537837086,48.78422534563317,202236,0.0017724778150136496,0.030094092786337318,Financials
2000-08-28,49.029658733606304,49.0362668190168,48.78203328290982,48.78860888027001,1315579,8.985153858805502e-05,0.028722722505828923,Financials
2000-08-29,50.68606948470676,53.18468936015017,47.93319877565766,50.41863521451444,1260709,0.03286399203101633,0.027568043846314685,Financials
2000-08-30,47.60622956757146,51.575051981048894,43.97121705956427,47.9163592667756,1123536,-0.050903877371030706,0.029495829010930834,Financials
2000-08-31,52.69403154723412,60.09599910577763,45.228786034012224,52.62041223633453,1559184,0.09364713410864504,0.034419236669984345,Financials
2000-09-01,56.01494291989573,60.96343181777487,50.88195225601942,55.81256239262247,1689095,0.05889486673768145,0.048612909204962196,Financials
2000-09-04,58.67236368699566,63.20714021415628,54.19483888100602,58.72555608188997,1631599,0.0508760232202479,0.050108509779311014,Financials
2000-09-05,57.46018035280235,59.26814588369401,55.804589740428646,57.608287873965246,849190,-0.019208555701339215,0.04996944729180748,Financials
2000-09-06,57.46277901388398,58.4750707169973,55.93266926339642,56.9356752554725,1058035,-0.011744317747768952,0.04639937307700071,Financials
2000-09-07,53.263609503213225,59.03572858420618,47.22735999798936,52.96737664867281,1765499,-0.07224593720214355,0.042930301739622596,Financials
2000-09-08,54.472956457130564,56.934852813370846,52.08155591781771,54.540487609661454,985723,0.02926712867995765,0.04855234250060902,Financials
2000-09-11,55.31122266646395,56.251559660411864,54.224357038611394,55.16215983997758,627432,0.011333890286224033,0.04598204750783218,Financials
2000-09-12,56.12301402821498,57.18564523016412,54.80515964170527,55.86286519465864,845699,0.012622643554804023,0.04255287904199965,Financials
2000-09-13,53.495674300266394,56.782960918042896,50.65538492643481,53.92013529135775,1272600,-0.03539587590938405,0.03965473088242042,Financials
2000-09-14,54.156410385293796,56.08719786146337,52.866968899771564,54.78284131739284,1239490,0.015873054563606222,0.039318295357182356,Financials
2000-09-15,52.995002839396186,56.37580327687133,49.15245217851344,52.50178813038314,1700927,-0.04252980163332017,0.03707473208281599,Financials
2000-09-18,50.3404196421023,53.453784382380306,47.37423742900586,50.47941237329217,1532175,-0.039281651261347694,0.03835291659385897,Financials
2000-09-19,52.81989071028222,55.5185544090673,49.5599751796877,52.22841954756866,1727239,0.03406120513182284,0.03883573338920128,Financials
2000-09-20,56.393268665306046,62.34621369320316,50.12110054681786,56.03637100459158,1772675,0.0703741796233144,0.038478516142862317,Financials
2000-09-21,55.69822125249648,56.36804404300513,54.920399360590025,55.58890755242795,1211840,-0.008017285237556028,0.04502616725075975,Financials
2000-09-22,56.59563827858152,57.262296492211206,55.36719722643566,56.0271591415965,1301828,0.007852880939318881,0.04161161038967084,Financials
2000-09-25,59.439382895404705,65.5843122230397,53.66419180320285,59.77637831227514,1526763,0.06477401357911633,0.03865838920899935,Financials
2000-09-26,57.00799621017728,61.43467068277229,52.35321124609748,56.760681734155426,2061895,-0.05176670837864836,0.043873998794955016,Financials
2000-09-27,55.88005159483077,57.17484066545891,54.61925344557035,55.913292515263194,954233,-0.0150417201759473,0.0451875096753713,Financials
2000-09-28,61.36513471827541,71.1179285396785,52.160364510534095,61.84167699102479,2710890,0.10077537927234445,0.042041251484787476,Financials
2000-09-29,60.23402415425316,63.425712245624716,56.53209085306036,59.69522920975641,1122983,-0.03532541766535984,0.055111931750288404,Financials
2000-10-02,56.9991833179882,60.73360603252169,53.788871500974764,57.49534913136561,1220679,-0.037548044610904684,0.05212526054595387,Financials
2000-10-03,54.18622342809037,59.0117248721783,49.356181608273616,54.18123918548205,1460793,-0.05936935182416817,0.04985090347929748,Financials
2000-10-04,58.110508164969175,64.47723668781853,51.85601481885179,58.21183719473323,1486931,0.07175401424657521,0.05115464839645627,Financials
2000-10-05,58.14178859597703,58.254943661165846,58.02321407782208,58.13635857514954,1345064,-0.0012974611195758266,0.054458555123384524,Financials
2000-10-06,61.55319523031813,66.3646339401355,56.45880889062389,61.24625494912549,1376927,0.052111442704845856,0.049727657211102255,Financials
2000-10-09,62.30110687640131,64.20621454472595,60.521880926184735,62.42349341885039,1548481,0.019038997747358,0.049855915220573144,Financials
2000-10-10,67.89153944372299,76.97698973398843,59.03585879227477,68.09479650602943,1616014,0.08695909901791633,0.04629106113785217,Financials
2000-10-11,63.779754869849995,70.02807254226845,57.571521859967575,63.816283851865904,2347544,-0.06489241006074777,0.05430076066056405,Financials
2000-10-12,61.534377793180276,64.66988467614732,58.919398039978326,62.033686192822564,1216235,-0.0283308273844474,0.055592371951343506,Financials
2000-10-13,57.98390966054832,64.70405059667044,50.76625269555083,57.42117451268864,1942605,-0.07726443393766101,0.051892242410444385,Financials
2000-10-16,56.977084786280415,57.50147204730831,56.73670526170426,57.259899361771836,321335,-0.00281258714771406,0.056122301900969236,Financials
2000-10-17,57.68137201105873,58.987933386789734,56.646869547881636,57.9486375756861,587521,0.011956517065032785,0.051195281164384196,Financials
2000-10-18,55.990537276116136,58.85837926023652,53.16741650394474,56.03311182032502,1037548,-0.03361426066514581,0.04709786827287669,Financials
2000-10-19,54.15120667207087,56.70210036472351,52.110606349161934,54.642968784843774,1309522,-0.02512225117181493,0.045211227971479064,Financials
2000-10-20,52.513647871317595,56.106657764312914,48.63449920728525,52.206493441499475,1141642,-0.04561366474736663,0.04277748512175773,Financials
2000-10-23,51.396106274668924,52.57383530141515,50.27909046392839,51.455528049230914,1041474,-0.014488980997523113,0.04331306440817294,Financials
2000-10-24,52.362658419381766,53.925416038069585,50.87726883073883,52.43789226498406,1351337,0.0189115632333025,0.04040181709147767,Financials
2000-10-25,51.2419027179423,52.9351583391165,49.724935768571456,51.41312259107046,1495577,-0.01973602161393699,0.0382033053939532,Financials
2000-10-26,48.35529065013389,52.69054180701604,44.31523702765435,48.627726355508244,1351115,-0.055699573830305715,0.036414565997561904,Financials
2000-10-27,50.542117006129224,52.87532992767364,47.832553356879025,50.14755166853778,1182700,0.030775823672779277,0.04032595779599394,Financials
2000-10-30,48.565420784054496,50.63605396260454,47.0868341882113,49.139974919870355,1328709,-0.020296836335709077,0.0392812804799198,Financials
2000-10-31,47.85516327217981,49.402428171092005,47.07138250839856,48.606344422728576,888242,-0.010918790647847695,0.0373658859348937,Financials
2000-11-01,46.967194455977406,49.36192405585138,44.62401820502208,47.01629804471151,1451806,-0.03325975755484098,0.03514044028951997,Financials
2000-11-02,47.9457496735914,49.05432045567647,46.642665831420025,47.746632760321596,1736727,0.015414237822706955,0.035409210043208746,Financials
2000-11-03,44.06699963719616,49.36447093488942,38.780182725716024,44.07651271776867,1540508,-0.07998149718998383,0.033744474123262105,Financials
2000-11-06,47.9496252886583,53.24100717402376,42.20611945729505,47.44141932270542,2106510,0.07356862336964637,0.04439039998690159,Financials
2000-11-07,50.87971489325053,57.665710397861815,44.71415407818003,51.43309183326439,2371505,0.08078610277863271,0.04988243619224528,Financials
2000-11-08,50.26447986434542,52.65582746158903,47.45684075011071,49.827393850070216,1279908,-0.03171686518587838,0.05540365613118604,Financials
2000-11-09,52.566344069640145,56.74753729559937,48.36175493714387,52.54092641047399,1863451,0.05302750647727449,0.05202447520874232,Financials
2000-11-10,52.192668426818464,52.80844450201774,51.5142624595406,52.12929079699578,999201,-0.007865422402033079,0.05183651495881686,Financials
2000-11-13,50.86687966943542,53.27672411573279,48.11571484912296,50.508584897297524,897761,-0.03158367437984581,0.04752787768136586,Financials
2000-11-14,49.90485508901646,50.7538562165809,49.16322595442004,50.01065480703894,1298497,-0.009907240932417648,0.04535139026111239,Financials
2000-11-15,53.06729704644419,57.7335158883534,48.36698481194794,53.02991680082049,1696088,0.05862014337286186,0.04195380664881938,Financials
2000-11-16,50.94886924102211,53.94944632927002,48.08912321584634,51.08221560910908,1264431,-0.03741981674015525,0.044983838155713766,Financials
2000-11-17,54.76554242691316,59.917172808432866,49.27209078498977,54.38822836383481,1723570,0.06271133457556531,0.04391893622238112,Financials
2000-11-20,54.26600281398931,55.01201603439356,53.89393471525295,54.63740148685097,1374415,0.004570917080585635,0.04725468325744802,Financials
2000-11-21,51.50289478528002,56.77472987350434,45.809546922138615,51.033315929864145,1803786,-0.06823998418215838,0.043468817148077876,Financials
2000-11-22,46.23589031747001,53.171273865090505,39.2003750455276,46.118088288856,1887872,-0.10127342923749375,0.04806386134695804,Financials
2000-11-23,52.61233810000909,61.0377225999764,44.72048738500772,53.07628052171861,2306613,0.14052489020756817,0.05904704848247653,Financials
2000-11-24,58.33484507005443,66.08646605883364,50.28657653150225,57.992737796927415,2387671,0.08858765836519913,0.07649398579477285,Financials
2000-11-27,54.97207962752989,59.35793869899408,50.650392644715915,55.03157446769289,1506802,-0.05241069056747955,0.077189571008078,Financials
2000-11-28,54.65441797228886,55.22379438905605,54.081357310070125,54.65069494120614,945366,-0.006945170983931294,0.07265408433662147,Financials
2000-11-29,55.22727304406389,56.04389323840548,54.37598879695953,55.192088737196066,1053837,0.009857692275699036,0.0658037087604774,Financials
2000-11-30,53.4729370871952,56.096123274739,50.79586471208558,53.4162710727783,1561870,-0.032704221742004234,0.05982205766987074,Financials
2000-12-01,56.804660885908646,61.94493152104807,51.603662743625414,56.73789138697511,1737217,0.06032686467358241,0.05588718802237594,Financials
2000-12-04,58.41853921916234,60.62605764065048,55.98667948647401,58.18538757913076,1076568,0.025191984724876892,0.05607674935515101,Financials
2000-12-05,56.366366173487584,58.942989919130206,54.038463216459014,56.60522232168842,1390972,-0.02753300256945917,0.052066081749533526,Financials
2000-12-06,57.01411553211198,57.126029551732756,56.568088181240235,56.679345073985154,923285,0.001308611836165827,0.04880995215704235,Financials
2000-12-07,57.77795555853888,59.08571744298649,56.23869346886867,57.54109416850471,972381,0.015089513775112542,0.04479046788546502,Financials
2000-12-08,56.73478747396529,57.93126678258237,55.547829758799864,56.74411394676283,1409441,-0.0139474417491515,0.04170255177581458,Financials
2000-12-11,54.470737906291895,57.722328414111935,51.432558735524985,54.67287478519149,1568590,-0.037184236130520874,0.03899310104869184,Financials
2000-12-12,54.59016477711096,54.772826462476026,54.368520941790806,54.55105175283147,1205523,-0.002230703230284147,0.03903549226033078,Financials
2000-12-13,57.299501621120065,61.17000972485971,53.20918843334112,57.06377339679663,1484717,0.0450324813100179,0.036328530528226925,Financials
2000-12-14,60.65377122261547,66.76346887984178,54.78031880497484,60.86915920861871,1510981,0.06455715557607013,0.038209924891483615,Financials
2000-12-15,57.51300616761156,63.18816728079309,51.36987471645663,56.99380285378045,2013540,-0.0657840894474346,0.043510259003839466,Financials
2000-12-18,58.90171464141049,61.172730361491595,56.2230926870598,58.477762499651476,702637,0.025704013699282956,0.04757778971882959,Financials
2000-12-19,58.6213851208487,59.564232716003694,57.97175449484888,58.911388331629304,1153913,0.007387868490433377,0.04483326117584212,Financials
2000-12-20,61.800712447469444,65.48098333124751,57.64695234634456,61.29724120428969,1455990,0.03970041485531739,0.04142709422894404,Financials
2000-12-21,57.16051888303168,62.987738264141804,51.78021973761831,57.568991195628136,940570,-0.06275076166264515,0.041344670151734104,Financials
2000-12-22,52.961915424857935,59.8260990730661,45.959966450854445,52.803636150541315,1352843,-0.08640402061423463,0.04536688344322176,Financials
2000-12-25,50.50130131693138,53.76824971798976,47.501455886499826,50.75342764360563,1630775,-0.03960089941188389,0.05353850490466145,Financials
2000-12-26,44.516848579744874,51.68800399289874,37.83932129278314,44.946090428607604,1941746,-0.12151537428595205,0.05126725944572899,Financials
2000-12-27,44.001592931426835,45.156341780535165,43.3721547076075,44.51949502103166,1361625,-0.009536597531825161,0.06646475337379056,Financials
2000-12-28,41.13941608166514,45.996618758175515,36.32715091581617,41.17964753563123,2322444,-0.0779830411511955,0.0603961319680627,Financials
2000-12-29,38.975969121196584,42.47927657206267,35.29843569377225,38.78453645269389,1400943,-0.05992252029231114,0.06269256264854128,Financials
2001-01-01,36.099886614290654,40.06194889210546,32.091687946642516,36.04806237054789,1729633,-0.07316850825871893,0.06150522087498252,Financials
2001-01-02,36.60347511065797,37.807391828153655,35.54798948742701,36.74774605597054,1572596,0.019223778070981083,0.06268459416814663,Financials
2001-01-03,39.97861106703282,46.091901523187595,34.324647515105674,40.381026486501845,2155536,0.09428314126016127,0.05743622309412888,Financials
2001-01-04,40.29527183854269,40.65239639670364,40.13314399955797,40.48948713338268,1294039,0.0026823302352417923,0.06381639591466572,Financials
2001-01-05,41.3523065301964,42.781227126793915,39.97275827793752,41.40008494579759,1256166,0.02224056919697248,0.057957787607477954,Financials
2001-01-08,39.5287273380265,42.75799859478604,36.002743678847125,39.20561881466994,1396049,-0.054462859026461266,0.0534928084251857,Financials
2001-01-09,40.60281611826506,43.20698256869179,38.1940507936417,40.78727425056673,1075175,0.03955005350051376,0.05323640572551198,Financials
2001-01-10,39.320974891789696,41.50507681188737,37.12134286574184,39.30453142584146,2303259,-0.03703031144926708,0.051009047486118425,Financials
2001-01-11,36.09694799092353,41.321577464776176,30.52356155452048,35.68916967872151,2017141,-0.09649254326924196,0.048859235925844416,Financials
2001-01-12,36.54435691716067,37.01331311644803,35.533883911682466,35.9958007528968,1259031,0.00855501348403175,0.05836438626586286,Financials
2001-01-15,36.39639920087228,37.25211289571448,35.64260215947205,36.496247911756605,1220437,0.013807172466705054,0.05325504206842266,Financials
2001-01-16,34.415885321201294,37.49113355687521,31.313097403271684,34.385643353122994,1528431,-0.05957032548531628,0.048964020528306035,Financials
2001-01-17,37.156000733009975,41.86587826582972,32.613765455523136,37.305381530808354,1812673,0.08149846032723401,0.05050023561134224,Financials
2001-01-18,38.71891461752238,40.29743390519661,36.770418882515614,38.33321364833398,1738808,0.027179124264670857,0.05600463277977388,Financials
2001-01-19,36.5139297874974,39.173475478781526,33.86335568152556,36.52229419413118,1948504,-0.04839384350753389,0.05215381897432845,Financials
2001-01-22,38.78731217985456,41.885246534236046,35.443125587667105,38.5196845829411,950755,0.05324652453387415,0.05125730465309671,Financials
2001-01-23,39.31381897696718,40.474271224450305,38.12559198670285,39.28519945257306,808182,0.01967844518256202,0.05125551561032983,Financials
2001-01-24,38.5599890221656,39.5731011924966,37.686049690658166,38.696077496260536,566200,-0.015109605468768255,0.04753723261933825,Financials
2001-01-25,38.292546091529424,38.823990526003044,37.90767103763041,38.437656975219326,509504,-0.006700608746483163,0.04406898926339627,Financials
2001-01-26,38.44847710904718,39.13385910510713,38.03304019631615,38.715536606741,977804,0.007203352711088722,0.04074794933973839,Financials
2001-01-29,41.313840615298616,44.70601941104914,37.53614333287436,40.893836624216156,1255295,0.05473837573122963,0.03789590405119215,Financials
2001-01-30,42.11168351167058,43.934410881118836,40.26920278535499,42.091036485975664,1148139,0.028855450039070883,0.04121071586055888,Financials
2001-01-31,43.49220299130865,45.41825719837973,41.43237567352246,43.35223122447018,1010360,0.02952336395339607,0.03979389439267503,Financials
2001-02-01,46.62978013514762,51.10610722110514,41.78065760478116,46.2173970834463,2106608,0.0639981155531041,0.038698676690773315,Financials
2001-02-02,47.662271771366434,50.01669617355071,45.37104222443689,47.72256805263231,1135213,0.03204812334474888,0.043731383253287,Financials
2001-02-05,49.44693539046464,51.610543944628446,46.98520873052086,49.13517588237705,995985,0.029170780582976796,0.04223753587136367,Financials
2001-02-06,49.01771565702457,49.35769833406189,48.569276920982674,48.90850210215846,839870,-0.00462394289466239,0.04067981950747585,Financials
2001-02-07,47.701701622330575,49.93606271446621,45.18438676925867,47.404842916285645,1407072,-0.031226853775934114,0.03777678254315228,Financials
2001-02-08,45.936448179649275,48.15467738777622,43.686438165539805,45.90305483972217,1889256,-0.03219272561738401,0.037255009045249574,Financials
2001-02-09,43.50598778513895,47.03439315136693,39.960210124247695,43.48708221872674,1862859,-0.05406773559007642,0.03695678958690443,Financials
2001-02-12,44.77173476258651,47.79414686561735,42.191853717403525,45.19015518622325,1009760,0.038415323996467195,0.04038739211724798,Financials
2001-02-13,47.183544208639525,51.777912240622555,43.23715259600795,47.78150748665925,1268854,0.055759434478274035,0.04032708421506455,Financials
2001-02-14,45.87341431905648,48.60092205205517,43.32920067240607,46.04707680353925,1628515,-0.036974410042892175,0.043213263670216655,Financials
2001-02-15,46.524294229151465,46.86527036479262,45.93348151481279,46.272613081577944,1148525,0.0048859940280048175,0.04241432511933111,Financials
2001-02-16,46.55359130868608,46.91679402966623,45.67342641451411,46.032564175798356,1357952,-0.00520121306462819,0.03927799537793283,Financials
2001-02-19,45.45065284781138,46.11307229021602,45.210493164053815,45.87069312808892,1256009,-0.003522643698309081,0.036582326734759224,Financials
2001-02-20,49.8771688475797,56.41157864700218,43.45857197897755,49.97977729480077,2457572,0.08579205030952235,0.03424141726413685,Financials
2001-02-21,50.01572160145408,50.219107648734116,49.87223983493112,50.07545452438551,760591,0.0019124888725493075,0.0462819739148205,Financials
2001-02-22,50.30507728126002,50.70743301197218,49.92568100042274,50.32786486923557,469532,0.005027938879357281,0.04259302207656607,Financials
2001-02-23,50.310042199893815,50.783303999399855,49.54276309261165,50.01323283454403,1400453,-0.006271270158823786,0.039435066236765196,Financials
2001-02-26,53.7090864527124,61.13688422223045,47.005416206801634,54.35286154084869,1648558,0.08320963532322648,0.03674233095067853,Financials
2001-02-27,57.43824695915727,61.72164737991504,52.86344880668281,57.12336739562415,2019784,0.04971600687144436,0.047101758125838604,Financials
2001-02-28,56.13130816992873,57.47037647152046,55.0824161335381,56.416161551113674,1311716,-0.012457599517845697,0.04738789608879284,Financials
2001-03-01,53.402110553375074,58.23732441406599,48.30259231357482,53.11149260917639,2026292,-0.06036233163304349,0.04381516774405682,Financials
2001-03-02,52.43091541104924,53.73484285837846,50.939049189964706,52.23818350287946,1288479,-0.01657962593388082,0.04671570187397914,Financials
2001-03-05,50.17915382564807,53.528738676274834,46.62921028440901,49.96446405214401,1663553,-0.04450167842294552,0.04344097191222718,Financials
2001-03-06,45.66593277275119,52.09504118658422,39.08419106138772,45.48828990746348,2093373,-0.09385710562877576,0.04366639829333325,Financials
2001-03-07,51.592310235340754,59.33115677064186,43.66466919554862,51.37019905358661,2065755,0.12160329120935336,0.05428422343076567,Financials
2001-03-08,59.18519096757606,68.06296961271246,49.954990409660944,58.77057695254229,1952607,0.13458311833202027,0.06837781508447788,Financials
2001-03-09,54.5687292436256,60.71639601253797,48.376257035486546,54.51823518676595,1607182,-0.07510610141406218,0.08097723653951909,Financials
2001-03-12,44.19336186252745,51.16633288526865,37.564357583148336,44.492463378494485,3110435,-0.20321542374135246,0.0786891939246088,Financials
2001-03-13,49.12824675912293,56.610133872969854,41.75900974525449,49.226203367799876,1994668,0.10110625795185556,0.10605690764566149,Financials
2001-03-14,51.32327456539193,54.509029382137896,48.121313316799345,51.305995587253214,1347160,0.04138154789385653,0.10311074355779988,Financials
2001-03-15,45.750803451652054,52.61342396939986,38.559446692762215,45.36405493266143,2240161,-0.12308756851039687,0.09413992365382302,Financials
2001-03-16,53.656466683389176,62.32483262332525,45.607996680880795,54.195506628978485,2694124,0.1778779516014549,0.09727508729735661,Financials
2001-03-19,61.86877854848496,71.1490953307577,52.395137461794356,61.6413381903463,2652887,0.1287347185037337,0.11142728093629543,Financials
2001-03-20,59.493051403419955,62.91035067812208,55.91782213432839,59.3254970342376,1175876,-0.038293539543293884,0.11188710967631714,Financials
2001-03-21,67.64571869942415,77.79257650433777,57.425583189412585,67.55950963460305,2373980,0.1299696532474918,0.10166090460442131,Financials
2001-03-22,62.0228777603644,69.97462469838013,54.08084074104654,62.03148546184388,1465941,-0.0853667475196623,0.10441153305445901,Financials
2001-03-23,63.72411114836911,67.20948076656748,60.61467945176881,64.08255855188881,1989407,0.03253014325415599,0.09957176720907777,Financials
2001-03-26,71.20419159254797,82.96688347767191,60.52356285366577,72.1451160675408,1937594,0.11850736213018327,0.09050061321964291,Financials
2001-03-27,67.45829679563823,74.24994977097599,60.680720365823504,67.47108818266571,1592887,-0.06698040865501516,0.09358893111027225,Financials
2001-03-28,55.753760822791236,64.13413551456365,47.39069669937255,55.76881349092492,2638350,-0.19048436776866973,0.08820468634165393,Financials
2001-03-29,57.71523169793779,60.444018246190794,54.83345600160946,57.55465022909758,1230440,0.031520120055823456,0.10847440946480472,Financials
2001-03-30,56.94465635870144,57.85099246834587,56.04626966502471,56.95248230866268,1512561,-0.010517658736553769,0.09829743487111209,Financials
2001-04-02,63.452386579267184,73.03286030553778,53.934528592377106,63.50683504829373,1745790,0.10893026220911442,0.08858048167393993,Financials
2001-04-03,66.79418208547109,72.22989522797964,61.5172266646574,66.94131577223212,1129639,0.052668812922071616,0.09031650840578222,Financials
2001-04-04,77.29726521759237,89.1810643272983,65.7026754349535,77.54875158895506,2384141,0.1470904397653477,0.0839151829568548,Financials
2001-04-05,88.47342992730684,101.74444441640286,75.19520124181649,88.46494263743116,2343666,0.13169955379444023,0.0947562449926148,Financials
2001-04-06,94.63482100813579,102.8585565415824,85.59526282804555,93.74135659074786,1520370,0.0579331190911192,0.09942189216932329,Financials
2001-04-09,101.57518395088059,113.76672574662516,89.36190214108332,101.55047869303637,1938280,0.08001653764591499,0.09225620335330686,Financials
2001-04-10,84.26396284358948,97.79960665527281,71.62436841705106,85.04313622197637,2997283,-0.17739738915293352,0.08870942785442473,Financials
2001-04-11,78.24578988615049,87.94564645933784,68.77600809575048,78.45102577264124,1855385,-0.08068405813849548,0.10543227742939593,Financials
2001-04-12,80.67361192970097,83.4623716219957,77.50481951116606,80.27997168006895,1427475,0.02304561657430904,0.09984618012129311,Financials
2001-04-13,64.54102140121203,74.22217461139384,54.57047328570183,64.20055680670804,2862014,-0.22350828750362467,0.0903054417759222,Financials
2001-04-16,62.200841057173925,65.12076797628967,59.3557325392445,62.27238690300664,871752,-0.03049378400220502,0.11881688196083931,Financials
2001-04-17,59.18930510123825,63.55096539318011,55.19301394600337,59.531565783868274,1798381,-0.045011410404853396,0.10739386286251552,Financials
2001-04-18,76.13258588336605,87.55247376587094,64.48878828635858,75.86916268983363,4269703,0.24250362391955638,0.0981359133264747,Financials
2001-04-19,68.13493711377953,78.49760643897865,57.9146965467126,68.25878820780753,2058584,-0.1057041224473507,0.12894078923930444,Financials
2001-04-20,63.394690176220955,70.00545985660045,57.91799629141152,64.43858358241134,1567496,-0.057593613067441776,0.12278674981071232,Financials
2001-04-23,76.41167983647456,87.87343181194574,64.64676442661496,76.05501697248819,2732238,0.1657444082667029,0.11251143223329396,Financials
2001-04-24,89.92679046373094,105.4129320516819,76.43777189417129,91.66341917537558,2834309,0.1866663952687869,0.11978204889423792,Financials
2001-04-25,102.34095185524396,117.69209463353054,86.34280798920285,101.57977410494453,1924559,0.10272106036315401,0.12963349435326402,Financials
2001-04-26,102.52618974123456,105.89658129171947,99.94684952941168,103.29782829991882,664380,0.01677191111417721,0.12299031150017385,Financials
2001-04-27,96.861946791923,107.56799005682872,85.35356165179452,95.95990302190566,1400093,-0.07368592530910151,0.11065029565568778,Financials
2001-04-30,94.45401038378712,96.88362068837786,91.90198976877512,94.32836822016897,1169648,-0.01714845347994362,0.10348542255434659,Financials
2001-05-01,99.6508621067317,109.2829169716154,90.62059921153748,100.202651468384,1873654,0.060412676179508205,0.09333539823408052,Financials
2001-05-02,92.53947924537061,103.57344182857916,81.53372268690606,92.56468726987438,1553950,-0.0792869281176922,0.08727342646697812,Financials
2001-05-03,99.2073679298971,109.93838229222494,88.65375752910184,99.36771435129067,2106715,0.07091953363956303,0.08447652525631393,Financials
2001-05-04,95.58833550678513,101.09283276254469,90.21590225802552,95.71337198149789,2051805,-0.03746923876068022,0.08101520655563672,Financials
2001-05-07,93.98539045373676,97.55929170786094,89.76896032295149,93.31746287190624,1396890,-0.025350757437727467,0.07457454346221448,Financials
2001-05-08,84.72389673803022,96.79786261535403,73.29209639478502,85.28971621674515,2312716,-0.0899533723336074,0.06815782538695132,Financials
2001-05-09,86.77369827186166,88.53944124662068,84.69538003388537,86.45463035071397,1385494,0.013565884670313772,0.07092342848671945,Financials
2001-05-10,90.32947786321347,95.71004038717616,84.59850914844753,89.95687736409127,1579839,0.03971064338569158,0.06443377336988643,Financials
2001-05-11,97.02365994468602,108.43294238545666,85.78646468059392,97.17788491989705,2008092,0.07721274907239814,0.06048065145367851,Financials
2001-05-14,86.43039656729613,99.42306419232837,73.4658370822017,86.45483842811163,2067690,-0.11692098567956996,0.06261468400548424,Financials
2001-05-15,76.37579826702517,87.83216800707895,64.62063636337766,76.02427807456195,2603991,-0.1285694408765969,0.07271214792816703,Financials
2001-05-16,79.42088420274504,85.69042999557854,73.59517281081636,79.83438717390251,1733869,0.04890159098083775,0.082517636503721,Financials
2001-05-17,78.77534760792466,80.58301763374865,76.818207414087,78.62236696965957,1160362,-0.015298102606253658,0.07685071962835974,Financials
2001-05-18,71.88469859110978,82.11840739553934,61.32413795901792,71.50359124479212,1835086,-0.09490855035914586,0.06971320733849594,Financials
2001-05-21,69.1938378146417,72.48818325511061,66.16125183149859,69.44460672280971,1708562,-0.029218266432596493,0.0730690766441405,Financials
2001-05-22,69.04499597558763,69.55403992327062,68.7165056065834,69.22469461508415,1116547,-0.0031717516416914907,0.0670770305939429,Financials
2001-05-23,63.58768831911721,71.33944778630072,56.845105241115725,64.5001146814723,1760191,-0.07069065575675154,0.060835609867182956,Financials
2001-05-24,61.2727967574874,65.89486920461076,56.89162858518801,61.497625199837906,975503,-0.04766844237734283,0.061728052488537195,Financials
2001-05-25,58.92648716355272,62.60598014423031,55.47728877617665,59.14404711942586,1753846,-0.039022614485770935,0.0590688075977871,Financials
2001-05-28,53.5762942609999,61.39679470648095,46.155113864581466,53.927031542716094,2161596,-0.09234407989306795,0.055854399030114694,Financials
2001-05-29,55.47086704924436,57.85507536904359,53.101266447521944,55.48487632026584,1271328,0.028478619832626742,0.06224857810831361,Financials
2001-05-30,54.161788195088874,56.28602803273178,51.93295379348101,54.05292394612552,956000,-0.026146845201287988,0.0576330039937287,Financials
2001-05-31,52.52426211623265,54.9551902471823,49.98493783446205,52.410605719559534,873801,-0.030854669607354248,0.053477089922413845,Financials
2001-06-01,54.517937778711804,57.0623876783823,51.543569394564386,54.06697190855163,1328172,0.031114528579546413,0.0503054759717349,Financials
2001-06-04,56.773208424271765,61.33880757787237,52.37759193756375,56.930976068002884,1169335,0.051616089216579564,0.04764168147225022,Financials
2001-06-05,51.65605084987764,59.192451727777666,44.118254988137586,51.65441757862048,1869924,-0.09726386685143304,0.04811877960531382,Financials
2001-06-06,53.829261717574276,57.517077940148575,50.29018629906456,53.96882664257954,1628310,0.043830874454841615,0.058063521507034054,Financials
2001-06-07,55.54649179755142,58.51648373807216,52.81106933356778,55.770051913404096,1434758,0.03283042577442274,0.055545205528107086,Financials
2001-06-08,55.08132704129377,56.93354973552253,52.6998990734917,54.53370691686693,968263,-0.022418035218362085,0.05224836278972968,Financials
2001-06-11,55.240990156948364,56.63325161292234,53.98037533297533,55.369699603432494,1107908,0.01521351953071354,0.04857260932689869,Financials
2001-06-12,51.898159827165586,56.939372241650126,46.85654528646074,51.897714437271354,1566428,-0.06475775417693803,0.04496839309932623,Financials
2001-06-13,51.131996387550146,52.165940272753346,50.32219608854403,51.35264545575399,1478107,-0.010558298211401786,0.04844337014757061,Financials
2001-06-14,52.85838127259628,55.5206703137128,50.34871998844983,53.00409088771293,1385070,0.03165264396077339,0.04465567979744303,Financials
2001-06-15,52.34066535370595,53.21148715367835,51.716382073563075,52.584297991819156,1611499,-0.007951539221293326,0.04296029877681872,Financials
2001-06-18,51.27294268143791,53.145777225834685,49.554732248126506,51.422553186566574,1411845,-0.022340703737729763,0.03982403624939329,Financials
2001-06-19,51.956257002370094,52.38249036924517,51.28039180869046,51.70456033246027,1470983,0.005469131040439531,0.03799512004296005,Financials
2001-06-20,52.85808395921357,55.523126035168055,50.56938743883461,53.21881045677673,1093648,0.028865928652086165,0.03548788563459058,Financials
2001-06-21,55.90342431652142,59.697065385478936,51.903145788332345,55.68174345655258,1353000,0.04524041374732463,0.03510695510854115,Financials
2001-06-22,58.24620190563866,64.2314034572864,53.12670301113413,59.0419619323012,2198860,0.05859608268591006,0.03732295396935868,Financials
2001-06-25,59.86745049991389,62.77279147302324,57.642270525031236,60.523236936757414,1537512,0.024778962594884078,0.04158638539617497,Financials
2001-06-26,62.51291783135525,65.53560333690271,59.48365713672195,62.50600855837078,1890777,0.032235316159794185,0.03969435108862665,Financials
2001-06-27,64.08551014491292,67.14605812321798,61.296722392361,64.34593744287409,1080025,0.02901111079291602,0.03894073121894359,Financials
2001-06-28,65.53228681146895,67.31207249138424,63.74209707990388,65.52159230874963,1559887,0.018105942037758064,0.03793878122328963,Financials
2001-06-29,66.01181006163756,66.19052491191468,65.22637271359933,65.40344051507827,1291649,-0.0018048775424703983,0.03606459021156493,Financials
2001-07-02,64.29938924622077,65.93466586363161,62.67867795222274,64.31359646665797,1022103,-0.01680380185045367,0.03377887462814564,Financials
2001-07-03,63.81985774018156,64.36983069809965,63.65186115240918,64.20083125240262,1236270,-0.0017549040243483526,0.032483304333296846,Financials
2001-07-04,63.32991151349838,64.32221135941492,62.967958830393805,63.95667649435123,1438976,-0.0038102341053319437,0.030734248023139697,Financials
2001-07-05,63.858720915027504,64.17482904497113,63.72817228487163,64.04390184292842,974613,0.0013628901245880272,0.029289125692463207,Financials
2001-07-06,63.613672271539365,64.21506399955952,63.09808094214102,63.69878284559273,1479533,-0.005403359697031901,0.028045693564019446,Financials
2001-07-09,63.04063003093957,63.927500113422724,62.35156796842042,63.236299298969556,1524805,-0.007286962521165197,0.02708557155372269,Financials
2001-07-10,60.2881910796948,64.12902049605067,57.57488567123932,61.36715565394151,958442,-0.03000372444269408,0.02636033995477288,Financials
2001-07-11,60.48154897019841,62.20427202469558,58.49778146072581,60.21285107263241,1432720,-0.018988965327216497,0.02812343400244579,Financials
2001-07-12,61.620725386149076,62.99840896678965,59.75062166152798,61.11704420476395,1277169,0.01490498066472764,0.02805047508869812,Financials
2001-07-13,60.67349487647894,61.252170423012565,60.267444358628026,60.84497231177605,608932,-0.00446159143766219,0.02761860042532432,Financials
2001-07-16,60.438837754758296,60.995088912606214,59.98700324192367,60.54247958415247,769009,-0.00498393118972086,0.026706095582965193,Financials
2001-07-17,60.80046351882924,61.352255498685636,60.31460334875198,60.865872640374114,1359278,0.0053273735314731275,0.02596725569914463,Financials
2001-07-18,61.26883782493958,62.57806125985816,60.243914308820855,61.54846013772985,1581890,0.011152200177706281,0.0253711614071446,Financials
2001-07-19,62.75065840535549,65.96719427438016,60.10776937525113,63.301121229993164,1649953,0.028078207700832667,0.025171658670783924,Financials
2001-07-20,63.192007118289226,64.37108910654783,62.55457290160624,63.728245711658495,1194968,0.0067248401156153464,0.026928568145083875,Financials
2001-07-23,62.56272151804235,64.42674190366382,60.613499553247884,62.47490344992473,1164311,-0.019862950762501663,0.026208810485457545,Financials
2001-07-24,62.391892096258,63.130810232188466,62.00018503004227,62.73693691505227,977282,0.00418544838712275,0.02662145600073629,Financials
2001-07-25,63.438084090432106,64.76964775950894,62.21742767244205,63.54689758517944,922019,0.012827798269674428,0.025876422326308962,Financials
2001-07-26,64.41941707842545,65.19245655024459,62.284053390658435,63.04054627440854,740333,-0.008000066924728851,0.025697358759116082,Financials
2001-07-27,65.52590597538067,69.94061103299704,61.366247763850275,65.7657286108281,1732857,0.042320749832829546,0.02525635679142574,Financials
2001-07-30,67.65196764250307,69.63302965122179,65.0984347313164,67.0622272910298,1223846,0.01952209302753128,0.02964732241978319,Financials
2001-07-31,68.22534230480264,69.95136346980713,66.4774301752553,68.2028831499764,1361093,0.016865884989318142,0.029331515452775382,Financials
2001-08-01,67.80333620609682,68.36072292580317,67.32816284522455,67.88497741421654,823328,-0.0046720745365479485,0.028826011699089712,Financials
2001-08-02,68.95215368871303,70.85517009057064,67.16687140640049,69.06691641645173,1120316,0.017261073433347852,0.027713271233329794,Financials
2001-08-03,68.62742058265263,69.2285954709327,68.53110256837023,69.13156988729227,1325284,0.000935661124612215,0.02755198759386331,Financials
2001-08-06,68.63313704091465,69.33909421797814,68.00747490489714,68.71270672189823,1120518,-0.006077357216379122,0.02659738587829516,Financials
2001-08-07,65.31704711409353,70.23474112372085,60.52004238646101,65.42947917744105,910982,-0.04896123283357945,0.025912871107954618,Financials
2001-08-08,66.77054955145447,68.79182654279299,64.74228798001198,66.76334693382668,1432056,0.020181322503377962,0.031571535587195824,Financials
2001-08-09,66.47361465069305,66.92593168376717,66.37656274639494,66.82836184628523,874196,0.0009733376148125482,0.03095968918068559,Financials
2001-08-10,66.3140939886493,67.30715023821381,66.02968303159285,67.01971298971102,1155353,0.002859230870842548,0.029443912634848475,Financials
2001-08-13,69.36808709255887,72.06545558733426,66.10530326624597,68.77979614885115,1199102,0.0259232413427253,0.028191868919509196,Financials
2001-08-14,72.06219574475888,76.85313583072224,67.11689311271724,71.89683977061782,1846587,0.044322269454871596,0.028924511141881173,Financials
2001-08-15,75.24466152061865,80.44961894852055,70.06803375214015,75.27116763178836,1567324,0.04586485086440314,0.032618574635964445,Financials
2001-08-16,80.35920526328228,88.74768406778709,72.18433988397503,80.55309451922467,1682055,0.06781936475125487,0.03559093719962538,Financials
2001-08-17,87.0815732273198,95.76436687302825,77.50574598237556,86.08963468973894,1825266,0.06647249105190668,0.04246518319621034,Financials
2001-08-20,80.25157494391628,89.12715168478454,71.12600379797856,79.97049383487287,1701706,-0.07373127773148322,0.04696192326882531,Financials
2001-08-21,82.7290703094055,86.84343384362435,78.55513993937332,82.66638599561416,1199112,0.03315532270040177,0.051766620394547644,Financials
2001-08-22,85.64504411723237,90.03639956449831,81.15496869042084,85.54098881658287,1040092,0.034182600153372364,0.04907868889002357,Financials
2001-08-23,88.70676019026361,95.77053493539118,82.57293875809508,89.57656870587574,1191333,0.04609811337198611,0.046928047961936135,Financials
2001-08-24,82.23769480543999,93.40251063173531,70.71638626491789,81.8252007647589,1911183,-0.09050850183085611,0.046696346290504315,Financials
2001-08-27,75.72121607712599,84.7919790043064,66.49506206453407,75.54467711304073,1621751,-0.07986104288958562,0.05543651631421359,Financials
2001-08-28,74.54554602212744,75.99353798559564,73.18384230022171,74.6302863348677,1242225,-0.012177823219659874,0.05928940713615452,Financials
2001-08-29,76.23867516104151,77.64086895149913,74.16144824824111,75.55099409968332,1271695,0.012261438939363389,0.054170397318099354,Financials
2001-08-30,69.4566435343517,78.20878649198015,60.735626423056736,69.4842971734557,1821013,-0.08370705970919107,0.04970007031393575,Financials
2001-08-31,73.33803752417431,81.46434689974649,66.13970469811537,74.1830716213629,1338854,0.06543519178740106,0.055920554075776445,Financials
2001-09-03,78.75469923531432,84.86976640179454,72.05814587545345,78.12426142932728,1885941,0.0517646754276741,0.0569556963187315,Financials
2001-09-04,82.08879542950747,88.87634661319441,75.59120840211338,82.35749144855299,1690867,0.052768769017316065,0.05565157965270275,Financials
2001-09-05,79.49825308427329,85.01006691921249,73.18529566958249,78.63742621240154,1526703,-0.04622167675471917,0.05472988307874706,Financials
2001-09-06,72.5306463459023,81.94244931346792,62.7619608697982,72.12054822577852,1279465,-0.08650874668601242,0.05307310610613741,Financials
2001-09-07,69.47063779185969,73.62222731015237,65.16211748517091,69.30373269683449,2277608,-0.03984023226936278,0.058957341878517186,Financials
2001-09-10,73.10362453797504,80.10859931143528,66.58396722287272,73.54920357505854,1762407,0.059455851027063265,0.05584676485881525,Financials
2001-09-11,73.99317065914255,74.68888784373841,73.30861964217719,74.00423446945369,969171,0.006167695485653391,0.055904728327391885,Financials
2001-09-12,73.39476400232198,74.38759932010775,72.34775575834678,73.33984821202152,1084294,-0.009018221134088542,0.05104877069654231,Financials
2001-09-13,68.06226029347593,75.43664238008648,61.38322587656718,68.6954702783055,1651012,-0.0654208307522122,0.04687196217960182,Financials
2001-09-14,71.52882392509501,74.71840742393772,67.61261756798004,70.76828754562801,1756831,0.029727722092218682,0.049995674165864167,Financials
2001-09-17,65.53597245515024,72.8948818720112,58.720003800202754,66.02776507704263,1762074,-0.06933564778348279,0.04724631802964369,Financials
2001-09-18,71.85281355984786,81.82112216157985,62.253508942511196,72.17832964324697,1341791,0.08906452085174729,0.051057677795997194,Financials
2001-09-19,67.74790377180416,74.59103182136053,60.662080087029985,67.47793938320586,1753566,-0.0673391368939978,0.05809804214187077,Financials
2001-09-20,68.63846759756925,70.32370205120236,66.90744022657421,68.59152205772074,1409249,0.01636822142275203,0.0589956769960237,Financials
2001-09-21,71.33221029698092,76.34088202753797,66.66311360757307,71.6509237403063,1511472,0.04363710465878616,0.05407938354176167,Financials
2001-09-24,73.0248087556097,77.48338471585107,69.54782299215711,73.9617859448052,1243567,0.03174250708038072,0.05220434191574346,Financials
2001-09-25,72.9476045821478,74.89103656021784,70.72398565256229,72.65974872525054,1730657,-0.017760985108898744,0.049308951167580946,Financials
2001-09-26,70.34260546734093,74.3852365528229,65.90970404951547,69.9285384594786,1198142,-0.03831372711340084,0.04574293411012552,Financials
2001-09-27,71.1577030950334,74.27502681455569,68.55530209296266,71.65445833004593,1818230,0.024381534618443553,0.04465561632763173,Financials
2001-09-28,71.74691156339,72.6236315918296,70.20461633079127,71.07310267029507,683577,-0.00814641363960774,0.04224296557100453,Financials
2001-10-01,69.74446563985374,72.47720768349964,66.52760689397313,69.24060662992673,1691978,-0.026121470892110938,0.039211339182239076,Financials
2001-10-02,69.45449988619202,70.50797027073756,67.50432402466684,68.54398390561995,1266926,-0.010111851512109735,0.03784670372181424,Financials
2001-10-03,67.18918326581364,69.76724503451705,64.24923371257557,66.81285572167951,1460992,-0.025580127071982955,0.03551388203556285,Financials
2001-10-04,69.61552178530108,75.84025029561137,64.20183320676591,70.36804160745363,1277542,0.05184369270626501,0.034743921611434685,Financials
2001-10-05,68.48976896834067,71.65959480628632,65.07222014579031,68.23002455996213,1245422,-0.03085449487023279,0.03832593563328181,Financials
2001-10-08,70.37775813357437,73.62051703770402,67.11654515385935,70.35841268808345,945964,0.030717648966832208,0.0376550375353385,Financials
2001-10-09,69.00352257222191,70.80016391564472,67.66966822013164,69.45753342674821,1454232,-0.012886823767527762,0.03709255417381809,Financials
2001-10-10,68.56267237328152,69.63075735050408,68.04448938529718,69.10844948806081,824217,-0.005038533554265411,0.0350085217358917,Financials
2001-10-11,67.36562625004882,70.19112643796144,64.38414530006854,67.20281681101036,889401,-0.027961838949584226,0.03292848764159296,Financials
2001-10-12,65.54972235224,67.7598081386012,63.86252522846666,66.05949000550073,1182639,-0.017159463719332226,0.03293490404276905,Financials
2001-10-15,70.11490350272199,76.1179717035961,63.95167339920856,69.93974494899324,1582266,0.057078385155219485,0.03181090069009971,Financials
2001-10-16,70.77535842935046,73.25799961056325,68.79056022190933,71.25962092326057,1047232,0.01869575561784827,0.03739302113979888,Financials
2001-10-17,71.26134013561804,71.57878477662254,70.73181452939754,71.04831019564674,882275,-0.0029697695870847906,0.03565136905768841,Financials
2001-10-18,71.74350504378937,72.27185871034854,70.87218137811438,71.39799050951427,1103222,0.004909653877255134,0.03343858582924909,Financials
2001-10-19,72.67682147751535,74.0220324532108,70.94652684606528,72.28447570112952,950609,0.012339660690963868,0.03159314677247605,Financials
2001-10-22,74.0484968714567,75.99458148051262,71.62881635291706,73.56211834234294,1383728,0.017520811281595623,0.030353609707660618,Financials
2001-10-23,74.31708419897431,74.73976746447262,73.42159527651799,73.84157404700036,887739,0.003791710166010849,0.029717337061432415,Financials
2001-10-24,77.66553395522922,83.88737463481223,71.58590673028067,77.79742317407064,1244564,0.052186402516318176,0.0284368186954111,Financials
2001-10-25,78.32613269937691,79.58572013146473,77.25372633007957,78.51078557756472,418802,0.009127701763031782,0.033991693355168745,Financials
2001-10-26,81.22198026608262,86.74946925531034,76.27199404356111,81.76630947466836,1531106,0.04062928291336411,0.03220008407819281,Financials
2001-10-29,79.8244969276969,82.39112461001423,77.93550992503755,80.48647245180432,1212025,-0.015776167929755124,0.03430870335967648,Financials
2001-10-30,83.00633188782547,87.09986456511974,79.01779699732096,83.10651574304035,1145633,0.03203398102122779,0.03284817836897498,Financials
2001-10-31,78.8495395926126,86.10899769711037,70.96309990054249,78.15898011166924,1987673,-0.06137814832320547,0.03342347451624762,Financials
2001-11-01,73.88834908578919,80.46515344416439,67.09983216683811,73.65595074097294,1358763,-0.05934002171067691,0.039481571431851784,Financials
2001-11-02,71.15729339785887,74.68656084180924,67.98501812387141,71.49904967376219,556502,-0.029720778878331224,0.04330382561248224,Financials
2001-11-05,74.25147398222875,78.34262284979786,70.08731912163795,74.17421090537532,1463302,0.0367323695019468,0.04162542197637422,Financials
2001-11-06,74.18427291769385,74.98111392209064,72.85390490392466,73.64495287010037,769754,-0.007160915856841013,0.041091734560043905,Financials
2001-11-07,75.85283901776026,79.29960936523815,72.44129705529869,75.8865511717499,1758652,0.029983865307601644,0.03819052666184115,Financials
2001-11-08,76.00820880431917,76.40736043968646,75.22422049040647,75.62134051480885,664749,-0.0035009519949342535,0.03743885532684859,Financials
2001-11-09,76.75439417969244,79.42094121820581,74.47684813605454,77.13218492622596,1167711,0.019782112090380544,0.03497388754883255,Financials
2001-11-12,74.62304393535999,78.700620872525,70.309047033387,74.3729587325572,1345176,-0.036428219507252946,0.033722960161233835,Financials
2001-11-13,71.71625729934982,75.83591037502138,67.46688257090909,71.57862980261187,2131105,-0.038295854903821654,0.034768415409667755,Financials
2001-11-14,70.63637540112668,72.14824999696197,69.05418406369698,70.56452070853024,1543589,-0.014269084328008264,0.03587561906785111,Financials
2001-11-15,67.81210928846458,71.85836876842855,63.76770333966094,67.81385849460405,1555523,-0.03976090201037913,0.03406154796739604,Financials
2001-11-16,68.47487874096025,70.39319304294182,66.93088883347038,68.84094888772732,1360513,0.01503217857292137,0.03557092407079162,Financials
2001-11-19,69.11661175918127,70.59466134850528,68.0686840000988,69.54030959506908,898113,0.010107823405596569,0.03385450443142312,Financials
2001-11-20,71.85848334524859,75.42587061462052,68.30459926493056,71.8713501828624,1490598,0.03297113915085174,0.03212829267697876,Financials
2001-11-21,69.68354918354898,72.7469838217279,67.00096063023376,70.05027743126149,1870347,-0.02566448451364207,0.032997668929877606,Financials
2001-11-22,67.45004302519469,71.20141811599943,63.87766872259979,67.62004020806408,1581250,-0.03530884135251036,0.03270897107289213,Financials
2001-11-23,67.33188764815468,67.9706492641073,66.55627533012036,67.19372624164501,835796,-0.006324508225983515,0.03380693083624048,Financials
2001-11-26,67.08092505864032,67.23941567315796,66.94371294652015,67.10216012531673,459672,-0.0013636475843689362,0.03194255419809377,Financials
2001-11-27,72.47405849882847,81.46204882646968,63.74964201220761,72.70931249807283,1680123,0.08025323513297188,0.030274417338219405,Financials
2001-11-28,68.09442367714804,75.02831360631681,61.01936085451103,67.93724573525553,1854111,-0.06788504897301635,0.04241838679783985,Financials
2001-11-29,60.630200196118864,70.32296138087648,51.53567016670103,61.150401200762154,2408802,-0.10524799920718803,0.04723042040819929,Financials
2001-11-30,63.933283041180815,69.30466507579692,59.02392351733474,64.36235744698324,1295469,0.05119252748404248,0.05954948606088584,Financials
2001-12-03,63.720969104317476,64.63070755709182,62.910256383759695,63.81875077441601,846123,-0.008481904067618829,0.05770627576462699,Financials
2001-12-04,67.11617175374225,71.52115950815667,62.29721263509984,66.67312202304421,1145632,0.04375485708150813,0.052676397129932724,Financials
2001-12-05,64.92012843339654,67.14761925759605,63.492564433625766,65.70284370614765,1431184,-0.014659695785366526,0.051058940249536985,Financials
2001-12-06,66.27514200603127,66.37432244237013,65.53910111430632,65.63732706360256,1448649,-0.0009976635114045944,0.047094036836977084,Financials
2001-12-07,65.92171276867012,67.66481193741191,64.7118601206894,66.44534906045521,1172669,0.012235246902906272,0.04329466415569408,Financials
2001-12-10,67.23480567001032,69.56338268701833,65.36959009533736,67.68565960564163,1731073,0.018494543672587977,0.04027403065872269,Financials
2001-12-11,72.28055688903609,79.49825732522118,65.10368668873974,72.31769919650888,1524742,0.06619456655371525,0.03806448815166674,Financials
2001-12-12,72.73182298825458,73.08200631591232,71.73887144086184,72.08594504739204,896272,-0.0032098130114178,0.04377650400367574,Financials
2001-12-13,70.68461202184581,72.70008181401685,68.81258900390378,70.8243577470521,1181798,-0.017656110850675307,0.0404308208816283,Financials
2001-12-14,60.74464330168962,69.85633979694306,51.600853735191265,60.70688674728384,2598161,-0.1541458304041147,0.03813766850877947,Financials
2001-12-17,61.54569960311797,62.911398879250015,60.22004525904529,61.58490018023968,740014,0.014359566442727475,0.06948183908097534,Financials
2001-12-18,63.470162873396234,67.35797567605064,60.00299975726914,63.869024102491494,1160806,0.03641777447505044,0.06319106219967431,Financials
2001-12-19,66.83416869747894,71.35229710387446,62.29660570451175,66.81332503617713,1515549,0.04506804921742522,0.059105214813887884,Financials
2001-12-20,66.80432485097279,66.87105150258904,66.70215820080062,66.76884941823133,507692,-0.0006658915348679397,0.05656333170523378,Financials
2001-12-21,65.47676518286981,67.12601148603315,64.40267033331767,66.04263400341308,1247707,-0.01093614247794422,0.051571260471385376,Financials
2001-12-24,66.79659789729105,66.94669130991402,65.99301925792354,66.14164096803879,680041,0.0014980145431334458,0.04738792891792872,Financials
2001-12-25,61.36334474252214,68.20949396011055,54.67651447937827,61.50700850128227,1973598,-0.07264739007955008,0.04355260328430722,Financials
2001-12-26,65.8375684268139,71.41694942620069,59.56662201628679,65.08197010862014,2196029,0.05649642630801714,0.04908268426927918,Financials
2001-12-27,64.65985464643882,66.12812093585784,62.64850797377375,64.1041557068327,710140,-0.015138360553056398,0.05006061170120455,Financials
2001-12-28,59.360433752164404,65.97339092738781,53.400184545764354,59.953584747958885,2138838,-0.06693851813015912,0.0462517823348914,Financials
2001-12-31,61.8191834717166,64.63747099330283,58.986132893752576,61.80371523049541,1019066,0.03039280434015698,0.049834693505053124,Financials
2002-01-01,64.09869791916014,68.19687076457988,60.24615552235039,64.33040218021539,1485359,0.040068857578235535,0.04717367618431838,Financials
2002-01-02,59.22796639252762,66.55622026816984,51.94001652974637,59.26385441532882,1622474,-0.08203275475733948,0.046055527159485216,Financials
2002-01-03,58.678227648499494,59.86723392880636,57.283895946198555,58.46865563539759,1272414,-0.013508772935103726,0.05297447681206616,Financials
2002-01-04,57.89437609472882,58.509023106663044,57.77413042077871,58.38775269756385,458976,-0.0013846557824932421,0.04870738339042179,Financials
2002-01-07,58.20830334728561,59.00238080163306,57.06982889173504,57.859143103353944,1092195,-0.009094664147939982,0.044701397608336906,Financials
2002-01-08,57.189706757306574,58.02479306704361,56.69276865604137,57.524942008557964,1095100,-0.005792861797945957,0.04136398065836358,Financials
2002-01-09,57.61494599048092,58.21287971859913,56.53543246238119,57.12831589421477,954723,-0.006918733994439625,0.038390320445340076,Financials
2002-01-10,54.14253070514431,58.1824843868985,50.890935827207244,54.88622599292342,1045204,-0.04003746944209137,0.035864100366935034,Financials
2002-01-11,52.26234964832256,55.99485712204564,48.796832957775536,52.51273722961587,1698192,-0.044206670306849445,0.03700590223197688,Financials
2002-01-14,51.52160895879128,53.14835555407171,49.79542466260055,51.41892924189505,1779944,-0.02104937621521815,0.038583466600927374,Financials
2002-01-15,49.55887766472439,52.38240013066481,46.68224292890305,49.50255661026083,1383954,-0.03798206092077798,0.036843025823259566,Financials
2002-01-16,50.420972970256614,51.312122681707265,49.20399737698731,50.089284769102626,1058808,0.011782791418646904,0.037447595172709694,Financials
2002-01-17,52.96147985948528,56.60634006511985,48.831912072684666,52.44094883003016,1190646,0.04588064401152086,0.03525170965240723,Financials
2002-01-18,52.630523983006356,53.71752324285439,51.86773282266767,52.950100359017135,1487164,0.009662215036847908,0.03754865444953897,Financials
2002-01-21,51.88723666221876,53.33654931496328,50.716232178388346,52.15940252210327,925645,-0.015045504561536686,0.03524095516142334,Financials
2002-01-22,54.75801046113407,58.324139978531925,50.92625354725333,54.473878925288375,1395841,0.04341683816201962,0.03357819259099934,Financials
2002-01-23,53.827969423298285,54.54238921355867,53.62384500933536,54.336336987119175,975219,-0.00252810841835416,0.03584339952544464,Financials
2002-01-24,54.06451258083807,55.02075104118808,52.749621289362324,53.69940204351277,1052451,-0.011791326259472318,0.03359699586955296,Financials
2002-01-25,54.873373695837316,57.15461761397984,52.79730110292139,55.07106557055275,938078,0.025222586148047933,0.03199784073044001,Financials
2002-01-28,52.093576347850096,56.30358372729296,48.223461113925104,52.40996357914447,1732833,-0.0495277345787978,0.03185147213125069,Financials
2002-01-29,50.53212655757957,53.87327716556142,46.83405196846641,50.149932135382706,1446830,-0.04407955671757612,0.035770972805033524,Financials
2002-01-30,50.48080752610587,50.51834943170165,50.13748785853106,50.17480219202712,1206095,0.0004957911390563267,0.037617829474830944,Financials
2002-01-31,50.508674338866804,50.94875402779104,50.02737997503734,50.46709740611435,857360,0.005808635113138538,0.0351015348217995,Financials
2002-02-01,49.31116074916037,50.97825217884991,47.74751905103834,49.41143094378311,1302675,-0.021139794377397096,0.03302658374337922,Financials
2002-02-04,50.300223536267644,51.46387682912697,49.01854091643376,50.17939903628228,824596,0.015422771657204883,0.032243415187516146,Financials
2002-02-05,47.50414765951176,51.203886165423356,44.31670527421182,47.9842310527811,1750091,-0.04473212750664893,0.03110288638056249,Financials
2002-02-06,47.9748455497838,48.15342228004226,47.87346500311809,48.0518789462377,1113034,0.0014088014319991041,0.034264502296872903,Financials
2002-02-07,48.31875594132529,49.40326918064122,47.51066328791702,48.59062965620188,1016865,0.011149468257413505,0.03224193856366498,Financials
2002-02-08,44.61816322059255,50.21891512352325,39.33629752314664,44.90329565585598,1710754,-0.07891951492687443,0.030826622880847303,Financials
2002-02-11,46.11650711084886,49.70514647218932,43.254128564824995,46.80032446611732,1137729,0.041378943973989564,0.04236116167002926,Financials
2002-02-12,43.09053850610648,48.40372097559175,37.85130685519001,43.156472620519686,1962411,-0.0810577268630793,0.04233682752743609,Financials
2002-02-13,43.67361994002103,45.319287104537864,42.380971819207005,44.016490723191374,1467263,0.019731943792603332,0.05019441039300822,Financials
2002-02-14,41.12408291787458,45.20506482957729,37.346075223973855,41.40156525077067,1509640,-0.061245664759592096,0.046626017507788005,Financials
2002-02-15,42.97938814365094,45.34110515001209,40.586462782033884,42.94636517664393,1341897,0.03663332756107083,0.049008602557978474,Financials
2002-02-18,45.57131660382161,48.90384841464652,41.79448028019819,45.09195760425577,1498062,0.04875189130912587,0.0471463105977363,Financials
2002-02-19,46.274115499028156,48.15182682690691,44.4297500649429,46.30618325575896,935415,0.026571592839687224,0.047272949118022045,Financials
2002-02-20,47.50110722549176,49.72326239319675,45.44600607303219,47.661233493226,1489803,0.02884285261960786,0.04465078730053703,Financials
2002-02-21,46.7456415886398,48.447098336888814,44.82543672882998,46.51863069128542,962167,-0.024265460057528356,0.04265841965347172,Financials
2002-02-22,47.167733335097196,48.01418731052549,46.23365728342306,47.078510092912104,1269771,0.011963743228374346,0.04054768176648188,Financials
2002-02-25,49.19129506848547,52.66249855775684,45.816641750339066,49.28164686660748,2225916,0.045735101619749606,0.03790463388708405,Financials
2002-02-26,49.551064335618946,50.96407049892844,48.54700981504089,49.951893957180765,799815,0.013508684210123184,0.03953686816272159,Financials
2002-02-27,51.39711713976395,53.863536913934,49.040663395193555,51.502262468934546,1031382,0.03056531670395053,0.037120127123387754,Financials
2002-02-28,49.796368864028345,52.81477537968809,46.464374459471074,49.46254632446282,1339057,-0.04040999487200456,0.03663958048213835,Financials
2002-03-01,46.64006548715781,50.58109817322632,43.13470646666557,47.04528387932452,1592394,-0.05010511861963306,0.037668451509970384,Financials
2002-03-04,43.29681446787948,48.90784582567807,37.55919078173011,43.15137382418501,1748087,-0.08639636929042029,0.040146086087068523,Financials
2002-03-05,42.729385457598006,43.609223545740804,41.68665600565605,42.5630694922175,643017,-0.013727291397874106,0.050090083614157156,Financials
2002-03-06,41.988608464974426,43.07235067864815,40.75712701092928,41.83695498979233,1687103,-0.017206924342789205,0.04621124279379344,Financials
2002-03-07,39.9261123732419,42.75343364248105,37.081739179006334,39.907760910746035,1493217,-0.047209225594993375,0.043044104186732844,Financials
2002-03-08,43.277080745353025,47.93861887753952,38.2602567782817,42.878906002140994,1719776,0.0718091894046718,0.04377833449758563,Financials
2002-03-11,43.63909993437365,46.05432489580304,41.74452582976485,44.13808744748887,824440,0.028943067225766842,0.04905831233898493,Financials
2002-03-12,40.747732013964814,45.48675260806963,36.425928549017854,41.12494139919389,2224188,-0.07070828651217236,0.046379193381351616,Financials
2002-03-13,39.251736924449034,42.521856277256916,35.662021622231705,38.90309511857797,1648136,-0.055540970651432923,0.050702790161755065,Financials
2002-03-14,40.569688942805186,43.0934422976664,38.02784932214198,40.55040293586688,1722197,0.041471903788715805,0.05117947105319742,Financials
2002-03-15,44.7529800005869,51.32137531110565,38.15536007130254,44.718728252407416,2228994,0.09784667315908505,0.049532397745386134,Financials
2002-03-18,41.65906567631066,46.695170613934394,36.268746321824786,41.25614244569463,1715230,-0.08059238096783186,0.05915118306822636,Financials
2002-03-19,43.4658109155409,47.33553680854991,39.792705689446905,43.64711072957432,1891096,0.05633707886306731,0.062236321767969914,Financials
2002-03-20,44.56388382530789,46.062482005632305,43.10978032983775,44.60697254087617,1000692,0.02175309347168931,0.06061986280080604,Financials
2002-03-21,41.85407817809754,45.785915386156965,38.10245010749965,42.019462906196964,1347423,-0.05975726833012478,0.05577449035292969,Financials
2002-03-22,43.60687767520605,45.87446509245347,41.23958261955829,43.50170076568787,1914624,0.0346671219180444,0.05589521166473044,Financials
2002-03-25,45.72616812383605,49.30348035463344,42.21437093384034,45.78701043832333,1629594,0.05120040061794262,0.05272277639643134,Financials
2002-03-26,46.61731564759202,48.82619065687573,44.79901958635045,46.993232074861254,1092939,0.026003156924023066,0.052124611022761135,Financials
2002-03-27,47.638416140197855,48.39303512773025,46.73982594525403,47.492127641667345,1063509,0.010560370511501768,0.04873401979030281,Financials
2002-03-28,46.62151829342469,47.98813809206175,45.207845058910735,46.57304392502552,1277410,-0.019542046229037883,0.044908038943359915,Financials
2002-03-29,45.887923400220615,47.04939459436339,44.634674472720185,45.79376235255341,933575,-0.01687402854723203,0.042079321584518714,Financials
2002-04-01,45.04365547496236,46.27161993674635,43.74307472824814,44.96900406938975,694479,-0.0181744346876488,0.03948728111585545,Financials
2002-04-02,46.635243532247486,49.48111217763625,43.91388957922878,46.75289291040313,1333365,0.03890268027494324,0.03737569808539257,Financials
2002-04-03,48.05214151617341,50.44403934936801,45.8314246363355,48.215760845927335,1449529,0.030809821855569904,0.03800746013327519,Financials
2002-04-04,49.79671564970649,51.490480188328235,47.64397472473729,49.32157813583351,1413359,0.02267571955998704,0.03739037829498112,Financials
2002-04-05,46.649253838350994,50.8977159268441,42.18888545702532,46.416115020976825,1548034,-0.060714970250326405,0.03599389600846112,Financials
2002-04-08,50.739386441815235,58.149386141785165,43.602770919579115,50.97905996746288,2070616,0.09376825411451571,0.0411022454589653,Financials
2002-04-09,53.81591589888829,57.97001192120461,49.52822410563319,53.67114515163905,1159143,0.05146056332877703,0.05263448002372481,Financials
2002-04-10,54.31220276414223,54.86810269072176,53.48552339187324,54.03862315798726,1335474,0.006823511700720449,0.052091642579319475,Financials
2002-04-11,57.199248339952234,61.77811469178385,52.437881216776596,57.00086690393954,2075093,0.05336744199408631,0.04772646465095373,Financials
2002-04-12,56.97316042933678,58.76554474226622,55.925206846500636,57.704145556668806,957705,0.012262541109287291,0.04847127935398254,Financials
2002-04-15,59.577605251121945,62.12361525768343,56.83454036607683,59.37175342964015,1092268,0.028489564110876414,0.04474513856206052,Financials
2002-04-16,58.606074856686604,59.499842593194465,58.223440538039,59.1138927724819,935390,-0.004352612700796879,0.04270187618166861,Financials
2002-04-17,63.202248949324705,69.61810188811741,56.818562645857,63.231464676415065,1492293,0.06733606698696347,0.03951710982784693,Financials
2002-04-18,62.58704341185233,63.85248214993081,61.1235200354437,62.384871079208,923927,-0.013479240740518738,0.04504890079577767,Financials
2002-04-19,64.19086706273899,66.41595583007843,61.6302740599239,63.84331542422432,1206466,0.023109089804158437,0.04184227837925874,Financials
2002-04-22,63.55649325348828,64.90237367948147,61.61534262259039,62.9483448196039,941475,-0.014117418557852021,0.039758338907836754,Financials
2002-04-23,64.60390724743766,67.95568123320085,61.59624067544472,64.9327072174212,1169103,0.031036993479598273,0.037342678481584075,Financials
2002-04-24,64.07267265839992,65.82319527370959,62.01873291211507,63.760733059100424,1402758,-0.018213928472985405,0.03687919133577991,Financials
2002-04-25,59.789801809691276,65.45939640215916,54.3813219610991,60.02925595462936,2112857,-0.06030548895063149,0.03518269292461431,Financials
2002-04-26,59.51514590461295,60.175957577739446,59.0744721778105,59.73366584271338,479765,-0.00493626420753168,0.040444657308207906,Financials
2002-04-29,59.84902583150887,60.11520994746421,59.291929655444235,59.556814132656086,1035850,-0.0029650620847722436,0.03758019757095063,Financials
2002-04-30,55.891404161346436,62.62098131560931,48.34524610951715,54.96304458329936,1422528,-0.08026967360772251,0.035087543923055235,Financials
2002-05-01,55.97998398509113,57.33333966957492,54.50570877386469,55.856068719201225,1325829,0.01611713792611085,0.045292291463398165,Financials
2002-05-02,52.33013435415223,57.699625455539504,46.81063048317011,52.16296908885798,2372694,-0.06840534193992844,0.04219096648624822,Financials
2002-05-03,52.0323554070794,52.69320801705454,51.0662337838736,51.72315935622762,378351,-0.008467200902270721,0.0471800354315547,Financials
2002-05-06,49.74621788519821,53.28090720797666,45.82504978856199,49.3301776049819,1091349,-0.04736962222850948,0.04349159250161021,Financials
2002-05-07,46.88815501104972,50.427662192541504,43.427790928551694,46.96185874574705,1374750,-0.049200259378693115,0.04415650644210487,Financials
2002-05-08,48.489068853945504,50.604792600797836,46.23841161466726,48.34797919587073,1005453,0.029088669492707487,0.04497707724360178,Financials
2002-05-09,45.736029321397915,49.446072265435625,42.28193975734016,45.974009866208824,1125408,-0.05034819179113029,0.04295663610933627,Financials
2002-05-10,42.91355595548411,47.74821623154065,37.84283699965932,42.64752625104378,1803701,-0.07510696279860411,0.044231879127608995,Financials
2002-05-13,43.33322088510566,44.73697251507255,42.07893175903749,43.47847886640718,934350,0.01929680586008614,0.050113128859133965,Financials
2002-05-14,42.36979911156279,43.888236539764904,41.123551654052235,42.63421175978664,862764,-0.019609053046315588,0.0465286530505882,Financials
2002-05-15,42.61882697247797,43.15316399549298,42.30877368134563,42.84149081796271,1122282,0.004850020724918334,0.043469640991933574,Financials
2002-05-16,42.02140681110634,43.14888893432929,41.08954881355379,42.212786930952454,1319381,-0.014783861659549195,0.04018975187194982,Financials
2002-05-17,40.17391907018753,43.091655523322366,37.419459806720106,40.32671973162233,1486234,-0.04570891309948516,0.03774860671943295,Financials
2002-05-20,43.25536735078254,47.593152411796474,38.79124283800276,43.114946001986034,1516335,0.06685544209787657,0.03941270807642096,Financials
2002-05-21,41.64094472265352,43.71218704864094,39.80429857379093,41.865630733262286,1659014,-0.02940449055763809,0.04486799267907047,Financials
2002-05-22,42.487209975133304,43.69003072279742,41.39150769261883,42.59163541357399,1167402,0.01719266077416024,0.04289758761728253,Financials
2002-05-23,39.84529411643578,43.65065336044266,36.51347001395318,40.28228824125988,2157424,-0.05574600759203591,0.0402057279051163,Financials
2002-05-24,39.344655330303944,40.713336549704565,38.023199433042095,39.390346053275096,1483799,-0.022391112357668184,0.04312010029524394,Financials
2002-05-27,37.805155224404785,40.1229923174932,35.51498453319325,37.83124137269193,1458784,-0.040385509641343575,0.0407759577014394,Financials
2002-05-28,36.29186909652803,38.501774800943394,34.2057647030297,36.40894096252813,1049842,-0.03832087729163745,0.04092421519741483,Financials
2002-05-29,34.71645245837101,37.13604106572442,32.44302614192078,34.853631502785746,772729,-0.04365703973116343,0.04074440522427055,Financials
2002-05-30,36.23992499058373,38.147418478369985,34.19831757548975,36.09835975756408,1207465,0.03509009264012692,0.04140019098237241,Financials
2002-05-31,38.75657520528564,43.09610238074676,34.50591601839596,38.83665984525583,1464211,0.07311721369212525,0.04069247892332724,Financials
2002-06-03,37.83466754584502,39.275400076261974,36.48951324245601,37.92696430151018,988309,-0.023702323656103023,0.04718708841892379,Financials
2002-06-04,35.57293489889125,38.96620679073476,32.24941558883606,35.636727450203416,1977821,-0.06228554226223978,0.04433471633797902,Financials
2002-06-05,35.76846822679407,36.23272062697785,35.41145665789523,35.874649246067,1160819,0.006654120917063386,0.04748027984806366,Financials
2002-06-06,33.744949760161035,37.08995917781727,30.251828375254725,33.58054052654342,1242272,-0.06608414871816505,0.0437051847992568,Financials
2002-06-07,34.885613020860944,36.6580191692,32.97254528063212,34.73742242487138,1334593,0.03387081368431532,0.047782651134490574,Financials
2002-06-10,33.626923498344226,35.22635708426049,32.11832906026878,33.71386233558082,1507376,-0.029908463836519388,0.04581080879550138,Financials
2002-06-11,36.28923367652328,40.314396997595196,32.27180463892847,36.296197071692255,1895519,0.0738038738689564,0.04373878820174889,Financials
2002-06-12,32.024495954301145,36.82817034744631,27.19629931483655,31.995646252748884,2195750,-0.1261131329755988,0.04947238668586429,Financials
2002-06-13,29.52151045701646,33.03649073890269,26.148930457192023,29.649310659350224,1600227,-0.07616096303145775,0.06666102295835781,Financials
2002-06-14,27.927615640058637,30.54063972053289,25.250039717273477,27.856400624138935,1733245,-0.06237611101861495,0.06726832411295547,Financials
2002-06-17,28.504316019799965,30.154395398365065,27.129349341711254,28.76676875117004,1098045,0.03215809323129913,0.0656021251717007,Financials
2002-06-18,26.680185179675295,29.679630776849688,23.721014918602368,26.716439457455017,1997855,-0.07394177217148638,0.060811450448708504,Financials
2002-06-19,27.813440682097603,29.375727168715525,26.177924016719828,27.735852351393756,1006959,0.03744679906079848,0.06227787613044927,Financials
2002-06-20,25.689414454870377,28.492239631127923,23.302403232233978,26.069876594652282,1945547,-0.06194539069337313,0.05842231164752589,Financials
2002-06-21,23.929437207456942,26.93470285928181,21.130895772274634,24.1145164544718,1211156,-0.07796649264865062,0.05836195604000698,Financials
2002-06-24,24.88524220757458,26.2516432778723,23.59805951864366,24.960564559836563,1113493,0.03448316015824906,0.061128638350959365,Financials
2002-06-25,23.584528945905703,25.63406486842567,21.50855877187124,23.555578884518177,1056832,-0.05793447411283486,0.05716407605733537,Financials
2002-06-26,23.75249963194965,24.080220958861677,23.437322387701933,23.764879444110157,795401,0.008846149503742339,0.05672429608907164,Financials
2002-06-27,22.91001526034177,24.14620340515504,21.72741456870247,22.960972340819264,1964607,-0.03441291732605782,0.05182523292371119,Financials
2002-06-28,24.770958574822643,27.295906586732787,22.070484946290122,24.575510597043575,1505069,0.06795452301622593,0.04925770138679888,Financials
2002-07-01,26.121081704872744,28.676647414686144,23.635528566759888,26.185011073559274,1432789,0.0634367077187106,0.052285079099904354,Financials
2002-07-02,27.616358074169433,30.03556037535805,25.287251769229844,27.69944656002367,705322,0.056225282582743,0.05376444903572408,Financials
2002-07-03,28.187157120095044,28.91889005373937,27.45137516560429,28.183000186076992,1070850,0.017306532676724263,0.05372788051206164,Financials
2002-07-04,29.748845792266795,31.69930014592098,27.511831404041242,29.442179476788947,1935299,0.043709356373555074,0.04954064519612433,Financials
2002-07-05,28.642852249353783,29.81606612824726,27.490820996485816,28.663215840554155,1429134,-0.02681369957709569,0.04847676346815232,Financials
2002-07-08,27.047891281815254,29.37615740221616,24.78528829634512,27.108485597238072,1561221,-0.05576782214174107,0.0456929255993678,Financials
2002-07-09,28.28942463367776,30.896154987134807,26.017555935199468,28.59939330706707,1229127,0.053538704018596436,0.047294632442048,Financials
2002-07-10,25.534637907944724,29.36483359413643,21.587743671277895,25.397345495621053,2314866,-0.11874084404446514,0.048159990972397065,Financials
2002-07-11,27.190043524784404,29.974465790944596,24.406734490923203,27.191053382944364,1570245,0.06824333893456613,0.06379981184163393,Financials
2002-07-12,25.603466432818234,27.838512984701524,23.564593503179484,25.785170473358455,1826518,-0.05308846063191255,0.06367814216167919,Financials
2002-07-15,26.031761715588488,26.384380352919774,25.207228007502252,25.55336644225518,1119847,-0.00903047185674793,0.06137330306550512,Financials
2002-07-16,26.582467093846827,28.198887046482195,24.983481565367587,26.598912307393533,1543392,0.04010125728948022,0.05590687146165129,Financials
2002-07-17,23.98420185958047,27.581832138517537,20.32260819043236,23.908950812273364,1641090,-0.10661742445259893,0.05330740330135434,Financials
2002-07-18,27.7082143513566,31.864446504060087,23.459449767237853,27.59935266733865,2095916,0.14353941856660427,0.06386262347353451,Financials
2002-07-19,29.877455478963494,33.325621300226615,26.366681940673043,29.80667948375703,1811397,0.07694019377901731,0.08033232502488506,Financials
2002-07-22,31.613110920625065,33.82744256211483,29.04395030057007,31.231556035276625,1620630,0.046696482925487635,0.0784257289920593,Financials
2002-07-23,33.83555571340695,37.83276529352123,29.79881798178181,33.790732284966275,1922109,0.07875757706816547,0.0731270141739036,Financials
2002-07-24,34.48973307028077,35.47940301111652,33.455023595936325,34.44336296398208,695893,0.019129749691385246,0.07285918990380995,Financials
2002-07-25,39.01381188129147,44.865883663485185,33.01974409698848,38.84675776116292,2363499,0.12030829618977083,0.0663450174560216,Financials
2002-07-26,42.29966208598616,47.45377905356681,37.00012071577629,42.13405937183393,1565222,0.08123180680267116,0.07610809413462338,Financials
2002-07-29,46.16944615870024,52.73803948805719,39.70216531129065,46.25831074900673,2408140,0.09338471486358212,0.07565543311426964,Financials
2002-07-30,44.88960005637984,46.83939774444327,43.10474534944739,45.04823553466499,1096779,-0.026507323220979647,0.07737636198018787,Financials
2002-07-31,45.503168864229764,46.15470821855116,44.829099331076556,45.480311399671,1075180,0.00954569935214006,0.07067585756312034,Financials
2002-08-01,43.62728739540965,46.44489345462132,40.750182970276995,43.56368110825911,977886,-0.04305571470556489,0.06410717222155565,Financials
2002-08-02,41.3882503053991,44.51859132785765,38.38385658637771,41.50567378026759,1072429,-0.048393665623332124,0.06054628650475937,Financials
2002-08-05,41.790381672001416,43.75815254095256,40.45268568843474,42.400913635712996,830304,0.021339774529392896,0.05817193720757937,Financials
2002-08-06,44.61132441526414,48.0168193815725,41.207884510121865,44.61323380712873,1859479,0.050860627127787654,0.05362357055745957,Financials
2002-08-07,47.55079186751494,51.83705450437109,43.10586304968625,47.376406460300295,1512033,0.06009381363263735,0.05280540090028153,Financials
2002-08-08,45.261765210559425,48.2213847970226,42.64233895913052,45.583347660502056,1596050,-0.03858188383717449,0.053594946188317845,Financials
2002-08-09,45.67838214603932,45.746692516592155,45.469824485392465,45.53792480706833,1556308,-0.0009969759193666433,0.05119784047796091,Financials
2002-08-12,44.825277106280126,45.71305493921833,44.29993701507565,45.1835163808691,1065901,-0.00781315253532658,0.04687349133394007,Financials
2002-08-13,46.249018512394144,46.980352234241785,44.940302337718016,45.66235924199246,1118292,0.010541971056843936,0.04320713083216018,Financials
2002-08-14,47.26878985842812,49.05175125395449,45.05893513802832,46.825163094943626,2109932,0.025146421854905544,0.04012673543739168,Financials
2002-08-15,47.143478441247886,47.82424216251124,46.54403691602664,47.223779587440845,899120,0.008476839144970225,0.03850941829352491,Financials
2002-08-16,47.21165875817349,47.335814719564695,47.01708992547227,47.14106022873313,1001230,-0.0017531822245736824,0.03601609026710134,Financials
2002-08-19,49.102060393864306,51.14781950826308,46.44941077558025,48.468785500513484,1029789,0.02777560449926879,0.03373704275257803,Financials
2002-08-20,49.32286095411809,50.704728180808466,47.977394288219315,49.35829492012622,1298923,0.018185842425082532,0.03355999215951029,Financials
2002-08-21,48.60070083807336,49.766554659111826,47.409979021378135,48.57522163674016,1074173,-0.01599227721595798,0.032413379779091284,Financials
2002-08-22,49.9394820974962,52.70477769305086,47.458883497095165,50.210706794280306,931364,0.03311472868378566,0.03128681336514939,Financials
2002-08-23,54.934483021050326,62.12786624903749,47.61635050513109,54.79093715240679,1987561,0.08729651313584742,0.032366333447066,Financials
2002-08-26,52.675539939296456,55.99310985004559,49.22912209776069,52.538031562831186,1408258,-0.041987481787211796,0.04561979628951567,Financials
2002-08-27,50.3660792897133,53.512890561499184,47.32292508834052,50.46383018194876,715846,-0.04028047241700242,0.04504858427100948,Financials
2002-08-28,52.737820188751606,55.56285887021046,49.49703879222936,52.298546642183325,1434658,0.03571173617400048,0.04434949181871567,Financials
2002-08-29,50.8058475678011,53.22780203456307,48.247478835774515,50.66260480821922,1469475,-0.03178052111068304,0.04318334348735488,Financials
2002-08-30,50.78292820537546,51.57280461087367,50.238632864691105,51.025905025889635,1010343,0.007145384744037383,0.04175333701762633,Financials
2002-09-02,49.220256749587364,51.646274519507415,47.32960907253503,49.7358229232367,904273,-0.025607988822856396,0.03875992002258308,Financials
2002-09-03,46.782919973218895,51.22469185412944,42.25279288269857,46.68529591514234,2126428,-0.06329620416244865,0.03741965371109626,Financials
2002-09-04,44.92935619053721,47.445392302252216,42.57343766355793,45.08149615461561,968699,-0.03495737496568698,0.04267488495933932,Financials
2002-09-05,46.038005225982836,48.18527629179542,44.176852621032545,46.31300636990528,1303047,0.02695095926093535,0.04171593645967956,Financials
2002-09-06,48.319697616964085,51.35428022839071,45.26029038623614,48.2932094850923,1212863,0.04186812364434505,0.04001410519465739,Financials
2002-09-09,46.651814909554986,49.456833712137474,43.60606849053875,46.395687182956976,1621883,-0.040084454134966335,0.04054434434354576,Financials
2002-09-10,45.48929171887888,46.82655981781297,44.171603387984824,45.50832028639625,1334633,-0.01931133359234367,0.040695080858663274,Financials
2002-09-11,44.34139701680834,46.06524819482252,42.626324458653016,44.34984873427635,1275755,-0.025785874653508584,0.038481304884862344,Financials
2002-09-12,45.27219298731557,46.28410807841212,44.009481967830396,45.015663154921256,1634686,0.014901201294137524,0.03720732938898401,Financials
2002-09-13,47.90352934520144,51.61086520309387,43.73087839082321,47.39918194284713,1616078,0.051594470645043085,0.035225206290517924,Financials
2002-09-16,47.16500063766814,47.55951255531717,46.74133768054021,47.13560370739782,948874,-0.00557633714711113,0.03862577554870539,Financials
2002-09-17,43.38739079816174,49.05808238025919,37.555881694904755,43.20239442300788,2033786,-0.08713271264267425,0.0360308861920979,Financials
2002-09-18,42.467106002513354,43.77360971764992,41.02319398896591,42.32533614371736,787519,-0.0205100502187779,0.047722072982016986,Financials
2002-09-19,42.996635365042465,43.93193952772309,42.009458653841655,42.94360934350626,1189911,0.014501974472186274,0.04455352201293724,Financials
2002-09-20,41.252486330413454,43.70846959015864,38.86866919587559,41.32071007663488,1109898,-0.03852401550530524,0.04146756742979527,Financials
2002-09-23,39.09382942386989,42.66917028711517,35.32116306309364,38.87664086506371,1990152,-0.0609702505644408,0.04120997797176849,Financials
2002-09-24,36.43240798497781,40.12555418513832,32.65278081329481,36.33617154390736,2032878,-0.06757987195874811,0.044902288868503344,Financials
2002-09-25,32.89313698127634,37.791716215510036,28.037560538310327,32.93060836971409,2176326,-0.09841113554538626,0.04896966714812889,Financials
2002-09-26,36.17359752678521,40.899830230038155,31.233494579598457,35.92758466782452,1833954,0.0871028047413742,0.058916342218256264,Financials
2002-09-27,40.26612987118316,46.30604935186063,34.074167175171695,40.087255500202,2279622,0.10955309025412696,0.06336357860297225,Financials
2002-09-30,42.13085847235744,46.05603368970022,38.535048137334734,42.43432307200377,1839511,0.056899075331872814,0.07149990498129608,Financials
2002-10-01,46.63233138625836,53.296951608432664,39.99621331103634,46.65728277071456,1529309,0.09487148905701867,0.06837700524233871,Financials
2002-10-02,48.778118272589815,52.39963686225739,45.31046733348578,48.92177343492656,1271388,0.047393531661410714,0.0720445819761143,Financials
2002-10-03,47.754056203308515,50.386501328661,44.557024854459726,47.156531389713635,1350324,-0.03675003877011116,0.06774407324771381,Financials
2002-10-04,47.55249984223019,48.64114219107907,46.66317504128535,47.74815819604069,1219549,0.012467971244350194,0.06303960953713143,Financials
2002-10-07,47.380494470695254,47.88462484053822,46.96950969296184,47.47283905348114,638391,-0.005782756277305999,0.05746748160932134,Financials
2002-10-08,46.00811244304247,47.97746677329488,44.47357348754518,46.42889323808058,1523614,-0.022235773562717196,0.052412071076599884,Financials
2002-10-09,47.88543939799208,49.64786345963181,45.83093189845395,47.58219504888254,1018034,0.024536673134834975,0.04870097123796107,Financials
2002-10-10,44.55776850738002,48.910559377649605,40.304228304901024,44.648370222361756,1637954,-0.0636408321895577,0.04569173808135809,Financials
2002-10-11,44.11868767959959,45.55086412892105,42.274161618118136,43.69250331293748,1277861,-0.02164126699509985,0.048761780847127185,Financials
2002-10-14,42.8246067553466,44.36877941901967,41.116668568021936,42.65471527274037,1545096,-0.024038713264312294,0.04552384740638238,Financials
2002-10-15,44.7978788732659,47.576890122672005,41.69795438950779,44.455741328531936,1000321,0.04135629214749182,0.0429489872576088,Financials
2002-10-16,45.946123078410984,48.12129038395693,43.70909750731578,45.881190809234795,1546149,0.03156112942447603,0.042804717499262845,Financials
2002-10-17,45.62643914689546,46.35314833268502,45.34575955169882,46.069741678845546,1478037,0.004101124997474739,0.04141510359440911,Financials
2002-10-18,42.57243662418736,47.60370282119794,37.571394923029345,42.59948384628412,2428342,-0.07831423486993445,0.03840171257281695,Financials
2002-10-21,40.73149059306575,43.45660556723364,38.042101004996006,40.76500323080409,1312147,-0.04401818754827812,0.04690118474313508,Financials
2002-10-22,40.83148628079206,41.35252330762576,40.48001711311813,40.99960699091471,884924,0.005738531701686143,0.04637258920421694,Financials
2002-10-23,41.037948251125684,41.451890717590196,40.314044012360874,40.72482809160932,1024560,-0.006724547792227983,0.042723216586724067,Financials
2002-10-24,40.18323587457459,42.10797352876731,37.55554636320084,39.44491938021394,1484562,-0.031932680586840956,0.039585370023083044,Financials
2002-10-25,37.84037795816945,40.16547578090711,35.59267965227729,37.91343776158633,1231686,-0.0395996450912281,0.03881437400384943,Financials
2002-10-28,38.04196557267279,38.4332034581608,37.730413163805,38.12100375007512,1842054,0.005459802162826775,0.039248748860966846,Financials
2002-10-29,36.6766663484609,38.783551990809315,34.61282736030828,36.71741976041665,900734,-0.03751411444257807,0.03656286156292445,Financials
2002-10-30,38.94800245006838,42.706733681055425,35.321427553131244,39.06890148285068,1464424,0.062075496710200205,0.037156030384007506,Financials
2002-10-31,37.349901628623265,39.82313511498632,34.99329541693005,37.45960700119471,1288744,-0.04206358622887182,0.042219208529892444,Financials
2002-11-01,36.38103549766402,37.97003656849299,34.804236630864025,36.39273081235625,1477630,-0.02889415406004123,0.04232459152877313,Financials
2002-11-04,35.213024297326065,36.816647474019696,33.920098375731286,35.51271763299599,1366601,-0.024478176231570448,0.040722569409220796,Financials
2002-11-05,34.913301141517046,35.890252141022145,33.8810178590642,34.85637596690876,1146376,-0.018654800464062787,0.038942769472324605,Financials
2002-11-06,33.56851793700938,35.4465329160349,31.73235919166486,33.60820342104026,970025,-0.03646588844126785,0.03695174789360841,Financials
2002-11-07,30.670089540471334,34.7794762786002,26.862847004640287,30.93886874061652,2208666,-0.08275690513406389,0.03730696303487974,Financials
2002-11-08,29.841178180461597,31.42341497683029,28.340425227937644,29.9187603145261,1298081,-0.03352756256133273,0.04733659678107388,Financials
2002-11-11,29.591547082602172,30.338953695167536,28.676143728456836,29.41919722550202,1424448,-0.016838290801514937,0.04540063142233587,Financials
2002-11-12,30.157465258612223,30.97014541231479,29.145340218242744,29.952496906683177,1270423,0.017965262149487928,0.042326151164556534,Financials
2002-11-13,30.992774757003353,33.293640716238684,28.98894495932181,31.271772398547487,998259,0.04310316008365236,0.03976952419301601,Financials
2002-11-14,32.32182825637774,33.55306275323958,30.854224801916413,32.07609873085746,1167263,0.025395314627535893,0.04054595423726828,Financials
2002-11-15,34.56832120270032,38.14724733997357,30.810016068864392,34.36822595214428,1839889,0.0690213083878596,0.03888338751656359,Financials
2002-11-18,32.1505365541162,35.24726533042349,29.37450400667844,32.445743214669015,1620003,-0.05756321863690849,0.04499028130103662,Financials
2002-11-19,35.947287925197124,40.70718237915448,30.74738715246558,35.440126791501626,2224625,0.08827544864881508,0.04707790299294568,Financials
2002-11-20,35.27408324657674,35.468820787511866,35.18812554488717,35.38259864990195,1371120,-0.0016245676481265678,0.055153842887807926,Financials
2002-11-21,35.36806986847051,35.835288315096825,34.609047776966726,35.072359841939715,762040,-0.008806784355942817,0.050338384869211904,Financials
2002-11-22,33.655820490306944,35.97065882960221,31.196339324517016,33.500494375118244,1297161,-0.04585315517637238,0.04624712218718624,Financials
2002-11-25,33.18611471285709,33.846136396112485,32.40174489619415,33.059243298702405,1540473,-0.013258992783904407,0.04611305481554546,Financials
2002-11-26,32.81091213992955,33.259744278085435,32.31100398124875,32.759127742208264,1060398,-0.009119570469762065,0.04274928295286068,Financials
2002-11-27,33.45890194184315,34.106789277643834,32.542181576221786,33.184760526483124,1435558,0.012909117319048305,0.039679666571431,Financials
2002-11-28,33.59928717871601,34.031296966461376,33.04008337733425,33.47043644004349,944925,0.008571804622867624,0.037209911957292965,Financials
2002-11-29,34.22807707491564,35.99060258605825,32.717775195777875,34.46964175045608,1611487,0.029416432515955392,0.034909646424297794,Financials
2002-12-02,33.17998674403726,35.174821323792294,31.124432167828374,33.11538264440601,1181333,-0.04008108050482211,0.034709446928328516,Financials
2002-12-03,32.37426045219446,33.502100175793515,31.227965825273383,32.35513941903815,1961519,-0.023225029346270902,0.03612160734271757,Financials
2002-12-04,31.828511693399864,32.59264746183813,31.105903006999373,31.869116907623226,1043871,-0.015135458701541806,0.03499609566562313,Financials
2002-12-05,31.65288690423325,31.946393901146983,31.420357763801885,31.713420070624906,464503,-0.004897481465853641,0.03337879096051666,Financials
2002-12-06,30.262823376098112,32.38825369918376,28.13734629235559,30.262773083254803,1320574,-0.046821591333837266,0.03154223751567019,Financials
2002-12-09,29.232188544121527,30.65919476211427,28.0171651962689,29.435712047358724,882426,-0.027709713352884635,0.03499670570569309,Financials
2002-12-10,31.203288750001516,33.87276678896188,28.497289480032887,31.163350778582387,1287298,0.0570341171481,0.03456862392857963,Financials
2002-12-11,32.29853808178819,33.72007930494084,30.67886416596058,32.091283589102005,1132959,0.029341704146752058,0.03929281596019727,Financials
2002-12-12,32.213074556476414,33.66687642281336,31.278714236893514,32.717874078245885,1052461,0.019337082482761617,0.03826592020585518,Financials
2002-12-13,32.2022695738462,32.941227535239015,31.523868368589056,32.26157690971837,851126,-0.014044583694148929,0.03643505088788089,Financials
2002-12-16,32.30293236531901,32.42138735010504,32.06478987109745,32.1828043459463,914777,-0.002444669386799739,0.03451952920063176,Financials
2002-12-17,31.47638691474564,33.17338778914588,29.372790287863143,31.04662099527085,1627349,-0.035942305555305996,0.032468057814538716,Financials
2002-12-18,30.488488698227858,31.262030284928244,29.835378674727025,30.606394538140872,703567,-0.014281018867268302,0.033721168750404096,Financials
2002-12-19,32.04914289241359,34.14769730924883,29.878535223303903,31.972041069192652,1577246,0.043652845337755465,0.03225346341864196,Financials
2002-12-20,32.28244527139359,32.70279090505026,31.830851691905597,32.25078508224684,975738,0.008680582281853916,0.03490077875793662,Financials
2002-12-23,31.323272010641983,32.68246386768065,29.9911835798624,31.349269824834135,1006621,-0.02835141084722375,0.03295078698060423,Financials
2002-12-24,31.743556809604996,32.76622535148304,30.89489095379896,31.913028655911823,1079221,0.017823372490912252,0.03300263420800129,Financials
2002-12-25,30.547132521860373,32.47562039977251,28.801504978944372,30.720108101368417,1089108,-0.03809692102669606,0.03192162249598508,Financials
2002-12-26,30.328614354502196,30.891330498521082,29.809735348293593,30.371714117309722,925604,-0.011405708596807411,0.03365855455865704,Financials
2002-12-27,30.339939296755713,30.469140229711403,30.156642648131704,30.285612232324937,1000236,-0.0028389626775885217,0.03202861477291465,Financials
2002-12-30,29.467303804347782,30.704570479589325,28.213092884920595,29.44961692746307,1882206,-0.027991853467073124,0.03036238936217182,Financials
2002-12-31,30.221684110369402,31.527346140920436,28.970349671136947,30.27385169323788,941629,0.02760345705559377,0.030903581172776945,Financials
2003-01-01,32.141970579222956,34.5060541141355,29.456716759981248,31.795302401777473,1649828,0.049034196147279274,0.0312780704272967,Financials
2003-01-02,30.502578655841987,32.64836905001988,28.20432172062902,30.338574798374335,1304754,-0.04689855718732651,0.03526055885115017,Financials
2003-01-03,30.57938705427272,31.36483040027906,29.965362366184372,30.747431432748954,749246,0.013386461649227287,0.03774343397644523,Financials
2003-01-06,30.04413362588026,31.075945233533908,29.036673878319824,30.06769539708731,1115433,-0.02235510732545802,0.035588383638349735,Financials
2003-01-07,29.052136782960673,30.493182771521578,27.741296482891574,29.176721189214355,1277426,-0.030080181017595457,0.034470118414682005,Financials
2003-01-08,27.709690579838355,29.737744305441346,25.96895101614766,27.980022336861758,1175858,-0.041880404225980106,0.03444232634891923,Financials
2003-01-09,28.47251451372643,29.126142481361377,27.75930261675844,28.411530610222275,1563401,0.015304302618345367,0.03622311850434869,Financials
2003-01-10,28.081666020386837,28.513094659282892,27.776096750544067,28.20617059898197,805564,-0.0072543005964800815,0.03442128270618564,Financials
2003-01-13,29.46298165679407,31.329220466177436,27.55907230573368,29.422763632349355,1708116,0.04222787838476211,0.03249236054956515,Financials
2003-01-14,29.49682313028958,29.53440155739664,29.41024770560191,29.447763631781992,1272987,0.0008493214549710523,0.03481496592269033,Financials
2003-01-15,30.678894662634825,32.43190234583487,28.843181797109246,30.591177263392304,1250940,0.03809367324512531,0.03270739494057196,Financials
2003-01-16,29.857691180341373,31.089444527487334,28.533522942865968,29.761299744294803,1545562,-0.027502759444373054,0.03425621313331055,Financials
2003-01-17,32.13881195080106,35.94470705022841,28.375969229079708,32.17735202043709,1810965,0.0780539684640825,0.03394481959218662,Financials
2003-01-20,32.94521090547332,34.12178114998155,31.773193556368657,32.949607396834864,1320916,0.023716494079972596,0.043996180750897854,Financials
2003-01-21,34.993322917989786,38.326586556644244,31.7336719015496,35.060662787156545,1808089,0.06210043792410514,0.04162813892368174,Financials
2003-01-22,34.30520374942761,35.35190328805152,33.42016817630992,34.46280186135856,556945,-0.017199248245876948,0.04543997379790533,Financials
2003-01-23,33.44514825960806,34.788923482731185,32.45720682317356,33.79077259528731,869283,-0.019692770358715906,0.042381659901860304,Financials
2003-01-24,33.8620233221678,35.116115019022395,33.074967312408724,34.318450264344605,1280002,0.015495353054185446,0.039939139418491865,Financials
2003-01-27,35.4920809427014,37.78775695462415,33.40589886624449,35.68994468405549,1685185,0.03918586946808129,0.03757823546859089,Financials
2003-01-28,36.85680050830244,39.269665187141555,34.7068405481747,37.10521454355869,1825477,0.038888525870884774,0.03821032425460056,Financials
2003-01-29,36.62101388224014,37.66434763790463,35.369873039704714,36.40711274573957,1193268,-0.01899335281503444,0.03866355804080819,Financials
2003-01-30,37.30772647474926,38.241322298742055,36.09319464684397,37.01957983307389,670962,0.01668279669672313,0.036742464451549946,Financials
2003-01-31,36.43187124952529,37.33649735350265,35.50768328334318,36.41181128590232,1187023,-0.01655374946808709,0.03495360226103111,Financials
2003-02-03,35.83362151743381,36.89653892281493,34.63991931831664,35.69883871913699,822439,-0.019775048504172485,0.03344409427740144,Financials
2003-02-04,36.73998042873553,38.109687596584834,35.23283333578,36.59721816842488,1001144,0.024854071810700918,0.03245710762113484,Financials
2003-02-05,36.99768516510719,38.028731452036624,36.14005686349564,37.16717429186872,1312190,0.015453729024474028,0.03217809504833474,Financials
2003-02-06,37.75469034216117,39.43283000931288,36.40001848391602,38.06695385846054,1374173,0.023920592752284146,0.031051030608757784,Financials
2003-02-07,38.99242722219307,40.57864897246306,37.48041559898916,39.06386712017113,1095895,0.025851372192313447,0.03093804155301212,Financials
2003-02-10,39.109613987519225,39.481356245246474,38.44814949518488,38.81711147633013,968246,-0.006336758319763834,0.03108012144027998,Financials
2003-02-11,38.14892759937992,39.27734387306117,36.93339464396682,38.05915552803148,1040012,-0.01971949313195715,0.029644600434050473,Financials
2003-02-12,39.68713236995951,42.59040385478758,36.95457451456803,39.84684910463659,934105,0.04590165950882762,0.029349116329504713,Financials
2003-02-13,43.677741315387046,48.759235622659986,38.05072553108812,43.06039771846894,1231255,0.07756039505462868,0.03324365887365426,Financials
2003-02-14,39.19718577400671,44.82577265010607,33.510496216126235,39.12934077342539,2438838,-0.09573113928044479,0.043433338766445576,Financials
2003-02-17,43.27260283641478,49.20999894633922,36.994246363535744,42.87741974617021,1733431,0.09147275213017687,0.05462445960657594,Financials
2003-02-18,45.45882756055238,49.687230528351314,41.33237401626713,45.55229282201994,1376605,0.06051561769513605,0.061173155282269645,Financials
2003-02-19,48.10662601310285,52.35979527449329,43.986318148714034,48.22900565637519,1330864,0.05709965834736305,0.06035764193127925,Financials
2003-02-20,46.05366336979044,49.25430138947578,42.84536811532906,46.045434225877294,1712609,-0.04633200756815126,0.059190299873471276,Financials
2003-02-21,44.643025558968056,46.691399423219906,42.64723512938834,44.69335881825627,1441801,-0.029803691313342442,0.056787247847412424,Financials
2003-02-24,44.373572934892934,45.01555640423495,43.62395429783559,44.264357673720276,1251132,-0.009645132254490934,0.05303840322683092,Financials
2003-02-25,45.93433979005314,48.38040593845427,43.42168815201249,45.86400909513084,1226477,0.03550090788403744,0.048625220409911976,Financials
2003-02-26,44.624013850723124,46.67221798025515,42.440172020548054,44.48185099646828,1509152,-0.03059943070687912,0.04669664674276573,Financials
2003-02-27,47.581494256811624,51.173790200847826,43.246370055662,46.77800431370497,1708666,0.05033183593951475,0.044552331336897365,Financials
2003-02-28,47.29684911082066,48.00133263258383,46.5411132130519,47.244821791240284,970866,0.009929957069127382,0.04547441300773968,Financials
2003-03-03,51.60631178927406,58.49315379108666,44.74163926830541,51.6258785052125,2552968,0.08868001197217133,0.0420610080457898,Financials
2003-03-04,52.31718995345575,52.890833066656164,51.43442047607957,52.004636529854274,863367,0.007309810455680686,0.05191266123760236,Financials
2003-03-05,53.94519816677759,56.27560283526032,51.21191288677872,53.52412752108163,1171770,0.028799655300527117,0.0475810310601898,Financials
2003-03-06,52.65381625037796,53.89583433087889,51.52481850106131,52.76446408205832,1236186,-0.014294598564936789,0.04511736511826654,Financials
2003-03-07,53.94274844341071,55.232602881618945,52.33037042258846,53.612323899561396,990256,0.015941029769878733,0.041941764869779664,Financials
2003-03-10,54.12902641077812,54.7742549345874,53.395899347726875,54.040067463581586,1255484,0.007946796344383087,0.03931166209704355,Financials
2003-03-11,52.55590755557175,54.598507674737114,50.85403601103206,52.8859486992855,1247355,-0.02158807796237635,0.03668512174283424,Financials
2003-03-12,54.99100569785377,58.19059984796155,51.77884573894492,54.977663592614164,1388511,0.03878930271722176,0.035306448311118774,Financials
2003-03-13,53.5260180231675,55.413376310914,52.2107080269999,54.084346354574414,1183852,-0.01638218875909775,0.0363720735547178,Financials
2003-03-14,58.322998686845864,63.43141703097437,52.314469051208405,57.33647977915938,1135412,0.058392269020747394,0.03462078283367734,Financials
2003-03-17,58.81506817522604,60.998785398974036,56.59123271336803,58.77340296911905,1649040,0.024752355606583717,0.03962735728536561,Financials
2003-03-18,62.45710248011162,67.79483110627643,56.90184094675691,62.21924141545962,1676523,0.05697487730734358,0.038054747700501594,Financials
2003-03-19,57.664907205939805,64.156267297773,51.412411157047245,57.880405210702165,1597834,-0.07228539680771995,0.041778601636089895,Financials
2003-03-20,59.25844430698577,63.1499967232697,56.1119786113435,59.96596363418549,1254781,0.035398225883691715,0.04775079090948237,Financials
2003-03-21,60.30297567007295,60.59278852657103,59.86928251033884,60.15840054657217,1093382,0.003203964130324068,0.04595721472567515,Financials
2003-03-24,58.094301165901584,61.34031529015562,54.720287834514345,57.95872674983009,597524,-0.037249943156894706,0.04232247956105255,Financials
2003-03-25,62.09796982473285,69.85082924447035,54.91262031617616,62.60662347584061,1713301,0.07713992936040513,0.041726341329373126,Financials
2003-03-26,64.0817051695501,66.52629153962684,61.72138592125115,64.16297874452866,1376429,0.02455531046449656,0.04884112359321319,Financials
2003-03-27,66.1792239699525,70.63351490101529,62.29847595800646,66.72099731394434,1736498,0.0390933163929516,0.045812757763304235,Financials
2003-03-28,66.48704175206983,66.8329567123065,66.15006863544329,66.49593850469111,1041049,-0.0033788350105183607,0.044813950139362485,Financials
2003-03-31,71.32956666282884,80.23827207114547,63.019933332566744,71.86613096446845,1802565,0.07766422554750967,0.041332125285047455,Financials
2003-04-01,68.20062183838556,73.44688162548462,63.23082991440658,68.45831178728152,2147492,-0.04858012326980297,0.04869738652070823,Financials
2003-04-02,64.82449902022577,70.07394756826339,59.713806380268224,64.9531149861488,1661505,-0.05255927123440337,0.048488685481194393,Financials
2003-04-03,66.85996444007152,69.27548343766357,64.13269200368316,66.5365257994117,1010235,0.024085355292674367,0.048941737246026434,Financials
2003-04-04,74.1273156975697,85.24641305220514,62.700100808314204,73.76482448036965,2084882,0.10313092790826427,0.0458612098255533,Financials
2003-04-07,67.7043618477949,76.34976027406535,59.24338686104766,67.8682982498595,2356024,-0.0833129481944676,0.05812055313754061,Financials
2003-04-08,65.31621980739668,69.98151760110458,60.09014955123788,64.71231246018256,1774789,-0.047617552551416926,0.061996419720327815,Financials
2003-04-09,57.56725812033409,66.38129120284191,48.932169402283975,57.72286191551471,2234062,-0.11429816876521612,0.05928709423777897,Financials
2003-04-10,62.07062758712125,68.09989461852317,55.60246214951697,61.58450984747641,1754939,0.06475705998986767,0.06979669291585168,Financials
2003-04-11,56.7615045333558,63.581115762228286,50.303223087915924,57.08592230577954,1733124,-0.07585283369464689,0.06801679348786929,Financials
2003-04-14,59.10351151891893,62.198517827120014,56.015003371663184,59.1096869757114,1309564,0.03483727749145236,0.06829403498127293,Financials
2003-04-15,57.50261608023685,59.801767669415746,55.37982157698027,57.672694469728526,1310830,-0.0246109904552808,0.06335065553465988,Financials
2003-04-16,53.82003383768418,59.23028645262684,48.87471867607656,54.24584513459659,1477629,-0.06125742663685661,0.058322376263449646,Financials
2003-04-17,52.04566891108813,55.40224179803342,48.61172220710583,51.962961027953504,1125815,-0.04299522524700977,0.05817276429857701,Financials
2003-04-18,54.22710527830298,56.96238541414008,51.02934304595758,53.74005582400032,1486446,0.033627465106231325,0.055538678540422645,Financials
2003-04-21,55.891900864726914,59.131565389108424,52.619664455919455,55.85732484931239,1241785,0.03864202713045839,0.05231879980115889,Financials
2003-04-22,56.23130992668113,56.84986079393437,55.63518260249024,56.253498243814406,775270,0.007067561055316708,0.050137674349930286,Financials
2003-04-23,51.99889291482692,58.98036362170739,44.53108286013801,51.43713023658779,1833899,-0.08950794033655005,0.04602740134166082,Financials
2003-04-24,52.82009655496973,54.516354264674014,50.86264191992642,52.55023327537475,1395656,0.021409246610508012,0.054740917483238866,Financials
2003-04-25,55.27465484304165,59.949363643916726,50.80281826531228,55.462342719684415,1750812,0.053934744479516364,0.050655777692084104,Financials
2003-04-28,56.6415279437445,59.20789575159918,54.394537505034315,56.948718932342835,1212406,0.026446914131528592,0.050883688449074566,Financials
2003-04-29,57.35933614352309,58.90740918859201,56.188475118298435,57.72900226614428,1664395,0.013608491124501567,0.04770991186544002,Financials
2003-04-30,58.72374447183279,60.42806030596792,57.10053753134729,58.80267170566322,770174,0.018427604882088538,0.044144843490143776,Financials
2003-05-01,56.73727865245004,59.61861671029002,54.230227941659756,57.095727228607295,1044689,-0.029458006802987182,0.04135154481599191,Financials
2003-05-02,56.30841376136203,58.129184533804725,54.071223858170605,55.8780794795669,1333870,-0.02155711909720649,0.03997657228497606,Financials
2003-05-05,52.44089739750232,57.361113729242035,47.71771316036967,52.62164970842625,1983353,-0.0600445386651933,0.038055321216492244,Financials
2003-05-06,52.29239611549149,53.6900103513043,51.659491140665104,53.047960633120695,1018396,0.008068795488972885,0.042418957693933355,Financials
2003-05-07,51.56554839251381,53.77996792634687,49.336989467938885,51.55077455745872,1418106,-0.028629186254060322,0.03936064273570995,Financials
2003-05-08,51.75461902437002,51.792026465228815,51.48869831549861,51.52594047102401,423735,-0.00048185639032754954,0.03824072048340628,Financials
2003-05-09,53.02872534012139,55.81939159869767,50.44563791564019,53.226662440755824,1164534,0.032474065177737994,0.03563589468933174,Financials
2003-05-12,53.25369167191484,53.292055732905965,53.16277934111819,53.20110551894448,1110395,-0.0004802679374478139,0.035694794138956876,Financials
2003-05-13,54.595336043877616,56.4130207205398,52.58413180534651,54.395151586297516,1108443,0.022195848075146123,0.033456378487394134,Financials
2003-05-14,54.04361906346858,54.8927153079491,52.98266429036963,53.828378828022494,757205,-0.010474209033303863,0.032701097228681184,Financials
2003-05-15,55.76119235953013,58.08760259312086,53.037463410036956,55.3465754290585,1602320,0.027813970435337843,0.03117604474911354,Financials
2003-05-16,57.634673764633156,61.37469243772052,53.99337346384036,57.727525837057144,1810699,0.04211932462349582,0.03152140789472547,Financials
2003-05-19,58.17765801328797,59.31927326968093,57.22354971902104,58.362139495896486,1000524,0.010933272632471281,0.03407322923562488,Financials
2003-05-20,63.36894159392246,70.81302104986976,55.70206746739644,63.11649103923879,2151913,0.078314699795683,0.03235302811180347,Financials
2003-05-21,64.08880781167834,66.9807148842564,61.77943057917594,64.65107683966963,870605,0.024022678440083562,0.043097025106330816,Financials
2003-05-22,67.54281409866663,71.52834926523414,63.277066831210306,67.24503052207977,2065067,0.03933835863718921,0.04089555257394031,Financials
2003-05-23,69.64984257045819,73.43342627023173,65.91273550042239,69.69395245593914,1431245,0.03577042849503766,0.04086664832479598,Financials
2003-05-26,68.62090417366215,69.97921396895306,67.76410073259467,69.11622592012048,764736,-0.00832402750915988,0.04034841867347258,Financials
2003-05-27,66.05916609361451,70.52575468930931,61.6321932441353,66.0962937218038,1363690,-0.04467684664386675,0.03758708989341755,Financials
2003-05-28,63.52243387366525,68.52261208309274,57.78041586785064,62.7172108200424,1509111,-0.052476769801483976,0.03911054276318113,Financials
2003-05-29,63.670536165141435,65.52173054616243,61.98620344663572,63.833097450922125,918730,0.017635919950342374,0.04167468475590652,Financials
2003-05-30,61.69031292435374,64.80994235219224,58.66392828489439,61.77919725235894,1561306,-0.03270513090302506,0.03919282243571624,Financials
2003-06-02,61.95019074334252,62.031456751737885,61.644222212708286,61.725193070070446,968538,-0.0008745306233954742,0.0385915237129822,Financials
2003-06-03,59.2695645557091,62.8685693891858,55.69511736522819,59.292725406941095,1279062,-0.040205539074175616,0.035938270444797735,Financials
2003-06-04,59.31484887997491,59.68238048566452,59.081458966765894,59.44846482528647,873422,0.0026231757883683703,0.03709070276885432,Financials
2003-06-05,58.4757513678493,59.84519125171463,57.272285092154256,58.63837802128433,1250358,-0.01372040258903771,0.03466422281246905,Financials
2003-06-06,60.21587432899585,62.42717621934567,57.884935329179335,60.09167630725625,1335664,0.02448193730740763,0.03300793982718084,Financials
2003-06-09,62.59524827164209,65.99666168318136,58.92266939335031,62.30850101571275,874761,0.036226534819153215,0.0325810383729004,Financials
2003-06-10,59.72964356115629,63.29522607414658,56.689733248161374,60.2298576171409,1406166,-0.03392966631811433,0.03385370766866791,Financials
2003-06-11,58.35573271312604,61.10382928427439,55.65126433446925,58.397428532895255,892731,-0.030896346173355047,0.03448973987726331,Financials
2003-06-12,54.43663531516053,60.882459204798124,47.57485055792685,53.9648052005594,1042741,-0.07893977835967189,0.03456618805235252,Financials
2003-06-13,49.14549754777835,55.92617228947102,42.7229001413,49.46218806621661,1609225,-0.08712357831266797,0.044615920659531356,Financials
2003-06-16,48.5321449973242,49.804286913583795,47.49588825792723,48.763098855127026,1267181,-0.014234644405326406,0.053207536926065425,Financials
2003-06-17,45.55682384814309,50.58175421655735,40.308770342871995,45.30603908164025,1763642,-0.07353351915202466,0.048941059998663765,Financials
2003-06-18,46.82472885396483,50.37763246138129,43.786988620549764,47.30850724971247,1202394,0.0432497999492113,0.05317197239962443,Financials
2003-06-19,48.18236375513618,48.868716201549304,47.0795821842216,47.75991692218966,950918,0.009496592984398226,0.05140417004913276,Financials
2003-06-20,51.9380961712756,57.08529537699725,45.96550565846559,51.02190828289104,1368192,0.0660683850603969,0.04719574928421864,Financials
2003-06-23,51.72392850459331,52.9300110965001,50.57697122066651,51.78177117465943,1426373,0.014783064848151124,0.05036571975135857,Financials
2003-06-24,56.055037759749226,61.4177989286619,49.91179905739338,55.191993119617564,1302822,0.06377971107488271,0.046498875597197065,Financials
2003-06-25,53.04206098520221,56.83533777257206,48.8591188715221,52.62238256392502,1553669,-0.04767633731814096,0.04939528395669181,Financials
2003-06-26,53.621064472515926,55.02694090913206,52.146242951621225,53.55026306495186,1631201,0.01747915612948127,0.04891697284931627,Financials
2003-06-27,54.42881443756696,56.15000988714795,52.86747317901917,54.584210935266235,1077032,0.019123954528885836,0.04538859241089565,Financials
2003-06-30,57.359989298005544,61.746340403838204,53.02316450036357,57.40603427697939,921042,0.05040476065538335,0.042461256485852666,Financials
2003-07-01,57.164895297770904,57.61339255266411,57.04114591737772,57.488941683372396,823262,0.0014431861809429062,0.04385729843931183,Financials
2003-07-02,54.66587503109257,58.7637411283607,50.64626794486982,54.73877376453591,1769965,-0.049020308482351435,0.040485584089510446,Financials
2003-07-03,52.379443635526,55.52891589025392,49.96548285870639,53.08255165397394,1559689,-0.03072402211341752,0.04209174042268615,Financials
2003-07-04,52.97299591721491,53.18123982980375,52.913940344540286,53.12201812358154,943941,0.0007432160688931118,0.040730412711786984,Financials
2003-07-07,53.92200842610661,55.61848671348171,52.423956100694504,54.11507076216032,976861,0.018521223141072927,0.03777904275199093,Financials
2003-07-08,57.04422742672029,61.491757170759236,52.55796890349241,57.00222377657972,1777780,0.051977561325871224,0.03596192727040111,Financials
2003-07-09,54.98718536045054,57.88183460098361,52.26542403851372,55.15191926347525,1140942,-0.03299873481545686,0.039241027033055605,Financials
2003-07-10,54.497850794842876,55.182661958279695,54.40651250241459,55.09033067072642,1389512,-0.0011173320427151907,0.038668126887661976,Financials
2003-07-11,56.548846588854815,59.82627760569187,53.709274074602355,56.96576951194684,716021,0.03347633872355723,0.036005089837887,Financials
2003-07-14,58.52764217387015,60.379979226321936,56.33912652165185,58.180476141830354,1897756,0.021099284413895456,0.036127454706048716,Financials
2003-07-15,57.82282223204318,58.23661332964917,57.7893573065752,58.20292841794235,791637,0.0003858329540274169,0.03479843900589291,Financials
2003-07-16,59.07819689759482,60.476174280637714,57.71073906410619,59.10802600550694,1321682,0.015431049076181287,0.03269200844025557,Financials
2003-07-17,56.57768042756917,59.970748800903046,53.939190422929,57.29863711034525,1021417,-0.03108988072917989,0.0314758879783386,Financials
2003-07-18,57.723215485678885,59.17307637965858,56.60190466318727,58.045504877134285,1259614,0.012950431503823755,0.03221136944904906,Financials
2003-07-21,59.123147588708385,60.43230587248539,57.6043143571904,58.90872469504574,1269907,0.014761937156257857,0.03090655122861154,Financials
2003-07-22,60.58696752322448,62.8978280785634,58.12111665091388,60.42583127392162,1187979,0.025427476675883104,0.029947606671789778,Financials
2003-07-23,59.19269566274789,61.05860733086703,57.304053943304936,59.169225778050794,877421,-0.02101511171524973,0.03024021828310717,Financials
2003-07-24,61.491872717115584,64.97063759877288,57.9673958199629,61.44341957362158,1580564,0.03771517251459505,0.029963676001262585,Financials
2003-07-25,65.1089130296105,69.7967766799945,59.823170946123206,64.4646472430486,1426574,0.04800022436510374,0.03211888290831052,Financials
2003-07-28,65.51482218673237,65.88825937586365,64.34123057758303,64.7100807070825,1235111,0.003800027501836633,0.03564970325665073,Financials
2003-07-29,64.58044554320733,64.76201533633724,64.42445185006358,64.60596001313876,1058439,-0.0016103294821587103,0.03344976988234762,Financials
2003-07-30,62.70686862970252,65.55709177420611,59.828734510125635,62.677628604086976,921602,-0.030302083400515236,0.03155152386655476,Financials
2003-07-31,63.63883467403451,64.85353396879385,62.268619801652235,63.48029294857124,1300687,0.012724927066742314,0.03215791295160783,Financials
2003-08-01,63.00607809736463,64.28741746671786,61.3518468763491,62.62544541082977,1360547,-0.013557838736057143,0.03084791172268613,Financials
2003-08-04,60.62589743600245,63.438298104316715,58.13041123407111,60.93028277782455,789824,-0.027441366450870374,0.02981354012524257,Financials
2003-08-05,58.758213473978806,61.82567854657998,55.99802680953923,59.05170501898125,1103951,-0.031316888893747924,0.030397895136722905,Financials
2003-08-06,59.846830695632924,60.293376284707094,58.903368680318366,59.34617866714958,919314,0.004974316198911151,0.0314060145910312,Financials
2003-08-07,60.84203374293155,62.93972645060871,58.63236157716901,60.72605562746921,1273048,0.022985125892189207,0.02987945406530488,Financials
2003-08-08,60.70260941045769,61.99078752099227,59.94907110196066,61.23069378090645,1292202,0.008275737685912509,0.029891015741096847,Financials
2003-08-11,61.94766834920943,62.550551668321184,61.02947126812343,61.62925575157561,652009,0.0064880926667888585,0.02872370854824468,Financials
2003-08-12,60.15669658547653,62.63844749113776,57.48382482962586,59.95735181175396,1648264,-0.027503182483155125,0.027683125693814446,Financials
2003-08-13,61.534710532164695,63.35441696308361,59.342758116516656,61.151121026280535,1375611,0.01971468802113708,0.028749749834544355,Financials
2003-08-14,61.87912482986332,63.11822348359703,60.696928696687166,61.93496061190757,1011364,0.0127366176819361,0.028627588634125675,Financials
2003-08-15,61.80863301134472,61.944765813022265,61.77925879665922,61.91534088600314,1135807,-0.0003168296860203052,0.027927840577104207,Financials
2003-08-18,61.53150723283697,62.05493503611691,61.111508677535056,61.6342352850301,608401,-0.004550498589420519,0.0269069968706582,Financials
2003-08-19,60.17227983367927,61.91713849986356,59.32799223756965,61.06038968189392,1233466,-0.009354114535167973,0.026120781766439075,Financials
2003-08-20,59.204208590329664,61.78179572852027,56.99770970014626,59.56196356404349,1618308,-0.024846194132937746,0.0256702378423439,Financials
2003-08-21,58.849131491861954,59.79230767900128,58.155519030231446,59.095788053567254,896630,-0.007857521360661304,0.026828508962291372,Financials
2003-08-22,59.6824915393883,59.820048895332114,59.05024670133013,59.18666125809226,830107,0.0015365461728758106,0.026173960548640438,Financials
2003-08-25,59.10125529668363,59.427773749730754,58.95698452342203,59.28305917901419,915273,0.0016273853241343037,0.025463996441301897,Financials
2003-08-26,57.979968140701814,59.73243297573234,56.61928929152935,58.362770488338846,1114076,-0.015645390328264848,0.024882309966301155,Financials
2003-08-27,58.71002455750348,58.735658505849706,58.32030982619301,58.34578474029031,485042,-0.0002910797436432513,0.025140012235196633,Financials
2003-08-28,57.18192614538546,58.89347404362026,55.50695600044427,57.21746295617959,1790861,-0.019527966939327058,0.024609528261655952,Financials
2003-08-29,57.47595146471346,57.886483549919554,57.07422638310141,57.484697339484626,898378,0.004659630928234835,0.025331883643474128,Financials
2003-09-01,60.11179602837418,63.89893417937439,56.17355807802563,59.95053663221184,1513937,0.042001053605880134,0.024831840189549266,Financials
2003-09-02,57.105841997360926,61.05500800400529,53.68227969614623,57.601717390540706,1557193,-0.03996744969773741,0.029290092272986335,Financials
2003-09-03,56.23632562855647,58.263868467156264,54.20626165119381,56.233710192954966,1130457,-0.024035980491705775,0.03203025381712138,Financials
2003-09-04,58.49271652783121,61.51286047524457,55.197891287677564,58.20308051052799,1224106,0.03442188049716529,0.03173970669998424,Financials
2003-09-05,60.03027679615844,62.04327146511631,57.52303609804414,59.51888217635167,1096342,0.0223553266384039,0.032918946879646506,Financials
2003-09-08,56.47679355153572,61.29139098235758,51.4369782500781,56.23058676709528,2106774,-0.056832752334266164,0.0322783169526921,Financials
2003-09-09,61.17668681715406,69.32402800507,53.20611524608805,61.33308028438457,1709942,0.0868584857593284,0.03765642119110585,Financials
2003-09-10,63.13210752492914,66.46439864891745,60.04474846902906,63.36562009241524,1372056,0.03260210139170964,0.04864220726692089,Financials
2003-09-11,61.84744333627151,64.10183528252601,59.5900787053047,61.844358195554385,1316835,-0.02430056738155012,0.046392736656849315,Financials
2003-09-12,64.03226314164384,67.75886578903118,60.46578324345121,64.18393788514251,1479885,0.037132113544108405,0.04370819657534734,Financials
2003-09-15,63.91655514432441,64.22894497225168,63.78171740687251,64.09373346116142,861036,-0.0014063934572968856,0.04283858350521464,Financials
2003-09-16,66.6325071774759,69.6579441553905,63.06390350649887,66.06350504515794,1498177,0.03026987983364071,0.03960318271010687,Financials
2003-09-17,68.34525457222291,72.03116555134659,64.7438495526859,68.42553045095853,1219920,0.03512953012932563,0.038628609972241344,Financials
2003-09-18,71.75891752447332,77.4903286291182,66.28320714585524,71.99648981307071,1218124,0.05087135803714418,0.03845579526906334,Financials
2003-09-19,70.92661162407005,72.29397941972313,70.03244834065605,71.39392477547467,1425844,-0.008404586684175328,0.040881081347028836,Financials
2003-09-22,73.02270655255808,74.92721549146351,70.75144444324967,72.64613191992966,1325261,0.01738736738035185,0.03804741530356147,Financials
2003-09-23,78.60142402532283,87.14514511890334,69.61597551474932,78.10582678827804,1484560,0.07246451489927212,0.03610308478078079,Financials
2003-09-24,75.02922744770115,79.54946248426404,70.51515349752367,75.03503889308514,1579973,-0.040109471146418635,0.04393645493765538,Financials
2003-09-25,75.70130634928091,75.85630351894669,74.98368797745073,75.13753082607982,1339483,0.0013649889470478513,0.043424015352540875,Financials
2003-09-26,79.95018792758576,88.32712171719284,71.96784339465584,80.30895713782898,1946791,0.06656098203012649,0.04010979389991924,Financials
2003-09-29,73.57627739860736,83.04274203585238,64.69971094391084,74.10266933717219,1975848,-0.0804296055607413,0.04529449307230872,Financials
2003-09-30,77.80598833419933,83.13641207586366,72.25166714934657,77.56562370991918,1742457,0.045672780512888075,0.05207313222517349,Financials
2003-10-01,75.88014040088238,78.4486419993313,73.26788739112958,75.83485614197471,1105252,-0.022566305095371685,0.0508152468434336,Financials
2003-10-02,76.02485818371979,76.33114558094348,75.32674571077428,75.6314481456649,822370,-0.0026858530621088005,0.047351210842552706,Financials
2003-10-03,77.19989186970182,79.04719833188041,75.00876249676844,76.8476399676729,949416,0.015952582466449365,0.043529206351659924,Financials
2003-10-06,71.19457655223293,79.1860353473521,63.6803122656767,71.62621371786942,1226036,-0.07036363957717377,0.04066947476408618,Financials
2003-10-07,67.96353098985381,73.4080069684332,62.461814432370645,67.90130561140715,1636645,-0.05340585751685156,0.046538813997042044,Financials
2003-10-08,75.8099127119155,87.18139961870283,64.37667940497734,75.73726988820863,2135680,0.10921511316103814,0.04754489256657921,Financials
2003-10-09,70.05353557493021,78.18198265222128,62.124455114008896,70.23263108444596,1575137,-0.07545734269129326,0.060807931955878934,Financials
2003-10-10,77.96528836250646,89.5714657164101,66.01438397650669,77.56026873437672,1417913,0.09924226193191438,0.06254722420623741,Financials
2003-10-13,74.66043367032597,79.52975245527723,69.41701641461634,74.2602343883959,1457219,-0.04347969016139074,0.06860814957225322,Financials
2003-10-14,82.2045928805065,94.79513913685165,69.87390394843052,82.43055577117535,2100678,0.10438058557855615,0.06441455634142423,Financials
2003-10-15,82.14132101928642,82.71349336831965,81.97233964756141,82.54368425374308,1390760,0.0013714686642332635,0.07108926818999023,Financials
2003-10-16,74.79727160163948,85.98313774668446,63.53809345313218,74.7110679122968,1910291,-0.0996994133210228,0.06436792198273322,Financials
2003-10-17,76.52287630253922,79.26890403834959,73.77403655588351,76.51995962661366,869108,0.023923370966469668,0.07003984192431909,Financials
2003-10-20,83.75074505219129,95.78189030208371,72.01693822670711,84.01154445991891,2221588,0.09340260649360572,0.06411172059137692,Financials
2003-10-21,77.58744634897744,86.77294459147164,68.6132904171239,77.77687803411312,2167610,-0.07711003393933118,0.06853362100983232,Financials
2003-10-22,72.01876044653206,80.23701293344047,64.06160242371132,72.25387746704182,2271569,-0.07365819659104209,0.06891574106903434,Financials
2003-10-23,86.94449183666165,99.98616561216089,73.76251815841331,86.77943312754508,2499407,0.1831836551386804,0.06865371790684055,Financials
2003-10-24,86.79767192632161,87.41419047727501,85.75600140042361,86.36947851981962,1363016,-0.0047352925277898104,0.09436156056594591,Financials
2003-10-27,106.72746706653336,123.39171431202213,90.71834700655336,107.29714288001925,3089695,0.21696766635521192,0.08500968614958596,Financials
2003-10-28,104.80942674264068,108.47387260551082,101.1973101378612,104.86001262597176,1330766,-0.022975774330229765,0.11376538413746454,Financials
2003-10-29,112.68377953539296,123.34434147305879,101.12039556021928,111.68662024332517,1621579,0.0630706683879464,0.1026315401485671,Financials
2003-10-30,109.3929362154336,113.26510768344471,105.22073850915885,109.08190026697464,891693,-0.02359793725855352,0.09551582491005822,Financials
2003-10-31,99.2193827977788,114.10229021744561,83.74738205612448,98.52633183073468,1810286,-0.1017751379986388,0.08649940833917832,Financials
2003-11-03,99.30210785076528,101.0379134746217,97.79554053556375,99.52792023459135,1147205,0.010114369491972674,0.08740391822806702,Financials
2003-11-04,102.18818748547945,105.89375228905266,98.26589418060722,101.96330423073792,1343636,0.02417477593549167,0.07891071541829997,Financials
2003-11-05,93.7568352129482,105.25967264435181,83.12522035984752,94.53932668260853,1662897,-0.07559708280790613,0.07189703592633026,Financials
2003-11-06,92.29876184244945,95.24057079182543,90.1806532297663,93.10398363003334,1463442,-0.01529893121281289,0.07136234903191901,Financials
2003-11-07,97.53605942354842,104.85175251132556,90.43390224314476,97.73510191133728,1550879,0.048543805045903984,0.06487816645005393,Financials
2003-11-10,112.07209860363352,129.20166267441522,95.2612838130885,112.34927189079586,2793450,0.1393517407518832,0.0618127522181866,Financials
2003-11-11,119.60502801245566,128.91878942485386,109.12089236887479,118.33581924352141,1370143,0.05191399039081797,0.07790692663054137,Financials
2003-11-12,119.29353259817886,120.09144723047152,117.02133419472136,117.8093214338044,1043430,-0.004459110872228645,0.0732110014503144,Financials
2003-11-13,121.06736213426018,124.56960380564722,116.629011203591,120.10336636540853,1170693,0.019285360973962835,0.06626358832082649,Financials
2003-11-14,119.05185481006687,121.16119054315429,116.59008893848575,118.69306775801934,727848,-0.011811859834538092,0.06056797241039183,Financials
2003-11-17,125.86415096673144,137.25347904042474,114.60701537651855,125.9854909505897,2133692,0.059625850589701206,0.055278489762631944,Financials
2003-11-18,128.21518820894474,133.68873669277193,123.6009857094257,129.0446823933794,1091272,0.02399197039485182,0.055478423311515715,Financials
2003-11-19,112.83507210971113,130.7710861712639,95.90981129325446,113.7139879750121,2510254,-0.12647230105468024,0.05146480893794809,Financials
2003-11-20,119.38774371085083,128.7864108520715,110.27299851983656,119.65152693648947,1535433,0.05089715748985409,0.06795724896819655,Financials
2003-11-21,116.90695553496262,121.3742990841495,112.18466367508528,116.64187786086521,1120417,-0.02547520820436187,0.06467710758794346,Financials
2003-11-24,111.17020172538676,118.83174891413553,104.36662291170383,111.978690839614,1173604,-0.04079977492823222,0.05953024887997923,Financials
2003-11-25,123.45233000316138,140.91385953701317,105.64680176028337,123.05165898304143,1327597,0.09429566609991416,0.05643379900820939,Financials
2003-11-26,119.00742567687291,126.49254512305644,110.57700633245774,117.99867943422932,1456102,-0.04193082576492336,0.06309968172014148,Financials
2003-11-27,115.33115759576101,118.96793602142166,112.39010842349165,116.00958630153656,1457331,-0.017000604945385883,0.059573358046578,Financials
2003-11-28,121.88550923751696,134.7065007653784,110.6657798386156,123.35179750693786,1504241,0.0613675870582099,0.05461264575565796,Financials
2003-12-01,139.53678359851014,161.00465659029453,118.60626605873361,140.00404920895178,1503324,0.12663092983160718,0.05523522401826967,Financials
2003-12-02,140.44575540421704,143.05031633547344,138.62486951236693,141.21940010334083,1313335,0.008643365008834033,0.07032817953268349,Financials
2003-12-03,133.19206804874366,144.80823817317042,121.77538486452761,133.3758057401962,1295540,-0.05714395935368542,0.06378125455732647,Financials
2003-12-04,137.2123552134141,141.95084818590263,131.7688196360049,136.48209375118674,700988,0.02302267394272908,0.06200204480432505,Financials
2003-12-05,130.2219168942289,139.2187137775173,121.65632188578833,130.62650613962475,1316349,-0.04385127180190352,0.05705181307596637,Financials
2003-12-08,128.82445488742457,130.97244378826213,127.78991626717972,129.9290347210357,1041599,-0.005353738264208128,0.0547025374731435,Financials
2003-12-09,131.0458810427918,134.25769560111328,128.45386864667336,131.6536616529767,1280623,0.01318628445494357,0.0499819313533479,Financials
2003-12-10,123.94150993425882,135.2867129575055,112.52206723905864,123.85978987352706,1435880,-0.06102450007407751,0.04609377923437857,Financials
2003-12-11,119.234417982802,125.94543759679671,112.7508751718677,119.45016332297656,1435182,-0.03625095796231955,0.0485624096259624,Financials
2003-12-12,136.8715391482934,157.6926542188174,116.34080827604939,137.12404714679775,2676049,0.13798672871608614,0.046730781032652255,Financials
2003-12-15,148.68517656593306,164.45298277146722,131.56240693630625,147.16947568044802,1467240,0.07069884871157982,0.06857888386378394,Financials
2003-12-16,151.48822518875767,158.21756519863928,144.8233550545613,151.5499781821199,1409307,0.02933064104879787,0.06791317788892905,Financials
2003-12-17,156.72721459067876,163.02187562076946,149.41070602084451,155.66260912564,2043961,0.026775443548122155,0.06260034153603854,Financials
2003-12-18,165.93028304030813,183.69957016890862,148.95436645863103,166.6500191655948,1363307,0.06820501667178408,0.05781505742384711,Financials
2003-12-19,169.2786344441554,172.74148526645055,165.48241727719497,168.93830616923515,1138480,0.013637676263421342,0.05892243491928981,Financials
2003-12-22,167.86101379137392,170.80808386649628,164.04103942706672,166.9725103960666,1506615,-0.01170440556171512,0.053901582551296554,Financials
2003-12-23,153.63623739464208,173.28094206370906,133.72356507025395,153.32898258928566,1823496,-0.0852433644657502,0.04944545932297885,Financials
2003-12-24,151.8752396404755,153.89404858310192,150.1707183642865,152.18603915189112,720515,-0.0074821117658766464,0.05608785462062525,Financials
2003-12-25,164.68864301674185,191.7737746644979,140.90059436635238,167.5695940773051,1898868,0.09629503777408306,0.05123548817203829,Financials
2003-12-26,157.85783432840896,171.88780046355902,144.11075129888061,158.11805597653574,1207578,-0.05805680825836737,0.05992470561937266,Financials
2003-12-29,173.30260669770678,196.14650683072944,149.88496641842625,172.64175652038008,2098208,0.08787673218275922,0.05897766715144898,Financials
2003-12-30,165.9630836233722,175.6647966648753,156.54817332805013,166.23448978491103,1478057,-0.03781929527045812,0.06356917639052548,Financials
2003-12-31,174.68112092806538,188.0379671257167,161.47896287091694,174.82493946222803,1716222,0.05038574665656113,0.059559860760321694,Financials
2004-01-01,167.65363858756697,177.8564217170166,158.24312368048555,168.4037997443894,1439283,-0.037420461957013575,0.057608247074112585,Financials
2004-01-02,186.07389282873478,215.84535703652895,158.16280890442457,187.69161481437303,2176766,0.10843560389967516,0.05445192146034009,Financials
2004-01-05,194.30564595595578,212.09246093147664,179.74472144227542,197.30664668365336,1540005,0.04995883141409402,0.06508265075687625,Financials
2004-01-06,172.82994675343377,199.01274702353845,146.9054547404187,173.05456262916388,2377969,-0.13115216497768412,0.06215290716509164,Financials
2004-01-07,175.48220900597494,183.122699911734,169.46768674760338,177.0542955555803,1095554,0.022849504393032287,0.07596394310466019,Financials
2004-01-08,177.75039757551872,178.2582596755685,176.88502805041108,177.391865766155,1288900,0.0019047762367039212,0.06924399973468837,Financials
2004-01-09,175.5805360324379,179.4704333596717,170.9186938254584,174.791101635808,1283232,-0.014769660370232812,0.06274017393411341,Financials
2004-01-12,160.81776906853975,180.54858670756914,142.16933378341713,161.78768045693363,1941073,-0.07730669478932502,0.057286865600624785,Financials
2004-01-13,158.73959004618837,162.79753576920183,155.68954380545452,159.72848868207564,1022158,-0.012809433109267689,0.060182030002009036,Financials
2004-01-14,154.9963773682165,163.0355302541083,146.29679897784962,154.2998239250237,998627,-0.03457780980602566,0.05497375396147959,Financials
2004-01-15,149.69108407328028,156.51311796529708,142.86064475866561,149.6822772895915,1573482,-0.03038272200935767,0.05193298219187001,Financials
2004-01-16,136.86278935228995,155.50073391812768,118.0770958066407,136.6917479985247,2110258,-0.09078652010549024,0.04894991502523326,Financials
2004-01-19,131.12041883602254,139.64407047023528,122.38543610723832,130.8943947550802,1050178,-0.04333752495036536,0.05703686684690642,Financials
2004-01-20,117.82801156928436,135.76241593586786,100.1538098338917,118.05427472684164,1692490,-0.1032463771513499,0.05462860518165293,Financials
2004-01-21,105.88828955856906,121.77153299235441,89.53788933529816,105.33869333564489,2013025,-0.11396366430881873,0.06392495414551466,Financials
2004-01-22,103.29998445611851,106.37392433808263,100.19651345650766,103.26954761700307,1174091,-0.019838272633170367,0.07291966351683811,Financials
2004-01-23,96.12739330638513,106.32912620183835,86.29443829159665,96.4619491750569,1268827,-0.06819391557096237,0.06642932651387723,Financials
2004-01-26,90.71697856172366,98.91571428678485,82.93258688830052,91.09857772486114,1867431,-0.057206429614691884,0.06578636526670843,Financials
2004-01-27,87.1144005876386,92.6019439290472,82.479464668159,87.92393651809357,1365043,-0.03547010894650559,0.06366445650748091,Financials
2004-01-28,85.46263295679621,90.43655016168051,79.65540586149365,84.57782747022847,1759116,-0.03879993733556643,0.059424319198589814,Financials
2004-01-29,89.41010983567197,98.2948005211115,81.13042416948444,89.96383773472796,1682966,0.061735641017217326,0.05613212128861063,Financials
2004-01-30,84.98975776198428,92.17424231766675,77.97818323000267,85.1494900252302,1894081,-0.05499936868171564,0.056500844578275505,Financials
2004-02-02,76.34996465002946,87.80245934753387,64.81303522970268,76.25062968200315,1855770,-0.11038274437859401,0.05574599477769545,Financials
2004-02-03,76.24307485327276,76.34459594825138,76.08153121400201,76.18297227969151,456710,-0.0008876967529968796,0.06643602400419808,Financials
2004-02-04,82.41511829069884,91.52747022310132,72.94300894459337,82.01063901550526,1164618,0.07371100611468653,0.06025872907071554,Financials
2004-02-05,84.56114534763783,87.23455502592562,81.10949783104957,83.7575001812202,708567,0.02107673815830487,0.06180524578658532,Financials
2004-02-06,71.19242909921074,82.08598272323006,60.51356473432913,71.3791154115044,2447925,-0.15992039577877556,0.05676746479367597,Financials
2004-02-09,76.48910801678785,83.70861210442989,68.84015308202636,76.01489840145902,1965491,0.06292402735351976,0.08071069318985574,Financials
2004-02-10,74.84411432875682,77.27259691031975,71.97455038483442,74.3882411544681,1059272,-0.021631472323890823,0.07684587027880936,Financials
2004-02-11,76.67769759469438,80.7640139411184,72.83859752748675,76.91312642009102,1026131,0.033378676265602654,0.06996011944215766,Financials
2004-02-12,68.79450882056733,79.11368514365242,58.181006576153486,68.44824303076881,2305742,-0.11659867313103968,0.06467344937665964,Financials
2004-02-13,65.50868871231708,70.37582699211542,60.30069767635852,65.14047884728596,1810045,-0.04953173261410141,0.07406356479273829,Financials
2004-02-16,71.779115059423,81.00196024712803,61.84792617027515,70.96633827219213,1506619,0.08565950490445404,0.06968743203913988,Financials
2004-02-17,73.42403390282546,77.52254450734621,69.46955839301204,73.56070799692814,1575817,0.03590536867030983,0.07131411616530924,Financials
2004-02-18,69.65806445386374,75.29665811135482,64.16666733901052,69.79450490254317,1429255,-0.05255574409947717,0.06604499872400639,Financials
2004-02-19,73.30168743417389,79.7033662662386,67.32418001946701,73.69387709645467,1668293,0.05436443665388351,0.06327613626668956,Financials
2004-02-20,77.99376513874988,84.32220242873109,71.47812202789494,77.79002802815374,1570439,0.054093531525440955,0.06120800056019351,Financials
2004-02-23,67.0004979680189,77.7666218730536,56.95042327281607,67.62314945482922,2264850,-0.14006287654019298,0.059464712132452135,Financials
2004-02-24,63.95130795795988,69.27903526420988,58.69551405694695,64.01777852567929,1525859,-0.05478953773672059,0.0766256027637194,Financials
2004-02-25,62.33558587226062,64.80360889126963,59.916770079257056,62.38295502684032,805972,-0.02586875280689329,0.07243942583933964,Financials
2004-02-26,56.77099676290699,64.48399291804233,50.009533792941674,57.62126271518108,1908848,-0.07940043749455676,0.06632009641514533,Financials
2004-02-27,59.80647648988111,62.86497831106095,56.570688004964246,59.61963474356932,1517950,0.034093317877786765,0.06755996278832893,Financials
2004-03-01,54.818316170711775,61.76995565878246,47.83887519966567,54.786477100415226,1962894,-0.08454156656231866,0.06265646021086481,Financials
2004-03-02,52.3473298970876,55.83015256830789,49.09225288428311,52.5617428654514,1252243,-0.041454862093938255,0.06567158500025862,Financials
2004-03-03,52.085834883638384,52.61457304847552,52.054433875184195,52.58287239081728,337752,0.0004019136043973712,0.06170884458358517,Financials
2004-03-04,56.27892579304314,62.58039799752701,50.21855120620649,56.4965848756726,1997333,0.07178974487564221,0.0560928643416849,Financials
2004-03-05,54.76204041396284,57.111686234079336,52.88910829016747,55.22298907402306,1190081,-0.022800856330861204,0.05822536100738408,Financials
2004-03-08,54.78796209055781,55.387980258130504,54.29089606283425,54.88998859080898,767581,-0.006048360610091381,0.053759985016415775,Financials
2004-03-09,58.15575272512827,63.5021086807499,52.93772411498763,58.27351393827385,1985028,0.05981670904571877,0.04916905725232745,Financials
2004-03-10,57.983298388236996,58.79971492528921,56.916234367246716,57.729071336125344,1153157,-0.009386801139249425,0.05070288704822586,Financials
2004-03-11,62.03692192265046,68.72297854083882,55.34430406590217,62.029568125342706,1648638,0.07185029399669174,0.04658157371068835,Financials
2004-03-12,59.64415899671519,63.09398580016155,56.333974478622146,59.77645879058594,1758293,-0.036999258868755804,0.051090548241363484,Financials
2004-03-15,57.21336135218024,61.11425862322399,53.22563933318152,57.12018359788435,1124782,-0.045454385465795104,0.04892378837751685,Financials
2004-03-16,64.37215769519635,74.2473234010726,54.7163340409169,64.56288991397618,2165644,0.12248225391264733,0.04821560773315426,Financials
2004-03-17,60.40129811409133,66.48153182352426,54.29499027880371,60.372305474383815,1698497,-0.0671093050345601,0.06488513883617925,Financials
2004-03-18,71.52088174077527,82.24901400189155,60.26246236732493,70.89701454979404,2771800,0.1606978435972398,0.06437090815551269,Financials
2004-03-19,83.34426280856013,96.17616886435998,70.8426233872761,83.63145118639999,2570551,0.16519133495475136,0.08537248147929637,Financials
2004-03-22,77.23566435239732,87.51773300634932,66.34095986946892,76.52894599375698,1919103,-0.0887506114363504,0.10011990334976444,Financials
2004-03-23,71.09913783227485,78.92202105681939,63.34957386314799,71.16525097970283,1405126,-0.07266439702272554,0.09644011972183489,Financials
2004-03-24,71.39489621413196,73.05296852929392,70.26814064158137,71.91795798618243,1053118,0.010521345663805429,0.09128293675584129,Financials
2004-03-25,64.56389525360322,74.2484795416437,54.74001522373753,64.40001791027944,2272013,-0.11041208568944796,0.08235693317142964,Financials
2004-03-26,57.30093452993736,66.1508929260984,48.70579435044675,57.522515587911656,1654563,-0.1129374646206076,0.08575987321041678,Financials
2004-03-29,53.68604453981336,59.22072182769877,48.21712255576914,53.745720715427844,2067418,-0.06791239735792035,0.08886526497846646,Financials
2004-03-30,53.3237228523021,54.52990764491325,51.74377956601395,52.941314260635714,929784,-0.015080027276066114,0.08431750893491492,Financials
2004-03-31,51.03988219847161,53.93165322756187,48.09062296094753,50.97894125364531,1890473,-0.03777139111000076,0.07629983573893591,Financials
2004-04-01,53.98896480169706,58.33595913352241,49.45915519843534,53.79014096047219,1623548,0.053677565996334886,0.07050768500659044,Financials
2004-04-02,55.12385516897534,57.28526269763474,53.018188594011946,55.177545225521115,1374099,0.025465884277127513,0.06715101696686727,Financials
2004-04-05,57.72491248301064,60.69939612212316,54.16336948034447,57.105959333253836,1504117,0.0343523966939803,0.06168212020553447,Financials
2004-04-06,60.54998750757618,66.08122910627101,55.1081883234335,60.63205434278826,2178358,0.05991522495868162,0.05762603783215615,Financials
2004-04-07,59.858834891720115,61.15639021870121,58.46668487195098,59.762144243235014,705632,-0.014451281689976909,0.05740281627467321,Financials
2004-04-08,58.09527973514969,60.46077072387525,55.95413473542599,58.31165119221887,1211295,-0.02457049877930361,0.052606012815870865,Financials
2004-04-09,55.26637489165297,59.95081593265045,50.436962732043156,55.107977859753255,1457314,-0.05650742789120386,0.04903540026395644,Financials
2004-04-12,56.24070079446405,58.18338430551613,54.390326242599606,56.33006943712334,1478170,0.021933991169216023,0.05002539149541037,Financials
2004-04-13,57.90792841803846,61.91034596120579,54.57039765920946,58.536582637159846,1540310,0.038423417426082504,0.046628283591688725,Financials
2004-04-14,59.831464865473194,62.068240119889026,57.70629492968349,59.93924201834145,921257,0.02367951311870214,0.0453961597006884,Financials
2004-04-15,59.67975158615108,60.54633003617875,59.31824576304183,60.18178319255124,837135,0.0040382856105714016,0.042810710735599125,Financials
2004-04-16,66.06199965595432,74.39736561493199,57.203281505812406,65.46307867168001,1741502,0.08411659756377936,0.03960620816930846,Financials
2004-04-19,73.62701085650232,84.67106248497767,62.24561366225306,73.23013372029772,2598445,0.11212069979336596,0.0491554847224244,Financials
2004-04-20,71.69399947071707,74.84291596634071,67.99339307385686,71.11696529451473,1727568,-0.029281079019821337,0.06259925751125417,Financials
2004-04-21,69.68513446996756,72.004023862516,67.24203233289454,69.55664605866998,974188,-0.022184448282369394,0.05799604185677677,Financials
2004-04-22,68.65219571251713,69.8910708030931,67.64227107260321,68.87782696042922,1380115,-0.009807160372485841,0.05352247339839005,Financials
2004-04-23,68.34239367287738,69.13401781865099,67.56815207547261,68.35958150268152,497212,-0.007552575161577318,0.049052534961313114,Financials
2004-04-26,64.81088377037777,70.47173410142602,58.85965742317667,64.49271782628087,2046365,-0.05822942075700744,0.04509409226983472,Financials
2004-04-27,66.7805421677728,70.38794660853794,63.22079654308539,66.82578909064773,1485904,0.03553675476053339,0.04727982172520097,Financials
2004-04-28,63.24622085186227,68.81201232645881,57.472332423408815,63.018043876684956,865278,-0.05866797414539563,0.04558217167632508,Financials
2004-04-29,68.21111963760163,77.15121282705137,59.63079063007655,68.53068539769026,2003753,0.08386051084839194,0.047733396886589785,Financials
2004-04-30,69.55673426987532,71.68431349149509,67.66392811040497,69.78528783928282,1400349,0.01814160463721978,0.05456802666973719,Financials
2004-05-03,67.80204181320596,71.30457395633357,63.9399333011903,67.42287854861058,904296,-0.034438806948980966,0.050314046751630884,Financials
2004-05-04,67.1060945613805,67.7484779444684,66.35266130000795,66.99397136661624,698212,-0.0063817689216521525,0.047990700703684414,Financials
2004-05-05,68.72459647738542,71.6888252809511,65.89771797306554,68.8565202971827,1606182,0.027422287887375645,0.0441428921731449,Financials
2004-05-06,71.26307929932442,75.96656010006066,66.9873205215415,71.66659078051345,981851,0.03999975695524421,0.04209124878730298,Financials
2004-05-07,69.53502689417948,72.42900007617929,67.21384550956611,70.08931571612092,1042024,-0.022254313049506338,0.04192058757998865,Financials
2004-05-10,67.12887965610885,71.92544299806073,62.05373250329801,66.82885841160643,1060637,-0.04763536813091423,0.03975118486079394,Financials
2004-05-11,65.95445417525843,67.29581219486761,64.58804124097618,65.92887912437882,1680064,-0.01355842741664159,0.04128552534260366,Financials
2004-05-12,65.826670569147,66.23045958716133,65.25705346714867,65.6598189967809,1614052,-0.004089416589791664,0.038615674606999495,Financials
2004-05-13,67.3444451707774,70.06559607550236,64.68964984797572,67.40828414698767,1200256,0.02628076516253574,0.03599228750009732,Financials
2004-05-14,67.71269218984598,69.72381220229273,66.33220569921497,68.33072561026196,1209367,0.013591607382956053,0.035213031681764956,Financials
2004-05-17,64.95941107724582,69.80991080479873,60.3090642755229,65.1461925944278,1082233,-0.04772566668533995,0.033461557777017044,Financials
2004-05-18,64.36678652727427,65.48072504557673,63.354081337886356,64.46645178774965,822272,-0.010488900088855568,0.03657050133886251,Financials
2004-05-19,61.78984193754794,65.46777832278828,58.70979925546872,62.35934745818213,1138804,-0.03323138114074125,0.034444503310422335,Financials
2004-05-20,61.33121334266919,62.56822956807319,60.70644641379222,61.937288689385056,1556697,-0.006791179616663561,0.03485380539510052,Financials
2004-05-21,63.1757271472333,63.75313308244492,61.74628533975963,62.315832109419645,682299,0.0060931200561247754,0.032844302679513514,Financials
2004-05-24,65.1201503594543,69.11725748009773,60.93396612176737,64.91870865041997,1437835,0.040920330584618796,0.031121816971467965,Financials
2004-05-25,66.51145729625833,70.74727293391578,63.02742781276802,67.225823250254,1813312,0.034921597221679604,0.033556296153741616,Financials
2004-05-26,65.21205985661709,68.97234831849399,60.96037388714779,64.69059329916566,865951,-0.038441646837969475,0.034405634743789784,Financials
2004-05-27,65.884802347699,68.64309551691674,63.51546841516667,66.26025948226908,1358711,0.02397451155253729,0.03561828453815168,Financials
2004-05-28,61.31278891354366,68.32034377312921,54.67522671622367,61.646639756551615,1658396,-0.07217159002699561,0.034657558127773505,Financials
2004-05-31,59.15168851171898,62.74503261575082,55.73213847718766,59.31598464686228,1362753,-0.03853989768304305,0.04292118159321467,Financials
2004-06-01,60.5253401969577,62.13830400923504,58.7701551309243,60.37922506300663,795047,0.01776626458745526,0.04238609230041243,Financials
2004-06-02,58.221592814423595,61.77639832551901,54.43137965049865,57.97087735839376,1583252,-0.040704319929618565,0.03980716870122749,Financials
2004-06-03,58.5219845031566,59.122291772637915,57.76993743434191,58.36867205418738,1223659,0.006838538537586487,0.040202173985324476,Financials
2004-06-04,57.45585129731709,58.73664898313908,56.340534723869155,57.61818130593254,864307,-0.012941142903809788,0.03741639581676125,Financials
2004-06-07,58.320244678971136,59.168137717969664,57.333509134824816,58.17935382204596,787855,0.00969238090667404,0.03528612075139123,Financials
2004-06-08,56.07892726315962,58.91255629118637,53.841540314801364,56.65229368161479,1395646,-0.026598071177538096,0.03331935760622373,Financials
2004-06-09,55.21586524763478,57.77335778094955,52.38543974449505,54.929676569430654,1606317,-0.030878716009668666,0.033079635451255245,Financials
2004-06-10,58.50208407582561,64.69779316641986,52.58887358405204,58.7586498012554,1595016,0.06738461355905827,0.03344299763225808,Financials
2004-06-11,60.44075840063396,63.07129623729707,57.83959117279706,60.4689171514089,1630324,0.02869109407479597,0.04093714931673331,Financials
2004-06-14,61.48466812889047,62.97645858146552,59.963897594308655,61.45496742451439,1800837,0.016175202674893453,0.03954942461308045,Financials
2004-06-15,58.94310688403593,62.97091874188629,54.70570286568395,58.7181419974299,1504858,-0.04555592752374638,0.03729036292417478,Financials
2004-06-16,57.21733385032389,59.37834078131009,55.19318691687881,57.34951765239067,977923,-0.023584309127254968,0.039035346975474165,Financials
2004-06-17,58.06528899642056,59.11802159297602,56.99449495103187,58.04689404428334,1210918,0.012086768931439123,0.03744916015544296,Financials
2004-06-18,59.660061658757186,61.470671041282664,57.43563255952062,59.2332899462662,907810,0.020232512138318736,0.035268472812963046,Financials
2004-06-21,60.33690822581781,61.93124191605972,58.69299464343422,60.28598268457878,1067238,0.017615903069642842,0.03400728336343633,Financials
2004-06-22,57.12191686167828,61.71986525655469,52.578908292099875,57.172809133275464,1953090,-0.05302119652344517,0.03273750545708546,Financials
2004-06-23,54.32016411159126,58.37020480541764,50.57136234270116,54.60195572938961,1019379,-0.04600871923225233,0.03713600009369385,Financials
2004-06-24,55.06439546736714,55.16106054692324,54.56992980164972,54.66589531757026,1097947,0.0011703276831382743,0.038997260662460606,Financials
2004-06-25,55.17567140030191,55.53601913233799,54.54585024692991,54.90442650103383,1574209,0.004353944687224471,0.03628821463469381,Financials
2004-06-28,54.152583388723286,55.22454795356873,53.18235310938378,54.25252702390358,1082912,-0.011944401277835078,0.03400457531347504,Financials
2004-06-29,54.661809592015786,55.90402030020129,53.673030437912274,54.910738267632084,1373778,0.012059353827758341,0.032348867400308304,Financials
2004-06-30,55.214663555241785,55.515811353958966,54.810180694216996,55.11076179954158,1135413,0.003636084804608621,0.030967298556342365,Financials
2004-07-01,57.89260998824099,61.49988852687945,53.868678495769124,57.448270305446215,998228,0.041539884962532796,0.029481554077220237,Financials
2004-07-02,56.00228674202577,58.38165118627232,53.47126422626317,55.84389927554978,609816,-0.028324610567030156,0.03246789076998254,Financials
2004-07-05,54.035396778440926,56.84675321000911,51.13373981229393,53.940140231276175,1684029,-0.03468536797703767,0.03261401047720598,Financials
2004-07-06,54.181447116167305,54.49207398509501,53.836269362749356,54.14669700632614,1210167,0.0038220570011934193,0.03363629224931336,Financials
2004-07-07,52.903551546805375,55.358834330425395,50.06061475516694,52.497030682991436,1894921,-0.03094036489462985,0.031738168551178725,Financials
2004-07-08,51.50172348735783,52.86108352546791,50.399054263313914,51.753033665964175,1003258,-0.014273557587052895,0.032395138545132825,Financials
2004-07-09,51.63159344252455,52.15817526277108,50.878103194778475,51.402346969322856,1361422,-0.006799219691366104,0.031146687914051435,Financials
2004-07-12,54.21031255975437,59.66160639335088,49.234588167688955,54.645901245819886,1254567,0.06119037943295172,0.02971577598976633,Financials
2004-07-13,53.035070042660216,55.857026330277485,49.93510226639293,52.741434422986316,1669318,-0.03547283316928902,0.03698731207335117,Financials
2004-07-14,51.792645724463476,53.08056927160084,50.766652080097636,52.04948768065544,780177,-0.013206426382413742,0.03719136038769766,Financials
2004-07-15,51.40375651227728,52.362046435005034,50.454507836197315,51.41263382580643,420025,-0.012311015646664536,0.03511010231627362,Financials
2004-07-16,52.10019683364012,52.73229787267317,51.20133473954641,51.83015957538069,732066,0.00808827448453349,0.033300294197877965,Financials
2004-07-19,53.69601996361372,55.99521941265543,51.047445886274126,53.33101631498249,1454429,0.028545870508338483,0.03157436780923338,Financials
2004-07-20,55.58923436714573,58.8695207442746,52.19755004361222,55.4708506720294,1205203,0.03933958813516339,0.03193403467311995,Financials
2004-07-21,53.57046611132751,56.28129140464914,51.06956328143735,53.771025584470586,986740,-0.03112290547921078,0.033881654853325345,Financials
2004-07-22,57.79255522828259,64.03248760744609,51.545179639932336,57.784211092635786,1545534,0.07198080969097773,0.03411258587823672,Financials
2004-07-23,57.09607438025717,58.12892568565113,56.05876085790287,57.091529955989444,1545978,-0.012059805238858991,0.04252199850436681,Financials
2004-07-26,57.96694865515889,59.587462595892376,56.467282795592105,58.0847491146811,1177953,0.017247367041152876,0.03960192067064652,Financials
2004-07-27,59.11966448846273,60.34896124372189,57.67090427951816,58.89554074806508,910443,0.013862243252965388,0.03740682353690542,Financials
2004-07-28,60.35707866908135,62.51713629196115,58.158960695492986,60.31760565928475,1236169,0.02385865000439251,0.035330448990886075,Financials
2004-07-29,61.804025890794065,63.1304271085545,59.8736544268723,61.18680930973895,1042362,0.014307603198364941,0.03440897815575024,Financials
2004-07-30,63.46596110700542,68.27380435824698,59.21069934296744,63.98382114686463,1713086,0.04469862468863158,0.03283120997725483,Financials
2004-08-02,64.58607981171225,66.01705346149883,63.36700082845245,64.79404900583901,951190,0.012583505989874642,0.03552472007229261,Financials
2004-08-03,66.84312166672598,69.72403658963948,63.808782885432734,66.6827874607263,1814888,0.028733097747663437,0.03366535730422865,Financials
2004-08-04,68.51141020339878,71.26706529439258,65.74004911793315,68.49504601097073,1644919,0.02681456108612885,0.03362326072622378,Financials
2004-08-05,69.11123472525553,69.21558719601553,68.32281463041205,68.42613265149969,552753,-0.0010066136731106516,0.03335074260683198,Financials
2004-08-06,67.51292018172869,69.94855790119674,64.3901238735209,66.80004341124155,1097598,-0.024051077560777828,0.03146378261755507,Financials
2004-08-09,65.36666460219676,67.53185835859905,63.17674934070865,65.34109617301655,1247161,-0.02208254793253881,0.031284882020857795,Financials
2004-08-10,63.53011999466842,66.19733555933118,60.88848558674197,63.55467992921651,1137984,-0.02772054586756783,0.030921528308382885,Financials
2004-08-11,66.40958810861238,70.91248695813043,61.958975443328264,66.4585902836108,1359703,0.04467841458882093,0.03130777906240379,Financials
2004-08-12,63.30826524103288,67.70802578724665,59.427981827622524,63.7977414504285,961046,-0.04086126193935864,0.034402990180823184,Financials
2004-08-13,63.28062440123544,63.896425464716074,62.98513565379135,63.59944797125765,926454,-0.00311299864942883,0.036018037089727485,Financials
2004-08-16,61.090739865247826,65.48400935018469,56.26268522939481,60.622264880848626,1411424,-0.04794255773872793,0.033753411838305915,Financials
2004-08-17,61.14814840984781,61.31558442404261,60.346008506042914,60.51170180052692,1009992,-0.0018254683480363096,0.03682672365227079,Financials
2004-08-18,61.35673715888014,62.777839427256566,59.99431158505561,61.41413924092508,1532071,0.014803324914932496,0.03443059555354844,Financials
2004-08-19,63.57655362508831,66.56474079125397,60.39054246031095,63.36897304830228,1076453,0.031334268120152484,0.03288226714230913,Financials
2004-08-20,59.948100723186116,64.80358584222968,55.436993549959276,60.26837775507024,1212617,-0.05016680671900007,0.03335071585031402,Financials
2004-08-23,58.16201182453079,61.203421686101784,55.26638235362002,58.300878649803934,1613503,-0.03319038641747372,0.03697732376254312,Financials
2004-08-24,53.915559860829795,60.116091214912664,48.06893505544186,54.234843197238476,2299976,-0.07229359910793352,0.03686594961062487,Financials
2004-08-25,59.04967414456507,66.4537070633278,51.57006420856637,58.96326223961669,2169146,0.08359101074389472,0.04439857276254831,Financials
2004-08-26,62.631797784156916,68.85651573202344,56.64123208353301,62.845509108793216,1514906,0.06376490230802276,0.05220253990237377,Financials
2004-08-27,67.45569252875883,74.1434645746802,60.48322078653984,67.13966040154611,998928,0.06609545510751481,0.053758520745644536,Financials
2004-08-30,66.21185911991908,67.39425168674589,65.44690927910958,66.62453418453583,769183,-0.007702042614693044,0.0553829777105596,Financials
2004-08-31,69.65743995285051,75.72644161247348,64.18277602802512,70.20846997778872,1552872,0.052396067847943366,0.05062329103423102,Financials
2004-09-01,66.81946690910384,71.74466620458678,61.978697249661025,66.89819318104594,1629096,-0.048296999695491276,0.05061596847831825,Financials
2004-09-02,67.11565105819727,67.15849397342386,66.88394636179184,66.92666864110792,638760,0.00042556308452740364,0.04999471010953487,Financials
2004-09-03,63.29344958912229,68.45022333372916,58.50108922624116,63.63221298228922,1333139,-0.05047768654304003,0.04582143599604862,Financials
2004-09-06,62.902612750685975,64.18696108899807,61.490238076763056,62.77191788143549,1245350,-0.013612029581904148,0.046496050619408466,Financials
2004-09-07,62.80723608407755,63.148201041427725,62.205604205196494,62.54514634213208,439863,-0.0036191685184568563,0.04309639522005142,Financials
2004-09-08,59.16851822105374,64.94922137102961,52.875966514361515,58.60124794385339,1885507,-0.06513264512702685,0.039847260657227684,Financials
2004-09-09,61.06966955561732,64.19963109743733,57.53030281888198,60.63814787860303,1583113,0.03416820564224057,0.044794894404323785,Financials
2004-09-10,62.9858912828481,66.11611491362126,59.56576813966916,62.680831129188476,1030515,0.03313147930982822,0.04336341768446279,Financials
2004-09-13,59.393285887146966,64.01403148375647,55.22363828168743,59.814792423729386,1810744,-0.04680268196624415,0.04205904222412085,Financials
2004-09-14,58.393860727987494,60.29786901279342,56.93064532143963,58.823878356730965,1100542,-0.01670512833947699,0.04293884118293499,Financials
2004-09-15,60.448662981181684,63.23102675865402,57.79433870167489,60.5713167064138,1108976,0.02927359237411216,0.04021012885620252,Financials
2004-09-16,59.919735338127914,60.70806808545392,59.83862573323916,60.62600245086749,1417915,0.000902425046117113,0.039013139474781834,Financials
2004-09-17,56.93999324830993,62.237966080725265,51.80094177712148,57.08575871999459,1825168,-0.060169208295916446,0.03630071895965152,Financials
2004-09-20,55.923038879795094,57.698058546909984,54.11651256292719,55.89049941436813,768561,-0.021160267189464253,0.04119761888305791,Financials
2004-09-21,54.8343348734054,56.30430646347325,53.57835511404759,55.04353497831038,824685,-0.01526999172151851,0.03905071801435128,Financials
2004-09-22,55.11647369070913,55.201948103145384,54.901383759601494,54.9866568525915,987758,-0.0010338640665571743,0.036809547117906655,Financials
2004-09-23,57.16627167241742,61.407547139461016,53.303172770711946,57.520510034551656,1122339,0.045051027335866536,0.034410965381060296,Financials
2004-09-24,58.317621752147176,60.07210834758184,56.78704415524974,58.53580442807767,439129,0.01749702806700478,0.03676589303101141,Financials
2004-09-27,55.819028947396234,59.957646767739156,51.58204235827945,55.712782711502165,1725220,-0.04942899579094144,0.03503293608835622,Financials
2004-09-28,57.7365250127029,62.79335616337774,53.50317415745857,58.50375086249976,1237810,0.048881256758616584,0.03805691964034684,Financials
2004-09-29,58.900992865084575,59.131663263153534,58.42697990104163,58.65669356452656,862333,0.0026108263697956504,0.040212807603482795,Financials
2004-09-30,56.33918113269079,59.728415752591786,52.99192725845088,56.37880757098637,1744360,-0.03960836025591039,0.03734539300146354,Financials
2004-10-01,61.264258347719014,68.4554694727725,53.81143827222134,60.96785784600345,1799748,0.07825346914061129,0.03809286065749469,Financials
2004-10-04,62.54929538654549,64.50061995643392,60.307167782963475,62.249128159678506,1299340,0.020797725035158733,0.04668397628028418,Financials
2004-10-05,62.37197783211964,63.300826717390215,61.743105504564625,62.66896003411486,1594467,0.0067217400015509654,0.04368520021776505,Financials
2004-10-06,58.85050598659527,64.23737845156649,53.89300620659715,59.246518986279376,1762459,-0.05615924277838638,0.040416514480472496,Financials
2004-10-07,56.56211793556941,60.471901750811625,52.7122461543116,56.61821195842596,1053249,-0.0453763274994199,0.04335752295296003,Financials
2004-10-08,58.92521842834143,61.52347435613092,55.73626181166724,58.30726983723888,1104235,0.029396083115632566,0.04373501459806955,Financials
2004-10-11,56.40854757276335,59.50496953454534,53.12643822083242,56.21207527193427,1165355,-0.036595186309164855,0.041950216410596285,Financials
2004-10-12,55.99384609423817,56.47560761905843,55.836576332592,56.31742901096331,1177010,0.0018724648345757838,0.04133688032093209,Financials
2004-10-13,57.50731011208379,59.75888697366882,55.43892479648227,57.68414150228675,750619,0.02397823061184357,0.03830817221451786,Financials
2004-10-14,57.185224797171095,58.31097694392386,55.81127047666373,56.93203837870775,1011301,-0.013124044433338278,0.03688165096934978,Financials
2004-10-15,53.595829800869026,58.53162921510003,48.61098964122366,53.54181463845233,1599126,-0.061395316670091335,0.034843091480567384,Financials
2004-10-18,50.61444501646748,54.8009729721733,46.63981920925881,50.81091858676552,1896923,-0.05235166635289616,0.040455414415028174,Financials
2004-10-19,51.16218832532352,52.44217515380974,50.1866467017436,51.46093709945355,1214850,0.012711752637537335,0.04266634493230091,Financials
2004-10-20,53.54990340204753,56.128535646820474,50.58088468568461,53.139767312276376,1562482,0.03210254461665803,0.039756406907231374,Financials
2004-10-21,52.51125460692368,53.40426252937623,51.71098867421425,52.60260443500696,1234831,-0.010159929062825026,0.03897490882309235,Financials
2004-10-22,50.76301147990931,53.415328557063155,48.24700231861901,50.89288249132263,1298318,-0.03304255188886984,0.03647901366537937,Financials
2004-10-25,51.101155048145806,52.19794534673795,50.32129010952876,51.413316450579856,1070356,0.010174133218479868,0.03644648523106784,Financials
2004-10-26,49.05651521105026,52.59306447133956,45.46825390587998,49.00078554027145,1200129,-0.048060884404778244,0.03432497598791386,Financials
2004-10-27,47.46865578712409,49.94835592929124,44.85154132347625,47.3236674664779,1365160,-0.03482578979116248,0.03726983328004177,Financials
2004-10-28,49.131975129357876,53.08390656604533,45.67622913140032,49.59555427126833,1338432,0.04689065846099939,0.037325028109358775,Financials
2004-10-29,47.87863251372618,50.14580139020312,46.20839456518481,48.455441556355495,1037408,-0.023256553231235703,0.03929804392495194,Financials
2004-11-01,51.186665593276835,55.20091596308589,47.05218873228844,51.056208139057105,796834,0.052282501354367204,0.037637734991515584,Financials
2004-11-02,53.46437119931411,56.34535930274977,50.07184556406245,52.92369893088256,1302579,0.035924087248003014,0.040537615475181275,Financials
2004-11-03,48.97180043404917,54.61238118502591,43.504662335797946,49.127824765254424,1657314,-0.07442566333814737,0.040102613648255465,Financials
2004-11-04,49.388736064246366,50.145039117032155,48.77919341664438,49.533707273316956,1427434,0.008227822727420678,0.04708983543861121,Financials
2004-11-05,46.38946693660855,51.07977274211341,41.62318003296029,46.30493951340576,2221382,-0.0674047524899592,0.04340641244486195,Financials
2004-11-08,45.671400934614944,46.93709766696909,44.19752815684515,45.45729124294437,1446960,-0.018475409212374356,0.0478414403190547,Financials
2004-11-09,40.59265943877374,46.72008806050932,34.50376052295768,40.62616353087767,2185365,-0.11236095014431847,0.044522397074686366,Financials
2004-11-10,40.62355310434845,40.903581670371054,40.16113159485731,40.43989415264199,1007770,-0.0045955042436145324,0.059829278289320324,Financials
2004-11-11,42.50869069664817,45.371650496345886,39.44832151401317,42.29702567723639,1672933,0.044899991864855014,0.05446835623905601,Financials
2004-11-12,44.29783474595439,47.54085794070859,41.126482250555824,44.36471722237094,957903,0.04772772775593656,0.052686268187520896,Financials
2004-11-15,44.337469426603654,44.68371939419987,43.78967860757023,44.13434226966873,1112000,-0.005206280708305533,0.05159810736774771,Financials
2004-11-16,42.83953938443357,44.80944074824333,40.83373839123656,42.80190940625158,1814390,-0.030655501780450244,0.04726476013870109,Financials
2004-11-17,40.9642790086031,44.0025282752276,37.71562411555068,40.737017815047864,1069180,-0.04944550618497674,0.04503476445133067,Financials
2004-11-18,39.04702350140355,41.42968298897567,36.90133992271973,39.27165559139068,1405830,-0.03663418081204401,0.045708125313042046,Financials
2004-11-19,40.965982303444605,43.51237614061558,38.388871397700186,40.933229352727864,930152,0.04143915990767234,0.044415038627379735,Financials
2004-11-22,41.37829576115639,41.83015275165644,40.78205172878505,41.23231458365623,377016,0.007280096681736473,0.04399701263830708,Financials
2004-11-23,40.82291446964454,41.588781098174195,39.95589530594711,40.71982795892811,844105,-0.012507136224503583,0.04070061016779229,Financials
2004-11-24,40.8040538663222,41.1757784751576,40.10456135477114,40.47327254840976,858122,-0.0060733280742676695,0.03806173935732866,Financials
2004-11-25,41.352496914404966,42.397242635197905,40.12083321278872,41.16073416415589,834334,0.016842928460570714,0.035559662532268645,Financials
2004-11-26,41.16270049092225,41.34580531370258,41.05181194693181,41.23472274834897,1505532,0.0017959389231502968,0.03397269956003276,Financials
2004-11-29,42.655448487987385,44.48786123755314,40.60987138469417,42.432715882598636,696122,0.028638979145994312,0.03199686331203971,Financials
2004-11-30,41.948847214491316,43.15375169357056,40.43222467901029,41.6279108434849,1202760,-0.019148789682163273,0.032281079263652056,Financials
2004-12-01,39.94061919892268,42.89121626182883,36.69995464707198,39.627413787059965,1182887,-0.04924972992549787,0.031442898795828414,Financials
2004-12-02,42.25804802385737,47.06885034402,37.76056876556881,42.54123210422839,1492106,0.07095262667676844,0.03542252238912325,Financials
2004-12-03,46.02514019694579,51.202315261799455,40.69615209496894,45.854085989111354,1603650,0.07499053839850801,0.04311548861808575,Financials
2004-12-06,45.77464889119808,46.427363633048955,44.77259169983631,45.42025300213392,1132047,-0.009506204236939235,0.04930206298336552,Financials
2004-12-07,48.432198687364796,53.443945318182166,43.56751042354721,48.56583426078387,981046,0.06696217799539642,0.04536639636759518,Financials
2004-12-08,50.964266002355004,54.42972251105005,47.36256077082712,50.818076735151145,1114130,0.04533184759343483,0.049184122720533255,Financials
2004-12-09,49.91760384870181,51.34036444915595,48.4404119355835,49.861575608985135,1192780,-0.019001454273412436,0.04840980069330941,Financials
2004-12-10,50.02020011567875,51.33040782766693,49.14432082126898,50.44705410158501,992312,0.01167367440066448,0.04504403769877252,Financials
2004-12-13,51.430368788078255,53.12287391483727,49.82071000098701,51.51070090698255,651575,0.02086521802872197,0.041756597884270476,Financials
2004-12-14,52.8354460616498,55.06460723574116,50.6950835072779,52.92078750183317,1003394,0.02700664943599249,0.03949929584186084,Financials
2004-12-15,56.031643683281956,61.50260953730279,50.843472107347786,56.29047210604557,1909721,0.06172906634996274,0.038177995817827645,Financials
2004-12-16,57.72179208787668,59.722853790965964,55.609515586971526,57.606583306651245,1359195,0.023111568216071545,0.04286746011368725,Financials
2004-12-17,54.38603035669908,58.79614256460094,50.69080761805259,55.05543740810656,933318,-0.04529622422536099,0.04062286298489772,Financials
2004-12-20,54.99194185393688,55.06314553651534,54.968831190386666,55.04001467010188,1340615,-0.000280170303394637,0.04156844701252316,Financials
2004-12-21,55.447760706358125,56.80996745963868,54.38877188702344,55.74529605539926,1588574,0.012732570932159737,0.038501433790655015,Financials
2004-12-22,54.766329229039954,56.23011207756142,53.29715939816176,54.760794310554196,922532,-0.017818525471489776,0.0361967688824614,Financials
2004-12-23,54.18605089876248,55.797290995453146,52.0895609745098,53.68592980552871,874050,-0.019823553232682194,0.03458019432451154,Financials
2004-12-24,53.42148467455305,54.243012129570985,52.32117218171211,53.13834545899442,1685666,-0.010252148051453183,0.0334002673796503,Financials
2004-12-27,54.10440258109167,56.4890583172617,52.097578196964214,54.46872075205844,1162406,0.024727801415909134,0.03175261044034085,Financials
2004-12-28,57.004694641955,61.29163698222348,52.88286576524764,57.1586743226202,1233768,0.048204554643513225,0.03159592125972164,Financials
2004-12-29,55.800095129854775,58.12344436981384,53.27911848848898,55.59388161376937,1036640,-0.027758008112737726,0.035315629053683045,Financials
2004-12-30,53.588088249905745,56.46716455204604,50.88440990018197,53.75506188602913,1254644,-0.03363531508613492,0.03483290077676413,Financials
2004-12-31,52.14322712307825,54.93617633130114,49.091124184060995,51.86940674322309,1000023,-0.03570868627713236,0.03521881520381759,Financials
2005-01-03,52.61017128682434,53.09335806184845,51.70866077047514,52.18796992815038,1286505,0.006122856261511657,0.0358267846287428,Financials
2005-01-04,53.213519001716314,53.94244645502937,51.94530132567194,52.66673889601068,1032332,0.009132108619359654,0.03365219462066816,Financials
2005-01-05,51.41509038638063,53.013556144917736,50.37133567336144,51.95876454637379,1186627,-0.013533701295027673,0.03191371920358436,Financials
2005-01-06,50.17844483222802,52.94488002881055,47.3224967648384,50.08370899031613,867893,-0.03675462914846051,0.030696295205376794,Financials
2005-01-07,52.30509035983583,55.43046441818454,49.00481396715605,52.11907297117806,1306729,0.03983518030906137,0.0325030067231424,Financials
2005-01-10,53.055065190827726,54.5941550040631,51.5658331777244,53.10356171515523,1857822,0.01871303594667003,0.03439742134774098,Financials
2005-01-11,50.613264531008376,54.32328572186885,46.86398959293397,50.57090583361162,1235058,-0.04886757421186196,0.0331522658871219,Financials
2005-01-12,50.34614224577978,50.66221348964794,50.071442539738946,50.3872892762927,966130,-0.0036374810301559512,0.036571357073030754,Financials
2005-01-13,49.92159728544626,50.948077576211965,48.67934738705293,49.70129791568308,742580,-0.013707898606106958,0.0342338431492464,Financials
2005-01-14,46.882930805239084,50.772253928578465,43.54378981205218,47.396532690118434,1597255,-0.04748197173733801,0.03264583872476032,Financials
2005-01-17,47.128349813190525,47.88284492597507,46.14263044074732,46.893363572238805,1616592,-0.010672912246029486,0.035927444591067885,Financials
2005-01-18,47.251296443429375,47.623087382136994,46.76907776233329,47.13999292315972,1136299,0.005245583602173155,0.03390739857681682,Financials
2005-01-19,50.23185919206302,56.256593394498594,44.734929194229785,50.70760228413383,1789376,0.07295409840483315,0.03199838690773027,Financials
2005-01-20,50.690937312729396,51.4473751598626,50.249277254287335,51.0029961944278,925296,0.005808534120110522,0.04144227892945506,Financials
2005-01-21,52.19116356646112,54.17553423206592,50.281002110186876,52.2627526630439,1059698,0.024399551261735684,0.038458170088904085,Financials
2005-01-24,50.31607464507253,53.060826052097,47.85333883318533,50.58493098368919,1587413,-0.03263020587700501,0.037047609808674185,Financials
2005-01-25,50.10364573903008,50.75261327456352,49.59862442456756,50.246155528082355,1344327,-0.006719688185206706,0.03684738612663017,Financials
2005-01-26,51.16112720473572,52.53324188593834,49.78073226038186,51.152618749257336,1280501,0.017879651422478274,0.03453920993433322,Financials
2005-01-27,47.95759474562949,52.42061608689291,43.96129496268813,48.3884160258465,1838311,-0.055553241763381694,0.03320117330093553,Financials
2005-01-28,46.790412947533284,49.0286841910122,44.82471605416625,47.051997935389345,1727270,-0.028007117548790643,0.03801024503222932,Financials
2005-01-31,45.36610536637383,47.73627238213491,43.25863149948808,45.617136893033056,1496484,-0.03096987423930888,0.0370605285571706,Financials
2005-02-01,46.44918753647325,48.01421881178541,45.00875566789551,46.57003922170778,958784,0.020673944224129097,0.03664227323883273,Financials
2005-02-02,45.865105312235684,46.719159859503854,45.41874503225145,46.26887013084065,506463,-0.00648801562677545,0.035188588291586546,Financials
2005-02-03,47.369375870842426,48.920417788543666,45.741537267433046,47.289979464271546,591413,0.021829038827818725,0.03311953424762821,Financials
2005-02-04,47.648269249390275,48.70711829753624,46.799648670868095,47.85481904588374,1495787,0.011873401935902689,0.03238825218263278,Financials
2005-02-07,49.942463604141956,53.50013138564161,46.53418679937747,50.082310837023805,1233509,0.045496044298487776,0.030989445858007503,Financials
2005-02-08,48.00520645921982,51.90958522769622,43.58074153650735,47.43907551524381,1548705,-0.054221601592223875,0.03433307604469191,Financials
2005-02-09,45.57124861094542,48.99562621499809,41.7305770758452,45.12113134781828,1862375,-0.05009558597333385,0.03852279066262407,Financials
2005-02-10,43.35007628036114,45.84527401069045,41.111897219020946,43.594476484375164,1117583,-0.03442022488211329,0.04078773688807504,Financials
2005-02-11,42.4449804294761,44.07084414686902,40.987735399742604,42.60800216295059,1129352,-0.022888376355907968,0.04010765969862811,Financials
2005-02-14,43.248893845111894,44.00314101634272,42.35451334853795,43.106273261431355,951626,0.011626457991920346,0.03828160340205487,Financials
2005-02-15,41.595535893595084,43.99986318183004,39.079307881133495,41.47677021229247,1749860,-0.03853502123217299,0.0359535965661498,Financials
2005-02-16,39.997959573880955,42.46701834309716,37.34740084408319,39.80451857426873,1336811,-0.0411530787323548,0.03683573080634848,Financials
2005-02-17,42.04372162096837,45.74867618614868,38.44523127212117,42.14179206236293,1612700,0.05705949600574103,0.037941181249440896,Financials
2005-02-18,43.01390126594866,44.76410249626257,41.4390526411086,43.18306051973023,1060826,0.02440836688435529,0.04171324130712832,Financials
2005-02-21,42.052893954181286,43.64554246623879,40.63921741002663,42.226045162125736,1106334,-0.022411086154101163,0.03976632817311107,Financials
2005-02-22,42.27175753554051,42.490990769966935,42.11293669056593,42.3319437968766,1084348,0.0025047589570261993,0.03795296039162473,Financials
2005-02-23,41.016451557974335,42.95934341368427,39.07315582709032,41.01602760052999,1742539,-0.031579066153715994,0.03540173490954234,Financials
2005-02-24,41.15154007302644,41.3037369459656,40.76369959357536,40.915021715427315,1307499,-0.00246563267813034,0.03538660594851564,Financials
2005-02-25,40.777110874171335,41.29088815954883,40.06158163052873,40.57278447498943,807118,-0.00839976601845555,0.033206647017125016,Financials
2005-02-28,41.823144080433956,43.50527229747934,39.99920753802368,41.67539321025854,1127092,0.026813355045878097,0.03150759488235607,Financials
2005-03-01,41.34829846496031,42.39696447136552,39.937434628269266,40.97667562186313,796868,-0.016907846196603547,0.03165479789129894,Financials
2005-03-02,40.46798109048361,41.19240716801601,39.814854029220314,40.538147663609514,740269,-0.010759569148474125,0.030732755702708912,Financials
2005-03-03,37.95355617419164,41.56436229918551,34.71464326418355,38.29620788552539,1684192,-0.05689256794352861,0.0295460161054757,Financials
2005-03-04,37.05796700025719,39.14277976548368,34.811327207905,36.88649317234129,1136147,-0.037505435114884,0.03583138704048974,Financials
2005-03-07,36.200940678444,37.2451292369204,35.14026216589463,36.18396095724709,1145836,-0.01922949217906486,0.03658017615143231,Financials
2005-03-08,36.377738019099084,36.877251362133904,35.36191241076704,35.85423741413297,939073,-0.009154194666576267,0.035013617854137286,Financials
2005-03-09,36.44921288616022,37.33342697426982,35.554843828409844,36.43880544449571,1249152,0.016172531916692268,0.033065580898987465,Financials
2005-03-10,35.43886176051735,37.11485241878495,33.63807776216341,35.3078736726098,1129961,-0.03152830113625591,0.03184177649628633,Financials
2005-03-11,33.94581798176661,35.88652516632764,32.15316584624836,34.08644654615659,1503392,-0.03520614599184966,0.03256108183448958,Financials
2005-03-14,33.233122255448706,34.31374215141916,32.54971695183965,33.622333122823285,899909,-0.013709320846754683,0.03367640342325434,Financials
2005-03-15,35.08259209218549,37.393941872207975,32.80200392177829,35.11147606283914,1529845,0.04333750794723827,0.03217874981618321,Financials
2005-03-16,34.72992050248332,36.06183775924811,32.91259545093276,34.22515457380893,1475911,-0.025567142826592445,0.0347864699423145,Financials
2005-03-17,36.38533722823964,39.586506782538535,33.09959372791834,36.29260470660509,2067734,0.058653105859986884,0.03414865461017969,Financials
2005-03-18,34.99118917314532,36.890329115792476,33.1334978573061,35.03054821804322,1407914,-0.03539350637950402,0.03935647994170339,Financials
2005-03-21,36.22181145027255,37.77633547649759,34.500255723790694,36.04728984207993,1081442,0.028611196108716368,0.03907750062116,Financials
2005-03-22,35.092197063917006,36.49626376537735,33.709415699713034,35.11267546532427,1468892,-0.026269493503743323,0.038005669646160985,Financials
2005-03-23,34.32556127040723,35.49451170798453,33.155572396910586,34.324486223987236,935884,-0.022703206091200863,0.03686539954407085,Financials
2005-03-24,35.15935305104617,35.78632553507046,34.11557308528386,34.73497798149944,1593351,0.011888206685980581,0.035560673248099715,Financials
2005-03-25,35.815261175305345,38.10595543837246,33.79180624882039,36.06820967943159,1055337,0.037664668823358616,0.0336578163911116,Financials
2005-03-28,36.24340548076824,36.46566322404175,35.993877612531996,36.215967093636934,1168782,0.004088242450826902,0.03491522554717665,Financials
2005-03-29,37.94043523625291,41.59202356030068,34.71163673582076,38.33006672718692,1815605,0.056734518732263824,0.03282933808285944,Financials
2005-03-30,40.92185392326066,45.12679073826281,36.79681955570751,40.99443954252719,1834640,0.06720181634143768,0.03801359222086473,Financials
2005-03-31,42.28716069830452,44.53317533723963,40.155183899881244,42.39572508652045,1216774,0.033611097130777624,0.043970890061102906,Financials
2005-04-01,39.70636929034344,43.432755537879935,36.44707869434436,40.138031982896514,1564406,-0.05472322038422068,0.04261698271537608,Financials
2005-04-04,40.6328414644841,40.667248808786006,40.12668973842332,40.16069727737023,780176,0.0005645243775198718,0.044745507036943154,Financials
2005-04-05,38.71661628659442,40.733887598510485,36.953724911650916,38.95991792190883,1218714,-0.03035546567213668,0.041252589290375764,Financials
2005-04-06,37.469631999706,39.5682712158173,35.59124955191824,37.6793742235618,1734525,-0.03342053012961714,0.03999548778242592,Financials
2005-04-07,37.291508859210964,37.77228383651459,37.01288153729857,37.492157348892995,1101654,-0.004981068174068226,0.03933511166229278,Financials
2005-04-08,38.844139352165335,40.74126827482914,36.84128066643899,38.73298065211546,1641647,0.03255967659993221,0.03662679980029979,Financials
2005-04-11,38.44569053826916,39.1441126761017,37.57154489275295,38.266715691002396,752556,-0.012110974000884397,0.03649983358774145,Financials
2005-04-12,38.24539591802177,38.628754711428904,37.63083535308123,38.01185319394329,717854,-0.006682439096352969,0.0344643531091731,Financials
2005-04-13,37.15317972290016,38.33268200503947,36.178701959841284,37.35296416567118,1284292,-0.017485766948739073,0.03251048380182131,Financials
2005-04-14,37.47624821314009,37.66596684537002,37.038656216408924,37.22711363725212,922545,-0.003374913289984616,0.031486632917646674,Financials
2005-04-15,38.726140463227765,40.814193390560476,36.5089153606514,38.58960659536347,1872041,0.03594562402133194,0.02991379193532211,Financials
2005-04-18,38.08826063639345,39.13999754005517,36.83957416514766,37.88571823483059,1219930,-0.018408767532548297,0.03177548018995523,Financials
2005-04-19,39.139909572754696,40.7501701678968,37.337203788887685,38.93920726165932,1076074,0.027427428298795343,0.030960899879556154,Financials
2005-04-20,39.31010256296867,40.83230974175541,38.18087524244478,39.69210885679203,1509551,0.01915075679277866,0.03130018259602257,Financials
2005-04-21,40.914530997450505,42.2176933199413,39.25258013456716,40.54393878242561,825507,0.021233895647359752,0.03063941688896685,Financials
2005-04-22,41.53106498237669,42.67515882455293,40.157816336231654,41.29541861460095,1718250,0.01836527015238231,0.03030925341362222,Financials
2005-04-25,39.51464571165536,42.00645297802245,37.313544214118245,39.790012598985605,1726495,-0.03713562330954293,0.02975757292116469,Financials
2005-04-26,39.26267021058665,39.99933394834516,38.629499234713144,39.36452048014439,1117834,-0.010751025889264439,0.03186328129234319,Financials
2005-04-27,37.122560605560935,40.30016823172418,34.172352342068606,37.33321853763451,2032980,-0.052981407449039515,0.030488565716063707,Financials
2005-04-28,37.94383449069825,39.195814550471304,36.82572956468285,38.07387759643168,1535902,0.019644911854994417,0.03556257220492296,Financials
2005-04-29,39.32869979187367,40.46415644543326,37.69320376815061,38.81379462390828,1697806,0.01924729539443026,0.034200082130498785,Financials
2005-05-02,38.0860143547141,39.136750018470366,37.10173748529914,38.15079888833223,1283229,-0.01722901675923865,0.03303460687198137,Financials
2005-05-03,36.219078085117786,38.93243363914687,33.7794506083072,36.47553205735398,1382332,-0.04490501702035344,0.03189912308704748,Financials
2005-05-04,36.66928900815668,37.29477379470432,36.178648497510906,36.80235286990698,1218736,0.00892009860597765,0.03487853675282006,Financials
2005-05-05,36.49595016217308,37.36160091058937,35.3657605426547,36.22498422546889,1040141,-0.015812727066422304,0.03294154041154284,Financials
2005-05-06,36.03271060507843,36.735763923367266,35.0591618538352,35.756832365543815,1058728,-0.013007686746899989,0.03171155023551865,Financials
2005-05-09,36.240699302252644,37.14898044447994,35.404470975781216,36.31112704793419,1255992,0.015382858546173198,0.03049389974810831,Financials
2005-05-10,37.82289174811784,39.64364475540447,35.690361281678705,37.495346621648615,1035416,0.032092610641054224,0.029654631814201977,Financials
2005-05-11,35.94398950963731,38.25854913030354,33.60676957982684,35.91976959520953,1133393,-0.042929006161018884,0.03095170591570762,Financials
2005-05-12,36.13652071627529,37.10535177095657,35.42832557397144,36.39214692555814,963528,0.013065178537141045,0.03380593756679261,Financials
2005-05-13,37.3533247474026,38.791408982134584,35.90078450912804,37.33828991018119,1447026,0.025666331702409385,0.032247138870712386,Financials
2005-05-16,38.09838018835788,39.467451971836226,36.818061567773356,38.18424772195146,1677123,0.02240372800198928,0.03210477316126566,Financials
2005-05-17,38.7339333638357,40.188589433644765,37.53402939103398,38.981030848272205,1079611,0.020652072030843186,0.03162059806593048,Financials
2005-05-18,38.86692848594658,38.988770988173655,38.843757621568166,38.96554133487012,863741,-0.00039743925030065957,0.031046191223929088,Financials
2005-05-19,39.24756483726568,40.3380415095307,38.4273060578186,39.51225089483676,1062604,0.013933073008871822,0.029514682537744995,Financials
2005-05-20,40.357257427660834,41.04898535254264,39.28130909475959,39.96633659262408,1582998,0.011426741540794875,0.028740437831802048,Financials
2005-05-23,39.20086654818625,40.68768114716555,37.490441770485546,38.96844090517448,813191,-0.02528540361306708,0.02793556472933672,Financials
2005-05-24,39.90301368387392,42.32280326074715,37.89676117928089,40.29675418459704,1022748,0.03351881339902953,0.028639472180522554,Financials
2005-05-25,39.140173595364644,41.05796995718572,37.09069792165601,39.001709813380494,1012089,-0.032665437846502894,0.030408915159455863,Financials
2005-05-26,36.82515842803745,39.970292468051575,33.750095604145045,36.88982933847264,1470535,-0.0556696011668506,0.031619872254573536,Financials
2005-05-27,38.364554939766876,40.55306838359912,36.13381360142966,38.31977241764076,1380598,0.03803012871765365,0.036942099713306385,Financials
2005-05-30,36.88869610535953,39.096184759581995,34.61766964382756,36.82111406201968,1218360,-0.03989458176053998,0.03753290008145511,Financials
2005-05-31,36.353250588333665,37.03756493157624,35.696436933068256,36.38026322454001,1311041,-0.012045023844922903,0.038284612037956654,Financials
2005-06-01,38.37346735003684,40.96961314100478,35.483844151059216,38.05869404551096,1828695,0.045103139751681266,0.03597682038523136,Financials
2005-06-02,36.9493738802421,38.520901229029704,35.531718800264784,37.0975605953502,1232469,-0.025578332929666263,0.03795535886200936,Financials
2005-06-03,36.34398415558107,37.33391572308485,35.63080432683141,36.615409697280974,1130167,-0.013082033525304357,0.03675085142407258,Financials
2005-06-06,37.858290197227134,40.24294899302724,35.67616303324899,38.0497842374232,1619649,0.03842623201083303,0.03472997271074344,Financials
2005-06-07,37.39170622275157,38.691437539248106,35.88587544891951,37.17818478533024,1510037,-0.023173255030651572,0.035866740855195395,Financials
2005-06-08,38.203902378725594,39.99458699153383,36.50813359759156,38.294784209629626,1102296,0.029591545637117116,0.034780575641675866,Financials
2005-06-09,41.39586260799287,47.51858862531655,35.829494087078686,41.88627581726048,1740205,0.08964452274898613,0.03462801885109957,Financials
2005-06-10,41.883138683580036,42.709354859435614,41.39240580004974,42.21473673537074,836277,0.007811144674673755,0.04758887286410248,Financials
2005-06-13,41.99789608825638,42.93649315948814,40.66094602518456,41.590436926549586,473131,-0.014899112553310466,0.043828218690130115,Financials
2005-06-14,45.205569225004496,51.19215218578302,39.362876928238315,45.33299098588205,1583278,0.08616478599034244,0.040865972838919774,Financials
2005-06-15,43.78849646993758,46.077650651917125,41.491550159891595,43.78027451861211,1380870,-0.03485168277093253,0.05049433374717692,Financials
2005-06-16,46.00151728564798,50.19653714803209,42.13435680359628,46.30395219322421,1275109,0.056043955507502526,0.04818649355630568,Financials
2005-06-17,52.365547525206814,60.615485057276366,44.51071539642579,52.70911744110989,1989326,0.12956112906211237,0.04928173364787961,Financials
2005-06-20,54.428821091441336,57.314743144816894,51.65203127857244,54.53265599679321,1678408,0.03401126777060317,0.06753417165887089,Financials
2005-06-21,52.94188534502191,55.194570365830856,50.91181007727788,53.156274278799714,978159,-0.02556356848664082,0.06262752129554884,Financials
2005-06-22,52.707734431540494,53.55626876523168,51.74220133070616,52.58882129875473,468560,-0.010732572019935096,0.05775629440991878,Financials
2005-06-23,56.105184267922745,61.24811389299499,50.77840561116596,55.90278184533708,1919922,0.06111056927779173,0.052781718904338804,Financials
2005-06-24,50.70205210834928,57.847818141265954,44.420791915834975,51.47126362656755,1560922,-0.08259047949500974,0.05374851748667749,Financials
2005-06-27,50.017699268842414,52.405485057163666,47.47873166306884,49.85893839510412,1516514,-0.03182587794888408,0.05860290608062782,Financials
2005-06-28,51.622935025935675,54.979577866908905,48.54174563326102,51.88287366155617,1348751,0.039790962306794415,0.054766535922573176,Financials
2005-06-29,53.34162483159939,54.81779920531286,51.38642095842643,52.84896137995954,1112938,0.018449311438284537,0.05231631550254576,Financials
2005-06-30,54.812512227438205,57.506819470850985,51.92518104701156,54.60950970824163,1601968,0.03276997816645784,0.04838030651093015,Financials
2005-07-01,56.97669911649474,60.19573446914124,53.5018810434094,56.705600000921876,1676690,0.03766493323952014,0.04619095113577722,Financials
2005-07-04,55.87122401311892,56.8809243106048,55.34644213188795,56.35163011693805,757850,-0.006261802809352525,0.044940852827386725,Financials
2005-07-05,55.576628261405205,56.88345948243151,54.17070316429898,55.475148178297886,1321295,-0.015676028598204036,0.04149247797427564,Financials
2005-07-06,53.570685135745244,56.30714834636951,50.99877613019373,53.72770106353671,1698820,-0.032006422903800597,0.038912225118185616,Financials
2005-07-07,55.21409515257372,58.75297165947589,52.204483815306844,55.716002351530314,1805326,0.03633868403771873,0.03827519662892961,Financials
2005-07-08,57.53205529357106,59.245822654234544,55.14054983870814,56.83350886812518,1529312,0.019858695607965316,0.03834145974301908,Financials
2005-07-11,55.223157905325436,57.52535023800091,53.09912965158222,55.394723133245115,1224250,-0.02564175772519988,0.036540514458172524,Financials
2005-07-12,55.72104787976342,56.3727256995074,55.13409766682868,55.78510077101029,1408262,0.007022483546986576,0.03559202605050757,Financials
2005-07-13,57.35567808467898,59.32860581154592,55.11573454153146,57.07915022892676,1718548,0.02293208266673729,0.03347881637661586,Financials
2005-07-14,59.51615122654955,62.4518889120538,56.077717886808436,58.98737264919279,1207700,0.03288449297658481,0.03279553291377411,Financials
2005-07-15,56.797963878113876,59.7888191876157,54.343832060397126,57.31245709798979,1445792,-0.028805396650992864,0.03350591089685238,Financials
2005-07-18,56.726682907073396,57.86876145585708,56.39733342437007,57.534720586699414,1228622,0.0038706004044323184,0.03350491730261997,Financials
2005-07-19,58.70788034843654,59.714253028818305,57.198402159603944,58.196000170838985,1625480,0.01142802493076853,0.031627690697993455,Financials
2005-07-20,59.21173742999699,60.45434487665836,57.777418593727916,59.01591657729394,1423202,0.013990553231448426,0.03032884135906107,Financials
2005-07-21,58.109100179401665,59.66109133405037,56.426015489152014,57.97440928864604,1278385,-0.01780548600084104,0.029414813130543144,Financials
2005-07-22,53.80711709081147,59.825362586183,47.79587032254239,53.8134125041995,1891282,-0.07447895487039702,0.028978272635937788,Financials
2005-07-25,53.46336335940799,53.90444789016579,53.19017617192276,53.630407142068115,1294249,-0.003406534497885753,0.04004821388973781,Financials
2005-07-26,54.532015355711984,55.4574058455077,53.32013419071531,54.240579102480154,1182135,0.01131311559224306,0.03721328015909567,Financials
2005-07-27,53.642581522942976,55.100948418303325,51.81821303606802,53.2663514627521,829791,-0.018124493066969,0.03502942425761509,Financials
2005-07-28,54.83125171629707,58.500041242126954,51.69608077131945,55.3360090117089,1221068,0.03811902697631067,0.033629199193501255,Financials
2005-07-29,53.73117667610817,55.90352303068912,52.00498604196898,54.16344515553314,1410619,-0.021417616871295897,0.034967091148107435,Financials
2005-08-01,54.61748307700509,55.65129783478919,53.7251032435637,54.75664428515377,1187465,0.01089248085859522,0.03386687345408321,Financials
2005-08-02,54.626125243296784,55.28040746816274,54.31357185131345,54.965909935757594,457454,0.0038144555752553906,0.032177150509828216,Financials
2005-08-03,55.77886885201041,57.331274176863815,54.35811127422905,55.90724665579918,1066557,0.016980834104647992,0.030503732929693213,Financials
2005-08-04,55.14726957811196,56.26809558305565,54.05058325111265,55.170938562729134,1339793,-0.013257668486450774,0.02979319531621737,Financials
2005-08-05,56.95035363248707,60.10604135929733,53.97786887905824,57.12446878459989,1425622,0.03479621066225404,0.02892183354793945,Financials
2005-08-08,56.4891188651129,57.9091556320376,54.762964132855835,56.17510720064436,1022444,-0.016758823592386875,0.030834954290343403,Financials
2005-08-09,57.00603037538587,57.91760828795578,55.86925290098358,56.77717114780271,810302,0.010660602121882537,0.030046035513860477,Financials
2005-08-10,56.43326729204375,56.90230946124524,56.05678613798846,56.525214900534294,643111,-0.004447508501288651,0.02896996143801878,Financials
2005-08-11,55.43282846821804,57.489997283895185,53.09745402651717,55.14390042785925,1096114,-0.024740680117097166,0.02782757593389319,Financials
2005-08-12,55.292402266987466,55.68637206981918,54.96706553620645,55.36063386893731,1057949,0.003922621281794229,0.028483580775312507,Financials
2005-08-15,55.207386569505175,55.51583258102033,54.84666364044077,55.15481593760463,636741,-0.0037246949569791606,0.027410938376587177,Financials
2005-08-16,57.17848777344659,60.980705558071186,53.67159108240778,57.456742804503,1154243,0.04088829940068701,0.026517327109390754,Financials
2005-08-17,59.130864210482,61.584925792985196,56.61718059337869,59.06866058803998,1483053,0.027668140434722682,0.030221066556347365,Financials
2005-08-18,58.76607846681075,59.19594919273882,58.382844956126114,58.81241351550095,1197636,-0.004347559234659209,0.03074864534105319,Financials
2005-08-19,61.55176557851855,67.55726514039462,56.305293206113504,62.251177195758615,1593080,0.05682449910893703,0.029312429836892206,Financials
2005-08-22,62.23569412797214,62.694590730851246,61.489160951821425,61.94592090386031,1396423,-0.0049156850079795115,0.0356613010026474,Financials
2005-08-23,61.12443547149777,62.083548646239095,60.713350991050476,61.66880309180981,1640829,-0.004483580391118521,0.033481447179382604,Financials
2005-08-24,60.58366098183066,62.43633314744428,58.57649587954297,60.424294557253035,1278707,-0.02038692870419577,0.03161994968606328,Financials
2005-08-25,58.51522481631937,61.063525543518715,56.573291787903784,59.102115491974516,1318534,-0.022124532940060844,0.031019364980892708,Financials
2005-08-26,59.313668727505124,59.4224932840109,58.92156488287281,59.0298687430854,899385,-0.0012231532106112197,0.03071131789302833,Financials
2005-08-29,57.591596677839114,59.86178906483519,55.23228095313601,57.498816037405234,1177915,-0.026279208749791224,0.02923649180301576,Financials
2005-08-30,59.82319663938683,62.52171465178985,56.58133942387112,59.25419058506928,1820001,0.030072147750864787,0.029789385428966336,Financials
2005-08-31,59.12138405118305,59.62409837737837,58.41824959004447,58.919245111061045,1325773,-0.005668725276121187,0.03075022110393494,Financials
2005-09-01,61.613482418021384,66.31744618258253,57.14806473832046,61.83590826021438,1354683,0.048316456122432815,0.029347590110452494,Financials
2005-09-02,59.197193308617415,62.9647489682746,55.68342398733866,59.43675969863981,1176465,-0.039571350429404614,0.033751989957149925,Financials
2005-09-05,61.099641105922856,63.76316642022142,58.49133886579946,61.152603261592226,1508707,0.02845954785671729,0.03530214196157296,Financials
2005-09-06,68.31901346632537,78.56686548627417,57.98376139770017,68.21618987964726,2642299,0.10930949197992179,0.034906802507410475,Financials
2005-09-07,68.9834812550314,69.78331741693219,67.94844903987752,68.74552620717967,1362018,0.007729736137301254,0.053545052475176214,Financials
2005-09-08,65.54583235980604,70.6973470765511,60.1090851642172,65.23627011998802,1492498,-0.052396056634757264,0.04901653230052433,Financials
2005-09-09,63.81019419222504,66.27701421132626,61.11866684101834,63.576450634891515,832847,-0.025772475702654986,0.049334555472260816,Financials
2005-09-12,61.538166063441544,64.45503613611686,58.830786497774604,61.7388284048188,1449235,-0.02933008612222665,0.04633305263516591,Financials
2005-09-13,60.76780405873099,62.738003301652675,58.45981203905282,60.418692469327034,1013164,-0.021614507588234508,0.04411847125621001,Financials
2005-09-14,58.609021236530396,61.12468966103271,56.44992206359817,58.952921536502664,1418515,-0.024559349708510776,0.04155995242454327,Financials
2005-09-15,57.167216882929615,60.27381027812705,53.76574266826568,56.85539073899173,1210743,-0.03622814571690976,0.03965170822474083,Financials
2005-09-16,55.35784906898007,57.49436329101475,53.4003928101592,55.530791769808374,1516398,-0.02357336603862311,0.03942940721624953,Financials
2005-09-19,54.389318169240866,55.91573534005397,53.22528415687431,54.74410815274161,922635,-0.014267924309996379,0.03777695144791995,Financials
2005-09-20,57.3763666645029,60.904044522566124,53.52795603836433,57.034622393466705,1533756,0.04098874458991839,0.035668115988599244,Financials
2005-09-21,59.47210473380844,62.883844530070775,55.85867729648504,59.25814272114476,1442692,0.03824470661814719,0.03701058194624302,Financials
2005-09-22,52.51006964840837,60.636767139034376,44.633559201147115,52.72762359916033,1900816,-0.11676371527856913,0.03761947871044838,Financials
2005-09-23,52.99847022598005,53.06400869421283,52.619022683704664,52.684172488034015,1491797,-0.0008244070436163669,0.0572472263398404,Financials
2005-09-26,59.83779577019333,68.81346513572232,50.64013461461858,59.576628958374805,2289352,0.12294828745355117,0.05217181121956537,Financials
2005-09-27,54.21912558217952,61.69472011227473,47.32286924256226,54.73309128306102,1715184,-0.08479487961204954,0.06741632233300873,Financials
2005-09-28,51.95343523326993,55.877910904868806,48.37308736677207,52.275376592859345,1619127,-0.04594303662400975,0.06938655600899789,Financials
2005-09-29,52.11738596421707,53.671151440009524,51.28950012350297,52.83191528506608,1150285,0.010590014898067695,0.06533153691722786,Financials
2005-09-30,53.31899471043955,54.72414616514231,52.18611046465129,53.58559733555022,1382008,0.014164861283683623,0.05942549987257053,Financials
2005-10-03,54.43588559240292,56.43200219103214,52.729737658843696,54.71704215346394,1189811,0.020894892097886423,0.05436182964509016,Financials
2005-10-04,52.03465405743074,55.79344742271893,48.68299516052183,52.4171511056534,1880326,-0.042941368691329924,0.05029568863487994,Financials
2005-10-05,55.85732382999144,61.20032406363855,50.521496318599766,55.86387111610078,1643855,0.06368400949094175,0.04899305265002521,Financials
2005-10-06,60.890914359327134,67.93408085779147,53.36242577612568,60.34211321773109,1573194,0.077112396516186,0.05126990663245709,Financials
2005-10-07,61.05047108427336,63.93509972235905,58.90983526129868,61.769260706245184,2000669,0.02337558618802217,0.05563120451105763,Financials
2005-10-10,58.09637167617009,63.41832811269948,52.82841471104126,58.14588176217705,1405432,-0.06045078563015358,0.0515541214329751,Financials
2005-10-11,59.17654598274659,60.074195320281746,57.845895142647485,58.73687511040554,958480,0.010112670176197543,0.05267263589261669,Financials
2005-10-12,59.24061880269178,59.92576986044752,58.50692580177973,59.19150887562243,784223,0.007710374757537174,0.04832044259125552,Financials
2005-10-13,56.849890888089085,61.098878122649424,52.10547985240347,56.31444782378642,1634931,-0.049826976131752715,0.04446132723622977,Financials
2005-10-14,56.20586059746378,56.75157739238164,55.40786757172706,55.9511109383224,839255,-0.006472833842318572,0.04531949721974885,Financials
2005-10-17,55.27631268909383,57.25176838319809,52.681323643766014,54.63381796810324,1388340,-0.023825222752168425,0.04182547189564272,Financials
2005-10-18,57.788334435604504,63.41870824356447,52.480512641364115,58.08375248886601,1853709,0.06123290967608781,0.03980756542810834,Financials
2005-10-19,61.66870312397716,66.87549743727473,56.258855385710966,61.446924554203974,1224809,0.056287809423957676,0.04393329257363361,Financials
2005-10-20,58.81086764920664,62.655401496918515,55.02383986001699,58.864894724287886,1409014,-0.04292888871921206,0.04603645273639748,Financials
2005-10-21,60.68564486050037,63.25664839396477,57.98586686673075,60.55117339192143,1360053,0.02824395060121642,0.0455183194707408,Financials
2005-10-24,58.83965313552521,61.166868227745105,56.96622274363733,59.279435350732385,985786,-0.02122639288364276,0.04332657426784317,Financials
2005-10-25,56.08261593881367,60.8559516132215,51.24235779815378,56.00946763205218,1449788,-0.056741714516497795,0.040857527990043135,Financials
2005-10-26,58.91890660935488,65.11713046770619,53.449107446816555,59.58545186927355,1611743,0.06189070681848952,0.04379969634262876,Financials
2005-10-27,63.54840402343936,69.20922547712722,57.59860744292662,63.23117004514939,1824106,0.05938592836624624,0.04700318774656697,Financials
2005-10-28,63.107602811026226,63.24310139502185,63.07185171210661,63.20729382013152,759420,-0.00037767344796450065,0.048953477913825066,Financials
2005-10-31,62.3902794293729,63.42791886784381,61.72761382712612,62.76131241457279,1407412,-0.00708086375321694,0.04491298025596254,Financials
2005-11-01,60.39238745888821,63.66351708970689,57.62140541503232,60.87059353143114,1154595,-0.030588646024768382,0.04148808782170767,Financials
2005-11-02,65.99018223436381,72.5545615791929,58.57391537723846,65.04419228646006,1345126,0.06631672694902535,0.04021640131495693,Financials
2005-11-03,63.28683703871093,66.19917589605947,60.17624284262844,63.07901827926023,964634,-0.03067872134366208,0.04531636998663147,Financials
2005-11-04,66.94229757547052,72.56052948519752,61.11030603126068,66.70895425575047,1376134,0.05595099175667439,0.04340548700918501,Financials
2005-11-07,69.97123478877685,76.44387022533589,64.11303795359468,70.5382049838514,1300442,0.05581528707586182,0.04557198770941356,Financials
2005-11-08,67.19578813405982,72.64113748009424,61.41292274162086,66.82850885327773,1760835,-0.054024708961129195,0.047209604867375056,Financials
2005-11-09,68.06808643649377,69.69775324175326,66.27799459525882,67.90372633768399,1443390,0.015961144109042823,0.04817465941900527,Financials
2005-11-10,69.27638599891483,72.12981306340161,66.73957866821412,69.58182111293297,1221896,0.024412429469982698,0.04466376569771258,Financials
2005-11-11,69.69016697704524,69.9539088155612,69.14381959469465,69.40648785199774,652535,-0.0025229942755322825,0.04225253341439027,Financials
2005-11-14,67.41924671695904,70.47803050007762,64.28349628907526,67.33862216928082,1504044,-0.030246395325457892,0.03910468116433745,Financials
2005-11-15,72.54335088216847,80.54212618088121,64.48377933091872,72.47502037042143,2180107,0.07350800315896705,0.038217372171555346,Financials
2005-11-16,69.00808154021688,73.94267880315462,64.4192221766981,69.33226225835101,1612257,-0.04433161315890664,0.04559570163756826,Financials
2005-11-17,67.0143043182144,70.67554276995966,63.200050035283546,66.85244554569361,1414786,-0.03642245725489734,0.04536483434388753,Financials
2005-11-18,69.20801013397818,73.3518639922993,65.29124468773767,69.42293506195068,1352632,0.03772940385232029,0.044106279200488104,Financials
2005-11-21,73.276025729405,81.41011478677491,66.07367197276064,74.1243760603258,1657030,0.0655271505693767,0.043241383872245,Financials
2005-11-22,73.58583396837896,75.11597418818998,72.99771075315554,74.52038174669673,922111,0.0053282285779455985,0.04732784531975595,Financials
2005-11-23,73.37846582589331,75.96328342383391,70.22662766528377,72.79074220913029,1179263,-0.023483888802596366,0.04354536091313771,Financials
2005-11-24,71.7680120006175,73.059349947669,70.96147832944824,72.24742856144337,1231909,-0.007492044145074201,0.04122720849922105,Financials
2005-11-25,75.32000421271431,79.45007177635193,70.82826778369235,74.93735321249447,1386059,0.03655573847264375,0.03831665154122104,Financials
2005-11-28,74.98162198994135,75.18431796972705,74.83351172626648,75.0361000961278,1199328,0.00131685836025919,0.038405480475540654,Financials
2005-11-29,73.20134601003063,76.11350649130574,70.16513647004679,73.07215745847112,1392794,-0.02652192106664322,0.03578050952455618,Financials
2005-11-30,72.94521547035082,73.94036419311522,71.42272844249065,72.41058349529055,1076316,-0.009094941697890959,0.03506718885267641,Financials
2005-12-01,72.87754989903826,73.5125636491088,71.3638825683467,71.9911729308538,1762443,-0.005808956264768882,0.033108516757726,Financials
2005-12-02,71.44752565427713,72.23888937027418,70.6995912088864,71.49050500396905,901288,-0.0069788695833438484,0.03133689042407045,Financials
2005-12-05,68.87900069441677,72.45596439370173,65.9219577121515,69.47340313242218,1458842,-0.028620653149758115,0.029881537013001138,Financials
2005-12-06,71.21454876725231,75.4079470943255,67.66063095281872,71.82363329492985,1345344,0.03326958583560148,0.030613661515984977,Financials
2005-12-07,70.19625497747761,72.44686406271002,68.30144160743957,70.5426990976186,1105535,-0.01799538898142053,0.03187141067450746,Financials
2005-12-08,69.13831776423764,71.10779833121148,67.42040263235599,69.38378397488705,1212976,-0.016565007533061123,0.03100329915340271,Financials
2005-12-09,70.58833757082539,73.35201258468017,68.20927312869465,70.9604081135774,1036584,0.022468909397804156,0.030168254306503394,Financials
2005-12-12,69.39079298597231,71.5062019229744,67.73759839292855,69.84225159562716,1175142,-0.015882938950108855,0.030063709647189223,Financials
2005-12-13,69.14755891058093,71.38448049253032,66.14092574899283,68.35211473425638,1275971,-0.02156664787778547,0.02934112255273018,Financials
2005-12-14,71.37987529852867,75.46127038249007,66.94779883335175,71.00792643458892,1561454,0.0381190082582051,0.0292999867444701,Financials
2005-12-15,66.557922851831,73.18905691038364,59.824954350432016,66.44482002875121,2206454,-0.06641968152877052,0.03169779483133275,Financials
2005-12-16,67.05728549122735,68.1539550591182,66.03077200469515,67.1263838148704,1568414,0.010205338903023886,0.03956685825148248,Financials
2005-12-19,67.77335690526779,69.0218340735066,66.6353690182841,67.8820215890769,1259567,0.011194053621733641,0.03698717830320612,Financials
2005-12-20,66.15526654338173,70.01575830135488,61.48178329870682,65.29189287062141,1359516,-0.038903345212801775,0.034831553404054014,Financials
2005-12-21,64.56220194731802,66.07611888937292,62.77186496514504,64.27914450252156,1212485,-0.015632644657837026,0.03602235736793939,Financials
2005-12-22,61.15172560973867,65.59223391873114,57.0460215949789,61.46546552336522,1998732,-0.04475975097265188,0.03427455500986935,Financials
2005-12-23,62.624369192905114,63.91662269230762,61.030959796474534,62.316868010745424,292123,0.013756662846076245,0.03661026349221923,Financials
2005-12-26,61.79002267143762,62.52555375249481,61.666002641664015,62.400308804827326,695833,0.001338080425843398,0.03465019452001486,Financials
2005-12-27,63.166846030478496,64.46444284257724,61.92622552728257,63.222724858284394,1243016,0.013093582906844484,0.03256957710968625,Financials
2005-12-28,65.95294814714633,69.63014035846193,61.95846741677202,65.61692471506264,1318474,0.03716985431403296,0.031214390423069296,Financials
2005-12-29,67.22036488204083,69.77570250841102,64.7145153866296,67.2680744881064,832564,0.02485208661401468,0.03296528850239302,Financials
2005-12-30,70.22397680115589,74.99073908976028,65.55568934122623,70.31631336158148,1211347,0.04431807741059006,0.03258852755491382,Financials
2006-01-02,72.50012396171178,76.12573160516477,68.99779951672635,72.6177260568899,639949,0.03220522718770388,0.035273552420525496,Financials
2006-01-03,74.26900002401726,75.07688940002672,72.35058186283132,73.14625818625576,588810,0.007251920951749181,0.03536884644744003,Financials
2006-01-04,76.62169179276331,82.0983227171772,71.20402887698175,76.67676570941113,1560990,0.04713776468100421,0.03329643814046235,Financials
2006-01-05,75.79117045312468,77.28746125590423,74.18021343969916,75.67419487745671,1350381,-0.01316152258751553,0.03633479824000084,Financials
2006-01-06,76.46301106725991,78.29492543867934,74.89151608168592,76.7181860070301,1597712,0.013701570329141684,0.03438252320636905,Financials
2006-01-09,78.28570600183046,80.25829454371868,76.05196053835498,78.01779853501186,1492201,0.016798201039340876,0.03277020408926175,Financials
2006-01-10,74.36975936840305,79.65411482997493,69.22909207509227,74.50415752152993,1304520,-0.04608205751879721,0.03164547289210909,Financials
2006-01-11,72.08264163252048,75.48327289493837,69.07626532388382,72.46111160488752,860733,-0.027804903192119042,0.03492394833673634,Financials
2006-01-12,70.76542217257494,73.2592756016297,68.31537377922126,70.80776133697162,1168823,-0.02308140819941483,0.03452119103058424,Financials
2006-01-13,70.08875808728958,71.28052860730945,68.81920441349332,70.00962945132453,907624,-0.01133582191631573,0.033664266140913786,Financials
2006-01-16,72.46424528666235,76.85154999427262,68.34240393322648,72.7154214787808,1813423,0.037920690745532205,0.0320296952939422,Financials
2006-01-17,75.25669550770503,78.79546303771093,71.5028841291594,75.03104078110178,1616512,0.031348418069934075,0.03371079830693676,Financials
2006-01-18,71.8768534176158,76.71643147918961,66.90734489871514,71.73754297598215,1429376,-0.04488768248711067,0.034007981935361614,Financials
2006-01-19,72.67920305673132,74.40869833475878,71.07449666301673,72.80129620892667,706711,0.014719537604744114,0.03643445998107087,Financials
2006-01-20,70.07123744129869,74.17342952557628,65.9158021603958,70.01468339155196,1417645,-0.03902877732311727,0.034561186573733624,Financials
2006-01-23,67.75167858969863,71.15577291513094,64.30641201978715,67.70832826494808,1371341,-0.033495793228950826,0.03583388498067382,Financials
2006-01-24,68.43462252836247,71.66061386247758,66.08142647127296,69.2784035138675,1221972,0.02292403046050004,0.03599373660585996,Financials
2006-01-25,70.25513004906787,71.91786509685113,68.668371648257,70.32942861399856,486809,0.015057105910060974,0.0348606645915523,Financials
2006-01-26,67.01953461544873,72.04725515484476,61.87993928777071,66.8985864490237,1505796,-0.050012488331395544,0.03325988897109829,Financials
2006-01-27,69.49849242172466,73.56892294289182,65.46767229442402,69.53593140439048,1099889,0.03866577999842233,0.03688039478992226,Financials
2006-01-30,68.85118023525577,70.33180833540237,67.07207277891295,68.54614108537979,1729008,-0.014336506603445135,0.03758174021145614,Financials
2006-01-31,70.71429593440202,75.8025990744845,66.3678956433022,71.41323879339075,1285404,0.040976158438379866,0.03550690173889715,Financials
2006-02-01,75.07596233022186,80.208565774106,69.63348605182358,74.743350319281,1701545,0.04557697994206963,0.036884263459253726,Financials
2006-02-02,76.27052578033076,79.68623545599716,73.30637263046597,76.70518966876237,824791,0.02590911862337615,0.03872916572612021,Financials
2006-02-03,74.85895739219532,77.52822620285572,72.33751006823977,75.00196210269638,1335563,-0.02245509343431346,0.03742527202905884,Financials
2006-02-06,77.68617092987596,83.93605975795799,72.33467862298298,78.52666887969055,1627593,0.04592402348094913,0.03600215927317146,Financials
2006-02-07,80.09795124311796,83.2426760863025,77.26572073939293,80.39977327990292,1157039,0.023573058234897692,0.03812186731741323,Financials
2006-02-08,81.21896104442503,83.45356115717783,79.39013399374994,81.6157984229718,674005,0.015011495075842055,0.03668752888101145,Financials
2006-02-09,77.88229207196493,82.85598401095365,74.09037951145113,79.00920462817744,1057647,-0.032458491394594786,0.034793412709561045,Financials
2006-02-10,82.33431375804847,88.97718459429363,76.33984850032536,82.93871505216092,1457157,0.04853760223907559,0.035021397800833465,Financials
2006-02-13,81.25110254165642,83.40508696866922,79.84838271985136,81.98961741886595,1173247,-0.011509339794996735,0.037875895604027446,Financials
2006-02-14,86.03273683937526,90.79176507777008,80.36389180158805,85.06964519975953,1142514,0.03687765388873624,0.035602478981431235,Financials
2006-02-15,89.05200664077184,97.38542391392244,81.65296268279363,89.9147014289691,1746681,0.05539118272633137,0.036304592149605755,Financials
2006-02-16,89.27384413918853,91.26133106260474,86.61778926120726,88.59005307176258,1449618,-0.014841875524164286,0.04018266040834837,Financials
2006-02-17,86.52165475276774,88.96037713449438,85.4179416808811,87.83984853004061,1373194,-0.008504330120518926,0.037745981883577175,Financials
2006-02-20,79.90444673941728,91.08881440880184,69.23365579219207,80.35751829507093,1596571,-0.08902959624616447,0.03536461315077664,Financials
2006-02-21,78.43355507297511,81.72678779943473,74.85848419908376,78.13936458818705,1069143,-0.02799169924484117,0.047848354640536245,Financials
2006-02-22,80.14938295362383,83.70714636578145,76.79846151230197,80.34792422184466,1227937,0.027872299763561658,0.045267011359678554,Financials
2006-02-23,77.97195598673493,81.47550706936877,74.48488450240303,77.98773013176674,1242096,-0.02981474933479193,0.043079132048664696,Financials
2006-02-24,73.76402875283674,80.46733238921374,66.73273110583713,73.40324888372098,2237379,-0.060583310950815435,0.04144860897711168,Financials
2006-02-27,75.17966629131871,77.11419696671076,72.75182334835942,74.67332479380833,957758,0.01715473319515058,0.04499933759261887,Financials
2006-02-28,72.40300758895619,75.38333142584545,70.25364794281906,73.21001491602678,1054457,-0.019790703155495023,0.042001131385584194,Financials
2006-03-01,68.42302332315353,75.4871798907925,61.28494934008681,68.34059590382142,2042934,-0.06882826105939843,0.03962356394676812,Financials
2006-03-02,73.25159328268889,80.79459098528078,65.65954224281825,73.19690888288123,1588116,0.06864922535752747,0.045460102111016025,Financials
2006-03-03,64.30988111653639,74.57770838245375,54.66339894905593,64.8501812021337,1734971,-0.12107348676790854,0.049600444841588785,Financials
2006-03-06,60.25597899394968,67.19264344098643,53.14531301622938,60.05934044623246,1766450,-0.07674662401809974,0.06532213776743404,Financials
2006-03-07,61.26502597991172,62.46922588514335,59.65544812140888,60.85152033135532,1337176,0.01310372311087114,0.06631057223951879,Financials
2006-03-08,60.361712359600666,62.1871635678464,57.833428950661315,59.63696236189175,1260794,-0.020161248324332266,0.06036082940526007,Financials
2006-03-09,62.27113211845822,68.75357041190723,56.82090465002228,63.220270426528025,1344786,0.058349428625214736,0.055459130639526226,Financials
2006-03-10,60.4592801211572,64.4236386722174,56.70309558278439,60.65527731612796,1298630,-0.04141834008879599,0.05541904465224011,Financials
2006-03-13,60.36337547061359,61.36396151103666,59.941785011051735,60.93835527209114,1287817,0.0046561396572561645,0.053050336874427687,Financials
2006-03-14,61.40299182814606,61.985556504014816,60.74318954547637,61.325014405735836,1048782,0.006325041158680906,0.04852548340272759,Financials
2006-03-15,65.21238915160882,71.20201664230272,59.20916308359972,65.1974152515252,2079353,0.06123199971270228,0.04460693840002431,Financials
2006-03-16,65.86802730687052,67.31565290298795,64.59716673421543,66.04144637531279,1074488,0.012862695550648222,0.04747869870859254,Financials
2006-03-17,69.24502903911521,73.6641107892973,64.51401340309185,68.91183111626665,1360835,0.042545357276942225,0.0439112605759997,Financials
2006-03-20,69.2715475682616,70.91249921264487,68.07594463318611,69.70934012948936,1060753,0.011506435923034736,0.043750144664584545,Financials
2006-03-21,68.20559052418575,70.73771814638931,65.48052422582047,68.00521284100792,1502734,-0.02474995185138739,0.040633973921895654,Financials
2006-03-22,65.8970818046121,70.03288182774294,61.12530024551732,65.21851222035511,1480703,-0.04184100327228122,0.03889447116037363,Financials
2006-03-23,70.34066588411719,77.48362825359051,62.6999076660473,69.78660632946078,1124942,0.06769874656613772,0.039658849487860415,Financials
2006-03-24,67.54991103320671,71.04945362192814,63.92479362991941,67.41747514317294,1537702,-0.03453784552483069,0.04522971940167808,Financials
2006-03-27,64.21442117660531,69.23419009837357,58.991477898089016,63.994017420192705,1588605,-0.052114658252675826,0.04376655606451332,Financials
2006-03-28,63.55258565434154,64.16310255986541,63.451919464788844,64.06163005284533,951538,0.001055988396760813,0.04516414268551468,Financials
2006-03-29,67.4616753911438,72.433825038865,62.32860241047435,67.28794775405481,1626705,0.049135548629574644,0.04161738932631572,Financials
2006-03-30,67.6246923035391,69.02250126029222,66.58727956896247,67.97964331499604,1005202,0.010227159136095119,0.042985474248167885,Financials
2006-03-31,68.4213290184618,69.82848424493676,67.31441501946645,68.71679030036317,1168540,0.010785272320533156,0.039923552129929214,Financials
2006-04-03,65.26173122717924,70.96749764351924,59.15837806454813,64.82605363454259,1681831,-0.05828598484950738,0.037317024621359475,Financials
2006-04-04,65.86239250080494,67.35024760338986,64.32307257194455,65.80973819484585,1231258,0.015060239448652799,0.04151670345480804,Financials
2006-04-05,64.67080102352321,67.0004468533294,61.933696116388546,64.24811548243471,981709,-0.024015431930491608,0.038896413130791244,Financials
2006-04-06,62.85261603673359,64.76655826320322,61.27905129528534,63.18468003797024,1032263,-0.016690525026872335,0.03737453557135076,Financials
2006-04-07,58.36805905678418,65.22078363597613,51.774840321817955,58.60122645983165,1833526,-0.07530624159299099,0.03548620536476433,Financials
2006-04-10,57.72828482129477,59.548426644883904,55.57307190875549,57.38230518002696,1435172,-0.02101964203767832,0.04425009740533315,Financials
2006-04-11,56.757769089481855,57.42746785433086,56.73097315710738,57.40036854407868,1505533,0.0003147402585213497,0.0416260819560765,Financials
2006-04-12,56.88526742379287,57.61219431569344,56.24595452450878,56.97190769777772,1772958,-0.007492424995517473,0.038551257027829175,Financials
2006-04-13,57.84686848613517,58.2435201114523,56.8404966354253,57.23293858962881,915066,0.004571283179165823,0.036019161561419176,Financials
2006-04-14,59.610819512357274,62.54698479097898,56.230349373039765,59.14349638145345,1449089,0.03283705097654891,0.03377926130269447,Financials
2006-04-17,61.732777005635285,66.5380509253619,57.27716044201898,62.05889641160869,1285912,0.048117243164675874,0.03427202332588551,Financials
2006-04-18,61.45139862399499,62.454604781062756,60.384985593117285,61.387142760589384,816498,-0.010883464326077993,0.03724174579346831,Financials
2006-04-19,59.39397947077087,63.65504101201704,54.3218367535546,58.520212209326885,1379286,-0.04782820951679268,0.03503320672100691,Financials
2006-04-20,57.19806986832564,59.186010956898535,55.192563146130716,57.17987175212123,1306625,-0.023170258403815445,0.037749054324085735,Financials
2006-04-21,54.284075299654255,58.322177497110864,50.72787448697296,54.736347882297956,1526852,-0.04367396015683128,0.03633898750743005,Financials
2006-04-24,51.38924827524627,56.4679405871509,46.181702005126574,51.24626342196134,1931981,-0.06588527733405267,0.037980650729275284,Financials
2006-04-25,50.912200952320035,51.86401688629429,49.66532503523828,50.611519659582974,941857,-0.012463494881651098,0.04364807360311695,Financials
2006-04-26,53.767277051655114,58.637814944022416,48.892070896692196,53.762143789751676,1371648,0.06039036082222888,0.04058847458466792,Financials
2006-04-27,50.78499913298676,54.86464560661953,47.36074828034336,51.398995195513564,2040312,-0.04495094891671438,0.04432819381978061,Financials
2006-04-28,54.574786578787375,59.20261058862025,49.77636230017435,54.3883793824317,1478711,0.056531893204955566,0.044441862980034816,Financials
2006-05-01,51.99328648578939,55.44682636399505,48.683741730043714,52.1286643586133,1307270,-0.042435539655685146,0.04646979223656403,Financials
2006-05-02,47.14973749838093,54.222198123138064,39.97130657919198,47.025066563755274,2267676,-0.10303418641061346,0.04580032233825353,Financials
2006-05-03,44.85556833955102,48.48599857876511,40.948858758859515,44.554958870341146,1050425,-0.05395733274008404,0.05805637050681774,Financials
2006-05-04,44.34720247259681,44.88120291003066,43.666510030544586,44.19872256864683,1020087,-0.008027570439027066,0.0568607315166059,Financials
2006-05-05,39.80316170148691,45.77363595670994,33.59294995646657,39.52111759584302,1923033,-0.1118607357773125,0.05192475819833794,Financials
2006-05-08,39.578069727235324,39.686651221552744,39.34067303923921,39.44890015991647,1232444,-0.0018289841666650009,0.06429516344532417,Financials
2006-05-09,41.13406043255392,43.39892172299055,38.67056819679982,40.923855501945745,1005597,0.03670698956242109,0.05837461958275228,Financials
2006-05-10,42.3199007235333,44.36897338233365,40.21991037657124,42.26639222590291,737075,0.03227910311331603,0.055028969021372644,Financials
2006-05-11,41.66226638640916,42.614661636845135,40.67554644986174,41.6271386845398,1046442,-0.015239933446454206,0.05175752138495588,Financials
2006-05-12,42.64981284366454,44.015321481251966,41.163680616364466,42.52519954026246,940335,0.021344503786261612,0.04772746747575431,Financials
2006-05-15,42.04858502484505,42.756088678723415,41.34822779840419,42.055614372143594,1297562,-0.011103936490404255,0.044616892513952705,Financials
2006-05-16,41.76213854670558,42.18546054253184,41.3704376488211,41.793465815837955,903783,-0.006252886969160892,0.04136457770748696,Financials
2006-05-17,43.10616822385704,44.900584802644154,41.180827694351805,42.969557462525145,714147,0.027751891863339685,0.03840165908463262,Financials
2006-05-18,43.51506362287469,44.68492674375174,42.485852980314085,43.652466277729566,1757151,0.01576788291797544,0.03735338085985059,Financials
2006-05-19,44.98759402320152,46.92357074030323,42.989756335147746,44.92295124271582,1362143,0.028689045786019263,0.03540499921036702,Financials
2006-05-22,47.38783520319552,52.196740830396,43.00638007275049,47.77910874716777,1852154,0.06163966077873045,0.03501814354710595,Financials
2006-05-23,47.20653885349986,48.127249912344126,46.242037979764525,47.16187797788123,900741,-0.01300259217198132,0.040631680609176365,Financials
2006-05-24,46.875539172064066,47.30831349979155,46.43974467032689,46.872490854730415,882970,-0.006154941864795335,0.03802771207658338,Financials
2006-05-25,50.35651813900048,55.175605867118676,45.179213829919604,49.96039258702759,1916153,0.06379958882801677,0.035532632959400456,Financials
2006-05-26,52.341785991273746,57.571288971342824,47.77578321684701,52.95205018396417,1697187,0.05815624728826242,0.0414802668050192,Financials
2006-05-29,53.8236131710672,55.25989943963153,52.43536026383228,53.87043877655994,1375904,0.0171950912179585,0.04454000889279763,Financials
2006-05-30,50.041588281825135,55.558717297011945,44.57288876065269,50.08524665392302,1603499,-0.07285539500163636,0.04161010199501415,Financials
2006-05-31,50.622141236261136,52.01496770994839,49.4660764599509,50.85361669682549,843123,0.015224758021919164,0.04776302709790339,Financials
2006-06-01,48.94337485876185,51.97355365773555,45.77624011040253,48.79738009156706,1691990,-0.04127462001027418,0.04426979099304561,Financials
2006-06-02,49.59152513917678,50.3403871023263,48.54678223388013,49.29110771255507,983735,0.010067069068056236,0.04385647790467484,Financials
2006-06-05,49.459337091215524,49.66229131007292,49.22331694387414,49.426134919075494,1017284,0.002735637404967006,0.04066834647862805,Financials
2006-06-06,50.02494962785474,50.17648233121958,49.37602684777192,49.52604830792144,1044011,0.002019428365140791,0.03773929094519807,Financials
2006-06-07,55.24869014166905,63.5359936629194,46.69583945350359,54.936281710004224,1802212,0.10367523966452354,0.03521384640273393,Financials
2006-06-08,57.39326866047109,61.15260744523114,53.629347901962824,57.38836552450966,1148653,0.043667592297854926,0.05200283916003749,Financials
2006-06-09,59.072449037869994,63.69304055233784,55.30903224951651,59.87828515804023,1234077,0.042472329595824976,0.050492227294183956,Financials
2006-06-12,63.79261149923455,71.08451159562824,57.02495035248969,64.26656901659712,1778426,0.07072565288981852,0.04909334813288341,Financials
2006-06-13,67.65928785430955,73.3250510834313,62.179897241214555,67.83169783956153,1566353,0.053990031394691884,0.052710939673096834,Financials
2006-06-14,64.28292460120673,69.77357040503648,58.604037850316864,64.07710372039976,1354741,-0.056942501583348785,0.052535636024289796,Financials
2006-06-15,61.8671363408421,65.66269833545356,57.73560929584107,61.509212592223086,1407571,-0.040900142025869834,0.05286172258796318,Financials
2006-06-16,59.20431023971639,62.53220073867555,56.02778641310953,59.34796909846732,1689464,-0.03576906043659339,0.05085678533523201,Financials
2006-06-19,56.3064159484466,60.46798035833209,52.84089870176897,56.96210698931317,1316962,-0.04103164430202304,0.04859057464554825,Financials
2006-06-20,56.332538380087726,57.71035290526465,54.67015011169466,56.040829857377055,669878,-0.016305727439211187,0.04734315716792489,Financials
2006-06-21,57.955881979300216,60.44223491105263,55.192817793507075,57.66676748604787,1126666,0.028600524477572494,0.04396568135034128,Financials
2006-06-22,57.462599698047974,58.49427139572083,56.97011225930671,57.99720210769231,1167787,0.0057137157192001095,0.04206047324197187,Financials
2006-06-23,60.69713416341737,65.49388988073997,56.17367843994731,60.95147909379133,1214558,0.049683353102980374,0.03898927685362836,Financials
2006-06-26,58.18529670333303,62.07942768103415,54.67995429836086,58.551993803348225,1371370,-0.04016298049596857,0.041065755855559494,Financials
2006-06-27,60.737501726387684,65.77106953327484,56.41228013582217,61.39875870032541,1216498,0.04747447587433888,0.041122704112675615,Financials
2006-06-28,64.26873646677231,68.45217886300362,59.947953688778476,64.12183375225153,1098382,0.043395307747017366,0.04231944368446273,Financials
2006-06-29,64.75737150028516,65.62291263085334,63.83103380457283,64.69575132549602,852880,0.008910605958987225,0.04260541234607033,Financials
2006-06-30,66.87658869808133,70.71631718301816,63.24917434290641,67.07797931586161,1124039,0.036160280957223304,0.039548536808918684,Financials
2006-07-03,67.2938000604579,67.32660618548486,67.06707192552189,67.09978346631317,994870,0.00032500393793087466,0.03933706011914104,Financials
2006-07-04,68.19447675017433,70.0510945583311,66.41963371672485,68.27417722446467,893225,0.01735079943938864,0.03657785235887263,Financials
2006-07-05,67.65532084315893,68.40590896732793,67.26064487317757,68.00916878013479,1127778,-0.003889085293540798,0.03486415010763736,Financials
2006-07-06,68.55138542212474,69.48996429394546,67.66200304394131,68.59995181768139,663580,0.008649301276765383,0.03278225004244464,Financials
2006-07-07,69.45537333903557,70.55376717102426,68.2306576857711,69.32702171611648,1101827,0.010542921583398517,0.031160267909033253,Financials
2006-07-10,66.61334554876518,70.44444209933037,63.15809786991715,66.97066042569554,1862352,-0.034580134559959175,0.02989051381721692,Financials
2006-07-11,66.72739150471342,67.50713441112481,66.40749547099392,67.1850443559006,1236699,0.0031960491436953636,0.03152970201149261,Financials
2006-07-12,67.64688583954957,68.28147450044447,66.97232163745285,67.60653174058706,1034197,0.006253933230078346,0.02994711833659717,Financials
2006-07-13,68.99325240324922,70.74083162314764,67.0162444891773,68.75786132072558,1415189,0.016886474730255677,0.028693739203175753,Financials
2006-07-14,69.19729201709218,70.11382499235847,68.38363523119912,69.29897259476436,1210019,0.007839004120682294,0.028309671313708797,Financials
2006-07-17,69.38220290628507,69.53461136518699,69.04556024284533,69.19756311263039,1173429,-0.0014644337454259092,0.027392836467821154,Financials
2006-07-18,67.80105688813873,70.51072018842736,64.68549102128249,67.3782571677771,760200,-0.02664327494441231,0.02646914574993771,Financials
2006-07-19,69.4505015374208,72.31772618312317,66.39916529002892,69.2584616788691,1219020,0.02752295598765381,0.027694262155718984,Financials
2006-07-20,65.91504286083897,70.59356455500863,61.76274161719046,66.41007865809463,1303099,-0.041996495927997535,0.028761166371072306,Financials
2006-07-21,66.01976053158378,66.43211237194826,65.95396048486974,66.36596727067143,1052380,-0.0006644479994497856,0.03203622330041647,Financials
2006-07-24,69.31810271231168,73.45176898208639,64.93940142758434,69.05752881980635,1522967,0.03975552424768961,0.03034999022001348,Financials
2006-07-25,67.9403760659797,69.51694685235879,66.54659680981376,68.11949305740556,861993,-0.01367649437022436,0.03277152393946956,Financials
2006-07-26,72.16196163441721,78.39151949127043,65.92594171181857,72.1548890067913,1684863,0.05755163076463147,0.03142029916775138,Financials
2006-07-27,68.65261827178266,74.53522811082726,62.30917938022339,68.14860175464715,1783737,-0.05712440386717646,0.037237302404753626,Financials
2006-07-28,67.02266995770799,69.17343221661764,64.56555181767837,66.70615715828114,1278909,-0.021393380879104612,0.04121617376568935,Financials
2006-07-31,66.68752026932444,66.91780875171654,66.32294209269115,66.5527652326509,561072,-0.0023021646975032073,0.03908541794227823,Financials
2006-08-01,65.01681205568282,67.90078121697782,61.74743336110045,64.61351328448694,1145816,-0.02957152229923813,0.03637211721803141,Financials
2006-08-02,63.853667424228156,64.66976534806324,63.68631154135117,64.50071360355493,1386828,-0.0017472855214941984,0.035909831082893216,Financials
2006-08-03,62.169545921216375,65.84935132730418,58.335013832373335,62.00508481189924,1379339,-0.03945989258418148,0.0336462587181039,Financials
2006-08-04,58.42941700610384,63.59455797244912,53.371437349269186,58.52804087744571,1755591,-0.057710424143672626,0.03520254321769575,Financials
2006-08-07,58.10091405031153,58.9669052705217,57.085616928331554,57.94934908023753,960867,-0.009936633348662717,0.0398867045194433,Financials
2006-08-08,61.95932806864674,68.03398067378839,55.79828250475459,61.863544213240104,2013574,0.06536172243412484,0.0372500987956135,Financials
2006-08-09,65.02957456141779,69.75586797319608,60.215402471960765,64.93480835776317,1100027,0.04845275854516,0.04302184447649485,Financials
2006-08-10,62.308299689054785,66.14819499755784,58.51458661194643,62.35183143935456,1365394,-0.0405907730435123,0.04396423265932324,Financials
2006-08-11,61.53884543812864,62.74116010712078,60.35599984183322,61.55794735065279,1427206,-0.012814080687562455,0.04351349941223956,Financials
2006-08-14,64.30938128237638,68.41630333619543,60.13315038265354,64.23534429029029,1777345,0.042574628791051526,0.040489131930177044,Financials
2006-08-15,63.92870394551781,64.29651337952545,63.74537246972982,64.11265438006568,827452,-0.0019118326559978633,0.04102908353926274,Financials
2006-08-16,62.97967056595712,64.74417660937667,61.1632593661476,62.92626926130308,859471,-0.018678048832404436,0.03804282879168059,Financials
2006-08-17,61.74753693717399,64.27452956409606,58.726735246817334,61.232656607391874,983138,-0.027283059938009516,0.03619579926188052,Financials
2006-08-18,63.74637666471468,66.17840764830108,60.41374197405409,62.81005054887617,693816,0.025434449358359406,0.035493147385125386,Financials
2006-08-21,59.636794418778145,64.64972285277246,54.39514075525037,59.38707867189426,1420495,-0.0560384293270673,0.03471091314221262,Financials
2006-08-22,65.50326213552823,74.75363189627491,56.03524366930102,65.24982271923004,2115246,0.09414665732328861,0.039178103924892675,Financials
2006-08-23,72.28634317458581,82.57486669211579,61.53302790557207,71.74441934180714,2277520,0.09488674315406218,0.05155073253109079,Financials
2006-08-24,72.76130528664928,74.18843165053082,71.2629981356363,72.6887004419419,1263180,0.01307587284440316,0.059803900571379076,Financials
2006-08-25,70.11301177510977,73.51395675734454,67.60720784067888,70.9772648507326,868781,-0.023826332858807624,0.054652099561110785,Financials
2006-08-28,74.13857535369381,79.45017084279488,69.02084800628292,74.31992506774219,1347420,0.04601947387484127,0.050740868240254394,Financials
2006-08-29,73.170204733895,74.831887835238,71.61432753935229,73.27380764820337,1310080,-0.014175872088929507,0.049773259529364414,Financials
2006-08-30,73.97621944683577,74.6855361075998,73.03660851044545,73.74369563017024,1231282,0.006392294407293052,0.045956992871207594,Financials
2006-08-31,77.4289504526623,84.20154855292245,71.12162915962388,77.8591809143498,782248,0.054306313561570854,0.04237647188216366,Financials
2006-09-01,78.8182279384307,80.94801200257643,76.96549577571523,79.08891691858324,1134276,0.015670928000417566,0.04448582526199772,Financials
2006-09-04,78.95665277172434,79.1256159292845,78.93467345283953,79.1035957056059,880257,0.0001855813125576463,0.04147321565844559,Financials
2006-09-05,84.05404651233056,91.56718516045962,76.45584722143929,83.96063644675112,1807080,0.0595897438205778,0.038419100193849996,Financials
2006-09-06,83.8729464921638,85.35956982487633,81.50366059574431,82.97435668820873,579883,-0.011816470784187271,0.0425847677351231,Financials
2006-09-07,89.64796961772906,99.86629627334392,79.32086605014089,89.52519896264322,1797627,0.07598853381128556,0.03964485214643306,Financials
2006-09-08,88.14315827032279,90.08879189293144,86.43465701192781,88.37578163665273,1122724,-0.012922169585038275,0.04715410938601602,Financials
2006-09-11,94.6851582450637,102.6493145004038,85.61080063522365,93.47299984602711,1719862,0.05607465416932823,0.043633191444224714,Financials
2006-09-12,93.41600185114797,94.73770510983212,91.2853778814064,92.59547180969592,938640,-0.009432382978597859,0.045768322478742386,Financials
2006-09-13,98.68773381527897,107.39004813933722,89.54256503731061,98.20205177130455,2114985,0.058786869030397135,0.042298190875175334,Financials
2006-09-14,99.80942880304328,102.45284063411226,97.25242160702389,99.89367514009768,1734015,0.01707926279567036,0.04527354588067708,Financials
2006-09-15,95.29326752478403,102.07624199648863,88.48320220637795,95.26410057466845,1683165,-0.04745333115962599,0.04223162734177258,Financials
2006-09-18,98.93993368986344,104.33400450130608,93.40432910617903,98.79023875296735,1791166,0.03634576124642031,0.04318079519959368,Financials
2006-09-19,101.71258537828481,107.99009135196545,96.19188202736073,102.43042544729565,1328315,0.036184990155621585,0.04230622901349954,Financials
2006-09-20,103.95782142453552,105.78406408302858,101.8164763922049,103.63708461907704,642628,0.011711433435009359,0.041572306137120915,Financials
2006-09-21,108.20051916284415,115.43275075965879,101.06740508309584,108.29350649449398,1489387,0.04394996829305298,0.0387708519510753,Financials
2006-09-22,105.99225125193327,110.21905534433155,101.24711525979528,105.45239055773344,988210,-0.026585616982833904,0.03990342248170968,Financials
2006-09-25,103.21286623783023,107.48191146234012,98.34128309176096,102.58433112301235,1322088,-0.027574373752156538,0.038468763369216105,Financials
2006-09-26,108.4780167393273,118.37301632698657,98.92184218722815,108.78941013709664,1323809,0.05872879341112734,0.03738888226864956,Financials
2006-09-27,116.28012330898986,127.6543047588605,104.76161125123369,116.12014399242524,1672781,0.06521138280097488,0.04166177492820224,Financials
2006-09-28,115.77534233075873,116.2544065926837,115.37187838608902,115.85068010441248,1074518,-0.0023232577654117674,0.04611335445569794,Financials
2006-09-29,123.58122056857894,136.63532807695677,110.98483048643398,123.99659926364541,2101795,0.06795201851430624,0.042449532345152544,Financials
2006-10-02,123.54773769302174,124.89118436664425,123.01416028647839,124.35412434111979,907791,0.0028791969620096205,0.04726723770311751,Financials
2006-10-03,125.14491159978077,126.35970337668974,123.94011617084863,125.15481262854688,847242,0.006418135123144979,0.043457989764119534,Financials
2006-10-04,124.16004991260186,125.39289545061693,124.01842181756845,125.25002403328736,1249422,0.000760459826560482,0.04021263940901538,Financials
2006-10-05,127.46694953980216,130.54493874252583,124.20910641802,127.2826451581027,1255517,0.016098234163633398,0.03733271808298679,Financials
2006-10-06,126.48318150018494,127.91682986659538,124.89261391169592,126.3244632551052,1735036,-0.0075564637627774656,0.035409863640645266,Financials
2006-10-09,127.42524668723746,128.6654270826529,125.90930259197785,127.14677270840099,795523,0.006488407531250821,0.03334144232226612,Financials
2006-10-10,131.15623252399052,136.4543677902183,125.34104040123903,130.61740958943227,678006,0.026930402844860004,0.031553705578694524,Financials
2006-10-11,132.29122202030666,134.6016714678633,129.83917613278263,132.14710865872058,747718,0.01164324894865652,0.031706404056680994,Financials
2006-10-12,133.2861964469349,136.1860271172585,130.86553379330238,133.75681733394876,1497624,0.012107593625152194,0.03040676953371522,Financials
2006-10-13,129.58505325805532,135.50641127065134,124.20714788630083,130.10685079511023,1147546,-0.027667313148350782,0.02935381372649816,Financials
2006-10-16,132.80008858538548,136.53087929679026,128.84233498498782,132.56656525907687,997224,0.018728856539911194,0.030068906477610673,Financials
2006-10-17,132.33352267877694,132.61791262836732,132.17951249067525,132.46375088025724,1280287,-0.0007758688551176406,0.029596060878118963,Financials
2006-10-18,131.90765742457714,132.47799540911308,131.86508491926372,132.43525262521294,730845,-0.00021516317371626103,0.02829897085537052,Financials
2006-10-19,136.30865125815373,141.49228165940113,130.6700833997949,135.83572922709953,1225323,0.025352415777974206,0.027215296166993787,Financials
2006-10-20,137.534798132563,142.06357660770192,133.8057240604084,138.31339199321252,825496,0.018075784566464446,0.02808824708365833,Financials
2006-10-23,138.44220877494058,141.4329680133868,136.5821040382901,139.55787324740848,487073,0.008957310313139923,0.027931519785720536,Financials
2006-10-24,138.1920934438096,140.62047059024687,135.50867894789602,137.93249429470194,759667,-0.011714983522433685,0.02713246854303826,Financials
2006-10-25,143.25042806357186,151.874600339937,134.8313397283232,143.44412791210732,1611781,0.03918121315729413,0.02663686928358516,Financials
2006-10-26,148.28599420565178,156.74476529931306,140.27114023722308,148.70714798075295,1912123,0.03603331526740249,0.029964868827616113,Financials
2006-10-27,146.8046494435956,150.348251383446,142.80105893047178,146.33328292475383,1163434,-0.016092142191595035,0.03182883382185083,Financials
2006-10-30,151.25478510581826,157.67298854846513,144.14443781871807,150.53197000446104,1060436,0.028288706979448384,0.03081076574858816,Financials
2006-10-31,148.05776384809758,152.91985194625315,142.43593173296156,147.27222336538406,527446,-0.021892753079552123,0.031296649504329734,Financials
2006-11-01,148.25822454627365,148.77168511962037,147.10142196873184,147.61264672169852,1296613,0.0023088570630424494,0.03091080897951113,Financials
2006-11-02,151.11305553923305,158.57566305382502,144.53407556857013,151.95981775959496,1494674,0.029024538160899522,0.02941397818308321,Financials
2006-11-03,145.4472542546918,154.5691698080979,137.3692430438086,146.43623167065041,1241961,-0.037026074055858366,0.030306917731137605,Financials
2006-11-06,143.61638428582387,148.9088353916603,137.61708034510107,142.8824863548239,1424988,-0.02456753632094146,0.032255959664657954,Financials
2006-11-07,150.32605595321175,164.38926416106747,137.3620189275834,151.33796099672887,1434665,0.057492969502964245,0.03198268474100555,Financials
2006-11-08,143.39556891826095,155.7584732984032,130.5659125315791,142.88477895792997,1883449,-0.05747692425646892,0.03760491895928452,Financials
2006-11-09,145.0054191259292,149.4444149858286,141.06870084940218,145.49442091390318,1731296,0.01809917771927408,0.04155530612623452,Financials
2006-11-10,137.26413396599784,149.08145596363505,125.89608760878102,137.67904701887926,1705944,-0.055212511473355624,0.039123034249826945,Financials
2006-11-13,143.0285265022008,154.75068328048712,132.78733491541715,144.41053641115553,1494988,0.047734960464342814,0.042210812129237926,Financials
2006-11-14,147.07956147673218,149.59334533783226,143.56894050951055,146.06539085592382,773100,0.01139421338066184,0.0432110645097724,Financials
2006-11-15,144.78659645135977,146.47625977916428,143.55076298313995,145.2365854069843,773483,-0.005690367748163759,0.040165048134401346,Financials
2006-11-16,146.4871281114945,147.55015498135108,144.88185923457968,145.94092240228136,719502,0.004837862473247443,0.03735561425110586,Financials
2006-11-17,138.03447955960416,150.90721863681358,124.35415781319644,137.14383795447384,1782101,-0.062171611606412054,0.03492655536777778,Financials
2006-11-20,131.58369515766404,139.94472392914992,123.10272509913288,131.45561549331134,1362468,-0.042361017254544824,0.04069014388457652,Financials
2006-11-21,131.45788056188812,133.4907100110325,128.0954350510095,130.1073807325748,1532601,-0.010309154741962409,0.041154812779358,Financials
2006-11-22,129.7529984461611,131.797982274012,126.7183549516228,128.74749139495756,703306,-0.010507060092844816,0.03835253176320002,Financials
2006-11-23,125.87099036109556,129.55918770621685,123.42753765891099,127.09203171242532,789896,-0.01294157187013385,0.03596238452726697,Financials
2006-11-24,132.64833270811584,139.20535370266083,124.8572045615068,131.350049314282,909003,0.03295440840040959,0.03405520698924153,Financials
2006-11-27,132.10951197748977,135.78163281213693,129.46362389460913,133.1155949096057,1001820,0.013351993828329745,0.034506588550843674,Financials
2006-11-28,133.3229232387723,134.3344529909608,132.59260655450544,133.6026042691583,461474,0.003651868543560787,0.032852778932877746,Financials
2006-11-29,137.8266329591508,145.43140502478448,130.70438655863353,138.2854491158066,1036366,0.034450266723259335,0.03107160260541683,Financials
2006-11-30,138.47424289137558,140.4288773221574,137.19277289930275,139.14123484518117,788228,0.006169474627268438,0.0324095467782367,Financials
2006-12-01,138.30054518476615,141.30240742377134,134.16560292445752,137.1423255977577,805482,-0.014470235746334435,0.03075731360949859,Financials
2006-12-04,137.64100904406,144.55923984932184,133.2501179312817,140.09021647623834,790157,0.021267358922914936,0.029802986943620463,Financials
2006-12-05,145.27153029576198,153.05796900415706,137.4046600348606,145.18654351951045,1399536,0.03573280413830317,0.029638142788351345,Financials
2006-12-06,144.66786607657764,145.76717441951638,143.3552286892082,144.4529035658641,1233103,-0.005065895063648016,0.031531898136523795,Financials
2006-12-07,142.1011287582132,146.51465341954193,137.09798688534,141.4926115874388,1602937,-0.02070602675665993,0.029987630349747114,Financials
2006-12-08,146.2332757226023,153.2063248229614,139.09794234257808,146.06286553162877,1637789,0.03178961407564836,0.029727383181194857,Financials
2006-12-11,150.43618111669633,155.66767689766138,144.29015153411154,149.4886981047005,705027,0.023183677145269015,0.030960632795585245,Financials
2006-12-12,155.63168944945392,169.82067610143156,143.45192631997818,157.4950834340896,1149291,0.05217344947575295,0.03078101784182689,Financials
2006-12-13,161.73516413727884,169.80890421486274,154.33128191489743,162.37569967588797,1839813,0.030518542506922316,0.035584929001375484,Financials
2006-12-14,163.4152500302606,164.0820955623162,161.27376102723807,161.93456435314715,1022531,-0.002720454106668251,0.035394024257469944,Financials
2006-12-15,162.4385028820667,163.36596680818,161.57941579571505,162.50652000029137,1554611,0.0035257941563905976,0.033215955399365976,Financials
2006-12-18,168.15135115902294,173.8316259575913,160.5931469505902,166.20776603160382,1271652,0.022520484311368945,0.03137681370278253,Financials
2006-12-19,169.18215670329084,172.8948929370502,164.95606470982707,168.65728247374196,889964,0.01463013320910552,0.031043185766832786,Financials
2006-12-20,166.77294437792924,168.85475546717214,166.18437853583717,168.26093827938425,747158,-0.002352763090709725,0.03005078411124571,Financials
2006-12-21,172.43852413859946,180.47136438757536,165.09916081718404,173.10369013649947,1541550,0.028374801427846142,0.02869268242400332,Financials
2006-12-22,167.18748140354327,174.9235624556227,161.67521887206232,169.34031967119748,1255475,-0.021980363941149113,0.029654433448613078,Financials
2006-12-25,169.45050563182298,169.73301887523058,168.87018863607463,169.15220454246958,683109,-0.0011114877560823287,0.029596939003457483,Financials
2006-12-26,166.83933454877754,171.60086777027126,161.22770799408588,165.96426711293108,910832,-0.01902642137467743,0.028301384232123604,Financials
2006-12-27,157.48738171635688,169.79616210544336,145.37282133002748,157.6677287060903,1505682,-0.05128267104873357,0.02819708116299368,Financials
2006-12-28,149.03698073950255,161.52573177948008,136.79852077795945,149.2682783659344,1336821,-0.054744622893000174,0.0336236101775799,Financials
2006-12-29,145.11978033315268,154.17873605976965,134.24570929779853,143.1838142999832,1554379,-0.04161599338064167,0.0381311393673675,Financials
2007-01-01,147.37792710453365,152.62841791961517,141.4015593515773,146.62523472345737,1163414,0.02375068830742616,0.03902525678738738,Financials
2007-01-02,146.64864590782506,148.1824757722434,145.71731272645394,147.2473404142081,1801222,0.00423385285105877,0.03745651896691277,Financials
2007-01-03,144.7283067229282,149.42815388921997,139.41458914681766,144.0938326649997,1212187,-0.021649057569593934,0.03500116393764099,Financials
2007-01-04,139.93469580348662,146.24327869075796,133.52378884613125,139.82754094199964,1407400,-0.0300548902521913,0.03391706702590061,Financials
2007-01-05,129.68090097170506,144.71683612671242,114.4200119357971,129.42644390292355,1448298,-0.07729709382719367,0.033996888279991706,Financials
2007-01-08,125.20396638522551,132.34412287551982,117.4925611745044,124.59817020048804,1214815,-0.038018798160252054,0.043827580783078676,Financials
2007-01-09,119.99326927407579,126.83866206749019,113.10558697906963,119.94842127772091,1302312,-0.03803209316004153,0.0430522917144991,Financials
2007-01-10,118.45926738803882,120.56642120102367,116.58916143912505,118.69263115895392,962420,-0.010524607544565447,0.04242364758028679,Financials
2007-01-11,118.22080158992941,118.96097869803823,117.45820697886964,118.19824284732655,950152,-0.004173981217937428,0.0394515881024854,Financials
2007-01-12,116.46593146773189,119.64040157546577,115.6166284800228,118.77426555331637,1153945,0.004861524607845838,0.036711790489265005,Financials
2007-01-15,123.07703167172248,133.97084131395545,113.99443570343004,124.76377070611986,1266621,0.04919735141981655,0.03437658522845244,Financials
2007-01-16,124.53307492870702,124.77629044179447,124.49557011258948,124.73872369177666,1794305,-0.00020077566348813248,0.037529409768659865,Financials
2007-01-17,119.94933650564342,126.73250127160196,113.78339498447588,120.53638289563591,899705,-0.03426969919575142,0.03502529549764346,Financials
2007-01-18,124.86580129064231,129.81863760924142,118.85708124978619,123.76630577670763,1486447,0.026443516518830246,0.03546235894864987,Financials
2007-01-19,120.76772698945112,124.98705422045825,117.04285017974541,121.24738322337393,1582934,-0.020562208699078835,0.03479873642310245,Financials
2007-01-22,122.55581738064967,127.68442445569082,118.71667242183729,123.80611312591337,1381982,0.020883790155731132,0.03364791686424758,Financials
2007-01-23,122.08615326248315,124.45058329452237,120.13842722537018,122.49631368056355,1172953,-0.010635800949107368,0.03272866864284194,Financials
2007-01-24,123.1104356798544,128.8187552107529,119.35947587142678,125.00992139249459,1236362,0.020312168164102175,0.03120738118107175,Financials
2007-01-25,124.06502759970141,125.44958580466586,122.73713237894272,124.1210905300586,1261236,-0.007135479656379182,0.030675855953397356,Financials
2007-01-26,120.88363800538893,127.15691866057651,113.67807954435803,119.90033130076304,1354555,-0.03459680046419476,0.029333321858730173,Financials
2007-01-29,116.09670665402373,122.09855519663824,109.84991158679222,115.83840680876115,1126451,-0.034464650006541184,0.031111023888136212,Financials
2007-01-30,110.46131175186684,118.13411014003894,103.28827686944317,110.93060098575282,726309,-0.04329138572689727,0.032442078554025366,Financials
2007-01-31,112.51303846634069,113.62689454396585,110.55968697848957,111.66514912498556,714721,0.00659986370058729,0.0349730236103156,Financials
2007-02-01,110.27977479983015,111.9638653909508,109.38509675643638,111.06283453847576,1776165,-0.005408535064673458,0.03293969693983391,Financials
2007-02-02,108.72007592574379,112.18023287885653,105.29660409718127,108.75564114198951,1350608,-0.020992576880960255,0.031183437035104924,Financials
2007-02-05,110.15203779786698,114.85858203449386,106.50819867089659,111.18071420135556,1679016,0.02205339214063969,0.030725049045906123,Financials
2007-02-06,107.94953251622076,113.18602400918635,102.42113258110957,107.64274206825789,1174109,-0.03233913336418732,0.030465976544909793,Financials
2007-02-07,103.95772423654758,109.18496147042336,99.20481477430765,104.41131404652039,1168326,-0.030479758300114738,0.031613502075537266,Financials
2007-02-08,101.22323714361013,105.53690503920924,97.79695527110424,102.08156966819304,1134290,-0.02256584534797327,0.032231710483451095,Financials
2007-02-09,102.59476227572506,103.12360426904468,101.90496286602843,102.43297087832205,1233370,0.0034364456923466334,0.031740969345492684,Financials
2007-02-12,103.29237838001319,105.03404056628676,101.7312842836913,103.4702581109382,605795,0.01007556814810751,0.030129100249470978,Financials
2007-02-13,102.68432039112054,103.53085695007822,102.5034804089118,103.348846653677,1193969,-0.001174083712877972,0.029007545682118843,Financials
2007-02-14,104.7074971554341,108.01073893848765,101.91367339522027,105.2036760462895,1252501,0.017788116649479338,0.027809295857408833,Financials
2007-02-15,105.18774796019137,109.04328511387477,102.91079306992661,106.73288332887121,1055321,0.014431052629985498,0.027679380646218214,Financials
2007-02-16,107.85415760466105,108.97224509362333,104.89894092415157,105.99778401745219,1203006,-0.006911107331072079,0.027279237202825213,Financials
2007-02-19,109.70231732205875,114.41570357397397,104.39127674398406,109.07783182755036,1721745,0.028643492480217452,0.02650452671857474,Financials
2007-02-20,105.19216648561282,111.26785704713906,98.89544561877703,104.9575873557788,1575714,-0.03850534226714322,0.028018911443526046,Financials
2007-02-21,103.36704026359834,106.72850360169217,99.36663091252494,102.70661751238393,1536834,-0.021679788383361428,0.03082931601983088,Financials
2007-02-22,104.23440841621094,107.62023193456703,101.28721434989102,104.66097678604258,787560,0.01884978361816755,0.030509987949073017,Financials
2007-02-23,102.8528932825987,105.83222538833573,99.68550707685561,102.6592293333877,831507,-0.019311283722154005,0.02996639189308291,Financials
2007-02-26,104.2039672843521,110.59582783717688,99.48587762094378,105.80523677824262,1464446,0.030184965034543484,0.029569013617662152,Financials
2007-02-27,100.54138437539233,108.30727801135049,92.73252179553346,100.49481865991626,1283203,-0.05149384461070995,0.030596259087961777,Financials
2007-02-28,93.12262831155813,103.62934621986223,83.00301137111555,93.47178634721712,1898485,-0.07244653008565312,0.03530789233388108,Financials
2007-03-01,86.99059428680243,96.3304398554312,77.7543909072923,87.08428851588691,2334143,-0.07078315730747443,0.04341189660757138,Financials
2007-03-02,82.90229403016464,88.89536671500942,77.22520786356029,83.19802885227047,842650,-0.045652827287173375,0.04857172549349441,Financials
2007-03-05,78.60181195187647,86.59256073413617,69.84242642770104,77.7461919125317,1630400,-0.06777408462417286,0.047958285101003896,Financials
2007-03-06,78.28683838122438,78.79477084357941,77.57659211327827,78.08320337230408,1527268,0.00432539681729223,0.051273742499061054,Financials
2007-03-07,81.89248965041652,87.44109229344338,76.15612113813452,81.69107713256567,1226946,0.0451698128176977,0.04696811359350163,Financials
2007-03-08,74.93662747388011,84.47219327199565,65.89483106459153,75.37723365624915,1472125,-0.08043949235585925,0.04659237871287036,Financials
2007-03-09,71.78528834482758,77.2512915668277,66.19096296682264,71.64638993914099,2066699,-0.05076252017677728,0.05298355021012728,Financials
2007-03-12,75.88688581393973,83.88732461961476,68.50249199739115,76.44830069736098,1832130,0.06487193614852607,0.052271696858815685,Financials
2007-03-13,73.56525657892885,78.18289809488334,68.71329101105589,73.31523909846557,1193095,-0.04184621682111739,0.05401036427343093,Financials
2007-03-14,73.85717596170714,75.66199712211444,72.45303335434295,74.25037909658218,1348177,0.01267439567499118,0.051926500349002515,Financials
2007-03-15,82.29510815524579,94.78457687041647,69.95084193195892,82.42137119166651,1944830,0.10440187906218006,0.04776175453911741,Financials
2007-03-16,84.36116225616405,87.01309696928197,81.52107408108903,84.16690213144486,1290149,0.020956995234886956,0.059664989818829534,Financials
2007-03-19,78.39503077851188,87.08805280959034,69.50129681016993,78.16928666034161,2081210,-0.07392494094545948,0.054898161676472254,Financials
2007-03-20,80.93298569570449,85.41817100822057,76.55811612166318,81.03764407746496,1414257,0.03603697171130487,0.05771291933729674,Financials
2007-03-21,83.10468127749141,86.10890797952366,80.01340825808238,83.0143702236988,983204,0.024099939625149457,0.05440059141466078,Financials
2007-03-22,83.55344882115531,84.62201198169446,82.58856369042455,83.65594323334291,1089964,0.007698745687893552,0.05054364985339176,Financials
2007-03-23,90.94300034305904,102.42111722608195,79.5012081831369,90.97526567489841,2005155,0.08387519007701479,0.046396325664613186,Financials
2007-03-26,88.96141767565241,92.60297850245126,84.90242650882233,88.52617087377611,1005105,-0.027289439414254484,0.05364095780939952,Financials
2007-03-27,86.1475713221816,89.27991481122615,83.86745373338594,86.97782248478082,904286,-0.01764505219590612,0.05013570493470161,Financials
2007-03-28,92.02086744614847,99.09120263054334,84.51504865314871,91.54913903720896,1820525,0.05122269459538624,0.04644968576308142,Financials
2007-03-29,87.01473588524364,93.76913932073421,80.18406271833179,86.93204758414775,1531593,-0.051749115570481334,0.047112878411672526,Financials
2007-03-30,91.00876351064709,97.65469763074098,84.5252524223143,91.16038495293093,1316317,0.04749367598044028,0.04772205249290402,Financials
2007-04-02,90.70465293504442,91.42037048340505,89.96656206170373,90.68210166617342,1258910,-0.0052604250917768535,0.04754222148815352,Financials
2007-04-03,92.96061040875628,95.61620371654757,89.78534260196405,92.42565387819076,1103605,0.01904457738329102,0.04373055076310892,Financials
2007-04-04,96.83406047804657,103.35522928740805,90.15963590802424,96.669738670581,1539968,0.044895833670976534,0.04104014187587686,Financials
2007-04-05,96.91328022314536,96.9990785092337,96.64117742589757,96.72681062860843,1981065,0.0005902065976975762,0.04183037148180111,Financials
2007-04-06,94.58775244687018,97.57527912847361,92.00564472094774,94.98239815027071,1771487,-0.018199027951127912,0.038728235619746205,Financials
2007-04-09,102.31984105352687,114.31908494121082,90.56739931781436,102.54121610050514,1957548,0.07657323424733371,0.036736653088295254,Financials
2007-04-10,109.38491839290234,118.18366347525682,99.487518325598,108.19015889549443,1407566,0.053625583317010596,0.04537823679439692,Financials
2007-04-11,110.49047339280463,112.75157408040562,107.43185197397277,109.67629106011854,1104043,0.013642809303945173,0.04667657846895094,Financials
2007-04-12,113.81908124602047,124.8834867748128,104.7454553003077,115.66287416333276,1153818,0.05314648385478874,0.04325368561070928,Financials
2007-04-13,117.75965624107796,120.32977626256489,114.79672634205272,117.35808195173601,1027190,0.014550087885364165,0.04494871930374837,Financials
2007-04-16,111.18950447806579,121.33825071548075,100.35041733208955,110.42982427692314,1274164,-0.06084954561766223,0.041809875056719584,Financials
2007-04-17,114.73964390629659,119.95529319280483,108.65335217046855,113.82754053614967,972840,0.030304255843589936,0.045319450593406314,Financials
2007-04-18,110.37239719002491,115.02013044081018,106.74641201046668,111.36164617410262,1099546,-0.0219015217081585,0.043368586211745705,Financials
2007-04-19,109.04714919740748,112.50126653385009,105.58095938743453,109.03468181391594,1178559,-0.02111696553197448,0.0409465372647607,Financials
2007-04-20,111.51902895916515,113.2174583559139,108.4698436949044,110.1473829901389,872211,0.010153300966364812,0.038835345578111434,Financials
2007-04-23,117.12725644121619,127.5580971951495,106.47564666357283,116.88490462566737,1836160,0.05937041511294642,0.036359464806486205,Financials
2007-04-24,123.78237475314387,133.8882258873398,113.34652367193645,123.42303778708374,2068007,0.054428056521777374,0.04106501520045772,Financials
2007-04-25,120.59562634427778,125.9720226580555,114.46740212968115,119.80871641111506,1140423,-0.029721344942914788,0.0435135654622984,Financials
2007-04-26,127.56677841696583,139.26784196867288,115.68122588130194,127.36365823284439,1579565,0.06115000418818996,0.04180009635366576,Financials
2007-04-27,135.57530052322082,146.80040174191163,123.4477987695713,134.59144022863674,1705764,0.055197375802082796,0.045372865194661674,Financials
2007-04-30,126.04540075704128,139.0074030556301,112.74965534221744,125.67340287398154,1393557,-0.06855731993254158,0.04694645951606794,Financials
2007-05-01,120.15931691087404,128.14153604828832,112.43383763294221,120.40054719827788,1382940,-0.04286242341441879,0.05067733187851324,Financials
2007-05-02,119.70382945686467,120.67013297800204,118.8924382634992,119.8576988085061,1174660,-0.004518881849461299,0.049296365730178496,Financials
2007-05-03,117.40981469035684,121.09706853350063,113.68822554059957,117.37436612186885,1447899,-0.02093665878994383,0.045245644910181376,Financials
2007-05-04,113.41296341358489,119.43981206574581,107.26866398126212,113.28892092389258,1067997,-0.03542715912279338,0.042467472951231246,Financials
2007-05-07,111.57600882344079,115.07765746789954,107.4614829358374,110.94327413432912,1689015,-0.020922351088334873,0.041605907604781375,Financials
2007-05-08,107.12864830521296,112.9458979565271,101.18864042229737,106.9988413575789,1291327,-0.036201020880618336,0.039376426378654725,Financials
2007-05-09,106.19846220830223,107.99014412251901,105.60987244698742,107.39492314786835,447251,0.003694904484023647,0.039204329485437416,Financials
2007-05-10,101.88207346132083,111.1149939943454,91.93676313655217,101.09869070172088,1380267,-0.060415735037887136,0.03649152515576868,Financials
2007-05-11,103.42880488447233,106.31493347987859,100.12295180635228,102.99703199727534,1021205,0.018602996838453217,0.04138616051991905,Financials
2007-05-14,108.07292868223374,114.61142750871159,100.74834023552265,107.23621735597722,1551088,0.04033386779466903,0.039014896511078055,Financials
2007-05-15,112.83881203110037,123.09494677127005,103.27058007717471,113.47294329238753,2182708,0.056530383365423896,0.03951901888341587,Financials
2007-05-16,106.0097559555255,118.36893024517026,92.74747094772522,104.9874606837881,1938573,-0.07772350244713841,0.04276394415068018,Financials
2007-05-17,105.79527277145284,106.8751471425841,104.62537023367375,105.70431619206603,957178,0.006804805437536523,0.04969049567427905,Financials
2007-05-18,106.62236253228168,107.14103121555537,105.53180143414868,106.04767452496908,914974,0.003243026265505662,0.045631810120143654,Financials
2007-05-21,111.02800210857211,117.26442031153721,103.91011980630338,110.09407980080101,1827144,0.03744651850300273,0.04204030516987823,Financials
2007-05-22,106.9427960620466,111.538855876102,102.4892066128138,107.07957051033932,1061113,-0.027763063452158673,0.041524042062647884,Financials
2007-05-23,108.7468956582189,110.33242835833083,106.54898851968954,108.12546068090926,960045,0.00972001815478696,0.03993763900399883,Financials
2007-05-24,114.8922401343394,126.2588633131026,103.90806532037594,115.24131545067726,1177605,0.06373609915470972,0.03728516890548294,Financials
2007-05-25,116.695183637889,119.66850483287087,114.03785670675532,117.00414243961407,1301050,0.015181014607420832,0.04267892461821363,Financials
2007-05-28,112.26578196401647,120.69796373463143,102.93082010200078,111.28968836123403,1264033,-0.05007273289687773,0.039896891682565175,Financials
2007-05-29,111.07905234564966,113.2479603232262,109.91286385743089,112.07135393295016,1291548,0.006999150386398585,0.0418270410106737,Financials
2007-05-30,106.28489920390298,114.57914435287151,98.39030857303169,106.6569208361052,1458549,-0.04951842133738964,0.038819444917290835,Financials
2007-05-31,102.32466783518733,108.24890490578667,97.43715713129811,103.314132675424,1491442,-0.03184315706265118,0.04090685212420223,Financials
2007-06-01,96.86192255760534,106.19772821992177,87.61777633240578,96.94559646430585,2118737,-0.06362421875807739,0.03988476448879421,Financials
2007-06-04,99.26300992715949,102.1428271188323,95.97139024058737,98.83890325483333,1479126,0.019341324922453093,0.04449541248879054,Financials
2007-06-05,96.50592530659007,99.76633224982385,93.6802442776497,96.92828459545453,724148,-0.01951991389795288,0.041713144373224605,Financials
2007-06-06,93.9150645167169,98.71659076118183,88.89071187938951,93.68023201575872,1797337,-0.03408417502327507,0.039359156324655996,Financials
2007-06-07,93.91888124370102,94.64053650615176,93.34311676454917,94.06388310117543,612918,0.004086962930331706,0.03890468091789925,Financials
2007-06-08,92.25692910928922,94.73857181001388,90.21181643936991,92.68399218603975,1581019,-0.014778385317787331,0.03624037593290016,Financials
2007-06-11,92.2399311940172,94.575018674274,88.82583592914409,91.13289847253564,1370231,-0.016876909671186227,0.03440133687949484,Financials
2007-06-12,91.66376995941145,92.18251577344033,90.95968458416596,91.47737555046774,480990,0.003772816051958641,0.03300736425836817,Financials
2007-06-13,91.35379113928633,91.49939508274831,91.28775816384945,91.43330463282132,1237129,-0.00048188458383152845,0.03120455090803212,Financials
2007-06-14,87.00820326715417,93.54976591126152,80.42522705504962,86.96342296920189,1197384,-0.05012219077031016,0.029648170766682972,Financials
2007-06-15,88.98355663379724,91.25017363416211,86.19970864616391,88.4528062055313,1299604,0.016981541954565183,0.034351802354325174,Financials
2007-06-18,89.05764060660923,89.23868389243252,88.39270570461684,88.57276329419598,1251870,0.001355251756728476,0.03297412584232818,Financials
2007-06-19,85.23029592352135,89.80044452851757,81.46863658787117,86.00461062957174,1231397,-0.029423491532679005,0.031146587070675552,Financials
2007-06-20,85.72210545581002,86.4827087209698,85.43669618799494,86.19572255872534,879093,0.0022196473616498485,0.031716702019866184,Financials
2007-06-21,88.29542449160661,93.7674163925067,83.76754058533217,89.19347927536924,1457316,0.03418738046994243,0.030091500041957014,Financials
2007-06-22,90.84906679649177,92.32506435137584,88.69991607298522,90.16479649337475,997192,0.010831133490087968,0.03161827394608329,Financials
2007-06-25,92.03080772120688,97.12181697706666,87.87184403167421,92.92255436998283,1465987,0.030127329405689265,0.03028810353531022,Financials
2007-06-26,91.24263108771449,94.84300190081585,86.93852546085797,90.50998663292921,925831,-0.026306203362623366,0.031145525668711607,Financials
2007-06-27,89.99816352518067,92.41622806313725,86.5145637017516,88.90320907807742,1084381,-0.017911954668423297,0.031302355592633176,Financials
2007-06-28,92.93664974701888,100.61141285112465,85.88509063258813,93.51590295666112,930151,0.050583267445266235,0.030528604464086964,Financials
2007-06-29,93.60072442232976,93.71268153187411,93.32959575045646,93.44136224471566,777861,-0.0007974091385532513,0.03506275223418202,Financials
2007-07-02,91.23409269959089,96.83540304805086,84.18726626632616,89.69402422512441,1681877,-0.04092995050949921,0.03291827235121318,Financials
2007-07-03,89.1618228182254,89.89953151772295,89.03933984642026,89.77620456023868,466627,0.0009158102869119787,0.03490242471487368,Financials
2007-07-04,88.39219805152914,90.38052281607263,86.55678540481092,88.54199962666442,672987,-0.013842946075762986,0.0327821476882492,Financials
2007-07-05,86.65865737059349,89.28771465699381,84.39076237844598,87.01060893827784,1154676,-0.01744695845331733,0.0314400928601017,Financials
2007-07-06,89.09327723704776,91.33455357909688,86.25626699276602,88.48217000676891,407515,0.01677100982666992,0.0306013562629538,Financials
2007-07-09,87.5283066567728,88.79334262857918,86.59154029906034,87.85310018793066,919497,-0.007134959294831898,0.029855391802766824,Financials
2007-07-10,86.04306017142201,88.88377001680435,83.10325272028638,85.94057915710857,1539848,-0.022009986160594804,0.028648065944810466,Financials
2007-07-11,81.53363197496589,88.02533687299332,75.00895666411688,81.49780936739478,1163901,-0.0530799764529125,0.028796445432049487,Financials
2007-07-12,77.07707299848532,83.87118565677936,70.07282023265637,76.84661906868527,1341669,-0.05876466584235368,0.03443850752650389,Financials
2007-07-13,72.73858412684795,78.8568263671997,66.54472643169547,72.65602434158471,956645,-0.0560751657348936,0.03958284392583453,Financials
2007-07-16,71.26668989999156,73.67451146626357,68.63772072815065,71.0378093184545,1544663,-0.02252404846874828,0.042721245984111325,Financials
2007-07-17,75.72456364888492,82.38539201650062,68.70213578128536,75.32808980859207,1696645,0.05864084295905368,0.040449768857946974,Financials
2007-07-18,75.55839105041717,75.59959290315886,75.25964926550812,75.30071060557351,2053557,-0.00036353211663104555,0.04387207893377437,Financials
2007-07-19,77.75233912704222,80.94507043770224,74.21268320504585,77.39055879017978,1319762,0.027375221946213144,0.04049478079107277,Financials
2007-07-20,80.2492758149997,86.15778624849763,74.98271391019743,80.85168942529639,1205566,0.04375168790260809,0.039041929172932706,Financials
2007-07-23,81.82977540024456,83.53912109843618,80.21490947021528,81.92242674472085,1379817,0.013156302597929014,0.04008178284438604,Financials
2007-07-24,86.11413939775865,92.96621473446518,79.43202341300618,86.27186023752523,1797998,0.05173069162612954,0.037565977925442806,Financials
2007-07-25,82.67761513943157,87.87600144995481,77.6707984327978,82.85824604105608,520424,-0.04037220714208252,0.040377863073886675,Financials
2007-07-26,79.58141576680902,84.71785450798791,74.24587099099962,79.36857212366898,1384541,-0.0430287958705483,0.04060523029807017,Financials
2007-07-27,79.0325387045263,79.48666379239884,78.67764246104203,79.13132395297094,1090333,-0.0029936719677034927,0.041191617753589746,Financials
2007-07-30,80.98290241601175,83.6431925791814,78.22639448324882,80.8834165329247,1213829,0.02190001497273786,0.0381935048051866,Financials
2007-07-31,84.09579200830552,88.9098998391909,79.21954928237537,84.02988418527733,1428688,0.03816368386510092,0.03659148324151361,Financials
2007-08-01,80.41482570584114,85.7098278290188,75.14248045622985,80.43608849837547,1784334,-0.04370956228807542,0.037277598253837134,Financials
2007-08-02,78.34010549257277,81.453451321161,75.21991380092952,78.33297630561438,1406218,-0.02649426973164164,0.03870754888354282,Financials
2007-08-03,80.20121737400926,84.04633246077216,76.77073558746221,80.59884286500011,1310079,0.0285156252308855,0.037468805982436015,Financials
2007-08-06,84.13520393610453,89.21865455326534,78.84169436818071,83.91163707111994,1901381,0.04028001264109267,0.03667560864860723,Financials
2007-08-07,84.31326208165403,85.66059295947821,83.2658322527779,84.60948315452235,1287612,0.008282048818225378,0.037675617162186245,Financials
2007-08-08,88.16609506876047,93.34929134265403,82.81846860716921,87.99139440427095,827097,0.03919266448061235,0.03529660823273843,Financials
2007-08-09,88.48529243611364,89.12799613586886,87.7762866122066,88.41850520990477,629564,0.004842263853956382,0.03642924902536165,Financials
2007-08-10,93.06127212868948,100.14340744750562,85.94111970006787,93.02012353459536,1389770,0.05073456914868329,0.03413486891034079,Financials
2007-08-13,93.36487263349512,95.22884511466103,92.04472668700711,93.90111686628286,938136,0.009426428514646102,0.037659672016977244,Financials
2007-08-14,96.12404958277752,99.2740120893021,92.83001922929004,95.97510071648334,1078064,0.021846509936530797,0.035326043513565164,Financials
2007-08-15,94.67156988702924,97.97489506276247,90.4965189280386,93.76832775216337,1403644,-0.023261648522888662,0.03420429767907653,Financials
2007-08-16,98.19910655799966,106.1739022356617,90.71541919420152,98.65543815044722,1601114,0.05080621488396147,0.03342323783799926,Financials
2007-08-17,96.35629856959429,99.64252053928452,93.33966132383634,96.61769958321925,1621611,-0.020871406716805613,0.037160206978509455,Financials
2007-08-20,96.21940693520773,97.5694362829143,94.37517145141437,95.71816804730472,967072,-0.0093538257385412,0.03563772059067861,Financials
2007-08-21,97.71739382528617,99.11106625128555,95.25441346120225,96.63261446472583,1213373,0.009508183899454686,0.033603003013294386,Financials
2007-08-22,94.50134260681646,97.55447742285807,91.68622251811328,94.73247216774236,1264800,-0.019859471559155926,0.03188871717973388,Financials
2007-08-23,95.67624605907609,96.98933256937234,94.29112134069615,95.60320542165756,791632,0.009149512474848253,0.03118769017235137,Financials
2007-08-24,94.11506144268328,97.55974651512525,89.88386310545162,93.2986675199438,1341066,-0.02440052293181444,0.029844507893553487,Financials
2007-08-27,97.02491544016935,101.32615968134911,91.837070835634,96.09718766395575,1205430,0.029554224786258704,0.030031043089253518,Financials
2007-08-28,96.7509871871993,97.89838227726844,95.66938856759475,96.81605623774503,804197,0.007452799887280433,0.030862739178990375,Financials
2007-08-29,98.49195803451138,102.57786311779822,95.0402432894551,99.10467529764118,966545,0.023363767045473324,0.029501501141946777,Financials
2007-08-30,100.66421422727684,101.59471937464994,98.79553507452337,99.71728715586501,941613,0.006162435873336475,0.02963360756448498,Financials
2007-08-31,94.91397205796551,103.3446411282996,85.63578820145389,93.98383881888847,1875753,-0.059216213640884155,0.02842915581252227,Financials
2007-09-03,91.88592068993113,95.26115841299033,88.34147218921416,91.71025728327136,913717,-0.024488610062825864,0.035672924100283124,Financials
2007-09-04,94.054954173621,97.87805676281232,90.33891761242154,94.15795088338778,1099779,0.026339470676826068,0.03475629172557134,Financials
2007-09-05,100.22520607981797,110.03578036341112,90.59313238038604,100.38805607818746,1549366,0.0640695361721087,0.03421205940806139,Financials
2007-09-06,111.75423078431822,129.90425803826352,94.99109616667049,112.96022438109871,2437466,0.11799252330328128,0.0406461292984824,Financials
2007-09-07,107.69593198033976,115.28704146766484,100.3986119453542,107.97107794170002,1263609,-0.04517236569540807,0.05924543522399397,Financials
2007-09-10,108.83407938951905,109.68461244544459,107.68687536294915,108.53507168817976,838686,0.005209967690858245,0.05669302134550887,Financials
2007-09-11,98.284366361263,112.72830559389956,84.42527954173646,98.796940632939,2677474,-0.09400672309425634,0.05172379046364282,Financials
2007-09-12,93.78734948588615,101.66717222897587,85.5666946375436,93.41525473489813,1572365,-0.05601198019622418,0.05971490599489788,Financials
2007-09-13,90.62219460393489,94.90263216442227,86.24392264444327,90.51951001366116,1502939,-0.03148925109126651,0.05850895048801443,Financials
2007-09-14,90.84710343743542,91.1993766002776,89.9357136333859,90.28581029855415,1109334,-0.0025850992089126823,0.05465687303450924,Financials
2007-09-17,83.25269533444822,93.19068424800253,73.86606463474138,83.74818746897287,2057188,-0.07516578021486871,0.049908931331139106,Financials
2007-09-18,86.5619354831896,92.30601105601636,81.42058507133727,87.13086882062834,1505717,0.039596699428012624,0.054223660136416274,Financials
2007-09-19,88.70478649745763,92.05875315661825,85.74775829159954,89.0889196380331,304945,0.022223740285934032,0.051839647430422596,Financials
2007-09-20,92.61902025778107,97.90573054114883,87.26193958973691,92.54438996246654,1523834,0.038053452870001364,0.048207503891125845,Financials
2007-09-21,92.7881022891957,94.70576442611384,91.49747756764319,93.40653765375428,1339625,0.009272918184632349,0.046651693821658215,Financials
2007-09-24,96.30602483530475,100.53929137397056,91.95633491923977,96.18424861307957,1020113,0.029304269356669417,0.04305812909187564,Financials
2007-09-25,91.35276526060754,98.51541575511568,84.12834658201024,91.28574201877744,1512229,-0.05227099930746351,0.04137647900792595,Financials
2007-09-26,93.58486422544028,96.16633172324227,90.41518894249594,92.97997091718669,912826,0.018389494349452203,0.04335261257830718,Financials
2007-09-27,86.65136669940527,95.59691965838933,78.3013256765116,87.19453678904098,997454,-0.06424242602627828,0.040672905468580905,Financials
2007-09-28,82.68859277957472,89.13633489293288,76.57941942941717,83.00386844256019,1731533,-0.049254462998243216,0.0451939330736568,Financials
2007-10-01,82.89029311554388,83.97212312298487,81.21086565157215,82.2847930675662,1166946,-0.008700898233709078,0.04580276834558947,Financials
2007-10-02,78.96898249938768,84.64691076855635,72.7941721456967,78.43360648318729,1455656,-0.047933826585754305,0.04230449993803012,Financials
2007-10-03,74.9817044325636,79.88365114352774,70.46929984836133,75.34913458523981,1519920,-0.040120049891731506,0.04331725212520304,Financials
2007-10-04,74.7939204105236,75.59858600259945,74.04101450450226,74.84516425527511,1025593,-0.0067109367703404,0.04292493710933051,Financials
2007-10-05,71.29367443166014,76.40172018263128,66.41149314232817,71.50506303033588,1131362,-0.045653244164617295,0.039759221339486894,Financials
2007-10-08,67.55471587762914,73.20145130299137,62.19737413529735,67.82284585053159,1285117,-0.05286916117039363,0.040954479005732354,Financials
2007-10-09,69.8224591133577,72.1738738413169,67.0268495687477,69.36278378586748,1389954,0.022451369352294387,0.043140325809316,Financials
2007-10-10,66.25963762321473,71.47934953968851,60.6294013377468,65.81400805191193,1204579,-0.05251776298723192,0.04079803630833378,Financials
2007-10-11,64.3162753088999,67.45453421684125,60.599004316078926,63.70756154455964,1702663,-0.03252944290144129,0.04295696832494533,Financials
2007-10-12,67.04227086026935,72.28429291036291,61.84677291897134,67.08544885365355,1525456,0.05166390174070489,0.041652918270608665,Financials
2007-10-15,68.86788101983139,71.91768668210452,65.95793534348475,69.00207094050134,727640,0.02816935493735389,0.04345510662542879,Financials
2007-10-16,65.77440773745901,70.23513254239299,61.95985462812715,66.38515921381043,1487971,-0.03866299209218071,0.04158970926923993,Financials
2007-10-17,67.91831012243168,69.75430053119115,65.76518883523468,67.59236827528639,932042,0.01802155565462735,0.04132780150586196,Financials
2007-10-18,66.53175453407877,68.49543232717801,64.31926897094078,66.27537989326677,1273087,-0.019676597106157313,0.03892436527521374,Financials
2007-10-19,68.5806973545192,70.717798108105,65.55800645458199,67.66662296791054,1459505,0.02077456034544067,0.037015675607968014,Financials
2007-10-22,69.41143944209281,71.22384705809955,67.05695979362488,68.85483383639074,1509866,0.017407386357583085,0.035508668606460146,Financials
2007-10-23,69.00271849412721,69.62447333777209,67.82575220296772,68.44245877896162,1011069,-0.0060070565065036136,0.03397270966427394,Financials
2007-10-24,66.0379758099382,69.49959564499581,62.76593431596832,66.21860438845876,1063855,-0.033031917911264044,0.032073801002177625,Financials
2007-10-25,65.20328913378995,67.41867932946622,62.53604189193981,64.73553951639498,1555947,-0.022651108812732038,0.03296436119078156,Financials
2007-10-26,61.76322890969756,66.12203398511366,57.40176129854332,61.760364203577524,1495420,-0.047048544928342324,0.03234625475290731,Financials
2007-10-29,60.24312047108134,63.21202150180489,56.81891938700029,59.7642192091712,1072896,-0.03285466188236069,0.03562385428632225,Financials
2007-10-30,58.67691941136223,60.110423335925745,57.63259094304852,59.059289467146364,1304587,-0.011865295347134281,0.03573739661028952,Financials
2007-10-31,59.04295515225155,60.01474965893954,57.45333419982756,58.414789661464994,1361048,-0.010972740148050589,0.033806020147839275,Financials
2007-11-01,57.55603595761098,58.806984942668905,56.36409879311835,57.61385048781309,1017405,-0.013806106746365343,0.03213001326707458,Financials
2007-11-02,57.26820036607023,57.94034862799176,57.07382897206576,57.74436111843597,795042,0.002262703009838063,0.030894360157765297,Financials
2007-11-05,57.228471105302006,57.97985221444478,56.5165583240675,57.26745448635271,1232918,-0.008293223838702745,0.029399611653604923,Financials
2007-11-06,56.97975115000153,58.553911978199544,54.669131827276715,56.22236869984238,1209373,-0.018417780543992054,0.028315832436148686,Financials
2007-11-07,55.5663592771468,56.499713847571996,54.727235176721784,55.659187914317314,1014778,-0.010067531402585301,0.02814802460682877,Financials
2007-11-08,54.954169693007564,56.4570659134208,53.15892186491857,54.6535979981821,860709,-0.01823211631084496,0.02736882002744394,Financials
2007-11-09,53.99876430423896,55.26594424573383,52.54258226004618,53.80522033775422,1235655,-0.015644554806913003,0.027369752602672902,Financials
2007-11-12,57.30408324626189,62.29109949831326,52.057007693257084,57.019234330086036,1979586,0.058018160539798136,0.02712923700164072,Financials
2007-11-13,58.29914245612822,60.17366500202255,56.381581531941094,58.254674269170756,877243,0.021435678890187982,0.034550143894001684,Financials
2007-11-14,61.91187457685427,67.09092973047785,56.443110645951606,61.5957187138976,1375280,0.055768032535713954,0.033524516460337876,Financials
2007-11-15,65.60982543562314,71.16191923854637,59.65562625641594,65.17054704752046,1854743,0.056415267744422334,0.03828348966663357,Financials
2007-11-16,62.698783007561985,66.18646038601422,59.5613308621513,63.03231811690144,944751,-0.03336005362902904,0.04183183990748459,Financials
2007-11-19,59.80715317576412,64.51616582781372,55.10531421310873,59.81380399956732,1396549,-0.05241111041057144,0.04082715077930483,Financials
2007-11-20,59.81813638918454,60.51381921976788,59.399661543257444,60.09341855885401,1245850,0.004663856941362428,0.04295955850302979,Financials
2007-11-21,60.49194139680317,61.21080981429887,59.821042387253215,60.539384625322555,1093391,0.007393811407584872,0.039745209367364205,Financials
2007-11-22,58.843896939327365,61.14039452562172,57.01661345454154,59.29897933658156,1541644,-0.020702044786620123,0.0370397840327685,Financials
2007-11-23,59.63468417502331,60.822378559863104,58.722939310509624,59.90647828004229,988005,0.010192556866602248,0.03552242502571284,Financials
2007-11-26,62.05315983173363,66.66974672225898,57.99425265394569,62.57660116271524,1530623,0.043606774028314525,0.033541874963808296,Financials
2007-11-27,60.26897963021663,63.99682175490954,56.334478198856615,60.04869496504345,1380388,-0.04123560907081629,0.03585078119153993,Financials
2007-11-28,60.51817550283129,60.92717042176792,59.91219878547167,60.319853400749274,681096,0.00450547752019275,0.03719246063318635,Financials
2007-11-29,55.18792683094003,62.697383940874474,47.5928833780792,55.08886046285422,2508051,-0.09071376707612815,0.034780284666943675,Financials
2007-11-30,54.182348494996766,55.465870524202955,53.037966046956676,54.31861010213837,1242450,-0.014080630559917002,0.047980023882676574,Financials
2007-12-03,54.79107328794138,55.21817618414418,54.17599871306385,54.60162483617984,893611,0.005196745510693619,0.044400515503431964,Financials
2007-12-04,54.82911697444922,55.16975621537616,54.48761059579087,54.82824441573432,1349255,0.004141829010130833,0.04100214075096371,Financials
2007-12-05,56.450374131332424,58.42903835573278,54.15729212481805,56.12453524240815,1486580,0.023367595046662526,0.03804620413473393,Financials
2007-12-06,58.95712795341227,62.97716615124754,54.72980432986045,58.734674353827344,989918,0.04545719166207111,0.03660488483780815,Financials
2007-12-07,61.035914443719065,64.29450676048157,57.61346041298398,60.86281106705764,1358154,0.0355920755450437,0.03849529213113856,Financials
2007-12-10,59.899406813812824,61.120510995137714,59.12527153335934,60.34067282700887,1038930,-0.008615948210859028,0.038412620182043986,Financials
2007-12-11,58.339816764157305,61.99517090630056,54.24605925365624,57.87210855322412,1665067,-0.0417708333106389,0.03593826228319629,Financials
2007-12-12,57.617055096587656,58.24536697480136,57.39454589108693,58.021296643600856,1352959,0.0025745757065360276,0.03734926149294554,Financials
2007-12-13,56.94427451522879,58.34057984596344,55.98269663967272,57.371782936656246,1204836,-0.011257530673534966,0.03488507034914854,Financials
2007-12-14,57.32048562296578,58.0156008594566,56.93591912705018,57.62896475894679,733952,0.0044727057204312715,0.033054263055495144,Financials
2007-12-17,58.29254599292442,58.906612206167594,57.42375219822597,58.03510648837495,1431355,0.00702281000979341,0.031258090302875734,Financials
2007-12-18,62.22485348872477,69.48818006085101,55.28420934243096,62.51515526283712,2030847,0.07436089983510596,0.02981698419644809,Financials
2007-12-19,60.827565295364465,63.291062793285185,58.43957151567234,60.90021682954041,1325330,-0.02617227642431063,0.04050522868593619,Financials
2007-12-20,60.50152112632988,61.05077128374017,60.04830103995546,60.59683717978117,1445437,-0.004994035168449966,0.03892668812915593,Financials
2007-12-21,59.98131379176486,61.12232671849835,58.69501271936914,59.83320826329077,799679,-0.012681871009524814,0.0362763104112479,Financials
2007-12-24,61.84136122837925,64.18888960316514,59.037218308349644,61.36672942739849,1402146,0.02530699333645532,0.03430599124770926,Financials
2007-12-25,63.266407025088604,65.34339679014006,60.66541465587411,62.72461788046739,861639,0.02188617796516462,0.03372813981158807,Financials
2007-12-26,63.11042522606315,63.1175351104217,62.72226205325672,62.72932900413704,1170810,7.510522847402372e-05,0.032892562229301245,Financials
2007-12-27,60.125406746328935,64.32352232237628,55.69557220081521,59.876294068091276,905353,-0.046548437155242664,0.03107309714409018,Financials
2007-12-28,57.83202139670934,60.934013049596636,54.67420091301095,57.77302829633769,1458488,-0.03575864002872059,0.03460409575671916,Financials
2007-12-31,58.52137114447673,60.70490309383053,56.76774414380542,58.9387685369762,862308,0.019977055291954583,0.03535189959560439,Financials
2008-01-01,62.570677226642175,67.60433884088768,57.18333801268383,62.18605792203652,1893900,0.05363174186754915,0.0340538963223715,Financials
2008-01-02,61.00773518450945,63.4028416998149,58.201296670963984,60.57959479580296,1256755,-0.026172708625245455,0.03819933041494281,Financials
2008-01-03,60.22436634613766,61.16225045671926,59.87788788884544,60.812389029962944,1336512,0.0038354183233282146,0.03701489803899613,Financials
2008-01-04,63.17292562076695,67.85960763823915,58.93522683657235,63.59368399010688,1668846,0.0447206219283865,0.03461630694523987,Financials
2008-01-07,61.958575651775774,64.23441120271146,60.0046589104123,62.27065283997114,889623,-0.021023904232886453,0.036859477330408556,Financials
2008-01-08,63.49829854884674,66.07203601101351,61.21670969166828,63.78031391967994,1037591,0.02395433063373942,0.03540053018862513,Financials
2008-01-09,61.22179150571296,64.76340964127984,58.195091841217994,61.71245254232611,2124327,-0.03295884891152982,0.034476506834729984,Financials
2008-01-10,59.97599123111444,62.46083381873473,57.678396907477385,60.15633093917293,1164495,-0.025539045168739786,0.03484029961203124,Financials
2008-01-11,63.1431080046,67.25253895744319,58.73516125621157,62.82381203557767,2164804,0.043387484743849035,0.034189378553353716,Financials
2008-01-14,61.11831680468792,64.46914754027128,57.248328990727906,60.56904577098458,1102207,-0.03655020743117442,0.03629740981876363,Financials
2008-01-15,59.69266814396671,60.872465406482696,58.77696147778991,59.95276870559039,982964,-0.01022690272969877,0.0368020273508173,Financials
2008-01-16,60.17322099408794,60.3144829937583,59.905706899720826,60.046671813911075,650175,0.0015650594216346915,0.034629464399852504,Financials
2008-01-17,60.089757313283855,60.87436006616595,59.59496641185365,60.37720228619244,277922,0.005489464689193323,0.032553452279988807,Financials
2008-01-18,61.06713579160782,62.29524480895812,59.91482348870562,61.14152874100732,995995,0.012579731994575863,0.030859389781110254,Financials
2008-01-21,62.004545349458155,63.18748981583022,60.74273762013284,61.924148242292375,1475905,0.012718900522587714,0.029758679384144334,Financials
2008-01-22,62.48332396638649,64.50439516262563,60.94163719675207,62.951165081720035,1063886,0.01644904775407266,0.028857040103346703,Financials
2008-01-23,62.16597283203838,63.95919729790181,59.97086087800412,61.75214826139548,1154509,-0.019230503807481255,0.02840367382264647,Financials
2008-01-24,60.93368735183662,62.589784679415516,58.99512355243536,60.64332933164118,1009191,-0.018119121507904616,0.028299943300333072,Financials
2008-01-25,60.82971449038167,62.482137547947794,59.73363032287606,61.376206204267156,1006803,0.012012595890987082,0.028106134868999422,Financials
2008-01-28,65.11689618789929,70.57478965727441,59.463408952421545,64.90340856018288,1416293,0.05587790357437595,0.027451943880634978,Financials
2008-01-29,62.58316112099455,65.79475103562851,59.848027338712804,63.03966616207437,1174005,-0.02913599263539709,0.03422336036160848,Financials
2008-01-30,66.42795571312288,71.45665711123301,61.28355735337137,66.30278297723548,1379109,0.05046772195155487,0.03412223066535801,Financials
2008-01-31,63.40309010149087,67.51687492421081,59.6271148717896,63.72191222200891,1047709,-0.03970337748162297,0.03759667464431977,Financials
2008-02-01,65.45040081713788,67.68627443609795,62.962810490048305,65.1897809854369,1004339,0.022774228943296965,0.03830485195071124,Financials
2008-02-04,67.59503214052752,70.84640147647514,64.07625279094499,67.31410954957636,1349810,0.032067142934292824,0.036764237676946074,Financials
2008-02-05,66.21849015389036,67.84413714906513,64.6021816318942,66.22760611806068,1075917,-0.016272479365807505,0.03654493926618075,Financials
2008-02-06,62.80624142674306,67.59683261652414,58.53324314878909,63.290863278810775,1106209,-0.04535640812002178,0.03475838181621329,Financials
2008-02-07,62.68780335202734,63.327419010261345,62.57892916051324,63.217624641910625,800454,-0.0011578455530677578,0.037082295624972166,Financials
2008-02-08,62.58477361820736,63.841032000046525,61.12519201215738,62.37728550424415,816735,-0.013381938440840301,0.03464503442057718,Financials
2008-02-11,57.09413593692263,64.40568129967997,50.57464644216944,57.80501737294511,1368049,-0.07612561707978671,0.03297095948660803,Financials
2008-02-12,60.03106590904906,62.60258768028724,56.931693080477636,59.479591613726875,752977,0.02855767795443559,0.0428827910931738,Financials
2008-02-13,59.44988878220283,60.12262893090871,59.06558661518127,59.73647418863454,1105061,0.004309536147656121,0.04115189136692283,Financials
2008-02-14,60.009462354693646,61.16536066268429,59.15473376583398,60.30640268434208,1209938,0.00949548682625728,0.03817811343860782,Financials
2008-02-15,60.42302590894034,60.54213407572774,60.26667236296848,60.38570696523467,1285791,0.001314158689182467,0.03577120793452619,Financials
2008-02-18,63.0713787496462,66.51998254671658,59.203155891112445,62.62748876335859,1287304,0.03645186205890275,0.033524953477001886,Financials
2008-02-19,61.86684037741879,63.1348381425389,60.51141490004754,61.77758328792271,979613,-0.013663730655330896,0.034618618424805805,Financials
2008-02-20,59.963396228687316,62.521114891581796,57.68452085308163,60.23203023079617,685065,-0.025336294238733664,0.032966098095271415,Financials
2008-02-21,59.95049764529502,60.80095793739845,58.818667967535994,59.6650793029783,1091595,-0.00945736149553794,0.032645061950690175,Financials
2008-02-22,60.662551427970044,63.04906439346264,58.63474053415792,61.009650759745256,1356068,0.022285147877653632,0.031080159407250667,Financials
2008-02-25,60.57985634534976,61.15337057278776,60.1476339481643,60.720147234561885,893471,-0.004756502939651276,0.03077783649663217,Financials
2008-02-26,60.325177533331875,61.70251474007376,59.74260052954482,61.112335928909545,1494689,0.006438185266454822,0.029346444819824007,Financials
2008-02-27,63.392113318327816,68.42345608651914,59.00704467586982,63.996574604972835,1910607,0.046115816967515294,0.02819908851858797,Financials
2008-02-28,63.67215650425889,64.28319499858478,62.97821183853348,63.58844700326831,1116678,-0.006397757176482707,0.032483090382698095,Financials
2008-02-29,62.747133694484,63.88932290126744,61.839023031577256,62.977872855662575,686673,-0.00964836276908242,0.03082629759120956,Financials
2008-03-03,67.00495010226145,75.18115471680635,59.659032284687726,67.75320398225116,1588417,0.07308830970808917,0.029566402117336195,Financials
2008-03-04,70.3635244822472,74.71908512848557,66.15941595918027,70.50643776442021,1463120,0.039832271564013165,0.040007784989037475,Financials
2008-03-05,69.80674032818195,70.83400144451167,68.81512334156112,69.84188521856053,669024,-0.00947011689662965,0.04023045819370736,Financials
2008-03-06,68.06419562969333,70.69074007364623,65.45061827887358,68.07668321562795,1083920,-0.025599140406007814,0.037526580983162895,Financials
2008-03-07,69.6114838662938,71.16566726566265,67.55483070610114,69.0975395075121,1199744,0.014884358279677408,0.03639907722261214,Financials
2008-03-10,67.76780712191531,69.40692645765684,66.8406860038909,68.47019606278253,1477569,-0.009120565820252577,0.034541943725502997,Financials
2008-03-11,68.00520606000548,68.47471781969091,67.99172935213548,68.46115075648143,1598129,-0.00013211447231564852,0.032664880364098786,Financials
2008-03-12,66.42402647905922,69.38111484707778,63.58739525836205,66.5395501978485,1808084,-0.02846993144959325,0.030880384477784253,Financials
2008-03-13,67.34268370960606,68.93622990387983,65.90382293812739,67.494133223867,785153,0.014244168207722997,0.03137609067280855,Financials
2008-03-14,68.32465854627722,69.33525560878067,67.15476171742736,68.16296718637103,878338,0.009860735338266948,0.03029854290087444,Financials
2008-03-17,68.91819348024853,68.94826621346961,68.11340674272286,68.14314127877262,715226,-0.00029090270364961443,0.029137372509281015,Financials
2008-03-18,69.35878882909694,70.12556871849293,67.888310293165,68.64722363981498,516403,0.007370177616426435,0.02791418770183243,Financials
2008-03-19,70.342764425608,72.86150434343827,67.7882142716165,70.30562432629075,1057692,0.023871111107610886,0.027046430961536447,Financials
2008-03-20,69.07045934169297,70.90671307733419,67.23447141685301,69.07071826982784,1266484,-0.01772091805323303,0.027761160531082116,Financials
2008-03-21,71.00161770845801,73.73192137108197,68.13928845776938,70.8643121583523,1868264,0.025636070000873642,0.02763422276315039,Financials
2008-03-24,69.23287743127206,71.59291501924066,67.00280321641856,69.35878516491827,1162231,-0.021474134809889134,0.028451738557462344,Financials
2008-03-25,69.68105261887594,70.06813843732432,69.2293999739716,69.61612511307058,1057510,0.0037034057695767533,0.028579221672899797,Financials
2008-03-26,70.14084532521257,72.67824469727671,68.31526931170107,70.83461182300907,1183302,0.017351525634334692,0.02748590204608749,Financials
2008-03-27,67.26488448731983,73.62420920176574,60.220101303223366,66.50785532686484,1858815,-0.06302768289789906,0.02737774945654846,Financials
2008-03-28,62.99322892785363,68.05336063143031,58.11241747679755,63.15965428952904,2162096,-0.051654350095797164,0.03599314176292685,Financials
2008-03-31,62.37867632965093,63.45525916176884,61.48588441619275,62.55987386695722,1260761,-0.00954163576390615,0.039199882471071215,Financials
2008-04-01,62.20771342963339,62.56521433971834,62.20452727048354,62.562010034179465,1269604,3.414538138107675e-05,0.036646432985412036,Financials
2008-04-02,62.01268820717356,62.988700436915394,60.93462291740073,61.90900325888722,1024361,-0.010492607862024854,0.034269067908676724,Financials
2008-04-03,63.239374828893325,66.04280506190443,60.75833544089071,63.54959495960659,1341547,0.026155006483598347,0.03249629879271686,Financials
2008-04-04,66.78006755128993,71.29045798648453,61.98657776352639,66.47646241370373,1644333,0.04502731229624695,0.03236387187596666,Financials
2008-04-07,67.89442143804847,69.99428696860325,65.76252137175591,67.86136450438649,1403111,0.020618930451901146,0.035242800543327304,Financials
2008-04-08,68.79648646449678,70.18035768760792,67.39404439137549,68.77753438517479,727407,0.013410289722913948,0.03402080298958935,Financials
2008-04-09,71.48844699908781,75.308160443194,67.4634746246758,71.2716017680723,1384868,0.03562079939205592,0.03244853478068054,Financials
2008-04-10,70.90206674253099,71.31761833284244,70.76437656755364,71.1793896032788,1143888,-0.0012946512591548679,0.03365489756231315,Financials
2008-04-11,71.76422217522794,72.79993102913478,70.79097703616897,71.82585011026262,569677,0.009041136001191875,0.031723384469918375,Financials
2008-04-14,72.40304581946242,72.46438729626406,71.72447515271917,71.78529325575764,790422,-0.0005648148831989348,0.03028794840872874,Financials
2008-04-15,73.17421486179154,75.28647050501603,71.06555857940384,73.17771340534114,1321037,0.019211287166938398,0.028877945000046205,Financials
2008-04-16,71.18681001404191,73.77150529175749,69.39430384520367,71.95954150206416,848799,-0.01678687543834476,0.028679428152111764,Financials
2008-04-17,74.41711582141133,78.95886493955481,70.20356421591565,74.72772633904064,1150506,0.037747154974468594,0.02828917738911982,Financials
2008-04-18,71.05129800753686,76.43897957104143,65.65685567793352,71.04398252245004,1119767,-0.05055203507502485,0.03088606809198045,Financials
2008-04-21,71.15859018032916,71.95930420200443,69.71957714266237,70.51302694602933,1347902,-0.007501685269912533,0.035305602944574445,Financials
2008-04-22,74.47233849998406,81.0031415660887,68.12137897358527,74.63805023525174,1612576,0.05685296182286664,0.03325101158923256,Financials
2008-04-23,77.33213952937707,82.26311013711249,72.74006879808356,77.6520431628464,1167339,0.03958742776495988,0.03833200630766243,Financials
2008-04-24,75.74829880390175,79.42034489309903,71.53798279761463,75.18260581930303,1318274,-0.032317963106590866,0.03886577969902862,Financials
2008-04-25,72.06834636663866,76.84262786231665,67.16905373073877,71.93446611775673,1486838,-0.044164386876030325,0.03827671193029236,Financials
2008-04-28,81.79596014701055,94.76848009132526,69.52656612495896,82.40737399245675,2512740,0.13591941138101046,0.03955577456169985,Financials
2008-04-29,75.04023510599531,85.85073202178775,64.07632929174443,74.86100598048364,2011114,-0.09604178256746723,0.06420934822488755,Financials
2008-04-30,79.22759600350842,85.2647472076861,72.76051382425665,78.76220195246863,1581596,0.050800070587444804,0.06915110931418522,Financials
2008-05-01,75.45522822845453,80.26703765856915,70.748103578008,75.55376592923577,1537689,-0.041588676808405736,0.0656703724007967,Financials
2008-05-02,86.16653148949914,100.01779361521945,73.24155176607427,86.97199444801691,3017888,0.140741629613661,0.06172131685899582,Financials
2008-05-05,80.4561904572398,89.50202164657864,72.40010280562579,81.3558508916609,1404363,-0.06675341040327265,0.07822306379702337,Financials
2008-05-06,71.96073441183471,83.35062164031913,61.1666242500595,72.47880142636447,2343667,-0.11553862854707181,0.07525610166561057,Financials
2008-05-07,87.21437955865537,100.68739442015608,74.13222262485706,87.55425601752704,2774736,0.18896454498607435,0.08144421939772341,Financials
2008-05-08,96.2330843689374,111.20069325787594,81.8409641083084,96.73370306525459,1869954,0.09970320397957001,0.10374328213389397,Financials
2008-05-09,97.46253143854467,97.75623065989085,96.6361445506742,96.9282336883206,774880,0.002008971837766336,0.10100120891800722,Financials
2008-05-12,92.67205551482722,99.35816114328924,85.71167922487247,92.37645808290337,1312297,-0.048098682256970574,0.09089334825770198,Financials
2008-05-13,82.01769405358566,94.3678662891663,69.7150399455478,82.05901416449244,2271947,-0.1184334901843914,0.08400180409506257,Financials
2008-05-14,78.83076654960092,83.52977171051528,74.24420626762131,78.93702883751743,1353486,-0.038788242059388627,0.08859467372573064,Financials
2008-05-15,77.1202005235022,79.40181759511549,75.72448378368841,77.99035289022663,1104274,-0.012065293142734565,0.08127048743771377,Financials
2008-05-16,75.11230135384427,80.70362524953734,68.68995583933443,74.21444363454366,1726774,-0.049626348768564275,0.07352380157121836,Financials
2008-05-19,86.68238088577999,100.61308787034025,73.68002375291299,87.48964162638283,1970595,0.16456161556578405,0.06923883080903367,Financials
2008-05-20,80.5146656127434,90.27011567312623,71.56872478234932,81.24322500390292,1647286,-0.07407297177735665,0.0894275760103377,Financials
2008-05-21,83.84646384244458,87.63054323493569,79.94617732247421,83.72476428553823,1201552,0.030087370169056823,0.08556198836549525,Financials
2008-05-22,86.37405253630831,89.40325758271447,82.69960265312199,85.70535599285873,1784440,0.0233805173155276,0.0780542795687667,Financials
2008-05-23,84.9179552078532,86.25995611359701,83.46688340228148,84.80713292812683,1040062,-0.010535666671506688,0.07110537065293034,Financials
2008-05-26,95.98940726511682,111.08058419527583,81.5909961753493,96.59181234371812,2735936,0.1301143253007877,0.06450913911520174,Financials
2008-05-27,104.8325535733295,119.18464306223514,91.11676598340264,105.39523671388599,2373671,0.08722346333849934,0.07725673996991746,Financials
2008-05-28,105.97701233944913,108.50883218933333,104.11606510114464,106.63630777970012,1418408,0.011706609431762351,0.07756334817513962,Financials
2008-05-29,118.29401197744048,132.96315174343047,101.46346588469883,115.82663691150894,1519063,0.08267051177979332,0.07023827368157991,Financials
2008-05-30,118.05466514073595,119.97899911032673,115.18353316846702,117.09217825178217,1096571,0.010866909084288601,0.07121723175962935,Financials
2008-06-02,119.32868558570364,121.27516858106569,116.44157596258694,118.37246107602562,1177337,0.010874630218811604,0.0646160099090058,Financials
2008-06-03,122.3580025555313,126.10178712910003,117.11533891308014,120.8118148213708,765650,0.020397982397975366,0.05880409532173735,Financials
2008-06-04,129.1295241604806,140.93570752188873,116.66475832533851,128.4046688940478,1618451,0.060952667167143794,0.05411791712707165,Financials
2008-06-05,126.0144508138825,129.45352544015648,122.81950698287582,126.25254501885044,798642,-0.016902526180511714,0.05477484193091174,Financials
2008-06-06,119.10581395866171,129.89160997421442,108.09289153687335,118.8560717965028,1727409,-0.06037094611964756,0.05042896940784659,Financials
2008-06-09,116.32332720042123,120.06807590241222,112.6085724678942,116.3523929624512,1360100,-0.02128982392973579,0.05177994239797134,Financials
2008-06-10,118.07515826566727,119.53608087870498,115.86456926501329,117.31610018953394,1380857,0.008248546290324938,0.048092810670968864,Financials
2008-06-11,124.8973693283444,139.0007967607821,111.80203246110942,125.80979334777113,1605211,0.06989918702935724,0.04427799146271735,Financials
2008-06-12,128.45618448552477,133.27760724351066,123.96586051272257,128.77610027064537,1409487,0.02330404975977466,0.049003233306412916,Financials
2008-06-13,123.67674536340235,132.2363875961981,114.45869377344462,122.96937934917756,1147929,-0.04613986354855831,0.045853193017140005,Financials
2008-06-16,121.89046844082426,123.75436542550945,119.86082755211146,121.72215069369507,1184626,-0.010194381937201052,0.04584043301644973,Financials
2008-06-17,120.16335346266018,122.81014613803853,117.30574723299412,119.947791813571,1605070,-0.014684414169587375,0.04238708591977893,Financials
2008-06-18,120.70171139890728,120.70654238809001,119.94619145678487,119.95099239904181,1385386,2.66827985936118e-05,0.03961914745602402,Financials
2008-06-19,123.87600968263615,129.5247503664819,118.01489802856027,123.65349191167411,1371435,0.030399971166424247,0.036820396289414116,Financials
2008-06-20,124.71341498975123,125.69547429576556,122.03743626903005,123.0060508882416,1003027,-0.005249685481416378,0.03637604985928948,Financials
2008-06-23,133.01560289555238,147.59407774202862,117.82681264570498,132.3301635179425,1747684,0.07306649009151034,0.03409849677537825,Financials
2008-06-24,142.20381555619156,157.87638483015232,126.66851396848843,142.32756411705486,1741233,0.07283115213630062,0.04278986774946029,Financials
2008-06-25,157.48059206564517,181.4648968145865,133.85850325579838,157.79556244746652,1814604,0.10316909604057928,0.04858430542714577,Financials
2008-06-26,174.78057589580146,201.61022840383055,148.56348951143124,175.31324209028745,2074341,0.10527404202097422,0.0598742611123101,Financials
2008-06-27,167.77760279696983,179.381787572977,155.83420776255926,167.41318813075932,1833453,-0.04610939156978171,0.06804656716919046,Financials
2008-06-30,169.9620670406475,177.04557246831254,164.19991874146623,171.2400957313529,1254799,0.02260170322908265,0.06421198985741866,Financials
2008-07-01,190.05074551429834,218.55835734144307,160.98757874143195,189.39715146050818,2193664,0.10077950050720212,0.05895056625247733,Financials
2008-07-02,200.90242379094676,216.33165151722434,184.0370176380289,199.34677190684545,2150177,0.051199739771292545,0.06635971343791613,Financials
2008-07-03,184.0860360464295,206.77007596400176,160.99778873839733,183.6250198382344,1812513,-0.08215013807221799,0.06337271697621216,Financials
2008-07-04,184.89000199112294,186.35420781837868,183.13515639683135,184.59704217723748,995313,0.005279556534470478,0.06576608383772249,Financials
2008-07-07,183.37170084846446,185.8905707681542,180.401704365338,182.9142911147573,1517489,-0.009157610500183964,0.05970195377255569,Financials
2008-07-08,184.0140548121516,188.22118456914532,180.84012597266278,185.02973694386114,1397721,0.011498863833087476,0.05444297844460076,Financials
2008-07-09,192.09686251107016,206.15650395655894,179.3938418044408,193.3693368087011,1331218,0.044085470009163755,0.04991055902264764,Financials
2008-07-10,209.17117399124325,230.0076276595731,186.06191133853503,206.64691227940833,2165969,0.06640957665037266,0.04883011797499456,Financials
2008-07-11,191.57366921894413,213.0758244760158,170.81877877909272,192.24788969659988,1402353,-0.07222596760285545,0.05166274400178302,Financials
2008-07-14,204.0663858552208,219.1389456721631,187.03491772507786,201.9512514718593,1773920,0.04924070747459553,0.05493377698338539,Financials
2008-07-15,206.7398130086666,216.46774014717496,198.02200445217346,207.70906034949112,1353333,0.028112013290598276,0.05364581040321846,Financials
2008-07-16,206.66138379392575,209.7064109442849,202.6481906808269,205.67873917293292,1205231,-0.009822919323252457,0.050207979174052265,Financials
2008-07-17,204.10426491067284,205.8412781972406,203.6188426679856,205.3528863516379,639379,-0.0015855368264831964,0.04616434121481992,Financials
2008-07-18,218.9173661838636,239.64269153644105,198.02368243815394,218.73140222766804,1596385,0.0631146071654291,0.04248875391080418,Financials
2008-07-21,211.82765290894883,221.71100601740508,202.64959512257292,212.50365830362347,1089634,-0.028885299472903667,0.046279081805511955,Financials
2008-07-22,209.26986723406424,214.96680276124056,203.00087152757845,208.68179809947833,1290229,-0.018148609106105135,0.044029045061810206,Financials
2008-07-23,195.272571139232,214.09031370418538,178.15593684226764,196.83658558428914,1947141,-0.05843672495700036,0.041234102986688836,Financials
2008-07-24,204.50305453749152,214.33864483484945,193.47477343423907,203.2501029265159,1539076,0.032063385131670535,0.04441203241069368,Financials
2008-07-25,199.44936389893488,204.14971859680432,196.75262304390014,201.42624842480222,848380,-0.009013953223740628,0.04280364468353225,Financials
2008-07-28,205.62480893415423,217.94157464039867,195.7649499682603,207.96929582492436,1748371,0.03196715097107199,0.03972290650825076,Financials
2008-07-29,195.35366251417327,215.6925560825365,173.82350611985325,194.0239601269439,1230181,-0.06940879533254248,0.03893086503472124,Financials
2008-07-30,189.19387421568402,196.28532946978447,182.24297717280328,189.32945138331817,2027603,-0.02449303066037823,0.04511238114208294,Financials
2008-07-31,176.1777550890407,194.5217107620217,159.70163311458353,177.88584813601912,1294173,-0.062346584622748634,0.04263904113000646,Financials
2008-08-01,165.91057035265766,183.65848847932102,147.9225171581923,165.64167029274287,1751274,-0.07131519946333574,0.04623348088677014,Financials
2008-08-04,168.37885373083466,175.5509834785395,162.44765346916935,169.57755845058148,1197097,0.023483551646561445,0.05072382532006213,Financials
2008-08-05,170.936230167659,173.52773249544413,168.56475775311816,171.15324928068003,1093452,0.00924895563768556,0.047339695222621034,Financials
2008-08-06,175.0578186465389,183.4679480442066,167.66893235696173,176.0377025576939,938799,0.028138841390440403,0.043653967426508906,Financials
2008-08-07,164.89554769407297,180.88530244027882,149.40142172134483,165.34860565683923,1964946,-0.06264218445919495,0.041752895191581804,Financials
2008-08-08,166.3462629491831,167.0636264275188,165.1095496344465,165.82466373114465,555079,0.002874980840637008,0.045642632445733695,Financials
2008-08-11,169.6168249889165,174.53243421440993,164.16015901790922,169.05962007159084,1814151,0.019320446643248786,0.04204568639570745,Financials
2008-08-12,173.97072556845035,184.33397833691285,164.80180626684648,175.10526451520602,1484972,0.035135870404419595,0.03962655352617909,Financials
2008-08-13,184.68164355466894,196.08065845306294,171.1989108398174,182.46085296514676,1188066,0.04114834110920439,0.03926054512932716,Financials
2008-08-14,193.42421467036047,207.20969657745306,177.7026181698631,191.3395225831887,2273005,0.047513809411388774,0.03983830091115162,Financials
2008-08-15,195.20473262003185,201.9722328283405,188.80911619796075,195.56481867842982,1369919,0.02184242269207765,0.04133166447540236,Financials
2008-08-18,188.52813241691865,198.77593243415015,178.5518310385841,188.7859862611193,1182804,-0.03527785217141159,0.03922000643810119,Financials
2008-08-19,170.31676704789837,196.06935861929523,144.7692519907136,170.49509445156107,1982321,-0.1019075008801312,0.0389518440138327,Financials
2008-08-20,165.97229649626522,172.12623413686111,161.0134196861418,167.13268746913195,1001254,-0.019918492080935938,0.053587010851580956,Financials
2008-08-21,154.56726497479497,172.73471443340554,136.37258296855975,154.53640525267068,1936534,-0.0783583313994854,0.049565775840015966,Financials
2008-08-22,166.4617459229344,185.55823449524698,147.59342306170853,166.6666822447974,1198110,0.07556620193871731,0.05464812094349544,Financials
2008-08-25,172.6248374843979,184.81428151005093,161.72150242140776,173.83453922983205,1336461,0.042108019610158254,0.0578417784083475,Financials
2008-08-26,182.1075100814327,195.14943016053985,169.2079701765624,182.24047193597622,1551870,0.04722316650240297,0.05515886022096288,Financials
2008-08-27,177.19050327624677,186.37948426921264,166.91785396329038,176.04756282907707,1386595,-0.034572887459398814,0.05355841676970696,Financials
2008-08-28,176.12938733781854,179.51347217385387,174.06186568607242,177.43067515675574,1114459,0.00782576825289849,0.05073554855911327,Financials
2008-08-29,173.59562470088136,178.9590491454039,168.9452223136692,174.29004415856235,932896,-0.017859138232794895,0.046566759683142264,Financials
2008-09-01,182.99307367368044,198.17598546981333,168.56725133502079,183.6948409799889,1563759,0.05255507598932146,0.0433890862852945,Financials
2008-09-02,178.18152674103544,186.02541683236493,171.02201300735175,178.83946641785207,1271090,-0.02678734009685581,0.04494881142783075,Financials
2008-09-03,161.58473291448104,185.79581210942385,138.60468245408012,162.66248699976052,1663422,-0.09481114560727363,0.042707736505689965,Financials
2008-09-04,168.35258505999963,175.260704944819,160.3139208146405,167.17366532797072,1646906,0.027355762044906536,0.05392155047526083,Financials
2008-09-05,160.39177489838855,171.33585419624424,148.83990894609622,159.7394799274094,1243022,-0.04548894648655964,0.05038132136103134,Financials
2008-09-08,152.79431170778355,162.41241118985874,144.54224864859276,154.09035202725298,866925,-0.03600510589239184,0.04940656506513455,Financials
2008-09-09,147.22119584029642,156.73993574505627,139.03245507175436,148.48111568566242,1335129,-0.03708134879085887,0.04740529595706214,Financials
2008-09-10,143.42294004844277,150.51627324381505,137.16782286702073,144.22612661661026,1213974,-0.029075391423014543,0.04587007338171284,Financials
2008-09-11,141.05857490741812,146.15635381485572,135.7046424493006,140.79281701338232,1470443,-0.024092964740751475,0.043704206474837214,Financials
2008-09-12,149.5237191685779,162.93352462655776,136.06265846192377,149.4674143045139,1436979,0.05978897766207102,0.04141396833649278,Financials
2008-09-15,152.32159306084358,156.16349540401,148.1680990883644,152.00193901838205,1244374,0.016814872910070815,0.04481407921827877,Financials
2008-09-16,144.42393731378735,154.88878067565662,135.47309442258637,145.8495817957328,1347961,-0.04131744851387824,0.04182167320412955,Financials
2008-09-17,145.91595262654104,147.32275502657677,145.03449159858198,146.43813952924165,2232316,0.004027254558040391,0.04189643913781878,Financials
2008-09-18,141.98615238812445,150.71137890151226,131.92256269683844,140.5601602086439,1620312,-0.040967499842459114,0.038816003231070186,Financials
2008-09-19,136.62078033924976,142.295670607175,131.28666471574124,136.94874999133037,1233504,-0.026028815481135,0.03946005691796255,Financials
2008-09-22,129.47994804061966,139.93497922439929,120.13547091767961,130.51574906716374,1580524,-0.04811286619715842,0.038043419389925,Financials
2008-09-23,129.6887812781079,130.841739108746,128.7071296278869,129.85880053392444,1353048,-0.005046191559756348,0.04006330729181039,Financials
2008-09-24,138.69036821251848,151.27787357319895,125.43758262072477,137.95868014350123,1703269,0.06050651064387455,0.037254187419873824,Financials
2008-09-25,142.92851637100776,154.86117068112947,132.81196454903602,144.62457124735087,1526857,0.04718699985528262,0.04194586104488337,Financials
2008-09-26,151.444568166091,163.90820359528365,139.8163178767388,152.22038441158057,1293080,0.0511881472768719,0.04291335631640454,Financials
2008-09-29,145.71772304292008,154.56332282780713,138.52473343426394,147.29259368332214,1269694,-0.03290832649339668,0.04434274330165836,Financials
2008-09-30,136.5099783176821,152.94673081383326,119.56423864841967,135.9313161930493,1610161,-0.08027131153689972,0.04284234820481731,Financials
2008-10-01,133.90047069304003,136.90307132496085,130.94237183171475,133.94401059009448,1201259,-0.014727848956341952,0.050347750278839185,Financials
2008-10-02,139.09157640583646,147.47846635448673,130.9195440463012,139.2945110006309,1919674,0.039168594632412936,0.046480675519450065,Financials
2008-10-03,137.34826773729267,140.07623850603454,134.98185297422626,137.70369989503607,1130840,-0.01148620123161499,0.04537057833240906,Financials
2008-10-06,137.9999270879385,138.02824730854698,137.65660600116072,137.68486156430652,1148531,-0.00013681273222912737,0.04203072001981154,Financials
2008-10-07,136.11178436891984,138.11480632239562,134.82041080805595,136.81674438600461,1106229,-0.006325063705793068,0.03890074482533187,Financials
2008-10-08,135.82997525336228,137.27315915874348,134.4520417302523,135.8945703476845,919162,-0.006763031113172861,0.03628519426715005,Financials
2008-10-09,139.8502351500546,145.60317120384607,133.92730942261775,139.67295271414724,1322173,0.027424270673642545,0.03406101946330316,Financials
2008-10-10,131.2194857406412,143.36439239377674,119.4577113782378,131.5711012049634,2274542,-0.0597562386714976,0.03377774460796332,Financials
2008-10-13,132.33591769644494,132.42837511866912,131.54043162785223,131.63239753075095,733587,0.00046577136846691044,0.03934933333190518,Financials
2008-10-14,137.96138181186063,147.51211166829162,128.30681913311892,137.84982627168333,1611074,0.046151706760255755,0.03658863988149135,Financials
2008-10-15,140.99161303753044,148.7786351839749,134.44911385329806,142.18094679405706,1396815,0.030935642403499233,0.03860673335358307,Financials
2008-10-16,141.2685226786614,143.51219339688754,138.4490689189941,140.68344728745745,1141190,-0.010588207836078379,0.03789374597245973,Financials
2008-10-17,138.3967237670996,142.19333504014838,134.34453445734158,138.13393674343388,1338932,-0.018288541181740267,0.03557478473353346,Financials
2008-10-20,135.22666062025436,139.44231944343298,131.22829306108716,135.43771155267976,1093317,-0.019711929293762913,0.03409725586983838,Financials
2008-10-21,135.0016075079275,138.3244208392908,133.2868208227376,136.58946522923594,1230677,0.008467981563795907,0.03299063972939792,Financials
2008-10-22,134.73569746595308,136.90012877205973,133.80785918914174,135.96383311324712,982393,-0.004590905475246266,0.031328291599904724,Financials
2008-10-23,138.779871256733,145.97167979432052,132.79048976395097,139.93255158977618,846842,0.028771614781234314,0.029804881238101346,Financials
2008-10-24,142.69713823007277,147.50157938504066,138.14423400760887,142.9408977552292,1857738,0.021270710255932253,0.030575081832463206,Financials
2008-10-27,146.80383210679304,155.7896386673095,139.10506625529743,148.0267403986828,1304457,0.03496169339728193,0.030261113172985403,Financials
2008-10-28,152.54843891304026,158.05950257635502,146.15708930694825,151.63515923744964,1158339,0.024084431596866174,0.031873750597559376,Financials
2008-10-29,143.73377985707003,156.46045989456388,130.286660538241,142.94335352745563,1140423,-0.05902894480870287,0.0316189461956902,Financials
2008-10-30,141.30806959002388,143.58765212120232,139.3617327540779,141.63678761739445,713010,-0.009182475525957207,0.03771562879768936,Financials
2008-10-31,141.9659569337863,142.03911402716346,141.51517526505165,141.58813766274056,461024,-0.0003435428932270456,0.03536414289929556,Financials
2008-11-03,141.52826394901402,141.60473380879912,141.47847321250148,141.5549336896658,996020,-0.00023453848309514474,0.03317402275364506,Financials
2008-11-04,145.03420145350225,151.95052483040925,138.78887345702853,145.67749588688633,1602546,0.028707380438013175,0.0313116732189849,Financials
2008-11-05,137.5654797797647,149.51809023684402,125.53385350514208,137.4789452637621,1466561,-0.0579244661098353,0.03174828747444372,Financials
2008-11-06,142.0851651185438,152.0205939364504,133.35909645177057,143.22455064340582,1247100,0.04094290284512558,0.03754530026733512,Financials
2008-11-07,138.77039193581209,145.06565561837508,133.11652963092544,139.38668399171547,1041789,-0.027161712840982385,0.03845995127063076,Financials
2008-11-10,144.63001479233287,152.67393168223478,136.59965082319462,144.64285479146318,974423,0.03701566363740222,0.03733628366696172,Financials
2008-11-11,143.77262587104582,147.04185575523962,139.22717734732177,142.46671220467434,1308772,-0.015159259812207867,0.03769247094083195,Financials
2008-11-12,141.96274940387875,143.0053274119472,141.641112377516,142.682060682429,1246613,0.0015104292157078556,0.03565176526076194,Financials
2008-11-13,151.89097490576728,165.7387064556839,137.79982154095836,151.62313436624873,1473985,0.06077925985401803,0.03342425619859217,Financials
2008-11-14,153.7011194625991,161.16768239842614,148.0095914596278,155.4127721680608,1290020,0.02468656061352997,0.03934288355222122,Financials
2008-11-17,145.88958781959812,159.31920942784745,133.53937609176708,146.8847525189532,1121587,-0.05643634071680228,0.037811425921297055,Financials
2008-11-18,145.759453493729,148.58812103984738,142.18279116562366,144.9966555428485,1424794,-0.012937605890242024,0.0414912307263455,Financials
2008-11-19,153.062532112932,164.43776998817455,141.0383255296843,152.36146153180644,1449288,0.04954505725302614,0.03875983783086758,Financials
2008-11-20,148.69443968725906,153.81413253299783,144.26761180311954,149.36727350634885,1252158,-0.019847538318403076,0.04086645234995287,Financials
2008-11-21,152.09311231320788,155.0289022027051,148.3812943886159,151.3018101016773,1274072,0.012868388514756213,0.038667069435526745,Financials
2008-11-24,159.95092927018587,175.2627000558042,145.47135367557004,160.71404346422094,1771022,0.060350073866121866,0.036344918770448285,Financials
2008-11-25,161.9265419387667,165.00520817188348,159.35431664912736,162.42506379431134,1344240,0.010590091279834922,0.04126841660024457,Financials
2008-11-26,158.260395746608,165.39669700586344,150.50779600460135,157.61499474613154,1501315,-0.03006143230207957,0.03846151676611778,Financials
2008-11-27,153.1144745653913,159.42091263244214,147.58927908317116,153.86850757522146,440362,-0.024056926461516907,0.03766940501744306,Financials
2008-11-28,153.006255399244,155.38721563652018,149.91084021506938,152.28050693874243,959443,-0.010374130264863862,0.03635928514301067,Financials
2008-12-01,159.78903641912777,170.18523966337756,148.6840883249696,159.03097022393544,1301599,0.04337470403572397,0.03425991067853884,Financials
2008-12-02,155.20569466014143,160.33971753562432,151.2401319411538,156.34504402043194,1318554,-0.017033579116501413,0.03634828642851221,Financials
2008-12-03,155.04907673158553,157.66974117948936,151.98026021904866,154.59321969800712,1167029,-0.01126810729070268,0.03464794025132012,Financials
2008-12-04,162.19129494253784,175.58747002990336,149.51671306352938,162.86058582428382,1084019,0.05209725500783455,0.03285467009748321,Financials
2008-12-05,170.02610055191303,179.71675139520448,159.52608880073916,169.16782199058125,1574037,0.03799671858942105,0.0370224536555084,Financials
2008-12-08,162.82337617506738,171.89536085635075,154.3747807370173,163.416014540227,1378044,-0.03459206589994867,0.03759111934052991,Financials
2008-12-09,176.20689325824083,195.76576944655727,156.43512287164228,175.96741735568125,1661351,0.07399966341328792,0.037549506735816494,Financials
2008-12-10,182.09050214633245,191.33690632237534,172.78323296283605,182.0263811268675,708721,0.0338527785800793,0.04526991156026802,Financials
2008-12-11,178.52566432009897,184.4594552150762,172.11974997864334,178.03730904443637,1130845,-0.02215849811687904,0.04371948657953764,Financials
2008-12-12,169.71856363455578,181.5887832135003,158.6181878314022,170.4411471219744,1431304,-0.043603070736388146,0.041264569078594014,Financials
2008-12-15,158.668962569141,175.0274366058544,144.15088841541998,160.355083803573,1472766,-0.060999428910131735,0.04180186473878906,Financials
2008-12-16,156.04325058879587,161.47053108241485,152.69170645691452,158.07534109600792,1471391,-0.014318868301939859,0.04534375663326039,Financials
2008-12-17,174.35311348185002,199.39468583150946,148.97440925878874,173.95944001671887,1553389,0.09575040693596504,0.042137863150737975,Financials
2008-12-18,168.22762770943024,176.03405218341476,161.8957009153788,169.64863985318686,1495698,-0.025092694861386346,0.05381171501623686,Financials
2008-12-19,169.88371470270903,171.70320829440143,166.63758821052937,168.44163681694783,1154978,-0.007140153074222794,0.05010994949809818,Financials
2008-12-22,179.8433886667247,196.95723234660485,162.39510797068817,179.4737797780253,1504466,0.06343980284459068,0.046004922550201735,Financials
2008-12-23,172.7325784767043,185.2178623592025,158.6682259097716,171.03048044038556,959842,-0.048187334790782965,0.04895767158295141,Financials
2008-12-24,166.24647836235638,173.26534933785962,159.35454109384546,166.36835935390906,925438,-0.02763742661459181,0.04863934385448834,Financials
2008-12-25,170.89082649669962,177.8295329527057,163.97818016483205,170.91587345490458,1416818,0.026967105153539096,0.04590427778494794,Financials
2008-12-26,161.06075900468008,177.30646755709984,143.68200584881458,159.80060667073957,1535810,-0.06724463758403826,0.04352982758087191,Financials
2008-12-29,145.99337249785845,165.8176617573698,126.14885047482002,145.96996066584342,1946357,-0.09052597808758829,0.047897316249949196,Financials
2008-12-30,155.72374670276628,170.10322084466597,140.90354665798773,155.23818412833862,1488156,0.06155975756797977,0.05625446852886706,Financials
2008-12-31,162.566549535431,175.4151414506631,150.3868717205315,163.18884083679717,1261267,0.04994745372364137,0.05656936225861577,Financials
2009-01-01,150.05659568271332,170.3253530800017,128.9915952834102,149.13600469516828,1842984,-0.09004939016540837,0.05508435728134165,Financials
2009-01-02,135.97531737701308,154.6512568088767,117.8202392436284,136.43482622428192,2000718,-0.08901163575664192,0.06118629776390372,Financials
2009-01-05,132.422157510239,138.02998119287594,127.54094446219563,133.12293672280697,1703458,-0.02457399949685392,0.06544823238448412,Financials
2009-01-06,127.05280692281826,135.25281567265571,120.51480780731424,128.63347699613342,1823705,-0.0343059408333298,0.06014448532902626,Financials
2009-01-07,122.43577706680952,132.04838524560176,112.48965190366175,122.07384421607499,1768995,-0.052340954629881635,0.05630649988113054,Financials
2009-01-08,115.01668758887843,125.25012415733416,104.889702510951,115.11452471934258,2118087,-0.05869864214327949,0.05520211837263224,Financials
2009-01-09,108.80273204668137,118.59245952502108,98.6578384926708,108.412449582961,1686289,-0.05998456897901824,0.05526887629290648,Financials
2009-01-12,110.02269591060386,113.84783436477275,106.76494069295657,110.57376215967729,1114984,0.01973989815273691,0.05552874234740302,Financials
2009-01-13,120.41813265517065,135.1575550011589,105.28990076159494,119.97509432188662,1437396,0.08160134480851565,0.05123673016703427,Financials
2009-01-14,124.66759718488254,130.91373817440257,117.83492439420688,124.05012875752286,934788,0.03340157416235416,0.056559516756699076,Financials
2009-01-15,126.23125738635781,131.44422941715828,121.80062821212226,126.98707168761258,1108573,0.023399535455652664,0.05316514762586055,Financials
2009-01-16,131.6754443275246,139.84081482236093,123.92612307670174,132.06836927769655,1355842,0.03923445402899099,0.04943032547530603,Financials
2009-01-19,122.33366848828449,136.25073191301962,108.7983353350188,122.67737061251947,2128667,-0.0737618314485077,0.0478078133647493,Financials
2009-01-20,127.14622675838714,133.09256172980238,120.64347748858273,126.5625135428758,1145301,0.031178458184291567,0.052388842149551945,Financials
2009-01-21,125.40883742016915,127.34448603170362,123.33342968177206,125.26688733539517,548781,-0.010289804404821867,0.049411406209791064,Financials
2009-01-22,127.97535248762951,133.10953862750802,123.2616661507067,128.38091432590156,1850989,0.024555177984388016,0.045487049388882185,Financials
2009-01-23,128.10066805362706,128.78181288725833,127.24641057253041,127.92663000020755,1468717,-0.003544841433333305,0.04296162059981015,Financials
2009-01-26,123.46837737322628,129.9857400850389,117.07349447429198,123.58482588780515,1571562,-0.03452912686354516,0.03972965593568295,Financials
2009-01-27,117.41881063187104,126.76769359650666,107.86486134024699,117.19600448463488,1087514,-0.05307998445522242,0.03926315752595577,Financials
2009-01-28,113.71794938588725,119.53037001804799,107.48029959405747,113.26981490552144,1645241,-0.034075070022218025,0.04190345025879626,Financials
2009-01-29,113.7409099697261,115.43826353217383,112.44236395476042,114.13521584474208,1119647,0.007611134318697376,0.04097420986945312,Financials
2009-01-30,114.04842281594951,114.7535995081855,113.67831596556118,114.38240881548431,986873,0.0021634485963656883,0.03810246848149578,Financials
2009-02-02,115.14803014248884,115.7837356887277,114.17036313164496,114.80417030755196,741268,0.0036805119199013344,0.03552661762652154,Financials
2009-02-03,120.66654884731432,131.4537870417848,110.62396036634267,121.35398595281958,2214435,0.05548396843425135,0.0333428309113629,Financials
2009-02-04,115.21364767555465,124.08032591795451,106.61774859700044,115.46562707455165,1460588,-0.04973889379702971,0.038094174246581854,Financials
2009-02-05,114.60817685985988,115.58451035739353,114.25270723604133,115.22712101152037,880898,-0.002067738582929752,0.04039834801877401,Financials
2009-02-06,112.96544377532102,116.08721268324743,110.35617387830152,113.46637236395371,1014263,-0.015398631710237079,0.037500167326878504,Financials
2009-02-09,111.36161807551879,114.75152532247549,107.80233876337174,111.18692836196651,1231694,-0.020293690085440703,0.03550461545232164,Financials
2009-02-10,110.39403453391672,112.95893879093302,106.93435962497708,109.47798019874121,1611764,-0.015489389246108686,0.03420873065938543,Financials
2009-02-11,115.58147377546469,124.41400264753851,106.39653301546257,115.19990292790634,670145,0.05094547066272585,0.032744128932431865,Financials
2009-02-12,115.59539720872863,119.19216297132202,113.21805820194048,116.79025056829424,1107265,0.0137106901266171,0.03670229598801656,Financials
2009-02-13,116.08325682085216,117.49376065918884,114.44036373998715,115.84800913191829,931467,-0.008100529895328811,0.03472526858349405,Financials
2009-02-16,120.3089801122077,127.95254579427153,113.00737177662339,120.6313713815941,1799577,0.04046031215499949,0.03277984457321917,Financials
2009-02-17,119.35326380884098,121.62058387828675,116.85051036516704,119.11327136631344,698991,-0.012664477407042535,0.03471555987086374,Financials
2009-02-18,115.4276240966306,120.46857827898688,111.29274634935915,116.30236532852899,809244,-0.023881503118698345,0.03298779207399373,Financials
2009-02-19,120.7129902670299,126.289269477669,114.39921472829613,119.93977565755873,1323953,0.030796349800761732,0.03249776099079588,Financials
2009-02-20,124.27797390825847,130.25395935533183,117.89172704596068,123.84698827462681,1337695,0.03205709083244194,0.0329718948453004,Financials
2009-02-23,126.19050995606324,131.22447078867566,121.76396704820884,126.77734280829063,1475142,0.02338550344446464,0.033524099400991415,Financials
2009-02-24,120.72833359823133,130.20379416664738,110.87144445490404,120.3144185686083,1362111,-0.05232387066071378,0.032880457086553745,Financials
2009-02-25,121.46900537591405,123.74292210623972,119.41085794619413,121.68117963671382,754306,0.011295871586613156,0.03708864627772801,Financials
2009-02-26,122.10452323352702,124.74551946679136,120.27422212314156,122.90324580396597,1606125,0.00999308385917303,0.03492268107414908,Financials
2009-02-27,114.37839374164058,126.44410226324015,103.05388446585714,115.05281873218524,1724624,-0.06600611010131505,0.033025053845192345,Financials
2009-03-02,119.2313457748433,125.41630676162659,112.92300987304813,119.10122080729742,2021411,0.03458241033619333,0.040324239990213354,Financials
2009-03-03,125.22671778246875,131.12950307056138,117.1100782299749,122.90334729522176,749105,0.03142452554651776,0.0397520682522279,Financials
2009-03-04,129.025394018509,139.97987668538175,118.71907520916312,129.6256134187348,1918626,0.05325214666846846,0.03888838727869015,Financials
2009-03-05,128.84994761904952,131.85535177898868,124.64869484290402,127.62553989088634,834696,-0.015549892028024008,0.041655899952226745,Financials
2009-03-06,117.19899559504019,132.12074039719948,102.46145941126913,117.36262779579596,2405108,-0.08383198228475117,0.03904409138367059,Financials
2009-03-09,112.479895982578,119.5226806410579,105.74381528030693,112.76927019273955,1311614,-0.03992464990255926,0.048720868687347534,Financials
2009-03-10,122.71766911020839,137.57887117787664,107.44646247336179,122.25117130591576,2524851,0.08073383496401484,0.04730829828894818,Financials
2009-03-11,118.09170507979672,124.4422904317505,111.60321289175037,117.94596058165676,1070473,-0.03585115114654645,0.05355513874313459,Financials
2009-03-12,114.39623752958474,120.7420757968003,107.35858799383008,113.66379593990334,1423114,-0.036981625761216906,0.05086568651278575,Financials
2009-03-13,116.41302484269916,123.55383505763632,110.49826527711552,117.57979382647498,1889673,0.03387226686232538,0.048733977347688355,Financials
2009-03-16,104.13568465953527,120.21466314891249,88.51533196060498,104.53448969470652,2142418,-0.11760013762068697,0.0466057937155767,Financials
2009-03-17,102.5103903894562,105.0602219528802,100.93150181098467,103.46660552919263,1582992,-0.0102681531271971,0.06254717308997895,Financials
2009-03-18,106.63915583162132,113.33677708054486,100.71406141653635,107.37101882753046,1803614,0.03704139359117738,0.056969591314443936,Financials
2009-03-19,109.49039788707846,112.52719888928566,106.34123738109137,109.37483310453233,1208300,0.01849051643377392,0.05387241588702228,Financials
2009-03-20,100.64380306145067,113.5360414041948,87.55826642742193,100.4221058732293,1381550,-0.08539845773297766,0.04973001743918437,Financials
2009-03-23,97.84546749941588,101.83693955453569,93.7411789181056,97.72785305269456,1526951,-0.027195755082837697,0.05632401082200149,Financials
2009-03-24,112.98217568661381,129.92950203960586,95.3373086791665,112.16153962254883,1958807,0.1377535442525568,0.05242954053051015,Financials
2009-03-25,102.93265258326159,116.16077885101451,89.79363400083781,103.01167350476958,1673920,-0.08509783340646422,0.07173207942973278,Financials
2009-03-26,115.1986704849858,132.99012075920695,97.91886991223792,115.64358326887562,2166205,0.11567058627626316,0.07281922248295394,Financials
2009-03-27,108.75489019993849,118.48984426888255,99.76519314323832,109.44324748604167,1799489,-0.05510677598143383,0.07968101411152924,Financials
2009-03-30,105.37123292019176,111.43510923615335,99.26280745711794,105.32396352628909,887134,-0.0383651600024735,0.07506506991759596,Financials
2009-03-31,97.88139728604581,108.95180268310506,86.62752186726874,97.67453060136597,1656865,-0.07540013188755637,0.06948808964627796,Financials
2009-04-01,99.51283863836245,101.19705626235059,97.11097869687144,98.7828413901008,1062810,0.011283084320464497,0.0693949037426414,Financials
2009-04-02,101.08769656924777,103.90155880706737,97.8318845385212,100.63309248395734,1248353,0.018557235175117044,0.06302077697972137,Financials
2009-04-03,97.06345494849069,103.98750952648103,89.1140212074355,95.95931132439091,1463149,-0.047556893454663476,0.057697056350423236,Financials
2009-04-06,91.50556362683865,97.30754244327265,87.40818430257478,93.13710688768606,1589949,-0.029851586153989224,0.05569927258467442,Financials
2009-04-07,94.82495627053217,99.00736978073803,91.30928048093351,95.46785812987586,667752,0.024716951654010885,0.05211136874575304,Financials
2009-04-08,93.20118633005951,97.24560907431658,88.72091806511224,92.74556952712479,1403241,-0.028929694306209654,0.048622165284000714,Financials
2009-04-09,96.0539553442568,103.13170351203702,89.82009257645656,96.84641071207535,1855976,0.04326639644324982,0.046009032237391806,Financials
2009-04-10,97.11347847723646,97.4566664930361,96.73179102884167,97.07484250951447,1209642,0.0023559243693110662,0.045544066541260406,Financials
2009-04-13,99.78530463209296,105.34580265410861,94.81806863061107,100.3504349008918,825839,0.03318615581586902,0.04195523989487954,Financials
2009-04-14,98.28498269408786,101.45586149169144,95.046511767346,98.21513720356165,1440296,-0.021508058916609576,0.040907112638082686,Financials
2009-04-15,94.85266640928134,100.16411675888843,89.3180275870841,94.61623873196588,1778974,-0.03733123204422189,0.038834301606464866,Financials
2009-04-16,93.22855848853904,96.60333442981222,89.0168875232804,92.36023091811813,1395006,-0.024132633433263245,0.03892975106394125,Financials
2009-04-17,97.38372711402864,103.28778033091167,90.33924381194107,96.1696942313245,1335987,0.040417794579922325,0.037413607334551235,Financials
2009-04-20,94.44531307771453,96.94842074057128,92.07229614291371,94.57221528247433,1279804,-0.01675055371530664,0.03827351733030175,Financials
2009-04-21,86.5857032909731,97.93801785593833,75.55848891353585,86.87407729975703,1406543,-0.08490404272539133,0.0362488187467086,Financials
2009-04-22,94.73722549944556,106.0811130605851,82.82650595269955,94.09328809427267,2030168,0.07982703385661871,0.047249190036366205,Financials
2009-04-23,94.24096411390505,97.41266789835736,92.26837271846794,95.4154920379952,1211270,0.013954238930556277,0.05330893046597334,Financials
2009-04-24,100.72696843639443,108.48696512985634,92.70585305194682,100.44405404591824,1876271,0.05135994073167591,0.049017157930263996,Financials
2009-04-27,99.07862705406762,102.09650673134813,95.42700700828296,98.42497686567334,1116532,-0.02030629455286813,0.04917135287992942,Financials
2009-04-28,100.56263287686708,104.64803322498885,96.82273406036336,100.89574601533474,1355131,0.02479316428321841,0.04578328728918678,Financials
2009-04-29,97.58699771463695,102.42114381696986,92.8614482521234,97.69057855915955,1052134,-0.032282644021436636,0.0432330043517631,Financials
2009-04-30,98.1192951609791,99.64080091203964,95.18659737743441,96.68587553088229,806687,-0.010337795086170538,0.041852114617733166,Financials
2009-05-01,94.22949841734406,98.14853703800131,90.13066309297072,94.04189940338264,1811501,-0.02772690566811504,0.03895266485707039,Financials
2009-05-04,91.5615970160813,95.08259760821007,88.37605699366553,91.88577890124334,1610760,-0.023194149266577157,0.03780430232477621,Financials
2009-05-05,90.97117110417288,92.327440891392,89.63328885004634,90.98929213735751,1133554,-0.00980444125237955,0.0363871887268102,Financials
2009-05-06,84.34499945533251,94.05621524358608,74.56428875772067,84.26646199141244,1598670,-0.0767578860708191,0.034258445133909785,Financials
2009-05-07,80.5891714612172,85.82924440163123,75.72265890318619,80.9414584044731,1337907,-0.04025778707646004,0.04384836156008126,Financials
2009-05-08,81.49881968940446,83.69748478407202,79.85168166610265,82.03942089936795,959207,0.013473716793929186,0.043373338149685095,Financials
2009-05-11,79.09523024443035,83.28342588986366,75.25292594539161,79.42509724413354,373665,-0.03238546991320686,0.04040084561533328,Financials
2009-05-12,76.0269548379785,80.6735156238983,72.18856394271869,76.79628345246729,1441540,-0.033658158069856656,0.0395361285455731,Financials
2009-05-13,77.91424310699331,78.45582435247277,76.6166930987925,77.15298283052269,1027794,0.004633994366821628,0.038992500676360606,Financials
2009-05-14,77.59361661996174,79.4502651189444,76.22040673843554,78.06864838208395,572006,0.011798306281231935,0.0363256544712624,Financials
2009-05-15,79.11834821907198,80.71211265156802,77.52809583952116,79.12179107182648,975672,0.013399777382843831,0.034300474382700605,Financials
2009-05-18,75.52077548339032,80.70112672696672,70.5778571716035,75.74362281102717,1481161,-0.043634070935212974,0.03268258159003212,Financials
2009-05-19,76.89114646560074,78.8668415815611,75.01346333869421,76.9868220551037,935142,0.016280011533331046,0.03521520599780959,Financials
2009-05-20,73.61768360440894,78.31680241291127,69.50216944578959,74.17038983162634,1797496,-0.037269253410493315,0.03364289528419545,Financials
2009-05-21,73.33831976072308,74.48032479770784,72.40312377749756,73.54252483115887,1260470,-0.008501203611579322,0.03483999296712052,Financials
2009-05-22,72.76275185159786,74.45386756421364,70.72885530794835,72.41181471404249,990887,-0.015494335307391744,0.032892258319945675,Financials
2009-05-25,69.82989245539882,73.49559543241392,66.48475474468704,70.13580333811498,1122671,-0.031936062461582274,0.031646985478896904,Financials
2009-05-26,70.11352095408077,71.17537039822939,69.49291654474939,70.55089460980346,762463,0.005900948451277331,0.03246863355230278,Financials
2009-05-27,71.55783117896728,72.87412759703739,70.10761711440817,71.42140397287099,972179,0.012263241226321612,0.03079923555377101,Financials
2009-05-28,74.28446206907053,78.5631070514618,69.94245814119472,74.21723072489873,1531154,0.038398743274315215,0.029688927083402337,Financials
2009-05-29,72.14806217889362,74.98264854110066,69.8166283532446,72.6354645169927,1281326,-0.021543048699567805,0.032036158256693016,Financials
2009-06-01,71.47666174608993,73.47873075639683,69.29481027271098,71.29169844087485,1554892,-0.018673405289677487,0.031474875548111333,Financials
2009-06-02,70.41046809519365,71.7265057748523,69.09286319150081,70.40887102033255,1670761,-0.012460625200212922,0.030738227703987108,Financials
2009-06-03,72.80484218995447,75.82724160736373,69.37975074233802,72.38470886492962,1413287,0.027675809524899064,0.029650649081643318,Financials
2009-06-04,72.65837621171931,72.90794529525675,71.97108537334672,72.2191457755299,800041,-0.0022898858700082514,0.030302167541266394,Financials
2009-06-05,72.59446208183026,74.2564192330466,71.37669642146436,73.03132523209634,1353179,0.011183274182294225,0.028902657710906665,Financials
2009-06-08,75.04209373114038,77.27212376961067,72.27890221607457,74.49260300843008,1404054,0.019811370104357812,0.028054424631749647,Financials
2009-06-09,71.1569340939156,75.80770968217021,67.08431195631726,71.70378866870419,1287763,-0.0381562452013754,0.02808049413643915,Financials
2009-06-10,72.18526047418918,72.97152833137073,71.42380687311261,72.20981570691103,1315343,0.007032401500200358,0.030809027539625417,Financials
2009-06-11,70.75538630641825,73.75453370518176,67.22233106758063,70.19784568601936,1638642,-0.028258365949933424,0.029441045208669494,Financials
2009-06-12,71.26564685203854,73.73817210708023,69.14316175803567,71.60556337313167,354551,0.019855149362586724,0.030219205835150437,Financials
2009-06-15,66.6150392062555,74.06444950699273,59.029147619247226,66.46137387041695,2158728,-0.07455183683744587,0.029827744877501994,Financials
2009-06-16,69.5388308219935,76.35490180196905,63.60505867192287,70.35176196059369,1734335,0.056886894031527864,0.0405641707416465,Financials
2009-06-17,67.93854104469033,71.61415349738876,64.188190972631,67.8595286975754,1497316,-0.03606801476921715,0.04360939537816481,Financials
2009-06-18,66.46786171158631,69.74042563363373,62.43510146675263,65.66829867724648,1901631,-0.032823521400939706,0.0426211068088119,Financials
2009-06-19,69.2104517317791,73.78227834801336,64.09167434632782,68.62481567060227,986712,0.04403792107346353,0.04141080209390074,Financials
2009-06-22,67.82187996363089,69.54610253163762,65.75621067043151,67.47152626393193,631933,-0.016948538032577128,0.041985526052665596,Financials
2009-06-23,68.27914139493487,68.45948395375497,67.41191370315168,67.59043721927776,1313757,0.0017608360341163792,0.039412123256068125,Financials
2009-06-24,65.62004281995841,68.33546345384785,63.346495359166084,66.04711901993136,969499,-0.02309809994110342,0.03664856680925001,Financials
2009-06-25,64.70483669164355,67.3169337668164,61.69781857544155,64.29330224134034,1577037,-0.02691295023916099,0.03541923619265426,Financials
2009-06-26,65.0098109956978,66.28799480250346,63.81150458491473,65.08824268386037,1242595,0.012288467360333042,0.0348175798636717,Financials
2009-06-29,64.33494890775994,65.23982838139307,63.88119958442813,64.78291955638855,576259,-0.004701947448836568,0.03305241380838049,Financials
2009-06-30,64.89103461040146,64.93859976848084,64.76707544554911,64.81458456571073,477016,0.0004886669718959225,0.03126157215048662,Financials
2009-07-01,68.97069159379257,76.70441061087925,61.790928595221416,69.47241847006774,945230,0.06939916876438704,0.029696204032964846,Financials
2009-07-02,69.72677685731522,70.5190054026583,68.16479850581676,68.94818072106641,1367123,-0.007574598846621381,0.03908872370584851,Financials
2009-07-03,68.50596764638692,69.05354615448836,68.18995856486063,68.73647377828091,1691317,-0.003075246263288686,0.036482171521372134,Financials
2009-07-06,70.49838623952056,74.61698138892694,66.9750064193364,71.06526977133667,1176469,0.03331877515809006,0.03414934321577552,Financials
2009-07-07,78.14171920518467,90.74504313450127,66.42046132440697,78.9087331604359,1791863,0.10469316086585169,0.034633267682394206,Financials
2009-07-08,78.02857828804795,79.61333370239383,76.26643495371519,77.8475129425207,1075530,-0.013539957189323071,0.05199681984603252,Financials
2009-07-09,76.88069541677451,78.63872787812919,74.91654374975037,76.66975257679525,1152432,-0.015244680534554512,0.04785848916737672,Financials
2009-07-10,76.18385703069191,76.71102023498466,76.06057282086326,76.58708350558983,522396,-0.001078830560993926,0.04435321894741379,Financials
2009-07-13,72.34840314468852,78.50895425263937,66.23538020909118,72.39222834065988,1625114,-0.05632948961681061,0.040913824144226375,Financials
2009-07-14,69.4249263569041,73.73599367618255,65.22850000843677,69.5330327779841,980286,-0.04029701884396261,0.04376190712203138,Financials
2009-07-15,64.96014039415466,71.81625070108998,57.96856451680404,64.80869027168393,1796983,-0.07036222792761758,0.043308902908321775,Financials
2009-07-16,66.60406691902706,69.436676695005,63.813511951566845,66.64443058417338,1605269,0.027931777507949007,0.048406149658268165,Financials
2009-07-17,65.17348478177118,67.96128323086762,62.0002203849823,64.77079370706122,817525,-0.028516693646515885,0.045733487610327285,Financials
2009-07-20,64.51411871940336,65.51068491161253,63.11691540160517,64.1071957499992,1364830,-0.010298171542300958,0.043534145032176216,Financials
2009-07-21,61.36352325331344,65.71300745031728,56.81411709149213,61.14834965151321,1586219,-0.047253742575469194,0.040399075206163336,Financials
2009-07-22,60.18362337883412,61.25839502008178,59.85632754405324,60.927056184116395,1338196,-0.0036255248676833884,0.0417205662727497,Financials
2009-07-23,63.29065964537049,66.4045214958084,59.86104979386197,62.95857319341992,1438191,0.03279959336691451,0.038658196862761826,Financials
2009-07-24,68.46250586336838,77.22873154076225,59.76474027708115,68.52324890250938,1433671,0.08469614598142695,0.03816984341727485,Financials
2009-07-27,66.43721114588642,69.3583020614504,63.878915048738044,66.78655383379228,1016900,-0.025671317353872018,0.048389721313678816,Financials
2009-07-28,67.50178139284704,68.20923363498036,66.54996134918984,67.25482536936944,1090331,0.006986998244447322,0.04552037547357099,Financials
2009-07-29,61.70388459964039,69.3847173204345,54.87658731481498,62.472388083667624,2207410,-0.07376410014943321,0.042011979104466066,Financials
2009-07-30,61.684027074276635,63.552693206914135,59.36863407547832,61.223344204972264,848447,-0.020196110417016546,0.048251181138368175,Financials
2009-07-31,61.199892550339825,62.17794932186881,59.60645654316167,60.5745190024831,1332781,-0.010654231903261159,0.044985815724454106,Financials
2009-08-03,57.439410337550285,62.445513736394524,52.17391626348004,57.155254172281936,1505151,-0.0581030036047284,0.041665402814960326,Financials
2009-08-04,54.53588526424559,58.355553535452586,50.76081709045067,54.577597938311605,1708121,-0.046147818150726265,0.04466764475064681,Financials
2009-08-05,53.386680430392765,55.65175809176602,50.804462948184764,53.055488891990585,1346333,-0.02828517828932423,0.04489545587324917,Financials
2009-08-06,52.62480927340296,53.20393963379559,52.1780314244128,52.75604758842354,1340128,-0.0056599140868964564,0.04280758417713291,Financials
2009-08-07,51.29735382671501,53.3248178626144,49.560869193436126,51.578805703591144,1367018,-0.02256756607946173,0.03963327648058526,Financials
2009-08-10,54.381040875764334,59.56277994588126,49.56422186117952,54.71626806967027,1381151,0.059050224575988124,0.03785540304212651,Financials
2009-08-11,54.905005659075705,55.18347748828458,54.25499297326464,54.531570784041264,377498,-0.0033812561151893147,0.0420650042785766,Financials
2009-08-12,50.08102175829769,56.965241449790874,42.91678697340011,49.756381013740956,1698290,-0.09164109742965422,0.03895236323899758,Financials
2009-08-13,48.022770687471315,50.56362668212885,45.51419622292536,48.05344963562369,1452438,-0.03482479149834397,0.05073009848442002,Financials
2009-08-14,46.84866881773535,48.8568408465219,44.697889550627515,46.69967494484025,1238094,-0.02857672130947599,0.04838129007402173,Financials
2009-08-17,48.152778094168696,50.228331498951135,45.98948695529629,48.061088204671236,726011,0.028735668524647907,0.04577219388997238,Financials
2009-08-18,50.05049139026975,52.677338898108,47.160221369464,49.77247761617071,1741698,0.03498930026953979,0.04358825281695455,Financials
2009-08-19,48.5878048049503,50.16642907158577,47.39543572063285,48.964808136539986,1304797,-0.0163603341634672,0.042468650754534217,Financials
2009-08-20,49.41720199841506,50.00444781130591,48.76776412722537,49.35426199707707,761243,0.007922286021099638,0.03978716021054439,Financials
2009-08-21,51.1469549039073,53.239849440805614,48.64376417426474,50.71915339857771,1169430,0.027279493514721143,0.037092167454405224,Financials
2009-08-24,49.76763621951614,51.38965483339276,48.01151840817081,49.62901924025923,1127759,-0.021727890346545542,0.03622552586416748,Financials
2009-08-25,51.06384265860983,54.14601608506515,48.35328540908158,51.416727117021544,1621430,0.035387821837718283,0.03493774695290325,Financials
2009-08-26,51.72542271389415,52.841824146977125,50.87276504037398,51.984889346205875,810578,0.010989537043662618,0.035557862982451484,Financials
2009-08-27,54.553357298045995,58.015826448456046,50.78966734846542,54.231722531485126,1654264,0.0423129369349137,0.033609593638842764,Financials
2009-08-28,55.65891924839283,58.42926392718184,53.1359618085586,55.895578963407715,831321,0.03021926493128447,0.0356684948163391,Financials
2009-08-31,54.59212610339887,56.44711098590888,52.90763795773272,54.757519481842074,1171506,-0.02057058732213131,0.03542278664812583,Financials
2009-09-01,55.05228554568186,55.507008941314076,54.602139078643525,55.056825353591805,1390127,0.005451138707823641,0.03416564664325158,Financials
2009-09-02,55.95251065388082,58.804802163842375,53.71543081147393,56.544070709376314,1040485,0.026654506548065896,0.03222251333187733,Financials
2009-09-03,55.71985899147983,56.850192002837666,54.79452412305161,55.921508360812076,1048536,-0.011071275546117476,0.03220561597356186,Financials
2009-09-04,53.8341264291502,57.99499202419836,49.00788843097841,53.11301930892599,1024004,-0.05152698818934951,0.030792001096420208,Financials
2009-09-07,52.6280733465973,53.99466698780834,50.845958463391405,52.20147461151481,1270344,-0.017311339168241277,0.03545098647424863,Financials
2009-09-08,49.066322885103254,54.26944912198821,43.48074996549768,48.63850973297019,2355486,-0.07069514527739548,0.03391710959335377,Financials
2009-09-09,44.86985699091568,50.41605266571236,39.254716093061795,44.79118775729791,1599546,-0.08240418024836516,0.04207097328803868,Financials
2009-09-10,47.304721979100684,51.816248929138936,43.06178882101249,47.55120757810019,969038,0.05979576640661412,0.050344222837213896,Financials
2009-09-11,51.41438019963015,57.14374434596164,45.51080105390558,51.218316873203285,1550431,0.07429003486424991,0.05161358997870225,Financials
2009-09-14,55.55148818576746,62.63084161905023,48.60597205561845,55.6704516696213,1983757,0.08335229600477782,0.05530842185789968,Financials
2009-09-15,50.90263198622447,58.33853498288013,43.12674779321073,50.50448981811689,2046781,-0.09738727588346845,0.059911251114622296,Financials
2009-09-16,48.53453780051167,51.350006860805735,45.91188676105038,48.717470712443216,1325259,-0.036024532333943295,0.06628822394434689,Financials
2009-09-17,49.2938714274131,49.36201444132314,48.69498057741743,48.76238887884393,1166273,0.0009215887213671955,0.061724937800200386,Financials
2009-09-18,43.489932756438414,50.01342266990417,36.7592463459692,43.246172171728475,2151641,-0.12005057124496592,0.05610794735165944,Financials
2009-09-21,43.37926991336113,44.05345541586601,42.89628701845072,43.56836712091302,1458705,0.007422637523638073,0.06913973064200978,Financials
2009-09-22,44.49854352074262,46.492621015712686,42.743881330240384,44.728876363225005,1688883,0.026287934415715798,0.06270969793238387,Financials
2009-09-23,47.189475659567265,50.564607053880316,43.55792405894067,46.91330274662354,1752919,0.04768197918623219,0.05787627576298782,Financials
2009-09-24,50.85618455030355,56.44593073873674,44.93156828036238,50.479962888475384,1464139,0.07327520717307172,0.05586381930930046,Financials
2009-09-25,51.65315124871305,54.19447667107795,49.42460807244233,51.95299684261708,1110179,0.028762919878662044,0.058326678665909175,Financials
2009-09-28,51.343696649527345,52.280135431313084,50.38902074057906,51.325120722877074,1410112,-0.012159087910087981,0.054274275576454534,Financials
2009-09-29,52.85723088628206,55.8193744921712,50.15502404026748,53.10452527753783,1599453,0.03408183138749941,0.04978688687094154,Financials
2009-09-30,55.8740281084956,60.10929168635383,51.62306703511423,55.85704314934591,1378393,0.05053347946245832,0.047510240665027535,Financials
2009-10-01,54.015400519556984,57.312567949305034,50.35599774684321,53.6296164348081,1348604,-0.04069416497312056,0.04784164771855662,Financials
2009-10-02,53.73351810134903,53.91120857050856,53.564519238765456,53.74218245740483,913540,0.0020967528717650698,0.04668469625659047,Financials
2009-10-05,52.654025030859216,54.27788741861994,51.02482384650433,52.64851634511448,1406040,-0.02056015517406974,0.04294447749765828,Financials
2009-10-06,51.73897332146622,53.357771578975765,49.94846728857727,51.56171967065381,1546561,-0.020858528282623304,0.04048197765864184,Financials
2009-10-07,52.775622764629844,53.99409596446006,51.152578305172725,52.3614900912817,1612938,0.015391868897052454,0.038422573344862924,Financials
2009-10-08,55.02466009370541,58.94116435374,50.99795542731848,54.906014844178905,1363500,0.04745150330009495,0.03628459395080375,Financials
2009-10-09,58.05191583883746,62.317118666941894,53.425765776769225,57.662346049656506,1114756,0.048981476510845987,0.038613523296322,Financials
2009-10-12,58.13570549664584,58.15050506632198,57.65745136638665,57.67213292468717,1374846,0.0001697129105049127,0.04065318070289046,Financials
2009-10-13,56.70740475331762,58.16031713934112,55.24280656305649,56.69541167180733,1003490,-0.017080807375377847,0.03771139352212128,Financials
2009-10-14,59.087331906898804,62.41322805049235,55.55005192792045,58.863340062532515,1311075,0.037525202512489066,0.035797799627818566,Financials
2009-10-15,57.89516971028961,59.44947734863665,56.26691123654363,57.819178750829806,1274510,-0.017897954137047773,0.03655690208558782,Financials
2009-10-16,59.07053495056348,60.17161853256942,57.450932335038566,58.5421670607713,1426100,0.01242676610177357,0.03488805220157732,Financials
2009-10-19,61.33797588265516,64.46219371593378,57.47937442718672,60.564179336685925,840092,0.03395631921139706,0.033119550517756356,Financials
2009-10-20,62.40224834369417,64.95387022490672,59.69296336464996,62.23786356834525,1189324,0.027259935327532115,0.03391870344450855,Financials
2009-10-21,63.69269584844718,66.14991463994369,61.33757150632452,63.79114982759473,1164123,0.024650909713169505,0.033642954177574805,Financials
2009-10-22,67.12315808377562,72.045955413463,62.07475186744094,66.98760798321452,1774835,0.04889318351741139,0.03311538607790258,Financials
2009-10-23,72.14513870338,79.2260379573731,64.49803806592989,71.51731798820315,1839530,0.06543198318698233,0.036549754380035514,Financials
2009-10-26,68.16525470240217,72.6851610149255,64.57952322395322,69.0527444623443,1286322,-0.03506900491659215,0.04255477998721144,Financials
2009-10-27,71.47418767348792,76.26393528504951,67.13864446456935,71.90241621801327,1324000,0.04043924433927038,0.04163175117244015,Financials
2009-10-28,73.04114655350105,75.201983736377,71.05898055334907,73.21509712430392,1398503,0.01809177514941368,0.04161564654017595,Financials
2009-10-29,78.9438155064108,89.52162203604064,69.0777584368383,79.57649536994151,1252301,0.08331712037887092,0.03917379837051838,Financials
2009-10-30,79.23223761788613,80.64171166500893,78.59858214430018,80.0019008519332,795478,0.005331630092638887,0.04867166080229144,Financials
2009-11-02,78.10159907256808,82.55904370789386,72.61971027982356,77.01514859368947,1790256,-0.038048257553891685,0.04471474470596204,Financials
2009-11-03,74.68838062799375,78.17146934961295,71.17593570874872,74.65758843820888,1272886,-0.031089965108653167,0.043779872095845364,Financials
2009-11-04,67.78604098340934,77.4586950366167,58.57158115669387,68.18940423804492,1851584,-0.09062298267741893,0.04217024602906004,Financials
2009-11-05,68.91645862581534,69.94857681051127,67.84215718612734,68.8736340137108,926387,0.009984244743817164,0.05248373527602555,Financials
2009-11-06,61.99768749513851,71.50225568902722,52.69803437086773,62.17587451219759,2080509,-0.10230637951916485,0.048151705538691046,Financials
2009-11-09,70.5464824628381,81.7638332939109,59.964510093412386,71.098985472966,1965870,0.1341060127659871,0.05937052038323192,Financials
2009-11-10,66.97301859181056,72.89681392510673,61.26492936529918,67.1717839867489,1195693,-0.05681978948668104,0.0749503192218637,Financials
2009-11-11,62.626641892233955,69.73598984886726,55.20631663951522,62.27584194544352,1565128,-0.07567969734953855,0.07126228703012574,Financials
2009-11-12,58.38161628973811,63.93718614068739,53.092346717268,58.62579446419711,1596740,-0.06039880255250624,0.07086440101241868,Financials
2009-11-13,56.392440873302704,60.22510384024711,52.22082632377646,56.02877291576846,1188406,-0.045309417451359885,0.06829797191092575,Financials
2009-11-16,58.49812985458648,62.077553360465934,54.79051286030676,58.361581129579456,1133741,0.04079245512950146,0.06433997101478771,Financials
2009-11-17,64.99464036044557,74.7438364145124,55.085182110088326,64.80609660010391,2127302,0.10474186628674843,0.06050875271785758,Financials
2009-11-18,66.28823363340425,68.86242747442803,63.84725605758337,66.41671860735015,736658,0.024549128777215434,0.06837160307731077,Financials
2009-11-19,62.36888714459329,68.48134050729121,56.118532771030914,62.21600271866121,1468855,-0.06533656595504173,0.06269082743469823,Financials
2009-11-20,58.62658649707796,63.74770013261493,53.77901792187116,58.879240717083434,1774545,-0.0551236661822751,0.06232529103965193,Financials
2009-11-23,60.71437776290517,64.1180651205676,57.56181797943412,60.953109335012655,810257,0.034616290238885114,0.06052558391744841,Financials
2009-11-24,64.16469250944664,68.591004460761,59.41908947907023,63.82174357581946,1275828,0.04598907154078752,0.056660569881743,Financials
2009-11-25,57.42782314309596,66.39053141417854,48.89873214644088,57.80536803694669,1734327,-0.09901229670970564,0.05464051014253671,Financials
2009-11-26,52.95394389352365,59.726013159503516,46.74918094535247,53.461749228147866,1890990,-0.07811521348497746,0.06292045385936867,Financials
2009-11-27,54.69749360866323,57.515552629942526,52.26736212767363,55.068919238948425,1462327,0.029619047365937592,0.06467213308501349,Financials
2009-11-30,54.3655836685197,55.19601993736217,53.9856203668099,54.81293011294148,818959,-0.004659360770428245,0.059812883505499084,Financials
2009-12-01,62.41063974306462,71.7722357045243,52.37446793849849,61.61702110411587,2246717,0.11701203190831987,0.05445476354748292,Financials
2009-12-02,55.372492169816695,64.10774597580533,47.10338603228431,55.77807214907676,1941259,-0.09955732908165107,0.06727577097370843,Financials
2009-12-03,51.87343038801013,57.96118167313163,45.527062523493534,51.58042765459451,1580535,-0.07823852840250434,0.07216351400927148,Financials
2009-12-04,55.17524426339665,61.42165767078943,49.214080745539924,55.43268059147749,1835425,0.07202703069030018,0.07200172430102962,Financials
2009-12-07,56.42886018185182,57.67230321079969,55.01345086879906,56.25301913719938,1422169,0.014690390991898571,0.0708913437195713,Financials
2009-12-08,55.29474239265657,56.63665800083041,54.13104374886849,55.469286020762596,1292479,-0.014030250658365545,0.06444251104369964,Financials
2009-12-09,55.03011761176269,56.03017400764796,53.80541720351879,54.80131560520045,1003057,-0.012115261476035923,0.05875199548716933,Financials
2009-12-10,57.829585991325565,62.42936805916126,53.1893938049381,57.78568388661243,1687055,0.053026860317089496,0.05369780733954041,Financials
2009-12-11,51.64798801055819,59.39518621214191,43.700808538293856,51.412715927404534,2985353,-0.11685552792844182,0.053184027656080525,Financials
2009-12-14,56.923370985388175,64.49644947746677,48.70669453509218,56.181009319628764,1715792,0.0886932538836295,0.06641622391624968,Financials
2009-12-15,58.230776717387464,62.95261361675191,54.17359726351257,58.8521411300427,1392477,0.046449428550652025,0.0693459864166963,Financials
2009-12-16,60.537417921466535,63.84384154765471,57.537150543371474,60.829117385378375,1571407,0.033040362815905826,0.06535078482762102,Financials
2009-12-17,75.31339409341608,86.61040320742849,63.47801700176993,74.68002000208227,2801149,0.20514400781188763,0.060665722597854396,Financials
2009-12-18,92.02275564115062,105.82616898732321,77.48133988223451,91.15451750851119,3020777,0.199343474642159,0.09673093357258798,Financials
2009-12-21,80.22551413106326,92.25934125072274,67.75413357202065,79.71074537884783,1865720,-0.13415166162328043,0.11638802318203066,Financials
2009-12-22,95.5431787325008,110.27288173422139,81.21170192262568,95.88946237758383,3108474,0.18479169496250822,0.11677515917188808,Financials
2009-12-23,99.12716540740689,103.17567360711047,94.51180966578828,98.53618114555047,1048280,0.02722770751464837,0.12700923517116122,Financials
2009-12-24,95.37686432849564,99.85544936793232,91.31960142915887,95.78099504010561,1129426,-0.028359518337436666,0.11452632388881676,Financials
2009-12-25,89.05964302692172,98.68432962025312,79.70219579789732,89.30147340745854,1790366,-0.07004629639933736,0.1035068231221432,Financials
2009-12-28,87.49053946621783,89.80741031568903,85.96843884502312,88.27171926220316,1320313,-0.01159821111692821,0.0969891875012905,Financials
2009-12-29,86.42029072704561,88.89334866559221,84.5404550012978,87.0008837358588,747844,-0.01450149966659395,0.08743969218207091,Financials
2009-12-30,86.61591002477715,87.17464712498821,86.09272279923009,86.65124645632685,1255397,-0.004026875473550655,0.07904494821937254,Financials
2009-12-31,90.7628014685613,95.97825935633959,84.86146980021539,90.03511287915039,1210103,0.038308336333028374,0.07142069329063216,Financials
2010-01-01,91.21910921212539,92.01677894249346,89.76960383504363,90.56152327468929,722789,0.005829697580237855,0.06633899033737477,Financials
2010-01-04,92.92223847368078,98.19597896467958,88.34427639329377,93.58534774964433,1139988,0.032844395167282235,0.06021450919228187,Financials
2010-01-05,96.02430093999382,99.67802392537766,92.33725582795147,95.989660754893,1329962,0.025366655104434224,0.05623560116064918,Financials
2010-01-06,90.53904345559495,98.40548280971356,82.86355653259514,90.71507291266583,1549264,-0.05651695762071436,0.0522156523371851,Financials
2010-01-07,100.29313304597945,115.13107237846891,85.30635594638554,100.11845196072534,1548649,0.09863047702835248,0.05253859965780845,Financials
2010-01-08,102.79994078062562,106.79366917167869,98.75375112088688,102.74535903739574,1042891,0.025899680231500362,0.06137946898620769,Financials
2010-01-11,96.90611837635842,105.2736951624117,88.89752333590046,97.23769748857887,1910809,-0.055095214314226884,0.05669718146290132,Financials
2010-01-12,89.81725367280538,100.75373579630863,78.73935259434886,89.6562275836622,1839684,-0.08117580736654216,0.05591939470987966,Financials
2010-01-13,91.92590128444627,95.53839238225552,88.38102906941481,91.9910094480795,1415889,0.025708185727129445,0.059916689820257496,Financials
2010-01-14,91.00177461812244,92.81720440269669,90.51279200720043,92.32113244611982,1311926,0.0035822203319584058,0.05541790682821435,Financials
2010-01-15,85.46562476063463,95.24819978875668,75.99631344804675,85.7476419006927,2342291,-0.07386448324776794,0.050584981596838816,Financials
2010-01-18,84.87204746602826,85.9965936392993,84.12405918074535,85.24531569305708,1119956,-0.005875419195641213,0.05445609766904884,Financials
2010-01-19,83.11449399324587,85.9806745492002,80.88462146088979,83.73417659865072,926104,-0.01788595005292569,0.049775007195192504,Financials
2010-01-20,89.06246826810839,98.38875715757742,80.19564110654288,89.48032888256776,1487266,0.06637159538309172,0.046152217221055974,Financials
2010-01-21,96.12508570875843,107.88441443979647,84.97719563790525,96.6729831935515,1663703,0.07731516345711788,0.04964675240728395,Financials
2010-01-22,104.50741873434252,119.02325410565255,90.98202251189258,105.38436332723983,1370126,0.08628029401326646,0.05448380672027471,Financials
2010-01-25,106.43754040617377,107.21580683045583,105.12499682885979,105.89932786769205,1408854,0.004874636156329426,0.059928553511979225,Financials
2010-01-26,129.4953455899604,148.91964742845445,109.24055961984477,128.5183054351115,2966664,0.19358244320872237,0.05455922958106186,Financials
2010-01-27,119.00459815682997,133.47255179816167,104.10469359189071,118.51286488639991,1756958,-0.08104982981282303,0.09001384323414896,Financials
2010-01-28,109.84008963403154,124.0508782153141,94.65359258124926,108.71938808349844,2184526,-0.08625137766869696,0.08699054440528978,Financials
2010-01-29,102.52405542209394,112.29193410924213,92.30801427220182,102.02869829563801,2018854,-0.06351601190526204,0.08526299827712597,Financials
2010-02-01,93.95285703068427,105.39241513725312,83.04653816544759,94.43063448578995,1904382,-0.07738859118585935,0.08075249634170177,Financials
2010-02-02,99.45835889741655,106.17395202170337,92.10881264117674,98.77850060770194,1558781,0.04501443752430719,0.07883604276720806,Financials
2010-02-03,92.0911285465394,101.53869282381106,83.29053410420269,92.68166442470353,1705745,-0.063709317652599,0.0733214992290727,Financials
2010-02-04,84.30258225011622,96.13105913950251,72.9574300263989,84.72857788509089,1650027,-0.08971771224482414,0.07077898962773552,Financials
2010-02-05,86.71409450580539,88.5372480624021,84.11799215099907,85.92454553407,1075999,0.014016587630012432,0.07290488654229725,Financials
2010-02-08,75.98381775424858,87.95702947405816,64.5862450911113,76.48437345570275,2081281,-0.11638308220784231,0.06619341126361944,Financials
2010-02-09,78.81181570588433,82.75065482143393,75.03556374764361,78.9669687375557,1027199,0.03194319637157973,0.07508000685536287,Financials
2010-02-10,83.99478002823325,94.05686167347781,74.90657415263448,84.87357092919056,2045734,0.0721331005930285,0.06901203599870144,Financials
2010-02-11,90.58546128211594,99.16215876500625,81.84405126292339,90.40352266496504,1750306,0.0631204857931846,0.06848800274736772,Financials
2010-02-12,97.8976893799643,110.88974131037516,85.4629661087976,98.39220578411253,1900637,0.08467835723820177,0.06670917909308959,Financials
2010-02-15,96.82536222286589,99.39637972373424,94.09900325045054,96.6657834332076,1243302,-0.017702094037101265,0.06881609759281035,Financials
2010-02-16,103.11506029369633,111.87992418219827,93.60601124207706,102.30174245347725,1258859,0.05666720822052244,0.06273379352723152,Financials
2010-02-17,104.41759216366484,106.47244630195136,101.6129268826018,103.65272913228716,750856,0.013119463209901337,0.0610745360471945,Financials
2010-02-18,100.91991718563216,105.55510663323813,95.90987929874888,100.52702337642953,1525458,-0.030619588130655986,0.055766452370053454,Financials
2010-02-19,103.05410481872055,108.75727578301986,98.11968893953483,103.78773249145112,1298242,0.031921198984848465,0.052235540052217366,Financials
2010-02-22,106.47267036615916,110.40590367410145,102.4458553652373,106.37549904325377,1909623,0.02462749858353893,0.04935266717546264,Financials
2010-02-23,102.35354735269793,108.74573341252928,95.6650712218708,102.03752078322017,1962385,-0.041634681781340076,0.04625500685156064,Financials
2010-02-24,98.7517327282969,103.66079518732568,93.8042850013426,98.71133946467803,1351706,-0.033140768426045096,0.04551524509574078,Financials
2010-02-25,99.3832149534645,99.66394336946173,98.24732135437405,98.52562733703328,697877,-0.001883137684961335,0.04384126604787545,Financials
2010-02-26,98.0751286268875,99.3849451992792,97.56332213493225,98.86899589936141,552059,0.0034790097422990377,0.040474402010104556,Financials
2010-03-01,101.74217328908705,108.58373655827063,95.92449556216137,102.71067909571079,852602,0.03812039484285778,0.03758134245577846,Financials
2010-03-02,106.01874599947229,112.61734328338815,100.06473680125615,106.62905893150145,1642822,0.0374399775064043,0.038050762358579675,Financials
2010-03-03,97.74452172780909,110.46308140924818,85.13860028663022,97.84429269932785,1525523,-0.08597870733722758,0.038321680550405045,Financials
2010-03-04,97.19301887801497,98.08795661603243,96.45953389075412,97.35326232215736,1200439,-0.005031122576004666,0.048823065015143496,Financials
2010-03-05,101.65182010855987,107.34083377457078,95.39860318044511,101.05416888690266,1143162,0.03731045615602538,0.044841389041091945,Financials
2010-03-08,98.24673246138975,102.76198783250993,93.50079037054405,98.00493304524012,1617735,-0.030638884082953313,0.043788247940437765,Financials
2010-03-09,93.96134427479029,100.97749171850805,86.28294590877518,93.24565221618032,1167476,-0.04978038219063792,0.042127659664784364,Financials
2010-03-10,92.80348352622552,94.07679829122242,91.12888778036242,92.39662015646215,1518699,-0.009147032824021649,0.04349143288881635,Financials
2010-03-11,91.97341764854626,92.47485481225468,91.73899280095256,92.23975112520637,878516,-0.0016992217504228548,0.04032064011397256,Financials
2010-03-12,97.68569935309623,107.6486646490526,88.38119872198234,98.28690003590582,1961145,0.06349957528912316,0.03743041969500156,Financials
2010-03-15,101.12503408640828,106.29257968380615,96.307143733601,101.45878831034422,1105055,0.03176193640762613,0.042727724771160255,Financials
2010-03-16,102.6886957504457,105.71132692276358,100.1402308793978,103.15137945227376,754078,0.01654492316104058,0.041374507392237685,Financials
2010-03-17,103.91685727104196,104.71813031616732,102.88352198657523,103.68299176191773,1219223,0.00514047522328627,0.03886566687863435,Financials
2010-03-18,110.07878877027531,120.77343487502117,99.72644578327282,110.39166727638636,1170196,0.06269656550943654,0.03622700266879615,Financials
2010-03-19,119.94803003831827,134.24330738828388,105.27610844697377,119.52042419153132,2601052,0.07945261707868469,0.041707858694661266,Financials
2010-03-22,123.22598530265687,129.63100309763615,117.13460427804888,123.52484848827372,1855469,0.032955067659616734,0.04938161738555026,Financials
2010-03-23,123.3825847040087,124.42762534675965,121.78896245554297,122.82931696470968,763884,-0.005646613446340969,0.04705040681182036,Financials
2010-03-24,120.08821464803462,124.01794372214084,116.45723964479147,120.37820072933619,1930632,-0.020157265300818673,0.04331022121206602,Financials
2010-03-25,115.56742700314871,122.48806988062398,109.00469777644919,115.90610797258604,1238472,-0.03785801009206919,0.04076232955575053,Financials
2010-03-26,120.46883022061695,126.95503083880953,113.67342873879444,120.14203423008199,1233452,0.03589421211729909,0.04054920896724093,Financials
2010-03-29,121.08031587565411,125.73892130517113,117.74536182091322,122.36848674613329,1394416,0.0183622142631661,0.04010797735891736,Financials
2010-03-30,129.7638090279793,144.90374779513746,116.20568438351339,131.19598497254836,2394358,0.06965539799335244,0.037914318075836534,Financials
2010-03-31,132.0773516726128,137.744057013648,128.1838825746326,133.7998120177463,1331364,0.019652469045215996,0.04447221135233117,Financials
2010-04-01,138.53654253205139,144.50164963371984,131.76731196015658,137.69623719046416,1057259,0.028705336477261374,0.041715165072058705,Financials
2010-04-02,139.98547690361426,144.65146767878514,135.8099929000622,140.4617766169169,862196,0.019885319991335155,0.04019606260483984,Financials
2010-04-05,142.53572076955894,146.3408780234944,139.00322335431284,142.8017866332729,958156,0.016522162052543428,0.03810370916091283,Financials
2010-04-06,136.76912981413938,146.2912673844925,126.8339316877831,136.32515914097127,1458931,-0.04641465308871542,0.03608963005198477,Financials
2010-04-07,133.58896263042328,137.08016368326676,131.3182881558711,134.7890900776268,660599,-0.011331647115358627,0.03827684836860485,Financials
2010-04-08,135.8293309257377,137.968757380247,133.9211653107499,136.05738796097097,1735327,0.009365505972251126,0.035935423063859794,Financials
2010-04-09,137.56784854872848,139.39381586777338,135.44470642524263,137.2666762198976,734829,0.00884880848884353,0.03385617535901404,Financials
2010-04-12,132.87352025390462,139.2316134246544,126.80422650553945,133.14970435291755,1027262,-0.03045148367042333,0.032073941131440055,Financials
2010-04-13,138.03643509445297,147.66790646732795,129.306071725187,138.8839410546243,1396624,0.04216453606755888,0.032589631609178625,Financials
2010-04-14,140.98382118680874,142.93706302771474,138.23064595587064,140.17264952549345,447217,0.009236245806852292,0.03487613060542197,Financials
2010-04-15,135.74021051461014,143.11417734930424,127.84305921743426,135.18697185124054,964143,-0.03621607680700429,0.03295256931251113,Financials
2010-04-16,127.2367440877859,138.53233051117374,116.65462558822985,127.89542994496962,718178,-0.05544582044242924,0.03413851332923426,Financials
2010-04-19,130.55829413815903,134.5047618166716,126.55421900114061,130.49889106561466,856410,0.020151752668869625,0.03864565078432966,Financials
2010-04-20,138.68224411940082,150.77377506063564,126.25004296197774,138.30903419823437,1393208,0.05812583058974454,0.03681987275887278,Financials
2010-04-21,131.8284762537016,141.13745029707798,122.96702590572966,132.24781236594242,1491435,-0.044813030789686854,0.041126077508629705,Financials
2010-04-22,126.71255634884774,135.11242702095942,118.14273440682865,126.53053901282394,1555911,-0.04419383479243263,0.04188453843938438,Financials
2010-04-23,120.41958133566926,129.07917786577326,112.45903016026024,121.07528052603855,1516429,-0.04407118890528277,0.042384146839040404,Financials
2010-04-26,116.80632105919054,123.59585013062384,109.70307562401204,116.47324413844902,1045483,-0.03875092266620731,0.042760649858806385,Financials
2010-04-27,113.72594414949835,117.79755481880217,109.65511755010365,113.72670112348099,991883,-0.023863371017864912,0.04228502858223355,Financials
2010-04-28,117.43331689184795,121.94006393293323,112.19630426767566,116.67390739462155,1431985,0.025584715708551586,0.040197487299714244,Financials
2010-04-29,113.08626262972578,118.29496657083887,108.0824402107966,113.28246272235947,1594687,-0.029498557429048753,0.0386116179387974,Financials
2010-04-30,115.33263124064996,118.013150621913,112.3773956340738,115.05137823449763,797114,0.015494426006056279,0.03772546044040499,Financials
2010-05-03,118.96889036840126,124.44535176600543,113.17568781423962,118.63686519041038,1479160,0.030688478759142605,0.0357012587725002,Financials
2010-05-04,115.30299003858191,121.30042257143948,108.63295256248661,114.59348026762649,1170964,-0.034676363153292915,0.0355095946419467,Financials
2010-05-05,119.89914832823447,127.43738074432618,111.98561230192362,119.49866580400004,959506,0.041914295034329675,0.035904213868836535,Financials
2010-05-06,117.8479212620375,119.68983923457358,117.27866406122305,119.1144640758927,1517335,-0.0032202926999376426,0.03734717229008172,Financials
2010-05-07,114.12904694923779,121.25485648040083,107.47020079074827,114.57026736721377,1709399,-0.038896590228259975,0.034891325071040646,Financials
2010-05-10,117.06119016440893,120.36314425421813,113.45207509572852,116.74511358900763,1398226,0.018804718484818118,0.03606751116833817,Financials
2010-05-11,111.8308778987446,118.68545129134306,105.83510097680679,112.6459732894818,1417076,-0.035743121128355954,0.03455046895624643,Financials
2010-05-12,114.86460740695249,117.68843694265013,111.69232893299696,114.5073763054302,1374947,0.016389321883360942,0.03530755627732805,Financials
2010-05-13,112.13365220879794,115.75348674755845,108.45163612685512,112.06939639615837,1166236,-0.021520952705141667,0.03372818265176486,Financials
2010-05-14,109.14220439337737,114.01603838688965,103.924445334903,108.78220318119628,1305882,-0.029770542755673732,0.03285642942854855,Financials
2010-05-17,113.02667280476011,119.15164312865332,106.67220721473076,112.78402852731793,1486472,0.036126990629155094,0.03311463039548627,Financials
2010-05-18,123.48242619893047,140.12468659100242,106.75744358683897,123.3868185185096,2047174,0.08984954865972168,0.034249626490979276,Financials
2010-05-19,120.72441938576644,124.63277294504923,116.90833841420391,120.81386462282416,1309701,-0.02107323434633669,0.04742753146612868,Financials
2010-05-20,120.64298102578509,121.89455184835766,118.73647975868487,119.98118499659108,861036,-0.006916113488636202,0.044340825134957115,Financials
2010-05-21,118.01509647439728,120.67686130578393,115.91267222035759,118.56464687967816,1495617,-0.011876583684900544,0.040988558315549845,Financials
2010-05-24,120.41973018848303,122.36867994044492,117.91111453483354,119.85085728472912,1394713,0.010789758726477541,0.03827802915816658,Financials
2010-05-25,119.63123065416646,120.18382518360158,118.93044545267904,119.48235229070826,1062125,-0.003079432945245916,0.035911402743322364,Financials
2010-05-26,123.1845382341561,130.4368645709839,116.59904345629917,123.81752980983201,1241793,0.03564026715397695,0.03366192973797136,Financials
2010-05-27,126.7989576176493,128.4439731690829,123.27277544490782,124.89306506045959,1298138,0.00864894361037261,0.034598189365461364,Financials
2010-05-28,124.3938201371245,124.96756883478002,124.17066889503656,124.74378977886532,1415202,-0.0011959395937940517,0.03269324700501573,Financials
2010-05-31,119.10667229649962,128.56507546869645,108.91626187269242,118.31152114151534,1710142,-0.05294079662557414,0.03090781876017097,Financials
2010-06-01,119.31052556210011,120.2663569594628,117.99219310126152,118.94509694344363,718250,0.0053408609891962494,0.03584192796867688,Financials
2010-06-02,120.79955471839095,123.69060747079455,117.94411578877593,120.83434614741262,1001670,0.015758551076735586,0.033645114947423574,Financials
2010-06-03,123.24330887430084,130.3011746116231,117.59022515208774,124.58648055119266,1003423,0.030579530165967973,0.03229310758762601,Financials
2010-06-04,127.15335546923647,131.06653687685926,123.24973487584758,127.16263150815773,934406,0.020466732626301408,0.03278020725847371,Financials
2010-06-07,129.48191372301608,132.94903217420028,125.98667922293538,129.45302410089198,1142962,0.01785123678148577,0.03197603261798235,Financials
2010-06-08,130.7651537737328,132.09786240708655,129.00724564673513,130.3355761889892,1020755,0.006794412705491684,0.03107689379238725,Financials
2010-06-09,124.05020655307288,133.15103153431625,115.19052150201009,124.27527225575352,1510540,-0.04761343704963158,0.029657094746932577,Financials
2010-06-10,130.44518737479973,138.657584636292,121.44292428693477,129.6022532028265,1198247,0.04197112686059268,0.03381849380464353,Financials
2010-06-11,127.9829902590431,131.14478135445736,124.33571161900797,127.48520504218544,1019180,-0.016469850610692668,0.03576574816865943,Financials
2010-06-14,123.49307081008253,128.98274160301068,118.91842172221831,124.37540743875265,903401,-0.02469584761776896,0.03411802149190296,Financials
2010-06-15,127.31363203493304,131.87477146594017,122.79421402861483,127.35392319188615,1628437,0.023665535963334747,0.033506928326117444,Financials
2010-06-16,121.35624238996685,129.98513604948192,113.10595689573714,121.71074972094208,2548910,-0.045322681562701396,0.03289650491383607,Financials
2010-06-17,126.46989124159457,134.24768485385792,118.89974350047622,126.66580994573538,1020807,0.03990487467965602,0.03569125730542338,Financials
2010-06-18,127.52574560983201,127.54052237405037,126.66091681615336,126.67559507105503,995821,7.72485281185528e-05,0.036850407486395696,Financials
2010-06-21,121.64996933078922,128.49020249583683,116.08915598723226,122.87346138683587,1325658,-0.030474392357831545,0.03444361944730825,Financials
2010-06-22,119.96489556824841,127.02264167015997,111.19667876580269,118.14750455331264,1189488,-0.039221174208118666,0.03447308551524873,Financials
2010-06-23,116.20199436679754,119.29019951869203,112.9878982259698,116.07266633271446,1670295,-0.017717453524055852,0.03579748560852927,Financials
2010-06-24,117.99001594749527,122.98144578610862,113.85441772942468,118.81686613159597,1736434,0.023366938775062143,0.03423819803407958,Financials
2010-06-25,111.93352664026602,121.69170704817599,102.85783528194744,112.56482901109054,1321363,-0.0540540541082994,0.03346199990816905,Financials
2010-06-28,116.36194158347423,120.63739458943463,111.11766960973044,115.35616776037679,1400268,0.024495139606525787,0.03786872674272121,Financials
2010-06-29,119.62988441364456,128.61891267947007,111.66600953112058,120.5910519615491,1568869,0.04438063237881973,0.036568212312654676,Financials
2010-06-30,125.72728951065444,131.7882376780304,118.52635511389587,124.52956442696869,1170810,0.032138067457833534,0.038278367271166396,Financials
2010-07-01,119.00271778621403,127.09572160866692,110.93569802234728,119.02705224735706,1161933,-0.04519235590545639,0.03777717601602429,Financials
2010-07-02,112.68032898670033,121.90584629838764,103.54813771173862,112.76665844198685,1079525,-0.054030082902577624,0.03934519509469181,Financials
2010-07-05,115.46954424613436,117.66569702386963,112.03347889377481,114.2055921560545,706528,0.012679549931388244,0.04214644683007573,Financials
2010-07-06,120.25975282954788,130.09771734463624,110.63963700232055,120.46146560942175,1312020,0.053329650199556204,0.039308701737525056,Financials
2010-07-07,119.32482976328701,121.67445120871255,116.5493960397723,118.8904644107925,1206609,-0.013127312228794022,0.041985080259454285,Financials
2010-07-08,122.9719067831739,128.58611046711073,116.96906230299486,122.56467403657503,700175,0.030436239901177237,0.03919242937694844,Financials
2010-07-09,123.06988413435408,123.37166805542012,122.46416448608136,122.7652012837876,1072668,0.001634756399795297,0.03831177261980937,Financials
2010-07-12,118.54898143107151,124.98056069582623,111.98059492971647,118.40432629067405,1288662,-0.036168336986762785,0.03570202236975632,Financials
2010-07-13,113.07631423422654,120.74594112270437,105.75045115960879,113.39916175997094,984624,-0.04319126202057927,0.03627574687157619,Financials
2010-07-14,116.32130610205292,124.79418312656243,109.5237979278108,117.90417622642286,1378032,0.03895822930483265,0.0378492617644266,Financials
2010-07-15,116.24287430442291,118.48309551402528,114.49578071946927,116.72870012091796,1154227,-0.010019788856781939,0.03838899370229515,Financials
2010-07-16,116.24621654707138,117.52674085499397,115.77041124019182,117.04765519394336,1251318,0.0027287213927626236,0.035972646487158255,Financials
2010-07-19,112.92645428537908,118.89993411975775,107.18345929059768,113.14578483641925,1426736,-0.033904042715967767,0.03370967107964635,Financials
2010-07-20,117.93846004246915,126.3785204076761,109.95665392341543,118.36766656931933,894629,0.04511848024345067,0.034372898573022344,Financials
2010-07-21,118.77484422634309,120.04420247098767,117.77000794300817,119.03714710288533,1070145,0.005640006180770463,0.0367498097133961,Financials
2010-07-22,119.75264933721093,120.62048656049645,118.74681010541231,119.61363993946328,1303034,0.004831276402310399,0.034426882833543435,Financials
2010-07-23,117.41484420127642,121.55282578708852,112.71849741048032,116.83608202481004,1467489,-0.023494937197314013,0.032429452571064936,Financials
2010-07-26,115.68300879085173,117.94309798836942,113.07112546959209,115.32420474264592,927176,-0.013024610506133535,0.032002145652018706,Financials
2010-07-27,114.69849865977632,116.808448681432,111.82293279647926,113.91853490104043,1065121,-0.01226374681627583,0.03073688228971651,Financials
2010-07-28,115.11996837988998,117.8603894325111,112.75596604199869,115.48881282966937,1164384,0.013690079842564463,0.02963721763610019,Financials
2010-07-29,110.83182022573997,117.63064504187953,104.13902466276245,110.931811321616,1036881,-0.04025796652589347,0.02882367912467149,Financials
2010-07-30,106.40362146289493,112.82615544204339,100.52932214109718,106.9231728808932,1370590,-0.03680513401727419,0.03174506517469467,Financials
2010-08-02,112.2679817214358,120.76338156694051,103.88992895649143,112.37717983931425,1679419,0.04975032439633209,0.03330753689273521,Financials
2010-08-03,122.85209623986721,137.33350364850665,107.2349145477587,121.56455019688863,1852230,0.07858450853707676,0.0368616037052076,Financials
2010-08-04,125.01044180189896,128.42343075367864,120.41754447584697,123.79741584044768,1643667,0.018201087325639353,0.04597119760760974,Financials
2010-08-05,134.4357628359692,149.8433325105056,118.31215220139372,133.62703416314042,2290400,0.07640610578370105,0.04289956578518779,Financials
2010-08-06,141.55761314043508,155.9831264416723,128.05519884144758,142.40032994894227,1215946,0.06358972387962006,0.049477087078774566,Financials
2010-08-09,138.47860574569904,144.1692952482818,133.03707841890147,138.7183472604593,1274154,-0.026196717283488248,0.05162299549719544,Financials
2010-08-10,137.7947287997934,138.90809998172492,137.22613761653128,138.3372700757717,1829286,-0.0027509092121526,0.048320669808555226,Financials
2010-08-11,134.56544198524648,141.9052394823883,126.12119698139699,133.39727759914652,1681164,-0.03636296406594773,0.04437392060458443,Financials
2010-08-12,126.92493346322465,137.4874957342253,115.69596822611193,126.19803909637005,1639778,-0.0554793135480143,0.043284819939636815,Financials
2010-08-13,133.57106976372512,142.79537689571413,123.01819851045624,132.14394993226952,1409719,0.046039446257865914,0.04539332158511048,Financials
2010-08-16,134.74225152977525,144.4971945898718,127.40145360602007,137.03166854638204,1575942,0.03632019820762762,0.045457535210161194,Financials
2010-08-17,139.5701409814984,140.99851128645838,136.55780055395138,137.9697927867615,1501233,0.006822711958853331,0.04416993916208895,Financials
2010-08-18,132.59821879253795,140.49488328763084,124.7058166021791,132.60224165194117,1402773,-0.03968078536915714,0.04083833040462273,Financials
2010-08-19,126.50276000123341,134.6316808158803,120.29612926311358,128.3351472863296,1222741,-0.032708802759504024,0.040870528419836634,Financials
2010-08-20,121.9044451589526,130.9371039674765,113.78746035982199,122.76295542220343,1392037,-0.0443898759587029,0.039959979246082696,Financials
2010-08-23,126.7665072552547,131.79473679870017,121.05263294607813,126.05254289003396,1268811,0.026443522832208508,0.04090243411121449,Financials
2010-08-24,125.2093318580893,128.7704930332217,120.16715848834605,123.68496411527958,1175062,-0.018961106291814116,0.03928480976082771,Financials
2010-08-25,129.89225508296903,141.984942248759,118.87295010204447,130.88169862113463,1912318,0.05655613043228764,0.03726346139486991,Financials
2010-08-26,139.29658351270507,149.4677670946372,127.37701501202726,137.41047864118497,1694056,0.048678789411966794,0.04111741513668701,Financials
2010-08-27,147.3877451102886,160.86083979407988,132.69459207884333,146.044937223392,1491067,0.060941722907873745,0.04252007928979341,Financials
2010-08-30,150.78673294750016,159.46780822357746,142.70629009394517,151.35681547233776,1421383,0.03572570210301981,0.04586338139404098,Financials
2010-08-31,144.34146039178125,156.4592743099287,131.1032034016207,143.1183328074692,1355291,-0.05596827543639204,0.04443206804695533,Financials
2010-09-01,149.5053844276021,158.69831638715132,139.9386016858267,149.10703984782924,1455482,0.04099264604970747,0.04635983299195535,Financials
2010-09-02,143.60220255330202,153.95150697748667,131.87046050394156,142.1123956473731,1251747,-0.048046173109558075,0.045513150259645654,Financials
2010-09-03,144.32614646655415,147.90755162978,140.8401285912838,144.41928413051983,1227414,0.01610250099336967,0.04586308635293432,Financials
2010-09-06,140.380256132883,146.23813651151733,134.78334506951447,140.63121962274565,1090618,-0.02657976374336918,0.04268057793176644,Financials
2010-09-07,135.354096401642,144.24790658289484,125.75931519805259,134.60382687301902,1674685,-0.043805152153710294,0.04078330494417623,Financials
2010-09-08,127.71139013022936,136.59049492572063,121.68419037976349,130.43476831258138,1250334,-0.03146260613779157,0.04145426483508292,Financials
2010-09-09,122.64025189066189,133.70074376743457,112.30350801987565,123.30774055854225,1723654,-0.056190055665148744,0.040289566840076896,Financials
2010-09-10,122.15095413974176,123.5927786177638,121.29590330966984,122.73364895190767,1335821,-0.004666634744927877,0.04326890003543765,Financials
2010-09-13,121.26243065842479,123.94195303427757,118.26650695450903,120.93887986463719,909682,-0.014731258815027086,0.04001280782696638,Financials
2010-09-14,123.35713810157895,129.59182390789505,118.17898574827234,124.37110821523869,1542400,0.02798461136499807,0.03759483116200272,Financials
2010-09-15,122.85747133363233,125.74109378299764,119.56632778870579,122.44015529533416,769798,-0.015647521842794693,0.03671740506989961,Financials
2010-09-16,123.34695036214883,124.53511267882442,122.04194449804021,123.2289703504284,1612719,0.006421789989873434,0.034860593928198964,Financials
2010-09-17,115.52737104154349,126.3361613731037,105.71261436347596,116.4435681478486,1829649,-0.05663741033593474,0.03283892073778509,Financials
2010-09-20,114.50499805281761,118.87544105527334,109.18522009483561,113.51799086706835,1517574,-0.025445427866474975,0.037998489570141895,Financials
2010-09-21,109.01904450732603,115.34697801169028,103.36656068411885,109.66119936411201,1353485,-0.0345657271702794,0.03677266155156495,Financials
2010-09-22,111.30557950291993,116.17052446856445,107.41473876215954,112.24678266719899,1034077,0.02330425697218113,0.036891751575254365,Financials
2010-09-23,109.71017623155832,113.99666423859644,105.08796380049559,109.3608013771467,955631,-0.026047343733431556,0.035640767758089116,Financials
2010-09-24,109.53530449448178,109.76546597533475,109.28398832998404,109.51410526587617,1078575,0.0014008359034875491,0.03489958564859998,Financials
2010-09-27,113.46879285858783,117.87162620855038,108.02324587099076,112.38398639566739,1095656,0.025868101346300847,0.03278230031494812,Financials
2010-09-28,111.15268492508827,112.6841336404391,110.25241702444009,111.77879463891718,798763,-0.005399587071033042,0.032559440585503495,Financials
2010-09-29,115.34277597959182,120.93746624833864,109.81570528501142,115.4073034826004,1683856,0.03194577003278372,0.03086206519456201,Financials
2010-09-30,122.08303536073487,133.2710419664462,111.26969822536458,122.42721921870718,1346907,0.05904908411131101,0.03185990407874516,Financials
2010-10-01,135.08825137819554,155.9059978205349,114.82501367146621,135.57043288742167,1703793,0.10197458058431991,0.03788221139906138,Financials
2010-10-04,124.51513724623261,141.45423470204318,106.97212771663906,123.81613219921432,1326371,-0.09069364486082768,0.05298935567818063,Financials
2010-10-05,117.25537968002422,127.11217615976847,107.22705588137391,117.06810997585764,1560452,-0.056041758349125156,0.05983392043709218,Financials
2010-10-06,106.74566468648491,121.4701134544201,92.1954064181731,106.89895986913749,2295406,-0.09087181392672222,0.058610410591695083,Financials
2010-10-07,114.49309566406819,125.81953347759024,102.89062159982326,114.18675400757536,1553407,0.0659512130277545,0.06392806245094239,Financials
2010-10-08,102.19710036931846,117.58788711531227,86.8675353139207,102.25033662201068,1860430,-0.11041121400453559,0.06341823168427287,Financials
2010-10-11,96.18059129654897,105.37260938750349,86.76988959875378,95.93879955497061,1328160,-0.06371360352466696,0.07173627474758773,Financials
2010-10-12,103.01214947588157,116.57592756659109,90.55134686065058,103.99610175639984,1873140,0.08064293178769465,0.06946789174031326,Financials
2010-10-13,91.54150776691047,105.71605899457437,77.8102816018739,91.92700782136902,2154840,-0.12335854642726563,0.07025754588207819,Financials
2010-10-14,88.67175877291272,93.09232538361073,85.11200553840317,89.4993483285923,1608518,-0.026763524890535056,0.07957070974419567,Financials
2010-10-15,92.42532986355012,95.84331461832272,88.34089982421933,91.733292311076,1686818,0.02465402619115097,0.07261295489815141,Financials
2010-10-18,90.55017145181547,92.3258894635212,88.76626388452087,90.54181808399453,1180255,-0.0130735479439015,0.06640245572528075,Financials
2010-10-19,95.28406691161409,102.2922265357063,88.09800454990771,95.09204060596112,1413149,0.049033448796799814,0.060440603483540106,Financials
2010-10-20,102.35739896654945,115.6049849886293,89.9428641884265,103.10034156370888,1370716,0.08085743289992511,0.0581643800336587,Financials
2010-10-21,118.42469423998652,136.25574196555152,100.66099010398854,118.4832538830883,2043139,0.13906892919314537,0.061539944361648426,Financials
2010-10-22,124.88749157220151,137.0140298821941,113.71588140395913,125.76401198670783,1679092,0.059635596955326824,0.07765794783321948,Financials
2010-10-25,117.11073841649896,129.03014011899867,106.82154614780923,118.60928735243824,1344551,-0.05857243840496051,0.07387872598364403,Financials
2010-10-26,113.77583149653188,120.84104711014558,106.79587115429435,113.85615881866345,1422145,-0.040898904746451956,0.07057664276145842,Financials
2010-10-27,112.75731591079824,114.31766176311905,111.36330043633743,112.92161506293536,1016792,-0.008241980949384645,0.06584647343785179,Financials
2010-10-28,118.951149728976,128.885890619471,109.290173660309,119.20435011820697,1934631,0.054145342244436984,0.059823038947021734,Financials
2010-10-29,114.24849238981056,121.60827857239012,106.83712786290262,114.19336263580216,1725637,-0.04294607323988901,0.05833347670163836,Financials
2010-11-01,112.1940436036416,116.9965814002083,106.23007567848705,110.98067443156333,949741,-0.028537093071435295,0.05566767809321092,Financials
2010-11-02,111.71505117495562,112.59871489215897,110.68496051033537,111.56745675879523,1016112,0.005273319383613147,0.05197371604548446,Financials
2010-11-03,105.85402134066969,114.84835137453913,96.46552970975917,105.42325814555791,1298274,-0.05664612403606301,0.04759395877902528,Financials
2010-11-04,103.775561244432,106.09373725999025,101.74287744986202,104.05556887004809,750611,-0.013058204778304947,0.0489230562726206,Financials
2010-11-05,101.41577948702472,104.90970278529886,98.83144071303975,102.30276139707034,1128394,-0.016988406781514774,0.04517023195477331,Financials
2010-11-08,104.10365476000821,106.71329829585193,101.41907647995521,104.02679327186125,1313339,0.016711827853112777,0.042137522217431715,Financials
2010-11-09,102.67533453560276,105.19219299327747,99.83196382616296,102.34061743533589,1854954,-0.016341857039365155,0.03952656576820775,Financials
2010-11-10,106.73971681536308,116.24115003519695,98.39709286368493,107.81452092780589,1517894,0.052105715351853564,0.03728187179940164,Financials
2010-11-11,96.08069042536353,110.49963555252117,81.66858686155899,96.08663961088799,2673782,-0.11516207147763577,0.0402392992948793,Financials
2010-11-12,90.66090736925534,98.29852177299064,83.71024774448904,91.29894592862803,1558378,-0.051111038016688995,0.05817822936672542,Financials
2010-11-15,91.92259608501813,92.05111135902338,91.08636555442679,91.21388999961918,904942,-0.0009320542824704106,0.05656514676785842,Financials
2010-11-16,99.00037857141695,112.01869297995002,86.34878419208745,99.32554453813829,1873589,0.08519559596231166,0.05157347159027897,Financials
2010-11-17,91.69106554695469,104.62419101211789,77.65864487286947,90.41125110599745,2204345,-0.09403406528225804,0.057589945417621885,Financials
2010-11-18,90.36178753090944,91.30055229382782,89.83016980450911,90.7665532441483,1187086,0.0039221426145314596,0.06387207735458375,Financials
2010-11-19,77.70568833238677,89.43765412364314,66.04983508252876,77.77187315099404,2844499,-0.15451102321011093,0.058017422321878905,Financials
2010-11-22,75.42745713224575,78.77103042453845,72.3562197151916,75.68913794965383,1443505,-0.027145176162834253,0.07983649214685924,Financials
2010-11-23,83.66621445763343,96.3213640780122,71.11628228898842,83.75770789392365,1814930,0.10129353899210715,0.07286714946386409,Financials
2010-11-24,87.36216162092902,92.7864225012037,81.87719525273495,87.297437450564,1512762,0.041392908017477664,0.07672518708366319,Financials
2010-11-25,102.71960979658182,118.48020129106044,87.31166832709455,103.02626199222648,2773795,0.16566281748637524,0.07117871445551682,Financials
2010-11-26,121.17130588347486,139.34700176599608,102.04182490700022,120.04920577294143,2833877,0.1529177803147194,0.09093818162829412,Financials
2010-11-29,123.65986694808429,128.37575844305024,118.44438197614569,123.14046558576044,1169203,0.02542399357934415,0.1011107285739036,Financials
2010-11-30,117.89106801173511,126.33078456044126,108.99682502415904,117.4014933596026,1403488,-0.04772607284020335,0.091518634515736,Financials
2010-12-01,130.1633071732572,150.09556361475074,110.63881109726863,130.5178814041311,1675414,0.10591061204765322,0.0845115085370753,Financials
2010-12-02,145.60210710387332,167.44242316945432,123.64934252527573,145.4698147356185,1853915,0.10845836659731765,0.08658126080056815,Financials
2010-12-03,152.17567690065368,163.62296317621593,141.21235813286148,152.62712066976027,1412837,0.04802922074925063,0.08866529405689985,Financials
2010-12-06,173.04210226726468,198.99841760735436,146.27211265730799,172.08483842036233,2350223,0.11998977486083084,0.08206855916259438,Financials
2010-12-07,161.27304354086078,177.31084039104275,145.03091212223785,161.0461450537238,1042398,-0.06629666267865188,0.0874518760981852,Financials
2010-12-08,181.24637300637661,208.6517732741079,154.0594170554201,181.4363245861808,2047466,0.11921382426515206,0.08293100523219836,Financials
2010-12-09,174.95574164534543,186.76558191177688,161.7440873690091,173.4524528242421,1517189,-0.045001248717218535,0.08794220651909249,Financials
2010-12-10,172.00454142736018,177.40325671261837,164.52929410245238,169.86072119303952,1105338,-0.020924700555220135,0.081183940578625,Financials
2010-12-13,174.32060353560158,179.0550556006681,168.26666768112088,172.9642828187765,336219,0.01810630133612632,0.07374511665390338,Financials
2010-12-14,163.22969430300472,176.75131038052166,151.39580895909413,164.80333841714872,1689753,-0.04833224083171715,0.06708091760291779,Financials
2010-12-15,167.4668737406637,172.31710267771797,162.95123078167643,167.79267469310702,1227116,0.017976263436951388,0.06364181354056327,Financials
2010-12-16,171.2118550705331,176.18716383914665,166.10366733461217,171.07499915648376,1445645,0.019372913815124584,0.05821250940870578,Financials
2010-12-17,149.73170183011936,172.19145710463727,126.75902326202124,149.12826266120146,2179799,-0.13729529302870663,0.05354674098187643,Financials
2010-12-20,162.4758787990068,183.34752970400083,141.59250415750228,162.46242705098572,2021936,0.08563999800780113,0.07225858010644753,Financials
2010-12-21,151.55589618144415,167.5545551977062,135.43760291622993,151.4221425273191,1747306,-0.07037517474568507,0.07332921183277741,Financials
2010-12-22,153.01974224786693,154.09954166386186,151.06260686911094,152.13617127644014,894927,0.004704401319431525,0.07172613491249846,Financials
2010-12-23,155.93807417792257,161.53393991934473,150.22806210899722,155.81967922636213,1495608,0.023923452823276438,0.0649540641711886,Financials
2010-12-24,157.2987850233355,160.5827002508816,154.44167655229242,157.71797774096115,1314500,0.01210905081315682,0.05967473586981377,Financials
2010-12-27,157.31249520794574,160.2998425440849,155.77539312850203,158.7487072216375,1026013,0.006514007156739812,0.05450553777044102,Financials
2010-12-28,161.12292469758944,164.71311469885228,157.53369294113705,161.1238620613503,952727,0.01485090452186942,0.049830189258136356,Financials
2010-12-29,153.0035711300461,164.10478167234587,143.78860576349692,154.78266650440682,1082015,-0.04015141737538008,0.04603825163892524,Financials
2010-12-30,155.54015066408775,156.11951533525166,154.589529607687,155.16750623198365,1175028,0.002483237366430455,0.045137976679986425,Financials
2010-12-31,149.30706583320253,157.6814681622254,141.5192648508908,149.8645870792284,946826,-0.034773085202419056,0.04160378013093406,Financials
2011-01-03,151.27034074090295,151.69597788604696,149.72349859723656,150.1459720483077,1458193,0.0018758343200185204,0.04081757875132585,Financials
2011-01-04,147.3090216442914,151.86489079730475,142.53308341277778,147.08192921177917,1060866,-0.02061819478608023,0.037860105668843215,Financials
2011-01-05,148.9968887949045,151.7477659951491,146.15431198214267,148.9034643191203,1246488,0.012308432399691364,0.036200505168302435,Financials
2011-01-06,151.03064976863794,155.0977189650703,147.31025127191413,151.3689860941079,1494062,0.016422267058256366,0.034221424367973034,Financials
2011-01-07,153.97966297914834,157.34426121436076,150.23407283398316,153.5901600699138,1161022,0.01456728406039797,0.03282283255476624,Financials
2011-01-10,160.8528071025336,171.9675907888866,149.71767778639648,160.8309512533085,1827988,0.04606606452431178,0.0315230318064273,Financials
2011-01-11,152.95816151075863,164.1113061311196,142.70613875375167,153.80267954211902,1092251,-0.044683341970764325,0.03483207677599672,Financials
2011-01-12,150.58183334282913,156.04632182842565,144.67845310937633,150.12641483929838,1865599,-0.024192774406173075,0.03701498366168199,Financials
2011-01-13,148.0717488750724,150.69803501826118,146.35390530293648,148.96977308390237,1454566,-0.007734284607233374,0.03583128189724539,Financials
2011-01-14,147.0916492644685,150.88167874154095,142.65962794334774,146.4326780728274,1464624,-0.017177632657482646,0.033705748525700255,Financials
2011-01-17,152.5429412867109,165.6779229500795,140.9914639530995,154.0149743395858,1861556,0.05048404615851717,0.03245185120296696,Financials
2011-01-18,163.43161176578653,184.94424628887205,144.89991059596264,166.10895773531357,1936407,0.07559411128034649,0.036397719086227104,Financials
2011-01-19,168.05181134470587,174.66531025478767,162.94160516267684,169.51074021108727,1741651,0.02027234395209634,0.04491108563354633,Financials
2011-01-20,165.77706468151453,170.90321487656666,161.5493120838528,166.6531205427301,1459240,-0.017001759182968375,0.042133711913665994,Financials
2011-01-21,169.8677944167407,174.25928897761037,165.16698739644679,169.55027326529014,1578352,0.01723495057219187,0.03954186030014758,Financials
2011-01-24,170.18054238121542,171.1714038396725,167.9100537581062,168.89342106425013,1014564,-0.003881608886627786,0.03735510006653703,Financials
2011-01-25,169.97987371012084,174.28206737050482,166.75863407194367,171.04072386650333,601200,0.012633808022356747,0.034908205824950495,Financials
2011-01-26,171.9427818834993,173.15068589493578,170.63643968153818,171.8436472688656,1409686,0.004683356475547043,0.03314827646960775,Financials
2011-01-27,175.0551530016817,178.92523229486162,170.53963609235834,174.39512360659887,1396971,0.01473851422183018,0.031342250405897755,Financials
2011-01-28,181.31654035899754,191.12017036255077,171.02057020678143,180.79605818508782,1269924,0.03604609553415095,0.0303059878345,Financials
2011-01-31,173.74392245767785,183.8468400948021,164.27488674007725,174.3450433181777,1684957,-0.03633330242062484,0.032088322944467826,Financials
2011-02-01,178.8484821665721,184.50285003900606,172.42930334485317,178.05870199429853,971130,0.021076939183145033,0.033492457437892725,Financials
2011-02-02,183.8133159218393,192.4585033680442,175.08889727069806,183.73017436731925,1410231,0.03135495526298353,0.03261949369599019,Financials
2011-02-03,175.9557737608179,187.1950211903869,165.1346676828547,176.3496896733586,1405502,-0.040999340711879245,0.033146569628209645,Financials
2011-02-04,168.54580506473056,182.0599600191029,153.76672765730112,167.17061894600448,1301789,-0.05345393575822381,0.03508700547660792,Financials
2011-02-07,164.00313395170468,169.10228742311318,158.65018395086176,163.7411932118472,1528993,-0.020727870045500016,0.038903429795572764,Financials
2011-02-08,167.94640859374468,173.749480453765,161.76720716278442,167.55681743398574,1748638,0.02303541115133411,0.0370840689431556,Financials
2011-02-09,169.14928536794935,173.0490489064711,165.85700754508824,169.7451728835452,1057629,0.012975827105228183,0.03577397183066518,Financials
2011-02-10,171.47079472816534,174.78375396353914,168.4455334407166,171.75350481857538,1574473,0.011762007993818982,0.03389804510281819,Financials
2011-02-11,162.137408344108,175.77795909790802,149.45725935282354,163.02814869717585,1301388,-0.05213746011602323,0.032249243312691175,Financials
2011-02-14,169.37895797653886,180.7111086389389,158.72054973448792,170.01281411151902,1376642,0.04195093404509452,0.03660270710610641,Financials
2011-02-15,166.65797630062022,171.8474079849104,161.33479686840138,166.51993003868407,1427615,-0.02075880914706178,0.03789180206963916,Financials
2011-02-16,172.54985651243842,180.76191524016787,163.70746599076173,171.88802665913036,1939176,0.031728254831041504,0.03623906945340055,Financials
2011-02-17,165.1920338305557,175.99918956524382,153.78704121530998,164.55234753863212,1856136,-0.04361451531725992,0.036077949596287164,Financials
2011-02-18,161.0671957568715,168.78098503447188,151.74847372112063,159.38153369909006,1563830,-0.03192783087146732,0.037770738007242,Financials
2011-02-21,150.30729635078845,163.37069909984328,137.64443677561863,150.67671712722662,1881976,-0.05616431529541156,0.037339133323002094,Financials
2011-02-22,146.48023897496608,153.52544531788482,138.9036348699352,145.92199138312623,1285205,-0.032064422214761586,0.04109176619154621,Financials
2011-02-23,146.12210035205456,149.38468472471345,140.5560219431812,143.76599978421675,943542,-0.014885196990728006,0.04006302128880865,Financials
2011-02-24,141.18166786351287,144.71517735421526,138.3079446280947,141.8282922157419,1270387,-0.01356986016152535,0.03764667187478788,Financials
2011-02-25,149.77540691611898,160.17232525249375,138.23445882854517,148.5460384299487,1816284,0.0462778171238643,0.035516738143006016,Financials
2011-02-28,145.84488738066818,149.97989077191323,141.63195314479015,145.76468256404561,1302474,-0.018901375132208437,0.0378205817554088,Financials
2011-03-01,140.28036476007026,148.19158273961182,132.7450353589625,140.63709133901077,1367479,-0.03581080604305475,0.03602646833561845,Financials
2011-03-02,141.43320170018973,144.16224009496614,139.3230078642817,142.04294878739367,681729,0.009946716002282644,0.036478585649773326,Financials
2011-03-03,136.68656469575168,144.09932832057876,130.36747535586878,137.73191204172338,796693,-0.030820338750671306,0.034342253022927725,Financials
2011-03-04,132.67263555858332,141.5368243726933,122.93040111324879,131.73172537758663,1120226,-0.04454165837986429,0.03443829650633943,Financials
2011-03-07,134.01033245197033,135.73483217289433,131.15692226803694,132.86670532778703,1060863,0.008578939098058222,0.03669319981537615,Financials
2011-03-08,137.3341813974469,142.64017837933122,131.06609004494794,136.33342202625403,1886836,0.025757107846437127,0.0344695874585137,Financials
2011-03-09,133.35466206123007,137.90607371863237,128.71799649189578,133.26639560382742,969145,-0.022753418525968006,0.03391218451147093,Financials
2011-03-10,136.66107901722987,142.36300598771012,131.1826585236923,136.8759709818946,1447150,0.026725095069420394,0.033131355463740374,Financials
2011-03-11,135.3864537403665,138.5517181875166,131.60852074185982,134.75911841741407,1216692,-0.01558631783167025,0.03294364852080305,Financials
2011-03-14,138.963526165865,142.93431007089,133.42612065798048,137.35082270896118,758581,0.019049525750066267,0.03169648525976096,Financials
2011-03-15,130.6907351389136,140.95116449280135,120.11341153309822,130.34684210903418,1570269,-0.05233948855406246,0.030954263146667868,Financials
2011-03-16,130.81968651914175,132.40449988998878,129.58682771477316,131.16835519450044,945724,0.006282738412301505,0.035741382666002915,Financials
2011-03-17,137.75189982912883,148.29128908375148,127.38805388617095,137.91516015339798,1598856,0.05015706235056631,0.033583895965116,Financials
2011-03-18,133.25467963289134,139.38899784671622,128.78529432838695,134.86558257525377,1316275,-0.022360116816996654,0.03714380284922879,Financials
2011-03-21,138.64198190418276,145.6502877556588,132.15422357284817,139.13925930404994,1250527,0.031196699307709765,0.03575927705774212,Financials
2011-03-22,142.5805592440751,146.63495148556453,137.7698539818659,141.80211040808166,1564300,0.018957199882811446,0.0356225465640546,Financials
2011-03-23,134.83722452831736,144.80271979303578,125.42489009539646,135.3542914213773,1940653,-0.046536775314812755,0.034191796868198086,Financials
2011-03-24,132.47148950265824,136.57039636062672,128.7640258355695,132.85227567661917,1612154,-0.018657919934358676,0.03687972202940393,Financials
2011-03-25,131.17970366973321,133.50082956197497,129.21971725766423,131.53552671516314,1554105,-0.009960821464696384,0.03521801831469826,Financials
2011-03-28,129.33619169708055,132.59908589273462,126.09137411688727,129.35382590136982,695711,-0.01672549416945357,0.033273559260308644,Financials
2011-03-29,129.2208045710576,129.6150587058902,128.69712858535496,129.09098664422595,1255009,-0.002034007532771989,0.03205721634766937,Financials
2011-03-30,138.64271685100894,152.71804490812048,124.10718878248461,138.13051714533236,1482000,0.06768153604605356,0.03037684437142098,Financials
2011-03-31,138.40657950048222,139.8695861874729,137.36524086808438,138.8250987146967,156527,0.005015843592388344,0.039055354145179785,Financials
2011-04-01,134.4633136477821,140.13389636355078,130.5068265319287,136.12841483274383,1022118,-0.01961619125455107,0.036387227882401604,Financials
2011-04-04,124.34226513041773,141.15475995030886,107.7725446456782,124.55649183807853,2126573,-0.08883930425083916,0.034884717660788496,Financials
2011-04-05,123.23326715718933,125.35091665568405,121.02170150047895,123.13770891920566,1477371,-0.011456048881095032,0.04751229438770894,Financials
2011-04-06,123.3226573424604,123.41681412793797,122.98108008043268,123.0750478161642,1109263,-0.0005089996572491542,0.04388189436182491,Financials
2011-04-07,122.95447589750002,123.1066849261017,122.8595598827764,123.01172471754288,780522,-0.0005146404202628293,0.040503523110015385,Financials
2011-04-08,116.69793530584293,126.73500937849506,106.16619732734806,116.15672219529091,1228927,-0.05733934107372663,0.037582815696447835,Financials
2011-04-11,110.07130872240711,118.9095217072948,101.35259247939486,110.18203487782397,1745022,-0.05280647212072492,0.041510774911508286,Financials
2011-04-12,107.82022774801017,111.93953686918415,103.30743219016327,107.41111085898343,1657822,-0.025470230754853395,0.04355219938968249,Financials
2011-04-13,108.9255170810668,111.58635352346387,106.41610202730331,109.07352859539239,1169655,0.015358599288820336,0.04140948146920883,Financials
2011-04-14,110.52964673592673,111.41569809356209,108.77894408092405,109.65800802216475,1492707,0.0053442756991842295,0.03882240474592194,Financials
2011-04-15,119.31840361590471,133.2997263539226,104.6743547940881,118.56771432686745,1735914,0.07811772151553348,0.03619430176999247,Financials
2011-04-18,115.36595590349654,119.76891053815818,111.7068266394292,116.08691421899009,774981,-0.02114505523118794,0.04542442896405623,Financials
2011-04-19,108.42969705358068,120.24455225622005,96.1901871773652,107.95311212391444,1915432,-0.07264218520504291,0.042635314018756455,Financials
2011-04-20,103.18977892362487,110.22378160019345,96.12533666219858,103.15711261740188,1528561,-0.04544379459503599,0.04843293364939749,Financials
2011-04-21,101.00158227350937,105.01238676552148,96.4726323687562,100.46201028809332,700072,-0.026473542306502052,0.04781600171060861,Financials
2011-04-22,94.46075143086387,103.04120729994159,86.26960752881128,94.81899811327489,1743298,-0.05780985773086028,0.04510236448357518,Financials
2011-04-25,89.09066897699357,98.36584581655114,79.25151568481981,88.46115410331053,1911310,-0.0694062722547129,0.04720885058160977,Financials
2011-04-26,83.1054819642141,92.37955121681179,72.95488014427838,82.11884688856566,1656818,-0.07439596870068628,0.05104434398475217,Financials
2011-04-27,82.6124109478712,83.47862786517989,81.79595518828037,82.66168513045173,979211,0.0065886448958700815,0.054905683367971914,Financials
2011-04-28,79.67110791067435,84.34882378941778,74.82165176387218,79.488655336409,1400108,-0.03914188385571331,0.050181857170871744,Financials
2011-04-29,87.20375710740714,97.04896184958001,76.02665022880545,85.7023475431794,1542656,0.07526590649106032,0.04841888156556634,Financials
2011-05-02,81.74230100270114,87.90632282725164,75.35464225238655,81.50042467130126,1805709,-0.05027198687369808,0.05315311821178911,Financials
2011-05-03,82.26834753759935,83.50743780849102,81.06226576964383,82.30087911659712,1205361,0.0097735585560761,0.05233826592602713,Financials
2011-05-04,85.74989294885798,89.9221831049448,80.87779979654947,85.01429849698697,1395692,0.03243767047480145,0.04801836764345685,Financials
2011-05-05,84.71061089237118,86.37905165067002,82.2527339754165,83.9053137866682,1192930,-0.013130513723707162,0.04585238570443764,Financials
2011-05-06,84.08043271113941,84.59708171929368,83.04883628447381,83.56230153213716,874060,-0.004096466454759506,0.042518402820756133,Financials
2011-05-09,75.94248178478634,86.54358216478225,66.24158319894356,76.7407169555521,1647128,-0.08516005234359866,0.03935440024132895,Financials
2011-05-10,79.06228334450823,82.4777275549835,75.57093517563229,78.98295233299815,868741,0.02879960849425278,0.049263071686187404,Financials
2011-05-11,82.14613508460718,86.4750659839677,77.49603161657005,81.8070958517253,1408831,0.03513195027294465,0.046539153440732964,Financials
2011-05-12,84.52470635043483,87.43128991812073,80.82581159044001,83.70417938185537,618763,0.0229249229263639,0.04492051126023799,Financials
2011-05-13,81.03963806493553,84.8185675583085,77.61283590475236,81.37747959771964,1751890,-0.028190337814994842,0.042345184840568276,Financials
2011-05-16,80.65761737448325,82.0384361986703,79.07666484180967,80.45399779879364,1394520,-0.01141300614568598,0.04066566137743297,Financials
2011-05-17,83.45773203155791,86.62975556230643,79.38228694296924,82.5186170172712,1061558,0.025338363532724673,0.037980196400274904,Financials
2011-05-18,87.37200815214985,93.31823983540959,80.47220511351951,86.34880090933125,1539750,0.04537098939746586,0.03674644411178095,Financials
2011-05-19,88.22454697444802,92.68185045654106,84.43035385457178,88.86031541944814,1123292,0.028670729027943775,0.038587820950708486,Financials
2011-05-20,91.51781465658905,94.69692964948638,87.78307605242317,90.94219537683414,1074414,0.02315844191885211,0.037610072401262615,Financials
2011-05-23,91.68514322596626,92.57315796510387,90.64478312728433,91.53130789722391,969602,0.006456987525587178,0.036222383295952516,Financials
2011-05-24,91.75718632027147,91.76461615132915,91.5288371168024,91.53624905796394,1403348,5.398182860389837e-05,0.03399856974193118,Financials
2011-05-25,98.95636502060556,110.49228224210002,87.40062846248631,98.93393034360622,1284511,0.07771719868039709,0.03201128914466332,Financials
2011-05-26,97.64238954234999,99.39096749171318,96.26335064516711,98.0067821455746,1186951,-0.009415575234256618,0.04272905980444502,Financials
2011-05-27,97.44243735521243,98.14634270349515,97.0237721315217,97.72645717758606,973774,-0.002864359274077981,0.039672610198552144,Financials
2011-05-30,99.97918185379837,102.87969731599198,96.74443195609678,99.63496116503595,1039629,0.019340796143175017,0.03688310565937555,Financials
2011-05-31,95.60938538427907,101.40930993573542,90.08527753031947,95.87013643798059,1142272,-0.038518588468114366,0.035276064771772746,Financials
2011-06-01,98.70343034928932,102.43649771024134,94.59964625962881,98.31814159540842,1536754,0.025214033242421535,0.03630527296774173,Financials
2011-06-02,99.57226616982898,101.7841572853095,97.48951350519049,99.6987587753829,1091558,0.013944663808870682,0.035352798998979994,Financials
2011-06-03,94.51755385241732,102.89748892545806,85.64468451046095,93.97666426238501,2012599,-0.05910672837291455,0.033600957798271006,Financials
2011-06-06,94.40615120261387,95.05851829216307,93.75646183805075,94.40881062583718,1144740,0.004587902774603092,0.03908017774795013,Financials
2011-06-07,86.48822659478847,97.80670289738725,75.32081088660091,86.62201264760503,2310504,-0.08608043081215151,0.03640007640142371,Financials
2011-06-08,88.93961278520275,91.74453865952482,85.67263677700633,88.46251625803181,940697,0.021024946301458167,0.04765971606025813,Financials
2011-06-09,90.79037781675531,93.60151163936891,87.51134725289481,90.3075307270501,1347949,0.02064193651510362,0.044536121104137724,Financials
2011-06-10,92.15516140497925,93.60662548145567,89.82339166642933,91.26076886351215,957598,0.010500146740545535,0.04184120335107455,Financials
2011-06-13,90.6271657066222,91.56478076218853,89.7091109205075,90.64652981729141,1136950,-0.006753345084825316,0.0389498010332367,Financials
2011-06-14,93.36873372698258,98.5676404935063,88.60500853191671,93.78278991914031,1360554,0.034013707479389345,0.036338832547265346,Financials
2011-06-15,92.99644445558333,93.82964520305016,92.85677769887288,93.6889384239263,654183,-0.0010012336674310048,0.036468458223409626,Financials
2011-06-16,92.24909293074312,94.91102065747074,89.25188111516523,91.90384645486557,1759298,-0.019237245897012843,0.034119043457907464,Financials
2011-06-17,96.10253150052576,101.3968151246048,90.08953197151155,95.34191317004175,1185845,0.03672663311718682,0.032966620173159746,Financials
2011-06-20,93.88442128287707,96.89868752971589,90.32665312866935,93.32289079996733,1180943,-0.021404092433729236,0.03423105714890753,Financials
2011-06-21,91.12480904544213,94.2156514572856,88.40241758995948,91.48257169432009,978778,-0.019916943102545857,0.033258570245309135,Financials
2011-06-22,88.29683652097185,92.71211229767162,84.52541150882142,88.91431299717168,1206155,-0.028475350199397426,0.032317312530472535,Financials
2011-06-23,89.20176870101791,90.43295473140763,88.29259544792188,89.52053253431077,822750,0.0067948821070529415,0.03251390143770105,Financials
2011-06-24,96.98365415270936,107.3525988467066,85.85599829717731,96.13411506919874,1925045,0.07127623573673154,0.03086500595800595,Financials
2011-06-27,101.14813546516794,108.52521981426567,93.56315058312296,100.9238791406462,1762435,0.0486223123156376,0.040300919857366946,Financials
2011-06-28,95.43896855049596,103.37601849026126,87.66409163092882,95.58892542599017,1895734,-0.05430959029035408,0.04188019461891075,Financials
2011-06-29,101.08983488321923,108.23263825634784,93.1195212311932,100.19940890473666,1198214,0.047105318956352796,0.044108846059267875,Financials
2011-06-30,96.58599755927057,102.7730477712266,89.86029487078784,96.01047883577021,2123598,-0.04270494942885353,0.04460166926967098,Financials
2011-07-01,94.71716189505564,96.38456607422616,93.5922875080176,95.25332414856885,1365329,-0.007917427454765251,0.044328365942938056,Financials
2011-07-04,100.33929040070777,107.68738343980655,92.69449094510286,100.0191384709096,1674365,0.04882163979004949,0.04100495177856017,Financials
2011-07-05,95.91505577927745,103.23635686471948,87.80097092596093,95.05675713758009,1631967,-0.05088739562980278,0.04245771700242534,Financials
2011-07-06,96.11122925496315,98.87454816370443,93.8243763056259,96.57662175073749,1107447,0.01586254431151982,0.043938084181539376,Financials
2011-07-07,108.29531061950159,124.53960721242682,91.44830144684995,107.58623699629406,1780364,0.10795602952307375,0.041014475981541836,Financials
2011-07-08,107.21615732408313,109.47186948575455,106.09494301687216,108.3389139372086,325074,0.006971675011145046,0.056514824945233556,Financials
2011-07-11,114.53475238230261,123.00801638572618,105.39603539563907,113.81613628684309,1352436,0.04931990117806267,0.05159874987576219,Financials
2011-07-12,118.10146504218635,126.6060043329975,110.41107814618391,118.86584356999244,1409338,0.043411185420126695,0.05093930396879462,Financials
2011-07-13,119.76502906680696,120.54718189578185,118.60482448457087,119.38449213031888,987185,0.004353818667932897,0.04958356384929685,Financials
2011-07-14,112.89672616645491,122.12413626956342,104.27145053128528,113.45612289408001,1879564,-0.0509331311193354,0.04549359519478346,Financials
2011-07-15,116.34801592971475,121.64571814113614,111.4217093985065,116.70432507777525,1605522,0.028227420363771443,0.046312647730834516,Financials
2011-07-18,125.56166642342527,141.66255563531075,110.45597355200705,126.44999269580269,2018107,0.0802033152404867,0.04399326267658783,Financials
2011-07-19,115.00430562355736,131.23207871404048,99.21598062851913,115.3907067750229,1919260,-0.09152309506693902,0.05111958034921392,Financials
2011-07-20,117.94069410102978,121.94440383174066,113.9927854328699,117.99468779608674,1803799,0.022315784489550617,0.05871150428713766,Financials
2011-07-21,121.56692610397133,127.08378290669684,116.08218127273209,121.59765182080756,1146591,0.030078053886401963,0.054151008523705975,Financials
2011-07-22,123.3617250012758,127.90893925849373,119.5823509388657,124.10674051281676,1452710,0.020424347245852303,0.05080914069482555,Financials
2011-07-25,117.43800338694636,128.62701478887737,105.37226874261988,116.46895299704362,1035622,-0.06351726629788575,0.04719987411614712,Financials
2011-07-26,120.87990020818934,126.43656060517479,114.57296169409663,120.0934711755608,1558166,0.030645626429843753,0.04987413117997734,Financials
2011-07-27,127.36197933714777,134.91491182293015,117.52740692997124,124.93650159435322,1176048,0.03953525494861921,0.04723151841363669,Financials
2011-07-28,119.9695105703929,129.16743309637104,109.60968624027122,118.71113021099906,1406949,-0.05111255619446852,0.04603377589231638,Financials
2011-07-29,117.6412975975409,119.0179334304527,116.71958322739707,118.09268247969607,568062,-0.0052233038848714655,0.04676709129754717,Financials
2011-08-01,119.10979820469949,120.8706859966357,117.44116106414745,119.20077434989638,1089822,0.009339489925557878,0.043056022787381874,Financials
2011-08-02,112.32818309378845,122.48230383235146,102.08417350810723,112.2293610381274,1525818,-0.060264607147224536,0.03995173074379228,Financials
2011-08-03,118.45784575814267,127.83894390625986,108.94410188806555,118.31379189866583,896406,0.05279570459897746,0.043837039849093117,Financials
2011-08-04,111.03871632301716,121.10166165241719,102.29993618236108,112.26627247587386,2020311,-0.05246686579261561,0.04533714607030482,Financials
2011-08-05,104.13255076694863,116.01903890138668,92.1640389612777,104.03995782731523,1720421,-0.07609844726356071,0.04644654187294438,Financials
2011-08-08,98.22535129092479,106.39195545542302,90.84567529317601,98.95728894204056,1662719,-0.05008670301343812,0.05190829464500717,Financials
2011-08-09,96.74945589162354,100.3536919739967,92.93384280854868,96.52989969917724,1304236,-0.024835530420005962,0.051301837346977706,Financials
2011-08-10,100.95055412108101,107.24141068333199,94.35407315797636,100.62461865525167,1316882,0.04154414417382767,0.0479377027800359,Financials
2011-08-11,100.68475436258352,102.49598016028237,97.63649820368053,99.42506332227477,859462,-0.01199271799168525,0.046875431363690045,Financials
2011-08-12,100.91726778084742,105.28560703729453,97.4137309995302,101.75305432095463,1161387,0.023144613790149492,0.04335226228410494,Financials
2011-08-15,95.68760676034393,106.58786798138482,83.56819219865379,94.31171906509196,1652909,-0.07594338556535922,0.041035178667140446,Financials
2011-08-16,89.56015787592952,96.95914512019775,81.88380550286239,89.2578147552859,852647,-0.05507647909329104,0.048085531943242894,Financials
2011-08-17,87.83986460626936,89.61905754725143,86.75559246496876,88.52631207923591,842686,-0.008229157654562322,0.04903863260949233,Financials
2011-08-18,86.5700362842811,89.56466627049603,83.51564929427292,86.5081380989684,1197228,-0.023061327873931486,0.04509975438871656,Financials
2011-08-19,86.19215632613015,87.28284258032149,84.69592920732335,85.78141792678144,1341634,-0.008436082823008118,0.04250839920809053,Financials
2011-08-22,85.32761546011481,85.82525327273606,85.19653679755626,85.69361237267049,909215,-0.0010241206738031557,0.03944928803663016,Financials
2011-08-23,87.05464715275056,88.66224945778893,85.15304123423218,86.75511214977004,1417610,0.012311058686448575,0.036676346393156256,Financials
2011-08-24,88.02313267441396,92.37321351163854,84.67185046496458,88.98529899021933,1356664,0.025381829432234496,0.034624526461712164,Financials
2011-08-25,90.55308616348358,91.99637890433932,88.50242132218212,89.93587658379003,1124362,0.010625757788457368,0.033995909400357294,Financials
2011-08-26,85.59179864187061,91.91624646306468,79.34712436882894,85.66614776759035,970654,-0.04863919497061756,0.03227248819122389,Financials
2011-08-29,86.31217874177239,89.77599577053945,83.86500115547,87.30078849407398,1643139,0.018901755789093744,0.03588978250631523,Financials
2011-08-30,87.29125497697265,88.27906687151368,86.70644589923367,87.69157583813461,1036360,0.004466343376498603,0.03441006606310237,Financials
2011-08-31,84.86827430453502,88.82569324202714,81.38819809866811,85.3268143185908,868925,-0.02733707999748141,0.03240731939928347,Financials
2011-09-01,92.98294337024875,104.67003703196733,81.12259021521466,92.78477608725613,1978726,0.08379381736126044,0.03243894067222363,Financials
2011-09-02,97.48030573903017,104.29745680283739,90.41459180546155,97.21305291039751,1360295,0.04662241610155096,0.0446658535320291,Financials
2011-09-05,102.0245489474526,109.58181160668087,94.53582561083296,102.08840142239437,1556305,0.04893412689317016,0.04496752416875611,Financials
2011-09-06,97.47047507716943,104.43693361212695,90.38112977279901,97.33812921835569,1401025,-0.04764833336756278,0.04557241380609177,Financials
2011-09-07,89.94583126846743,100.48545135735823,79.7445081211885,90.2496681553603,2026359,-0.07561086492031964,0.04584790585181499,Financials
2011-09-08,96.03742143857093,106.73388780422823,86.08094942443137,96.70790487005821,2102722,0.06911522519033958,0.051372899576501777,Financials
2011-09-09,90.7245449465106,99.18983873346815,82.86056945322906,91.27789870735829,1440670,-0.05778646045505464,0.05410986048480047,Financials
2011-09-12,94.46503955846158,100.01817931875577,89.19713877509622,94.73521219296774,1001141,0.0371770749474304,0.054251201398090684,Financials
2011-09-13,96.78456713646474,97.63273895618282,94.45523013345904,95.2903070003736,739447,0.005842335162947843,0.051593357302621684,Financials
2011-09-14,101.32209263406155,110.14838299627108,92.19086254303481,100.988054432412,1497265,0.05807414179707004,0.04727176267316697,Financials
2011-09-15,105.18185895824192,110.76744912709106,99.07120599994178,104.6273494275582,990078,0.03540274735694784,0.04892429385083148,Financials
2011-09-16,98.10019359076999,107.52329007766924,88.82779742610161,98.23787985519476,1583382,-0.0630131013695968,0.046934767508798714,Financials
2011-09-19,102.31579571379294,110.27953769467891,95.0705282753006,102.98675757186591,1683750,0.047208529813320695,0.04957716775408063,Financials
2011-09-20,107.66702409849745,114.26393183790684,100.70738624528045,107.28061837036094,1481395,0.04084759033477335,0.0489960533419099,Financials
2011-09-21,115.45858784578701,127.46856444053262,103.02354786066876,114.98417626883243,1764314,0.06934651819800426,0.04765259111412772,Financials
2011-09-22,116.6649539352931,119.00660281366993,114.19412225579123,116.53312512283021,1898939,0.013381047174775989,0.05136104058369648,Financials
2011-09-23,115.51859485837065,119.07871950914647,110.64493666061517,114.16329275960967,1069666,-0.0205457522813572,0.04729929233504589,Financials
2011-09-26,110.06538220862417,116.72627287872824,103.01334973228431,109.6490446611872,1347414,-0.040345053921244926,0.04419386422160817,Financials
2011-09-27,108.42471489283302,111.28895655280134,104.88887429464118,107.734893019464,1389529,-0.017611247047005982,0.043665050260552486,Financials
2011-09-28,120.57779712843377,138.66446669769883,102.076932382379,120.09050868515176,2671270,0.10857218237098813,0.040888050757988716,Financials
2011-09-29,118.52223013305633,121.11654853678515,115.76023608738707,118.35080212469045,1062530,-0.014592584028702749,0.056618494977791096,Financials
2011-09-30,121.53314557317562,127.30500831182123,116.14529172355863,121.90085311112405,1667555,0.02955492141235352,0.051927494693421686,Financials
2011-10-03,127.84142281210174,136.71251646979192,118.81319564869108,127.672572552667,1243342,0.04626092473292072,0.04886916994447347,Financials
2011-10-04,135.22070005140102,143.40348806462455,124.88447866475153,132.92855935421133,1462830,0.040342876547318704,0.04828630851930189,Financials
2011-10-05,133.83174571358666,134.878525319304,132.5783622632145,133.62351315524998,895066,0.0052144060944382675,0.04700410860290614,Financials
2011-10-06,131.22148564024857,134.01157422479346,130.06467902290134,132.8404949396589,971966,-0.005877119953352175,0.04326184791569465,Financials
2011-10-07,137.26568771921615,147.98847433504943,128.19999816601765,138.82012240137323,1672872,0.044029889303644085,0.040030626636445105,Financials
2011-10-10,142.96111044866456,147.61594880467908,137.24720881096638,141.86640331431656,807241,0.0217067813822745,0.0408993340769608,Financials
2011-10-11,136.00820535032238,144.94492579766634,126.8639898756553,135.78611755220717,1651225,-0.04380481027756258,0.03884433132450289,Financials
2011-10-12,138.30496811307134,141.950304834297,134.55077789638085,138.1931678722445,1215543,0.01757149084355558,0.03993663570402736,Financials
2011-10-13,143.05878313872043,150.50128686051735,135.62331957175974,143.06547546089237,1010933,0.03464992223861208,0.03771288229046844,Financials
2011-10-14,148.02643642614967,153.8016323989296,141.106659816247,146.8353874597177,1055117,0.02600975029511555,0.037655036305852395,Financials
2011-10-17,151.52219503746076,159.62629109459644,143.8150539847217,151.89993631977825,1672488,0.03390984425673813,0.03654856322645514,Financials
2011-10-18,150.24313100498966,152.69143743358245,147.8437522972223,150.291289633825,1054494,-0.010646648498859624,0.036621299946369826,Financials
2011-10-19,164.9986761511698,190.47621350376346,140.5505421420207,165.8952348673087,1763380,0.09878113198415406,0.034494903340179545,Financials
2011-10-20,159.13031511246498,170.1544363015455,147.4335669547847,158.40762189733994,1547593,-0.04618487760084867,0.050155513062566645,Financials
2011-10-21,163.69096968023428,171.35673505669098,155.7775947115535,163.43119463661773,1455548,0.031220477592345877,0.04931953801797256,Financials
2011-10-24,172.5230220892917,185.20980027366525,159.02090703385267,171.6429689950716,1480031,0.0490244839238803,0.04682030753219289,Financials
2011-10-25,169.17745629275774,172.51506204306057,166.54444864977776,169.87125638371236,1154304,-0.010375723025506047,0.047055530615727995,Financials
2011-10-26,179.3225429119703,191.24139898827838,165.7654103066155,177.5676238971337,1433109,0.04431068131112051,0.04344567542883267,Financials
2011-10-27,173.08524208125453,179.921218459834,166.12253423706076,172.95329956522326,1635072,-0.026329902716837245,0.04364099955904232,Financials
2011-10-28,187.13448316581778,212.04002993544518,163.42529172815392,188.19630936074964,1668308,0.08446400341461177,0.041564636899311204,Financials
2011-10-31,196.51700984993346,207.3094111240364,184.49343392951764,195.21429201436095,1851239,0.036612271824355405,0.05051950527648503,Financials
2011-11-01,197.76305994598903,200.48863355239496,194.30090801461327,197.01618822317417,949429,0.00918801049818681,0.0484029451368996,Financials
2011-11-02,200.66316605602506,205.20748368321046,195.48364069767754,200.01323977173672,1404652,0.01509766413206299,0.04457509404227644,Financials
2011-11-03,197.94680997603936,200.5542872253898,196.32272693430681,198.92220144422078,944390,-0.00546976244756227,0.04151797353483089,Financials
2011-11-04,201.73490740362155,205.9810253214715,197.48707332918875,201.73315434872546,1294820,0.014032005243906619,0.038515989489250425,Financials
2011-11-07,198.96692853051547,203.8831017057546,193.53427032098156,198.43735862125402,1199145,-0.016472329385082144,0.036281120885986874,Financials
2011-11-08,209.36900977966792,226.07992862770527,192.57827046902233,209.28226579120818,1182788,0.05321041818501307,0.03455078047599606,Financials
2011-11-09,215.96469255112174,227.50608893888688,204.98372237892792,216.4980020397944,1005016,0.033897424134408716,0.03846696551216345,Financials
2011-11-10,218.31046463676583,222.91447292423766,214.4646793373018,219.05556189537447,843700,0.0117440859767085,0.03815915686979178,Financials
2011-11-11,207.32488711500747,224.013944428444,191.72654635024654,208.33928425737528,1568722,-0.050157479827327565,0.035855062902259004,Financials
2011-11-14,206.6048082887006,210.01859864466817,202.65217439815984,206.0569117020761,1003747,-0.011015524063367957,0.03880508144527306,Financials
2011-11-15,193.46987163118857,212.61187532505107,173.81788297630686,192.90388797000082,752167,-0.06596032595832424,0.03637126258927529,Financials
2011-11-16,207.38995709891736,229.3594245977398,185.08949286526797,207.0197423573659,1985113,0.07062208735062266,0.042554784501271654,Financials
2011-11-17,204.82793605438155,208.80461613881286,200.3899722901494,204.3575193591366,1349037,-0.01294315661894705,0.04792545910498493,Financials
2011-11-18,215.61397403034354,232.7589841272167,198.34848854455956,215.48309121188623,1331336,0.053011437605802944,0.04430133744965557,Financials
2011-11-21,208.21370397544004,218.8601290490912,197.73479334313842,208.37319176777046,1369361,-0.03355178015736393,0.04573421779606267,Financials
2011-11-22,215.02980848043845,223.82607003102135,205.3744090229097,214.1340266721971,1930346,0.027271448588899853,0.04406986765005504,Financials
2011-11-23,215.0518363058639,216.29640714042282,212.07495851739833,213.3094456033691,532948,-0.003858204161185921,0.04201526358331274,Financials
2011-11-24,224.58058952165698,244.29098798632864,205.86300920358437,225.4970275071868,978406,0.055563069387667356,0.03891604759071257,Financials
2011-11-25,242.0676823083106,263.9534827032623,217.85248412747845,239.50674533065288,1781684,0.06027460360466942,0.04212665676306269,Financials
2011-11-28,218.5338175960228,248.52749709234683,188.68494025199288,218.66121844874561,1805130,-0.0910579963393673,0.045438731760265055,Financials
2011-11-29,230.86779589914494,246.38437329315613,213.31184370319454,228.68147919843523,1442129,0.04480653046066139,0.0547309462716121,Financials
2011-11-30,238.5136086926113,251.5835336229116,224.1926513730962,237.19004865862266,1632754,0.036531598069509966,0.052891634117478346,Financials
2011-12-01,236.14819780525224,241.10992782182365,228.97649638832155,233.89079594091373,1152967,-0.01400739045137874,0.050380587693283144,Financials
2011-12-02,244.3907377367,258.0109208422529,229.21583205463463,242.74425472652092,1422087,0.037154117027754396,0.04647573497154274,Financials
2011-12-05,232.15063986364302,248.37697662823385,215.49823469997506,231.69255316357356,1663816,-0.04659714851276905,0.045111632809430376,Financials
2011-12-06,225.6240352345753,237.34747494398314,212.17525213453578,223.8041294180259,1442269,-0.03464004384467659,0.04531822667773375,Financials
2011-12-07,229.59798054034172,238.84648913275885,220.53215455732442,229.77372381205532,861577,0.026323768068231113,0.043851832698368884,Financials
2011-12-08,220.65569602398037,232.83943944761884,211.3036494684937,223.37225693781605,871991,-0.02825532182491324,0.04174119906760096,Financials
2011-12-09,216.7895787445965,226.1370982429509,208.30323451595697,217.618312776546,1240856,-0.026097023906108928,0.040169847415633606,Financials
2011-12-12,224.6937186904836,233.95134256617612,214.46276922646305,223.67856778865334,972584,0.027467386656069827,0.03864002473640036,Financials
2011-12-13,220.68237703938533,227.43944353381502,212.44856018965945,219.15898189801408,1370093,-0.020412644891361204,0.037518126402591216,Financials
2011-12-14,230.29137054599315,246.95869872051665,213.34694832941662,229.9926571333729,1957688,0.048249971720628775,0.03589692546344007,Financials
2011-12-15,213.52278819957849,237.68508559030656,189.14543066183907,213.2802864927846,1800454,-0.07544018320624932,0.038471812692391284,Financials
2011-12-16,209.22164750086935,214.57923564810778,205.30174316519881,210.63289074766828,1169425,-0.012490435804941457,0.0462357814230453,Financials
2011-12-19,211.15802337681467,212.8048737847647,209.85587527223555,211.50061303268157,1000162,0.004111133086508126,0.04282055154980259,Financials
2011-12-20,213.51550715209294,216.9673704787466,210.23127422595172,213.6805981709595,1399959,0.010254471193363172,0.03961584178471648,Financials
2011-12-21,212.31045264027375,214.261194549936,210.5606654052025,212.50976465612237,1223702,-0.005494429543501148,0.03703113640124588,Financials
2011-12-22,228.19146522249827,251.90283255711822,204.08709984197068,227.75289540151542,1724211,0.06927331049680921,0.03466370384040657,Financials
2011-12-23,247.47134926990623,285.08056936588673,212.8014768053733,250.0495061229034,1875080,0.09339767362111888,0.04220280349960692,Financials
2011-12-26,245.33144879568604,250.94517098195004,242.6564280686644,248.2384531490863,1193187,-0.007269133900696614,0.05322903450426942,Financials
2011-12-27,258.1544659698716,279.8102486384333,239.2128109421673,260.68306207283086,733991,0.04891555902791655,0.04872976644265086,Financials
2011-12-28,259.0699385566023,261.1173984533102,257.76626257774495,259.8099983903943,1058886,-0.003354759429366865,0.04856523342161839,Financials
2011-12-29,260.46395145026423,260.9391578964425,259.65160930886367,260.1261995396916,1595354,0.0012163076528949183,0.04459320216648904,Financials
2011-12-30,249.35267385456666,265.1676092325623,233.55231168729026,249.36637865355377,963302,-0.042243680869160846,0.041122558945365546,Financials
2012-01-02,254.57712770422046,259.54937477431525,247.7002860005645,252.63459264632795,1053112,0.01302093165225173,0.04147928602782812,Financials
2012-01-03,255.94581677855487,257.97476251965094,251.95994929316902,253.97325807393818,1127342,0.005284831418965235,0.038753795100178165,Financials
2012-01-04,251.99304294949323,255.61321789482164,247.93860840586476,251.55245377208024,1102135,-0.00957744680291032,0.0361341213287705,Financials
2012-01-05,266.3817379571883,285.53690771347465,244.92829378599293,263.90539272697623,2056031,0.04793914653755254,0.034033790597746125,Financials
2012-01-06,260.15190405946333,266.17200710765275,253.85185704633898,259.86532852968713,1653331,-0.015427148406374594,0.03703192389781182,Financials
2012-01-09,257.7078067914651,262.05781091868084,252.62010084426933,256.9574390660825,1080599,-0.01125306519652257,0.03511111285977001,Financials
2012-01-10,245.4354440058282,264.24406822053515,225.44857406631928,244.15941117405094,1608998,-0.051089127980663104,0.03324495327788541,Financials
2012-01-11,242.16272582144512,246.23065119945036,237.38456315262513,241.4403539006665,1032206,-0.011198875643657602,0.03709038129263048,Financials
2012-01-12,244.28045111336584,249.26055047413976,239.58162816530546,244.5564191803635,661160,0.012823574779573722,0.03491946920986181,Financials
2012-01-13,235.85797508418315,248.25725353244715,224.42523232260643,236.7798258996709,1408977,-0.03231533088926676,0.033168691177643525,Financials
2012-01-16,225.63017248149612,241.09271832015207,212.2699071200967,227.6149293235238,1546852,-0.0394754100318597,0.033716045899878734,Financials
2012-01-17,226.3797043611331,228.03117630842087,225.12853990657933,226.77781157888506,817195,-0.0036845601451910856,0.035258525216969885,Financials
2012-01-18,221.39692167786555,229.34291524198957,213.51522097322317,221.45900440074303,1009336,-0.02373324387984746,0.0331144572339649,Financials
2012-01-19,223.9697788911909,226.57398943667428,220.58729810751274,223.1823528498751,1194186,0.007751672445500021,0.03258441118202261,Financials
2012-01-20,225.04012289529427,225.3747810785375,223.07150153317477,223.403726223536,800789,0.0009914030112723772,0.0309581709007274,Financials
2012-01-23,214.89500556653374,228.8942457299521,199.97402668863936,213.90903632133458,1466966,-0.04342970536242962,0.029442725899694305,Financials
2012-01-24,223.84419943406849,237.57180040895662,209.17005647355919,222.83581678102803,1650476,0.04088439194045016,0.032808843059512795,Financials
2012-01-25,227.30765452006193,237.5517707784549,218.48568140313225,228.67666536852172,1429564,0.02587381152519602,0.034811868263195024,Financials
2012-01-26,216.359120648764,234.34609053177505,198.36148829452753,216.3474913807979,1094432,-0.05542319278884173,0.03420396257753538,Financials
2012-01-27,212.6398175316168,217.3171088128899,209.7279310539519,214.3813734939511,1250196,-0.00912932335209503,0.03868705713337111,Financials
2012-01-30,220.88192512711316,228.27258391701415,211.8822517259007,219.21720951133346,1096790,0.022306514474185805,0.0361918829773009,Financials
2012-01-31,205.83438954004265,225.15453053878426,186.85930150478947,206.15031824049007,1471271,-0.061457459652085274,0.034964539221219164,Financials
2012-02-01,209.39019807749642,214.6269907196895,204.29098683167115,209.52450865221485,1127270,0.01623511604218148,0.04055327489112183,Financials
2012-02-02,203.0681923007827,215.0000291310118,189.63745057584157,201.4757170929625,1792850,-0.03917185550673134,0.03814697016083163,Financials
2012-02-03,191.39711322273183,206.14338535396678,176.64286541276977,191.388471758729,2141149,-0.051363617360569304,0.038656412217601605,Financials
2012-02-06,186.43728202033753,196.20222375130166,175.14067090981516,184.82095500723014,1365900,-0.0349177003839068,0.041124053091641605,Financials
2012-02-07,187.84679864511477,191.52218477960346,183.5838742088488,187.2475352330264,1220097,0.01304391366084201,0.040445482617498446,Financials
2012-02-08,196.5760054577628,209.97532435884645,182.5959635309846,195.9528027193889,1780878,0.045442368444649626,0.03787071697061755,Financials
2012-02-09,194.3308532898433,196.9868309970623,191.52162762548923,194.17548182457193,819692,-0.009111532084777914,0.039460160802685405,Financials
2012-02-10,208.57624685109622,231.93095566203553,185.63497821437699,208.9487188848194,1513332,0.07332656197455094,0.03685290266720957,Financials
2012-02-13,211.88981222542654,218.40827486583305,206.2158875279501,212.71232515279047,1607586,0.01785180903818082,0.04464332930741397,Financials
2012-02-14,193.4999240471542,220.736433300494,167.01876253814208,194.1643435848025,2205051,-0.0912357343787515,0.041739963394935034,Financials
2012-02-15,188.926611611719,196.32578160566598,182.3126633574781,189.68527407411668,1239458,-0.023338685844970168,0.05236767628521365,Financials
2012-02-16,181.85336493207808,193.0629112446368,171.34752043761057,182.51863354027319,1809232,-0.03851397708401465,0.0487401575105772,Financials
2012-02-17,174.50452280446302,187.71921246542377,160.39186063398563,173.53297821785966,1503476,-0.05048461189271736,0.04714850292372919,Financials
2012-02-20,171.59813685530673,175.8997880613726,166.37891645987867,170.6569744470269,976911,-0.016712113099040804,0.04754670827778581,Financials
2012-02-21,175.88773390410753,184.47637496721686,167.55554123737235,176.13258324337943,1191670,0.03158148091318988,0.04416385154260849,Financials
2012-02-22,173.48436153740047,178.12066628935128,168.39836384141765,173.02232072527315,1074605,-0.01781641761391572,0.04254368480706127,Financials
2012-02-23,164.84054347621665,177.75304097522536,151.354816196794,164.2185943954369,1240612,-0.05222217474214903,0.0399447844412644,Financials
2012-02-24,163.33387491734166,164.4889467450979,162.52181461197094,163.67518949827544,921101,-0.003314520868299919,0.04225567386123661,Financials
2012-02-27,154.06294274251704,168.95015188079716,138.63431184063563,153.4636067231902,2195010,-0.06442046293230891,0.03911625603328769,Financials
2012-02-28,151.53862188849004,156.02608495407958,146.00804059890896,150.46367151478492,1672570,-0.01974177939883713,0.044119888888247666,Financials
2012-02-29,155.32689273893354,162.27650322873905,148.08344225083897,155.01929003045407,1481623,0.029827891218151117,0.04142115829481243,Financials
2012-03-01,150.5786502753572,157.0885062916285,144.1937349087717,150.6985086279454,1603362,-0.028268351699304355,0.040075246072424874,Financials
2012-03-02,141.62004519005606,155.45923065196172,127.3963663636681,141.19390963447205,1635750,-0.06514701805728751,0.038790272419533985,Financials
2012-03-05,142.9560002605272,146.05768577478665,140.03338170632279,143.13147968716473,1248651,0.0136294549785861,0.0440496115961175,Financials
2012-03-06,144.68104540503614,145.77529324318905,142.76698740903396,143.85498762896484,785370,0.005042115618713979,0.04098974178824555,Financials
2012-03-07,143.0065270513964,144.55854836931886,141.26794972453857,142.81792417303572,541079,-0.007235200378253357,0.038051814476848626,Financials
2012-03-08,145.29889548759732,150.35144940853712,140.77606347391796,145.81262610146885,1224282,0.02075185315300822,0.035583769989440794,Financials
2012-03-09,148.2433763113452,150.78446726192786,144.96031555286422,147.4884663305471,1010330,0.01142756375275646,0.03431558917928911,Financials
2012-03-12,149.52710955388778,151.52095343035805,146.82119723559768,148.80541783628786,808541,0.008889553572900019,0.03258275787246826,Financials
2012-03-13,147.52619046039067,152.418202863059,140.72534759539684,145.5518916620503,1275806,-0.022106865171540677,0.03100262106450893,Financials
2012-03-14,146.47418232059638,150.5334879828472,143.49872228328067,147.53644917630373,1553871,0.013542591557435178,0.030695879747166848,Financials
2012-03-15,154.35410161497373,165.0462278528847,143.75889574950705,154.44479649114714,880552,0.04576146991284469,0.029686695583640656,Financials
2012-03-16,160.87462851438931,169.74458658066305,151.3931122641621,160.2273839569135,2102442,0.03675722786198646,0.033453800008791654,Financials
2012-03-19,165.80983394782052,174.81021204404317,157.0085395883716,165.9988828455407,1399533,0.03538710240076854,0.034611984312334386,Financials
2012-03-20,165.0112390418595,167.88118372281602,161.2314108890798,164.0852503869579,729393,-0.011594946290207825,0.03530196338559935,Financials
2012-03-21,160.28579928083423,167.72068457862088,151.7094564544815,159.08881963875217,1599037,-0.030923451863880076,0.03342378362818127,Financials
2012-03-22,154.37897354814007,160.98049751297287,148.58633827137027,155.158608630125,1029784,-0.02501478512535682,0.033721779770579115,Financials
2012-03-23,162.93237869615325,177.82204029758142,149.27912200093098,164.07318718804015,1760290,0.05586471641172367,0.033220289973847565,Financials
2012-03-26,161.85429860092924,166.53157672944084,156.29157860367977,160.9425077285376,1560006,-0.019265385262927058,0.038091995402204384,Financials
2012-03-27,163.42027976123507,166.21281472844265,160.0047499277423,162.78645404533097,1002534,0.011392037639749577,0.03628323788440881,Financials
2012-03-28,169.7489465425498,179.12168516633315,159.56497989950148,168.89030857209863,1172794,0.036810198490918565,0.03424391127396373,Financials
2012-03-29,169.04380840240646,169.6489035757351,167.88465381225438,168.48775859588915,1245877,-0.0023863446170048095,0.03523300972685137,Financials
2012-03-30,173.1854846475639,183.55702630417184,164.1474427410277,174.45284460300311,1212451,0.034791375751183004,0.03307485715199068,Financials
2012-04-02,188.52556066097475,207.73757733734612,167.68898059660725,186.7166579805187,1226044,0.06793779619419114,0.03401062943402653,Financials
2012-04-03,186.16085967394676,187.9670952660874,183.71285570269308,185.51280349546855,556386,-0.006468368611619674,0.04144526455890293,Financials
2012-04-04,187.61153860927303,194.209496855013,182.41199946439863,188.97224652185741,1110806,0.018476259272812764,0.03847653742685707,Financials
2012-04-05,182.41218018133972,192.07511694446157,172.7594996575934,182.4219209687908,1214362,-0.03527790930828704,0.036545327600059845,Financials
2012-04-06,187.17684185821858,199.1276652112935,177.18149732406687,189.0331906482975,1544253,0.0356003603683797,0.03681206878580876,Financials
2012-04-09,200.74334283143256,218.79953845855425,182.6615488272538,200.7152143951406,1536291,0.059964448044100394,0.03707034630788695,Financials
2012-04-10,195.63091820872356,203.61302427616158,187.35930657418496,195.32909780670693,860934,-0.027201242491133933,0.04169806607858902,Financials
2012-04-11,200.99672510805883,217.94441690146866,187.52535706755108,204.25469080118714,982221,0.044681882364883685,0.04002460631554946,Financials
2012-04-12,199.24934412408416,206.06241452691276,193.75954025704132,200.53712905404828,947025,-0.018368287538331873,0.04100055951230633,Financials
2012-04-13,208.15020176467866,216.9253437895031,197.55803749934066,206.25320649121116,641787,0.028105159801046248,0.038670994328066664,Financials
2012-04-16,205.53533937489527,206.29821573924792,205.40066396668175,206.16312897685475,1504711,-0.00043682806931767654,0.03761438080008021,Financials
2012-04-17,192.49617219266318,211.85577109215956,174.35176432945448,193.606687663643,2200459,-0.06283902568565904,0.0350984606100193,Financials
2012-04-18,200.7353689185344,213.29585627810692,188.8679222438355,201.38972421089247,1279511,0.03941323922679893,0.04096136011075436,Financials
2012-04-19,200.29004699660092,203.71751794427098,198.90610804753604,202.31955575114083,984633,0.004606449396154556,0.04093014697812177,Financials
2012-04-20,204.4604833005771,207.46170295846468,201.31013900395928,204.3091370921402,766689,0.009785818134436205,0.037992163030372735,Financials
2012-04-23,203.03612610714285,204.86426749285678,201.3627824050629,203.1896584378391,996590,-0.005494403825773413,0.03562425994831578,Financials
2012-04-24,207.60296702033247,210.81357550754626,202.1204773854563,205.29539901555384,846280,0.01031009184918294,0.033463391766260654,Financials
2012-04-25,204.06922697660002,205.4890856821418,203.95374393886937,205.37286491402745,540871,0.000377267523188449,0.03180854554821049,Financials
2012-04-26,200.3295235415364,207.08383075045015,195.14560471871084,201.86030008608213,1152387,-0.017251305852415355,0.030157058966876614,Financials
2012-04-27,194.8109625936383,205.51173824702857,183.91271702563031,194.60201541483582,1516192,-0.03661934801109842,0.02953302723168378,Financials
2012-04-30,199.4680715517048,205.95217503363557,192.40081610043416,198.86532615316605,1556102,0.021671316221152724,0.03160547824804414,Financials
2012-05-01,196.6361812062631,199.90072990582743,193.4984423072117,196.76099927510433,776312,-0.010638052060758353,0.03113794945470322,Financials
2012-05-02,192.6203956610063,200.25803743456433,184.02963863456196,191.62792780514766,1478065,-0.026434174662028204,0.029876960015069016,Financials
2012-05-03,193.77298375686064,197.6274356202531,190.16893926429597,194.01881876527256,1384228,0.012399542401593302,0.030313710269497175,Financials
2012-05-04,188.76034284942898,196.5576339244679,180.9519017564461,188.74871240227833,1145085,-0.027538591907371384,0.029295035791201064,Financials
2012-05-07,191.91946370321952,195.21736919938684,187.64263541944504,190.92342518996435,898586,0.011455866026759133,0.030005256276897756,Financials
2012-05-08,183.50587447288135,197.47397197256254,167.66303199881233,181.47667058640442,1395216,-0.05074532369351262,0.02898168134110421,Financials
2012-05-09,173.34912910589654,185.60507878008085,160.8815596061567,173.12140926951986,1494978,-0.04713397268429051,0.034032535377190934,Financials
2012-05-10,166.0126564453069,176.17113302431406,156.53328016756603,166.65507446996983,1856861,-0.03806688189007198,0.036875635296362265,Financials
2012-05-11,167.5050160230757,171.81253281222226,164.42513180610314,168.71048387739975,1030360,0.012257878560278547,0.03748617221500694,Financials
2012-05-14,173.13745937643705,182.21466139517477,165.02785575006632,174.06176416006025,1590010,0.031226069950731055,0.03530876412289599,Financials
2012-05-15,171.00881763052038,177.8398232166217,162.7173937072581,169.48763513957422,1411822,-0.026630227535441434,0.03526509855075182,Financials
2012-05-16,167.01928618412742,170.36417491541079,164.37237624703195,167.70637602666523,1620085,-0.01056528659082494,0.034659444505412924,Financials
2012-05-17,160.46606241517662,170.93114830794534,150.38535471952753,160.82772071999207,1887029,-0.04188095411546527,0.03282933850766686,Financials
2012-05-18,163.79208965942075,170.4440087249701,158.02542406450888,164.64723580399155,1672351,0.023471485942545493,0.035004492870545044,Financials
2012-05-21,164.8252031604288,168.8368392662419,162.3289799447904,166.3180080145638,1564120,0.010096446286832907,0.034101146824584906,Financials
2012-05-22,170.50282076907567,174.4131726081347,165.0073206490566,168.88046499887287,1222677,0.015289490310368876,0.032335758935657495,Financials
2012-05-23,165.92455612798256,170.1351825272337,162.1104254442386,166.31214234558507,1886809,-0.015324758724690146,0.031169637820298655,Financials
2012-05-24,163.57398284695438,166.9235597789707,161.74271268656622,165.07547981457301,1253734,-0.0074635755169841075,0.03020702388475847,Financials
2012-05-25,172.79547374425522,185.33185508482026,160.5465285935632,173.06388320451867,803461,0.04725797069129623,0.028953880180455156,Financials
2012-05-28,164.21407372365726,176.82561794855644,152.40473637671016,164.96246087623214,1502654,-0.04794285523834009,0.0332514527664918,Financials
2012-05-29,170.76532864192487,180.0801265185829,161.6400210393441,170.94520664782212,1519083,0.035625138018953395,0.0364596337629227,Financials
2012-05-30,160.44244465069252,175.35821166264947,146.44205131369313,161.28435247490162,1257214,-0.05817410460380503,0.03679424525834964,Financials
2012-05-31,167.27617175506512,178.52928721674812,156.8950189346126,168.09718250081949,2549589,0.04137330783192545,0.04111796631976629,Financials
2012-06-01,161.17521578882557,173.20597878520832,147.99860677833553,159.93693990845122,1763730,-0.04976266744859677,0.041343830417149764,Financials
2012-06-04,154.31898489485627,164.56755803413589,142.84863331609458,153.01029419112476,1184263,-0.04427441054973408,0.04288237763451993,Financials
2012-06-05,146.9205046265767,157.22408715365015,135.7806636936894,146.02117601418928,1338924,-0.04675354904005963,0.043187407466767684,Financials
2012-06-06,148.77184880238025,153.79085088663706,144.10118743309806,149.1095863180266,870701,0.020929861874098826,0.04381787173216753,Financials
2012-06-07,153.2976702408994,159.3544887199564,147.0407470143617,153.08933409487824,1327598,0.026340119714100507,0.041251831162018464,Financials
2012-06-08,153.45843716427987,156.62323954622926,151.34851861596917,154.49901398183735,963691,0.009166080350698847,0.03956565613456592,Financials
2012-06-11,158.81941521257042,166.0701276243265,151.84801768735556,159.08698508696872,1507964,0.029263414324518806,0.03694530376971194,Financials
2012-06-12,164.44472521338267,171.53653578767918,156.66633872585035,163.72720569587548,1563021,0.028750534321260936,0.03633753554106691,Financials
2012-06-13,164.41052550724007,164.8488104331955,163.5812002602093,164.01843996608625,989889,0.0017771973523926245,0.0357815898881302,Financials
2012-06-14,162.1883943083329,164.64007523570623,160.31559154570556,162.76066442287865,969265,-0.007698054971253516,0.033537016929093076,Financials
2012-06-15,156.75345930225058,166.02855592290817,147.20723935819584,156.46528469773733,1823602,-0.03944664299358323,0.03175963178553692,Financials
2012-06-18,148.88360062095575,159.7235235994436,138.67343078879728,149.47293806428152,1575260,-0.045718802203307124,0.03376899488349913,Financials
2012-06-19,155.12494729397446,169.08286157742077,143.3979974052701,157.19911150782318,1219145,0.050397867840392484,0.036411637474703065,Financials
2012-06-20,162.25190631182568,168.25576934848175,155.16309421663672,161.12526786370017,1551397,0.024668895723655205,0.03926369362782888,Financials
2012-06-21,170.796069549293,187.29111279332392,154.95999818445904,171.39912648449763,1604333,0.06181278607727191,0.03774378455154828,Financials
2012-06-22,169.0523432445355,172.44764615365386,165.87058923171432,169.26194716089813,1338001,-0.012547411654699784,0.04257696203599011,Financials
2012-06-25,170.61782335115151,178.4282097322824,165.16777097058855,172.90509493823112,1268666,0.021295361658850515,0.03967182612202504,Financials
2012-06-26,164.99364574073502,177.25509242014135,152.3192802064419,164.54757747430813,1408063,-0.04954310664251698,0.037777068368418126,Financials
2012-06-27,163.5716113596168,165.02252023095792,162.13855078925448,163.589304648643,678772,-0.005840706132523657,0.040123103419083636,Financials
2012-06-28,160.59480935063252,165.62902485753176,155.1840272875309,160.20605643572728,1560793,-0.0208982076372006,0.037323019968938206,Financials
2012-06-29,165.6611391286597,174.56173406114942,156.99985795012043,165.88856248027867,1374034,0.03485541318096949,0.035775920925233226,Financials
2012-07-02,164.69691005251553,166.06490060011842,164.59190292415062,165.95908873437972,859647,0.00042505200747825053,0.03614094891727731,Financials
2012-07-03,163.08600923066834,167.26788841695046,159.09884000493642,163.27607247551097,1118694,-0.016298840284913622,0.0338372819726165,Financials
2012-07-04,168.28771011435688,178.76052958223292,158.9904830557906,169.40175592105678,1965726,0.03683068340620762,0.032493340090400905,Financials
2012-07-05,164.3496817588314,173.43355403326308,154.24890886029715,163.2732870618495,1029426,-0.03684774308542716,0.033884046485176594,Financials
2012-07-06,158.53792162552446,166.33760791811474,150.2315805718863,158.0050509001853,994191,-0.032798404371725404,0.034959495284416414,Financials
2012-07-09,157.82779426968028,159.66915948188378,156.8337944543991,158.66985635761492,748201,0.0041986682167557765,0.03520075777355637,Financials
2012-07-10,157.46933436867997,159.82866102100996,154.73918331579057,157.09286948170413,1089630,-0.009988512628141872,0.03307444633679044,Financials
2012-07-11,152.50683046645028,159.43443915969894,145.48382572567854,152.40689485290898,1633957,-0.030283271781161972,0.031465866555150955,Financials
2012-07-12,155.1034521654218,158.44529389465708,151.28060440078443,154.61185421526272,1501690,0.014363925851119964,0.03208803653885685,Financials
2012-07-13,144.24470640821104,158.98132928365905,130.27861476420637,144.94721883230753,1625726,-0.06454814179676388,0.030897605506150158,Financials
2012-07-16,149.63261656258103,155.2908828169739,143.02670426798628,148.64772754403677,1262736,0.025209593934694928,0.038583662504008284,Financials
2012-07-17,152.62953513753368,160.00032687550708,145.80071313518653,153.14829495853627,1497409,0.02982743803460113,0.03723288538015021,Financials
2012-07-18,162.2587581939213,174.7880344178403,148.78810219992513,161.2386043105852,1306837,0.05147858216666003,0.036639890992486844,Financials
2012-07-19,164.7264391106773,174.7706063445038,156.64619866668227,166.5985349555642,1498444,0.03270165367348235,0.03964204778813135,Financials
2012-07-20,166.73759288217252,167.3255533789232,166.30162616927214,166.88919028617372,1150427,0.0017431250520229032,0.038956428034616436,Financials
2012-07-23,162.5795885984389,169.8490477800359,154.74483480398482,161.98783475765399,1811368,-0.029808822637844946,0.03625656355634174,Financials
2012-07-24,170.20350272904525,180.87570413348828,158.31208751582963,168.90272689943873,1270482,0.04180173041222152,0.03584571950442916,Financials
2012-07-25,166.81862124055786,170.27052690980827,163.14155575684734,166.58870384474278,288105,-0.013795045355568735,0.03728324268690396,Financials
2012-07-26,170.10306453473262,174.13692674235799,165.22983991997583,169.2433138060751,653349,0.01580948279271675,0.03522183470029339,Financials
2012-07-27,166.55811628026999,170.27302524247315,163.4407638213124,167.14469421219587,955015,-0.012477536484270173,0.0336147746333337,Financials
2012-07-30,168.15175901033342,168.2868681947542,167.09987956665776,167.23425153793826,906643,0.00053566367752537,0.032051767446231345,Financials
2012-07-31,171.31747821101408,175.9104491750381,165.68576787728554,170.25012337353573,1238735,0.017873136323610938,0.030362735013139866,Financials
2012-08-01,173.23153146558397,179.49326719003446,167.6842007749357,173.9237692200906,874239,0.02134842559633495,0.02975624123253602,Financials
2012-08-02,163.2034358504113,178.4245791177592,148.92265758922525,164.0681369773668,1763322,-0.058335284371813075,0.02960929592454773,Financials
2012-08-03,162.83353924196177,164.56348031063033,161.3405033799959,163.06829197899077,1002574,-0.0061127286549457335,0.03621904381025259,Financials
2012-08-06,157.05069612404105,165.21004519305788,150.50457924543892,158.5993768951649,1622077,-0.027787701848970368,0.03398617550364481,Financials
2012-08-07,156.54722672261752,158.90749297806795,155.62765301574592,157.97950592321607,588819,-0.003916065143719472,0.03376198389311161,Financials
2012-08-08,158.00233364436534,159.93603548465722,154.77808965219913,156.69580158019917,740376,-0.00815895898788555,0.03184646887883271,Financials
2012-08-09,159.87171499764474,163.9512155830981,155.31718224242255,159.38424386215488,1035224,0.017011558655069037,0.030353638263069357,Financials
2012-08-10,156.20447748213664,160.80691854477948,151.86239875060676,156.4577981565048,1094104,-0.018531601660933792,0.02967294481215915,Financials
2012-08-13,159.32344405615163,162.14524419541002,155.51215257075955,158.31611170369726,1018109,0.011807427990170193,0.029255768013817084,Financials
2012-08-14,159.95147039595435,165.43076496856062,155.69936191829362,161.14687808245242,1350212,0.017722494067043276,0.028383662079162448,Financials
2012-08-15,156.83167950973436,163.27035222576987,150.35892117812162,156.79613461006073,1049817,-0.027369779439813988,0.028135721739680417,Financials
2012-08-16,156.88811350987638,158.29801550742033,154.45890064840884,155.8595593673661,851589,-0.005991114584790488,0.029080247492719005,Financials
2012-08-17,153.1569798460011,156.14106765645872,152.32102814834803,155.29345478700844,1047767,-0.003638757648061924,0.02796270111211443,Financials
2012-08-20,152.7485218268669,157.23573729504935,147.8082220193398,152.28172462402586,1032157,-0.01958432685966682,0.026972508344081676,Financials
2012-08-21,144.41238993470904,155.56997047470546,134.10289391855264,145.20396452159892,1510854,-0.04759285091266505,0.027194573794769878,Financials
2012-08-22,139.70749882895012,147.21776448782592,133.53765980333642,140.99123251268006,1258007,-0.02944169820198276,0.03211538251060731,Financials
2012-08-23,145.52199856744872,153.05147822658063,138.2501123617823,145.76733243157457,1302221,0.03331402938961116,0.032482922805600375,Financials
2012-08-24,148.77657198883423,152.21549817534404,144.6092825267408,148.03097444797908,1339335,0.015409801604013706,0.033325454270293986,Financials
2012-08-27,142.79431176992307,150.81880220193102,134.57484596207678,142.5877271330324,1551243,-0.037464099386710435,0.03200137527792242,Financials
2012-08-28,135.53013382641353,145.60571995939503,126.06679408494455,136.1024205185975,1613917,-0.04654974493760725,0.03361256055660349,Financials
2012-08-29,135.9689689363168,136.91629907173632,134.52784750549918,135.47171313420046,1202388,-0.004644834983700028,0.0364537404774944,Financials
2012-08-30,131.57431974493863,137.06164057755097,126.70490560744818,132.17017453990167,916009,-0.024672566029247375,0.034151666571988565,Financials
2012-08-31,136.54461744671963,144.43763165109024,129.1572563325818,137.02431770830808,871016,0.036068118257000834,0.033531766891793234,Financials
2012-09-03,131.15119445061546,139.7344478553718,122.65335721899393,131.23141293116691,1623063,-0.043196135916354454,0.034563562980378604,Financials
2012-09-04,132.79731039841147,134.03923463356804,130.8171998953217,132.05215541986183,1173415,0.006234685684675535,0.036545831943389985,Financials
2012-09-05,129.80622768865751,132.80680084974685,127.52783747196733,130.5159533569463,930719,-0.011701494128386239,0.03426819169121137,Financials
2012-09-06,132.38532630901724,133.71019668398242,130.07473363913286,131.389639496142,691665,0.0066717886435672825,0.03255742486982017,Financials
2012-09-07,125.19439707514744,134.1798486023806,116.42059335039706,125.39218370560081,1262639,-0.04672096052074888,0.030897664084504076,Financials
2012-09-10,119.3384643505319,128.61232547810857,109.80906052893309,119.06139005245967,1770404,-0.05180705247631725,0.034513182112061024,Financials
2012-09-11,117.8146118907134,120.05366230362254,115.32815190290836,117.56240923929039,1142966,-0.012669907843497493,0.03815132231709426,Financials
2012-09-12,125.17425772554981,138.34895011203247,112.59065641556226,125.7113551170633,1772784,0.06701911153637599,0.035895650159158,Financials
2012-09-13,119.53152252944074,129.10175212545323,109.63541176129252,119.17727903493541,2064294,-0.05337632223698056,0.042479787628326354,Financials
2012-09-14,115.35040207092557,121.74430288243708,108.48727557838842,114.85364079149129,1254733,-0.03695349530196463,0.044395727856293386,Financials
2012-09-17,118.70046768219342,124.01048710863314,113.03704757182115,118.33051741647628,1270835,0.029823075006223113,0.043377628378772626,Financials
2012-09-18,117.7773244234057,119.26277186502776,117.22198527258722,118.70306768486927,684093,0.003143441255421129,0.04169780912035477,Financials
2012-09-19,124.31693185441841,135.22302132094154,114.37111633419761,125.2060713445477,1396189,0.05333580535845199,0.03863221468915516,Financials
2012-09-20,122.94340206443195,125.98104057202987,120.60146601054205,123.62609987862197,1718060,-0.012699263859438571,0.04148089475187803,Financials
2012-09-21,121.1133102448249,124.70799294365669,117.81510451471252,121.40192747460121,1449348,-0.01815493124273582,0.03873915846942022,Financials
2012-09-24,115.59309758652296,123.74033904764309,108.31770142054923,116.41331841941782,1783865,-0.041959807392640075,0.03674259310935133,Financials
2012-09-25,112.3126605047927,118.20418670067083,106.77173639849369,112.64677892460243,1420209,-0.03288987534973145,0.03800142542304959,Financials
2012-09-26,110.51523815799479,114.8318575196768,105.46460521030454,109.75138936986234,1263135,-0.026039361531368762,0.03765034199612283,Financials
2012-09-27,103.12139842605178,112.63618026400495,93.93590463838586,103.4237542615778,1612130,-0.05938304385487835,0.03654785704092933,Financials
2012-09-28,96.57665961761792,107.30288502245351,85.37568226032982,96.04259175721359,1572693,-0.07404291021111879,0.04120131755232989,Financials
2012-10-01,95.74382541397223,96.63877160812609,94.55379812669968,95.44596008446163,731643,-0.006231532879774581,0.047753447386739645,Financials
2012-10-02,96.61606337235335,100.22195418301541,93.76075018400793,97.34509575966895,1321826,0.019702128808824042,0.04393333802659714,Financials
2012-10-03,102.623555531517,111.21642493581537,94.2253320999443,102.80347754301386,1895944,0.054556827543643174,0.04125938237622227,Financials
2012-10-04,106.05403996005258,109.67814294968693,101.57840008561621,105.17237460440238,1523499,0.02278148631269775,0.04368451009222697,Financials
2012-10-05,106.28915916071044,107.66793088139019,104.70970767348739,106.0858419852911,937301,0.00864792942552136,0.04128581542601102,Financials
2012-10-08,108.63087169270365,114.43286285213925,103.62717896590318,109.39401849624075,713293,0.030707616529458113,0.03840355252857266,Financials
2012-10-09,110.85348957923537,113.11627274477931,108.61460679032805,110.87691680157536,1033045,0.013464515475368477,0.037700264380902015,Financials
2012-10-10,114.61629270632221,120.39462200193572,108.86914998515044,114.64599017658823,515265,0.0334283057871914,0.03555617982938961,Financials
2012-10-11,113.08746250398694,116.58253158404476,108.83702179867396,112.30800092203953,1109185,-0.02060392904553611,0.03576326723634476,Financials
2012-10-12,115.07147663846031,120.62122634159154,110.07792511116536,115.60454231441001,1151363,0.028930143670523663,0.034451230900384266,Financials
2012-10-15,116.1050034213129,119.13064895072043,114.0006355360948,117.00988044458393,1181791,0.012083130632949126,0.03427904360335691,Financials
2012-10-16,114.45189558152771,119.48084276875744,108.63911024214556,113.63203317003705,1470913,-0.02929293080834088,0.032587460336341224,Financials
2012-10-17,117.36736396425628,121.11899687591088,112.36904057250297,116.07950730943463,1230976,0.021309915493470766,0.03283695214601116,Financials
2012-10-18,110.64072337111166,118.36598953972967,103.50404737103054,111.19364814584543,1610950,-0.04300210496722346,0.03210497182279361,Financials
2012-10-19,108.00816014557519,112.60804965198692,103.65635649885643,108.24663741416086,1292876,-0.026860955942917215,0.03466930237740173,Financials
2012-10-22,104.60034363853642,110.14700863780574,98.94616365981302,104.4868081903665,1620586,-0.03535147722800809,0.03420226695693827,Financials
2012-10-23,108.55179647769567,116.30302390338099,101.43980121406179,109.15172320076375,1795775,0.043678044303302986,0.0349756357100953,Financials
2012-10-24,114.0266775982102,121.14122436413712,106.68808969425349,113.78772747705943,1769424,0.04159580264188153,0.03694322411193194,Financials
2012-10-25,105.73890806807725,117.25667822502967,94.55397024235886,106.03990165074134,1625122,-0.07051921902148682,0.03809689050094374,Financials
2012-10-26,106.78186811660886,111.10559491546658,103.76697800927697,108.05476568882712,1521184,0.018822734361852205,0.044800027794442074,Financials
2012-10-29,106.61687751586398,109.27254695954751,103.62809792913751,106.27525813707182,1087919,-0.016605685113274784,0.041937790733832817,Financials
2012-10-30,101.39987017218125,108.09831695206147,95.7743213498675,102.41637367786556,1346235,-0.03698590417496807,0.03934952286902585,Financials
2012-10-31,105.64914924109931,110.52457998375468,100.74226419418304,105.61617317814708,1513821,0.030764915620407365,0.0392925123422005,Financials
2012-11-01,97.95810697412347,108.50706841813387,88.81736836681306,99.2461399359351,1518125,-0.06220848816338071,0.038432970557832256,Financials
2012-11-02,105.07923520379904,116.9780328257567,94.41078418716677,106.19618090305883,1219007,0.06768512031859276,0.04315274012916657,Financials
2012-11-05,107.77375197116748,111.74851026334582,104.44811625507037,108.40344379008542,1497930,0.020571710985725095,0.04771706729678243,Financials
2012-11-06,118.68821770972728,134.29474821971428,102.7750678785591,118.33517633317469,1897756,0.08766121755042552,0.044553497091211154,Financials
2012-11-07,137.85100132694498,158.5286515259867,116.769963542759,137.37642769736354,1866909,0.14920373003867599,0.053298073528118294,Financials
2012-11-08,131.21747395569292,139.90883401959044,123.34570034542922,131.99067581001407,1436170,-0.03999352308276515,0.07557652196327296,Financials
2012-11-09,122.13800782335275,136.94795119068874,106.97900750706911,121.74078533939718,2369875,-0.08083720828739623,0.07006690246427205,Financials
2012-11-12,121.4834980251468,122.32328925608242,121.13526715389452,121.97365336091826,841038,0.0019109913522586351,0.07076506760616591,Financials
2012-11-13,126.11197969594996,132.28035668388407,119.85281111929986,126.01651893994293,1446163,0.032607935702887614,0.0640835674556001,Financials
2012-11-14,119.1822577632188,128.75146035631585,110.62583546053636,120.12719818038477,1421233,-0.04786183482489823,0.05953868082927019,Financials
2012-11-15,124.85811718130343,132.07127276452744,117.63167022378684,124.84401087410265,1091736,0.03851387877196078,0.0572668918034901,Financials
2012-11-16,120.42816439653616,127.66068627461236,112.74080992226857,119.94427072847286,1801503,-0.040037820689306176,0.05427794530170894,Financials
2012-11-19,130.67092564121614,149.62034314134823,112.65512317423428,131.4914181096866,1884140,0.09191436365091114,0.051935829056371105,Financials
2012-11-20,125.69974748577125,133.7911600117595,118.57812460806694,126.61753890420046,1578967,-0.037770549902446146,0.059372567812255445,Financials
2012-11-21,128.0149846282857,130.7568807803238,125.52985167894782,128.26685825151998,657798,0.012941885704781143,0.055982797472854756,Financials
2012-11-22,126.2083645048717,130.16058761620192,121.68312742721497,125.6168264871968,964377,-0.02087670985905042,0.05130675151623499,Financials
2012-11-23,121.70809697895393,130.86351496556114,110.48529738849508,119.47254751903223,1140404,-0.05014959680231404,0.047657966313091785,Financials
2012-11-26,110.31488279363437,123.38800605957509,97.60011774600468,110.63620570680831,1687404,-0.0768392243828976,0.04789856690335352,Financials
2012-11-27,110.84856062970816,112.22479276244854,108.36198116963287,109.72425456328949,913253,-0.008276950853322067,0.05311363412233077,Financials
2012-11-28,104.03527556405633,113.48205504207885,93.90095243412993,103.27906528217304,1613918,-0.06053574569974253,0.048653085113473556,Financials
2012-11-29,113.5690672572468,128.39156614710237,97.96304963154968,112.66793728909401,1619417,0.08701018829526247,0.050431980220498045,Financials
2012-11-30,139.91261287788868,160.89950480957197,118.68859554896689,139.633641822314,3713571,0.21457726409619635,0.057186743509707906,Financials
2012-12-03,132.57932413263205,142.46885037570803,123.73719899743969,133.56123834506528,1976662,-0.04446206170300842,0.09809571472112028,Financials
2012-12-04,119.73205686670191,137.6918653967072,101.38604870314315,119.277704356639,2058319,-0.11310566242343655,0.08997080991605139,Financials
2012-12-05,123.39223671462047,130.78493128435085,116.4609904156839,123.82914288797234,1694320,0.03744831108495661,0.09216686465534596,Financials
2012-12-06,116.93909891593457,126.88275509730964,107.25178034043034,117.17582588999457,1412693,-0.05522714338950201,0.08429793089266688,Financials
2012-12-07,111.62404963793365,119.94754778768831,103.17950963177273,111.49325476807947,902385,-0.0497114984136659,0.07900897751061309,Financials
2012-12-10,105.92740911634294,113.64348568859717,99.25126260324502,106.905682814832,1823149,-0.04201711699732863,0.07392306665038889,Financials
2012-12-11,90.10573053636602,104.06521219529692,76.58987095591112,90.49148886547559,3245715,-0.16669117612142473,0.06882231865109859,Financials
2012-12-12,102.34416312022505,118.13727114032048,86.99253865219129,102.72806186114825,2471738,0.1268295201147421,0.08976135841843225,Financials
2012-12-13,106.45643223394805,110.45308164091452,101.37720403740778,105.33162528657449,1263180,0.02502838844084401,0.09464956549281234,Financials
2012-12-14,102.61077472574279,107.90394288926181,96.52101391777569,101.77085488723566,1337263,-0.034389943795971226,0.08579507697166781,Financials
2012-12-17,103.92478861396606,108.04225251026938,100.15601711449622,104.26127840587233,1421092,0.024176275617098012,0.07852411362889129,Financials
2012-12-18,100.8844279333616,107.99792370525418,92.45960221798583,99.47362004086473,1356739,-0.047007557179464435,0.071557689889833,Financials
2012-12-19,103.96785366168112,110.83447894236271,97.08580705126154,103.95134179483658,2138398,0.04403043850474579,0.06728936729300329,Financials
2012-12-20,109.47251120577137,118.14512037378185,100.87299439030767,109.54028003736792,784963,0.052369413537367425,0.06334894701407587,Financials
2012-12-21,112.56689968224566,116.8148877557191,108.09199717346239,112.33108624859307,992109,0.0251583019251347,0.06100700444515305,Financials
2012-12-24,117.60501480090511,126.12708847679048,109.26143174524191,117.77168114249436,1766683,0.04729720678316397,0.05632428158849587,Financials
2012-12-25,116.84173197543706,118.20846276808948,115.52194400799988,116.88815047957124,1068977,-0.007530345794113068,0.05452974988564999,Financials
2012-12-26,114.68945797812191,117.43881996980086,113.03695464016754,115.77073702010505,1659080,-0.009605668309808683,0.04987284646217894,Financials
2012-12-27,119.17549434191744,123.42857936092399,114.32709571796364,118.55814918203039,1588482,0.023791720171398936,0.04586590215992452,Financials
2012-12-28,115.19960457483873,121.12976546336793,108.66131562352432,114.55847280002313,1749028,-0.0343181784950006,0.04321864964413092,Financials
2012-12-31,118.4265657938537,124.5955462472751,112.36885033792593,118.5324163591937,1244095,0.03410110682132187,0.04208256109045549,Financials
2013-01-01,120.51222389299144,122.4129034829697,117.89607992126354,119.78529461922187,1479911,0.0105144497854201,0.041124036539612885,Financials
2013-01-02,116.24431138882424,122.33614873426073,109.61074147482869,115.67261901481325,1361688,-0.03493697754699855,0.03833447734341308,Financials
2013-01-03,108.2458691085639,118.92007643599611,97.84523392298155,108.49545972595801,1652234,-0.06405562491658784,0.038193122189368635,Financials
2013-01-04,102.72273192419162,111.11239214714796,94.42310716476688,102.80603666623004,1148805,-0.053864252530133126,0.04338709633722707,Financials
2013-01-07,102.42820416095142,103.71557991500782,100.6668761222631,101.94821915254784,1107643,-0.008379044714633837,0.04517915180650419,Financials
2013-01-08,104.26763559208877,108.64043605241206,100.24471807698549,104.60452063316873,1005918,0.025721739970790504,0.04175471069129322,Financials
2013-01-09,101.12876668261794,106.06958763635922,96.61567710021791,101.53822508844802,1326561,-0.0297514395454783,0.03992500316843596,Financials
2013-01-10,105.44771722021233,112.63574058992937,98.76326637266159,105.92127065124178,914296,0.04226075900464954,0.03883267857943789,Financials
2013-01-11,105.64392651272095,106.6572670653194,105.20446118132756,106.21542437532271,1317808,0.002773248754251132,0.03967716349829594,Financials
2013-01-14,108.33517657858248,112.95313222741844,104.2932257349846,108.89046379509182,1386789,0.024873120447423024,0.03688597943547588,Financials
2013-01-15,114.08002640699402,124.19000499841071,104.8693788361103,114.91217131512747,1579631,0.05382565123201987,0.03579470912369986,Financials
2013-01-16,108.78434343674408,117.22564562122828,101.59686538919719,109.96046047773015,1352802,-0.04404725790788245,0.03949163291866876,Financials
2013-01-17,111.57158242880355,114.34521374519129,108.93563836647049,111.70609181962156,460221,0.015750390944546753,0.04048080280635294,Financials
2013-01-18,115.08396724720893,120.09747280783024,109.98814050807735,114.99789649156513,1126495,0.029042594901465494,0.038054796529654114,Financials
2013-01-21,112.69094837077157,116.28927185029491,108.98113120647113,112.57577716568407,1073128,-0.021287267117404245,0.0372163254355168,Financials
2013-01-22,115.49977937079507,119.09186986062731,111.35974220646062,114.93424432450094,1488587,0.020733606646412533,0.035721367055825196,Financials
2013-01-23,110.07715984135552,119.23175834411077,99.69231398387237,108.73531781005353,1243617,-0.055443524136154214,0.034428116680335845,Financials
2013-01-24,114.82463355077039,126.26911554001406,104.24954847294802,115.62071334150575,1662956,0.06139846913102505,0.038850145814646596,Financials
2013-01-25,112.50526855318704,117.04126694795126,108.13553064944065,112.66531287539753,2017079,-0.025893530498266273,0.04327739439476986,Financials
2013-01-28,113.02723935929492,113.10594404244503,112.63913770198768,112.71762679145266,1088675,0.00046422251011490033,0.041217927297840476,Financials
2013-01-29,112.3452026183933,114.23408361712055,111.44221517266725,113.32323512301326,519408,0.005358409762532013,0.03819903598214077,Financials
2013-01-30,109.40670471298327,115.05261038098043,104.05546284171604,109.68762813448043,1163000,-0.032607641279424004,0.03566006117843025,Financials
2013-01-31,104.5393574255852,111.88369740904812,97.67440225565942,104.98920159408442,1564136,-0.04377907892927634,0.03573234824456196,Financials
2013-02-01,111.87121655675088,121.07333119025192,101.78450744801647,110.9073368865292,1397929,0.05483754693852472,0.03753573939115748,Financials
2013-02-04,110.29121358221857,111.49722465364088,108.8978381954498,110.10177782699304,889082,-0.007289858863950645,0.040966069721758126,Financials
2013-02-05,108.2377787229782,110.71646850743836,106.38282124140449,108.85100173213986,1062772,-0.01142520047657465,0.038086039451442136,Financials
2013-02-06,115.86998978618519,125.99637155528575,105.29768915911862,115.38136816179689,1635920,0.05826289612916895,0.03577733083625627,Financials
2013-02-07,117.37906854384497,118.78769678605494,114.91239686107987,116.30817363986542,798290,0.008000451072380618,0.0404128529210361,Financials
2013-02-08,117.50650914544461,119.14663615483649,115.75691446764223,117.3954919259365,1161092,0.009305169681348108,0.03763190172683372,Financials
2013-02-11,120.05050269740528,125.7471536954418,115.03918081838681,120.70837016039764,1128126,0.027828965123951853,0.03529753460912332,Financials
2013-02-12,117.87288066842108,121.65003353972241,115.0232548231791,118.77851364123428,1309232,-0.016116943547334558,0.03482672041071806,Financials
2013-02-13,110.24751084173614,122.1423060196223,99.54730570039834,111.3364158858316,1170834,-0.06470413744275397,0.03330591154809092,Financials
2013-02-14,104.02049583662796,116.09592456286173,91.08274654670859,103.04492405856836,1712286,-0.07739134247285998,0.04019229783890223,Financials
2013-02-15,93.20356343697401,107.11211441966435,79.70118946587013,93.55834355311002,1713487,-0.09657981213872383,0.04786177627208945,Financials
2013-02-18,89.98843867255546,95.2446137459381,84.72924732825085,89.98523529406239,1662589,-0.038939632326981326,0.05772130212710307,Financials
2013-02-19,91.54758632866388,93.64736175903408,89.2760266215773,91.37176943896401,894426,0.01529095788378167,0.05470688457829347,Financials
2013-02-20,98.0406503159605,109.58698552055753,87.00028517878722,98.49540987466618,1284979,0.07507338436721875,0.05029260964754879,Financials
2013-02-21,95.09106828015223,100.90311341847982,88.78291538363159,94.56266401397085,1221395,-0.04074722083749909,0.054487422623765186,Financials
2013-02-22,101.19792987723055,111.49377821544088,90.90278222032435,101.19856585839685,1540563,0.06782185939571336,0.05219342659992374,Financials
2013-02-25,96.56181039829197,103.67844053573864,89.24573946742055,96.34650126677475,1099477,-0.04913350393972157,0.05449122604582401,Financials
2013-02-26,90.6742350265337,99.32423044683021,81.78509731248303,90.40987360541304,1489223,-0.06359759872077818,0.05326866015013768,Financials
2013-02-27,78.82059704375162,90.93853213439328,66.99750748718887,79.07698446468982,2487978,-0.13393161787502042,0.05455949328769524,Financials
2013-02-28,76.20857815498967,80.02256339970499,73.3320812521047,77.11196799833859,1785983,-0.025163369378487156,0.07191691307502793,Financials
2013-03-01,74.64448588061232,78.1841757721427,71.33893991330366,74.8687007068448,1778193,-0.02952257337620015,0.06582258869692552,Financials
2013-03-04,71.71826541311668,76.70012571526802,66.51526848035132,71.4806209739149,1769051,-0.04630954446964074,0.06080154518616011,Financials
2013-03-05,74.92336093481894,80.30650671924748,69.58047907194921,74.96094470879981,1861677,0.047540863056209075,0.05813044300508625,Financials
2013-03-06,71.70806791910208,76.43465033863411,67.092443067446,71.81231540143087,1601254,-0.04291125564711657,0.056056567609812216,Financials
2013-03-07,67.00416448959692,74.69674233090429,58.88389257583911,66.52099946904825,1834486,-0.07653830573970481,0.0537594400727592,Financials
2013-03-08,65.47138380629916,67.27361310352842,63.51355940484914,65.31138440210779,1746187,-0.018351318214191097,0.0573653096773211,Financials
2013-03-11,67.69501480117228,71.16822010479095,64.116460640828,67.58396853089242,1458024,0.03420444192549837,0.05275546071763316,Financials
2013-03-12,67.03171180061622,68.01829024615294,65.9390793340606,66.92407355066348,1549826,-0.009812056801525693,0.0500200208470469,Financials
2013-03-13,63.858675584160274,68.24481084911453,59.73102110366134,64.10146322313965,1528880,-0.04309155535240251,0.04600047235879932,Financials
2013-03-14,64.83164370003455,65.55053066888833,63.86101502269353,64.57707924857108,918568,0.007392346574664904,0.04551227402788729,Financials
2013-03-15,62.75186901722752,66.02815918432749,59.11177461314718,62.368024147311544,1363617,-0.034806826935045984,0.04201536252293436,Financials
2013-03-18,59.96066518310476,63.06435230259092,57.85506070929394,60.92488777410654,1279199,-0.023410953023740244,0.04115774326344697,Financials
2013-03-19,63.21738246194347,67.42530649855368,59.3021733966456,63.49302613773215,1559232,0.04128831778880663,0.03920942198826472,Financials
2013-03-20,64.28677323090956,65.62685605081374,63.00420052901398,64.3431584191756,1014327,0.01330053485277861,0.039819741284913904,Financials
2013-03-21,64.41213889958959,65.34494572295738,62.802087339995474,63.72494228626596,1219444,-0.009654565524488245,0.0373500344163627,Financials
2013-03-22,63.88868626220317,64.5630452553045,63.38664148387898,64.05965696914367,1023444,0.005238744736574787,0.035071379386086,Financials
2013-03-25,65.00393284491625,66.1314710338952,63.68064644610488,64.80472931198365,937671,0.011563794575003913,0.032986633483829034,Financials
2013-03-26,67.81606008226258,72.43273596740241,63.1970986568419,67.81360758467933,1499730,0.04538429274265015,0.031473045493296485,Financials
2013-03-27,69.9434050017017,72.40867917845905,66.97891168286255,69.42594717925824,1115398,0.02349779965385213,0.03466124894260265,Financials
2013-03-28,70.39040922429456,72.4567478898242,68.57192110431454,70.6320179729301,594864,0.0172228777567838,0.03382223722486058,Financials
2013-03-29,69.26213852546738,71.05399328830866,67.98982387518078,69.77230706899653,1662498,-0.012246369877041176,0.03255225203345482,Financials
2013-04-01,68.04988705394824,70.70309854806321,65.33152759842768,67.98209597164178,1203799,-0.02599280820761756,0.031148279667333894,Financials
2013-04-02,71.73364867909353,77.34602777836643,66.01845617526376,71.62210846383675,1832919,0.052159427759212784,0.03126525504078378,Financials
2013-04-03,71.83659641912936,73.03547000917611,70.99136307088513,72.18612409900808,799062,0.007844036701597433,0.03591801531039104,Financials
2013-04-04,71.22506697422682,73.3305252471563,68.68524435921502,70.77747142301752,1528355,-0.019707090610775673,0.03378331534702284,Financials
2013-04-05,71.26689950882847,72.58612553290334,70.1830353460693,71.49873548770955,1156362,0.010139014233621981,0.032730800933070826,Financials
2013-04-08,70.222054446005,72.34193884014903,67.95874853755552,70.07416850670796,1623372,-0.020125532838822836,0.03118435834229536,Financials
2013-04-09,70.54176533460274,72.55967943288158,69.0572762812673,71.06419628236975,952482,0.014029410296099132,0.03063865083490997,Financials
2013-04-10,74.0564772163447,77.92019298013346,69.74059206477907,73.57941845314929,1492300,0.03478170453163288,0.02967330775251164,Financials
2013-04-11,72.02022136688693,73.92962312655585,70.97162918307919,72.86867768081417,1396159,-0.009706460805093261,0.03139855410523048,Financials
2013-04-12,72.78731496262364,73.62578314807557,72.33506042636434,73.17114374150631,1161626,0.004142246823195574,0.03004709082629116,Financials
2013-04-15,75.14697609250435,77.40250940527133,72.40942539494611,74.65004329065907,1276542,0.020009971836085327,0.02871995586713798,Financials
2013-04-16,79.66960624209867,86.99797518570676,72.0701733039573,79.3710827095004,1540888,0.06132300040359832,0.02863439431768065,Financials
2013-04-17,78.8255185660723,79.73324781842089,77.85705284956909,78.76407453223838,1122023,-0.0076771183483153455,0.036332071054748526,Financials
2013-04-18,82.59343016884768,88.08996908829928,76.8577289773349,82.33721708299693,1152917,0.04436623194052207,0.03412999020834818,Financials
2013-04-19,82.774898645888,83.46287014992178,82.09886861209324,82.78674337912653,1497082,0.00544472656045822,0.03642992404312125,Financials
2013-04-22,81.98241706285114,84.07688593192884,79.30937132508677,81.38867130740206,976173,-0.017031854261074876,0.034149059280275805,Financials
2013-04-23,79.61471104426501,83.09305518010993,75.59852396145395,79.05229635929047,1873852,-0.029126477508333814,0.03280913300771307,Financials
2013-04-24,79.8990439505795,81.1767545263443,78.62166089278561,79.89936631476473,534263,0.010658309074670037,0.032990970291592925,Financials
2013-04-25,77.99370885762794,81.07681001144287,74.74496423517122,77.82124798908853,1204718,-0.02635341746552853,0.03142870072838349,Financials
2013-04-26,79.36705902699416,81.05686892519579,77.25313947672525,78.93372318970505,1647243,0.014194049092221878,0.03153388614484897,Financials
2013-04-29,79.80484992642572,80.64020671524557,78.65445090336965,79.48647510565922,1223702,0.006978329342055442,0.030425802121914536,Financials
2013-04-30,82.4482242913438,87.59020873092906,77.56208050815863,82.68975129024209,1421706,0.03950878526236636,0.029118518332333605,Financials
2013-05-01,84.09833160807027,86.1536779223535,81.99394962640275,84.04806749589127,1518512,0.01629319928217612,0.031819052544545146,Financials
2013-05-02,85.63273269206259,87.81823298820495,83.3084741787409,85.49034036844222,1239120,0.017014524138423314,0.030818532335160378,Financials
2013-05-03,82.01374022577241,86.87273667329643,77.74486213428126,82.5746621646058,1222849,-0.034700511399996435,0.03005411208109814,Financials
2013-05-06,82.12017170795325,82.92588074606427,81.9108851106093,82.71507800582593,1431770,0.0016990271126745527,0.031673625401898026,Financials
2013-05-07,80.66442333106316,83.98005524425719,77.17121719984519,80.47923721977692,1258249,-0.027402678704968455,0.030050088865912667,Financials
2013-05-08,83.44440671558972,87.30861426303525,79.15883668490912,83.00258396579403,1129753,0.030872511008966076,0.030578461254787796,Financials
2013-05-09,84.70256423369236,88.11915662871363,81.62985798038825,85.034412120304,520862,0.024184283605445347,0.03148016239742509,Financials
2013-05-10,83.13301275041954,86.14627907081743,79.99565038314374,83.0042495090582,1253172,-0.024164217645155046,0.03131345454722135,Financials
2013-05-13,78.20027841259004,84.94748197303313,72.09048803291921,78.79149947211813,1550672,-0.05208668906467014,0.031177112770509736,Financials
2013-05-14,73.5582088640805,81.56006164736657,65.30812848581107,73.2796824423997,1630951,-0.07252172945167581,0.0358408058673631,Financials
2013-05-15,70.75902656542688,75.71953053274738,65.03102967583857,69.9336728959041,1140993,-0.046736124073478325,0.043778543586749395,Financials
2013-05-16,71.14103588622498,72.77763876459632,69.38079971120052,71.01449142836373,910771,0.015336698039171369,0.04428192065474653,Financials
2013-05-17,71.54040899956537,72.27227978332095,70.76901157000474,71.50047380984776,1052083,0.006820115549521352,0.0412794494090016,Financials
2013-05-20,72.49725648504784,73.597674705904,71.13134619058461,72.22767246111925,716650,0.01011917116323905,0.03834281485786589,Financials
2013-05-21,74.93512008568555,78.7342142009264,70.92290489799987,74.71061705872312,1257218,0.03379896378713323,0.03593740119616754,Financials
2013-05-22,79.04990723696625,86.13681284539587,72.12806413546558,79.20168006710713,1269448,0.058375300224377695,0.036118595442653015,Financials
2013-05-23,83.7305801846871,91.24263847896087,76.44057372995883,83.93484748335743,1603036,0.05804336112842312,0.04067915560631714,Financials
2013-05-24,73.91520467578526,85.00248537715305,62.65705645120428,73.71418406024033,2176350,-0.12984563529478488,0.043922542348286846,Financials
2013-05-27,73.42111535574581,75.41296302920401,70.42901395179491,72.39296895421506,1221723,-0.01808605661379681,0.0645936152559646,Financials
2013-05-28,71.44679050134815,72.50462028597258,71.38070788139166,72.43762122610653,1067839,0.0006166138417394723,0.05905026606243266,Financials
2013-05-29,77.27431376989999,86.81474282086083,68.60854651520715,78.06077905224033,1702797,0.07476194724935317,0.05375503855016517,Financials
2013-05-30,70.97167062989955,81.30010306590113,60.53343108962817,70.84316176610601,2181197,-0.09701929745895288,0.05700952244231708,Financials
2013-05-31,68.3844330093085,73.29470028713845,62.682792459106714,67.53184027482803,1262606,-0.047869249981318425,0.06412472324458922,Financials
2013-06-03,76.21106702749103,88.74955754553426,64.77940697336737,77.17352830046458,2743012,0.13345730613093304,0.061100768154109336,Financials
2013-06-04,75.96503847113809,77.65673515528326,74.50076587938737,76.18816172628338,1344556,-0.012850407864990332,0.07588327206424755,Financials
2013-06-05,87.0384658494116,100.09423572682333,73.13134860129573,86.03688070740674,2112625,0.12156995706002893,0.06878507636606782,Financials
2013-06-06,85.08193040969844,86.89591024565001,83.01418575733176,84.82263736475268,1422171,-0.014213592531470497,0.07811528373810862,Financials
2013-06-07,90.81029761940644,100.27996296156259,81.41625264328407,90.87882866075398,1663848,0.06896460880456234,0.07079478776496032,Financials
2013-06-10,90.4622269505746,91.9232093799138,88.45361071426238,89.90560356852312,1240624,-0.01076679536927915,0.06944738418316104,Financials
2013-06-11,96.93283229199858,110.66016894507192,84.40530464750302,97.99532546741268,1906102,0.08615950755644824,0.06305346872524495,Financials
2013-06-12,97.68335164570087,98.03689764393017,97.55882058645037,97.91207499802891,645334,-0.0008498961672416812,0.0662880912833052,Financials
2013-06-13,89.09201509746143,102.45581736208064,74.79585561900832,87.99512425765685,2171670,-0.10678847527332844,0.060128172974998235,Financials
2013-06-14,79.70196901663743,91.30278741605395,68.84262149499635,80.35452897475395,2003609,-0.0908329506002062,0.06857758027175782,Financials
2013-06-17,75.62823027391842,82.44967605826012,68.9534105807991,75.7629649137109,893593,-0.058838872459342564,0.07141359359361799,Financials
2013-06-18,75.40552774032568,76.41268823721103,74.08837250688849,75.0913364808599,1177946,-0.008904391380551623,0.0685508790374461,Financials
2013-06-19,73.91175220630399,75.92627637358564,71.72938699429632,73.73920833992428,966082,-0.0181705354213826,0.06221954388553455,Financials
2013-06-20,80.12103157947125,90.82751559761006,69.72887735154161,80.39927200182592,1314572,0.08647046452151382,0.05697843948972388,Financials
2013-06-21,75.41203820132309,83.34056753366929,67.07629531479017,74.95698177910818,1565492,-0.07009074874031712,0.06179648241228831,Financials
2013-06-24,75.81540025330162,77.099462520629,74.52418784758997,75.80812692884349,1194828,0.01129112962131077,0.062385504323300506,Financials
2013-06-25,81.6050302422675,92.60720563466569,71.45448901234045,82.36245162244893,1643693,0.08292414654498888,0.05685670022923264,Financials
2013-06-26,83.79503326253656,88.09742945577996,80.36980827154304,84.63775709231255,1274922,0.027250819510682523,0.060972203509449104,Financials
2013-06-27,89.40533569701475,95.66765920472223,82.47196262965033,88.68374275046793,1024810,0.04669612060537302,0.056440045670062236,Financials
2013-06-28,85.9533369914149,90.47094485702148,81.12952199159145,85.63014316385234,1518942,-0.03503922805663579,0.05454779698695173,Financials
2013-07-01,84.82160239506848,86.06710001298705,84.56232687621944,85.8048190803164,733778,0.002037810428224241,0.05161910354049652,Financials
2013-07-02,87.35942570496577,88.74025292222544,85.34314769684683,86.71376949365676,1028246,0.010537517511642586,0.04724667587207387,Financials
2013-07-03,82.9441287686673,88.55699180375508,77.27961408770513,82.88872813962188,1364659,-0.04511360533419761,0.04361713649547471,Financials
2013-07-04,90.81913117683375,104.41089763124924,77.72325216370828,91.25252445175272,1693174,0.09613157377327254,0.043900447432678395,Financials
2013-07-05,96.45840437684869,103.25359903797245,88.90282463467935,95.64039293311208,919068,0.046964593737047096,0.05502718736452381,Financials
2013-07-08,97.69937414168574,101.50770021430297,94.17188323501236,97.97042293823381,1294838,0.02407037532337199,0.0534157658293243,Financials
2013-07-09,90.60488031941169,101.13081730962378,80.3573284657329,90.85497891827357,1426205,-0.07540102930109159,0.04969409096198226,Financials
2013-07-10,106.57957594243285,122.56651233379777,90.15301733677859,106.06237333738657,2425608,0.15476275170361892,0.0541146876936366,Financials
2013-07-11,113.55102148850467,124.717111533278,102.1121372782647,113.24847641953751,1606252,0.06555696225597132,0.07768813253370979,Financials
2013-07-12,114.36222409904492,117.8616123031274,111.60289263647711,115.08484543474418,1479515,0.01608533169821334,0.07465262248772533,Financials
2013-07-15,122.09819138163849,133.74244671314477,110.79554515005186,122.4108569840887,1815361,0.06171342427319163,0.06780281645928951,Financials
2013-07-16,114.09361652173303,125.99825931136766,102.57039715504055,114.44005079896814,1768934,-0.06733195492140727,0.06594739984395233,Financials
2013-07-17,112.53287991210807,115.99335625535613,108.67013909060906,112.11785302407088,1533890,-0.020500534871531622,0.06526320908424028,Financials
2013-07-18,112.63494107097071,113.44255693805424,110.7831184744248,111.58319309055118,728835,-0.0047801381430691015,0.05975340958875437,Financials
2013-07-19,114.93561454244079,120.9861010543869,109.275299776403,115.30747310889672,1153857,0.032831800590104404,0.054404075436360264,Financials
2013-07-22,105.37401694769784,121.16248435384483,88.71169714061651,104.34615767600657,1934186,-0.09988842830823955,0.051278960683367986,Financials
2013-07-23,106.17767240962846,110.2349355175837,102.6456918797971,106.68604409806412,1104714,0.022176542705420146,0.06082992818914606,Financials
2013-07-24,104.59041748982285,107.34458869377536,102.60364047865912,105.34350617243308,1310167,-0.012663856204335088,0.05598208631117754,Financials
2013-07-25,101.01944823511886,107.30762551813224,94.88361033833566,101.16306448866052,1323394,-0.040492783016739975,0.051295722807036426,Financials
2013-07-26,101.18993607542903,101.6309623061482,100.42992183406652,100.8695517014881,1052104,-0.0029056000878086197,0.049507077919254856,Financials
2013-07-29,96.68733689162853,102.60761954029091,91.29724823106606,97.18953455646994,1123174,-0.03716507823979692,0.045409547322816136,Financials
2013-07-30,102.18326298274411,111.34324730553661,93.64507841902196,102.75711321421825,1309594,0.05570504284486076,0.04423582311358065,Financials
2013-07-31,105.57323969854463,112.22288015052311,99.90323559548257,106.50294454665215,1517138,0.03580455375025128,0.04616171798125546,Financials
2013-08-01,109.7214927649872,114.34920469115183,104.92002513457491,109.54008588158916,1006978,0.028117930282973946,0.044688010427551654,Financials
2013-08-02,110.60016566891653,113.71429955308231,108.10170991103529,111.2022428817663,1292185,0.015059988037512958,0.04261698395344396,Financials
2013-08-05,113.53969875123917,119.01098058181987,108.86014303481981,114.30008541498657,1104617,0.02747676667507624,0.039836997163239914,Financials
2013-08-06,114.94411166341905,115.25376546093248,113.78762412056624,114.0949904271281,1200626,-0.0017959672924651076,0.03850759639895322,Financials
2013-08-07,115.47367973771648,118.38502975717047,112.89937007246263,115.80337014681558,844405,0.014862317087328568,0.03587132293513972,Financials
2013-08-08,114.47469109571622,116.15064505791891,113.4322064496698,115.10244366861251,540792,-0.006071121549913928,0.03409596336334127,Financials
2013-08-09,119.19890268322546,124.35794077889226,113.34440556121967,118.47198185513992,1369739,0.028853946244662403,0.03218006450693538,Financials
2013-08-12,113.7192489006565,120.08543506937612,108.79331312044899,115.09970267002798,1188884,-0.028877760085047933,0.032455011530115006,Financials
2013-08-13,115.45538598094478,119.5373181017683,112.81697107348464,116.86665258245333,971470,0.015234830811014767,0.03267645900132627,Financials
2013-08-14,118.78092767062562,121.56433408976511,115.92502034110838,118.70668707221695,1390996,0.01562207263250081,0.031448621412842916,Financials
2013-08-15,118.41610504784954,119.1050302461207,117.55922592654792,118.2471682788028,921166,-0.0038785557532780048,0.030460137951344335,Financials
2013-08-16,120.54224081679577,123.9555328994445,117.08846136488678,120.50057359218432,787808,0.01887743283748629,0.02906049694037655,Financials
2013-08-19,124.13079421139784,129.5336324072542,118.649101931368,124.04835179072661,1058783,0.029016910376298666,0.028793464649419644,Financials
2013-08-20,119.90005673133025,126.54541713917153,112.92260557999134,119.54848014971476,1448381,-0.03694944266641504,0.029825292092145978,Financials
2013-08-21,114.12352035316333,121.6456767883104,107.63651106071494,115.10299234748592,1374933,-0.037894667534345734,0.03188146225801546,Financials
2013-08-22,117.5166382297343,121.02218716172837,113.91242246908436,117.41493764885354,356944,0.019886823317398584,0.03359379381222372,Financials
2013-08-23,122.48079369263549,129.35790215347518,115.04922144687359,121.89334559948063,1663141,0.03743230947211606,0.03259075401716221,Financials
2013-08-26,120.23799964142117,122.12684647911341,119.54164489641269,121.42362521936363,1197451,-0.003860979873723593,0.03405734086490283,Financials
2013-08-27,123.19346206687871,126.18105122261663,120.33307426417966,123.31777699321107,963911,0.015479110415487366,0.032096075278269444,Financials
2013-08-28,118.82240983519227,125.44117636057334,112.20355453534764,118.8223158240231,1386696,-0.03713534360261583,0.030984945820557743,Financials
2013-08-29,113.16448963664142,121.38794661023258,105.08617881020294,113.29996481209531,1908229,-0.04759037546364024,0.032785798078969655,Financials
2013-08-30,115.09214362575112,119.79690375567732,111.20313392660422,115.88123049470799,978285,0.02252693408157618,0.036050706235183715,Financials
2013-09-02,112.2250977060102,118.09771085225695,106.05227393066157,111.90830992881062,1383835,-0.03488591688364821,0.0348689281440047,Financials
2013-09-03,104.44632911667294,115.02046087931645,94.52006083013849,105.0379652549151,1584026,-0.06335801599719988,0.03542919416881129,Financials
2013-09-04,98.41386273574649,107.88542126866352,89.33197979927834,98.7706162092963,1632455,-0.06152170493062985,0.041307601821290486,Financials
2013-09-05,101.06625974250325,103.22471797517181,98.04728298224434,100.18696217754791,273424,0.014237908464987093,0.04508649910135791,Financials
2013-09-06,106.070098155913,115.69215692186802,96.67659317358509,106.28005801862581,1878929,0.05903960459884024,0.04191230877191092,Financials
2013-09-09,103.64456271064691,107.38214040617326,100.2761721682223,104.00212915357208,1456380,-0.021666295232668838,0.04503514780648233,Financials
2013-09-10,106.6283073431085,112.05081690316744,101.79560194399352,107.1925388873779,1542257,0.0302152747210257,0.04234319169273549,Financials
2013-09-11,110.45481947787367,117.02471876008426,104.54726956780026,111.08354232629543,1674382,0.03565590551261133,0.04088154999693937,Financials
2013-09-12,112.01862323515267,112.35328084409639,110.97247982360429,111.30500548696243,960784,0.001991678402981242,0.04034529023083665,Financials
2013-09-13,114.61197194913704,121.82430941467302,108.30133839332679,115.46661829732281,1261100,0.03670723891805887,0.03745382453738856,Financials
2013-09-16,113.71020173199666,116.2516260449576,111.32482379387659,113.86304187296604,1175520,-0.013985130045717227,0.037740487362116965,Financials
2013-09-17,113.40706930761729,114.62818377237313,111.83136419615094,113.048619035445,900096,-0.007178355942071288,0.0356204026987825,Financials
2013-09-18,106.2650841855178,116.9928524259693,95.0208364324779,105.69060982079046,1359708,-0.06730193222402803,0.033507906378098376,Financials
2013-09-19,107.83971747003481,110.35880386650533,104.84178226177644,107.34941542714262,937350,0.015573027919393363,0.040959203410685055,Financials
2013-09-20,101.0994098708933,110.7233214320025,91.15799794440925,100.74850607516338,1620581,-0.06346170614579068,0.03845130628492393,Financials
2013-09-23,105.69618392936377,113.17003089580662,98.14369468455844,105.61155767249144,1821952,0.04714044026059691,0.043438584070545246,Financials
2013-09-24,106.20014342986642,109.14294100209949,104.09196068697584,107.01851278074612,1335796,0.01323402319936788,0.0440779041588583,Financials
2013-09-25,111.39900530460974,115.89714686212768,105.49931250461742,109.9384800214421,856067,0.026919100670113418,0.04099463639960976,Financials
2013-09-26,109.22911999832586,110.54921708126307,107.73825081754171,109.05625877259949,897502,-0.008057052203401738,0.03940994630752652,Financials
2013-09-27,107.78941948647511,111.72614161616707,102.54581511581661,106.4329975381167,1314090,-0.024348228539480685,0.03677298611618248,Financials
2013-09-30,106.89874241085903,108.20792461466434,105.83479086425328,107.14155636718314,1310263,0.0066352607624170145,0.035647264148492196,Financials
2013-10-01,109.805237554806,113.16125889641626,106.00500564286915,109.34702237075638,1855842,0.02037559966077938,0.033513966578513084,Financials
2013-10-02,110.81476844166437,112.26960578884601,108.86008040245247,110.30826813448253,1142761,0.008752367382316328,0.032570285904348566,Financials
2013-10-03,113.37679648815931,116.85369065057483,109.13401046225373,112.58667416683576,514237,0.0204444781772647,0.03098627775858308,Financials
2013-10-04,111.35612690908278,112.9800112195228,110.17230191248713,111.79155717158234,1249943,-0.007087321428137168,0.030509277779992537,Financials
2013-10-07,110.41200963714397,111.95580989190658,109.9224429552277,111.46158937503724,745758,-0.002955998980697705,0.02919224799975598,Financials
2013-10-08,114.17686207407957,118.10599473695753,110.12356841769564,114.04827609134577,1261367,0.022941791600056993,0.02798321933086843,Financials
2013-10-09,116.23434633599314,119.86784297668764,112.732466739474,116.36211402682567,654078,0.02008516820777693,0.028379522927079973,Financials
2013-10-10,117.26977859988155,117.43749163543553,116.08496725191146,116.25122360397647,543416,-0.0009534314100720191,0.028369525102566136,Financials
2013-10-11,112.58776264892587,119.53420930347396,104.68313693181558,111.56657850467812,1687776,-0.041132040706819806,0.027276369229685998,Financials
2013-10-14,108.43899957005297,114.11123113141427,102.10725045089006,107.74307981357254,1707125,-0.034872026877482545,0.03080546981608057,Financials
2013-10-15,106.95041393568698,108.1699091144917,105.7079325005058,106.92716255696827,678782,-0.007601623555741425,0.03227367836570757,Financials
2013-10-16,107.86422121098953,110.63999038928768,105.64158287822342,108.40618442193366,1749991,0.013737260343374932,0.0306910402936263,Financials
2013-10-17,104.20501370440971,110.38117353081061,98.03336841887108,104.20927581740287,1332471,-0.03948399452285639,0.029696107686113405,Financials
2013-10-18,107.27219684554939,110.34828635006008,103.17467758803065,106.22061232550632,1240273,0.019117034950753304,0.032238717761200394,Financials
2013-10-21,102.68383341028432,107.97276451587561,97.34870171493179,102.63512394448848,1182713,-0.03433796687649814,0.03140520804110871,Financials
2013-10-22,103.22690830727184,104.06928205435187,102.35289512384861,103.1950085559244,595828,0.005440272379191154,0.03264803315769539,Financials
2013-10-23,100.79738741439134,103.55851810467658,99.71681488028793,102.46012066529973,887334,-0.007146828979214419,0.03093791750888787,Financials
2013-10-24,101.51282263699648,102.67325079515626,100.87399662335255,102.03116283691242,1688759,-0.004195371560289315,0.02955309402580585,Financials
2013-10-25,98.83195934360299,103.03078015604612,95.80498718281714,99.96898382036629,991858,-0.020418308550456964,0.02830809892200163,Financials
2013-10-28,98.48178606629757,100.46797291789997,96.97659656939905,98.95554255625623,945288,-0.010189291895290036,0.028348101704902807,Financials
2013-10-29,99.1214736693803,99.34533614926848,98.88082212044647,99.1046465969634,1234902,0.001505644011675788,0.027540245943279525,Financials
2013-10-30,98.91828739144995,99.32203112376071,98.78819322871894,99.19157753858305,730058,0.0008767786433408506,0.02659158065772969,Financials
2013-10-31,100.62606868900038,102.08477567405654,98.70295689192166,100.15483269248777,749518,0.00966420864931473,0.025803198263386805,Financials
2013-11-01,94.60226528667226,103.40286305212172,85.3752378373188,94.13209710406882,1849031,-0.062018231373079644,0.025429384023572844,Financials
2013-11-04,97.51585646155745,102.20907948965173,92.52323383870194,97.20131886628104,1456626,0.03208519583988154,0.034558096169369626,Financials
2013-11-05,100.06028220593694,105.03667194138255,95.34122160568081,100.30602173051571,1340477,0.03144145040182669,0.03478259014929239,Financials
2013-11-06,100.35729427930838,100.98043195924278,99.9533096904131,100.57556871465376,1255980,0.0026836420929598212,0.03487330759335141,Financials
2013-11-07,100.7311866682092,102.57277338701303,99.53856779178798,101.37256088420709,1245077,0.007893079365443464,0.0327719141374572,Financials
2013-11-08,97.14801606058442,105.65301304352113,87.25365516381122,95.62534739225812,1272995,-0.05836452681739257,0.031121436185797595,Financials
2013-11-11,88.15832232643196,98.5447626376506,78.81735343339919,89.10363182678556,1915242,-0.07063783011088544,0.03722630428616381,Financials
2013-11-12,90.57974652779234,92.46951656333266,88.46659607626736,90.35160641253447,1131675,0.013908701874912718,0.04423905108680558,Financials
2013-11-13,92.42064539148674,97.45354176049518,88.16776128812435,93.16634317847118,1242606,0.030677735011461264,0.041166645612990806,Financials
2013-11-14,102.1971787717365,114.7838039413904,88.68248082679908,101.13874965243882,2035246,0.08210680125698899,0.03996151501927168,Financials
2013-11-15,98.46971636778507,102.5323448066327,94.3352888790943,98.39482758317548,1226892,-0.027505095567816936,0.04887501578523105,Financials
2013-11-18,102.4545149044902,109.06146870222535,96.01082293171896,102.60811624980852,1248229,0.041928797891618255,0.04609222577327416,Financials
2013-11-19,96.47353721340693,106.24087679045337,86.20066079233095,95.9110523061599,1645597,-0.06749581186835608,0.04542354274253615,Financials
2013-11-20,94.40889551034199,96.0078366230898,94.12192840721518,95.71689370338,1437330,-0.002026412882497781,0.049335497171830396,Financials
2013-11-21,94.15954768939582,96.42346206803425,92.00944664878553,94.27082015867656,1412557,-0.01522310513288107,0.04525272342444044,Financials
2013-11-22,96.33093679190928,99.22719762741507,93.28772640408549,96.17943214022569,1401628,0.02004382622349858,0.04210710891697663,Financials
2013-11-25,91.5353996421367,98.29837104030906,84.85327164009018,91.61074294134512,1125557,-0.048666985874104125,0.03973248220950433,Financials
2013-11-26,90.08497729589605,93.13171756277823,86.53902769366991,89.5682933283041,809552,-0.022547157571565262,0.04145126585682758,Financials
2013-11-27,91.73551843202438,93.88361559802941,88.84714958749495,90.97749676726038,1260704,0.015610799413509988,0.039380478667612316,Financials
2013-11-28,88.87197725591567,91.5052404914084,87.28800541204829,89.90289453243982,1405796,-0.01188204945867379,0.03711081026899766,Financials
2013-11-29,88.94113485994416,90.52248416054199,87.26393814373735,88.84355245560249,1017213,-0.011853152860319759,0.03497066278980124,Financials
2013-12-02,88.84043808250733,89.57024308157969,87.63248404203011,88.35832861602654,1234308,-0.005476522589818665,0.03315768975178921,Financials
2013-12-03,90.69723207508692,93.92883660618546,87.25835377425379,90.48230013296781,914608,0.023753790181256666,0.03136948767022256,Financials
2013-12-04,85.3327774869379,92.44882400404074,79.19685623476819,86.24715379593536,1927874,-0.04793719703708575,0.031174864675729882,Financials
2013-12-05,88.03987747075023,92.2844924176451,84.42245502741346,88.64231667870843,1413161,0.027392302573634647,0.034959891003919254,Financials
2013-12-06,89.97315654067579,94.11961232774559,86.70159401002628,90.81735349574487,455361,0.024241026667922317,0.03450081041435932,Financials
2013-12-09,93.13694334539974,97.36273251075083,89.19935157610625,93.41345071694877,1239987,0.02818496168372108,0.033769643786769346,Financials
2013-12-10,89.99711714177154,95.27802254199933,84.55867086439201,89.82975573025215,1251983,-0.039119070832078995,0.03363732871312993,Financials
2013-12-11,90.68781028272149,92.36072665369824,89.16836939826614,90.83875671728623,1105401,0.011169754639338742,0.03513859931441358,Financials
2013-12-12,89.74835720560127,91.3203635111412,88.28945908271014,89.85965617565226,927906,-0.01083695321983442,0.03326396612294721,Financials
2013-12-13,93.62597138559642,100.62331699424703,87.1417417652769,94.10585238032284,1128511,0.0461711604473105,0.03166716101967772,Financials
2013-12-16,96.63685421346099,98.92726045926457,93.33866684943442,95.6046076466991,1154231,0.015800778177542243,0.0349573122278394,Financials
2013-12-17,100.83037829719005,110.0459422106979,92.10545447791063,101.28194408499854,1221225,0.05768713732656612,0.033392523582504274,Financials
2013-12-18,97.7530957137704,102.87121866654225,92.82678353187652,97.93570386304623,1396816,-0.033596973039902896,0.038616309726676346,Financials
2013-12-19,96.60958937911927,98.48906929031726,94.93345901385248,96.80947107285806,1670570,-0.011566349165672994,0.03823988743631279,Financials
2013-12-20,93.0192125497769,99.07026476226598,86.67045839886933,92.70079716903487,1313199,-0.04336775917305614,0.0359151535965926,Financials
2013-12-23,86.12701402412611,95.72947911524773,76.46534334818223,86.06037919510204,1713257,-0.07432793841300278,0.037603629966364946,Financials
2013-12-24,77.1733414868321,88.7493427098569,65.57514344684117,77.14722758451902,2420872,-0.1093334908004148,0.045386371893189593,Financials
2013-12-25,75.04910796996849,78.09026374038382,72.14982444142764,75.18570328635269,1137058,-0.025754545763120192,0.05950638650172086,Financials
2013-12-26,84.6436207556562,97.34016386900463,71.7431622545643,84.4037202994874,2429486,0.11565038299974607,0.05506634654408668,Financials
2013-12-27,84.49177216645107,85.31504954408622,83.94628614050313,84.76778157803702,1025701,0.0043040563750461076,0.06732082649944927,Financials
2013-12-30,90.75593026000057,100.29980548076448,81.31875997797688,90.85258467957952,1302144,0.06932270802203803,0.06106106516960785,Financials
2013-12-31,94.15217053531154,98.73563053866968,89.28078151687305,93.8495074561078,1128160,0.03245427040997158,0.061673402864151974,Financials
2014-01-01,92.23783765517369,95.52618526259249,88.37804681662547,91.64526890684512,1503613,-0.023767163173043414,0.057453275336152285,Financials
2014-01-02,87.82276174990288,93.48542428790748,82.1288107685165,87.78931683521799,1553408,-0.042985534540809466,0.05315481901272443,Financials
2014-01-03,95.71273264605522,108.274494977958,83.21791467880998,95.77194688794788,1660027,0.08702999501261734,0.051356706031289244,Financials
2014-01-06,104.80199272048365,118.60623648156063,90.78947648824202,104.56212557809299,1825619,0.08781158578345062,0.05784584694074276,Financials
2014-01-07,108.96730698852367,114.59888683360057,102.63417002612825,108.22751648347685,1926106,0.034454247490763514,0.06271797825427823,Financials
2014-01-08,111.45759100643961,116.2462892493802,106.58725281315938,111.37228598490051,676794,0.028642871844496178,0.058522646151438776,Financials
2014-01-09,111.58696422976524,112.514037364051,109.83695260837908,110.75713142752495,1159373,-0.00553871825850478,0.05443328215511393,Financials
2014-01-10,113.41965716984556,117.13461809950171,109.49439212681041,113.20223146922986,1074168,0.021836079226213848,0.049749244968488315,Financials
2014-01-13,115.34461059371873,119.37017903738187,111.63796012246722,115.65359908329955,1005261,0.02142363047088254,0.046384394502286555,Financials
2014-01-14,122.49163617673966,132.84469545934707,112.01571615087309,122.35743246307997,1960128,0.056347026925001785,0.04347476778613015,Financials
2014-01-15,121.14017934090447,123.86189441769947,117.83018634603492,120.53838051721002,1237731,-0.014978322863111845,0.045697838720659245,Financials
2014-01-16,130.8133276195857,146.37128079000433,114.96589486733848,130.48477211787568,1929924,0.07928831846890638,0.042476893652434726,Financials
2014-01-17,119.31136050257797,135.83632060090764,102.4974395495364,118.97594343794616,1738705,-0.09233521451056699,0.049864063335554674,Financials
2014-01-20,122.71050147538209,128.29076551822706,117.06115921312126,122.6381322637135,1090764,0.030316688334206202,0.058034546829217416,Financials
2014-01-21,122.33046075929349,122.77589243738129,121.91635040866291,122.36167641620433,814849,-0.0022567851487968775,0.05415045834774728,Financials
2014-01-22,128.04830474808716,135.09764717228123,119.94785308626737,126.93595838248156,1908579,0.03670147469249933,0.049462932316008776,Financials
2014-01-23,142.09911501412608,163.41398226624497,119.86394414519157,141.01640487669596,1961383,0.10519353568413901,0.04753225300076862,Financials
2014-01-24,141.87711310398572,143.8003949337754,140.2070461076323,142.1273819670726,430958,0.007847481339382316,0.05972691229858443,Financials
2014-01-27,130.31508353314226,146.98235907828223,114.52707325090265,131.09933472995428,1745026,-0.08076839535987328,0.05443418674586799,Financials
2014-01-28,124.0022899686801,136.13223058560047,110.80813991028846,122.8226918953993,1623255,-0.06521353016939747,0.05872814148854486,Financials
2014-01-29,112.72490143579007,127.06809201080792,98.87099946082198,113.16063797088182,1373049,-0.08193340186897095,0.05913642160066901,Financials
2014-01-30,104.32305628282273,117.82321243368966,90.37394172965993,103.80736351587399,1614772,-0.08627147651980609,0.062487242210382446,Financials
2014-01-31,94.3241571178539,107.54141444048128,82.15339946421238,95.25105770660977,1540090,-0.08602078919849906,0.06587973512684549,Financials
2014-02-03,92.82621353524782,97.65951032266572,87.2110645974555,92.00141561575575,1674396,-0.03471215441805206,0.06842549251891833,Financials
2014-02-04,87.73129945682567,94.32794499648132,80.92378263268286,87.5032833020384,1155305,-0.05012764794699061,0.0634537506442026,Financials
2014-02-05,86.665030041718,87.79274994758705,85.79330362206746,86.91847424128007,1035455,-0.00670571447507665,0.060811347131583336,Financials
2014-02-06,86.61704932215916,87.02163638114557,86.30715997412739,86.71140944142637,841328,-0.0023851297210490245,0.05536389566278308,Financials
2014-02-07,86.40159342521771,86.79319546742146,86.15618363071228,86.54737161347794,745882,-0.0018935591715897255,0.05052704306542745,Financials
2014-02-10,85.38333257909821,86.80391155288413,84.6148745561175,86.02963673174871,717888,-0.006000062695833675,0.04629172171888722,Financials
2014-02-11,89.73024686154183,93.88671175609473,84.6177517440047,88.72778061611444,248311,0.030881187707466666,0.042658397914270126,Financials
2014-02-12,86.46271113363366,89.60522672363055,83.78861700987405,86.91708000861313,912759,-0.020618476941862536,0.04121696608465176,Financials
2014-02-13,82.9746751675874,88.86535024138625,77.01388693367446,82.89920403637518,1713485,-0.0473291002096017,0.039023568177307726,Financials
2014-02-14,82.12465069072317,83.74476965444325,80.2020445905779,81.81607613119905,1059750,-0.013151706583377021,0.04067281226604285,Financials
2014-02-17,80.61215772713328,82.20409392976909,79.44274130510775,81.0286357853236,1114637,-0.009671133610589534,0.03807055599818972,Financials
2014-02-18,84.24990927538143,89.14066790944047,79.33657893203485,84.22594651312532,1847114,0.03870040673138282,0.03568645977126507,Financials
2014-02-19,82.15677890218166,85.6894409326991,78.32651102679573,81.84580132215025,1618367,-0.028666021864720708,0.0366534711996158,Financials
2014-02-20,83.31738628322712,85.19447778604012,81.21252935272757,83.08437116249738,1227075,0.015019606243464144,0.03602835941612037,Financials
2014-02-21,82.78604747869566,83.21415570188874,82.39564158506444,82.82357284457288,1246294,-0.0031438944566248017,0.034238464211030634,Financials
2014-02-24,83.27548145444021,85.27213626931167,81.81211601298104,83.79956138887691,822594,0.011715056387954009,0.03223818475158271,Financials
2014-02-25,81.8055502253824,84.96611973702178,78.51343254230521,81.6687154210764,1187680,-0.02575676510075162,0.03085493196861217,Financials
2014-02-26,82.38843436878606,83.49981901854524,81.28796170411401,82.39920252229444,1714168,0.008904750390458386,0.031002146759513974,Financials
2014-02-27,81.91114471576532,83.89587650139838,79.11429177189666,81.07885697407572,893482,-0.016153534764369003,0.02967828616827814,Financials
2014-02-28,84.09056039622568,88.44691363614113,79.58006297213069,83.92799439987651,2191334,0.03453699772712324,0.029047909369118448,Financials
2014-03-03,81.69099378278766,84.98090752068313,78.44734961151121,81.7354963199157,975022,-0.026470842713303546,0.030886007556395388,Financials
2014-03-04,78.34233926300571,83.4010785669466,73.23613046662258,78.2915929693789,987894,-0.043048151242612374,0.031116911757303918,Financials
2014-03-05,79.60040570781729,81.51216062428702,77.64455978544191,79.55522971463932,1027949,0.01601126610239533,0.03394968713641549,Financials
2014-03-06,83.66515606567809,90.65198071831965,76.95713256990632,83.9232629776402,1873828,0.05345135148421003,0.0325656122567756,Financials
2014-03-07,83.1891648065067,83.94932701331527,83.17366471872933,83.93368820340949,919486,0.00012421559797613863,0.03710757776587158,Financials
2014-03-10,83.31773158587607,85.00696509573416,81.1279642567416,82.80683963775662,951625,-0.013516398632120652,0.03466381653175805,Financials
2014-03-11,86.22070412466367,91.15898927536753,81.10246540486199,86.02981753893927,1254340,0.038183289430218315,0.03299497076881967,Financials
2014-03-12,88.37837403514916,93.18047843824084,84.0838205975749,88.86240459613043,1393010,0.03239520591214826,0.034490999051708916,Financials
2014-03-13,86.5226151210508,89.77705877143218,83.73242432677395,86.97236441260996,854520,-0.021498739879534726,0.034772411728000135,Financials
2014-03-14,93.34791317551684,102.86585176555234,83.5982172828188,93.0898424714076,1574371,0.06797465714553572,0.033713882398300456,Financials
2014-03-17,92.85735109344161,93.90944261455576,92.36819567325195,93.41733729023714,955053,0.0035118771924865675,0.041259953892377486,Financials
2014-03-18,90.11437020456134,95.39484507257323,84.574051095513,89.83835199227262,1672860,-0.03906498564749888,0.03825907772507277,Financials
2014-03-19,91.34724430824474,94.7781664989393,88.38530798810378,91.80150089926936,1555591,0.021616680704281306,0.03872875660596944,Financials
2014-03-20,91.01035861747468,92.47973494042621,89.35241795682497,90.81869992045559,1563357,-0.010763436494282064,0.037013854207528354,Financials
2014-03-21,87.70681962804909,92.24496225796847,83.28288649321068,87.81554501327042,1129015,-0.03362667542919024,0.03483386365897269,Financials
2014-03-24,86.45281477889647,88.63550657658351,84.16975767724684,86.34984989968724,726520,-0.016831468921471058,0.0352183395547339,Financials
2014-03-25,90.80589520249355,97.41961913610241,84.04400722410092,90.64609211723467,1432163,0.04855576038582454,0.033686197539974656,Financials
2014-03-26,92.79438809929698,95.97116664350798,89.56383065992478,92.73870284174643,1114434,0.022823065124812,0.03689792953213766,Financials
2014-03-27,91.93809364617711,93.06961259776158,90.93953474519292,92.06962510602914,1226042,-0.007240806368592168,0.03559915179130802,Financials
2014-03-28,96.3152059133132,102.11718289869178,90.06886464929967,95.84235749652184,1685499,0.040159646861995614,0.03349185092135978,Financials
2014-03-31,93.06962530820878,97.11245297472222,89.15341392797072,93.19112892898404,1806493,-0.028052198321197173,0.035203449375350984,Financials
2014-04-01,95.17889808752365,98.00536140018113,92.23170054869392,95.05446876807433,887166,0.01979754875258415,0.03477736552610169,Financials
2014-04-02,97.44117611627922,100.1585185881653,94.13766088654114,96.83818782141302,1210699,0.018591336025770656,0.033561340301610586,Financials
2014-04-03,94.8308690172513,97.61882386248269,92.459183306164,95.23698142701528,1293776,-0.016673092040355653,0.03244898329001814,Financials
2014-04-04,101.45072833847706,110.05568091801155,92.22957913392091,100.77742256988222,1667388,0.05654602137387782,0.031369539572212835,Financials
2014-04-07,104.44898050203517,112.10367166789281,97.64668176422713,105.2492546265735,1459820,0.04341704249681023,0.03697101960130879,Financials
2014-04-08,106.04944757036877,106.74237064196177,105.01802094345662,105.70871769898223,1209031,0.004355974736113673,0.03842188138500978,Financials
2014-04-09,100.37146130608403,109.67897629948241,90.1568520554366,99.3716542492954,1836414,-0.06182046086463426,0.03583069846816076,Financials
2014-04-10,97.97635850900994,99.96142885933934,96.18869539348215,98.17022842016875,737695,-0.012163907992582367,0.04123513755767492,Financials
2014-04-11,95.8188798179067,99.18094156520237,92.72808902525449,96.08167392934817,888821,-0.021504396618049443,0.0385027707336511,Financials
2014-04-14,96.08013737446514,97.07383425750542,94.43459258833057,95.42147736202936,1062318,-0.006894917168067919,0.03681489568667058,Financials
2014-04-15,106.78949356731906,122.80791760241691,90.51603544889079,106.48945346928329,2024641,0.10974226909100428,0.03451666580000923,Financials
2014-04-16,109.60735664933063,115.11225924560249,104.41528268482122,109.90603687124784,1338936,0.03157983869714464,0.053475461832002726,Financials
2014-04-17,117.24137830095614,128.1158573015594,106.07226673444335,116.9166238111027,1343735,0.06183527328089873,0.05037154897695162,Financials
2014-04-18,117.7262964329677,118.83003984357293,116.54665546625783,117.64968056445042,800843,0.0062503362689445546,0.05199398532838642,Financials
2014-04-21,115.52885028025453,117.82106379245609,115.02099745446809,117.30540143233645,748105,-0.002930597419631412,0.04762939862925001,Financials
2014-04-22,121.70988709805414,127.17088026534094,115.44413327865547,120.86732142024367,1659930,0.029912624178111878,0.04377369017129575,Financials
2014-04-23,130.60588987727027,147.67166197874363,114.3488653612117,131.32511296034417,1969243,0.08298260020450446,0.04203716836031205,Financials
2014-04-24,133.91559859320105,135.6578361341112,130.7456719134055,132.46909043061288,966866,0.0086733114449825,0.0504640031062506,Financials
2014-04-25,138.37225553418278,147.2320711995399,129.39433665630617,138.2460729997582,1114345,0.04268589649061265,0.04635273926446403,Financials
2014-04-28,138.2871248650778,139.61414545877767,137.46862608595848,138.79265453258702,1334475,0.00394589050338998,0.04574028873691773,Financials
2014-04-29,131.96246916650102,141.5828706759625,123.2574418048257,132.82119656077757,1463255,-0.04397728847531604,0.04214350150104989,Financials
2014-04-30,134.87421132709832,138.8532347855857,131.25137453556846,135.2210807834782,1646234,0.017907237446817336,0.042555376396659565,Financials
2014-05-01,134.4611401163482,135.47697407398934,133.6919202686696,134.70635143134555,890074,-0.003813839681427565,0.039960836091798686,Financials
2014-05-02,130.75115102783815,136.22099530747687,126.12541339060309,131.5664151114852,1323763,-0.023585452726404433,0.037143997400546774,Financials
2014-05-05,124.9369609460221,134.45345790294905,115.85679539403269,125.34372925334748,2064046,-0.048451984548764614,0.035877322522171004,Financials
2014-05-06,130.3614346669676,139.96160442613453,121.56294292704632,131.11242598629516,1334605,0.04499537132996758,0.038495259943205504,Financials
2014-05-07,127.98773769500124,131.9513712483452,125.46509402564308,129.4008745915814,1185783,-0.013140027916162247,0.03986471555955492,Financials
2014-05-08,132.6734023453947,135.71593092285855,128.38119771292006,131.3943955067563,1373136,0.015288312119224903,0.03737988078312991,Financials
2014-05-09,122.49192595244122,135.25292992662654,110.091024392982,122.81892360779122,2364104,-0.06749234810395587,0.03539582267735883,Financials
2014-05-12,118.06146025127741,126.70628656421,108.40273189558435,116.96745149400287,2158751,-0.04881540114520746,0.042256052445696544,Financials
2014-05-13,115.40604655916599,117.66457365260965,113.2912956189637,115.5472355043411,967037,-0.012216291972293384,0.043426958021255575,Financials
2014-05-14,106.74335493975543,119.48317899566285,93.97395401136319,106.70976966303262,2003475,-0.07956669566986226,0.040386955998400816,Financials
2014-05-15,102.78633430035114,108.93195976768052,96.4090597097069,102.53995402730735,1646476,-0.039860198077637445,0.048523332849532114,Financials
2014-05-16,95.85551506793001,105.12874864523967,87.70030021848531,96.88587281179183,1439090,-0.05671880116419903,0.047137420095710154,Financials
2014-05-19,101.31419909601632,109.08450319027779,93.95222916724778,101.69487177993307,1343559,0.048443159954914446,0.048580885741710794,Financials
2014-05-20,106.06756453855908,112.47252091422497,99.47916568553808,105.87233287480234,1079587,0.040257084582707776,0.04837450702097068,Financials
2014-05-21,102.55506700512731,107.28489161054908,98.20855676547274,102.92279619564495,2029485,-0.028254805712897436,0.04706558479911247,Financials
2014-05-22,101.05158481471992,104.68462738954415,96.87256536057949,100.48524674746334,803830,-0.023968237486398595,0.044630544752075285,Financials
2014-05-23,93.9101025106195,103.2105090530237,85.23935804510398,94.48654179661432,1436301,-0.06155350868337094,0.04218625227635487,Financials
2014-05-26,93.83930645815238,94.61328815521841,93.45962697524594,94.23201973077025,1089948,-0.002697373465604581,0.04573914154839898,Financials
2014-05-27,93.01828093129548,94.77048890255182,91.38573680023498,93.13588080110453,985902,-0.011700525349895642,0.04212774180049916,Financials
2014-05-28,91.3852053020622,94.19611531710743,88.43887738178447,91.24548990233875,1243239,-0.020505945178282137,0.039247071832012544,Financials
2014-05-29,92.23166548085644,93.57927166378512,90.79238396841995,92.13863081240822,696244,0.00974073402305551,0.03735425258331277,Financials
2014-05-30,93.47876081437846,95.9313862561377,91.19986100093779,93.64835201314465,1525984,0.016252531901985813,0.03507854663098986,Financials
2014-06-02,97.70567167120572,105.42787883716416,90.61256576675757,98.29219341055229,1265632,0.04839777659525249,0.0335264860368304,Financials
2014-06-03,96.92673814807812,99.80551884770233,93.50301112991619,96.36511118078735,1440056,-0.01980038913669825,0.03675012829483487,Financials
2014-06-04,100.35013036184144,105.70109962824164,94.52795088766983,99.8523785371681,1321059,0.03554866178453193,0.03520320802489682,Financials
2014-06-05,99.68325644361815,102.7869880547879,97.94178581702445,101.02212729879555,1444691,0.011646694331116649,0.03579062429458285,Financials
2014-06-06,100.5812326852929,101.91868334138388,100.04716168564619,101.38036904956896,1080566,0.0035398982851189108,0.03383964913002434,Financials
2014-06-09,102.50659755312861,105.25135730928609,100.18640648943641,102.92176902471954,1040085,0.01508970231559758,0.03190575362806642,Financials
2014-06-10,101.524210485902,104.49945374676143,97.97264087428167,100.93048455055447,1437392,-0.019537167516462096,0.030798320718115484,Financials
2014-06-11,100.01937655281608,101.97134430922935,97.68153703154547,99.62582426236564,776388,-0.013010597370817285,0.030266885938756014,Financials
2014-06-12,101.6440863786809,104.29031892363219,98.73094464001295,101.37004264853131,1488001,0.01735619938965335,0.029296055265778716,Financials
2014-06-13,103.40207389948648,106.38192085504251,100.35844191985514,103.33639617082191,1156265,0.019212038618958722,0.028840817115616875,Financials
2014-06-16,108.75772336023478,116.8286651187936,100.51982903663598,108.57738806106182,1128703,0.049473524020148214,0.028649599468432745,Financials
2014-06-17,112.06550639489585,117.19916535264434,106.81634067739016,111.94445430578993,1491765,0.03053963182128226,0.03352288884638561,Financials
2014-06-18,115.30890023317052,122.72378465641465,108.8436087071661,116.20807690655371,1113734,0.03737954608840952,0.03374800183792548,Financials
2014-06-19,118.2929156798318,121.28658737550488,115.19436760769686,118.18531625481465,1314613,0.016871518627966278,0.03493889912845605,Financials
2014-06-20,126.66899120917859,138.3930076970216,114.07251064556655,125.70753861317051,2038069,0.06170421756172464,0.03345562073805855,Financials
2014-06-23,131.20076574507124,139.16954270627963,122.95144938833262,130.9020853141339,1539526,0.04049151652408314,0.03957946963907864,Financials
2014-06-24,131.36473704036464,131.69760276494813,130.79114692964367,131.1234011320348,928974,0.001689269799911808,0.03998952325411761,Financials
2014-06-25,124.89790958865665,134.7259008440767,114.63157894479147,124.42213213004565,1276780,-0.052458797684113594,0.03714508878629616,Financials
2014-06-26,124.55861709442785,125.78737196716835,123.74143965788963,124.96751194109594,831715,0.004373723556027784,0.04020690133450816,Financials
2014-06-27,124.17825072426692,127.27728642267616,119.83828335644924,122.90555727359849,1240944,-0.016637565651710026,0.0373650284437197,Financials
2014-06-30,122.71204353973064,123.72309518635863,121.22521158863375,122.23231060962753,657308,-0.0054928140029474595,0.035474463619655054,Financials
2014-07-01,117.08056628512205,125.63029978284736,107.92240746442296,116.42421104001376,1757929,-0.04868290710122041,0.03333580216722601,Financials
2014-07-02,116.07371704653579,117.85933140030174,113.46357656711315,115.2363086903552,1390801,-0.01025563408725894,0.03666775670094712,Financials
2014-07-03,110.74266302780765,118.12696304209366,102.87603434601426,110.22587503371537,1781336,-0.04445320838053658,0.03451660773835755,Financials
2014-07-04,106.82576726933178,111.82135790940453,101.88806818575637,106.8811011824883,1151207,-0.030814657111246428,0.0367359514387395,Financials
2014-07-07,105.94497416396749,107.34372549086335,104.54574378674323,105.94448870429916,1428098,-0.008801747246207707,0.03636008204638838,Financials
2014-07-08,102.15184035540048,107.61979048898596,96.96102866812804,102.41557710668606,1584823,-0.033876444250133836,0.03419451807415912,Financials
2014-07-09,101.33075648001444,102.94021617638366,99.74043429070305,101.34959827697561,863107,-0.010462912048656875,0.0347498787668973,Financials
2014-07-10,103.08831467957016,106.52003409415501,99.9831768140117,103.40534685705083,841847,0.02008076198361363,0.032900822766793195,Financials
2014-07-11,106.90632572013143,112.98672280711459,101.13198159656288,107.1966949364291,1367633,0.03600874619078596,0.03203836545864865,Financials
2014-07-14,107.62346796499428,111.5896168923446,105.01128748543809,108.94535232747509,645379,0.016180984370471028,0.033401496363851896,Financials
2014-07-15,109.4266351249702,109.65748239575635,108.56272977740886,108.79223872066292,1291897,-0.0014064051256655616,0.03212166878845405,Financials
2014-07-16,113.28668288002298,122.42860896309196,105.09023238781089,114.16836736130823,1392763,0.04823426892928276,0.03042594256404786,Financials
2014-07-17,106.68017075240552,117.3717851709395,96.43666302384234,107.08901948879866,2064265,-0.06401381910256702,0.03449017381226061,Financials
2014-07-18,101.44997042949575,111.3873824222356,90.49262353455309,100.31928009107631,2000822,-0.06530254568282347,0.04082062012138454,Financials
2014-07-21,100.69138662205106,100.8435131487997,100.26865681257075,100.42037388795195,725774,0.0010072131083046047,0.045527154452854775,Financials
2014-07-22,93.61277698857934,103.33888917280767,84.24951185394106,93.94263157644156,1564536,-0.06668082026011324,0.04193244097111575,Financials
2014-07-23,95.01009836420701,95.32071068169552,93.83981059370858,94.14760319383751,1115931,0.002179503883175354,0.04662202755373381,Financials
2014-07-24,100.27212988898691,112.76251143796419,89.06769315117047,101.42882522897227,1812032,0.07449352576979643,0.04289059685004871,Financials
2014-07-25,101.59633321821725,101.8197385873408,101.35426139004949,101.57762562208384,1254922,0.0014659674028699421,0.04903137205672533,Financials
2014-07-28,102.26963364929009,102.62272657597124,100.99419457713734,101.34409200780178,1180152,-0.002301712405280953,0.04498424964002359,Financials
2014-07-29,95.73252037840851,103.79711886590742,87.96703384954311,96.00918987699086,1408874,-0.05407766346044323,0.041468793743491786,Financials
2014-07-30,99.35612146057255,107.60313365687698,92.42101409641096,100.5824293816337,1423139,0.046533669405319646,0.04375371682992605,Financials
2014-07-31,99.55818415291509,101.7004864841708,97.01631932968215,99.14983476046497,1743302,-0.014345395773559283,0.04423027862669667,Financials
2014-08-01,96.96490654181919,99.74791160021111,95.16603822661311,97.9311183686305,1322848,-0.012367830653799537,0.04118158077224798,Financials
2014-08-04,92.62202740259345,100.87105691919851,84.06670996401856,92.28579414061896,1552954,-0.05937413772175819,0.03846664218752538,Financials
2014-08-05,92.50227799224174,95.19249891739186,87.88135611026816,90.51374502172358,862411,-0.019388502161181022,0.04257392727335396,Financials
2014-08-06,93.01042491687303,95.77937198454185,89.57946941905935,92.32810358466682,716488,0.019846858171318083,0.040080151311959696,Financials
2014-08-07,88.2525607381154,95.14024554398945,80.80666425672909,87.6470954285032,1274811,-0.05203010351403367,0.038002887919769066,Financials
2014-08-08,91.40715449052935,96.28447239150874,85.9749621098869,90.82100410258862,1135798,0.03557210904816516,0.04076083098939695,Financials
2014-08-11,88.11797376787382,92.01132568174297,84.45333704921535,88.33755697067286,1807184,-0.027725230634649746,0.04023633327823411,Financials
2014-08-12,88.20991298010459,89.80322896859951,85.70366577666364,87.28018835660072,959358,-0.012041851341993537,0.03886480766198878,Financials
2014-08-13,92.04021488263814,101.62304480617478,83.40942629469232,92.91063522299501,1666749,0.062514620005694,0.03647094113460888,Financials
2014-08-14,92.73184555194864,93.07201663012702,92.34370042939933,92.68369487496996,1007761,-0.002445553816337534,0.04183676965258829,Financials
2014-08-15,95.13254513208237,98.03458498790974,91.70245840713879,94.5878832281105,1296454,0.020336817800176658,0.03874466861377545,Financials
2014-08-18,99.5400141126638,105.78247029659099,92.44115594260772,98.62631103534964,1646437,0.041808688626878594,0.03691825294523914,Financials
2014-08-19,100.66673236002023,104.42681546298921,97.17954121847934,100.9304875899792,1488489,0.023093965999077985,0.038112476790780996,Financials
2014-08-20,95.2365499344238,103.76739057057844,86.56288306069276,95.07967124423166,1681598,-0.059716853400146847,0.03663397875657572,Financials
2014-08-21,91.9812446312225,97.89892613387316,85.22766833669115,91.0878741903185,1425086,-0.04289049379125234,0.0413346598707669,Financials
2014-08-22,88.0199092818361,92.17701242165171,84.697796693611,88.82453119733013,1594273,-0.02516182694976306,0.04174664602041952,Financials
2014-08-25,89.5108134226478,89.76279184126305,88.7408691811554,88.99138537803161,742415,0.0018767074723920459,0.039864691062152235,Financials
2014-08-26,89.14655427931412,89.31331038800971,88.93575826507681,89.10243183904625,1021340,0.001247055929745458,0.03703894139180023,Financials
2014-08-27,90.00278695412372,90.68220019302365,88.87596301258827,89.55197314721714,842686,0.00503253482025504,0.034608377826964916,Financials
2014-08-28,88.60250674067638,89.76273686302481,87.97093339985248,89.12742184044265,1181767,-0.00475211040151411,0.03258820052808574,Financials
2014-08-29,82.39469798265995,91.96057999272745,73.23743141187074,82.76244263865509,1716288,-0.07409268472360815,0.030870374696741355,Financials
2014-09-01,80.10551928694011,84.34073517109807,75.67198279742274,79.89612807107432,1498140,-0.035246975255119904,0.041059017481748956,Financials
2014-09-02,79.00546831302728,80.06227443158124,78.50842653624767,79.56173306387426,825333,-0.004194155057810199,0.04043546367915803,Financials
2014-09-03,82.4011195319799,86.67927035366532,78.08755687354947,82.36376848092993,1430973,0.03461240046239151,0.03755875422396422,Financials
2014-09-04,79.90737298157374,83.26772044681044,77.15133870832565,80.49153810654931,1008656,-0.022993575105880137,0.03752640077265956,Financials
2014-09-05,79.15875676023231,81.44062536468707,76.68332493880996,78.95944817767604,1234109,-0.01921765574099337,0.036137103901428984,Financials
2014-09-08,84.488208970244,92.99943390279444,75.93759984576168,84.44441281433954,1476618,0.06715907490750589,0.03464260334520256,Financials
2014-09-09,82.04935269726128,85.20064553624157,79.76080732130963,82.88868913437824,1459476,-0.018594868419382744,0.04167300294664676,Financials
2014-09-10,91.1604899431571,105.35045065658485,77.48641645168354,91.60908752746509,1880937,0.10003186261666404,0.03925782354388877,Financials
2014-09-11,87.69121807231808,93.34646499719662,82.26490568598138,87.90681172524974,1206781,-0.04125317985556764,0.053234362946374764,Financials
2014-09-12,87.41138219238817,90.25723289958634,86.02093118813991,88.84399337954171,1397757,0.010604652539703495,0.05120929257346228,Financials
2014-09-15,88.0740956618882,90.39142980199522,85.00224211942917,87.29918750488389,1038310,-0.017540792387681865,0.047061471662313566,Financials
2014-09-16,84.68695444553471,88.51550410937264,80.92859771334487,84.75416462915808,810442,-0.029586270650512635,0.043794721161988896,Financials
2014-09-17,87.22825955084869,91.74062843561538,83.02371140074932,87.52192511372319,1220536,0.03213444948345271,0.042020045132958796,Financials
2014-09-18,87.38929078984323,89.1881071499433,84.5521038082164,86.32909720175047,1153419,-0.013722630037326758,0.04083430887037764,Financials
2014-09-19,86.01671726201552,86.79682591859797,85.73757911009247,86.51606729509876,944389,0.0021634410984922715,0.03823871351141828,Financials
2014-09-22,84.32664897953335,87.52801122183791,81.21691236163288,84.41501587409175,1143116,-0.02458484678752202,0.03564353293957623,Financials
2014-09-23,90.35313329340508,101.25639777261586,80.17104134695036,91.00126630175305,2059319,0.07512812284653714,0.03474235680069235,Financials
2014-09-24,92.52948386018511,93.59467501938914,90.64668281742883,91.70235210974995,1384245,0.007674607161349524,0.043729398706361694,Financials
2014-09-25,89.9672453768883,92.2177126385178,88.4149446165297,90.65356998824035,1509299,-0.011502710450199585,0.0404801579571784,Financials
2014-09-26,94.84006208079494,100.11139820377443,88.84682650195691,94.07567709621938,1157652,0.03705421532719504,0.03782540684177317,Financials
2014-09-29,98.8565341422637,107.89611659745252,90.52698914883419,99.51139383250235,1491955,0.056172614625841,0.03808623574499913,Financials
2014-09-30,102.16592423460074,105.60664350329749,98.34346247844024,101.77087745738899,1020660,0.022451838643681353,0.04163836545380241,Financials
2014-10-01,105.37561820829076,110.24292290794396,100.10568860607385,104.95349543523223,1173012,0.03079336429946093,0.03952993221476367,Financials
2014-10-02,103.42570596843106,105.54166861198094,101.6463266287007,103.75659649252269,1206598,-0.011469613690774792,0.03863065007807849,Financials
2014-10-03,104.70360021130737,105.97831996962105,103.32866555411992,104.6021502037182,1091650,0.008116370119977434,0.036243544336837394,Financials
2014-10-06,99.25767711097248,107.68384385758671,90.45536607868442,98.84663904824748,1748389,-0.05659455934539329,0.0340698829535076,Financials
2014-10-07,101.87943003612335,104.02852071978836,98.1318907253719,100.24653641391212,906050,0.014062967587621366,0.03884645623087714,Financials
2014-10-08,96.17852406950938,102.06005335152797,90.52575727547215,96.39458770054001,579826,-0.03918246024758372,0.03656368126930788,Financials
2014-10-09,92.93698483659242,98.35961330441174,87.30720422230887,92.71699697752976,1689328,-0.03889824542478061,0.03741406164838095,Financials
2014-10-10,84.68668377916808,95.98428822807918,74.0310060808337,85.25686734597964,1942853,-0.08388314213302991,0.038036964019122904,Financials
2014-10-13,90.99899134750635,100.17454678169939,81.94132394409894,91.10620751909711,1507403,0.06635727326411091,0.04809267860652134,Financials
2014-10-14,97.7002836419884,107.19938296379091,87.75596418070899,97.20711414267517,1466549,0.06481795799495577,0.05109616175112674,Financials
2014-10-15,104.15610955129121,114.76309456777692,93.44110564759265,104.03584303777653,1559401,0.06789158480272883,0.05309293124657202,Financials
2014-10-16,98.7778208877569,106.85481725658217,90.46074049139128,98.51635714477358,1720985,-0.05451288758437178,0.05519490530598361,Financials
2014-10-17,98.4379078374647,98.94260135436848,97.67682922895914,98.18020147917662,1075984,-0.0034180160061717314,0.054616209080337604,Financials
2014-10-20,99.76642949465857,101.59155460604786,97.5667913727472,99.38493747661411,1215220,0.012195986970994945,0.04988082457676986,Financials
2014-10-21,102.3784177408633,106.30425728498813,98.04865876392968,101.95839184430307,1403332,0.025564239226420885,0.04596508069280737,Financials
2014-10-22,102.99683589407809,106.6932012504986,100.16877973871017,103.84194046781434,1098204,0.018305132908977825,0.04345411906322444,Financials
2014-10-23,95.82573119132192,107.37117089490933,84.28717571854463,95.83187556643553,1867554,-0.08027457990199491,0.040753773499775575,Financials
2014-10-24,98.69561074474156,102.6509309865588,94.48220861911734,98.42675417897354,1004388,0.026717299192071685,0.0489417742868306,Financials
2014-10-27,101.7141572533469,109.05171520397259,95.34321365691541,102.6237957109406,1621759,0.04175717368797815,0.046079387232169866,Financials
2014-10-28,109.92917020828648,121.53873205879026,98.43431679213913,110.03301953421311,1527336,0.06971066547891798,0.045389394965289015,Financials
2014-10-29,107.87259813822214,110.8196318364398,105.48949897717914,108.42434362797935,1461829,-0.01472786232508234,0.049770415634983835,Financials
2014-10-30,113.45255829382992,122.67566280032915,104.86042780005343,114.03911078268831,1533898,0.05048883059133724,0.045980560101886774,Financials
2014-10-31,106.45772764500522,117.51243237395823,95.36162471200561,106.41153247637557,2057471,-0.06922750762829305,0.04662336139746565,Financials
2014-11-03,108.58307993355291,112.51746150746972,104.9116562535725,108.83743746128967,1144314,0.022541410578438337,0.05057526504392002,Financials
2014-11-04,106.64826697600832,109.39007841197814,104.98949929325045,107.71472345968138,839463,-0.010369086654613498,0.04714343248046399,Financials
2014-11-05,108.16382970665896,108.99518891906625,107.3952660669337,108.2261822302863,658997,0.0047370341934675035,0.043521606984803375,Financials
2014-11-06,108.76019388167774,108.76536174615171,108.21761163031394,108.22275395771787,912978,-3.1677425900865006e-05,0.0402326999289665,Financials
2014-11-07,110.6460371854091,114.29338731709586,106.98065641534647,110.62739192219001,834061,0.02197608532859856,0.03734884556955282,Financials
2014-11-10,107.0387720109833,112.02244549006731,102.76539279399859,107.72179740167806,1032626,-0.0266157713178686,0.03589416751030899,Financials
2014-11-11,114.79301013104909,125.3672184813516,103.99306383931662,114.54436845263058,2096705,0.0614102916674739,0.03517062554793785,Financials
2014-11-12,117.85518589258123,124.53951279831426,111.85049269243923,118.50187114125109,1163447,0.03396650533259782,0.04068491009636422,Financials
2014-11-13,125.12844293171096,137.4546196057459,113.69403805930348,125.94554669589215,1181438,0.06092089378723602,0.03996583603924483,Financials
2014-11-14,121.8532244335531,128.07358926766065,115.51733011760537,121.73148014799163,1745452,-0.03403200784125623,0.0439831528568382,Financials
2014-11-17,125.7627753778489,132.22177810427323,119.43272472651188,125.88554791093203,1700857,0.03355550762043143,0.04267716979649066,Financials
2014-11-18,123.51961296116802,126.9152600802885,120.3834040781515,123.77262707488411,1220448,-0.016926914454211586,0.0415447767020178,Financials
2014-11-19,126.69421568918759,132.80068548148367,121.2747869530931,127.3530736605984,1317181,0.028517106886656412,0.03903527689049286,Financials
2014-11-20,136.03715722192666,148.4511288780466,122.99080139710287,135.34127040919907,2127007,0.060836180886805764,0.03796032246058646,Financials
2014-11-21,126.36729299112976,139.17731816963874,114.09069444838602,126.85348592199215,1685320,-0.06476675122786969,0.042519936509632594,Financials
2014-11-24,121.7305716967588,128.96543432234816,115.1919709391142,122.39134118340763,1064748,-0.035809140719571024,0.046642960994328644,Financials
2014-11-25,128.51401441775303,139.3077133889295,118.30008230462843,129.05109557708548,1106143,0.05298479007341447,0.045086548239090966,Financials
2014-11-26,128.63150740637406,130.2948164796286,126.28897604286087,127.94338716676293,1315763,-0.008620537361813412,0.04633946118117119,Financials
2014-11-27,118.0831512677655,131.9887308735402,105.04255195207905,118.86210700983086,1758291,-0.07362382172042799,0.04276708523748118,Financials
2014-11-28,126.13551158402613,139.25240628191898,113.8141758157616,126.86027337445302,1939393,0.06512221453224713,0.048747194098493395,Financials
2014-12-01,129.32228892565175,136.27852213654728,123.69406112040154,130.59490871936586,1517223,0.029013961176668775,0.05135335013237748,Financials
2014-12-02,132.44579002195042,136.37703376611165,128.97621080054745,132.89566940485042,1122842,0.017464147511863547,0.04833223300582159,Financials
2014-12-03,123.35695974232554,137.69693064352512,108.68864605420097,122.98542711810848,1369401,-0.0774985101835285,0.0448837750764198,Financials
2014-12-04,128.6911951117827,135.11481964127603,120.80029179611867,127.14682926190768,810405,0.03327668492996596,0.05111306559176905,Financials
2014-12-05,134.02313195239435,144.82072823508986,123.31308864916859,134.1042061394256,1740194,0.053274600920036316,0.04854005607063121,Financials
2014-12-08,123.84388934554451,138.27196457571097,110.44313773578054,124.7709037038583,2252426,-0.0721378701340885,0.04909823927749739,Financials
2014-12-09,126.65261696269147,131.06492146469952,122.87974370684454,127.27355111105712,944412,0.019859430444869663,0.053000854014277,Financials
2014-12-10,129.70354627914497,133.26545590683745,126.0653737431601,129.62512990595,1090838,0.018307952917116687,0.04905539692667214,Financials
2014-12-11,124.98064115710835,131.66082362986268,118.67663001767599,125.33874953917046,1608538,-0.03362660052025088,0.04555680788980927,Financials
2014-12-12,124.16316856325814,125.71642164416151,123.02696526979665,124.57643658120662,611860,-0.006100592237397268,0.04393120116124155,Financials
2014-12-15,114.77159067491301,129.0321498749072,100.42473551406385,114.67305099672238,1917805,-0.08283443150658404,0.040614565518082624,Financials
2014-12-16,109.07992213917201,117.01105395745208,101.77194696019367,109.6639508849593,1359092,-0.04466434662866925,0.0494860162291424,Financials
2014-12-17,109.94373411352757,111.7262646391097,108.71059086469697,110.4870277381871,1501670,0.007477420208154033,0.04856262164205762,Financials
2014-12-18,114.26981063209846,119.29407853431341,108.7711407574293,113.77359062896413,902212,0.02931230844158847,0.044665975289308435,Financials
2014-12-19,108.99234886671353,116.86230483352534,100.59742575724371,108.4265256072424,1477695,-0.04813766622851641,0.04271909634767936,Financials
2014-12-22,105.30434779538388,111.49226761717713,98.13444458605754,104.26105838025659,1528483,-0.03917482960163523,0.043675189646973,Financials
2014-12-23,99.89786936496094,106.12263163068154,94.1096281041977,100.31048288692811,1210542,-0.038627725813429395,0.04308384666794295,Financials
2014-12-24,97.78919150106034,101.29567910693119,94.78640782862388,98.27788914114196,1173331,-0.020471135417891254,0.04252986544997618,Financials
2014-12-25,105.27923830685285,115.54599952362115,94.65171027620846,104.87948812104037,1513480,0.06501288941601321,0.04012345538396598,Financials
2014-12-26,100.55174512861997,107.02275185777272,94.00890312159665,100.47496891837153,1225291,-0.042903327839647176,0.0449657058889561,Financials
2014-12-29,98.62033701944372,100.96684499288531,97.142594697371,99.47627713230638,627564,-0.009989436031376161,0.044650152248689116,Financials
2014-12-30,97.42460246352725,100.57266214645722,94.21043769207849,97.35629000976293,1090165,-0.021541852901810255,0.041350661439675154,Financials
2014-12-31,99.52547639458348,104.69907861883726,95.12674034027938,100.26754528198754,1502281,0.02946472409981845,0.03921108867610532,Financials
2015-01-01,96.7189742120346,102.45321763507957,90.66750697891749,96.38175761272446,1201909,-0.03952511882845186,0.0382129961541107,Financials
2015-01-02,99.96946328470376,105.29037942580275,94.54787431149597,99.86313086548556,1132622,0.035483609802895597,0.038762374963613226,Financials
2015-01-05,101.09488564601666,104.7456288341594,98.17464184860778,101.80487613264958,1817382,0.019257444981830258,0.03861191985582201,Financials
2015-01-06,101.02855017692745,103.05464117239606,98.43828283636012,100.45282793062475,1308011,-0.013369758627110206,0.03671963591930305,Financials
2015-01-07,95.7587591189548,103.3636616394028,87.70640495484102,95.2727064853381,1604127,-0.05294486958977771,0.034719992749121,Financials
2015-01-08,98.53073413489777,102.31904850597857,93.98815115808809,97.74630579073428,1245588,0.025632031834819793,0.038533831882918125,Financials
2015-01-09,101.20853006279518,106.33766693801536,95.98127861311589,101.10517770461202,1128357,0.03378593268135137,0.03723486428150343,Financials
2015-01-12,99.61156364638848,102.03141374736431,97.06426585567698,99.48094280234133,1212910,-0.016195242214823272,0.03715335087878219,Financials
2015-01-13,95.69208978512334,100.94886160711548,91.17718158939076,96.40052813935792,1443417,-0.031454415970158855,0.03526528130863333,Financials
2015-01-14,97.57990210101946,98.7014822014942,96.02550103276262,97.14204845824919,1171373,0.007662644160157944,0.035260730214010064,Financials
2015-01-15,95.5545627855481,97.68647197142326,93.91051932750682,96.0341766207958,1045617,-0.011470189806501743,0.03321840895511015,Financials
2015-01-16,93.67409021545826,97.27839004016676,90.00056734623541,93.60209709003081,301446,-0.025651346538609295,0.031662358455060324,Financials
2015-01-19,96.55239615488208,100.9715760157283,92.08533182342998,96.50221490037285,1335360,0.030513172376425264,0.03163388517453962,Financials
2015-01-20,100.8923288086916,107.60623996914563,94.16670283680132,100.87977885683564,998659,0.044363539096447566,0.03225244496561125,Financials
2015-01-21,106.0124215509882,113.67807300979725,98.20714050015874,105.86190851272181,2233177,0.04820599540229125,0.03503419337136408,Financials
2015-01-22,106.3392510696287,108.13946380134641,104.97591471577032,106.77059731620403,1459330,0.008547087678632765,0.037821798781318736,Financials
2015-01-23,113.76406187328872,127.29710996941789,101.38438962683752,114.80424609204167,1726410,0.07254588747156245,0.03543090002542394,Financials
2015-01-26,112.47699341457148,116.32751140610999,108.37228543052734,112.21379306675792,1696986,-0.022822551674167108,0.043516833635327365,Financials
2015-01-27,116.39238061941666,125.84551420461754,108.22137294341947,117.59040267764888,1493289,0.046801503858544424,0.04114732284673951,Financials
2015-01-28,119.61037929358642,123.04681106228051,116.32872023090998,119.76101901214491,731299,0.018290826610297878,0.04222604476476872,Financials
2015-01-29,123.85502442224754,128.0725427664924,118.3391062418192,122.51085277664757,1508212,0.022701371295020333,0.039706601918247784,Financials
2015-01-30,123.12858709605352,123.48798673625359,122.39118949836033,122.74948257157291,1061812,0.0019459312072383345,0.037928804720377296,Financials
2015-02-02,125.14683117141743,127.83137243767261,121.84646324664716,124.51750474837137,1133237,0.014300755047101871,0.03537574563528955,Financials
2015-02-03,124.40396295961254,125.07820783867373,123.39598348999225,124.06840973694028,1102848,-0.003613201503771336,0.033642702665507535,Financials
2015-02-04,123.25302846420891,124.4386696776969,123.03254298937624,124.21646073347767,1127602,0.0011925898972761854,0.03173993443405053,Financials
2015-02-05,128.7899344863895,134.72052363438806,122.19061336375171,128.08892190191312,1210359,0.030699030280844936,0.03010236022144649,Financials
2015-02-06,131.28046669535533,138.4733977031197,125.05432296869888,132.2034789423263,1449783,0.03161751773833752,0.031085145033424157,Financials
2015-02-09,138.50959039141281,148.13233372122008,128.8505484313186,138.470581690933,1136909,0.04631565367959701,0.03198404457834132,Financials
2015-02-10,146.37766656928525,159.61459655182523,133.57982467195828,146.78145161103578,1434387,0.058286860271676476,0.03521582389262979,Financials
2015-02-11,139.56952210404683,149.20943514650926,132.1248348093939,141.6535832963997,1234141,-0.03556023398433677,0.04002158310210708,Financials
2015-02-12,133.94830839762545,144.89008357037892,123.7646202872801,134.65283259827422,1577599,-0.05068466700410576,0.03963661473123313,Financials
2015-02-13,140.44388918265116,149.7985673949391,131.29023590872126,140.6326137011298,1324214,0.04345105758226957,0.04173954123225756,Financials
2015-02-16,143.83256033103194,151.08675330938652,137.56497107395884,144.77796737861615,1168502,0.029050396019038572,0.04215389190307484,Financials
2015-02-17,135.23999522900422,148.79032222096254,122.43838219720949,135.92396559105293,1548012,-0.06310565652868956,0.0405974051928241,Financials
2015-02-18,135.68807778818103,137.28589645597174,134.87494103116475,136.4680853544352,1061697,0.003995127502583088,0.04489841901002544,Financials
2015-02-19,130.61806048385137,138.8020874852588,123.39493423628844,131.52860830893064,1400545,-0.036866398724169004,0.041413627953176664,Financials
2015-02-20,128.35483841057757,132.50627804602027,125.40288750249965,129.52736103926347,616665,-0.015332240657394408,0.04093825310670596,Financials
2015-02-23,129.60324033220698,130.25501498525247,129.167175507693,129.81822681429787,636002,0.0022430757307004825,0.03841892885648186,Financials
2015-02-24,130.77180944216852,131.16571994288486,129.1675426565378,129.55779631008826,1009142,-0.0020081315812465234,0.035798966240571536,Financials
2015-02-25,130.42802903701553,131.5758672966223,129.17326145608794,130.3201503237937,1307200,0.005867032662031152,0.033553802705237515,Financials
2015-02-26,124.01292468809288,133.20430806760342,114.91405700630759,124.09911646757539,1721888,-0.04891354512534353,0.03171512969584398,Financials
2015-02-27,128.5490376411286,136.14066073104095,121.28762476626885,128.8615924202565,1314339,0.03765832872345308,0.03554658627503795,Financials
2015-03-02,136.5541043351616,148.03239555969873,124.83287885966658,136.2888758451213,1673665,0.05603781876017203,0.03638090563720921,Financials
2015-03-03,126.34142550535036,140.16934807368617,114.00259823417775,127.69803121373539,1661029,-0.06510837450619118,0.04037191852880539,Financials
2015-03-04,138.52498494877713,155.01528951876324,121.7883018425474,138.2453137690853,2245684,0.07936139739741424,0.04516390715142975,Financials
2015-03-05,143.16612282257935,152.01215828851562,134.87281178096612,143.68858227459754,1712470,0.03861859159651824,0.05173545705680892,Financials
2015-03-06,142.05221912025024,144.70096318993535,139.2673105948153,141.91346746361077,784713,-0.012430846844393611,0.04964831674927496,Financials
2015-03-09,141.99462143689527,145.05722976349736,140.12053066267163,143.1676568893391,1177495,0.00879888151283032,0.045772733999832095,Financials
2015-03-10,146.63124754292215,150.6005747027921,141.8286794732616,145.77482311110225,682073,0.018046754364586415,0.042281527759023,Financials
2015-03-11,140.97170711852323,148.08816728352724,133.83511574621033,140.9505056286655,1310984,-0.033654318824986096,0.039737071774024614,Financials
2015-03-12,140.80316155198884,145.5189225778324,138.09296308036645,142.77084977473103,1199946,0.012832090992605051,0.039155074701438884,Financials
2015-03-13,139.27804515714314,143.8978996688617,135.86943887942164,140.46035818036356,795690,-0.016315595057238112,0.036758608295018216,Financials
2015-03-16,142.70902310729934,147.4454855450916,138.51711439700483,143.2380376582563,982566,0.019582544579271628,0.034941179478375245,Financials
2015-03-17,142.55127671320267,143.34624683108436,142.4866781123435,143.28131740465614,701250,0.0003021069673949869,0.03367833467530571,Financials
2015-03-18,144.02799950564173,145.10171406181865,141.50813261717215,142.57098527571392,1213324,-0.00496993436397705,0.03173953168360368,Financials
2015-03-19,147.80630699576528,154.51216514252442,140.2821189428854,146.94908561685008,1668578,0.030246152472827185,0.03015996243918287,Financials
2015-03-20,149.78833629544158,156.6749760416326,143.96235348194065,150.80928371363288,658200,0.025929846331113532,0.03106321181683832,Financials
2015-03-23,147.86816592240064,151.59988755504222,145.49201594443292,149.2022988854469,1033025,-0.010712921036317708,0.0311896143341896,Financials
2015-03-24,147.2023779398103,151.64625455424778,141.8149740244095,146.2294799262876,1405491,-0.020125927658834045,0.029924047778032054,Financials
2015-03-25,146.63860565790722,146.84425640902873,146.16099303808636,146.36626184538514,1486904,0.0009349550217868923,0.029616158646199365,Financials
2015-03-26,148.3685847676015,151.29956541950972,145.37687109806916,148.306627807238,997162,0.013169816941590298,0.028316507614806495,Financials
2015-03-27,148.68107207997036,150.0731438215916,147.62251466972572,149.0122286916965,506770,0.004746434299205978,0.027703362513253966,Financials
2015-03-30,143.9128947924442,151.28454716915013,136.8795135992102,144.235404141684,1621311,-0.03258165852512274,0.026783583244519658,Financials
2015-03-31,151.97415102824675,163.01712568513477,140.39365050559215,151.3945061320008,1520659,0.048442337428972915,0.028863869040203997,Financials
2015-04-01,148.42912114472912,153.4248281346007,143.052872008858,148.03532492491482,1091398,-0.02243812602874329,0.03344394350421924,Financials
2015-04-02,138.72998730822752,152.11291900906025,125.69039534185227,139.04382831135447,1240573,-0.06266173218629914,0.032715719625938104,Financials
2015-04-03,137.04157553257576,139.96685364125761,134.2364215187979,137.15929008534695,566788,-0.01364624325562703,0.03930939519507411,Financials
2015-04-06,138.5821528200686,138.66417880998307,137.13220745537024,137.21342330204942,1205929,0.0003945962172151762,0.036933938778998025,Financials
2015-04-07,138.41888912720438,139.70361052544138,136.78363989348728,138.06507742295273,1077678,0.006187601544547274,0.03451544614967066,Financials
2015-04-08,131.07950015662402,140.871346730767,122.32740342212395,132.054171778049,1718089,-0.044512918872604716,0.03253914227910387,Financials
2015-04-09,128.77667402308367,133.26744722432844,125.08785594544611,129.55629679046356,1210289,-0.019096719731382057,0.03527388008415966,Financials
2015-04-10,127.34173691912822,132.40152584132682,121.15628583769865,126.16949705143973,1536872,-0.026489293270291175,0.03391312428291124,Financials
2015-04-13,126.96178925930933,130.30961389860758,124.4879812774231,127.81910147505701,880920,0.012989776931145083,0.03354597438734596,Financials
2015-04-14,138.70591247157836,154.54658722422315,122.17857559598855,137.93072090323056,1032266,0.0761355420754714,0.03202461652831011,Financials
2015-04-15,136.8958263525563,138.18334801860638,136.13805060743377,137.42265605041493,964016,-0.00369027926958599,0.04230784757107282,Financials
2015-04-16,142.24569007918282,147.79851620297322,135.53997311843753,141.04596576334632,1304928,0.02602457818206114,0.0391663873371139,Financials
2015-04-17,142.51496670773048,144.49210655199644,140.38158196298602,142.35652369429485,828891,0.00924880565150602,0.03779942483776441,Financials
2015-04-20,132.85525262220744,146.61498784948085,119.11114898697964,132.86941870835628,1269442,-0.06896780952179636,0.035438231831590304,Financials
2015-04-21,135.46477864823973,139.8336928882733,131.27438379798463,135.6379415108459,1308147,0.02062230931695416,0.04264010357415716,Financials
2015-04-22,131.8055236761333,137.28958256243232,126.73430416450074,132.20306754446887,2002048,-0.025650010056196364,0.040228530826846014,Financials
2015-04-23,127.15146808468101,133.68818154229365,122.65747678131575,129.1244576736044,1486920,-0.023562403544159,0.03864396727008818,Financials
2015-04-24,125.99210312479951,132.57885405643893,118.18235386703829,124.70164060870619,1180742,-0.03485271837561129,0.03712092394073707,Financials
2015-04-27,122.13778864239966,125.32195561962921,120.27755052658186,123.44185571249893,1427408,-0.010153767786884696,0.03720990717667326,Financials
2015-04-28,134.79092408703605,152.84170759322774,116.85530009123528,134.89255970322625,1661268,0.08870836627061292,0.0349732269560275,Financials
2015-04-29,140.19919220089,146.6010004737063,132.71214763125153,139.0620305636838,1741111,0.030441489104745693,0.04752764900491534,Financials
2015-04-30,140.02800756370377,140.56047896566292,138.18248559041274,138.7099449188834,1093567,-0.002535070953415833,0.04523388746045045,Financials
2015-05-01,131.66235299949182,141.79113815471578,121.96242033810866,132.06177868905823,834264,-0.04911519220897108,0.04168749989551526,Financials
2015-05-04,144.73203114026822,165.24920325516385,124.48611812643733,144.97000162089023,1724258,0.09325700217302232,0.043036303673636915,Financials
2015-05-05,138.58069864887068,147.9188149939509,129.32014961174457,138.65340725960576,1825204,-0.044549489346468865,0.053723635536479276,Financials
2015-05-06,135.10483923105213,139.9867517197634,131.04652461198964,135.90441911043445,1543954,-0.020025508299877034,0.052025779786177534,Financials
2015-05-07,136.9656135107892,139.74267256858738,134.66538807799856,137.43457137215097,928496,0.01119612129317139,0.04822342332609888,Financials
2015-05-08,140.72370395092315,146.28361852854763,135.39603661188752,140.9474792661286,1500591,0.025239374222713842,0.04448822108864571,Financials
2015-05-11,143.79922396611883,149.65941889228222,138.56889817218953,144.40698727588733,1857179,0.024248280112005947,0.04217718997490119,Financials
2015-05-12,143.8643467740666,144.6996556617164,143.0138743381803,143.8490946686616,1829034,-0.0038708172264604046,0.04014136453337966,Financials
2015-05-13,136.6823499576055,147.32892208521537,125.93204735396601,136.56985709668885,1513783,-0.05192853908307395,0.037300278835170064,Financials
2015-05-14,139.84055262327868,146.34198980057968,133.96999418746296,140.44601387607085,493702,0.027986914742967387,0.04021858546294859,Financials
2015-05-15,136.3922115096321,142.2374096324992,130.8808235954125,136.7130568776621,1485386,-0.0269389180570641,0.03887824330955449,Financials
2015-05-18,142.36802721478512,151.76316825391407,133.2799661670404,142.6566809960364,1578598,0.04255665744403825,0.0376572707213669,Financials
2015-05-19,147.52680958169952,155.0036678939147,140.06987328242084,147.54577306069055,1184716,0.033697542028337024,0.03880871544469407,Financials
2015-05-20,146.289465162506,147.9607292184553,146.0428332787435,147.71169956565583,929984,0.0011239446098118664,0.038408615783265605,Financials
2015-05-21,146.30216578614795,148.41943787045187,145.8822184000179,147.99463240904606,1383403,0.0019136075162135841,0.03578221486761412,Financials
2015-05-22,143.33736670343586,149.55512873581824,138.5968249595571,144.76729550520804,1288136,-0.022048410929193515,0.033538676251823066,Financials
2015-05-25,151.77063096266806,164.66128977187122,139.77488128254876,152.5999887505254,1934049,0.05269245046085355,0.03275353580081191,Financials
2015-05-26,157.31934858914903,164.90704527435096,149.8962710425448,157.47655020537482,1547153,0.03145651446426179,0.03707707426833298,Financials
2015-05-27,158.01035847082588,159.13214250017148,155.62026632512868,156.73298170308092,817547,-0.004732955654308049,0.036717766740035136,Financials
2015-05-28,157.99684581444023,158.89386554838717,156.4341166489611,157.32733526796056,1305105,0.003784968952272334,0.03437900007103685,Financials
2015-05-29,156.85152315395771,157.99045776457066,155.43070974984494,156.56758260349324,785570,-0.00484081840673847,0.03236790717984298,Financials
2015-06-01,156.4462581633512,160.37148324370207,154.1832226487747,158.08474657129076,914339,0.009643505448853434,0.030686481723869837,Financials
2015-06-02,165.19167196461294,175.31368963899175,154.58572528972644,164.67615497921742,1498573,0.04084958825505901,0.029449579081420298,Financials
2015-06-03,156.16512395358305,168.50098617477744,144.07195721123566,156.39037626882026,1268879,-0.05162555478111249,0.03231293077932487,Financials
2015-06-04,158.86941149569174,163.4249097679772,154.6422632412343,159.18925131436637,647905,0.01773846085142303,0.03653874768527514,Financials
2015-06-05,164.20013048952987,169.79936814141652,157.2964258847931,162.84961070338633,1453431,0.022733386935376264,0.03486060835575277,Financials
2015-06-08,162.86061432270154,163.5682879668781,161.6729638729343,162.3785427852256,1081548,-0.0028968479052659465,0.03390767824814277,Financials
2015-06-09,165.7297841763052,174.18285935737686,158.66380574334642,167.0601596509413,1323551,0.02842369168614819,0.031953767767066155,Financials
2015-06-10,170.5234460814757,173.2504517495624,166.15051215093186,168.85076840949637,1241685,0.010661312684566696,0.03221832641478539,Financials
2015-06-11,163.70509298065866,170.81455323029613,157.70411494721785,164.77437814638975,1603757,-0.02443816468658395,0.03078093539513447,Financials
2015-06-12,159.05776426855235,167.1832698465305,151.62729996284966,159.7217854536489,1228143,-0.03114367219512002,0.030782403594047745,Financials
2015-06-15,166.77532528313367,177.51044827321397,155.9931518493767,166.72503790248697,1711155,0.042912515073219276,0.03167861020453768,Financials
2015-06-16,171.78950541587034,180.3209286084451,163.59568233153078,172.11173612526628,1752177,0.031797918677681954,0.03433729849710402,Financials
2015-06-17,164.89823224749892,175.2916139597462,154.98160041956245,165.34793778920346,1346598,-0.04009192697328788,0.034567415282289314,Financials
2015-06-18,170.99999558937964,179.79197060003477,162.27831903927012,171.0668825502015,1445973,0.03400263849929288,0.036014293699909154,Financials
2015-06-19,167.2561016383882,174.32195598801175,159.2900520429652,166.31619955274863,1610511,-0.028163812980647237,0.03620842987896178,Financials
2015-06-22,165.27711793382306,166.81939569777393,163.75842052501267,165.30048358678903,1352053,-0.006125862744123585,0.03560646527923103,Financials
2015-06-23,165.64230826171362,166.87852093323258,164.69641375197938,165.9309779853092,1382620,0.003806976287884665,0.033464686236372276,Financials
2015-06-24,170.5081960507364,176.5472799943335,163.87819213913986,169.89557829860613,1360414,0.023612096401513176,0.0315924380222159,Financials
2015-06-25,174.44011967721076,184.59556629606038,165.6254626132627,175.7164165060205,1190329,0.03368742267263967,0.031338400990178095,Financials
2015-06-26,179.21318940811443,182.90358864044802,174.47690314431452,178.1453124077434,1163678,0.013728153396602962,0.0324946559951897,Financials
2015-06-29,178.05890937688918,178.91003287343094,176.72969771417604,177.57852496809153,952468,-0.0031866738168105876,0.031192811094043347,Financials
2015-06-30,170.94944963461725,179.92563397001135,163.77612251367898,172.6797025208272,1308277,-0.02797445730797549,0.029663384915770332,Financials
2015-07-01,165.11323161715387,175.65004066861687,155.9255797320396,166.39127275624185,1344960,-0.037096368333126975,0.030353231508033575,Financials
2015-07-02,170.99216596781838,176.54568058208244,164.51091123379075,170.0332830753642,1065655,0.021652121050228998,0.03230287931300056,Financials
2015-07-03,175.59674671303097,183.93820282937403,167.16717552641052,175.5042371151468,1519146,0.031668985037158634,0.03170335883505546,Financials
2015-07-06,182.82879276983354,194.495849651388,171.35009732823386,183.00602677655309,1451053,0.041855899783613114,0.03247339004680599,Financials
2015-07-07,181.18756476880057,186.92294806906156,173.51254891693932,179.1845272708954,600379,-0.021102932045693266,0.03473333126709815,Financials
2015-07-08,182.96216339086652,186.50284830812632,177.99861747517545,181.51122380051103,1148308,0.012901337455569116,0.033644070827810874,Financials
2015-07-09,186.0592666980787,193.73999065290081,178.69549073553978,186.36414821692188,829924,0.026385054945917596,0.03210148715736974,Financials
2015-07-10,177.66229511370258,189.81843448316238,166.94053470286667,179.0150372931952,1983357,-0.040232736323236415,0.03207538075918481,Financials
2015-07-13,176.9221217997503,179.91816793731144,174.18842396288068,177.1804781285505,1595315,-0.010300946009694011,0.03414476535994363,Financials
2015-07-14,183.1392308539571,189.37802675253903,175.07593790823336,181.25038877172506,1570151,0.022710575152726384,0.032382223896648604,Financials
2015-07-15,182.3472571330446,186.44054970474386,179.24265335386528,183.3193945307897,773550,0.011350518156004265,0.031878711911858815,Financials
2015-07-16,187.39622094722753,192.96812370507809,181.42963095768926,186.9894387499344,1165949,0.019822181150670675,0.03053402950625578,Financials
2015-07-17,174.08066544995629,192.33891091366016,156.98520914182987,175.1394750341211,1195037,-0.06546948130411771,0.030079883579339526,Financials
2015-07-20,180.86910010870238,190.481574685711,171.61898599951618,181.2138301876669,1084777,0.034095059552744264,0.0382985308367283,Financials
2015-07-21,179.712432535325,182.00010339152257,179.24522559625905,181.52817597806293,934784,0.0017331649698160046,0.03804987430054454,Financials
2015-07-22,188.64360229938728,198.43023436978595,178.16743473559904,187.91633704816584,676295,0.03458596687478002,0.035477949863988494,Financials
2015-07-23,174.19945681688247,193.94010080817844,154.64493277165,174.36679270006167,1489746,-0.07483576356493504,0.03586608853695719,Financials
2015-07-24,173.99591822436278,177.2914646463622,172.25417481230943,175.53432142682877,988481,0.0066735029565748285,0.0443752157381202,Financials
2015-07-27,185.35350006622,203.7104945299304,168.35707524874317,186.59978837672074,1698482,0.06113156683995572,0.0410122928364226,Financials
2015-07-28,191.76581095466173,198.08890387470987,184.45753862331068,190.74703960172525,1025106,0.021981995951450978,0.04479025341083236,Financials
2015-07-29,195.36371782845674,208.5027119773913,184.7643147581841,197.77261488112532,1589633,0.036169810812669845,0.04215939589684256,Financials
2015-07-30,200.04589773161834,200.31039779313707,197.33709819760674,197.5983621352001,1182597,-0.0008814645856041825,0.041450814371288454,Financials
2015-07-31,187.7760890076751,201.79238734960765,174.6241189962379,188.58384176411573,1124388,-0.046693804594398695,0.03840120514523942,Financials
2015-08-03,196.24233279449575,206.72432933207696,184.98204298464256,195.42012235696902,1456110,0.03560902274352101,0.040084520121992144,Financials
2015-08-04,204.4112421804961,216.32208241417226,191.32280955209535,203.1607870035014,1011022,0.03884600509776543,0.039694021940849034,Financials
2015-08-05,198.65174152815908,204.98635952767762,193.09129826073791,199.40483644721198,1719216,-0.01866060750217641,0.03983521205015515,Financials
2015-08-06,191.91514187741305,203.2373661990506,180.40396196000694,191.71433976146486,1627400,-0.039330661843137854,0.037705543837971665,Financials
2015-08-07,198.02738265749372,208.42907771903018,187.94630756393215,198.3324713298712,761329,0.0339383202406161,0.03833277413710951,Financials
2015-08-10,194.4603397572227,200.6488758546524,187.98968912525,194.16895205512787,1347674,-0.021216103688652434,0.03805644092069716,Financials
2015-08-11,199.28347655067296,207.98963598395662,190.96041916795744,199.65121983439545,1595220,0.02784327641132584,0.036416378386648476,Financials
2015-08-12,195.75214769274558,202.89578487068317,187.74173719187962,194.85254491733062,1509623,-0.02432885075042389,0.03573806511322725,Financials
2015-08-13,190.4631089366135,196.92195713976793,184.11636270859182,190.57159583471042,1428369,-0.022215137491127503,0.034792978964947464,Financials
2015-08-14,184.08617786790202,193.50185552498775,175.009097620512,184.40886399152112,1764609,-0.03287257577771943,0.033800413581296256,Financials
2015-08-17,184.3619560051428,185.87002101782352,181.90572341552456,183.4059685325434,1094104,-0.005453276244760913,0.03429380851338368,Financials
2015-08-18,178.95583507675997,185.5577128358693,172.3486130276529,178.9502860780928,1481707,-0.024594067231830576,0.03233130023912358,Financials
2015-08-19,181.45436795027393,184.4298368332454,177.95062760970714,180.9172895396323,1422510,0.010931927097641217,0.032046538059086076,Financials
2015-08-20,197.6666864356563,221.50374751596217,172.41911176387063,196.06275070128248,2033468,0.08039480167392887,0.030651436112655202,Financials
2015-08-21,195.46942417153082,200.53574312256563,187.7094097704297,192.70405383837274,1190093,-0.017279152387498952,0.042674430857869684,Financials
2015-08-24,187.36775686465955,197.02664936399725,176.59552752434,186.1939075618993,1342554,-0.034366967796259536,0.04002088211570357,Financials
2015-08-25,179.03794584734482,189.36692937297204,169.17569494601312,179.48031092558236,1575612,-0.03672313097150419,0.03947784284356992,Financials
2015-08-26,181.27015573242835,188.0597055294956,176.14901726703036,182.8927271256848,1409501,0.0188342769192786,0.03935845922692886,Financials
2015-08-27,188.94903005478167,196.08686350409167,180.4719918795413,187.55724869734186,1116914,0.025184334799145062,0.037315950319334865,Financials
2015-08-28,184.3491052179388,190.06199533679634,178.02866823629324,183.72212865290794,996281,-0.020659679405924662,0.036181787220635864,Financials
2015-08-31,187.1950346125728,192.108801746817,182.05775307304805,186.96549491597244,776448,0.017499634875159042,0.03480403330300718,Financials
2015-09-01,181.20135934421657,191.83132057841868,169.24712891501122,179.79456206793762,2282332,-0.03910920342125785,0.033391498475510935,Financials
2015-09-02,172.17888384908656,183.2584926741272,161.339335991254,172.40472683661588,1502331,-0.04197010154211998,0.03494886557799606,Financials
2015-09-03,164.65208220909793,176.1935126450864,153.00038182311397,164.53350014663792,1784706,-0.046730577919776146,0.03662460890807504,Financials
2015-09-04,162.27237617805451,165.19790148439114,160.27390440899845,163.18815144931395,1029078,-0.008210359298875083,0.03873824491433499,Financials
2015-09-07,177.21039999092605,197.26608016868443,156.06092970128012,175.97702320488904,2197135,0.0754495980626619,0.03620266281928574,Financials
2015-09-08,171.69971435867436,178.60245475062027,164.43559741927106,171.3232010739894,1484940,-0.026801599205639296,0.04474821240382794,Financials
2015-09-09,157.34244370765703,178.98602787801892,134.80922184196282,156.3109113169256,2124926,-0.09170479225798629,0.04254022647644744,Financials
2015-09-10,142.89567431210895,161.96022695473297,124.35013479605091,143.35506586980884,1511252,-0.08652251420641968,0.05300190594116418,Financials
2015-09-11,143.3581839138167,143.94258544260586,143.00612595904232,143.58995829803396,1248119,0.0016371950088599088,0.0589091117434886,Financials
2015-09-14,150.1444647833188,160.93769970915943,139.65964098526277,150.43274486052889,1197076,0.04655438042371263,0.05363421313163843,Financials
2015-09-15,150.1953893624052,152.79842545599857,146.12744745318506,148.70464750156785,834989,-0.011553999114724496,0.05221493660912916,Financials
2015-09-16,150.1113074651878,156.35720328926277,145.5509215761843,151.74712132751975,1471878,0.02025335273320915,0.04797023992443398,Financials
2015-09-17,162.5524595051681,177.76673861179896,146.39999768643918,161.51739916368527,1369732,0.06239741169484695,0.044748685782563226,Financials
2015-09-18,161.78763206467275,163.47298847975634,160.61684402070256,162.29850347740683,1063950,0.0048243821402539615,0.04781183380028102,Financials
2015-09-21,166.7351495761693,174.02602034428512,159.6681261020206,166.94989494664875,1482158,0.028256483379430035,0.04395757455242311,Financials
2015-09-22,171.37823346801096,176.1066946608959,165.35737342082606,170.04916454963077,1077151,0.0183938613331062,0.042018793609184805,Financials
2015-09-23,185.09928570226404,207.85458210103067,161.8823434050574,184.57293220796328,1764310,0.08195708341943216,0.039537492754450766,Financials
2015-09-24,175.9910275982091,189.0463654725362,162.6356935446285,175.666994012002,1641059,-0.04945455857417418,0.04856042828311507,Financials
2015-09-25,174.75302316792644,177.67231847959562,173.5604382346464,176.46802965211992,933388,0.004549601533489312,0.04851139207028193,Financials
2015-09-28,191.6081824171181,215.54468756551523,167.79113220862632,191.7144306204369,2091079,0.08286719946939661,0.04456219204206992,Financials
2015-09-29,189.05774719926316,192.12980057061986,187.81809504337392,190.8782116246068,1312673,-0.0043713351229230455,0.052140934781230865,Financials
2015-09-30,218.85355580683017,251.68158917785468,185.98906317571522,218.81066255966496,2374196,0.13657121215420662,0.04772638630256843,Financials
2015-10-01,209.29617661395568,224.45842930096595,193.3899638569703,208.49411175558583,1418588,-0.048296001491949,0.06870226166577044,Financials
2015-10-02,211.8831074048001,217.66516169225412,206.36820229568158,212.14347960136166,1024166,0.01735203646534648,0.06500673942300246,Financials
2015-10-05,220.48664779805765,232.35845136715204,208.05680811736934,219.89685510113645,2240053,0.03589575963791916,0.05937899385938028,Financials
2015-10-06,199.69465637505934,229.38856467285171,169.53186651282897,199.14387560526833,2021407,-0.09913103948067047,0.055802936870736,Financials
2015-10-07,218.8938083394846,249.06844284167084,188.2180760840445,218.31258920138757,2013949,0.09190037467966539,0.06375906726887726,Financials
2015-10-08,203.01390981512793,226.19277778663155,179.21345262743387,202.3122042087897,2026189,-0.0761158615276204,0.06796342220001289,Financials
2015-10-09,205.9652377672227,209.09302472484816,201.26724125097465,204.37081531813732,1580831,0.010123996299998238,0.06829542489891652,Financials
2015-10-12,201.97045835082764,206.25473134067545,197.22671271466018,201.50102797152525,939941,-0.014141582964923566,0.062022466452578244,Financials
2015-10-13,198.2671299609378,203.134164620495,193.3641218335523,198.23025119823635,752012,-0.016365243062112154,0.0566341481016712,Financials
2015-10-14,201.30766276551824,209.63406912820363,194.48380325087285,202.76094668359517,1393839,0.022598442671947303,0.05202032835376882,Financials
2015-10-15,204.63238822789876,206.89427685872778,202.0028214261513,204.26060052977027,1141551,0.007368949592703907,0.0483889976265962,Financials
2015-10-16,195.72218267574638,208.41129435118012,182.93771846522984,195.62021964694466,1478744,-0.043221507485624304,0.04451225994892146,Financials
2015-10-19,186.34242978013108,201.51630274321784,170.1960840782554,185.2837485806713,1428905,-0.05428669852947848,0.04433156702630495,Financials
2015-10-20,183.03810626043256,187.1447090022411,178.4377762272222,182.53304758350777,1637508,-0.014957186878399819,0.045981377900088924,Financials
2015-10-21,183.0144993006212,183.93520022342804,182.17305492366532,183.09339311697045,703177,0.0030651282828096558,0.0427198701633085,Financials
2015-10-22,191.66089397412813,205.57424013047333,178.0667735200028,191.95897723234916,1008949,0.04728532138976794,0.039514542856073386,Financials
2015-10-23,194.2175028043311,198.15463202613347,190.49465544387505,194.42775446839204,1251968,0.012778962783825256,0.04104271580365528,Financials
2015-10-26,199.46716858775693,206.83253368443675,191.91513238184697,199.27334033139178,1474650,0.024616800010505147,0.03836794104335351,Financials
2015-10-27,188.0585188636251,204.30062480694147,172.07222606127945,188.29428982003424,1676097,-0.056671341448911665,0.036994285320013705,Financials
2015-10-28,191.3454613401038,197.59687483667844,185.76116484797257,191.9936610453601,1508365,0.019456245797596187,0.040946402263370284,Financials
2015-10-29,205.009991270578,226.79566637474136,183.9087255481483,205.63052986401505,1671959,0.06861865801971129,0.0387048848561969,Financials
2015-10-30,206.15382374922694,207.36559949322188,203.62233418709388,204.82630676326943,690282,-0.003918678204966675,0.044774239509444286,Financials
2015-11-02,203.39925730882467,204.9152063880018,203.13395539957975,204.64827533383715,1053395,-0.0008695603997613817,0.04130483536767066,Financials
2015-11-03,207.665123030171,211.73668432705318,203.2755729412369,207.34077494636375,1681428,0.013070919942233515,0.03827512194746905,Financials
2015-11-04,206.56577245507813,210.17865250685966,201.35279607367082,204.93719189917806,1804179,-0.011660144236681214,0.036022427878966506,Financials
2015-11-05,211.69038775969895,223.11244362632505,200.73320081044878,212.13237901653335,1540040,0.03450695790586478,0.03403654055246077,Financials
2015-11-06,216.11969743996536,220.67680978087247,210.599102286122,215.13546096014122,1732178,0.01405737158586395,0.03471884784682541,Financials
2015-11-09,216.6216738616561,219.16752935383454,214.20020573937754,216.74468615973998,913412,0.0074522186664941125,0.03307506872304681,Financials
2015-11-10,213.33009165311609,219.53062368082982,206.406379082805,212.58526232159497,1138915,-0.01937695702675348,0.03136077918811014,Financials
2015-11-11,217.6750712053722,227.41255580117888,208.7627625589937,218.46779070134,874898,0.027295450345712513,0.030710238464896674,Financials
2015-11-12,215.7331660069132,219.58050628906264,212.3672041765516,216.20714916913207,748434,-0.010401620646046066,0.03108458200930075,Financials
2015-11-13,215.13419130678403,217.51803175846962,212.23778360673367,214.61588080800416,1063892,-0.007387142685860333,0.029819960559397007,Financials
2015-11-16,212.94318737300773,214.80308986038818,212.38398145054686,214.24047715071902,1073034,-0.0017507202409542534,0.028628124628944582,Financials
2015-11-17,208.2023362546898,216.67231421282193,200.7628917739802,209.1973172683706,1489447,-0.023821200775285212,0.027497552055057918,Financials
2015-11-18,211.36012277779258,211.3883634711919,209.15073440120776,209.17868362356933,1340595,-8.907606924826326e-05,0.028107111843321136,Financials
2015-11-19,199.85772681006551,213.2176829088799,187.24502980850565,200.5606270153564,1989317,-0.04207225210610723,0.02705566445534627,Financials
2015-11-20,197.29451890793086,203.66823339020112,189.94614757065347,196.28732403523261,1474125,-0.021537055422016404,0.030840206596068818,Financials
2015-11-23,195.16361644928827,196.83981684584018,194.8343150033609,196.50824659254764,838501,0.0011248730745976841,0.030503629091441175,Financials
2015-11-24,190.01731841092803,201.81732434425777,176.83075461695057,188.53895470518538,1334775,-0.04139975602227737,0.029061433397436994,Financials
2015-11-25,186.1969182382717,189.31846264350926,183.84813173754134,186.96004959977728,1445487,-0.00840968627176623,0.032136342335377044,Financials
2015-11-26,177.66310610678627,190.8012310423947,165.65914399348014,178.7254881625222,1627463,-0.045043912516426844,0.030607254408647432,Financials
2015-11-27,181.95708821912075,185.39091407156388,177.57271018642967,180.9882525356063,1203757,0.012581083030990887,0.0339674303733247,Financials
2015-11-30,181.337929138187,182.2875913996944,179.41293936466099,180.35746696998032,999945,-0.0034913168874660078,0.032353849979070995,Financials
2015-12-01,177.31924894725682,185.1282035926891,167.42632253323038,175.1392733277441,1535170,-0.02935930416200903,0.03064711537511959,Financials
2015-12-02,171.99365432334187,178.75410245027885,163.90344675784795,170.60948832866575,1720190,-0.026204254079543167,0.03131599999655635,Financials
2015-12-03,177.7351537210632,189.9918328798962,166.0389094992482,178.26098518703583,2309976,0.04387143446092844,0.031425354801612695,Financials
2015-12-04,176.26011206694182,179.08998483410616,173.7537713470512,176.57910813147592,643329,-0.009479704702705514,0.0343328960877862,Financials
2015-12-07,170.57851842066913,179.44078464084035,161.70608939738986,170.56779868240173,1624999,-0.03463611675617791,0.03250350632173942,Financials
2015-12-08,162.2188709710993,174.09656924077973,151.17422826604346,162.998823600954,1864100,-0.0453898803056995,0.03354297879076964,Financials
2015-12-09,164.720089296927,167.84624072783095,161.80852230629216,164.93094665493237,540524,0.011783897572592184,0.03618205806820939,Financials
2015-12-10,171.1644185545848,180.1475063084462,161.83955656558095,170.80371373149404,1214815,0.034988143095471144,0.0341780938195977,Financials
2015-12-11,158.58406687645518,178.0104699339881,138.12674242703662,157.40922890872457,1890600,-0.0816660565388201,0.03490185097245349,Financials
2015-12-14,154.75127552228253,158.61420271618806,151.08248635097527,154.94091757729979,1020506,-0.015805100405689304,0.045551213810753124,Financials
2015-12-15,153.74691124400823,155.45396974467678,152.19891571710613,153.90438866177024,1118825,-0.006712310573165776,0.04239576209400469,Financials
2015-12-16,151.4801851898039,154.5115607458432,149.6582796287439,152.67528134226748,1087392,-0.008018234898851194,0.03930240173080713,Financials
2015-12-17,151.41106041451042,152.8783534052709,150.8036448529113,152.26750205780309,635526,-0.002674465832444103,0.03667951525145574,Financials
2015-12-18,154.35870677919144,157.30598674155897,151.2735289375235,154.21812466617723,1144453,0.0127291381823749,0.034313006082078504,Financials
2015-12-21,156.1448670311623,162.8775552290139,150.97646506866587,157.6590342645336,1216821,0.022066695971781854,0.03265287970364795,Financials
2015-12-22,154.941219701907,160.21350910664026,148.8783426218545,154.12278251222412,854076,-0.02268511639393168,0.03203137997369738,Financials
2015-12-23,152.12226574248925,155.72076172486345,148.12252689237218,151.7113013948118,1713022,-0.015770191890540193,0.031591131956396235,Financials
2015-12-24,146.423312076002,156.39493835173778,135.10432456459057,144.97748827739227,1722552,-0.045400904789258976,0.030589287952955367,Financials
2015-12-25,144.34825132595282,147.42068603942175,139.89244722852112,142.93479673548586,1093998,-0.014189917717493164,0.03402572487585768,Financials
2015-12-28,146.828627003886,152.58996565764943,140.96596390465214,146.7231643598928,979987,0.026159016223318763,0.032502354182219355,Financials
2015-12-29,144.47736426116663,147.0907482992926,143.3804195674884,145.98237679477035,1130831,-0.005061668076462253,0.032369222131137534,Financials
2015-12-30,143.03175718927648,147.48525612457556,138.53137140271087,142.98336353207355,1412323,-0.020757622982079813,0.030692935761464406,Financials
2015-12-31,142.80614142518496,143.80048505504504,141.33021629363336,142.32118321220491,1195679,-0.004641927487322756,0.03030308369301431,Financials
2016-01-01,136.2041541712448,145.0587990659445,127.64430196154537,136.48151585333773,1538933,-0.04189716660642341,0.028945701384908578,Financials
2016-01-04,139.2886475308143,144.16551610604736,134.66607519504433,139.5347755206946,1622794,0.022124666619593412,0.03214947570923045,Financials
2016-01-05,149.2264467288337,162.76322807557293,134.78685509062547,148.2335695521764,1592502,0.06047534532685756,0.031627458981981806,Financials
2016-01-06,147.64371786928587,150.22367092268158,146.45948679646452,149.02833402363495,1176164,0.005347246691388885,0.03806346067012239,Financials
2016-01-07,149.8867695695032,154.3443262857396,146.71483407544608,151.1457480235704,1410897,0.014108140890475202,0.03554364342080801,Financials
2016-01-08,145.45079171048943,154.88622454239015,135.35862318362473,144.74849803156516,1606259,-0.04324684988391748,0.03377182873355045,Financials
2016-01-11,139.0876240969467,147.26070979708098,131.27292676349526,139.42694743738497,1176690,-0.037456950293935865,0.03595792870201126,Financials
2016-01-12,144.66592783946,154.0720038638411,135.84124020110787,145.21389026724847,1717682,0.040666971000686745,0.03667194538103341,Financials
2016-01-13,138.4031382559956,148.23930416162327,128.90658481754372,138.7209444035912,1516438,-0.04574343981943867,0.03773507177652115,Financials
2016-01-14,141.13910588838252,144.55612304898065,137.56497367879228,140.97809266427885,935701,0.0161401861380664,0.03940834754922557,Financials
2016-01-15,146.3417744121068,153.2037319548872,138.63430565899532,145.45466677472652,1152893,0.03125996237390932,0.03716840225963657,Financials
2016-01-18,151.80290263200692,159.36429424178178,142.87606777086924,150.3658804636506,1318231,0.03320705765468708,0.03676642338289189,Financials
2016-01-19,149.0277380312825,150.71324963992643,147.98520677185158,149.66625162557847,1148853,-0.004663701192825684,0.036699076451707946,Financials
2016-01-20,141.79189119222406,153.12861109652707,130.86076920620826,142.1684585130276,1676167,-0.05139514393996266,0.034361610646898355,Financials
2016-01-21,148.04387006082467,158.02834223475202,138.4713948956398,148.43084535542536,901967,0.04310647990694453,0.03795781015931573,Financials
2016-01-22,149.23398639433375,149.41676205431753,148.1280565173707,148.30970014950682,1084312,-0.0008165059644469372,0.03913261520992041,Financials
2016-01-25,157.1449750864653,173.2322176234903,142.0925780879399,158.08936102219025,1450483,0.06385779326910568,0.03640314905104573,Financials
2016-01-26,170.78320366008955,190.95307254727942,150.77743240723038,170.93009432668507,1892905,0.07809421857306585,0.0420930406699979,Financials
2016-01-27,182.44784501730484,198.87884474798477,165.1606525509085,181.50691327461792,1705937,0.06003907483486204,0.049318001829530216,Financials
2016-01-28,178.87548852858876,182.52879100105798,175.78351466599574,179.42727909596408,1695292,-0.011523747190582263,0.05085779998800539,Financials
2016-01-29,167.17201111997798,185.82141184098555,147.9851321020621,166.5670437847949,1979944,-0.07437210170955019,0.046788162691997606,Financials
2016-02-01,161.52657755114055,169.2930810104051,153.5562623987053,161.3124712205004,1188862,-0.032054594676246016,0.051778249887173874,Financials
2016-02-02,151.68521326994207,166.23017631246304,136.81284967797632,151.32308893310534,1750941,-0.06392608626320725,0.048978712570683806,Financials
2016-02-03,142.60284579684216,154.8968809427385,131.35126484218083,143.56906391237976,1338061,-0.052601011767048074,0.05130412365302599,Financials
2016-02-04,137.42718349071308,147.27736709123312,127.05986213839108,136.87011768129577,1242563,-0.047783771013957546,0.051192972651346924,Financials
2016-02-05,144.41466034466865,154.26496968284798,133.46757387578472,143.237597507299,1981247,0.045472342464723904,0.05038918212228089,Financials
2016-02-08,145.2253776849323,148.2308318317484,142.2212151909793,145.22664315991557,1076207,0.013790805903866941,0.04941068537620465,Financials
2016-02-09,144.72656757113938,146.08106178243685,142.972627309757,144.323347791974,1244391,-0.006239325343089543,0.045625219041652246,Financials
2016-02-10,144.43726508747824,144.72043976353658,143.85225503445577,144.13483678848982,1223674,-0.001307025006724441,0.042085245243309866,Financials
2016-02-11,149.79173280601822,157.20190867703016,141.5982365225181,148.96764488020287,1086303,0.03297990586529095,0.0389511301621257,Financials
2016-02-12,139.5728708967842,153.47147828529793,125.51801095896595,139.39933801676108,1994123,-0.06638638439887991,0.038430503006830465,Financials
2016-02-15,144.6367311832628,152.6253486522181,136.63977536766765,144.62790536658167,1364067,0.036821524765762996,0.04407488688720348,Financials
2016-02-16,150.42351164037194,163.42110958322053,139.15630815745195,152.03332585256732,1494408,0.04993547156757994,0.04309814643586403,Financials
2016-02-17,149.4967852760045,152.8021874923813,147.1811463993409,150.4714514688213,842977,-0.010326370886564084,0.04427180681954636,Financials
2016-02-18,150.6667581732726,151.53771578260486,150.0276170981137,150.89759547616927,1702537,0.0028280561370803334,0.041036439826169335,Financials
2016-02-19,150.81680186621682,151.1628616328823,150.65781680267412,151.0036795703097,1191858,0.0007027734380405636,0.038057735089106724,Financials
2016-02-22,142.26465098874496,154.59727156678727,130.94293423940638,143.20103539897448,1202445,-0.05305471959315361,0.0354793889979222,Financials
2016-02-23,137.2003886328912,145.46458830961384,130.23153293747336,138.4331182520018,1498338,-0.03386217665444317,0.039105627799575465,Financials
2016-02-24,133.66825014320455,140.45736510156482,127.42239695816248,134.18726037077806,1022689,-0.0311510184273409,0.038670365289788136,Financials
2016-02-25,133.98552797774295,136.36571302362825,132.6871516028785,135.0569540771837,1514118,0.006460281666042508,0.03797203726001017,Financials
2016-02-26,133.59255517407325,138.2147485552348,127.41105821605623,131.97736741908594,1122877,-0.023066122585143328,0.0354931088638509,Financials
2016-02-29,131.7097495975195,134.15932745475286,130.41008869152844,132.84843048583207,1005910,0.0065784090140761,0.03446179802511567,Financials
2016-03-01,128.7681300963984,134.6129386388423,123.33668681099101,129.1647652708186,1509375,-0.02812001842040317,0.03250513402945086,Financials
2016-03-02,135.1845881544631,143.18839671754293,126.40970035441492,134.36498294824457,1424373,0.039471011068878015,0.03261713209361951,Financials
2016-03-03,131.75883723821315,137.10556123131116,125.47177302214214,130.77872440561612,1508976,-0.027053082258315056,0.034420865068008136,Financials
2016-03-04,125.0089892088088,133.05857310737514,117.95144361270744,125.94801366061836,1468137,-0.03763753652580819,0.03402377331477643,Financials
2016-03-07,123.56512490678627,128.90464297495794,117.08351585479132,122.37145275026539,1725041,-0.02880811810613844,0.03519348439441548,Financials
2016-03-08,131.91211089995986,146.59445812964674,117.1275738408756,131.79712238777424,1943735,0.07420267494529875,0.034861887863088484,Financials
2016-03-09,136.6150560972097,141.40711228330625,130.18303933697314,134.91547934668498,1382055,0.02338471479886631,0.04356818249202616,Financials
2016-03-10,130.25113918064383,136.6339800812561,124.99551728584647,131.33463906248167,1550650,-0.02689994077522497,0.04123804012632564,Financials
2016-03-11,144.89148568608377,164.22012841341083,124.40019249598885,143.54986145303434,1561999,0.08893387873829825,0.03961062717030553,Financials
2016-03-14,157.14404748197933,174.9784825916442,137.26029776122303,154.83237934173496,1791744,0.07566066673831019,0.05041415124720149,Financials
2016-03-15,145.74180211061378,161.1040003643204,129.1126731725178,144.3255931666536,1304853,-0.07027129728160024,0.054698718362256094,Financials
2016-03-16,149.58222341941297,156.5327253978349,141.94915228734155,148.86639239242334,929197,0.03097739744529857,0.056870626123022294,Financials
2016-03-17,156.08211218834117,166.0277230139477,145.4290524388608,155.32651641812686,1558889,0.04248025045349359,0.053210472328032075,Financials
2016-03-18,149.0018236666755,158.2919383450447,139.71437470058495,149.0043329712183,1370545,-0.041554072907935384,0.05133974331925069,Financials
2016-03-21,153.53090707439588,159.60750063484386,146.93316918861123,152.98828638681564,917199,0.026385973031924952,0.04967521053357437,Financials
2016-03-22,148.5373081362158,156.26139560371863,140.09099932764113,147.77547048083167,1712448,-0.03466732842821984,0.04667477015658643,Financials
2016-03-23,139.63020757518828,151.7914683707653,127.29473202678884,139.43937174643298,1430710,-0.058064134816140124,0.04497889376572801,Financials
2016-03-24,143.0564567225586,148.76109844469374,137.43746916498256,143.13887370368607,1292694,0.026185408130970374,0.04716139597491736,Financials
2016-03-25,147.74005632357404,156.935168335438,139.44867127493794,148.59575996429038,1431679,0.03741429487692739,0.04452200754784295,Financials
2016-03-28,152.55334323500273,158.83874675455752,146.37881746345408,152.65990783046144,1873796,0.026983023951331453,0.043540116490919024,Financials
2016-03-29,158.69478239503593,169.78588838361108,148.37790098985693,159.42174643422896,1384262,0.04334056125213319,0.04154282046837887,Financials
2016-03-30,154.22670508425279,161.51866739398247,147.78832826426498,155.04608460362513,1552645,-0.02783079111351303,0.041981012177195694,Financials
2016-03-31,159.2013857349341,164.68754882965408,153.1821573653236,158.6492951287332,1218556,0.022973682334877437,0.040325020109580625,Financials
2016-04-01,168.72742440383868,182.70271320986933,153.7694883374516,167.65603666048412,1376187,0.055218404695854824,0.038471473970645376,Financials
2016-04-04,159.41098053694517,171.01777659464477,148.92525731673044,160.4628627472807,1221147,-0.04385194873818429,0.041730136354348475,Financials
2016-04-05,151.6411464323791,166.24578407041963,135.9906379642144,150.48381213442036,2175086,-0.06420701320910131,0.042208677251750794,Financials
2016-04-06,157.28859243890187,168.32698754830383,146.50151894030495,157.5237842627302,1420402,0.04572094022134128,0.04629944956540011,Financials
2016-04-07,171.87535737269508,199.70296286612123,146.37446326035794,173.90145902939878,1658507,0.09891235331675428,0.0461353647461006,Financials
2016-04-08,171.5634808819799,174.590599867447,169.4906167971596,172.5063439239021,1151764,-0.008054799207710387,0.057186760268469125,Financials
2016-04-11,172.37730486942954,177.92263612960625,169.16212715737845,174.6647922530164,1075382,0.012434652053863213,0.05221103722915459,Financials
2016-04-12,188.9043676902713,209.77215706596996,167.2441027689398,188.01347778189952,1755802,0.07364498637008259,0.047999864714293,Financials
2016-04-13,195.38257720072426,206.48308501604296,184.17709966439085,195.27128447057262,1786095,0.03787614356188544,0.052504544686053534,Financials
2016-04-14,195.20937433300224,195.5721369524132,195.0290089796375,195.39160322711962,1155308,0.0006159723083006636,0.050205299598945895,Financials
2016-04-15,184.02169811587257,200.51426159270454,167.67806024477758,184.15847598079444,1636338,-0.05920909703740093,0.04600559313321178,Financials
2016-04-18,185.82267477207668,191.45524799893863,181.46006692143257,187.06350876208035,1451043,0.015651508823291253,0.04815671557974601,Financials
2016-04-19,187.19389168083788,187.50758930053462,186.54151026985366,186.85463937398515,284631,-0.0011171932192159397,0.044631836883660486,Financials
2016-04-20,186.7859860856008,187.6849317817131,185.35968728220476,186.25608271012663,1060493,-0.003208469453735686,0.04115565464175124,Financials
2016-04-21,193.80345573899174,204.42308728026183,182.60013840706915,193.18593220060274,1719502,0.0365305888579278,0.038165094898718825,Financials
2016-04-22,194.31029434898306,196.7643490308404,192.163441498199,194.61413912669278,955460,0.007365720064658665,0.03828096345768501,Financials
2016-04-25,187.76501180938425,198.09502582025345,177.28432744769555,187.60556964435506,1150026,-0.036677099428073276,0.03578384838735948,Financials
2016-04-26,187.70045589390767,189.36686130568273,184.84273959262467,186.4984738024975,1083555,-0.005918669381449369,0.036416596322228406,Financials
2016-04-27,195.81991476419944,209.52317638032955,181.73101459417742,195.40525906167287,1571044,0.0466525978988779,0.03414951518314641,Financials
2016-04-28,206.91755747373531,222.1789994027516,190.11491005929207,205.25362687750416,1474646,0.04917076512772795,0.036870330123316176,Financials
2016-04-29,206.04507045448318,210.76965969376778,202.7509150328086,207.45299501088854,897206,0.010658365228567042,0.03937259981521135,Financials
2016-05-02,207.56784680999036,208.69172098899455,205.5863049648247,206.705510029338,1421213,-0.003609660475763982,0.036840214513067834,Financials
2016-05-03,203.50601247733792,208.7607427359828,197.93147736982988,203.17773107186753,885388,-0.017214004948150417,0.03446324957991668,Financials
2016-05-04,209.94702589582994,226.65416125202339,195.90327522249433,212.4434219597538,1018279,0.04459458479557515,0.03308505330567481,Financials
2016-05-05,210.9790629516152,214.1183272755382,207.2166191794937,210.34647084509984,409366,-0.009919670953772818,0.03569311069036903,Financials
2016-05-06,211.56722656828677,215.78885125784475,208.30972328350234,212.51672848002,1014415,0.01026467516613217,0.03367430031015667,Financials
2016-05-09,216.40364428893196,221.22522855764956,210.89110486412065,215.69694347599622,812268,0.014853675514755714,0.031983923063670996,Financials
2016-05-10,214.96916860648267,215.95037692751382,214.20784346649023,215.18827580731255,1682991,-0.0023610366854857918,0.03084593683257016,Financials
2016-05-11,219.92479657908848,227.41754594607605,212.55866733615994,220.04731315086005,906873,0.02232923665273476,0.029360068620452137,Financials
2016-05-12,215.72380866803897,221.7331248901749,210.60529781615082,216.59396764694094,1270186,-0.015818099026688435,0.02940068238905692,Financials
2016-05-13,217.85747222017474,219.69080732103384,215.97956070048687,217.81251749402165,696802,0.005610197291454522,0.02879326203257421,Financials
2016-05-16,224.22567747815953,233.06537710894676,214.79744400270587,223.61298949652743,1335601,0.026282150882409476,0.027712139899844262,Financials
2016-05-17,218.57930928109678,225.3874585502053,213.20096192334015,219.97477447251936,1527793,-0.01640395386445291,0.028600399936254264,Financials
2016-05-18,209.6960475141271,224.47723878572418,195.58659970774912,210.32544202205983,1042156,-0.0448568232405602,0.02819130640053808,Financials
2016-05-19,211.9018371959922,213.64908649661177,209.7409824243241,211.48479296171107,1165030,0.00549703996196289,0.032212109430157544,Financials
2016-05-20,201.05100439012577,215.50778859419287,188.56875383117475,202.91011515321208,824685,-0.041389996522905745,0.030571696263110237,Financials
2016-05-23,216.23465245619363,239.0163949290062,194.36517735589672,217.06312956101095,1262242,0.0674251323793639,0.03323661628006102,Financials
2016-05-24,210.4304323469773,222.8953060615303,196.29843005782084,208.65833325481555,950090,-0.03949008571155628,0.0408125029966875,Financials
2016-05-25,192.7736201546012,215.54491530838266,170.36678775046317,193.10013124250352,1554457,-0.07748927606093305,0.04082215515023196,Financials
2016-05-26,184.38327472049033,196.458740850993,173.9994230886903,185.98470216195332,878018,-0.037544445205387515,0.04830990443537238,Financials
2016-05-27,184.5584276851876,186.7864304119629,184.0817368736604,186.30522783907438,1561570,0.0017219147255283795,0.04667456800133132,Financials
2016-05-30,189.9893192975791,199.65897185115134,182.00013154963025,191.6019709398632,1307964,0.028033813611158656,0.04293316884457773,Financials
2016-05-31,198.00993508070087,205.7576325609361,188.97060591316747,196.6657066632513,1277916,0.02608521462008989,0.041139880839246405,Financials
2016-06-01,199.96677232771805,206.62137588926032,193.98927921434523,200.62422977398307,1451669,0.019928287897673053,0.03944689594429881,Financials
2016-06-02,207.1950489600841,219.37333016213861,195.91045307451103,208.0425749299935,1202008,0.0363090911750729,0.037475546406852446,Financials
2016-06-03,213.07133822964965,224.623990078458,203.13280613030332,214.61352402875087,1321052,0.031096101997020675,0.037699944006426386,Financials
2016-06-06,198.94026485915916,221.08431607942887,178.16831821100368,200.1826484532171,1487805,-0.06960865585409463,0.03717625258658428,Financials
2016-06-07,205.61653030068183,212.01624513733873,198.01854636755007,204.37976756351125,1425449,0.02074967684520409,0.043959796980619456,Financials
2016-06-08,224.0758462076727,258.4033327052616,191.22524587010582,225.36389779017517,1476241,0.09773655034977477,0.04135883658710534,Financials
2016-06-09,221.42776492303005,228.4674310457418,213.62307881108404,220.63762467137659,1217645,-0.021194770900143614,0.05386378822745589,Financials
2016-06-10,202.40890681598862,228.31134665462108,177.34511672717372,203.1551510086845,1781222,-0.08255167055337988,0.049884154726688605,Financials
2016-06-13,211.5567589595179,224.24385629449736,198.76165954641303,211.44186677625345,1234223,0.039980121323397594,0.055793905230858615,Financials
2016-06-14,233.7570745306847,268.6618725912127,198.69621472487378,233.57361906479287,1695066,0.09954721336414896,0.05319896055265614,Financials
2016-06-15,217.49316218955178,242.02696002978595,192.21370029126354,216.65269075421017,2445981,-0.07520174456136765,0.06205280554811008,Financials
2016-06-16,242.6839948016507,279.0865940218983,205.2026116159276,241.41483719520895,1742393,0.10822120195678674,0.06347232388115491,Financials
2016-06-17,231.12937609324328,245.85748759534877,217.28969529181333,231.9676143432175,1312117,-0.039919001312484756,0.07127245612468484,Financials
2016-06-20,213.49014339154425,241.13213973262592,185.23387936063236,212.78451301930792,1513872,-0.08631779091985464,0.06635389514944864,Financials
2016-06-21,223.61154653579112,239.3870966738915,207.29678134593624,223.03140299122688,1303512,0.04703260448009522,0.06884682763639717,Financials
2016-06-22,210.38719755218196,228.35186804277205,193.59886744422292,211.47660607702738,964405,-0.0531981993305306,0.06499014096848679,Financials
2016-06-23,200.40277009721171,216.02680687490755,186.15265777089004,201.68548413697195,1182419,-0.047404908024006535,0.06247785207803369,Financials
2016-06-24,194.48210953515482,206.0611188705833,182.296417758578,193.83701997219157,2129097,-0.03969177203704163,0.05966464108617771,Financials
2016-06-27,195.77055006523582,197.40719878410252,193.2908178867063,194.9203589780304,592349,0.005573356899429183,0.05642881384425864,Financials
2016-06-28,195.502216833785,197.40429494608858,194.01346677062497,195.91242117543595,799060,0.00507666899220135,0.05149784628084226,Financials
2016-06-29,194.52119686886255,196.11823382089412,193.90554872585142,195.49948943945705,1088832,-0.00210996077521283,0.04717508264391981,Financials
2016-06-30,201.1871497559104,208.00302880798122,193.19070910919734,199.96519024781387,1074498,0.022585534779731773,0.043371171625164476,Financials
2016-07-01,199.07257713104545,201.32583129504624,196.215621192932,198.4619639748803,917447,-0.007545838127560539,0.041004423904068554,Financials
2016-07-04,199.36086531879116,206.28578122933197,194.70375113575878,201.57689998334135,1308935,0.015573481704764688,0.03812651537605739,Financials
2016-07-05,207.62255189670367,214.40094097035845,199.28651627140445,206.01233556051648,1377504,0.02176510214242743,0.03604559528760607,Financials
2016-07-06,199.50271706438778,210.42951860719765,187.74701543154282,198.62578736910018,1824336,-0.03651345941079195,0.034792037916754115,Financials
2016-07-07,205.6279854535962,216.81187833977714,194.64943093417375,205.8229163854976,903793,0.035593580952206126,0.03561423352596848,Financials
2016-07-08,209.1746515377503,217.41210826313102,202.23205158414302,210.42791203480897,1292288,0.022126963927252965,0.036121106772411635,Financials
2016-07-11,211.7714351839663,213.0228187668259,210.01015737702505,211.2585100217096,206308,0.003939415725174113,0.03488879280609839,Financials
2016-07-12,197.6321963097037,218.6995751984793,175.79120223580014,196.7662748290336,1447264,-0.07106594735796158,0.032804117732562976,Financials
2016-07-13,204.7797097885665,214.91543769915788,193.30149460907066,203.36731496048782,1243171,0.032997175097918545,0.04145411250107964,Financials
2016-07-14,191.47770017121513,208.7013835259753,174.46345676291062,191.67004851131307,1656199,-0.059238380911861635,0.04047316134512028,Financials
2016-07-15,188.5624038767579,193.62626880635045,183.21305029637682,188.26903682009856,681163,-0.017903409606870164,0.044009536436701226,Financials
2016-07-18,198.18998676272747,210.3552208605162,184.0940466068838,196.13302067296283,1263936,0.04092111916280577,0.04120135008991055,Financials
2016-07-19,205.11274731728392,217.7587382857614,191.7628214766994,204.36256054067172,1435211,0.04110256800670938,0.041342734529970074,Financials
2016-07-20,198.84582893128183,207.99632034052442,189.0679542399701,198.18818204121968,561247,-0.0306786802567024,0.041482412215834194,Financials
2016-07-21,186.55935016715435,203.46179701908628,169.7068026355276,186.60511536021943,1628219,-0.0602222921428743,0.04022200432523793,Financials
2016-07-22,177.47615043681628,190.18851145014366,166.34308750414212,178.96222706445957,1341349,-0.04181993995727585,0.04402563317196951,Financials
2016-07-25,176.22283722483678,180.25175750197624,172.29790959694844,176.3245641583713,1218259,-0.014848350303506765,0.04373718335305535,Financials
2016-07-26,171.6966804303765,179.572867907095,163.16899801181592,171.01386281205137,1548907,-0.030581788989653084,0.04078509522040341,Financials
2016-07-27,161.0355477512421,175.95427368811724,145.87707474328062,160.77132217861646,1438649,-0.06176162611384294,0.039636171187200316,Financials
2016-07-28,163.69663714744692,166.96444301666799,159.67282235643685,162.92522893382164,1300027,0.013308381186750285,0.04392033267336164,Financials
2016-07-29,166.24000913873013,170.282476923979,161.56138282369375,165.58799555749414,1018548,0.016211371362776172,0.04086273912971062,Financials
2016-08-01,174.57619780056118,189.52926283714459,160.08940547151892,175.0067427547318,933044,0.05532175447954333,0.03840874957044948,Financials
2016-08-02,185.5661530417224,200.39066035755872,169.8343068377609,184.58003517774878,1669150,0.05325866121178967,0.04170443756552333,Financials
2016-08-03,186.05377191989172,189.71188313268308,182.97734647030956,186.62599587895497,1096546,0.011023427681995683,0.04378219774333097,Financials
2016-08-04,183.45275164058165,187.6731731564186,180.2925350355641,184.49500240172222,791586,-0.011484216241898293,0.040641506678123246,Financials
2016-08-05,190.91472848756462,203.1568393224037,179.68660555991377,191.87239394362805,1400677,0.03920816033629445,0.037962728240445935,Financials
2016-08-08,187.89166048145728,194.24938829084806,181.24495753839372,187.59256478676028,1646103,-0.02255813374260323,0.038516580376635814,Financials
2016-08-09,183.5497292497757,189.16233588128995,178.77818090951135,184.36947741428347,1319761,-0.017330628815660824,0.03692088813693752,Financials
2016-08-10,176.39312592402854,187.9285481810595,165.26429544735404,176.77558777803588,1155727,-0.0420607111468641,0.03515073525444575,Financials
2016-08-11,176.4732679719121,177.95890403452563,174.3063934857383,175.78624586890984,771574,-0.0056123176791851755,0.03679435913926887,Financials
2016-08-12,176.95706350536915,181.3684202981226,173.6192237763086,178.01070630838836,778110,0.012574951471054743,0.034464251160229976,Financials
2016-08-15,172.7385602092096,180.36505817844716,165.48515679849018,173.09661962233096,1942315,-0.027993762758913753,0.03277113206929596,Financials
2016-08-16,161.74163185651864,177.60557418600408,147.48222060817298,163.2161655913751,1576906,-0.05877444203108333,0.03281318775573234,Financials
2016-08-17,163.54255874905851,165.47894870363555,160.01555581811564,161.9328868035207,899923,-0.007893521088694054,0.038464652448243056,Financials
2016-08-18,162.57537116786693,163.40431789576004,161.6557883922053,162.4842706124254,772359,0.0033992304489842314,0.03595788844812711,Financials
2016-08-19,166.5805484823454,171.90072318791354,160.6799054877558,165.98092984264377,1476216,0.02129170043776937,0.0337062161695014,Financials
2016-08-22,170.1610932585376,177.46039154947013,163.25146561464928,170.53555823486954,1161837,0.02707092638538717,0.03281596688963899,Financials
2016-08-23,174.6618477787982,177.97391101497658,169.43016294173745,172.70512132745674,896861,0.01264181150910904,0.03273278791404673,Financials
2016-08-24,165.0359676823276,176.68849474039052,153.13080343044254,164.76413766218144,1252205,-0.04707065666434001,0.03132284523212327,Financials
2016-08-25,159.1004635842002,167.02427383625712,152.15573520604795,160.0385960178116,1424652,-0.029099971266381405,0.034889017105247666,Financials
2016-08-26,171.6056343775963,190.68311566494705,153.00207872910508,172.03320735602676,1697197,0.07227251294696786,0.034652792972743846,Financials
2016-08-29,188.81996743368833,217.82762752274922,160.95704928207817,189.81750877049288,1892447,0.09837560624653512,0.04294357073881865,Financials
2016-08-30,187.00142364749243,191.3329425333183,182.57948417829758,186.90885898644933,1636794,-0.015442017503891637,0.0550180352238785,Financials
2016-08-31,192.9959345703862,200.19190111367982,184.4686813679547,191.61308765340536,1623767,0.02485705742735638,0.050570304978369694,Financials
2016-09-01,198.79313874782054,210.66487647333577,187.29477785204176,199.14610000419475,1624601,0.03856055585622277,0.04731348213856482,Financials
2016-09-02,199.81880664277531,202.2593474671856,195.11853445282208,197.5311341732464,1705778,-0.008142512927635709,0.04597705888649431,Financials
2016-09-05,189.09033188179575,203.09246575252467,174.09385550410178,188.01646992660955,1389264,-0.04936664831523298,0.04243886229151578,Financials
2016-09-06,171.79225059990046,196.97969301483587,145.50936448494605,170.50860417000766,1364703,-0.09774380519486205,0.04366240397596743,Financials
2016-09-07,179.14459771651735,195.73318901806738,163.9488818825889,180.42856248305304,1887712,0.056549163925387766,0.0553010138683201,Financials
2016-09-08,186.25552170885751,192.89885380162715,178.17995173588827,184.77030951831543,1032490,0.02377855980436043,0.05501120703084384,Financials
2016-09-09,208.69970760242768,240.00466374279182,176.48760637356284,207.63247808654452,2271746,0.1166561010387397,0.05104703032643253,Financials
2016-09-12,217.0838902442779,231.82626288000586,202.4443779872549,217.18025224708057,1092512,0.04495807969459675,0.06500720214370308,Financials
2016-09-13,213.44897219035371,218.05522580583596,210.8263900113179,215.40856668907705,1438221,-0.008191129249373902,0.061513684688170624,Financials
2016-09-14,203.890455659074,220.37911783842145,188.2167949898581,204.6472780034643,1341839,-0.05124863289472754,0.05601081067873892,Financials
2016-09-15,224.1036503510333,255.8753394261631,192.8683427966285,224.5744169655811,2628924,0.0929192288344499,0.05480631429268355,Financials
2016-09-16,232.7860010864404,245.7589875159518,219.99188816021913,232.95555572525404,1329063,0.036640556466768004,0.06162859021717971,Financials
2016-09-19,245.450351434783,262.16353541207764,227.1751277257523,243.77417783618776,1519772,0.045394608670952685,0.057791401284748314,Financials
2016-09-20,226.87462573782202,251.4526586028898,202.22027471460197,226.78903530190857,1697863,-0.07222207062641545,0.05550655298631133,Financials
2016-09-21,212.04131776188427,233.27640778916964,191.2205856513607,212.41862698313085,1472036,-0.06546124227198842,0.05785487068841128,Financials
2016-09-22,221.16879309585602,233.27120174860798,208.255312640707,220.31077007064295,858904,0.03648015763087854,0.0584852544310703,Financials
2016-09-23,225.02006374627368,230.6365449378051,218.41619387317047,224.0073990418849,1438546,0.016639941932361447,0.05510027471628144,Financials
2016-09-26,229.78732431977892,237.81273072190646,221.27644903000908,229.2842866576802,1148021,0.023283577327816867,0.050698770884259135,Financials
2016-09-27,222.6931862721072,231.99462706431277,214.38895052531933,223.65454232097483,824063,-0.024860020448765053,0.04730339354968886,Financials
2016-09-28,233.49048798492436,245.44976630776685,219.57001341390895,231.42341730121078,1791141,0.0341463683768698,0.044528551801741194,Financials
2016-09-29,225.22873041158545,233.02840498228827,220.4061105907427,228.14337647212506,1027499,-0.014274732511640704,0.043140812596051244,Financials
2016-09-30,231.4834269894911,233.4841584127179,227.4784886081144,229.46174647051373,1924193,0.00576205807113102,0.040242626248791526,Financials
2016-10-03,232.848543382006,237.28958162795814,227.9655577660012,232.39800301422358,1348751,0.01271509849692666,0.03742399458772677,Financials
2016-10-04,214.9716801307275,241.0223708795649,188.3846791378799,214.36141700113353,1587542,-0.08078797707367975,0.03528024030799315,Financials
2016-10-05,218.67485985142062,229.0275843702434,209.88869802994404,220.18091075970887,1561220,0.026786075081047668,0.04554954303722933,Financials
2016-10-06,217.78201757755076,221.65900401822384,213.70978054131902,217.58322810351183,1240795,-0.011868094785167529,0.04321380299692974,Financials
2016-10-07,216.0210070739845,218.78426072729167,212.9760227517336,215.7356259244007,977795,-0.008527731294085922,0.04018798286354294,Financials
2016-10-10,212.40610439976984,218.9950950444589,204.7646295487976,211.3199261606516,640835,-0.020680481110492373,0.037456207809466735,Financials
2016-10-11,212.60474991137474,215.38190802755602,210.1676939962802,212.94099775457184,1125604,0.007641898612677388,0.0358681801547971,Financials
2016-10-12,207.85060456986722,214.85860825584663,202.01954597513534,208.9954325590284,1218972,-0.01870272354767774,0.03373397204976832,Financials
2016-10-13,208.1343662023843,212.17738488047317,206.24225990526838,210.2659012410053,1444836,0.00606052821113999,0.03260143365588037,Financials
2016-10-14,220.07690052329852,235.61846748873765,204.73808947709497,220.26644562192698,1605077,0.04646500385314083,0.03091589043622582,Financials
2016-10-17,213.25315330210606,222.96362580753424,204.9996916298896,214.65587508815184,1404949,-0.02580176516162814,0.03447438632713618,Financials
2016-10-18,219.40679325990774,222.2726721660801,213.7049075330573,216.53325241408066,1142568,0.008707961631730248,0.03392117794128734,Financials
2016-10-19,216.65060164087194,219.0328134980635,212.58824275795712,214.9517749294958,524410,-0.007330426161291027,0.03212306554030197,Financials
2016-10-20,221.66857906478907,234.9147440082939,209.66876583078488,222.85092559331184,1485455,0.036089352505832256,0.030554432475847913,Financials
2016-10-21,234.39100439199552,257.7531594543734,213.396177344245,236.5637184691456,1988753,0.05971454152634282,0.03228350786052304,Financials
2016-10-24,240.41756483444885,247.01694332120724,234.13180745310368,240.723195183351,1351131,0.017430111330602484,0.038323020161249825,Financials
2016-10-25,247.39501528879583,256.4223815207815,237.65073048467582,246.6509458573281,1126145,0.024326456810909194,0.0363386077962988,Financials
2016-10-26,257.59523228650943,273.5179855078499,241.13979076699025,257.0274474628653,1407218,0.041208716170725905,0.03528685319498662,Financials
2016-10-27,249.67153220127415,261.767982687324,236.80115110153773,248.85819588358655,950499,-0.03229963886123857,0.03675395692969054,Financials
2016-10-28,254.46365640394927,265.9744457763753,244.18669994991495,255.64959320607466,1669314,0.026924490512756808,0.036567371802969414,Financials
2016-10-31,238.42867811801239,262.6748906168198,216.07866520267325,240.16236409650534,1626413,-0.062492518634235765,0.03575580194691502,Financials
2016-11-01,232.89957757621585,244.58520886625922,220.60824139407833,232.26187631066327,1164228,-0.033449699398787114,0.041334962575054486,Financials
2016-11-02,240.3267076906994,254.57787958708894,226.88036116975593,241.08888881882493,1567903,0.03730018648405607,0.0404313697930865,Financials
2016-11-03,245.07497664397764,251.08807917670453,239.051997698116,245.06485181028208,1476915,0.016357178022468815,0.04020512551202956,Financials
2016-11-04,254.35639186917717,273.4754542476313,237.28733779766512,256.27748189243744,1646452,0.044737894327659636,0.03785888647172881,Financials
2016-11-07,267.52493661061936,288.1442954782691,248.31757185516338,268.8423453349226,1444601,0.047864359858191895,0.03933011703814682,Financials
2016-11-08,262.5314657546524,275.2163266034326,247.74244476076998,260.3204761465114,1147589,-0.032211658419223126,0.041001658828425894,Financials
2016-11-09,255.80764157680815,263.30686817316604,247.7983651431979,255.28218759263922,1034400,-0.019543921232199855,0.04000684269051501,Financials
2016-11-10,267.9294723089582,289.05078800678507,247.51382736335015,268.5851795880203,1342034,0.050798554733254946,0.03791744582933371,Financials
2016-11-11,250.35221792824413,276.2906929232184,225.6858514849672,251.51023129701593,1476676,-0.06568443623787347,0.040463071225804025,Financials
2016-11-14,233.08528595643392,259.1975789449911,208.3549640781539,234.3346949201806,1960494,-0.07073325621793328,0.04535388496041637,Financials
2016-11-15,233.8637314546537,235.78195523325297,231.145195741316,233.05680082141623,992104,-0.005468209390336634,0.04996057380656186,Financials
2016-11-16,228.23891164592206,234.71497447927055,223.22140756299257,229.6660958060107,1274195,-0.014655707468243864,0.045840291721968976,Financials
2016-11-17,201.25451318094335,232.27891638158385,171.06633620380185,201.98166641876858,2633082,-0.12844956375816796,0.04258267652852959,Financials
2016-11-18,202.31648636268002,204.8421761115085,200.60507649737798,203.12393597127078,691603,0.005639381795886206,0.06344699391394565,Financials
2016-11-21,204.14685831572325,205.52488287399444,202.66277180892487,204.0400755662374,899715,0.004500108629772215,0.05766443638351953,Financials
2016-11-22,191.67582052862383,211.55856078636984,170.65561687235828,190.40671102846974,1743135,-0.06915405467040234,0.05256602919562347,Financials
2016-11-23,184.10135926654524,194.25237432595793,173.41489957028847,183.5346683185952,1771927,-0.03675879091769179,0.05502628855301492,Financials
2016-11-24,175.3560311474592,186.29160981176716,166.92303589188893,177.7437857526193,1390082,-0.03206047034857455,0.05220148706689605,Financials
2016-11-25,186.341393553758,203.55288556349626,170.81476321904842,187.89666449970844,1678714,0.055549047328661186,0.04933738202866085,Financials
2016-11-28,187.8222193989124,188.08604116803284,187.70867503215518,187.972406008804,1218721,0.0004030207115381252,0.05010185935892896,Financials
2016-11-29,188.57400017167126,188.72693071361226,187.92153682591118,188.07406192581453,1588918,0.0005406561590385108,0.04591493670725908,Financials
2016-11-30,185.0094182687094,191.97589417076873,176.50526908419735,183.4115788054182,1299958,-0.025103139675268348,0.04226806095183019,Financials
2016-12-01,188.6448268334458,193.4884724164445,181.78753983200417,186.5781206561377,1133596,0.017117336899905744,0.04029635621908649,Financials
2016-12-02,176.44028154262415,191.0480897090503,162.29276489644013,176.86640517800373,1756940,-0.05345535430833112,0.037986675861545714,Financials
2016-12-05,177.47306154345557,178.4591127495376,175.23344915701273,176.21249658694472,850007,-0.003704040855577356,0.04102452035115699,Financials
2016-12-06,175.27117127424847,176.39162896906458,174.73445613437272,175.85313175061762,623212,-0.002041465750751596,0.0380587309803278,Financials
2016-12-07,172.7822667894752,177.34450265292372,168.22784612420853,172.78988127509942,1112480,-0.017572870757683986,0.03548800840323523,Financials
2016-12-08,175.81457925676568,186.0427714955401,167.91554710151055,178.0435937372834,1621157,0.02995213172364995,0.03396821838634483,Financials
2016-12-09,178.51755388741125,179.3250841523543,177.74838265409923,178.55574835212497,1615007,0.0028724392141929746,0.03402412992998592,Financials
2016-12-12,182.82267703989191,191.12243705053714,175.27096328110838,183.5410500192683,1328317,0.027537480145805412,0.03205231302183879,Financials
2016-12-13,183.28772028012725,183.5751587920829,183.18545914021576,183.47279439435434,1325882,-0.0003719512314853158,0.032181167442419535,Financials
2016-12-14,188.55825457909768,197.08167680975274,180.35928900335932,188.86919097314475,1335622,0.02898826711508049,0.03047167180388081,Financials
2016-12-15,187.8942907668648,190.0552764836968,185.27098969493335,187.42659642559602,885261,-0.007667381157111235,0.03112661514795704,Financials
2016-12-16,185.64074275942278,188.39808557663508,182.82340439950886,185.57984266071017,1359045,-0.009902074929695933,0.02973064490599702,Financials
2016-12-19,184.6929961024458,187.8565376956217,183.33881431047493,186.489186114538,515487,0.004888046002638583,0.02866769367089348,Financials
2016-12-20,185.3580648751199,187.9785153261515,182.1281051236372,184.7398152344476,917955,-0.009424823077060981,0.027587194083217956,Financials
2016-12-21,186.52819583875032,191.47129319028878,182.49698367867526,187.42079044408615,1076237,0.014407874162395506,0.026873159758636384,Financials
2016-12-22,193.08390587165889,201.42430057716635,184.56413835243401,192.89643512770084,1606945,0.028797134136600955,0.026624638927363293,Financials
2016-12-23,186.96587122302842,194.97425935547537,180.64262687640164,188.5958873526144,1291687,-0.0225468755527896,0.02813340289730667,Financials
2016-12-26,186.2135509438271,189.6289053567843,183.08397129825647,186.49460225020167,974771,-0.011204267464991225,0.02845074562194625,Financials
2016-12-27,184.80023836700033,186.85062647683154,183.73368047908122,185.77842308414935,596571,-0.0038476064653878202,0.027683682604917544,Financials
2016-12-28,183.30418024207458,186.6310080208627,180.73265132910578,184.04902979808242,1280364,-0.009352501434401915,0.026745647073546857,Financials
2016-12-29,186.15702837505108,189.03331712162304,183.0814779490144,185.95463961236186,1280009,0.010300582512440658,0.02617984152679794,Financials
2016-12-30,183.3939984367058,189.57934389657925,175.68789186122632,181.82015620624475,948951,-0.022484725100416967,0.025772516018211004,Financials
2017-01-02,177.46086649025892,183.86974739076362,171.16585294232638,177.5708330341769,776931,-0.023648457159156543,0.02659346714803003,Financials
2017-01-03,185.74598369132607,192.85539360575825,175.18797822940272,182.16014032913586,1369625,0.025516603457212617,0.02737987262322364,Financials
2017-01-04,190.73203365216585,205.34093275547494,176.72979893875853,191.29720690701004,1678219,0.048942083631820725,0.028238103648971478,Financials
2017-01-05,187.7657621522915,192.52654122191976,184.0484694098252,188.78899110392248,1314253,-0.013198333568577848,0.033124183471984106,Financials
2017-01-06,186.290446766691,188.83386389810408,186.15748350272634,188.69918141972425,934241,-0.00047582781358321687,0.03168435932596159,Financials
2017-01-09,181.69424886592546,191.54150222369034,172.9306935732582,182.72808261616345,1469266,-0.03215495389412493,0.03005250176829787,Financials
2017-01-10,187.52382421712056,191.94582637840725,181.24620222392767,185.6233902221706,1094373,0.01572067684287682,0.03126681066269523,Financials
2017-01-11,191.89323484780402,200.24896064493714,182.77005322982112,191.09083984512924,1400012,0.029029078952020074,0.03031767984647226,Financials
2017-01-12,172.78472353903325,198.70243206988823,145.85724828438384,171.5967626875104,1863389,-0.10760159484907728,0.031011811987353217,Financials
2017-01-13,174.25948428786356,178.20662763850777,170.26167701884827,174.20764618712016,1012746,0.015100635188857498,0.05104998989520862,Financials
2017-01-16,168.3688293667714,179.46508576880296,155.7317691918888,166.71931526123822,1793376,-0.043936305169090896,0.04710717092021942,Financials
2017-01-17,176.1830470733471,193.07058381757656,160.26356154300777,177.07087614188976,1520834,0.06023843116495342,0.04652771516496523,Financials
2017-01-18,192.91290537321342,216.5944034665401,168.58104633195276,192.17153577744023,1805510,0.08183830607396622,0.04874590148063664,Financials
2017-01-19,188.35592617295322,195.4110798771007,180.4116835181356,187.4322391391187,1753663,-0.02497099984232065,0.05482295668865711,Financials
2017-01-20,183.83740555839614,189.87808729141088,177.34565805537247,183.37101473234196,1126131,-0.021905885492188006,0.05097036284977649,Financials
2017-01-23,185.60419762010804,191.9726197768784,180.45715552180673,186.79262117151453,1433632,0.01848752044870675,0.04743798566665566,Financials
2017-01-24,180.8608614208154,189.34984460593998,172.98295603272018,181.44643299487237,1885831,-0.029038548661874098,0.0441764445054043,Financials
2017-01-25,184.74640378051322,189.22051154685425,179.93395854954616,184.3996692503835,429901,0.016145042338348466,0.042281582226419305,Financials
2017-01-26,192.95960051439633,207.57448222722937,178.96290949322042,193.5359822615701,1254209,0.04835793255466669,0.03961420345370616,Financials
2017-01-27,206.57368734677127,229.89069582342233,184.58166222699893,207.7711840961737,1982072,0.07097394768984545,0.04130619249412313,Financials
2017-01-30,211.53633613941304,220.0799382287228,204.1560539362996,212.66043730791844,546869,0.023259304879736185,0.04712278024789476,Financials
2017-01-31,209.98059436425373,215.9042765002893,202.81078329020156,208.69829085293443,1192745,-0.018807078034902475,0.044244710691294875,Financials
2017-02-01,204.66437309794458,210.76528048697355,198.49304898652457,204.59179280583334,1428915,-0.019872885207722752,0.041462410288799455,Financials
2017-02-02,205.44571701993337,213.658195450546,200.05910150901454,208.19938116037812,921955,0.0174794444944832,0.03917326777966441,Financials
2017-02-03,214.75892521993538,227.07849885026044,203.40021678453934,215.67152267289978,1404990,0.03526033799298,0.03706029646137754,Financials
2017-02-06,214.71975381509833,216.04435001229484,213.59841554582846,214.92195577684672,802615,-0.0034815559951864566,0.03721916407378103,Financials
2017-02-07,209.4606857554442,216.9190174538536,203.3897557610656,210.809008187555,1530636,-0.019322416750055263,0.03478550163937512,Financials
2017-02-08,202.59408593123658,213.3300134701488,194.94647620072917,205.57006517973718,1602094,-0.025165623485847506,0.03352653080474921,Financials
2017-02-09,204.5635161925928,205.89121699718282,203.5987222188583,204.9247194609408,962165,-0.003144236051770355,0.033078979806761784,Financials
2017-02-10,227.9294926723026,260.95865149982734,193.00209294373985,225.7095627367901,1609159,0.09660636260884187,0.03125472855580914,Financials
2017-02-13,233.27898544613404,246.75157160603771,220.6038547360162,234.03534440109595,1273580,0.03622309623782962,0.04776405384967345,Financials
2017-02-14,230.69230213575278,238.5551027736764,220.97994060359713,228.77747731335467,952750,-0.022722332056248983,0.04606452840615938,Financials
2017-02-15,232.297970396238,235.49370538685437,227.70902951105546,230.88533074617612,671765,0.00917136723196596,0.043301250304542675,Financials
2017-02-16,228.9726320580775,231.45507865553006,228.6338826579278,231.11316248653065,1139453,0.0009862878869115366,0.04015738685329093,Financials
2017-02-17,240.5128921907766,251.20855320845882,227.48059459528426,238.0675088813563,1165054,0.029646812748810553,0.03728590202311419,Financials
2017-02-20,233.90488111757233,243.04879867321847,222.87599816540003,231.94322994826814,1725187,-0.02606164098830111,0.03666102586761958,Financials
2017-02-21,224.78008612517513,234.59648877373826,216.6825959347491,226.43922951070257,1816454,-0.02401603668134171,0.03573662020649802,Financials
2017-02-22,223.99127430153405,226.85836245407046,222.73814144235683,225.59625045780012,801185,-0.003729707367946455,0.03475917607925594,Financials
2017-02-23,222.45575282240733,229.26770691334525,214.26900076232022,221.0375264741197,1374072,-0.020414409021453243,0.032690164651230376,Financials
2017-02-24,222.76011653820606,227.29536931529955,219.0099941769485,223.53224826955324,1652989,0.011223201051535188,0.031897173954661254,Financials
2017-02-27,221.20299408856764,226.84237489009652,214.16245141273913,219.76517628123148,930831,-0.016996095448481744,0.030542393509867777,Financials
2017-02-28,223.5646472437117,228.5016932326872,218.0994187322144,223.0245373095122,1373562,0.014722202428822951,0.029826168545815202,Financials
2017-03-01,216.37802140012744,226.07982403493668,206.94636289436818,216.63688210158654,1319075,-0.02905920063639669,0.029054978071786374,Financials
2017-03-02,211.792007755954,218.58951127439036,205.84488079744753,212.619157910713,1075799,-0.018720023232602426,0.03003363068038134,Financials
2017-03-03,219.2418374545881,230.2879711838,208.59046478278862,219.61830851058417,1478829,0.032388503932347434,0.02956655319699628,Financials
2017-03-06,207.25452881339356,226.6419444771203,187.03871737073854,206.34064466435672,2015358,-0.06236266029899438,0.030930521049717247,Financials
2017-03-07,216.35663125155338,228.78579160089487,202.0798809961843,214.3964327249204,1403827,0.0382983726989486,0.03806209289911377,Financials
2017-03-08,212.64236472161392,214.63711779825178,211.92297619761726,213.91342914731518,957201,-0.0022553941683209544,0.03845767979736621,Financials
2017-03-09,222.8627995401173,234.7998769498219,209.81567481493548,221.68993048531192,1173914,0.03570829955870329,0.03583235310087204,Financials
2017-03-10,229.28345692996317,241.9706187354397,217.0519812660896,229.71606493767388,1690795,0.035564349990326004,0.03631016967190559,Financials
2017-03-13,235.06130042938977,244.45459200055495,226.19293366351928,235.56714093980807,1543004,0.025151926326368257,0.03666696313873319,Financials
2017-03-14,229.91863242170476,238.27111272900916,221.60610230479193,229.9571886418144,1205206,-0.02410281709767777,0.035643594913291686,Financials
2017-03-15,225.76441316913846,233.96484750923548,216.30268966837966,224.45558342293697,959304,-0.024215314318096735,0.0346917073013261,Financials
2017-03-16,236.4999539862039,251.38085482848976,219.3431367054086,234.07121816521658,1376178,0.0419475792460519,0.0339229842660303,Financials
2017-03-17,235.90519347520873,236.3581897763893,233.32286055885086,233.77176014051798,395156,-0.0012801648394066224,0.035840689166103404,Financials
2017-03-20,236.60257528879035,241.89212645245348,231.72531600171442,237.00653995086046,1258676,0.013742480137484787,0.033584070974546874,Financials
2017-03-21,229.16034831293393,240.45601648148207,218.50582720843173,229.77301042547725,1009588,-0.030995825071658947,0.03210358582196226,Financials
2017-03-22,221.48714137941295,233.45196290948869,210.0805252403986,222.01800711701856,1730490,-0.03433341868960398,0.0326898050450505,Financials
2017-03-23,219.2258641306421,224.918369649329,212.54167500088133,218.20774359905369,1411160,-0.017310930414958122,0.03364099030861123,Financials
2017-03-24,220.944390804311,228.24971950715647,214.9316398598815,222.2027244403443,2108709,0.018142577030479935,0.03240869065435979,Financials
2017-03-27,207.57670184773696,230.72884767678377,183.2722533447703,206.27974230099213,2020448,-0.07435691842407732,0.03145840983171313,Financials
2017-03-28,196.50448725647047,211.02358861247637,181.85622943192377,196.36502646679835,1330066,-0.04925791283010617,0.04148551478456973,Financials
2017-03-29,197.91476338537322,202.82101091988002,194.05107056533203,198.93735506096675,1116868,0.013014669392526742,0.04290442455049775,Financials
2017-03-30,195.72432938247866,201.30176199451662,189.6313881360703,195.19369973000093,806693,-0.01899757899161917,0.039975479480764194,Financials
2017-03-31,190.38610647945117,199.38965354026976,180.1913445241437,189.13576153741826,1274032,-0.03152732527706918,0.037849271709043765,Financials
2017-04-03,184.04023603729203,192.30435063659215,175.31527323868548,183.55772105924,1085466,-0.02993589799434051,0.03735170318731042,Financials
2017-04-04,189.29868222209416,199.4498000915877,179.72734555446928,189.85055936327223,1564010,0.03370805880340752,0.03674974126580325,Financials
2017-04-05,170.98819222371455,197.41752442487436,145.33996339015735,171.667412543369,2123423,-0.10067827611773718,0.03675418031635153,Financials
2017-04-06,176.17950088535403,186.72772941587442,167.15618080339507,177.63011382936978,1149170,0.03414441913546173,0.05197223401863158,Financials
2017-04-07,183.42666060218488,196.0167951479196,172.39507807253955,184.896796231726,1304851,0.04009443517617688,0.04935348711919592,Financials
2017-04-10,187.3502361934205,196.30159564528486,180.54968195544492,189.42570477087392,1475249,0.024199077179899824,0.047851310457229984,Financials
2017-04-11,187.8168517521384,190.3419190953315,185.2115189678826,187.73549249223927,1054094,-0.008962871079411605,0.044940378619156944,Financials
2017-04-12,190.75463388238427,194.89019975231506,186.3392386990352,190.46860342044295,904207,0.014453352231469983,0.041566333288425454,Financials
2017-04-13,186.72321441669814,193.92121689001763,178.47995073289573,185.6360438125603,817862,-0.02569936646890328,0.03890427944384285,Financials
2017-04-14,202.46544653323366,227.2049535377073,176.78287777900923,201.39111028958808,1367579,0.08146083666153793,0.03754867484707203,Financials
2017-04-17,202.71717186415725,214.64542280309473,194.8759114396831,206.65196160172493,844801,0.025787193564205894,0.0471519095335128,Financials
2017-04-18,215.2985426370772,228.42978824856363,202.10079058314727,215.22771644340136,1238524,0.040660580576932275,0.04447908453321554,Financials
2017-04-19,240.43965724241394,277.4758168193953,204.37370865605186,241.28331897338722,1628798,0.11427522654068553,0.04393977231004193,Financials
2017-04-20,238.94955825073643,242.9593183772576,234.5952010495995,238.5990798753766,1369248,-0.011187187108652137,0.06002821821997894,Financials
2017-04-21,229.12699535361034,242.54942915672353,216.893364977454,230.25554296348304,1350729,-0.03559490478857581,0.054785787933029934,Financials
2017-04-24,217.03213005293398,237.39022022509533,196.00835443668998,216.2975382890079,1615220,-0.0625347966287942,0.05187712053102513,Financials
2017-04-25,232.04155938619155,255.94856648268942,207.80688474738358,231.67625489137586,1918045,0.06868599216950028,0.05328769676091382,Financials
2017-04-26,262.5701216546751,302.0637789640359,223.18460340647385,262.66415562090083,2449078,0.1255352972646192,0.055491690629433724,Financials
2017-04-27,271.9604740776441,286.3461680209404,257.6561514000365,272.0377793147666,1580050,0.035064709865458316,0.07019493437583421,Financials
2017-04-28,257.1097016866792,281.9171190990297,230.47761786422726,255.09018027799226,1488150,-0.06432382040197895,0.06500994640295017,Financials
2017-05-01,226.95643489104543,260.9999001247022,192.84672676233365,226.87850207333372,2409417,-0.11720248975276248,0.0640442627072673,Financials
2017-05-02,237.1668055176538,251.36031463944713,221.9828987050963,236.11336342253588,1439297,0.03989740214224264,0.07376854078271397,Financials
2017-05-03,240.36541672405906,244.94316740089906,234.57609415073873,239.13032250275938,1239178,0.012696642579258849,0.06849969702140092,Financials
2017-05-04,256.64239660450244,282.76210454283597,229.87234330932878,255.9183629227603,1778923,0.06784981303143812,0.06227316840772433,Financials
2017-05-05,291.1908907183041,336.1587433506781,247.5122571105585,292.3119507397201,2154584,0.13296305767809324,0.06239308913725624,Financials
2017-05-08,270.64448572658426,301.60407724085775,240.564574673727,271.4361762865568,1529853,-0.07409452286235299,0.07659108475363093,Financials
2017-05-09,311.9918560676073,358.7906344777483,264.71168094908285,311.425506998921,2320270,0.13743313316312214,0.07494301274115062,Financials
2017-05-10,303.84820053604454,316.5579928821546,290.19248310495584,302.8609806199243,1250606,-0.027886276378989463,0.08617623825992336,Financials
2017-05-11,273.6405233137367,315.0979207175304,232.79967003576957,274.1769985068488,2074496,-0.09950001260386407,0.07847115326059426,Financials
2017-05-12,276.7897050884406,282.85254122445923,271.5872289807837,277.6341923274486,1285473,0.012530514471253102,0.08069210241072855,Financials
2017-05-15,255.6443110466746,286.8416144542213,225.75708973353488,256.8172639309719,1779265,-0.07793959555439522,0.07302413561356236,Financials
2017-05-16,234.4621483381473,266.19169124572375,203.65804019100756,235.28011676335794,1853455,-0.08758800618202776,0.07264438442828022,Financials
2017-05-17,261.0646461802589,300.22434310729767,221.8305562701927,260.9771250237561,2307457,0.10365596937496432,0.07397644283968005,Financials
2017-05-18,269.4413309507056,284.89221035717856,255.04397470862807,270.44141549312496,810066,0.03562273635173789,0.07803649962824763,Financials
2017-05-19,263.6281081815952,272.52537697883804,257.3352984797809,266.1718481390176,847800,-0.015913350426906857,0.0718477774267333,Financials
2017-05-22,266.1221414096087,266.48109437880305,265.5739117199326,265.9326090425823,1362324,-0.0008992186001336138,0.06532738862988904,Financials
2017-05-23,248.01482806924605,273.4226290544227,224.0957441695921,249.37259882073621,1183613,-0.06429476841058254,0.05928115597113529,Financials
2017-05-24,254.0905945982294,258.79198483931015,247.79634936399543,252.46771170976461,1084742,0.012335207313267206,0.059426231155650634,Financials
2017-05-25,259.3692295369859,272.3461666865062,247.4141837162863,260.34609445730064,1166406,0.03072851225012631,0.05429553536351815,Financials
2017-05-26,268.1218007156009,274.7793618575531,258.1192320561311,264.6916205866988,1131888,0.01655357409501595,0.050990590780013174,Financials
2017-05-29,268.33137885114627,276.3354833410296,261.34673348977435,269.32497475395763,1382877,0.01735328257489297,0.04712892318708003,Financials
2017-05-30,266.29939995607737,269.7093410255203,265.1526820966111,268.5529192357968,988717,-0.00287074838735507,0.043841518940811855,Financials
2017-05-31,261.62230140544546,272.19336090767797,250.85271827918643,261.41541851170865,1347796,-0.02693720284406028,0.040483320094522594,Financials
2017-06-01,264.33106894469574,271.51829239564717,258.2762265991161,265.4380922603978,437566,0.015270855521581935,0.03898668104955549,Financials
2017-06-02,264.79269893871,265.6804746433902,264.0646536409465,264.9519913724205,971921,-0.0018329943906598002,0.03675525668067045,Financials
2017-06-05,271.4683705306261,285.0098504328601,259.426450343641,272.90423739592256,1415502,0.029572309936629272,0.03436950821869589,Financials
2017-06-06,271.7878318680308,279.50625171336924,260.1813146971558,267.78609030279165,1386979,-0.01893246358697957,0.03429560764010769,Financials
2017-06-07,262.3572391207167,273.4553857792012,249.32691557464636,260.33971772974024,833952,-0.02820110649047238,0.0330865031295877,Financials
2017-06-08,267.31602290906636,277.8352179738563,256.74288698626,267.2598724660943,1006261,0.026234105361673327,0.03309182244253733,Financials
2017-06-09,273.862156225749,286.8536680710251,262.0889670296746,275.03026259996653,1180912,0.02865964726763132,0.03285253738562428,Financials
2017-06-12,282.56914045804547,292.40841251736765,271.6877757458825,281.4894522415706,963367,0.023213839613136104,0.03296418780077601,Financials
2017-06-13,270.66168313436066,288.4006997928492,251.79522298077615,269.4551651173182,1433374,-0.04369296373505672,0.032405902152687016,Financials
2017-06-14,265.26981257759724,270.6222499933572,261.761389687666,267.0897567661811,1300340,-0.008817243735953833,0.03502106876519572,Financials
2017-06-15,254.9952483944965,272.36987098948526,238.48165832495127,255.80391158182874,811304,-0.04317358898128042,0.03305815745062233,Financials
2017-06-16,262.5051347477737,272.5625501130535,252.36762547538854,262.4218499316993,1122792,0.025542142569118013,0.0354099878149201,Financials
2017-06-19,256.9640713759125,264.5267041663721,250.57079025235262,258.1050357816713,1107643,-0.016586705654548256,0.03465478245055658,Financials
2017-06-20,260.1452621005563,264.03091088640883,256.58768785947814,260.46891064231215,989785,0.009116891622658144,0.0331968519294664,Financials
2017-06-21,262.5964727331282,270.19270521595047,256.7836324804749,264.34124270378436,1707347,0.014757345347286992,0.031529231505864966,Financials
2017-06-22,276.9999390983631,296.3663205084602,257.5906398439004,276.9537951084956,1348499,0.04660983313602843,0.03046212135973472,Financials
2017-06-23,277.82232693342814,282.35363533928887,274.5923612521371,279.10871410541773,993853,0.007750674605464686,0.03417929419887759,Financials
2017-06-26,276.911394395396,283.4088992387745,268.32922856353014,274.77664317340793,1267304,-0.015642801210991628,0.03230464773175388,Financials
2017-06-27,284.24915853732085,305.01390922715757,266.1108632368209,286.7180696144159,1262747,0.042540836107391074,0.031170126668288646,Financials
2017-06-28,273.5926056932061,292.72661542404387,254.69833547897844,273.81685835012786,1335934,-0.04603991438622145,0.03389276984433573,Financials
2017-06-29,281.5042652107496,298.2422582914241,266.85092742483874,283.48577556548037,698793,0.03470246480976184,0.03656401148233712,Financials
2017-06-30,300.4731135841134,327.50756954258856,273.77725395147786,300.7840816177655,1513698,0.0592307229848312,0.03674480518556737,Financials
2017-07-03,304.93233222462544,316.3360398095834,295.62538778733153,306.9669947389098,900831,0.02034756229225314,0.041308429506531845,Financials
2017-07-04,289.4714102407029,316.7464614231476,261.11518154878576,288.27776293182484,1636403,-0.06281576284111512,0.03907956719722542,Financials
2017-07-05,278.7672288496132,292.70788526590826,265.02979224461706,278.9609044737441,1308040,-0.032852825304433814,0.04374520621799203,Financials
2017-07-06,278.954593099777,280.77048734049396,277.8711150370927,279.6841755314609,1376407,0.002589377362206995,0.04234159507170539,Financials
2017-07-07,291.0118331310085,307.59826609070524,273.95769745800715,290.5158621900018,1232292,0.037997155834392705,0.03918232088380676,Financials
2017-07-10,277.1631623089819,296.0350862263144,259.97983806016754,278.753185106514,1657186,-0.04133142876483319,0.03930357481958541,Financials
2017-07-11,281.50628104025196,283.72880799443266,278.01184192588306,280.22424706302996,852313,0.005263415901930043,0.03990062462468941,Financials
2017-07-12,276.0262398836989,281.88455175043947,270.9987104832324,276.84216119623284,1263481,-0.012142636397140543,0.03711877433854464,Financials
2017-07-13,265.6691685428427,280.95059458117635,253.05763251093668,268.21806053013444,1727962,-0.031647220240317415,0.03499084551018472,Financials
2017-07-14,264.46227951744225,269.5731664595423,260.369960087594,265.4653257776382,792523,-0.010316075919069799,0.03506735516053307,Financials
2017-07-17,261.00846804205037,268.1774196453789,253.48958036099023,260.6486490475817,1111702,-0.01831090425815488,0.03316230890211316,Financials
2017-07-18,255.89775614373494,264.0371902649744,247.06320746108005,255.1798054606782,1227348,-0.021204912055234126,0.03209492744325863,Financials
2017-07-19,248.6562494766872,260.9253321677318,234.7388535152726,246.92238464237275,1329030,-0.03289436110256811,0.03148832701749906,Financials
2017-07-20,242.0414696277796,250.59736541942428,232.64631800000097,241.17145991953905,1396018,-0.023565922552589127,0.0324887309622997,Financials
2017-07-21,234.01581770184927,243.67618929586664,226.3981007252526,235.99407577440644,1301037,-0.021701430417272374,0.03205802578911788,Financials
2017-07-24,230.43249593617935,240.1935278407398,219.70461949531733,229.42288465426793,876642,-0.028239743603014122,0.03150898961121976,Financials
2017-07-25,233.05406111773385,243.76287650892402,224.48387286303011,235.11683313117732,1362840,0.024515594403578495,0.03184141342450992,Financials
2017-07-26,232.68693107395663,237.76542437124772,226.6631809451022,231.72058328227686,665920,-0.014550289449294295,0.0316425764191313,Financials
2017-07-27,219.66948919996474,236.52102262402315,204.69087570234296,221.4228524653094,1442707,-0.04545803046256386,0.0305410993975526,Financials
2017-07-28,235.5121786750822,254.8164395913202,214.6903799645204,233.85914655735183,1760648,0.05464476338290371,0.034002527581920405,Financials
2017-07-31,231.84183221819077,236.57432215775017,225.98911033648727,230.69825695453034,1048708,-0.013608386643832137,0.038377663169393686,Financials
2017-08-01,223.08958930888124,233.41687056448518,214.79769491222385,225.05203509829863,1677644,-0.024778967117635598,0.03613937260567695,Financials
2017-08-02,218.60155088347963,227.99741385127362,209.52412772188586,218.90729468696594,897106,-0.02768331430680553,0.035170200220898555,Financials
2017-08-03,208.93645268267716,223.35434866074905,194.99415267123965,209.38229748832876,1171064,-0.044486572615494185,0.03470604083605449,Financials
2017-08-04,193.80296778085577,216.05740960852026,172.1895445763099,194.37967093234255,1628150,-0.07434844248269508,0.03688449115647593,Financials
2017-08-07,198.0286933592892,204.6521451620166,191.85319936163512,198.46310413199143,892410,0.02078989629531348,0.04491688084938795,Financials
2017-08-08,210.53325332724316,227.3102796738228,192.6135600581274,209.29164479460505,1303108,0.053125499436747624,0.04217646163899924,Financials
2017-08-09,214.92328377703245,222.55370813266677,206.69593768792453,214.3043894288426,1711871,0.023668676008599628,0.04411837413900653,Financials
2017-08-10,214.39561109066588,214.85572403598337,214.06494164592885,214.52485525369738,810749,0.0010282220581377217,0.041727397270085,Financials
2017-08-11,213.70930591528074,215.29273917410836,211.88617343500985,213.4678174367582,1147863,-0.00493952365822674,0.038640640942387644,Financials
2017-08-14,215.06991994595197,215.2236494132181,213.21360719084342,213.3661188009475,1155961,-0.00047652554823343613,0.03602969802879767,Financials
2017-08-15,223.91932961182297,236.77922054236166,208.96165655416584,221.6937292287699,1386451,0.03828727352489559,0.033742337997340895,Financials
2017-08-16,211.7660008055479,226.0287036171539,198.21573414482802,212.43559184839188,1789201,-0.04265798604489641,0.03508167036953859,Financials
2017-08-17,220.8325883033515,232.9320223933484,208.26625403241883,220.33862376846997,1916000,0.03652671671017514,0.036844734260740114,Financials
2017-08-18,220.5409710669655,221.06631506309378,219.46496431580556,219.98899346272927,833844,-0.001588046561406616,0.037231138973169396,Financials
2017-08-21,228.46128452561086,239.20672972704742,216.31971327649964,226.9962521641551,1030771,0.03135599166907415,0.03477505501323818,Financials
2017-08-22,221.88616389008212,230.26968343070698,212.9866738776033,221.3499330203003,910015,-0.025188650473275728,0.034855749783524244,Financials
2017-08-23,220.60685711699998,223.51653347546116,216.51822804083392,219.41214686473037,1223705,-0.008792946258897802,0.03416297485988374,Financials
2017-08-24,217.4818806790963,219.51304146616357,217.42188531473215,219.4525024787053,732375,0.0001839091580926683,0.03233085935462308,Financials
2017-08-25,225.65434222804774,233.8524145093768,216.6643475595003,224.83256447279047,932385,0.02422014780182107,0.030597918992531167,Financials
2017-08-28,229.91716204600874,234.70980125906064,223.22657457921852,227.97880868175315,1377502,0.013896712973787853,0.03061010374484393,Financials
2017-08-29,228.17933204881152,230.18200955341612,226.8603224723063,228.85907069124406,716517,0.0038537220254551228,0.029640353502235147,Financials
2017-08-30,239.628359406043,256.2893100584019,223.0226686841565,239.68003812116066,1449467,0.0461984570970545,0.02837372236079349,Financials
2017-08-31,239.33986457738757,243.63119411421496,236.98493069377656,241.25739311486592,967309,0.006559525406181233,0.03262206480602004,Financials
2017-09-01,241.47996208803764,242.2051597680437,240.91149172855336,241.6363213217458,1013985,0.0015694065726166758,0.030948560480249934,Financials
2017-09-04,240.33978415171555,244.45830999985745,234.79782562387115,238.89153387377254,905876,-0.011424175603936045,0.029438413207716823,Financials
2017-09-05,241.67983991372586,247.5496031864682,236.4843263022786,242.33989993136979,1319098,0.014331670122759493,0.028510926080803762,Financials
2017-09-06,234.4188994185877,245.54441268485823,224.5776184946311,235.65138983868323,1160398,-0.027987734630513118,0.027948306568809936,Financials
2017-09-07,224.98392963187877,240.5313425937794,209.64960063545868,225.18341704564835,886299,-0.0454382942565728,0.02902383960666733,Financials
2017-09-08,223.8178968129479,228.13428066097953,218.0195612119796,222.30680324443315,1323390,-0.012856832599164232,0.03291811659486119,Financials
2017-09-11,227.3480839874278,230.91622054187337,221.11931172077655,224.64502485144496,1434692,0.010463064659455215,0.03149089776101565,Financials
2017-09-12,239.45688822806684,263.79637570830613,215.7118732301213,239.99772979874896,1337626,0.06610797507546881,0.030162272323980888,Financials
2017-09-13,241.6838785900221,251.4370182230739,234.87526829200843,244.54772881542976,1355558,0.01878103561764217,0.038514280373435614,Financials
2017-09-14,232.78962635716877,252.1160636379693,212.17096436369317,231.38040676603114,1549942,-0.05534736114385663,0.03660039520247777,Financials
2017-09-15,237.07372648879564,246.8961302163326,227.73385221635166,237.5379665133158,1283278,0.02626433110288271,0.04038775434485458,Financials
2017-09-18,253.18037645775343,274.62732692924675,230.04763827345087,251.33856893283385,1396079,0.05647344071858338,0.03883823919873987,Financials
2017-09-19,248.71164982929,254.1267675179316,242.32325469505597,247.7167098804748,1220644,-0.01451511604531707,0.042250615205416,Financials
2017-09-20,253.2660943998979,263.5739541194802,243.7322331000866,254.01201369172264,1825627,0.025095769523621202,0.03949297250474136,Financials
2017-09-21,252.65270530213192,254.70450863638467,250.58879729428455,252.64050152111412,1077279,-0.005414028271995312,0.037976644783414094,Financials
2017-09-22,254.79057828182772,260.74013743191693,249.93899573892404,255.86803848242107,1039734,0.01269430127183979,0.035470793542349534,Financials
2017-09-25,245.829073550351,261.2766633757525,229.9517329866938,245.37050707124493,1684366,-0.041892494928289996,0.03362608434439287,Financials
2017-09-26,250.13916088437776,259.29184441532516,241.77473369260431,250.90191153209673,1564022,0.022292730073933387,0.03560643212070677,Financials
2017-09-27,252.0539297433453,254.58633344239925,249.8434927157224,252.37309741049103,1076660,0.005846465820161821,0.034478968644894054,Financials
2017-09-28,248.6301528235129,254.1750839843425,243.14436124516027,248.68801571544512,1176667,-0.014709375930619455,0.032498716858368706,Financials
2017-09-29,241.44094880400004,252.53559230592572,230.10220113771211,241.18508734803555,1382736,-0.03063452590756731,0.0312632074329007,Financials
2017-10-02,233.46437462878254,244.29880678062284,223.90901102844222,234.6931511127805,1255788,-0.02728571504905534,0.03197939395659764,Financials
2017-10-03,241.12041217139145,248.59329867942228,232.16718051692774,239.59272027373316,962434,0.020661561971559658,0.032090837432603034,Financials
2017-10-04,241.93858896877217,245.47922720457134,238.39983290538498,241.9404440081343,713278,0.00975111378048621,0.031430757215922984,Financials
2017-10-05,234.05423233503052,249.25365693570433,216.6437084055816,231.68957258014356,1362831,-0.04329317027379368,0.030076180481022424,Financials
2017-10-06,236.00211485360006,241.05593607967538,229.9881329671009,235.0209430817717,973202,0.014276203214564003,0.03323862353821201,Financials
2017-10-09,229.6119357717553,240.91743296423138,216.23349048373643,227.4316353277118,1320007,-0.03282494049355297,0.031849903806848684,Financials
2017-10-10,216.35117469575746,232.77103428266972,199.8014966622234,216.21069458433263,1576585,-0.050596319032402116,0.032759038535421114,Financials
2017-10-11,206.0251635920065,220.41604835300092,192.9188458302762,207.23290026468047,1566401,-0.04241008730268458,0.03664043953825414,Financials
2017-10-12,196.7979891874485,211.31538470776204,184.10217842974185,198.50918168340485,1713589,-0.043007928451999224,0.03799749693596099,Financials
2017-10-13,196.74073647260744,198.8979919305189,195.5755166643116,197.7269312692685,1034516,-0.0039484105806359875,0.03914715960550055,Financials
2017-10-16,193.58293053077918,199.18848241410439,189.15640761118476,194.73560217348373,1105375,-0.01524419158051962,0.03644637946435584,Financials
2017-10-17,183.3127582404131,199.5269288693246,168.16572673846701,184.298450188612,1557372,-0.05508629676530165,0.034605327153335703,Financials
2017-10-18,181.89695661654304,186.36507785132187,176.85137421909715,181.30495347439657,1221566,-0.016376016098675252,0.03889984508463687,Financials
2017-10-19,187.67553952220507,196.42134791771105,178.31044578945188,187.02598447590725,1599847,0.0310671222535501,0.036753019516450734,Financials
2017-10-20,194.33456644539123,204.97242968232175,183.35894135118505,193.9772448225803,1495815,0.036493295836863796,0.03640607734470772,Financials
2017-10-23,195.0241103761167,196.27331913961558,193.55953105971057,194.807351393749,769232,0.004270271202501403,0.036879344764496585,Financials
2017-10-24,202.59264061991692,217.37046624551425,189.00954234566572,203.71229895978524,2109192,0.04469757056224758,0.03450803006009353,Financials
2017-10-25,210.58222224856775,220.2430444208061,200.4030896895553,210.03899015372895,1474528,0.030584481662574766,0.03677396134532857,Financials
2017-10-26,227.0854614958447,252.0958821310825,201.1458505820655,226.04126720880467,1875882,0.07342439999017858,0.036361668886444584,Financials
2017-10-27,225.34332883752646,227.427295950903,222.574366836688,224.65194001071396,1545461,-0.006165309690260977,0.0443442008435557,Financials
2017-10-30,234.23715279644165,247.83471259588393,219.96072987790933,233.5164527534701,1363297,0.038700264915585876,0.04097350577262591,Financials
2017-10-31,240.5120003416074,255.5368455597739,227.29774776385923,242.22829596628296,1790597,0.03662811712507626,0.04083771683040086,Financials
2017-11-01,242.6447501522353,243.76134037959835,240.3750593888117,241.48631880592828,1402255,-0.003067832641924689,0.040440303378625274,Financials
2017-11-02,250.02285315845947,262.97318358650256,237.02311062580105,249.97074186679978,1275395,0.03453105789982962,0.037546587720484394,Financials
2017-11-03,243.6766528471213,253.0115321581522,234.33304364042883,243.6675752007315,1330991,-0.025538978811913356,0.03750541418933847,Financials
2017-11-06,247.82510888813545,256.6371640966971,240.04219803413955,248.8229172197722,1147326,0.020936567966320634,0.036375277189656836,Financials
2017-11-07,242.31840435150306,256.3389131817108,225.55566537971697,239.40776502758564,1375658,-0.038573239667122144,0.03498970726128971,Financials
2017-11-08,248.56031785270116,266.2230622919576,232.42585159239243,249.99543986010883,1082426,0.04327444916843121,0.036091659897366686,Financials
2017-11-09,238.68912262790488,254.75129554441983,223.86913309478868,239.858688721206,1311541,-0.04139272419832681,0.037722513489193955,Financials
2017-11-10,240.026071105603,240.12488051140318,239.82575715237584,239.92452475548987,678174,0.000274440759275404,0.038670325336590435,Financials
2017-11-13,253.78842651954778,274.5383476554833,232.64979036091194,253.3651000232967,1282271,0.05450713788252609,0.03600453508892666,Financials
2017-11-14,253.52830075760866,257.46744558460944,251.07797579843975,255.0028690742743,1066399,0.006443264786999371,0.039783356439565376,Financials
2017-11-15,241.60985695662774,261.1207370308028,222.2061124442379,241.70902806346737,1233116,-0.05354015700298485,0.037045913524237924,Financials
2017-11-16,245.50661880661144,254.96408078368975,237.56693985318603,246.97685444040198,1198957,0.021559986154398015,0.040347267923143096,Financials
2017-11-17,254.32180110106202,269.7140591163195,240.67102408576338,255.97456940894648,933200,0.03578347578068128,0.03836725913505144,Financials
2017-11-20,265.5639155676615,279.8570944495279,251.04566902411236,265.3260452517923,1442158,0.035881327856142634,0.038336742554251284,Financials
2017-11-21,268.73010688942367,273.66066552411075,263.6633630989454,268.59137635817507,1858317,0.012231748529553148,0.038326037064178094,Financials
2017-11-22,263.95370273197733,275.45308393316014,249.53616412273422,260.90262225000464,1411359,-0.02904393480665169,0.036021527514103785,Financials
2017-11-23,256.76616995812935,263.7175078542901,249.29899572957197,256.23597998381314,1071004,-0.018048426180375856,0.03556083348175945,Financials
2017-11-24,263.6531690575114,277.1219507294229,251.08316410739477,264.51104541718934,1234972,0.03178419334018999,0.03406640802127824,Financials
2017-11-27,267.6597608047036,276.5205830658597,260.47205434420175,269.2891219170968,990484,0.01790259504303123,0.03435042017677157,Financials
2017-11-28,260.2645590831338,272.9493332225156,249.0142933227404,261.6396283485915,1335893,-0.028817512457391083,0.03304597599478368,Financials
2017-11-29,266.6259642111107,272.50901349222266,259.658184101253,265.51675898802154,896438,0.014709868431902657,0.033139049129283095,Financials
2017-11-30,286.4019350909292,316.152475549941,254.99699175823753,284.55575698961223,1460642,0.06925125569785089,0.03179645099923912,Financials
2017-12-01,292.8702586311815,300.3902339860099,282.0360431260349,289.46867669180244,1049297,0.017117876450310137,0.04035061213013974,Financials
2017-12-04,287.0020738404886,290.3679819285487,284.29318149675197,287.6529462725897,1289427,-0.006292387385888577,0.03803275921553413,Financials
2017-12-05,286.1984353640616,295.36309277304224,281.634740798221,290.7271832006259,1007221,0.01063060683760739,0.035540564706959155,Financials
2017-12-06,288.4379555592187,291.2791962701919,286.7823132406783,289.6167874222084,1176582,-0.003826686205543375,0.03357762442478634,Financials
2017-12-07,281.0648887841939,294.0927681750143,267.7883396101761,280.8041324613393,1511747,-0.03090123766359984,0.031688515564900814,Financials
2017-12-08,270.2970269939445,285.31705574825924,256.3203749632638,271.2891048655245,1538544,-0.03447232891933549,0.03235061959741901,Financials
2017-12-11,270.18154181463086,274.02650201853345,264.90319390022324,268.7274610447259,1863646,-0.009487349821848262,0.03339912109379462,Financials
2017-12-12,267.0289531819136,268.87676819981414,266.58286987438584,268.42834714471246,1275290,-0.0011136952309533609,0.03171596605602112,Financials
2017-12-13,261.7099772557821,274.2660512002579,247.5055903623429,259.9785978206197,1271228,-0.03198470326105577,0.03008168961101528,Financials
2017-12-14,259.0014227129193,260.3777150824584,257.8011685066781,259.1766488501439,1473801,-0.0030894404457167575,0.031263071286862405,Financials
2017-12-15,258.41076802508326,259.5307295329298,257.3458226174431,258.46555832711186,1030014,-0.002747422681025955,0.029720958890488324,Financials
2017-12-18,258.447256979321,258.89168462303184,257.72547215212217,258.1694220289812,1054340,-0.001146404489914623,0.02842183258701504,Financials
2017-12-19,255.27384533283228,258.806774508237,253.36424179986497,256.88511767870017,943561,-0.004987071904363533,0.02732101005767581,Financials
2017-12-20,253.81223028169205,257.34061331788763,252.45239563451662,255.96922228332204,778512,-0.0035717602356834764,0.026474151646165962,Financials
2017-12-21,269.2637728801379,287.42497028999964,249.6830564088736,267.7415859514189,1358948,0.044965072019909055,0.025741371078179483,Financials
2017-12-22,280.20812442312683,295.98177515189724,262.33217800146616,277.98042572387,1528368,0.0375284163304071,0.030551157150768764,Financials
2017-12-25,278.75252105362216,280.41738885436956,275.22212985526176,276.87578874864806,1050724,-0.003981710597521187,0.03252623352681694,Financials
2017-12-26,292.0917687451613,313.8148611930313,269.3113041482837,290.9494407748682,1587781,0.04958051948580709,0.03080166873474855,Financials
2017-12-27,298.33033568263113,308.4357437258299,287.51396870380734,297.59444992958856,609647,0.022582144320156282,0.03503895581133267,Financials
2017-12-28,301.663690768428,314.42284431858394,291.609153650898,304.281069228174,1769082,0.022220190729435676,0.03403932616538221,Financials
2017-12-29,286.8092894711709,312.0019002445295,262.2682511459995,287.4095041304141,942651,-0.05704380163887782,0.033181336803126155,Financials
2018-01-01,285.13682266312287,288.2246963992087,282.68251099374083,285.7649778914789,524693,-0.005738325076032481,0.03832623364545936,Financials
2018-01-02,293.69981570396453,309.8551025317337,279.23036657565916,295.306498388264,1277621,0.032844077194087384,0.03577791783431236,Financials
2018-01-03,271.9593821527526,311.7384912259419,228.68895402557604,267.86990047445715,2215093,-0.09751237791052779,0.03585885573546263,Financials
2018-01-04,257.2011848557228,270.7503576540745,248.51823021477804,261.90848736056887,1174651,-0.022506258789373807,0.050546865427939396,Financials
2018-01-05,249.66852836385968,269.8817580916367,228.05703038999408,248.14708354504756,1933317,-0.05397350868967311,0.04711653888366921,Financials
2018-01-08,259.6303453541201,275.6862720879006,242.5997468838446,258.5914252532883,1187312,0.04122765827412871,0.048093092384896424,Financials
2018-01-09,266.7292640763163,285.316813907587,250.71192773722245,269.15387732464586,1561407,0.040033943268434694,0.0469607751120975,Financials
2018-01-10,274.94924087731596,281.30574382094966,267.01518905770286,273.33435780477174,1283335,0.015412548932913769,0.04587656276734597,Financials
2018-01-11,270.40588411258665,274.3200023354276,267.43736452921394,271.3412146799848,1325799,-0.007318676004690192,0.042653947165161715,Financials
2018-01-12,276.04961434179023,284.026275647676,268.4199308884224,276.3872600674995,1091639,0.01842587481133291,0.03954139375115614,Financials
2018-01-15,260.3328395554572,286.54011621164034,232.4295963153586,258.44703182427907,2101517,-0.06711223140585347,0.03743987693905541,Financials
2018-01-16,271.2870153132785,287.9297402148464,252.71926264009844,269.23617397019757,908832,0.040898197510728825,0.04355460077661387,Financials
2018-01-17,259.70915556937297,273.6315760505918,246.0512064587746,259.9604134389565,1339084,-0.03505960114152926,0.043226172430509725,Financials
2018-01-18,273.46690930490405,299.4595244601918,249.67041164563082,275.4872234439326,2384023,0.058011888214090146,0.042180302645004754,Financials
2018-01-19,253.82391777884024,284.7951898172181,223.476781971091,254.38140138347345,2112895,-0.07970653060938376,0.04503497775178722,Financials
2018-01-22,246.4897590706426,257.86622071861314,235.7456821402776,247.09573050545004,1105502,-0.02905888658653707,0.051725129580803095,Financials
2018-01-23,239.96857423962044,249.5987127441677,232.35835793075765,241.9264069291635,1265045,-0.021142258128248718,0.04865237977291635,Financials
2018-01-24,273.30946910930237,316.9795344222098,232.313048742907,275.6343777584433,2536848,0.13044169292640745,0.045394851116274074,Financials
2018-01-25,270.4296384339088,277.8850023108448,263.57592919410297,271.01642176347485,782453,-0.016895853278746792,0.06558055576404509,Financials
2018-01-26,259.7806568252313,276.1082298968681,243.86967135511318,260.17320191599555,447330,-0.040831845512968826,0.05986207408835216,Financials
2018-01-29,252.60422062791753,265.78468856645037,238.16723626007848,251.27853197018925,1469818,-0.03478555743782159,0.05671737187605516,Financials
2018-01-30,269.1482578263875,296.0434840977177,241.74912754422232,268.58840977925524,1681810,0.06661811966518165,0.053432138914331184,Financials
2018-01-31,269.3971672860158,271.9235435291547,267.3979918582954,269.920484604313,1495362,0.004947281487430252,0.05522400615064953,Financials
2018-02-01,246.20040130355838,283.08093463738294,207.67601207056202,244.2669107754646,2413219,-0.09986589011377998,0.05043237078879955,Financials
2018-02-02,262.5352965792333,290.6444746650259,234.2514842740533,262.3397226095988,885792,0.07137879097159593,0.06025544473270284,Financials
2018-02-05,271.8379328039166,282.3904091389275,258.76675771467154,269.21751193564575,1498356,0.02587933240507365,0.06139067246767756,Financials
2018-02-06,235.66917346261303,273.42731571632305,200.31879744322106,237.76288323158528,2508458,-0.12424575931884016,0.05670549100119648,Financials
2018-02-07,257.55358163612965,287.4371045193783,227.07851166168066,256.8843892404337,1603226,0.0773522482672309,0.07062550158446093,Financials
2018-02-08,243.46395735464552,262.77551072712185,224.87708724700545,244.1372399280849,1016126,-0.05089561047583241,0.0706248874409344,Financials
2018-02-09,246.34765910163372,250.9328840208914,242.26954427386153,246.84651104480264,963594,0.011036204802713986,0.06692424266057759,Financials
2018-02-12,254.1586239685705,266.9745162123518,242.03695192034874,254.82124171488493,1528162,0.03179555575424362,0.06083874651092521,Financials
2018-02-13,257.8280484358698,260.3848314714639,253.96773945573548,256.51146644674805,1276895,0.0066110806565460945,0.05668091448163724,Financials
2018-02-14,272.9681107264286,297.9377836321667,247.70139343880223,272.6411584906062,1442092,0.06098312568279682,0.05173718982798393,Financials
2018-02-15,285.60347769276575,306.3516476305853,265.2094401391924,285.93400796005545,1745935,0.04760455000600973,0.05290775644217059,Financials
2018-02-16,283.5419626087089,291.30358604416966,273.07770402802737,280.76326389658,1357476,-0.01824920578257139,0.05176208584076222,Financials
2018-02-19,322.9391497513953,371.38002221410454,272.92802267529856,321.0917913827042,2358979,0.134215199702102,0.047889517132910675,Financials
2018-02-20,292.2040898565738,332.4496300381767,255.267796695011,295.1419715735921,2002403,-0.08427053657301121,0.06809392524770433,Financials
2018-02-21,266.7526653086821,305.60871690545326,232.9276336644278,271.2175274563389,1575007,-0.0845353169014262,0.0698187268908381,Financials
2018-02-22,280.18945694599864,296.4026813006752,265.0236155880781,281.1830591422713,1470878,0.036084730009055946,0.07121556480341663,Financials
2018-02-23,270.664837496433,288.76640491754534,250.93676344908806,268.9217568357145,1897968,-0.04458544274054049,0.06597455189078344,Financials
2018-02-26,267.7034008031092,269.54498495734,265.8497695631501,267.69127026906006,1247965,-0.004586130642360281,0.062291993493604335,Financials
2018-02-27,291.1521614390855,326.4116476372365,255.0557037243827,290.199863504502,1850690,0.08073553023242336,0.056633813679339264,Financials
2018-02-28,296.2996324325937,299.5717016657507,289.11583063900036,292.3442198182417,297081,0.007362072881638218,0.06036261225112341,Financials
2018-03-01,301.4494989657904,308.98648012178074,289.8257603591358,297.25794225674724,953899,0.01666831134645148,0.05498223334669812,Financials
2018-03-02,329.57384231224904,380.7552404293017,280.1377659654117,331.0915134167841,2706122,0.10779455841582646,0.050597546160895464,Financials
2018-03-05,374.38322007280004,430.54070308372,315.80918208937163,371.54021422279015,1725047,0.11526229379964238,0.0623781962356448,Financials
2018-03-06,360.1709930869779,375.61629587874904,347.75372858089446,363.0981158135687,1217046,-0.022984017303664044,0.0721501278466182,Financials
2018-03-07,386.3840303324436,427.11843325170634,347.644742878042,388.1973412519781,1987120,0.06684073255834865,0.06590715072235295,Financials
2018-03-08,380.20580706111565,395.4689727156963,362.773373447141,377.9458127999505,1437471,-0.026762988835898463,0.06515485049028709,Financials
2018-03-09,388.63548320156684,411.00598291334984,368.78748986900024,391.0354223469239,1474661,0.034047317157043046,0.060029678240382855,Financials
2018-03-12,422.95233746392586,474.47419491946835,372.1762524137751,423.61817503474873,2428319,0.08003436881266635,0.05618480921524926,Financials
2018-03-13,433.5800026928996,453.52276233098274,415.6172700329901,435.4812626076622,1582221,0.02761925142356764,0.05988498357626435,Financials
2018-03-14,400.4446670819871,451.0164542494842,349.7621470590716,400.31792853216325,2092245,-0.08419271762065614,0.055528303267102425,Financials
2018-03-15,398.2225814341964,407.93519510109184,393.70358869184906,403.35792693656464,1304366,0.0075652712043135775,0.06024928236943051,Financials
2018-03-16,392.63583214078193,407.95770501890615,378.537707809924,393.8171633808759,854833,-0.023937574679978077,0.05488684560151292,Financials
2018-03-19,400.8519334522394,408.417823152919,391.27664573519473,398.8038793889636,1119057,0.01258301643621907,0.05095099388924012,Financials
2018-03-20,399.98837963227055,403.4512007560983,397.2020785813054,400.66021969747516,877289,0.004643969996539652,0.04691005082107918,Financials
2018-03-21,387.2882161269301,406.60351487033034,368.9120567050626,388.1848134483957,1073529,-0.03163218615434608,0.04317032850266835,Financials
2018-03-22,395.9586400573937,409.2628059869745,383.27732238279617,396.5621594718291,1456723,0.02135124967052013,0.04172566465088507,Financials
2018-03-23,389.5170615070084,400.4922610006159,378.2167758586628,389.1825500132024,1074476,-0.018784285427952487,0.03951210259933567,Financials
2018-03-26,383.4660219405726,393.0672223573982,373.15721809270747,382.7402465875818,936541,-0.01669196202962584,0.03744185369759571,Financials
2018-03-27,399.36161630932344,416.91331079610075,376.79893707579794,394.12027800619563,1155293,0.029299585087787884,0.03554303259584781,Financials
2018-03-28,418.77094920232275,453.2370898370775,382.0825786578059,416.3494199684692,1444274,0.054868722707733304,0.0352053346218308,Financials
2018-03-29,421.4415415566903,423.00037059741464,413.7878203339475,415.3240218773965,1044197,-0.0024658683542308196,0.039282553104460785,Financials
2018-03-30,395.40802369641295,426.30673107726574,363.4337392076261,394.24127212232383,1371241,-0.05209590352096012,0.03654322452568855,Financials
2018-04-02,413.86129231582277,446.0265939465562,382.53790079435964,414.6439652569334,1259835,0.05045714929622664,0.03969160215382702,Financials
2018-04-03,405.68235874533286,423.08261305921974,385.672160152725,402.955453901918,1494933,-0.028594217353861483,0.04173999535811431,Financials
2018-04-04,416.0401744680699,432.1421069534272,397.4846107022076,413.4877574224757,785875,0.025801887211083927,0.04020480269704485,Financials
2018-04-05,414.4722407659081,417.16325827709585,409.02884429407624,411.70187482683406,1042290,-0.00432842419267934,0.03863937804202687,Financials
2018-04-06,440.18055395708353,488.54490661537795,393.60117890149513,441.7947222218251,1492069,0.07054586220261148,0.03601682269132718,Financials
2018-04-09,438.9985800578223,441.8903545778926,438.71325157198464,441.6033331247373,1182008,-0.0004333020633765637,0.043408259749836524,Financials
2018-04-10,426.93534507521053,449.53373551375944,403.72755042801805,426.29188126829405,918453,-0.03528776382532877,0.040093014032486274,Financials
2018-04-11,442.2647926258065,465.9593766108088,418.12363923202815,441.7929436435134,680568,0.03571704007806913,0.03965783353558462,Financials
2018-04-12,452.99201387610833,469.8401971030212,436.0401418752359,452.88431961739934,1468999,0.02479540876486005,0.03936433730395664,Financials
2018-04-13,459.07160166541007,466.65100964911466,450.33668048839786,457.89669033843546,1688717,0.01100686393467187,0.03783996148883099,Financials
2018-04-16,453.81553378797713,460.9592358267518,445.9838210440037,453.1165196052182,1220367,-0.010494281643683882,0.03554803519791814,Financials
2018-04-17,477.64417049608807,508.6600689607031,442.4378550727438,473.16275192582805,1896292,0.04329010363844908,0.033577518330402054,Financials
2018-04-18,455.75313385214713,482.37526058667464,428.5074199089808,455.0908609801024,1090973,-0.03894232024182357,0.03581989322620795,Financials
2018-04-19,458.88454680874065,463.3517747880129,453.5948543646888,458.05399696491236,745505,0.006489980991717204,0.036795753103613216,Financials
2018-04-20,419.47442471448005,472.6996906743897,372.52992717449746,425.12304142792544,2243182,-0.07460843820126566,0.034488547884197404,Financials
2018-04-23,421.4611432664432,429.30209497721256,412.0712964838489,419.8828859639749,974434,-0.012402806816305395,0.04343421238785473,Financials
2018-04-24,393.3658660510017,432.2428670218897,354.25778582386005,393.1094441976887,1854009,-0.06588777238719092,0.040401721338836634,Financials
2018-04-25,405.06170328381114,427.46367621657544,384.3937516360821,406.71154281721107,812173,0.03401613709742692,0.04535437191974714,Financials
2018-04-26,367.3283622529823,422.4276165909296,309.0463733547217,363.5839686526138,1784245,-0.11209392344388075,0.043808445295883756,Financials
2018-04-27,359.8551345104771,364.81151263326245,356.1598782162951,361.1034378454336,1223401,-0.006845821998545339,0.05933043952601684,Financials
2018-04-30,384.043181980322,415.0801164314466,350.2939687264842,381.09243482187236,1379224,0.05387750806403658,0.05406579912759672,Financials
2018-05-01,395.1551702900744,419.75053741871443,371.85077302921684,396.37424486143266,1395693,0.03931687096278381,0.053608827533560735,Financials
2018-05-02,411.2902976733638,440.0967171125113,384.9847103078387,413.64079502299006,1505625,0.04263912458642738,0.051293250657021894,Financials
2018-05-03,417.1822261402266,426.13552423933106,409.6932972643612,418.62077171890843,836627,0.011967478328999484,0.049774614937694826,Financials
2018-05-04,421.0294500109207,423.7947745047785,417.6962236431528,420.45779349283674,1195396,0.0043786715217286375,0.04586385193580992,Financials
2018-05-07,438.6169226700052,465.3731042387175,411.19619894308596,437.90920909760246,1456109,0.04066750154225485,0.04225719165013449,Financials
2018-05-08,432.82074452418584,440.88947650977315,424.4377322430495,432.50049405451574,1256682,-0.012428135030754359,0.042149887890460064,Financials
2018-05-09,444.9830175555072,465.3565793205283,425.1770231834743,445.5263992721932,1769583,0.029673034086912933,0.039299608400009296,Financials
2018-05-10,457.5371249961836,483.9157873880433,434.5102249878702,460.7282829789806,1961573,0.033551958592074896,0.03830979925689679,Financials
2018-05-11,443.30215336500913,467.1430038848201,423.64330017868116,447.306569281394,1492180,-0.029564264519661456,0.03798648001707489,Financials
2018-05-14,464.895422270806,496.1131826036561,435.4725710087359,466.5834946223179,1055250,0.042192788388626834,0.037222103537527015,Financials
2018-05-15,451.83469800462746,479.70454924320626,420.1661020471827,447.7862381241964,851507,-0.041121013741908234,0.03841123145914254,Financials
2018-05-16,446.2654884408999,448.77902667039905,445.67225906199496,448.1832479765063,1746961,0.0008862129446419419,0.03916604176375994,Financials
2018-05-17,474.8546762948919,502.23708994203304,438.89102340169524,465.7483206064222,1552528,0.03844321924733623,0.0364321405898687,Financials
2018-05-18,482.67609725838275,501.4819157798289,459.38052747680484,478.0043264740979,1916012,0.02597437995965121,0.037195737125143534,Financials
2018-05-21,464.2214801062321,489.4033933804953,436.01816616827034,461.0267815094359,1079153,-0.036163647961745295,0.03616653909858496,Financials
2018-05-22,483.95941804908074,522.4862855392836,446.8068300650713,485.2357185417851,1691318,0.05117865479131503,0.036641318963442575,Financials
2018-05-23,465.0934415478196,493.9839889451906,437.859541692167,466.65844889519366,1679562,-0.039037173211213715,0.039584810347428445,Financials
2018-05-24,483.7579652437371,504.64877080376067,459.5476423165039,480.28862650678747,1031193,0.0287896111429717,0.03977626053366314,Financials
2018-05-25,498.6650617197712,523.6340088892608,471.7266268680028,496.59176057485416,1311638,0.03338105284988686,0.03860112664285858,Financials
2018-05-28,502.12746573057956,520.4692900186632,487.85936406806076,506.08863067316514,1145390,0.018943532119225535,0.03819923802752413,Financials
2018-05-29,525.4926433437148,556.8898993021506,494.8155885362966,526.1731198382911,1185553,0.03891847037378085,0.03634795785294651,Financials
2018-05-30,539.7910845506904,558.9934737301701,519.6337340092946,538.8008985673295,1072532,0.023715828498678388,0.037203982750491776,Financials
2018-05-31,555.023520762389,584.7633447604414,527.3622878855609,557.0034369265276,1746718,0.03322529807845757,0.035939882362160294,Financials
2018-06-01,568.5829915045645,581.4521015824128,552.6731547111243,565.4718482524645,1318953,0.015089101937191323,0.03604064622374424,Financials
2018-06-04,539.9954012152687,578.0775564161137,501.4539457842131,539.5012520489331,1717984,-0.0470154068166019,0.034253389522362815,Financials
2018-06-05,541.1865587418524,544.199252203048,538.3668013571935,541.3784947694734,1206544,0.0034735494185397955,0.03701625354808558,Financials
2018-06-06,570.9556901604669,615.1931244886624,525.9078043493164,570.0771713685542,1766337,0.051653085158281035,0.034611735773049324,Financials
2018-06-07,582.8438486001163,606.9137284188321,560.7008614694411,584.700215522184,1435005,0.02532752375427098,0.038191412431775824,Financials
2018-06-08,619.0587148020619,671.2254530283533,566.3693723587661,618.4880193110389,1406435,0.05617855730423585,0.03692004476914505,Financials
2018-06-11,643.6306887900776,690.6532299061325,600.1693310625752,646.9666128906388,1415250,0.045016869129513526,0.040790639976866466,Financials
2018-06-12,670.7120204053119,711.8547607014506,631.5892418083276,672.6206512505247,1238394,0.03888681223012561,0.041654277375936216,Financials
2018-06-13,678.4068233008323,701.3836456449545,661.2342068139694,684.0677336615659,1580360,0.016875436092371483,0.04141123861685741,Financials
2018-06-14,658.918070080504,695.4385677209963,623.5855917355118,660.0456275353517,1108070,-0.03574797328057837,0.03891824249014849,Financials
2018-06-15,642.1347190985681,668.356425306917,616.5394873039475,642.7371796758475,1725256,-0.026573065363969476,0.0387735904691317,Financials
2018-06-18,629.5346429321339,647.8973009219538,613.8566823139275,632.1541050937835,1590780,-0.016602698299158846,0.03753174955580971,Financials
2018-06-19,652.4336225259494,687.6684171153003,618.9855237866016,654.13318734832,1014373,0.03417777950585566,0.035612542992574284,Financials
2018-06-20,701.8070593454588,782.774550372333,623.7840796363876,704.4569685893526,2133552,0.07411626758864424,0.03591407337675573,Financials
2018-06-21,672.2937858397238,718.9540187113444,626.7877494408386,673.3748102315078,1162877,-0.04512514950791056,0.044224876499539524,Financials
2018-06-22,657.7024450076572,680.9557442720442,634.4359803778001,657.688797116227,981316,-0.023570232446696888,0.04438596206951372,Financials
2018-06-25,649.3793783045107,660.8743095271545,639.7544631565386,651.2220823476481,1502491,-0.009881142384597252,0.0419454917924173,Financials
2018-06-26,654.426112360625,657.0076647523103,646.9495571518607,649.5117234705377,1071068,-0.0026298384115240017,0.03901518898570018,Financials
2018-06-27,663.5365010007256,677.2684437376327,644.9065230094596,658.5349584089976,1200779,0.013796721774106846,0.03631508481034471,Financials
2018-06-28,628.4405580927219,671.024724186232,589.5508591657018,631.9197244927785,1441895,-0.04125523984325891,0.034403208245494206,Financials
2018-06-29,615.7336248264828,640.3378005504305,590.7208301036476,615.3079981591937,1571591,-0.026639415413747477,0.03608550695563241,Financials
2018-07-02,625.7469077880464,648.7968001270758,605.6600277467339,628.6177637543561,1469130,0.021400430739980436,0.035329588418688475,Financials
2018-07-03,637.9554308887695,643.7771469379089,626.6822466779058,632.4537567359022,453925,0.006083722850909166,0.03416490333142546,Financials
2018-07-04,642.9305900184403,668.3721980484434,621.4106450931608,646.7252399452208,1341891,0.022314430473396606,0.032238862391150196,Financials
2018-07-05,674.2465220561197,712.8677105935594,633.4126052134955,671.8993463138206,1364727,0.03818701051129308,0.031720111439325405,Financials
2018-07-06,639.4239459556998,686.1339391753669,594.7303067522147,641.3085708643998,1164539,-0.04659781613973901,0.03352118049154921,Financials
2018-07-09,655.8624438196229,672.0390375570666,635.8609615669847,651.9408302203994,720187,0.01644307571898181,0.036395591815308534,Financials
2018-07-10,702.1955566745889,790.6116874195557,618.1461993474733,706.0955232580459,1512082,0.0797967237931563,0.03464487687572678,Financials
2018-07-11,716.1760781458005,742.3012531015437,694.4957975538189,720.4903690989296,721966,0.020181517975404854,0.04489255577716206,Financials
2018-07-12,700.2127627822063,731.2943433858486,668.432507120902,699.4816338116214,1358017,-0.02959251078690585,0.04211136784210676,Financials
2018-07-13,675.034225040862,710.2534143348754,641.6944873301749,676.8252199245876,584782,-0.03292646651475974,0.04062082403678623,Financials
2018-07-16,681.6744294785975,703.0175791713905,666.0390324368585,687.2542003122138,809855,0.015291167714474566,0.039782708629682056,Financials
2018-07-17,694.4268415106914,706.3212038398228,682.9685865260067,694.8558697580185,1053465,0.011000203620929442,0.03743266082236436,Financials
2018-07-18,697.8877931495094,700.8579008760348,693.8645321993204,696.8301387042011,1100259,0.0028372352076078463,0.035201050395535415,Financials
2018-07-19,673.4177678010607,706.2189014808694,644.5782052162814,677.2166492770776,2123625,-0.02855044220068653,0.033052967260182746,Financials
2018-07-20,689.2256863024015,705.6808298203339,671.6540069021346,688.0818413198341,1413470,0.015916550843417726,0.033109939266636856,Financials
2018-07-23,701.4213860074677,723.8186680236319,679.9184876597091,702.2891668330557,1513300,0.020437451510809626,0.03185929928929653,Financials
2018-07-24,683.8450907100735,714.1095353893763,651.6942835692154,681.8713791008505,939479,-0.029504191412587866,0.03121963123745187,Financials
2018-07-25,696.6095578075594,722.9372927778262,671.9096316571017,698.1816252867504,1008456,0.02363823069764343,0.031785325172453055,Financials
2018-07-26,659.9180642582073,715.7774879722227,604.0181270283957,659.8738043153376,1607124,-0.05643066590577954,0.031496990485316435,Financials
2018-07-27,655.4699804178636,670.1167889077414,635.5893364547627,650.1165191427001,1214376,-0.014897004111503246,0.03703122109640928,Financials
2018-07-30,620.4689516747455,659.5882130644798,591.5895439392998,630.253393523417,1371655,-0.031029656582058404,0.03507616253864781,Financials
2018-07-31,565.961850224738,652.6902109964583,481.0675726910273,567.5567052143116,2006115,-0.1047812850157032,0.03505275568183169,Financials
2018-08-01,601.0142004658477,652.7128186618786,549.3413565122136,601.0379341768493,1686492,0.05731738552775442,0.05224771954969376,Financials
2018-08-02,595.4730916389079,603.1155181286285,589.2105896150694,596.8386546811823,965418,-0.007011234273802266,0.05269394425430067,Financials
2018-08-03,635.3111142483301,701.2872689550306,572.0646378965689,637.7936511508728,2593662,0.06636798353154516,0.048256554163829374,Financials
2018-08-06,665.4177364052821,701.4988640460224,625.414664602304,661.2709393329372,1816521,0.036148848727374984,0.05122169854192455,Financials
2018-08-07,680.3691877874496,710.8623855075375,650.4654476451043,680.933828163893,1203378,0.029301483840552187,0.048938132482380575,Financials
2018-08-08,632.5857592453254,702.6415254105513,562.4283386737246,632.4714451098511,1865802,-0.07383005928851166,0.046311328980921586,Financials
2018-08-09,669.2610211024481,718.5247014537329,615.3854532078858,664.2826827071832,2036138,0.04907271233789017,0.05131688807561396,Financials
2018-08-10,707.7075051740867,786.8820230931665,633.6119974324814,712.3051513356805,1662629,0.069798617083931,0.05067502408328653,Financials
2018-08-13,755.1258176111686,813.2544499964566,692.0945316062646,749.8142892413989,1463857,0.051319158591060836,0.05371353176526116,Financials
2018-08-14,737.5773310261538,759.1448120904298,713.8369414560943,735.3389706790927,1400254,-0.019493984026750743,0.052944907229424285,Financials
2018-08-15,800.3751863425756,888.4344042625396,704.2411556878973,791.3021344474453,1941811,0.07334828250765967,0.04898502703083012,Financials
2018-08-16,846.7336509587509,929.852873581138,761.8880985081008,844.8194105986929,1718144,0.06544302924402241,0.053165984243616175,Financials
2018-08-17,827.5733979597707,855.4563209676835,798.2231881931559,826.0549511022496,1530246,-0.0224615911826497,0.05480616768183168,Financials
2018-08-20,755.5641462189008,855.9029895043807,657.5318688584191,757.605811888622,1701164,-0.08649808477640493,0.05078042215799032,Financials
2018-08-21,806.4646244027225,875.3716011153672,733.4868084420779,802.0134633912083,1224445,0.05696218170650537,0.05731674118556368,Financials
2018-08-22,784.4760921383339,808.9111005283331,763.4952182501132,787.8402519258428,1177296,-0.017830051672686646,0.05669982872832204,Financials
2018-08-23,716.9549065037598,817.8552135548675,617.6170075886993,718.3271790163487,2012770,-0.09237019698536149,0.052149621989564264,Financials
2018-08-24,790.1318609059396,914.5211746466215,671.6120817700486,795.2358040405405,1915381,0.10171353319225217,0.05962805088706765,Financials
2018-08-27,749.2467399639384,817.6960585696511,679.8893779772035,748.2473993060091,1413425,-0.060905008505838146,0.06705408255460879,Financials
2018-08-28,656.0302188834893,761.6102565823262,557.6256860509659,662.2697883324577,1992605,-0.1220606628623297,0.06521819530588581,Financials
2018-08-29,636.6378410295545,678.1754513761116,592.7098868384287,634.0806527341006,1182207,-0.04349684930172495,0.0757466250860329,Financials
2018-08-30,645.7034658536603,679.1080005554971,618.7974709153701,651.9420484084898,1366232,0.027779516306522933,0.07052543764072484,Financials
2018-08-31,669.807566417423,694.569950969182,643.5063207571067,668.2096305779581,887123,0.024646267369203362,0.064767469554293,Financials
2018-09-03,692.0909461073546,730.8954627948469,654.2569429679291,693.0111552882913,961767,0.036444153620967173,0.05955649304868576,Financials
2018-09-04,677.9632152473365,707.0707342534809,644.542583961181,673.4566177310959,1195047,-0.02862251555002656,0.05600720615580483,Financials
2018-09-05,697.0741482987074,738.378919379293,657.9463959465807,699.135462558599,1481882,0.03742093764116077,0.05227172249471779,Financials
2018-09-06,773.4626872888308,900.6711148582743,657.4432841955062,783.1922737898038,2382800,0.11353370799286466,0.049959136943539914,Financials
2018-09-07,736.0498936604697,806.905687769997,663.8011118283558,734.5085263125449,1890923,-0.0641766223728417,0.06348399576984784,Financials
2018-09-10,741.265058007394,751.1440092808248,731.1872747656255,741.0635403832738,1067880,0.008884767256296144,0.06278510973155017,Financials
2018-09-11,704.3838522949284,760.6425725746916,646.5176058797462,702.6367892726836,1195781,-0.05324627104617141,0.057143826145805286,Financials
2018-09-12,711.5945936479368,713.7645092726201,701.9196820262412,704.0666421369966,994726,0.0020329137255520407,0.05601435798359175,Financials
2018-09-13,729.1166634017692,765.936737992163,691.4010870576479,728.1735340244178,1650458,0.03366637689923393,0.051095073646913416,Financials
2018-09-14,713.9353483543036,731.6968715959971,703.3645234739439,721.0211316494126,896953,-0.009870945041663897,0.048565203395177864,Financials
2018-09-17,702.938800704453,737.2057664167226,663.9409766500304,697.9655033180383,974817,-0.03249876630125668,0.04473788683045198,Financials
2018-09-18,654.7829738975122,720.3377260942063,587.5344654622112,652.9007783302816,1617395,-0.06674450905617153,0.04312317574238959,Financials
2018-09-19,681.8771998845156,738.2682664466545,630.4966554450651,686.5366266978364,1460617,0.05023440628131899,0.04749643199504168,Financials
2018-09-20,775.3130363931264,891.6099918520953,654.102636436141,769.5325134542835,2211100,0.11412362850269389,0.04778339856030741,Financials
2018-09-21,800.8491337218871,839.1484838474303,756.468356991615,794.4622651751266,1697200,0.0318822847007814,0.06229151571258869,Financials
2018-09-24,806.2454259739546,823.4735570124326,788.6409120407013,805.860824788055,1052454,0.01424556384731616,0.05793667539200535,Financials
2018-09-25,740.7706751393224,836.6857253873302,643.5027843687849,739.2166147441773,1733491,-0.08632005690557192,0.05306380214215782,Financials
2018-09-26,776.4148515455973,833.8566434828798,719.0830064063673,776.5172379505178,1172271,0.04922784516129951,0.05890913776191971,Financials
2018-09-27,699.5768635543869,804.8515709790862,594.6403340212289,699.870931286162,1965983,-0.10392290772656522,0.05691868164641553,Financials
2018-09-28,688.0867839623344,712.624171419743,659.0574608078604,683.428741013551,1027726,-0.02377353945201569,0.06566418101860731,Financials
2018-10-01,753.2602136144035,856.9931153099495,645.9773765714823,749.1433350643985,2321120,0.09180793907220944,0.06028436705968659,Financials
2018-10-02,761.1777185783972,780.6055797932374,742.2500586882917,761.665783542055,1039244,0.016577521410247844,0.06535800318960638,Financials
2018-10-03,726.3436987366956,777.5385361586867,676.4914084334268,727.600018859075,1358621,-0.04575638263260682,0.05965364194382572,Financials
2018-10-04,655.8770634173103,756.8840735912811,557.4955039047137,658.1600639924184,2157711,-0.10030331247358783,0.057104225592095714,Financials
2018-10-05,600.631702837181,685.2118171084713,514.807937230812,599.1842188342736,1590980,-0.09387906529271593,0.0649448014729008,Financials
2018-10-08,575.0241712059935,618.0003548632493,527.4559425482001,570.0612037061251,1936284,-0.049825364809879376,0.06925498989761461,Financials
2018-10-09,571.8822514814615,582.1610930099296,553.1471554315231,563.2712249293907,570868,-0.01198246842112546,0.06564592864253346,Financials
2018-10-10,524.6170595276154,585.6301228184059,460.6276184592962,521.2489726035051,983730,-0.07753345947960438,0.05974150391722632,Financials
2018-10-11,510.6756817035005,526.148184640221,495.6970295430814,511.15546007799554,1848345,-0.019554030992107892,0.06210437531337782,Financials
2018-10-12,475.2756168274591,526.4748271445062,425.9996426708172,477.01818565796555,1659033,-0.06911915586380092,0.05694661329401391,Financials
2018-10-15,465.05740560975056,492.701751937055,431.23067233858046,458.48429405860867,1404913,-0.03962857917301502,0.058403356655461425,Financials
2018-10-16,448.8948062934236,469.74510250834857,423.8583281230161,444.50471298824203,1612654,-0.030965378261762933,0.05535634830794759,Financials
2018-10-17,450.22158701888037,457.41054906036044,442.08813641236395,449.26177251155474,1378413,0.010645072335871126,0.0519161673857649,Financials
2018-10-18,464.6707318176885,488.84453353720124,440.7724367698742,464.93276211375564,1285114,0.034287067395485905,0.04767838486753507,Financials
2018-10-19,461.38304717697304,466.47773320138117,456.7209558126355,461.81131436817384,868147,-0.006736400326313176,0.04577033051496161,Financials
2018-10-22,430.37677672833445,479.696782315086,378.8140812477228,427.8438164955872,1182996,-0.07639818294669691,0.04222256964897463,Financials
2018-10-23,412.2953231842244,437.77149837179314,385.2072601229281,410.5772752662837,1314337,-0.04119405638788566,0.04900712870433807,Financials
2018-10-24,410.70756352870296,420.86379496283365,404.5826315298432,414.67962709543434,1339681,0.009942081329492019,0.04770640914309199,Financials
2018-10-25,419.41849637949514,422.92521416491593,413.5110026871448,416.997478575113,782861,0.005573936002173658,0.0439948624936686,Financials
2018-10-26,422.536175815721,427.54693825764167,415.322934568766,420.30726485177644,1452822,0.007905851583393643,0.04065831593970532,Financials
2018-10-29,422.7954510970533,433.14124957877766,415.12412284638305,425.42225971977115,907765,0.012096201178394834,0.03783985065286481,Financials
2018-10-30,405.3900929663082,436.3194143562819,373.47684526439474,404.3248973320896,1428863,-0.05086347187825707,0.03560099928916492,Financials
2018-10-31,383.78041803425606,412.98504522998877,356.6280176754417,385.69704391109286,1226770,-0.04716655511484132,0.03875575874674929,Financials
2018-11-01,371.61926550345055,391.7062280019861,353.0342588113053,373.04968478217546,767291,-0.03334058702431598,0.04043896211624616,Financials
2018-11-02,371.2240468977131,373.28680735134185,370.5143528130043,372.5745314540884,1176430,-0.001274511696534209,0.0396861050885603,Financials
2018-11-05,398.5023314507344,439.50512373464557,357.833432346438,398.80530487265867,2374680,0.06803623784122362,0.036881339545763406,Financials
2018-11-06,410.9325177298601,433.1482756925328,390.2632222495647,412.40492053727985,1040999,0.033532343452204814,0.04338808608696684,Financials
2018-11-07,422.86225613854845,449.5039420240765,400.6696630697633,427.08949561163473,1825565,0.03498789932438249,0.042126992772348826,Financials
2018-11-08,407.02528163203374,435.1699357773062,381.90447844616614,409.87335507665074,1560576,-0.041145360938664784,0.04127190062140576,Financials
2018-11-09,370.5024439679388,425.721874028949,318.203359940363,373.0615533158856,2052011,-0.09410479360131015,0.04143231750383394,Financials
2018-11-12,399.3478851783827,432.4744060381963,361.56777053634005,394.2733509854626,2324789,0.05530102464424225,0.0529307696316857,Financials
2018-11-13,334.01858103552826,390.2994875070759,283.91579388019903,339.3908587018052,2763679,-0.14989203423179107,0.05291562716294241,Financials
2018-11-14,327.12624152718627,343.31765214258377,315.19998091912504,331.24136376537285,908685,-0.024305113427329182,0.07556582671657663,Financials
2018-11-15,361.39389663831133,410.1428087559959,313.29994230160077,361.9719302577122,1730605,0.08871936278592578,0.06896931284778071,Financials
2018-11-16,345.1721810018593,370.8407079471118,318.8483936462472,344.4642777835508,1409749,-0.04957627595354448,0.07131677005955295,Financials
2018-11-19,342.4889362335492,344.73689010357316,341.67320104243413,343.9177517802696,993178,-0.0015878570172922766,0.06736123829024386,Financials
2018-11-20,359.314361470703,387.916173219826,332.80079012564323,361.2591008313485,1522299,0.04919289659809782,0.061077060609381964,Financials
2018-11-21,358.80925242256166,362.1429537653503,356.1494618424982,359.4782043609194,768718,-0.004941884045827403,0.05871385720170636,Financials
2018-11-22,359.72578249142475,373.4222371496635,351.4557181695277,365.0302241766991,1347241,0.01532660844161056,0.053493148670556434,Financials
2018-11-23,376.83852883903603,395.4398025733825,358.4863889621188,377.0760932446498,1379019,0.032466849808690385,0.04923869720758837,Financials
2018-11-26,375.60872247889347,384.9895460381071,361.5877887664706,370.849757222698,945506,-0.01664999239510612,0.04687935465250631,Financials
2018-11-27,361.8366709056234,373.8230637938649,352.8380209585407,364.7519135984307,908932,-0.016579579813474736,0.04358580561515338,Financials
2018-11-28,354.27168019199155,372.92520599710343,333.6275710573999,352.17046101931214,1265936,-0.035102111078523845,0.04075549448744618,Financials
2018-11-29,364.8574768911104,383.965367731462,345.5844988623918,364.68326614019486,1677250,0.03491389021847964,0.04017003852448188,Financials
2018-11-30,396.2974469890022,450.98759252017084,343.8776116299918,398.30253607403034,2051548,0.08818264455530732,0.03967055023030175,Financials
2018-12-03,424.455581944988,464.0903771045981,384.3041136623402,423.8856938343527,1758417,0.06225197145952003,0.05025364528643734,Financials
2018-12-04,406.02271144872196,433.22409215222604,378.21251667954584,405.3701813041653,1577452,-0.04466315132380532,0.0519772958535704,Financials
2018-12-05,428.6221737312159,459.8394069272358,394.54571490929396,425.53834819721106,1660152,0.04855439142632243,0.050601689599514756,Financials
2018-12-06,421.149353680968,426.3487465588151,418.72466255303664,423.90817203387644,1142637,-0.003838212590915555,0.05002053709505319,Financials
2018-12-07,410.4907422115367,434.1801810108176,384.36831665524,407.9087484827984,1594273,-0.03847336267423557,0.045867778302486305,Financials
2018-12-10,394.2205880009951,414.3945216501725,374.0698110777001,394.2426186210289,1259603,-0.034076990626787804,0.04477848160047766,Financials
2018-12-11,420.14970846727135,463.6030930949357,378.1119577879331,421.4365849908875,1486032,0.0667028122470825,0.043339083113076826,Financials
2018-12-12,450.65816013737697,491.70847115327405,407.0300101906544,447.82197388706965,2116175,0.06072645839200081,0.04764462901855964,Financials
2018-12-13,451.46431916250765,453.99548121079584,446.97879027887393,449.49893327213425,1141107,0.0037377070432847237,0.0496906827461472,Financials
2018-12-14,443.23945578940305,453.1680286322987,432.91673969477324,442.8362814236595,1378004,-0.014933346919989302,0.04557879692920617,Financials
2018-12-17,411.596197360544,457.08742517191706,365.91272378213506,411.38006364684964,960281,-0.07368261758020138,0.04237206758167418,Financials
2018-12-18,413.1381386720187,413.80989961960495,411.1566125072911,411.8262403134362,419042,0.001083997311803902,0.04848384173038789,Financials
2018-12-19,406.88543602771557,417.42201539744167,394.29558058822477,404.77757545262534,647586,-0.01726379374759834,0.044505309623410566,Financials
2018-12-20,398.16561040456327,408.3518451330417,387.75224985241465,397.9325214882705,1165104,-0.01705527291877118,0.04158465887709619,Financials
2018-12-21,406.84930754030466,427.75196078946385,388.98093882284456,409.75593617766043,1321706,0.029279257923918132,0.039077607824553814,Financials
2018-12-24,406.25893447807323,410.1300291803346,405.1421444179777,409.0056884001997,1384228,-0.0018326408197934952,0.03808200084446722,Financials
2018-12-25,396.96375895369874,423.00329527596944,365.8233957523561,391.50484500808545,1475538,-0.043731173161171685,0.03550626446854918,Financials
2018-12-26,394.66239185543617,399.9362215147869,389.5975678847015,394.86874929549725,1024955,0.008555538565376955,0.0373552965336417,Financials
2018-12-27,406.2855590076343,427.93219282461456,386.40080803296223,407.9652338670183,1190134,0.032628530244000795,0.03503304339212611,Financials
2018-12-28,405.0377076904718,421.8560038840205,380.3495141153419,396.82687355700085,1203920,-0.0276818608477166,0.03523555663437466,Financials
2018-12-31,395.6520714921627,403.1746654562823,391.8739693760291,399.36114520323906,878945,0.0063660345176252825,0.03475886036777142,Financials
2019-01-01,376.45891078173076,409.25413540355174,345.1122391279809,377.79611825523557,1363666,-0.055511452920864304,0.03275090317189626,Financials
2019-01-02,374.98295127790055,378.3781792326371,373.23897587372545,376.6265597137723,1162224,-0.0031005416792627217,0.03768720655166339,Financials
2019-01-03,382.1232664090451,397.2591217852805,369.7778872967692,384.8264113026321,1165707,0.021538214144508874,0.035180995351750906,Financials
2019-01-04,415.4138774154722,464.3629840587321,367.01584001919406,415.90744346089383,2187103,0.07767039094824356,0.03405504584392955,Financials
2019-01-07,422.10038787365266,434.0561365695152,411.2003408602234,423.12951406783344,1091245,0.017215568186419176,0.04396248812855869,Financials
2019-01-08,420.063728649995,424.2571803707174,416.66877195596345,420.8558219753396,691217,-0.00538800260132322,0.0411171090686118,Financials
2019-01-09,436.1195894269417,468.3346336140304,407.61300466423313,439.6005207463791,779159,0.04357609770929425,0.03816867711007122,Financials
2019-01-10,417.3691110874217,449.5070354305767,386.12273135006444,418.19855899376233,1841655,-0.04991006586623425,0.03937397330219283,Financials
2019-01-11,428.9484439877902,444.5734874188395,412.87059131942544,428.478517006864,1159607,0.02428426018721269,0.04139927559870114,Financials
2019-01-14,444.4576393396926,486.8813233308637,409.6024917113381,451.4757992898012,1352817,0.05228116929228916,0.03949150301018949,Financials
2019-01-15,443.73923791617733,456.14467052079317,430.75058856964426,443.1392474924929,1152974,-0.018637721653633657,0.04192446955404916,Financials
2019-01-16,438.4415314002882,449.78180237923135,424.2977327833034,435.5635652951697,828344,-0.017243304092299738,0.039474467927718346,Financials
2019-01-17,440.0997575962253,450.6450273997262,431.0563736588051,441.5714033689791,679250,0.013698991014846364,0.03729861424964873,Financials
2019-01-18,447.24257731406925,449.28978812476043,440.89353348649155,442.9209625121046,1213205,0.0030516039311906545,0.035229230096313575,Financials
2019-01-21,436.9372129140527,445.89533430541286,427.9507516134445,436.90827981613666,826349,-0.013668052871358926,0.033079839260887194,Financials
2019-01-22,432.44113551100946,440.62485441384183,423.26613660011947,431.43073419446705,757400,-0.012616312727606703,0.03167716784712684,Financials
2019-01-23,445.1653003165711,459.0048606963663,426.7722960635793,440.465754192606,1090891,0.020725724983436337,0.030440599078831426,Financials
2019-01-24,429.75499109117254,445.1854302580877,415.30045214816806,430.6991356078387,1097332,-0.022422914207160357,0.03009547157357528,Financials
2019-01-25,442.2038114692957,455.63940891621564,426.1583068047835,439.5121219236236,1148279,0.020255512802687024,0.03000013316003703,Financials
2019-01-28,436.84112969455254,441.8516742956301,431.1613717284679,436.16415142467594,1295722,-0.007646631327321926,0.029690895263210493,Financials
2019-01-29,439.9913063193052,443.673980532956,434.9336464803392,438.6047150925101,1452719,0.0055799196647131925,0.028530861445514494,Financials
2019-01-30,442.1431315831899,452.8359994509343,433.62354591944415,444.2753288178758,1040146,0.012845893942744359,0.02749324224929127,Financials
2019-01-31,449.91086160283214,450.74926026278297,442.8968710980278,443.7237401979313,1311400,-0.0012423181738178332,0.027008429132047037,Financials
2019-02-01,440.8305390229665,446.022150240779,435.0687745597623,440.25359112770377,879903,-0.007851257657600834,0.02614948753821756,Financials
2019-02-04,443.06480343187775,446.19353853627507,439.2075126202354,442.3310663858408,1433308,0.004707716313223817,0.025618018967711414,Financials
2019-02-05,424.6004173461308,452.6990357879488,395.23199556456893,423.24062773233163,1745538,-0.044117743481337235,0.025066924534072513,Financials
2019-02-06,432.81070115945755,449.87301864868346,416.7898350747522,433.8149783661204,1704521,0.02467724887853122,0.02991048073769912,Financials
2019-02-07,425.77663059618186,438.6765055176163,412.25999503521666,425.1405999565916,1612054,-0.020198188430980417,0.03011734513864331,Financials
2019-02-08,412.43161810335727,429.78085578610825,398.28892236819325,415.5318499763439,1656253,-0.022860671707957834,0.029779835542597246,Financials
2019-02-11,419.4825802712705,424.2809739256696,413.9231766197147,418.7127644752453,1320399,0.007625892595740354,0.029797020498636504,Financials
2019-02-12,419.31359641590313,424.41476098764196,415.90232714096607,420.9898547389385,767183,0.005423576855278082,0.02861840457047172,Financials
2019-02-13,393.5817431477603,434.27442469387074,352.32236785932645,392.9497022737183,1853262,-0.06892711574248236,0.027561254362113555,Financials
2019-02-14,378.73340512449266,397.9208804772579,363.5615556227683,382.59436314525783,1609643,-0.02670629576801701,0.0376874022227207,Financials
2019-02-15,375.1174340727843,392.15056379643727,354.331528256221,371.18614827911915,1279408,-0.030271639716871558,0.03665045926158398,Financials
2019-02-18,366.8480671946807,373.20906742666546,360.7143813765169,367.071643422424,1094048,-0.011146641469439323,0.03622237922804399,Financials
2019-02-19,370.8821577337199,375.8238557582168,365.4122208238079,370.3467854554611,852651,0.008882781986050407,0.03418019525923484,Financials
2019-02-20,371.5655157080471,377.5642816518468,360.46701781969597,366.38209973498044,615640,-0.010763047502526484,0.032349098453269005,Financials
2019-02-21,352.14915860633,373.2418549272729,330.95404183345704,352.04021261046495,1259905,-0.039931367727659574,0.030895757238214427,Financials
2019-02-22,343.061108836793,358.14786334844047,326.83462885539717,341.86895622405007,1742667,-0.029317914744697006,0.03320866410363987,Financials
2019-02-25,353.867826013401,376.5825063327787,332.9783622690432,355.5913026182815,1788241,0.03935455031274252,0.033334416388851054,Financials
2019-02-26,357.86306455317424,357.87179348020175,355.5884113527036,355.59708500839395,702338,1.6261205084835398e-05,0.03494658420126306,Financials
2019-02-27,355.132609162853,360.1487112971546,352.41630711588795,357.4149522970198,1451776,0.005099131942793844,0.03281784632685079,Financials
2019-02-28,350.4276304814583,359.5777213584197,343.9054799977291,353.0075534122324,814677,-0.012407983686994632,0.03107264073122428,Financials
2019-03-01,341.876398224723,357.96841267134727,326.5644758614179,342.62304937862893,1523113,-0.029858593033068922,0.029924921227730897,Financials
2019-03-04,324.5824063194887,350.2229607972618,300.7074821394277,326.2270625816497,1649364,-0.04903721153750344,0.030824196097804145,Financials
2019-03-05,332.2112071274766,346.6234833795189,319.99131350974085,334.32580734752776,1522518,0.02452233871216495,0.034939978096255105,Financials
2019-03-06,334.9998634895827,335.2215509015103,334.2519951432866,334.4733341224372,1225486,0.0004411691587340422,0.0341590898573213,Financials
2019-03-07,322.0820283988369,339.22324382931805,307.49466268726474,324.5252237473938,1473557,-0.030193893533044313,0.03214815594149116,Financials
2019-03-08,321.88702975495954,325.0468582147249,320.32475718536284,323.4768693887391,1280695,-0.003235653972111486,0.03261217296276759,Financials
2019-03-11,331.8115325522138,350.018074039417,315.8899839723523,333.9919031858838,1343731,0.03198914045652529,0.030861196975763294,Financials
2019-03-12,346.77379318636883,364.8924608199783,327.7613834514502,345.8307793262317,1412466,0.034832827604270145,0.03186575825386216,Financials
2019-03-13,356.86017124022754,370.44787846716105,341.2153660753634,354.7216474745712,1496217,0.02538381196517567,0.03308081197780956,Financials
2019-03-14,360.8070360129785,377.55051015547974,347.1535058925525,363.7843149173047,1716478,0.02522776028483512,0.03274328608083587,Financials
2019-03-15,387.6248968880126,423.0089077330307,351.31892137589017,386.61031716946997,1887793,0.060856102775463654,0.03245249158455378,Financials
2019-03-18,408.3694720513569,438.2989469160012,376.21567281994686,405.96923377295167,2030442,0.048860124491839796,0.03870466580128417,Financials
2019-03-19,398.83651515685403,408.76323184741915,390.36377263262403,400.26024412616516,1193399,-0.014162431977753883,0.04070058585125022,Financials
2019-03-20,393.3635903281914,406.69175183282056,378.0614357860415,391.32036769780206,1707835,-0.02258836664489665,0.0381486083997394,Financials
2019-03-21,375.1603304251035,400.4295967039712,348.93686947916507,374.1372234547623,1504567,-0.044903941469921174,0.03661677490470694,Financials
2019-03-22,381.9694497048025,396.41655749955834,368.57521368199446,382.98665200703334,1548013,0.02337749966331867,0.038406837379139885,Financials
2019-03-25,392.7788093269294,414.3240787186936,373.9824331653617,395.40216235692793,1813385,0.03190324208813157,0.0369058836711767,Financials
2019-03-26,386.1392792769315,397.61335546214013,379.510378029444,390.9026803139612,1283939,-0.011444749952919449,0.036637520767656084,Financials
2019-03-27,405.37021606399895,424.0727324022949,384.5144818233601,403.1128503545673,954272,0.030757918888550385,0.034546977981048825,Financials
2019-03-28,413.1204769358847,428.7752537046587,397.6531933404817,413.30120367691256,739047,0.024960085429354434,0.03459338645249486,Financials
2019-03-29,409.15089597076695,415.03518383428224,403.9122028624265,409.7883291483253,829989,-0.008535877854894113,0.03392363171444685,Financials
2019-04-01,403.6362871593311,411.49280622426886,398.5133557916226,406.3356151224044,939423,-0.008461299657937335,0.032118209983917075,Financials
2019-04-02,424.0416566951872,450.0275087043123,397.34074461398745,423.2799161200479,1047353,0.04085424407222717,0.0305941590641417,Financials
2019-04-03,418.12496250842963,425.4655399840969,411.50923113772524,418.8385184611075,1401672,-0.010548252259348573,0.03315361886552612,Financials
2019-04-04,413.6726316945458,420.5111116635337,408.6353413202846,415.4521520750277,1215864,-0.008117997966373778,0.03155978135164253,Financials
2019-04-05,398.57957693015106,422.0114706087469,378.35979676939996,401.63660847835445,1171224,-0.033819729410930165,0.030111478256938735,Financials
2019-04-08,391.72431618887947,405.2965724192902,380.59871412880136,394.10340052875,1655632,-0.018934408035256468,0.03157415102372122,Financials
2019-04-09,397.8583641010466,403.05696740251443,392.3568300154534,397.5514226768412,1324015,0.008710978194822253,0.03084344957104899,Financials
2019-04-10,376.03797301703383,406.87583569670244,346.59701358312435,377.3334501010368,1082327,-0.052195011402169984,0.029537042443685425,Financials
2019-04-11,364.9387665776582,384.7449856965196,344.17368526365493,363.92487788651755,1740366,-0.03618181264508406,0.03473611065371248,Financials
2019-04-12,369.6765150487148,379.8864484328309,360.08207871712983,370.2764418413531,773284,0.017302399874875515,0.03551966274643047,Financials
2019-04-15,381.35047472399333,395.1835403245418,365.57970139777836,379.33983320684257,1108170,0.02418259408323411,0.0339738592083773,Financials
2019-04-16,368.69005539884324,384.38585818207804,353.11383851617023,368.80479389004955,1185827,-0.02816497064781217,0.033333139157566374,Financials
2019-04-17,387.2082901440173,417.3006724563739,357.8720671683943,387.9111950068379,1552597,0.050508944362928083,0.033284656654635425,Financials
2019-04-18,416.46556587934964,457.94460088283154,373.254787071926,414.5422656968549,1343201,0.06639850270438036,0.03699956370002459,Financials
2019-04-19,429.5258314768244,459.51618702400515,402.49132129696847,432.3066510602998,1306805,0.04196023956138497,0.04308698580083414,Financials
2019-04-22,460.07164826751307,503.79846456900003,416.6695473460102,460.3683714637626,2124777,0.06289179969386899,0.043003371169343795,Financials
2019-04-23,490.25995108663693,532.4643022190526,445.58988338118644,487.56197769535896,1593945,0.057390439553372696,0.04661264545005722,Financials
2019-04-24,499.4994096087732,526.4407814774462,476.1894953705472,502.96895550187287,1772089,0.031111033419750096,0.04829327443341972,Financials
2019-04-25,501.34393750924147,503.1888513386162,500.6852279805364,502.5285853159753,1320333,-0.0008759249946954839,0.04594536695324126,Financials
2019-04-26,477.5956466207481,513.3292567728458,443.6765496750977,479.28983749019005,1342619,-0.04734702139162646,0.04229534823433713,Financials
2019-04-29,448.9119481890397,492.39433143412845,407.0760014865873,450.4180270609377,1818665,-0.062129402542040094,0.04321317219332488,Financials
2019-04-30,440.4296501068429,457.45999825484813,421.9820159331405,438.95535672584003,1502479,-0.02577838578590074,0.046614504178877476,Financials
2019-05-01,432.3583473548797,441.00952552245394,426.17105307431234,434.7874691253935,1113797,-0.0095403798236972,0.044022816537939484,Financials
2019-05-02,451.83527605077506,479.31055539713554,424.94332590597327,452.3858374067884,1234460,0.039678103312116214,0.04079288575013447,Financials
2019-05-03,493.0220335518435,551.0280808423905,431.73000198133656,489.2978884558238,2243764,0.07843604456195502,0.040833814475577275,Financials
2019-05-06,519.6262831244208,558.8396552316709,475.714218312607,514.544062872582,1221837,0.05030971088358223,0.04854639313769295,Financials
2019-05-07,496.8758393135424,525.9809851068695,465.8521739277535,494.8379475731041,1452847,-0.03905086340219623,0.04863190188263253,Financials
2019-05-08,484.1887021717178,499.5095611096685,469.92129955548006,485.2120052154667,1224592,-0.019644410746257383,0.04712531161113045,Financials
2019-05-09,484.47737934422236,485.3475717239573,484.070840872368,484.9406445133879,883201,-0.0005594185806357904,0.043983194820204546,Financials
2019-05-10,503.52825969669243,539.5477483160043,470.6745239291486,506.5001081881784,1027091,0.04349803628676009,0.040591428696781645,Financials
2019-05-13,524.0710865762354,557.4557634393083,493.41104064640996,526.6451268815911,1942208,0.03900240090217274,0.041254613572755366,Financials
2019-05-14,508.29883066109414,534.3746883479587,484.45332870162576,510.4292436688037,1883907,-0.03127491221185108,0.041106357224278196,Financials
2019-05-15,498.2136706075131,519.3113036837242,475.2075579973508,496.2207998609984,1298671,-0.028231037298361072,0.0399812969209207,Financials
2019-05-16,487.76952578878246,503.2087795398758,470.48054316166656,485.8593340646675,1006972,-0.02110184275538218,0.038708552063132985,Financials
2019-05-17,518.2016546588196,550.7341140307615,474.8198327647567,506.62554963606726,1299711,0.041853023920274214,0.03695233101457002,Financials
2019-05-20,503.49685478530415,515.5708322791675,486.6342865478124,498.5906111208663,504938,-0.015986829416589878,0.038146181402847375,Financials
2019-05-21,486.0830389556865,503.0557218063212,472.5249473223683,489.4049729881149,1104928,-0.018595028073731035,0.03608935759631117,Financials
2019-05-22,533.8697382346229,605.626466925104,463.02444442620157,534.6743941074217,2016635,0.08846764011846715,0.03455169526565904,Financials
2019-05-23,525.0763374804404,539.2290272873072,511.1718048883582,525.3180927795494,1928100,-0.01765398235083632,0.04721264892806127,Financials
2019-05-24,524.8728580271428,526.9652154104095,523.8864113926542,525.9766942249403,1199742,0.0012529340765132526,0.043931501669872815,Financials
2019-05-27,533.9002424834797,543.2143367708934,522.8464427903426,532.129648385333,1126849,0.01163025542510655,0.040548945087955666,Financials
2019-05-28,537.0349569839941,543.9058905263233,529.8213504321883,536.6878429272741,1094866,0.008529467778555377,0.03789014363109248,Financials
2019-05-29,554.7005285069482,580.7374111177711,527.7554781223577,553.7476331301004,1513218,0.03129241969044052,0.03548863424528573,Financials
2019-05-30,534.8357531694548,562.2926259006466,508.362329698122,535.7728193131946,1566851,-0.03299882043468543,0.03541803012575564,Financials
2019-05-31,548.0440210547295,559.6086015378503,531.8973688985496,543.3631762831412,947010,0.014067702640461144,0.03559336748473287,Financials
2019-06-03,550.6791602982753,557.9724548965623,540.921797098579,548.1820191063648,1094014,0.008829454152985337,0.03381117102023615,Financials
2019-06-04,530.2177464504559,559.9138197305156,498.5143167245889,528.0912930557865,1063983,-0.03733821117689855,0.032035138796385386,Financials
2019-06-05,516.256732342086,533.4730124227765,499.78094736321015,516.9743261985687,1634184,-0.021275958189937418,0.03361727823971687,Financials
2019-06-06,516.6894229143707,524.5359640911175,512.1760236941612,519.9937012507039,1316737,0.005823484437713325,0.032741366442655205,Financials
2019-06-07,495.95818033163147,530.3625039821598,463.53395240102174,497.8167673223737,2002830,-0.043584626307173316,0.031027159181517504,Financials
2019-06-10,478.724792647987,509.0605852799587,446.983672550541,477.2243876436543,1607786,-0.0422452775900383,0.033986624325616284,Financials
2019-06-11,473.2457770805465,479.0264115602081,467.8016437752812,473.5784512320392,1121772,-0.007669212023190347,0.03594123019930407,Financials
2019-06-12,446.59045650786067,485.74797976347764,407.8239121816361,446.95020707963005,1384940,-0.0578703877513218,0.03379704342912247,Financials
2019-06-13,439.6308196025605,453.17318035000557,424.3772847396578,437.86525927529254,1565970,-0.020535959026845567,0.03893763452513831,Financials
2019-06-14,442.76699023746914,445.575920659405,436.93146306791147,439.7210700577846,1130597,0.0042293583816767006,0.0370967700467768,Financials
2019-06-17,418.8428393203459,449.1626439529491,389.1285134539613,419.4082086094211,1412916,-0.04729590366098789,0.034693218345533294,Financials
2019-06-18,399.42823593262034,429.80674012272004,368.35187720275593,398.67293716451223,2029729,-0.05070331615251543,0.03739559993907165,Financials
2019-06-19,381.86344381392905,406.0470473910792,358.87053855877343,382.9865191042778,1210427,-0.04014158399227728,0.0400545709772526,Financials
2019-06-20,381.9224819886919,383.245722966852,381.14492175577664,382.4670540336478,1080577,-0.001357274088477303,0.04031373140443304,Financials
2019-06-21,391.4037061653884,404.2342905801626,378.10283163417506,390.9174769959851,1374917,0.02185396512205845,0.037422371393882894,Financials
2019-06-24,378.53780054779804,395.9141145375634,363.20771783041596,380.5043886301744,1183300,-0.026998770347720923,0.035944213349672655,Financials
2019-06-25,407.4898971787626,446.682885007924,366.68090451282455,405.7019222377255,1510086,0.06412099719201589,0.035255201300017774,Financials
2019-06-26,415.1211611050599,421.3097668848573,403.6455538791089,409.7541484998988,906846,0.009938633760680372,0.0413650663857632,Financials
2019-06-27,424.6391506418529,445.0954175135476,402.743780315033,423.127212127362,1529677,0.032115529684870116,0.03851845583396637,Financials
2019-06-28,426.60391209550903,444.82323349432784,413.6897779993578,431.7532197913538,789227,0.020181302811963012,0.03796904316555186,Financials
2019-07-01,428.1881070700089,434.99765213777533,420.4060758498129,427.1999053855616,1216769,-0.010602108365195807,0.036254811247671034,Financials
2019-07-02,435.0518314128702,443.57887017420796,424.33536039937894,432.81862826157766,1235773,0.013066701705626543,0.0341817169865925,Financials
2019-07-03,439.2746398135538,456.98044217895045,424.8176372846319,442.4199249222273,1866380,0.021940719569057476,0.03256259548839402,Financials
2019-07-04,424.0030698985619,450.3078526759449,399.47434212531766,425.68199830000947,1778129,-0.03856690279642305,0.031944755066111025,Financials
2019-07-05,439.46485135827476,462.69723698336645,417.15038467988995,440.3384138971702,1503133,0.03385096913426477,0.03375625571184358,Financials
2019-07-08,449.93206962051545,462.3154493257148,436.1487902571646,448.4925503967804,962200,0.018348517537538155,0.03440161415465908,Financials
2019-07-09,427.6235362750032,456.480045250563,402.9146152698646,431.54455986368805,1475268,-0.03852129877348994,0.033125172596239164,Financials
2019-07-10,423.3470139868785,431.99534182513696,422.01477392623116,430.64015083121086,610042,-0.002097948045191747,0.034646864454146185,Financials
2019-07-11,431.0158467694435,437.2502661552014,427.06567966185526,433.2793544884367,965154,0.006109855955715746,0.03257275519668595,Financials
2019-07-12,445.40247086101584,465.1001160312636,426.222169558742,445.8984561856705,942705,0.028708568926729863,0.030893155485520164,Financials
2019-07-15,463.54665242645336,483.3746991008504,439.1720466955206,458.79692545220524,1048646,0.028516434567561956,0.03141873540031711,Financials
2019-07-16,472.8814926938036,484.87824922245557,454.7845715731152,466.6225417856824,942623,0.016912985196793684,0.03180703701055818,Financials
2019-07-17,455.10655217950244,472.9047513385284,436.8351158461963,454.6140545236442,1382267,-0.026071841965785103,0.030858668846093455,Financials
2019-07-18,453.68281168219147,456.23011526133917,450.37255162165576,452.9155472229545,940171,-0.0037431490512099394,0.03104459849773577,Financials
2019-07-19,463.75075438077886,477.57161853191053,448.23535688317975,462.0041686686214,1190290,0.019868236001881222,0.02954852536813691,Financials
2019-07-22,466.4734940572351,472.5984021536281,459.9465119765862,466.0660705046811,1007941,0.008753492141101145,0.02928658910523914,Financials
2019-07-23,458.76752401481286,469.34616850726593,448.7947029186358,459.36045803979835,1134268,-0.014492192776131915,0.028242821828474176,Financials
2019-07-24,466.419457715711,466.5554307553121,459.3158022991766,459.4497434912367,754004,0.0001943501532105249,0.027742190533320103,Financials
2019-07-25,451.9672859339399,460.9455531530334,447.4941364292486,456.42825316668427,886680,-0.006598043182775977,0.026752737696672024,Financials
2019-07-26,461.57941178218084,477.55295410209,448.94746746634394,464.83199698769704,1463714,0.018244523034601747,0.02605949549568862,Financials
2019-07-29,454.7555199245465,470.8542159614885,437.9185607834112,453.9901625802491,1305127,-0.023600514022146968,0.026328829018888583,Financials
2019-07-30,463.3008729103405,474.54708020324637,450.19674307954466,461.39672901122043,786178,0.01618272696424396,0.027168243029705268,Financials
2019-07-31,434.6942529716606,473.50404306473774,396.0484673641557,434.8448673324356,1891391,-0.05926891578515892,0.02701430808399122,Financials
2019-08-01,416.8830007272755,449.2852410508622,380.79485833353357,412.88646806910083,1471965,-0.05181668120641243,0.034795674009245374,Financials
2019-08-02,426.1747915773375,446.76947316736613,405.7219521208078,426.3101382005208,1577492,0.031994445879558166,0.03835800322609593,Financials
2019-08-05,404.0844703896484,438.8982254315387,367.83584067737416,402.51431996298487,1971426,-0.057436431559834085,0.037823482312784804,Financials
2019-08-06,405.1571777605068,417.00373442690477,396.50562237196175,408.28538071269014,945519,0.014235718651818444,0.041705325822508105,Financials
2019-08-07,423.4736497008563,443.8440485491544,401.31095440019755,421.5907814321887,945627,0.03206873888955925,0.039011097323701484,Financials
2019-08-08,402.81542717628315,429.2640208210763,378.9835740112651,405.28600060482324,1570970,-0.03944213909925312,0.03836343537294929,Financials
2019-08-09,412.18071668075874,428.10486292402646,398.501091811651,414.35313880684726,1280521,0.02212561030554442,0.038868430498288586,Financials
2019-08-12,419.9543581075852,424.454070829153,412.85200913357,417.3235331813926,410473,0.0071431774028089205,0.037175735449741336,Financials
2019-08-13,415.22141887489687,417.9710040541547,413.276667837858,416.0225010301485,1237336,-0.0031224321107334043,0.034832197640897185,Financials
2019-08-14,424.71794386816754,438.4669999960581,411.20143579383404,424.94331941935826,1513151,0.021216446144987983,0.03274275540235641,Financials
2019-08-15,443.2994889312424,473.9230554609587,413.71683638416266,444.2752852154531,1313784,0.044488588092594865,0.03201860495281311,Financials
2019-08-16,447.855249441833,450.5608269706243,439.81642081934154,442.48958335330093,914374,-0.004027458324482187,0.03488607202122837,Financials
2019-08-19,442.5069193942857,444.7477506509872,438.76508154314,440.9982730960715,556266,-0.003375964169131061,0.03280340652949907,Financials
2019-08-20,454.4121732030331,473.242868098952,434.5646069131313,453.351341273715,1246255,0.027626453113680522,0.031025156793517653,Financials
2019-08-21,458.9064178417975,465.66158948342184,451.08296446190593,457.8221758987,1143593,0.00981343382004163,0.03137724366473642,Financials
2019-08-22,455.55628211204134,457.92961477900343,455.2352591655962,457.6071466223972,1295318,-0.00046978892846764175,0.0300344911476463,Financials
2019-08-23,455.8418993745364,460.1034002765617,450.51258912564305,454.7640132605848,1556470,-0.006232425332660986,0.028665129199848934,Financials
2019-08-26,462.85717672933333,477.28826202840094,449.31532202602676,463.7211305492594,1214472,0.019504727569163317,0.02762567961995333,Financials
2019-08-27,454.53298168082006,467.08394647070565,444.34244124839864,456.8416462311993,971958,-0.014946536105018862,0.02770573404917357,Financials
2019-08-28,455.92687547346935,459.58528672219336,450.7581425933059,454.4043368114767,382772,-0.005349412293253969,0.027342201824169604,Financials
2019-08-29,454.7563416667855,455.4977190474789,454.1003090973736,454.84156353679657,757512,0.0009617349032925871,0.026502249569751272,Financials
2019-08-30,469.1781908085552,488.28608881067476,448.3262323450525,467.36008562585124,1263579,0.02715087554714923,0.025730023822560618,Financials
2019-09-02,463.7507699374701,471.4131540970044,454.60289410335406,462.2403216794028,1071233,-0.011015089219247959,0.027206668432098544,Financials
2019-09-03,447.5168318361481,467.31495150110123,432.07706274460276,451.7298298509389,1634338,-0.02300065307517256,0.0266526185264322,Financials
2019-09-04,481.29958192517586,522.0603679825971,437.4892906764647,477.9679217231375,1844367,0.05645934131694033,0.027343082593867876,Financials
2019-09-05,484.415722952365,485.8649696898411,477.48936595525817,478.9221774232788,1410472,0.0019944944927928194,0.034296704154765066,Financials
2019-09-06,493.70540653438036,511.60880239248695,472.8491840153827,490.641471422024,1298927,0.024175544931786228,0.032273949772933755,Financials
2019-09-09,494.4579632444155,508.6758708599553,483.6793066973172,497.823841749203,1812254,0.014532622721351298,0.031952383527195635,Financials
2019-09-10,473.3010749949049,516.1271728156133,426.27352311937386,468.6816364069924,1440044,-0.06032255870278691,0.030796808583510284,Financials
2019-09-11,439.18423839577616,481.24870299828086,399.16147885879144,441.0554228486272,1295387,-0.060753181372776084,0.03747767866892471,Financials
2019-09-12,433.34090300859793,446.9926711095758,418.28279582333295,431.88881812473403,909542,-0.021002353276133385,0.04215807723041877,Financials
2019-09-13,434.7221064927357,447.6088367167191,425.33699552703285,438.14972766225145,1478343,0.01439250627091455,0.039849813137367275,Financials
2019-09-16,446.0823957217837,456.30270597849807,434.70040378280925,444.89347435153934,1618805,0.015274174090905894,0.037436315539596296,Financials
2019-09-17,458.22510899322873,482.010582866578,435.87752199761826,459.5961312688827,1161786,0.03251325830472366,0.035442590707622804,Financials
2019-09-18,476.51744416809214,494.52053530676557,453.51231553736903,471.3190068550696,1050193,0.025187033352092447,0.035545865915643536,Financials
2019-09-19,499.1331920839207,537.1329476296573,458.1075418523775,495.8579481875451,1558597,0.0507543292363636,0.034727004827889194,Financials
2019-09-20,521.0146440204046,557.9917647042397,482.9861686522245,519.8829731060769,1587306,0.047314243605517475,0.03809425392218583,Financials
2019-09-23,495.9017309972206,529.7007811150436,465.3577665196708,498.9679591332487,1328187,-0.04106185099230349,0.039959146546250386,Financials
2019-09-24,458.8469845761545,515.8328170247895,403.9634437803149,460.7246814190397,2404362,-0.07974123929576307,0.04037694955294285,Financials
2019-09-25,470.28103592513645,493.4580197797183,450.67518805743634,473.70925085985283,1318154,0.027793094440691203,0.04855963581848958,Financials
2019-09-26,442.1293007693509,487.87883364050043,396.39402157486484,442.1422182229957,1710855,-0.06896214767173597,0.04585083422848319,Financials
2019-09-27,408.90834479519134,460.3144810492455,355.4809748077101,406.59647281053253,1261416,-0.08381036469154922,0.04995203570709631,Financials
2019-09-30,414.9926810094301,428.02992736231164,402.08327338014055,415.1166629577516,959438,0.02073836996817817,0.05612300135849821,Financials
2019-10-01,428.0416699383279,454.6472832302695,404.2992181518684,430.7543647258978,1351713,0.03697841192249712,0.051810665152353996,Financials
2019-10-02,417.3113334754133,438.9948110525443,394.4685848709592,416.08852539691446,2090492,-0.03463996915132676,0.04952359499339644,Financials
2019-10-03,398.70131316976773,425.7295828868069,370.741923131208,397.7024812623994,1411663,-0.04519384783253438,0.04735037791060066,Financials
2019-10-04,420.5760136399399,461.01065188968585,382.3153949566207,422.56875009211313,1209641,0.060647964446326495,0.04690436240807352,Financials
2019-10-07,438.8678314746474,463.09195178048117,414.20928979607027,438.4080305403351,1524290,0.03679789763345968,0.04910948695566624,Financials
2019-10-08,434.76846239593715,439.94993057524783,430.1150304889947,435.29090681940176,801976,-0.0071354944212499855,0.047249403782221304,Financials
2019-10-09,468.0572462427567,515.4311249859363,418.5432826845801,465.6761627899282,1679768,0.0674759040316325,0.04351599956700598,Financials
2019-10-10,458.46515788779755,468.3724121723518,450.30955761502736,460.186196480772,812663,-0.011859280372717265,0.04793603465437503,Financials
2019-10-11,476.9634354681556,499.9268489865296,452.31791090601456,475.19624290541435,1258043,0.03209667913129747,0.04426496486333365,Financials
2019-10-14,477.58211435674514,481.19320498313095,473.98039153103196,477.59141203822657,858989,0.005027718748867984,0.04268535127148833,Financials
2019-10-15,518.2862505630413,582.9738043463545,454.0766137358189,518.7114858181134,2431921,0.08259224416040122,0.03951484612027406,Financials
2019-10-16,550.073658063872,609.2176705928148,495.4673298911151,554.2015615661546,1520099,0.06618062553653643,0.048706881140603224,Financials
2019-10-17,527.7512197951145,565.871835061995,491.10938764792036,529.1339965542207,1329762,-0.04628674872151482,0.05152542572184114,Financials
2019-10-18,556.4700432809989,599.2051240583368,514.0231018853185,556.7377614093609,1680087,0.050852622296801875,0.05045062004311615,Financials
2019-10-21,548.0883937010104,564.1758544305418,529.9247560105772,545.9494341146357,1069754,-0.019567963749909743,0.05024052576712427,Financials
2019-10-22,542.2828834500652,546.183117919437,541.585344509899,545.4814646415285,959446,-0.0008575339076762113,0.04665537615627303,Financials
2019-10-23,539.5601315237565,548.9720091237543,529.7696062279057,539.1747615841905,891074,-0.011629074685235394,0.042912580953458,Financials
2019-10-24,492.9827835580174,558.6638945729549,428.99139203283863,494.4783692687355,2201195,-0.08653634387707153,0.03991837910004471,Financials
2019-10-25,491.16838570244596,494.6486276839088,490.6603291111407,494.13749988916936,666789,-0.0006895891593656359,0.04998062038151913,Financials
2019-10-28,479.54025852001854,499.66676228419664,462.6610752129672,482.6771640484897,1566585,-0.02346578555489059,0.04580961974256638,Financials
2019-10-29,507.788903279456,540.0947676605155,471.55097087314783,503.5896777617863,1175763,0.04241377230107264,0.043144101248293945,Financials
2019-10-30,491.6464393586797,509.43920924487213,473.7945285634257,491.58507776282477,1395480,-0.024126782258950083,0.043115774261162434,Financials
2019-10-31,486.34209692101757,497.4691539075576,473.0671972246092,484.1439629404139,1599628,-0.015252716221749136,0.04092054783891868,Financials
2019-11-01,476.55625775305026,487.38973414112206,466.7020383084634,477.5156758705516,1209587,-0.013785318150472922,0.038399085811656596,Financials
2019-11-04,478.8439754831915,479.13486137898934,477.03236750015327,477.32232903329157,1159298,-0.00040498354466336355,0.03616762478257644,Financials
2019-11-05,444.1658260435921,490.7360528559777,401.44053259751,447.67336178693597,1638284,-0.0641281415496816,0.03386003939279024,Financials
2019-11-06,454.9377340378628,461.4801204758154,445.48601013130656,451.9859474000162,948962,0.009587226190105541,0.04042356484697318,Financials
2019-11-07,463.7427964894201,481.01238809577376,446.0927050558014,463.34757892198326,1681726,0.02482639333280753,0.03769666977138688,Financials
2019-11-08,452.87869453424514,471.3594547896933,432.51167367388547,450.9121860108519,1809371,-0.027204871824752678,0.03645934174350499,Financials
2019-11-11,466.91489603418825,499.1297904889673,437.9353122681167,469.96113836071027,1585780,0.04137739591263704,0.035699336659746665,Financials
2019-11-12,465.5536011047796,474.0562626171228,455.7944404058441,464.27372687101285,971959,-0.01217570005854827,0.037099426467715274,Financials
2019-11-13,458.34847136643856,468.63610068427323,447.1125079836093,457.37836322878564,1476025,-0.014963330246911651,0.03497615053395799,Financials
2019-11-14,449.0934112201389,466.92271470151394,427.7477464891691,445.431676704501,1525453,-0.026467104668988908,0.03335041338201062,Financials
2019-11-15,441.05155271141103,446.4733110083409,440.43318042500124,445.8482136074922,1267231,0.0009346938887427369,0.0330889135910304,Financials
2019-11-18,426.30928916801645,453.3617633070737,403.10805060700886,429.96174534071525,920187,-0.03628232545481553,0.031241511007113424,Financials
2019-11-19,428.9178670953266,430.8711406216184,426.7062815038669,428.6583733066013,952149,-0.0030359713380086763,0.03283727575587605,Financials
2019-11-20,412.3234784336775,435.4361579732425,391.3733808187415,414.3814929327217,1036301,-0.03387323903151744,0.03104854121450374,Financials
2019-11-21,427.532084902075,445.73636287358954,408.1605566237954,426.3129227811432,1422667,0.02838660709434895,0.03230044856672949,Financials
2019-11-22,436.8779084370186,444.53727744977573,423.7629043065139,431.32491796593087,1531836,0.011688038946104911,0.03248884580034956,Financials
2019-11-25,421.7465946196743,435.7365511046898,408.23562225311525,422.21071043559147,1266821,-0.021357172828299957,0.031063026563938726,Financials
2019-11-26,414.9204136282668,423.93346634244574,409.7560960545864,418.72183428898023,796111,-0.008297683771081203,0.030665104273950406,Financials
2019-11-27,419.00707421532053,422.1571973658374,413.4961919560706,416.62843231804163,730271,-0.005012044496569479,0.02937016563624609,Financials
2019-11-28,427.7462611131699,439.85391263851477,412.54744461767314,424.56504977243884,1100233,0.018870457599225357,0.02817540402737401,Financials
2019-11-29,426.91861599288455,430.17961732345924,419.1819782517879,422.40852946088535,1439418,-0.005092307539678814,0.02808018588231273,Financials
2019-12-02,427.0669191166305,428.8812297179,421.80696211275125,423.6065721039096,1537180,0.0028322034479939676,0.02710511410711987,Financials
2019-12-03,422.7501813722558,428.59803928026724,413.91214504202594,419.7180599395321,569659,-0.009221928482725834,0.026247913727830165,Financials
2019-12-04,412.39139995805635,420.27251154066676,410.74836628319105,418.6047229873752,966001,-0.002656107240245425,0.02576662521154,Financials
2019-12-05,404.12370636871003,424.668690598097,385.4284965682885,405.89169183386497,1324103,-0.03084073763519756,0.02514345671709297,Financials
2019-12-06,415.9602039325654,424.34275962093875,403.09130255644607,411.3815886055818,1094468,0.013434868062093666,0.027357401141737236,Financials
2019-12-09,388.26589100705013,420.8269589304215,358.58506720016345,390.941592259308,1922304,-0.05096305477654875,0.026940977520513623,Financials
2019-12-10,402.2769524660429,429.2929208368909,379.31059536746596,406.1078540808132,1533489,0.038060606352229576,0.03271449156921566,Financials
2019-12-11,390.5205264815509,411.9908634272736,372.454374982329,393.7741917732785,1710417,-0.030841147091535223,0.03425612106311415,Financials
2019-12-12,406.6909443661024,426.53708090064146,386.9092647566398,406.7524114949556,953012,0.03242704709558717,0.03437240051728775,Financials
2019-12-13,389.5335725640032,414.1286025549224,366.5789380203516,391.08268133361486,1254693,-0.039285675930418894,0.03468279892623415,Financials
2019-12-16,383.09170546800436,393.60877380196024,375.46752054714887,385.92813896791074,1579562,-0.013267815185472697,0.03596973565488848,Financials
2019-12-17,394.36711719660207,403.5856684103556,382.8264637172238,391.9894352909373,1222523,0.015583704982444569,0.034080239794277024,Financials
2019-12-18,421.6557975839909,460.63353966220853,378.36755075287545,416.9062455952558,1262529,0.06162647717491031,0.032643498199416664,Financials
2019-12-19,425.6499332103615,440.40422510972684,411.5085854807124,426.2431683566876,1139557,0.022148635339830296,0.03901476365563063,Financials
2019-12-20,438.43338085175,450.45937053027353,422.2019007416582,434.1092827563137,1460967,0.018286304835580035,0.03730021090552023,Financials
2019-12-23,437.4139188196022,443.01200810544316,432.06661512516496,437.6616756301389,1112363,0.008149875841273899,0.035541566208567625,Financials
2019-12-24,443.03161743232636,448.10512481878413,435.96538150524987,441.0158042113738,1071827,0.007634530188255,0.03347425001819494,Financials
2019-12-25,424.8818820785416,451.7456835408424,396.07988787607815,422.8128731079031,1502457,-0.04215101121105591,0.031704309472117595,Financials
2019-12-26,417.2221611044722,424.082855785593,413.41646974567834,420.24955010229104,1128359,-0.00608099906729056,0.034214569311920746,Financials
2019-12-27,407.8298359180253,425.80536080505414,390.7125379208277,408.65349256546637,1161483,-0.02798111122116506,0.03228089504658509,Financials
2019-12-30,421.7159128069079,434.2315265351011,404.4490139375144,416.81930702524465,964615,0.019785220884663477,0.032420461683674316,Financials
2019-12-31,438.25474048370944,468.23611911374707,406.42388134988727,436.2694441750409,950802,0.04560723229439061,0.031616250780956215,Financials
2020-01-01,432.30476425437945,436.53462340117767,431.5145315306322,435.7381146747614,768437,-0.0012186352300329925,0.034809090714763395,Financials
2020-01-02,438.2862021941325,441.7121023012538,434.5909185404089,438.01469640018615,1109044,0.005211054770407619,0.03270414343603091,Financials
2020-01-03,423.0061003640146,448.8106537697405,394.9033932980245,420.5586450977647,1588761,-0.040668528394775576,0.030979381241087033,Financials
2020-01-06,393.01093774717634,430.9967898845362,360.2147173031986,397.80085726624407,1532212,-0.05563241340808945,0.03340459594028929,Financials
2020-01-07,391.9135102803179,400.29419252237193,384.35109268556204,392.7162844849283,1076819,-0.012864092708187625,0.038169862944324014,Financials
2020-01-08,390.9066476633501,395.4647377922473,385.1315927354472,389.6753252716231,1220847,-0.007773535627399016,0.03592176891428804,Financials
2020-01-09,378.38397069367693,400.03441810548617,353.6288881301461,375.0909127117519,1571201,-0.03814546261410651,0.03378406375745486,Financials
2020-01-10,398.13128140516693,426.1239281787532,365.45298712355503,393.09127025248085,1041310,0.04687339424789544,0.035090622948030566,Financials
2020-01-13,383.8212575333322,398.6447626527338,368.30381140762626,383.09943928931506,1333388,-0.025747236642851896,0.03761181620651249,Financials
2020-01-14,388.843242688807,389.6797560120493,382.8239317125011,383.6492713138455,1321190,0.0014341911793862045,0.03648502437841357,Financials
2020-01-15,369.13527324437666,390.48563379445045,347.793355166796,369.14325428516435,1219741,-0.03854398757399302,0.034135526050811056,Financials
2020-01-16,360.1354394551341,373.78483663377153,346.2911830566066,359.93290399273593,1231943,-0.02526715541480403,0.035426447150795404,Financials
2020-01-17,356.41655934779396,361.48522649715795,351.72310100484236,356.78689144955536,742137,-0.008778975461634307,0.03463799788665418,Financials
2020-01-20,352.40605861243915,360.2542784166736,343.70014896443286,351.5288326047505,1231358,-0.01484692560836583,0.03273214443937464,Financials
2020-01-21,363.7425901983055,381.5195389457451,345.42181085147126,363.17081564282273,1140375,0.03258155488060576,0.031467114638668726,Financials
2020-01-22,381.29746461471416,401.05112089691363,356.4572456048285,375.93298753898813,874029,0.03453761278334183,0.03242494565472986,Financials
2020-01-23,375.2591580005575,377.6637861749528,371.93177185460723,374.3304489418116,955932,-0.004271942244230395,0.03346682962405546,Financials
2020-01-24,366.8985137822466,380.30462652681183,351.97365216487646,365.32216673035856,1151298,-0.02435934777779223,0.03160317027845705,Financials
2020-01-27,385.505993686953,410.58968191307963,356.6936301463324,381.5178202013744,1580286,0.04337794766168311,0.03143270543467799,Financials
2020-01-28,372.3040437266528,384.84045586515845,362.21623306900204,374.68804909273246,1381220,-0.018063749826037905,0.03424410793487759,Financials
2020-01-29,359.94974240461806,381.3098916175814,339.32448173074164,360.64480366245346,1158923,-0.03820026009944401,0.03297077495709025,Financials
2020-01-30,377.71018481281317,407.52384462534064,349.4090658948957,379.11729366813455,1751903,0.0499520885869025,0.034475303940163425,Financials
2020-01-31,378.2358399261083,381.2768667849643,376.94545898891454,379.98053368952446,507771,0.002274385098718457,0.03775074752296147,Financials
2020-02-03,387.40220039999684,395.8937026819706,377.1224251705613,385.57385171994264,743839,0.014612724232001623,0.03522599998538716,Financials
2020-02-04,378.61070514743864,387.33825291072077,373.31485991643217,381.9950686450668,968747,-0.009325049290306711,0.033536944052767775,Financials
2020-02-05,405.3673513644884,444.0530418344,367.7681119391441,406.3615838675269,1040312,0.06183566469406615,0.03182490808720079,Financials
2020-02-06,409.2767172728779,409.5578925542543,406.2684410803237,406.5477415408591,1098546,0.0004580035454577715,0.038520218509642046,Financials
2020-02-07,397.4404031396545,409.8038465589264,387.56701672975294,399.87010055485695,1375503,-0.016561621703790743,0.035875858906953065,Financials
2020-02-10,421.27892064692156,452.0677276879342,389.1520039184384,419.83530559700586,1067554,0.048722759090711866,0.03421702644690511,Financials
2020-02-11,445.41422780513216,478.6883116432649,408.3087831437911,441.27354253704334,2064438,0.04980245617223537,0.03731929805216458,Financials
2020-02-12,433.9584593271333,444.4780704242876,424.2150940020418,434.7176593136729,1327090,-0.014968199706179141,0.03982746165402899,Financials
2020-02-13,433.64634702424263,434.93463132888115,432.9957343346018,434.28306335453186,487087,-0.0010002201011729854,0.03745114700258363,Financials
2020-02-14,435.0090172250508,435.1611723498611,434.02994190295493,434.18180769084364,1076220,-0.00023318309703235278,0.03496027453388949,Financials
2020-02-17,448.8869106158232,469.9147766433411,426.9708822463047,447.95509801335834,1154926,0.031229641631667648,0.03282963284201407,Financials
2020-02-18,469.7874728056183,503.02390772145003,436.36676475340596,469.5891701937068,2020687,0.04716520673676885,0.03329446517815713,Financials
2020-02-19,481.26743033345736,494.2454847624264,465.2147552240718,478.1076003858824,1720652,0.017977606088956773,0.03633869340218407,Financials
2020-02-20,506.40781015869356,547.5344172414021,463.71822648347126,504.70668071630143,1322560,0.054141617694535765,0.034711376501743677,Financials
2020-02-21,525.2647602611835,551.1732619450831,495.8521894379122,521.578886689328,1297493,0.032883101556907345,0.03877629355551963,Financials
2020-02-24,560.9410071989363,618.856978445084,501.0553891616703,558.7445844051019,1865577,0.06883192172067147,0.038276304794524624,Financials
2020-02-25,559.727589354328,561.1995649327706,558.2530683976939,559.7250372646331,1005239,0.0017532047212951427,0.04452791735689842,Financials
2020-02-26,574.6730341689137,589.1804720381009,554.8549071273029,569.2248062156002,831345,0.016829787846426088,0.04106883731411733,Financials
2020-02-27,592.9013114620881,640.6738564631968,549.9458612076155,597.3929862616254,786437,0.048299719165229314,0.03862390169972611,Financials
2020-02-28,613.2546358578884,654.0425074441638,579.3775820068953,619.8036753828069,1310024,0.03682761001184238,0.040538550254345405,Financials
2020-03-02,670.1129774512922,744.5922640794868,593.2871817541549,667.4730559642575,1717320,0.074096248577336,0.04022611308909827,Financials
2020-03-03,673.6515947118913,689.8412493977144,660.2495171785599,676.3847957266269,1342878,0.013263114680780229,0.047096180815334635,Financials
2020-03-04,682.8526725913217,693.6444887549425,672.4822188088136,683.2677314910114,1524712,0.01012463761585525,0.0435984716425689,Financials
2020-03-05,742.5921880959728,832.4423070811802,651.049257743588,740.6663607950015,2017050,0.08066349240362618,0.04044796195956189,Financials
2020-03-06,704.8194719658447,756.8422915924286,653.8643228195157,705.8151589379997,1400424,-0.04819687988491354,0.04883461838038884,Financials
2020-03-09,647.8631174215255,730.8079108738003,565.8641310671755,648.7026644150891,2028945,-0.08437892115308067,0.04854170213829225,Financials
2020-03-10,630.2344936305965,658.3737518912603,601.5635742809663,629.6779850626755,1825486,-0.029765913634845913,0.0552540299655131,Financials
2020-03-11,590.0693459766444,644.4808229882843,543.7519377907875,597.5743134623444,1657125,-0.052329903823078464,0.05172337676642373,Financials
2020-03-12,650.3898045982118,734.4657481477964,566.9367083642552,650.9418213083911,1736853,0.08554161995770217,0.05148794993410627,Financials
2020-03-13,668.2533116069619,690.2297558653854,643.4891872028552,665.37083726327,1532074,0.021924265221697988,0.057605663805582685,Financials
2020-03-16,758.4869960265613,875.0231051988122,644.713946622577,760.8896566946194,2347232,0.13414381432850736,0.0531679509931703,Financials
2020-03-17,732.5970621394655,774.3086197695278,690.8404614892451,732.5492996896496,1623911,-0.037957707618290266,0.07113824041006275,Financials
2020-03-18,674.2829323563404,756.5950879257925,596.4183852461548,678.2701111420942,1564175,-0.0769850393395753,0.06606540345791623,Financials
2020-03-19,648.1359123831912,695.2120637921341,599.2731199183329,646.2093381786561,1872443,-0.04842209842052442,0.06693813912533866,Financials
2020-03-20,652.9646781289679,666.3405695041869,640.8796382651695,654.2320727595694,1765002,0.012338635629752882,0.063531696954887,Financials
2020-03-23,659.9150571721777,668.273333821453,651.4230978861787,659.7796596327864,818887,0.008443790412553567,0.057895228678662716,Financials
2020-03-24,596.2255221298168,686.2321313962296,508.1142002818245,597.8767831141962,1881463,-0.09852124582349753,0.05284108858155167,Financials
2020-03-25,595.4755847635107,602.230570887356,586.6412264148605,593.3723538006943,1419087,-0.007562567127503597,0.061560619683193714,Financials
2020-03-26,667.3227989498278,767.4212187923018,563.4977640286392,662.9385459160461,2048477,0.11086017767552883,0.05603879709501939,Financials
2020-03-27,584.5415337313316,672.2227637910313,496.64010253337864,584.2824735686808,2132796,-0.12629774145708708,0.06675158629592914,Financials
2020-03-30,595.8147237480841,614.0082257092884,577.9166428848204,596.1015293003493,1648663,0.02002645022563672,0.0778285766476073,Financials
2020-03-31,578.6507096644353,606.9946717943485,548.6894320150952,576.9500930951119,1581852,-0.032655234734324266,0.0707530118135615,Financials
2020-04-01,553.1384542087123,587.7226300616992,519.488912045162,554.0194910353388,1221266,-0.04055590049533792,0.06530501969898678,Financials
2020-04-02,528.4756489633975,570.384507411534,483.8184439286739,525.4905824232318,1533940,-0.05286759951991554,0.061306717723722606,Financials
2020-04-03,535.8513603878762,548.9280297088942,521.0755573755923,534.109724621065,1221345,0.016269025688457634,0.05938062286886766,Financials
2020-04-06,565.7726095575749,617.2002320975413,515.4191954994186,566.7590274536993,1424852,0.059332923047808815,0.05441092608441346,Financials
2020-04-07,554.9705336913977,577.5154754539692,529.2071288707286,551.6157885625099,1121764,-0.027082448999725468,0.05474028192748358,Financials
2020-04-08,526.7364740753673,558.6617275775686,505.41971978150735,536.9323513715567,724231,-0.026979657245468358,0.051060920761123355,Financials
2020-04-09,537.4146447433368,541.2815244829247,530.517991143568,534.3629126407569,1206425,-0.0047968916582524085,0.04790573440561596,Financials
2020-04-10,528.738029082367,536.3504873716595,522.7479869732214,530.3422709010745,1067651,-0.007552627551734132,0.04403883554989035,Financials
2020-04-13,537.4381202454338,545.0372983753552,527.7952709025445,535.3651378204129,1472814,0.009426422433465299,0.0407442211449981,Financials
2020-04-14,543.8608888516488,559.3101345365944,529.4706221811672,544.8925701341406,1418472,0.01763964151551869,0.03796579857390239,Financials
2020-04-15,544.2995538530615,548.4167399936788,538.0507661269297,542.1517055312044,1187198,-0.00504279443365578,0.036052670247884624,Financials
2020-04-16,565.2891201790073,600.2416259883744,530.0340618636952,564.9666275672216,1892624,0.04122080137010097,0.03381790194493414,Financials
2020-04-17,543.4496110200275,573.0648504617167,518.5907455758226,547.9979324085812,383057,-0.030495149185399965,0.03563416286942549,Financials
2020-04-20,551.1700336743309,562.7451530942864,542.3461927401203,553.8779601792332,1129070,0.01067286003121662,0.035430607803137726,Financials
2020-04-21,561.2195924034967,569.4406954792632,551.1203154527062,559.3134968228645,899689,0.009765759175249676,0.03348654754713753,Financials
2020-04-22,557.9640152328503,560.3649828025335,555.3113997170498,557.7112797439956,875431,-0.002868724510464095,0.031802273521585024,Financials
2020-04-23,569.3214680767884,598.9727102462721,544.6280911911404,574.0732334002607,1410588,0.028915563842532462,0.030171876275115986,Financials
2020-04-24,557.6621701393912,585.846469095032,527.000553612022,555.0529840555879,1220135,-0.03369339654579293,0.030881874444703986,Financials
2020-04-27,574.2301102806425,603.6851433397461,544.8566795473499,574.307741555752,1029795,0.03410181180843688,0.0321440333653631,Financials
2020-04-28,559.8402149811772,585.8779442406569,530.8787885436197,556.7739061862642,1260429,-0.031006143732582994,0.03318178928399685,Financials
2020-04-29,563.5961157377877,576.7302212151362,551.6123958501021,564.7225500042526,985613,0.014175304564212697,0.0335414974985449,Financials
2020-04-30,553.2250482977354,569.9888201494875,537.1306163308636,553.8754662141721,990864,-0.019394677345616805,0.032096207446973286,Financials
2020-05-01,514.7438295414955,569.3131292609618,465.69759940685947,519.7864264091181,1506823,-0.06352186248750004,0.031313834839961745,Financials
2020-05-04,582.1983434559525,669.5280949743453,493.0468661111109,580.0551366013069,1925513,0.10970515336440816,0.0385966197223235,Financials
2020-05-05,550.1126789012658,590.6082306502469,517.5806966237801,557.6316022304828,1272352,-0.03942462883841845,0.05565107675865732,Financials
2020-05-06,542.9143166964535,561.3606182506435,531.717065645662,550.0168814682936,896845,-0.0137495619553437,0.05301678111103533,Financials
2020-05-07,548.6378350037244,550.2292581153872,548.0013183410799,549.5916348766497,729258,-0.0007734509264387937,0.04875429039166627,Financials
2020-05-08,569.5363526000009,610.1465702944489,533.1492593750567,573.5058687550696,1482975,0.04259264933523885,0.044740075985924284,Financials
2020-05-11,582.7526766295233,617.8026365604329,556.39097220521,591.0649153636514,1269569,0.030157681501961763,0.04442363769425256,Financials
2020-05-12,629.4047505778062,684.9949276026905,571.5424952698464,626.9125572265676,1955579,0.05888121750362954,0.04260505289080438,Financials
2020-05-13,638.8387437206183,649.6199480432454,623.3060339209484,634.0056741381001,1298446,0.011250835393229236,0.04552144650238007,Financials
2020-05-14,624.0244553225814,636.6963151056927,615.9406852026196,628.5538698085479,1293984,-0.008636168076439634,0.042151498999348426,Financials
2020-05-15,638.7823013323152,650.9433431635965,624.4630951089002,636.5822527444993,1268455,0.012691900204411665,0.039148264382604936,Financials
2020-05-18,633.83318040284,637.0314169270454,633.564906286386,636.7619032091513,290494,0.0002821711082648442,0.03674550221395918,Financials
2020-05-19,626.1008577892993,647.1686548114611,601.6853490745076,622.6365757553071,1142386,-0.02243280429988024,0.034354002524378646,Financials
2020-05-20,586.3687616696867,638.769363760962,534.9865754646675,587.3051260358687,1467973,-0.058418512449069704,0.033461060919664824,Financials
2020-05-21,567.4046847585738,602.1559796344163,529.277000334387,563.8080132951252,1347220,-0.040830699039938266,0.03882811439936188,Financials
2020-05-22,575.5977483705326,592.364982313019,558.1183541970867,574.864220377991,1426300,0.019420082850049356,0.03944831899918486,Financials
2020-05-25,563.6995326195084,578.4598075784058,552.8456931389678,567.5321719534476,513099,-0.012836436023641734,0.037436704451307895,Financials
2020-05-26,567.1262644504758,571.4288931753244,560.3849609919902,564.6689467329742,599005,-0.005057813982003645,0.03529761444641859,Financials
2020-05-27,554.0774225954679,568.9260682227618,541.1468955882777,555.9517988224754,893515,-0.015558026706351593,0.033174907548143936,Financials
2020-05-28,561.1351079083452,567.2996807231917,553.8859733384631,560.0384989192885,1344932,0.007323931709097335,0.031886790712011934,Financials
2020-05-29,551.7273526784289,561.4355163028713,547.5565819474253,557.2231998367168,1385415,-0.00503965193527332,0.0303555585335083,Financials
2020-06-01,579.334963464651,603.3952248039085,549.0750943297866,572.8667243354137,1297034,0.02768721937693035,0.028999614839671655,Financials
2020-06-02,609.9482128341991,652.9991496350885,558.0850418504917,600.4667658099759,1775611,0.0470541989139787,0.02979546016096049,Financials
2020-06-03,641.0282426281887,703.3626370356051,578.3821820823108,640.6830051634413,2057192,0.06482750708127726,0.03379837573431818,Financials
2020-06-04,623.8566315754075,650.4339865180775,596.2129409405342,622.7428467529758,1026325,-0.02840113534371405,0.04054941445913216,Financials
2020-06-05,629.3540058542511,643.6062048180673,616.8366857743481,631.0550523586633,843743,0.013259437416215053,0.03919690910906848,Financials
2020-06-08,633.9250662724352,635.5680103029298,628.3329741244011,629.9656565499934,818442,-0.0017278004587674926,0.036816980444529114,Financials
2020-06-09,626.3396275817389,645.8585671947101,597.784435545535,617.0127158766563,778285,-0.0207756715935226,0.03442150248617961,Financials
2020-06-10,592.3348032151488,629.3603348998813,554.8351070710673,591.8290235962601,1180270,-0.04167185121630619,0.03335590122076063,Financials
2020-06-11,589.4272770495003,602.3469372953962,570.4595784502555,583.2437008499862,1000350,-0.014612670919662845,0.03536346129224918,Financials
2020-06-12,567.9465584544484,590.5283017931861,545.5012128211848,568.0777706321031,1339906,-0.026346781282079443,0.0336524744761166,Financials
2020-06-15,585.894520514603,613.9377401825701,558.2227427308467,586.2492104075328,1149159,0.03148664343137117,0.03331837575995269,Financials
2020-06-16,589.8025294055402,594.3973586926776,584.7109665700727,589.3018956934642,1157562,0.005193635788313129,0.03371650393814977,Financials
2020-06-17,587.566140494565,597.3793596474519,573.0435863008313,582.7768166988143,1402952,-0.011134314336796031,0.031835329245262445,Financials
2020-06-18,576.8844203180647,584.9473561406248,570.3400882661384,578.3859898796542,902315,-0.007562846006851831,0.030485840875494923,Financials
2020-06-19,572.74207525302,578.4997979917478,572.4037160873659,578.1582391158491,1710576,-0.0003938470506171168,0.02919055825206673,Financials
2020-06-22,569.2500052190012,582.1118658029893,557.2365974196891,570.0809223923304,1406264,-0.01406928143952062,0.02795879504160959,Financials
2020-06-23,577.3812355640513,596.5567248440569,561.5264843442055,580.6132239917158,944245,0.018306507893762772,0.027478119989851058,Financials
2020-06-24,579.5997510977788,584.5918185573943,572.3167485589069,577.2889128693182,1097549,-0.005741971018402842,0.027464648135939802,Financials
2020-06-25,546.5552070614721,590.5907325549168,504.60742322656716,548.4941370110653,1534732,-0.051166266210550676,0.026615616702628027,Financials
2020-06-26,525.8703891963365,558.4937290052106,494.70178326420984,527.2437247736167,1707269,-0.03951367304246484,0.03254859231454274,Financials
2020-06-29,518.7466921333079,529.8456763627863,510.90969644456027,521.9601334236744,1096690,-0.010071705269121553,0.034376274418887666,Financials
2020-06-30,503.17569788135404,530.7773474397349,475.72041605741487,503.31449242924475,1441352,-0.036376004034032905,0.032566831000150204,Financials
2020-07-01,478.7538480074492,514.6466219328024,442.94786169820225,478.8345964499028,1227542,-0.04985998052829554,0.03386681023563442,Financials
2020-07-02,473.67002820131984,480.62659610563776,468.27030189967996,475.2093222162605,901823,-0.007599842337705552,0.03728902408446056,Financials
2020-07-03,471.9171202032934,481.5000984265073,459.2993754510087,468.81945089694534,1011267,-0.013537657091264498,0.03494339271265572,Financials
2020-07-06,460.14622106492465,476.63333988870676,441.3521641741383,457.7535532972613,655741,-0.02388678217056837,0.033231352355039726,Financials
2020-07-07,469.35627105318633,482.92752017054306,453.16961517706693,466.662989123108,1636778,0.01927640040106318,0.03269625326922752,Financials
2020-07-08,458.60443126527156,470.3226149058096,447.45726998179117,459.1619033152913,1595500,-0.016204468053547888,0.031795800416716875,Financials
2020-07-09,456.2236795080141,461.4002812152962,450.5310340674046,455.70171321581773,1072983,-0.007564420611784861,0.030792305159674595,Financials
2020-07-10,456.19212212189217,457.43888380928183,453.62903385339973,454.87218819429876,1175428,-0.0018219833661172326,0.029446831994562973,Financials
2020-07-13,463.9209754472883,493.44923659434914,440.93120431570094,470.15074689358244,1185977,0.03303690692784022,0.02818138880752287,Financials
2020-07-14,491.43470295151826,517.8628913197092,461.1057755513859,487.312269249334,1229768,0.03585174620278858,0.0299844646942452,Financials
2020-07-15,478.263218785124,492.5934861006843,463.3619482361388,477.6745780268215,1499887,-0.01997542601744386,0.03181283788455102,Financials
2020-07-16,454.5260441275602,490.3314214340277,417.5322229572891,453.23597480238607,1633607,-0.0525167960033241,0.031136762357408573,Financials
2020-07-17,461.22236113046364,465.2835029677809,451.89003005131826,455.9043458538386,1818416,0.005870114113524086,0.0359068302060987,Financials
2020-07-20,445.514632763805,462.2186725849499,427.97824683011754,444.64986314578533,607138,-0.024995871579674468,0.03371363374534924,Financials
2020-07-21,456.6726881647063,480.6352781254055,435.05156113279816,458.90830597107373,1475561,0.031563272911867515,0.03321153895345077,Financials
2020-07-22,483.16598363733806,518.2409239845142,446.697929418068,481.66382186818794,1077754,0.04839598472713572,0.0336428459744656,Financials
2020-07-23,474.07443727814194,484.6898800698816,464.904582237612,475.49259412051805,1654560,-0.012895098771377088,0.03683474675989597,Financials
2020-07-24,449.72781090959074,488.6444576652403,409.99839312431175,448.83804508085825,1697503,-0.05768918563866324,0.03479053593926183,Financials
2020-07-27,445.5351195030402,452.18339124092313,437.76388106062353,444.39514206363856,508052,-0.0099479950391618,0.039591810184691954,Financials
2020-07-28,474.80011221968266,526.5169114930695,425.02948024527484,476.5616295406174,1362076,0.06988292644067412,0.0369980207275392,Financials
2020-07-29,491.80786242517837,514.9624874227984,468.60451128147747,491.7567288794469,1435984,0.03138708801636631,0.04390474167320925,Financials
2020-07-30,550.2758851553019,633.6837799674693,467.7345023820066,551.029373884756,2312720,0.1138039771548445,0.04230689621367961,Financials
2020-07-31,545.0503458912475,552.1416686671809,541.7226442691976,548.7911284062114,1362703,-0.004070207027216275,0.05894574247752845,Financials
2020-08-03,520.663946717323,567.9965515813552,469.5633889134411,516.5192026971491,1751778,-0.06060544446816972,0.05368580289767809,Financials
2020-08-04,561.8158069812608,624.8677306034332,494.1753587963776,556.6472177628696,1571071,0.07481921160953904,0.05437541108895025,Financials
2020-08-05,533.5021688723664,565.2303391918022,507.11657342527883,538.5929664632466,1302113,-0.032971556614108756,0.05748943754077626,Financials
2020-08-06,520.8137444985863,545.6537546757831,499.1481676318919,523.8613970707487,1214394,-0.02773298144240661,0.05391750063604079,Financials
2020-08-07,539.7293248066529,568.2949121403437,512.9795639790904,541.4594060028924,1529369,0.033040957875375844,0.05040878136617367,Financials
2020-08-10,531.1445338909642,545.9740787828785,517.388247994684,532.190697941888,1481251,-0.01726621791060262,0.04792277042968731,Financials
2020-08-11,517.386875301644,539.6603899134175,494.8712919684629,517.133916708075,1182674,-0.028700012408558243,0.04451956741328101,Financials
2020-08-12,526.9772647036638,555.5671617489364,504.0189915743625,532.3737840462267,1090565,0.02904397674184481,0.04253407002592448,Financials
2020-08-13,506.2594489540695,544.6475015659455,467.752261906958,506.13053974097085,1120720,-0.05055122453014362,0.04091271902627985,Financials
2020-08-14,481.9379809634533,516.5550378128844,449.2862215154416,483.77857627123274,1272507,-0.04516730469860713,0.04268951168288537,Financials
2020-08-17,531.5436873598632,613.3926686382581,452.6366801493879,534.1053811347876,1494992,0.09896584744507737,0.04317323636512658,Financials
2020-08-18,506.24118153614904,545.4365396287457,470.80180468438084,509.7514282151943,1216888,-0.04666995119365861,0.05531978411626007,Financials
2020-08-19,532.6693917245284,575.5135424312585,493.0463977560051,535.6675298149245,1698761,0.04959047717539893,0.05361842466352837,Financials
2020-08-20,524.5778272442225,540.8767167096565,508.6353671711768,524.9237438742034,1331990,-0.020260686142984118,0.05261967963311197,Financials
2020-08-21,561.5284088874105,614.4237980408028,506.2935865265257,558.9456858715344,1638222,0.06279930313552268,0.048750783154742725,Financials
2020-08-24,537.4162306622084,568.338848188713,508.25653417338975,539.0884202728619,1628519,-0.036172702925735094,0.050920270597343525,Financials
2020-08-25,529.2212842353026,541.4255097408586,522.2153179681753,534.3516266924822,1400678,-0.008825503276637236,0.048688487671197725,Financials
2020-08-26,557.8749936091102,580.1163380213168,526.8670673182284,548.7443932129765,1419599,0.02657864774605813,0.044812258273597284,Financials
2020-08-27,523.0524455584764,560.1574824857879,487.2309553607062,524.2537222917825,1383583,-0.045656976978057616,0.042573166086926476,Financials
2020-08-28,520.0511359458739,525.1940572552428,517.2324177857339,522.3628096414096,812904,-0.0036133858965147706,0.04315858557168265,Financials
2020-08-31,551.2707304789012,599.1351116121456,504.8020311965303,552.557911004627,1773327,0.05619586011396189,0.03990099360271838,Financials
2020-09-01,573.8002849816025,614.3761706760806,536.5958133379467,576.9664114678145,1794049,0.04322580825585655,0.04298101483771102,Financials
2020-09-02,542.7491408373454,592.0030654822409,494.87263080780343,544.0149013033235,1625510,-0.058807413870404106,0.04310643436993414,Financials
2020-09-03,548.2696302916854,551.3329334798608,542.9941600639152,546.0450339422894,1012913,0.0037248135089368753,0.045883314354897044,Financials
2020-09-04,531.5592064501976,560.6469419510914,497.6737324194376,526.4837300637014,1150598,-0.036481023058114126,0.04226468933168319,Financials
2020-09-07,546.31920806985,574.1698351837707,516.9169402016287,544.6842176784642,1684742,0.03398578059924252,0.04157731265904464,Financials
2020-09-08,562.491487724794,588.7501609276674,535.6711744157833,561.9023447810732,1407619,0.031121861427730293,0.040696355301173354,Financials
2020-09-09,556.0567554381848,565.7312420726538,553.7882587014083,563.432654517219,1263233,0.0027197424418651576,0.039626256530847066,Financials
2020-09-10,539.2974387925906,582.1077840937298,491.969596007323,534.3904133031469,1500302,-0.052921130618860376,0.0368415759049652,Financials
2020-09-11,536.9925495329207,539.9431260658324,533.4044678119941,536.3515221351499,1438891,0.0036630881073715107,0.04007415977941175,Financials
2020-09-14,552.6821266136938,574.7744850873943,528.8181286511563,550.836720729378,1804248,0.026648661632514708,0.03723927171405226,Financials
2020-09-15,517.6665507610012,565.6146807485064,470.46234702289576,518.3483097872564,1365590,-0.06079100361511661,0.03627579580457264,Financials
2020-09-16,527.1695236878018,533.8899500098393,516.1080264799906,522.7723976619689,814694,0.00849875422112787,0.04131680780365308,Financials
2020-09-17,505.31608220867906,528.9990724240448,486.3216268479324,509.83476320833614,1518190,-0.025059503717256282,0.03842521579853361,Financials
2020-09-18,510.68207028042843,513.9498552186178,508.21527605598664,511.4792104950262,1254647,0.003220260860261141,0.03708631251977445,Financials
2020-09-21,512.7256711252404,519.6287702939272,500.0840893436729,506.90887386854837,1603921,-0.00897568889491737,0.03466801368773127,Financials
2020-09-22,530.817365500397,562.3643834542574,496.05243762141754,527.3961279338898,1228367,0.039620680613467706,0.03276555183592869,Financials
2020-09-23,515.6851738815673,531.8055705888374,502.2914095082053,518.342780842563,1843996,-0.01731516960570732,0.034559150156384146,Financials
2020-09-24,485.66120490338443,537.1727702532675,431.7319377694193,482.9566444141441,1043388,-0.07070987597912093,0.03317288278694462,Financials
2020-09-25,480.448018839924,490.3535308681408,466.5425921642162,476.3639009545129,1051808,-0.013744826550482776,0.041597296860066434,Financials
2020-09-28,465.01360686729265,479.9114796920009,454.2981632087117,469.1018299216929,1434691,-0.015362193708364525,0.03889223731526669,Financials
2020-09-29,456.112241084812,474.0651591481232,440.97315546405923,458.8356783436197,892720,-0.022127719534919946,0.03668084579231531,Financials
2020-09-30,468.3635190202196,487.931575783951,450.8949425180106,470.38751037950345,1486667,0.024864698455808958,0.035352976596095896,Financials
2020-10-01,496.7226774391033,535.9411588946028,456.66375084472867,495.8101870984952,1917134,0.0526363210120837,0.03453410412560357,Financials
2020-10-02,495.3436119929782,499.48609862428555,488.9302837194129,493.05361947614125,566650,-0.0055752364365689484,0.038336285965903015,Financials
2020-10-05,481.06782647248684,496.6526847505945,470.209153417708,485.6896869639995,538620,-0.015048013962884669,0.03578266544747807,Financials
2020-10-06,480.28370150398206,487.54745019828727,474.6858457059797,481.930401598936,785085,-0.0077702071788999134,0.034033597016110244,Financials
2020-10-07,484.6365172794508,490.6274743388629,472.0664428427905,477.97505251830995,1145680,-0.008241168856531655,0.03218206019857096,Financials
2020-10-08,467.03156772704307,486.01446687294737,446.2888151640717,465.19715294584216,1299955,-0.027097239184195578,0.030638791237870923,Financials
2020-10-09,473.25126784303495,478.905110636567,463.31496558357946,468.91702803938296,1182109,0.007964539738478769,0.03100205603706139,Financials
2020-10-12,475.5050945889709,488.19516673638697,463.9271767810848,476.5908131235045,1256379,0.016232448316029196,0.02963810160598932,Financials
2020-10-13,472.4313852216267,477.28758108993105,470.34708452842455,475.19110490241655,1129070,-0.002941239381918436,0.029021673111580614,Financials
2020-10-14,469.18115108611886,480.9618857168323,455.56931198376293,467.3028849699184,1452997,-0.01673942584641625,0.02784068320859988,Financials
2020-10-15,444.5652912839811,480.91132111038394,406.3362029582088,442.51457361992993,1977529,-0.05450422474717454,0.027606415375188473,Financials
2020-10-16,448.13098866605407,448.7160112921159,441.55242613058374,442.1296141279743,972804,-0.0008703149166321921,0.033989673625787156,Financials
2020-10-19,432.8406825961074,445.75715147300787,421.81598838491976,434.6854695076594,785215,-0.016980372770666743,0.03200549871128618,Financials
2020-10-20,446.75576792686905,468.8817907748459,426.1807885153842,448.2385242092333,1723506,0.03070279988692885,0.031027915126884267,Financials
2020-10-21,432.4641687821106,461.2230291303515,400.28543860714535,428.8006767965955,1735882,-0.04433332273396654,0.031805416234211216,Financials
2020-10-22,428.0616055463987,433.3469833957126,425.34771741945735,430.61689486849644,909632,0.004226631699390099,0.034699915376845615,Financials
2020-10-23,411.80089935641683,439.3207593980214,384.47378273111957,411.9816482708374,1619744,-0.044240014479498,0.03264884322692828,Financials
2020-10-26,391.5745165493307,432.04206069405785,344.8111161226131,384.55301861951017,1750534,-0.06889713610807126,0.035303461635045955,Financials
2020-10-27,387.42014231646,389.7475771495266,380.714981694922,383.015958297823,449097,-0.004005014330868189,0.042533396611578574,Financials
2020-10-28,353.7137608155105,395.45791721589103,313.37418858945176,354.9745565226462,1599783,-0.07603053974689061,0.03936594826525641,Financials
2020-10-29,383.8807925816617,430.24574609605014,338.06570109985375,384.3720271517522,1608338,0.07956478915185086,0.04697700237764009,Financials
2020-10-30,394.6171945407495,416.6547490979087,375.24610727281254,397.15889411835695,1230983,0.03272553339611531,0.05305708579283087,Financials
2020-11-02,438.84067920340993,500.0220065808991,375.07892966225376,435.8422251482933,1569033,0.0929438712450973,0.05012671505964949,Financials
2020-11-03,405.13217507485774,448.9648032126823,362.9008508115921,406.5823151122449,2080571,-0.069493903243573,0.05836038494082108,Financials
2020-11-04,365.1680030142679,422.30193288459554,310.3928025621277,367.2190720735614,1903392,-0.10182780909347502,0.05957481021838606,Financials
2020-11-05,365.73935253036984,371.95075315525025,356.9185145183992,363.08483308239715,701963,-0.011322089682915489,0.06704223904197974,Financials
2020-11-06,352.0056799645916,366.9115677734732,340.36944612643714,355.17070777224706,1227921,-0.022037966052754206,0.060950454549804294,Financials
2020-11-09,363.14766131998636,373.73569599097897,351.5831672547379,362.14187699701006,1415700,0.019437519589151398,0.056078669028638325,Financials
2020-11-10,380.234771801011,409.12425126947113,351.7975968417722,380.6556029914358,1224431,0.04985897673086551,0.051696482193526905,Financials
2020-11-11,384.72977026535847,400.01126052506953,373.1787475121331,388.3514999379478,1415066,0.020015820013544048,0.051097051295019597,Financials
2020-11-12,422.53689359214184,470.3928267528262,371.37588284837875,418.8096766729075,2111821,0.07550572724958748,0.04742174478505488,Financials
2020-11-13,448.3757113155115,488.6885244090383,404.699746235268,444.6803112414621,1942202,0.05993903784432772,0.05248070816872109,Financials
2020-11-16,462.9075375840676,497.1862714591237,431.28887555598436,465.39753166212586,1926719,0.04553632487544885,0.05331306615237898,Financials
2020-11-17,446.20536253067587,472.4808410815509,424.443094160303,450.50869133333396,1115884,-0.0325145776628457,0.051815634228760656,Financials
2020-11-18,481.8053421317579,529.1789117974253,433.73171757595,481.0289482139268,1907354,0.06555008219164736,0.0490557603601448,Financials
2020-11-19,441.93020491314405,499.67852297852255,383.2840280482181,440.89738442667397,1993024,-0.0871152916959337,0.051669101897645967,Financials
2020-11-20,423.10544331724884,448.7361485485536,398.70312566036677,424.2668476873321,900503,-0.038449544973253036,0.058087158476014304,Financials
2020-11-23,450.4609374580365,495.963399493559,407.0819360841801,452.3978729002608,1420540,0.06419942739636915,0.05496407472296437,Financials
2020-11-24,442.2557521341544,455.0976190311984,434.1409709729517,446.89766518785785,1716978,-0.012232410955341123,0.05599173671020163,Financials
2020-11-25,474.86573426390885,522.0169029933422,429.3678896694304,476.37450046358026,1864736,0.06387467910974157,0.05128844358651064,Financials
2020-11-26,471.3999439933562,479.03162430405564,463.63124425247116,471.26066979808763,987430,-0.010792930586074358,0.05306976305889462,Financials
2020-11-27,463.1726895786633,475.70085339113115,450.3197411096364,462.8388757313597,1233140,-0.01803238704749541,0.04868873487262886,Financials
2020-11-30,475.2508657318301,498.67570529747013,453.70060706080335,477.04413098283,1478637,0.030230011452782105,0.04522443333190941,Financials
2020-12-01,474.8107080894392,477.710467891499,474.4129554883682,477.3106210939765,902981,0.0005584718208672256,0.0432813763068962,Financials
2020-12-02,451.85176757224303,489.13808947031964,414.48282341899557,451.76171421051373,858766,-0.05501261634010711,0.03998335668289407,Financials
2020-12-03,472.75676444963005,496.15083679344053,443.80876725958694,466.9136991786862,1283087,0.03298958238569781,0.04281230247011713,Financials
2020-12-04,460.43124747396365,469.678315798213,452.05058945816677,461.2821695057502,1198651,-0.012134505150371098,0.04158799677949936,Financials
2020-12-07,453.4632634121269,464.8275349353035,442.6679441193819,454.01898590116303,1560715,-0.01587092077612432,0.03880381570402551,Financials
2020-12-08,448.27132096225876,456.28780153998076,441.4119211378528,449.41096303443635,1336716,-0.010201262053647266,0.036638392561572405,Financials
2020-12-09,432.6040969803283,455.8079983616,412.9623940944734,436.0115839350561,902293,-0.030268942624381567,0.034489234693158746,Financials
2020-12-10,438.9598454692083,440.1408617356353,434.059247107087,435.2302288842553,583395,-0.0017936587725385419,0.03448241843194214,Financials
2020-12-11,416.3291528934029,443.4595392448213,390.65170269118886,417.6976837523765,1512411,-0.04111722663628202,0.03243011450028015,Financials
2020-12-14,432.9605516132765,454.64056753085595,410.2511142525324,431.8768658144307,993362,0.03338258853190574,0.03456824858363425,Financials
2020-12-15,435.2379825297164,439.02568479565946,430.6094622198131,434.3897829436503,1396977,0.005801733638423064,0.03497328452798684,Financials
2020-12-16,408.4673144684047,448.49943882678673,367.0353041404691,406.91532465338526,1639927,-0.06533713215296297,0.03291737415897721,Financials
2020-12-17,416.7469995906186,437.2971848704115,398.5088701029311,418.96211511948206,1543415,0.029175382195278054,0.04008969871318245,Financials
2020-12-18,397.39906227541906,427.9481914026616,369.23999287719676,399.63097238217574,1547919,-0.04723894622362674,0.03890279672808983,Financials
2020-12-21,393.2548421319457,400.82645337038707,389.6825052865255,397.2181140633765,1007077,-0.006056016714341471,0.04056439054961218,Financials
2020-12-22,386.3592757502593,405.46939073826945,365.32365050421606,384.33356996729907,1307569,-0.032974688219750525,0.03770778600363366,Financials
2020-12-23,377.0516675356293,386.7271763937401,369.8235199239613,379.45299490870417,880317,-0.01278011871937937,0.037424607008158785,Financials
2020-12-24,380.2652661462797,385.51500895443075,376.6387709571887,381.87317949595933,1468893,0.006357834055935028,0.03528428379525815,Financials
2020-12-25,402.06495053557,428.86560322270014,372.61430043679786,399.22569541767024,2019759,0.04443834700741813,0.03319710611541124,Financials
2020-12-28,399.69245639406887,400.2047186595507,398.3735046867381,398.8847317391329,648978,-0.0008544273766607257,0.03574707381399289,Financials
2020-12-29,409.27629239064606,432.634853800525,389.04043229017026,412.25187202615433,1203755,0.03296202015884351,0.03350212136465008,Financials
2020-12-30,416.25778011361984,421.50031172324753,410.4919732966371,415.72783049010854,1214475,0.008396290087673884,0.03407180542161209,Financials
2020-12-31,406.07891809758354,419.7490547620718,393.8064831384323,407.4356178959213,1457935,-0.020147865209133333,0.032237943371685666,Financials
2021-01-01,411.1014099370783,416.8476011540375,405.4450925372925,411.19006396922424,1400011,0.009172623044764112,0.03150108672953396,Financials
2021-01-04,421.587588800494,434.63052446173714,406.7726054480334,419.75896784648234,1326697,0.020625110111919257,0.030107728644676885,Financials
2021-01-05,406.316704383019,429.26399717528597,381.4179961818672,404.24848335690655,1660658,-0.03765091375722423,0.02981592752846231,Financials
2021-01-06,415.9679674856481,442.33973313321457,393.13068421675285,419.3185004353828,1653048,0.03660102869128287,0.031997348695151355,Financials
2021-01-07,416.14653789526096,422.7074393005063,408.392518010588,414.9343075817969,1192203,-0.010510562678919609,0.03346654380129953,Financials
2021-01-08,398.49746016483545,422.53714779291005,374.7484369010968,398.77177627046115,1175969,-0.03973094877261381,0.031821037575440005,Financials
2021-01-11,404.0295013356288,423.3897308115377,389.351551708125,408.5476420754541,1317585,0.0242192704228807,0.03386509987373227,Financials
2021-01-12,396.81970684341246,417.3919034150272,374.208043491527,394.6687275338636,1166302,-0.03456178581327803,0.03324848794364614,Financials
2021-01-13,391.8674787185621,395.77319588159384,388.54004344367723,392.44089162817386,757103,-0.005660817250031928,0.03411080644343464,Financials
2021-01-14,397.6195446363725,402.1273002449197,390.935360232803,395.41815904946253,592199,0.007557904147912083,0.03218142975021322,Financials
2021-01-15,371.722001426834,405.2256357572013,340.72624798010264,374.0368596373888,1825831,-0.055589487713499,0.030611824902816248,Financials
2021-01-18,390.31412545777954,412.4117146467228,366.4334485157656,388.4240301785004,1309913,0.037743256431429714,0.036238042589824486,Financials
2021-01-19,383.69950915143005,394.71478660291956,370.12125245887466,381.06077696714476,1580420,-0.01913872216629512,0.03693561418875887,Financials
2021-01-20,368.9753782333747,385.43244661477706,355.642928092073,371.99102978798044,946045,-0.02408914149436642,0.035303474040446384,Financials
2021-01-21,404.0999576505815,452.48803122916127,354.65912505332426,402.9039900883122,1721800,0.07982855506000018,0.034410917368618905,Financials
2021-01-22,414.2092148860661,434.5827859322048,395.14330514867396,415.4593336518353,1479460,0.03068644065557783,0.04475688458511223,Financials
2021-01-25,446.20258372561153,493.3781155293571,398.6665494842339,445.79946038263,1895718,0.07048447427899816,0.04293939473523457,Financials
2021-01-26,490.03451861212386,560.6586915286694,419.8790280712376,490.4445054711994,1506291,0.09544292340817226,0.0481688951849702,Financials
2021-01-27,502.40663921016414,531.1074070869929,478.05286618506597,506.5526589629668,1074796,0.03231615073583271,0.05764197008237359,Financials
2021-01-28,429.1680075904726,499.8186300452065,364.7928064519017,434.6248956914839,2163518,-0.15314493431641127,0.053988215489484,Financials
2021-01-29,454.8483221623176,486.876972862859,423.23535975350694,455.23699671470865,1334327,0.046334804913316804,0.07713486608148001,Financials
2021-02-01,436.5303593569029,468.74352265177623,401.4023057532422,433.38323099735203,1214605,-0.049195758636856025,0.07198518718652855,Financials
2021-02-02,405.92687263945754,445.4235987297078,367.39293835523523,406.8061921671542,1179047,-0.06328551089947665,0.06788613363273838,Financials
2021-02-03,420.8024219773508,436.31120994175245,401.559403767273,416.9252993192846,1296363,0.024570181720161906,0.06623881109404649,Financials
2021-02-04,416.5636619695158,427.75402098510955,398.5237696122319,409.5250467701299,1498025,-0.017909001732069274,0.06083270625729623,Financials
2021-02-05,396.5349528140537,414.8050488138803,380.3281013507249,398.51718133184676,1252029,-0.02724745338473551,0.05575485962609071,Financials
2021-02-08,363.84644517049907,416.759068172792,309.0948914467162,361.6945776082531,1860937,-0.09695046487261597,0.051944653766610706,Financials
2021-02-09,317.5004471133825,365.12551418038987,267.8725862102393,315.1442190708698,2412165,-0.13776977506926624,0.060568197429004794,Financials
2021-02-10,290.46510899165935,327.2330630382137,252.97722746260376,289.6408434821937,1445484,-0.08438868767908866,0.07669342781643389,Financials
2021-02-11,329.1528806204651,378.52581271353483,277.98762097425873,327.04425996971617,1584191,0.12145382863661834,0.07664021847187975,Financials
2021-02-12,357.226650178943,402.1811322384368,310.90753392959846,355.6655642093041,1755852,0.08389534960876176,0.0837354963173201,Financials
2021-02-15,348.96906561592664,360.64753599707655,336.1784161969255,347.8183780927053,1241881,-0.022310421432412745,0.08225005244802458,Financials
2021-02-16,351.24229592694496,354.3739306323677,346.77234441595624,349.8919395034585,904822,0.005943921032551532,0.07474436525809831,Financials
2021-02-17,356.04940052231535,360.78217692888046,348.3140109144982,353.00633749335395,1271971,0.008861647474802246,0.06763634851065656,Financials
2021-02-18,351.4616239761948,361.74637464532213,346.2814529760485,356.4920603564709,1079981,0.009825958505400701,0.06141270089549185,Financials
2021-02-19,384.55464327494786,437.789614065824,335.41904147062525,388.189567961779,1637269,0.0851818290128611,0.055961578642009326,Financials
2021-02-22,349.30249906234405,401.69787392169565,296.3923710884816,348.6969071629195,2343067,-0.10729071350877616,0.06077623076813074,Financials
2021-02-23,338.8159063813099,351.955303227267,328.93806908072884,341.9850720850437,1107198,-0.01943599678476404,0.06914979943490948,Financials
2021-02-24,344.0181137308131,344.5711613173921,341.80141927705404,342.3517880587836,1318970,0.0010717412145954187,0.06310324480692867,Financials
2021-02-25,308.6875385357583,354.99066931612197,260.1701082720145,306.08248032001705,2299085,-0.1119842192889022,0.05732179252705899,Financials
2021-02-26,293.60013434267546,311.07613105346724,278.17081596935736,295.5446254892548,1312011,-0.03503476683315533,0.06789477243701386,Financials
2021-03-01,313.9036167031447,350.3337981029869,280.8995488686704,317.0037770263101,1972561,0.07009384638743185,0.06302281596752998,Financials
2021-03-02,309.26229507917213,320.29767133561467,299.19004147809846,310.19503951309923,1328408,-0.021712429354926985,0.06335986396126064,Financials
2021-03-03,316.93275902906146,326.46735234250457,306.958163717211,316.4791094537333,810310,0.020055975159426667,0.058157478686970854,Financials
2021-03-04,330.88082710117897,354.71289204820795,307.7757532021513,331.56036659294443,1532313,0.046552659863370136,0.053536624685533794,Financials
2021-03-05,322.6280130703997,335.5357049833291,310.4159480103024,323.2982694824179,988005,-0.025234562334656943,0.05213452471471242,Financials
2021-03-08,321.8815258703467,329.88672574330224,317.97120477471583,325.92725580918403,1312387,0.008098882728270113,0.04868186935827774,Financials
2021-03-09,326.9256270254716,327.8747653338799,324.3526291966264,325.29703935030074,1542909,-0.0019354826295796385,0.04478591640895693,Financials
2021-03-10,313.01284724879145,330.4043099719301,297.22898068086124,314.54327084678545,1245051,-0.03361707931300928,0.041293880428260474,Financials
2021-03-11,323.99118523021485,335.1754372115969,310.75505809111814,321.8659463252204,1443810,0.023013490266070018,0.04041860774308477,Financials
2021-03-12,309.60453726076014,326.81129713453004,294.3505696886378,311.465634778367,1185816,-0.03284613269793034,0.03855352372540617,Financials
2021-03-15,298.1412177695199,316.6599468336884,282.0975735324287,300.48991401069065,1722219,-0.03587482101517378,0.03809107005976431,Financials
2021-03-16,313.21106655676107,331.78962339339665,294.06770122382255,312.61064309468145,903557,0.03954427502807428,0.03812865211450454,Financials
2021-03-17,297.39956894351735,319.4984893983172,275.6868395850375,297.7594831999923,1238734,-0.0486724071493271,0.03869880802789055,Financials
2021-03-18,293.90548411773966,298.32900219486424,292.20596764092875,296.61382466498156,763157,-0.0038550181802211618,0.040662374215976384,Financials
2021-03-19,292.32483367302444,298.3370767721029,287.1064847915283,293.1048044763084,1061936,-0.01190079956813397,0.03774880284564739,Financials
2021-03-22,299.20281198300154,302.9890729653839,291.84747615547434,295.5879934285635,1499980,0.008436331101053646,0.035513688171996155,Financials
2021-03-23,303.7906370019245,318.31430964560366,290.10961125762054,304.5969711361729,1864168,0.030022926050476705,0.0334612221897111,Financials
2021-03-24,310.33256862481784,318.4215997205351,301.8575459256611,309.93624661660465,1502372,0.017377123584036057,0.03362928969868722,Financials
2021-03-25,292.3790743991481,317.7053957469307,267.7048750429328,292.98044596687055,1948483,-0.056260750778013874,0.032404289285815444,Financials
2021-03-26,283.94011591021655,298.275926223402,268.98043052874374,283.2830672076347,1000930,-0.033659234253743155,0.037614108829147064,Financials
2021-03-29,267.0817489691175,290.31379275922137,244.7951463084698,267.95437401252786,1754373,-0.055629915426442855,0.0374406003422887,Financials
2021-03-30,271.46591773041126,273.9655449596939,267.1218095292878,269.60429515003455,1126066,0.0061385906812432885,0.041056570323710295,Financials
2021-03-31,278.24089333090114,296.03301582965094,262.3671926028091,280.05577568640297,1786415,0.03803347173514155,0.03813352747556135,Financials
2021-04-01,292.69300454396324,313.786396613617,272.31445143482426,293.36131298017705,1662194,0.0464162172031641,0.03847485516564923,Financials
2021-04-02,292.7991525036926,295.1793036751846,289.4039667076753,291.7757990851504,318387,-0.005419303417011528,0.04009265976375032,Financials
2021-04-05,281.2828759563535,296.561831462103,266.41449395229694,281.6728364655305,1485356,-0.03523945293743768,0.037287295704761435,Financials
2021-04-06,290.0815466986686,305.47538701402743,275.7567015619138,291.1002367890874,1128151,0.03292142111940948,0.03739714953414149,Financials
2021-04-07,274.40564484000424,298.5422203680582,250.72486212728612,274.8252282555677,1972847,-0.057532302166561966,0.03716733014222809,Financials
2021-04-08,277.628806298545,283.80501652400864,272.2420447237261,278.4032290207981,1220187,0.012935164873888686,0.04125073590626948,Financials
2021-04-09,292.79726282862885,311.0581413887247,272.1223751428302,290.22268508611097,1087468,0.04157798103184174,0.03855381101518026,Financials
2021-04-12,283.7317924216159,293.6889159071386,273.5621612872961,283.5115559171547,1250226,-0.02339562396947687,0.039350048933108284,Financials
2021-04-13,297.76710385544243,321.88678250366365,274.57124153502343,298.62415635499246,1120862,0.05193289659397693,0.03769408924445035,Financials
2021-04-14,304.94136041415493,309.86836982999927,296.98097631981824,301.8581699000102,844467,0.010771490425028589,0.04051208897935251,Financials
2021-04-15,288.37326611994615,307.8735973278287,269.5330428761331,288.9928921981654,1576904,-0.043555177628651694,0.037820460516409006,Financials
2021-04-16,280.9843878751575,292.16286983983616,271.29875432365617,282.4274919679298,1736832,-0.02298024129797252,0.03910073927278246,Financials
2021-04-19,302.54362152624105,335.7326679609086,270.18949581676486,303.2978814219008,1752930,0.07129357753714853,0.037447402751852446,Financials
2021-04-20,291.2139959158285,309.0951817230671,273.25689925617047,291.13311904393873,1242901,-0.04093481324848352,0.04454506154439983,Financials
2021-04-21,313.6087703552935,347.15238151733115,279.2097669076746,312.6509271032972,977111,0.07130670298545429,0.044031339370370376,Financials
2021-04-22,314.03099603487755,316.1013572320826,311.9577842340512,314.02812651291055,391764,0.004395237462429951,0.0491294612325166,Financials
2021-04-23,317.82190026052547,318.0808745855572,313.6018401327721,313.8575841703919,604617,-0.0005432273543126095,0.04509834681726763,Financials
2021-04-26,337.6118091514121,372.2893071362205,301.5797979714341,336.1022421149824,1793683,0.06847607626042544,0.04155878935813956,Financials
2021-04-27,325.334698805798,342.5990718152868,307.20378837840656,324.41960031609887,1152760,-0.03537766505870388,0.04674454333218918,Financials
2021-04-28,315.8566991023118,328.51965255828384,303.21720996532326,315.87926058888655,1181515,-0.026677686796809815,0.04511960486106682,Financials
2021-04-29,314.7806544176596,317.14683145442405,311.9376975303491,314.3002635131592,918578,-0.005011271613121351,0.042841309972727795,Financials
2021-04-30,306.7129419890707,316.54023000964787,299.95863186744896,309.71970612698186,910118,-0.014681067532438781,0.03964932784575986,Financials
2021-05-03,294.3595955290192,320.2654874483239,266.36626476990233,292.07071798955343,1817375,-0.05867175684159813,0.037282508237513244,Financials
2021-05-04,310.6465944494979,343.0724858641047,279.7851625483981,312.0696767272952,1366687,0.06623052787855788,0.04157336399686868,Financials
2021-05-05,301.29349584825684,316.9140998305499,286.28422856796016,301.8758232685518,584071,-0.033210734133816006,0.04626713843186949,Financials
2021-05-06,278.2745381640127,311.7037510791209,246.4544147088408,279.71851215566505,2118415,-0.07623196781402357,0.044474278051420596,Financials
2021-05-07,257.8779616547447,288.7739663162254,228.5877099230081,259.31993285190595,1903459,-0.07572122240506747,0.050537768689127995,Financials
2021-05-10,258.2200628894129,260.1487094569598,256.1046600959729,258.03190128381885,1521493,-0.004979335702955243,0.05480244866461989,Financials
2021-05-11,275.3534706334219,299.13240327212253,249.71963345173228,273.32323972183235,1728633,0.05757189739670397,0.050063617241636146,Financials
2021-05-12,282.09735540137115,294.5980072592455,269.04326445958355,281.51825447062663,809129,0.02954216955842134,0.05101246046342139,Financials
2021-05-13,297.26368143591725,318.5835769562616,274.12619309064036,295.305658236742,1450786,0.04781365692429409,0.04809082932699832,Financials
2021-05-14,298.67947986867915,308.04625077259334,291.0524763043642,300.3759271598371,1406751,0.017023831182216582,0.047886367168098055,Financials
2021-05-17,276.79780614376324,309.53407854437864,247.5152861826175,279.92114017301805,2041497,-0.07052685946491204,0.04447420547535854,Financials
2021-05-18,285.00906606472233,293.02009897034384,277.1241667057494,285.1318040128318,751839,0.018443622321315543,0.04927950535495509,Financials
2021-05-19,303.4519634370471,339.3305194969926,270.7823139910881,306.34897742001664,1922367,0.07177335763663407,0.045758068130909296,Financials
2021-05-20,297.1377468883857,310.66417159582215,283.7965284290007,297.3149948613491,724910,-0.029932735684809926,0.05047526987767155,Financials
2021-05-21,285.06009134532286,305.1353854635037,263.70070397358114,283.67871496454046,1444285,-0.04694985309573796,0.04767176937366103,Financials
2021-05-24,302.10600338574915,334.3163716611807,271.46029912751146,303.5265652702329,1835222,0.06762682395094553,0.04742068517038874,Financials
2021-05-25,293.72554586503963,309.5568757306092,277.03160447092597,292.81379230018103,1993398,-0.03593225056164892,0.050842749761171736,Financials
2021-05-26,287.80116658223847,294.58957944536763,282.43243436715943,289.19484904540815,590105,-0.012436206748418359,0.04859688423330729,Financials
2021-05-27,287.21751943277565,292.7953129343695,279.9309022043202,285.47485294510494,1244350,-0.01294673461565403,0.0448611704204403,Financials
2021-05-28,269.5147263287149,295.119999364997,242.49746184272354,267.95450599280764,1436233,-0.06333673212115441,0.041655280334846584,Financials
2021-05-31,273.526214452122,282.8419901593459,264.56610454101934,273.8705989777887,1368462,0.02183851598782447,0.04571499917081653,Financials
2021-06-01,272.2786590852453,276.8871525699649,266.2142496916376,270.7976765838015,381493,-0.011283767152868076,0.042935149195417674,Financials
2021-06-02,266.18090096745766,274.5846401021106,256.7861439664568,265.1575751357052,1072484,-0.021047688756302765,0.039922927489354304,Financials
2021-06-03,254.41940581664258,270.1789921160139,238.7010768945535,254.45826257770872,1684228,-0.041187447610075055,0.03796739248030502,Financials
2021-06-04,283.40363983017,329.0321663123617,240.89309385564448,286.11492722814063,2485095,0.11725674874597689,0.038828844812815635,Financials
2021-06-07,323.6723919839835,376.67265621136823,275.121533186386,327.5414401837985,2471933,0.13522100842537016,0.05803891040129672,Financials
2021-06-08,382.9161264118866,445.2878993249505,325.47870745010357,387.20686897821787,2663696,0.16734451339196096,0.0744145164896736,Financials
2021-06-09,393.77455085241814,400.7716113519069,384.85870212354683,391.82105047545326,887665,0.011846136296927668,0.09343791594354164,Financials
2021-06-10,408.7482823632055,431.9591685094168,383.83038953987887,406.93850708822623,1624462,0.03785685412061112,0.0842945131694388,Financials
2021-06-11,357.86055469856655,413.5103157815143,304.18147149378154,359.5741876360994,2138219,-0.1237415665384417,0.0774559434192402,Financials
2021-06-14,341.46159727502265,367.90778023792404,315.0833067098176,341.52462101803303,2073451,-0.05150074615654705,0.08483121377287826,Financials
2021-06-15,365.7981032754888,401.0914409347907,329.07357976070404,364.2140865657923,1874462,0.06432207155308257,0.0790880325482053,Financials
2021-06-16,346.9127441471378,374.93255826718655,317.2461344915658,345.12125144070154,1528717,-0.053846035913024094,0.07566064265659371,Financials
2021-06-17,341.7544867934017,352.25159012748196,327.7404491307182,338.12610552079076,1366277,-0.02047688957955752,0.0715159815376886,Financials
2021-06-18,304.69378463068267,351.7281928835498,258.98971693608024,305.85060250743464,1767220,-0.1003221635269763,0.06522671188452797,Financials
2021-06-21,325.76295529676605,355.9649242240858,295.1871697444114,325.35094013195595,1901241,0.0618076599078126,0.07080465824240509,Financials
2021-06-22,358.08600192654467,410.5533708140539,306.0402359923691,358.4541034192604,2143112,0.0968962123701443,0.06843732699741421,Financials
2021-06-23,328.98130951676245,372.58129768472804,284.6534336629428,328.1422166043685,1651082,-0.08835352628798118,0.07249321055790546,Financials
2021-06-24,295.4109643517827,340.2649180687558,251.0993196990153,295.882537451092,2031880,-0.10348455899127879,0.07399435318132325,Financials
2021-06-25,309.0255413205392,334.0880163078579,286.0186475297938,310.9386890278904,1726817,0.049633208725361956,0.07801595692306056,Financials
2021-06-28,291.11612782403165,319.752488519142,262.8315439621473,291.43675300049546,1851423,-0.06477273994470749,0.07306647616351136,Financials
2021-06-29,331.0392785004104,380.6951702754719,280.1481551301473,329.58606485899685,2140011,0.12301450678412958,0.07071275788112132,Financials
2021-06-30,323.8214977066834,336.73533937666963,308.1401436742312,320.9390341174635,1654230,-0.026586337970028993,0.0798130354868468,Financials
2021-07-01,347.41586679489484,388.04591929949595,306.38568125724646,346.96274100473744,1693987,0.07796621933138524,0.07281566803853567,Financials
2021-07-02,364.13570269421155,389.60619232179215,338.09763094587066,363.5254335953919,1338807,0.04663186359577197,0.07248107969010278,Financials
2021-07-05,340.2638852522198,375.07817071580354,304.8141473215838,339.55600570193747,1238270,-0.06821036450925484,0.0680366455360391,Financials
2021-07-06,302.4090182511569,347.7703709888304,256.6174365289247,301.90286650461735,1926364,-0.11753356709333053,0.06709013476369022,Financials
2021-07-07,290.069477175244,307.1501912704784,273.7462136194464,290.7865740667575,1725654,-0.03751575591419656,0.07598019383458071,Financials
2021-07-08,296.13475165515786,301.13008131090504,289.1145197245614,294.0751063890844,820155,0.011245622987119397,0.07021044562872679,Financials
2021-07-09,288.3342153059009,300.24291634166207,274.2724166186102,286.08835994964005,1550294,-0.027534484644557208,0.063738331840132,Financials
2021-07-12,295.1262895932041,313.69595163317786,278.5439843156477,297.00792275007416,1205522,0.03745810039585224,0.0588539049962399,Financials
2021-07-13,270.6783899580731,310.3272276067029,229.91739209464913,269.37536299331185,1956471,-0.09765300597699772,0.055511188957137345,Financials
2021-07-14,254.53192597332162,275.5124355397521,235.24255031099577,256.1039277391422,1587949,-0.050522478568098245,0.06321083859592071,Financials
2021-07-15,236.30553107301748,263.1789368241063,214.01941796508711,240.4974786808465,1894590,-0.06287372399264475,0.06065777954145061,Financials
2021-07-16,259.2650732090794,285.93668717241076,231.07292435168995,257.570177781223,1656475,0.06858261221022642,0.06030305755452928,Financials
2021-07-19,233.55009914335545,268.58261401485873,197.4206706546897,232.25961253492906,2541984,-0.10343645246783122,0.06094836507222028,Financials
2021-07-20,219.1478222775173,238.01086236459574,200.90823839986123,219.72337543256126,1819956,-0.0554863947938557,0.06838587221678757,Financials
2021-07-21,210.99068367168547,224.29050651205458,197.40085938681665,210.68117213036547,1541331,-0.042023412626326896,0.06559811747423536,Financials
2021-07-22,199.72242468139635,215.62984248762947,184.05997733663702,199.94958127823904,1250201,-0.052280716999253955,0.06170401521979948,Financials
2021-07-23,212.97417886955873,232.5127391521127,193.0598053134122,212.56040541906228,1430439,0.061160967607316784,0.05963136256106856,Financials
2021-07-26,223.48313161737946,232.231406173506,209.6398511128656,218.18055568472604,1777738,0.026096748310305742,0.0592099578999274,Financials
2021-07-27,230.49369561488922,247.21172857405375,212.38079785740175,228.989747325105,1867186,0.04835427396995471,0.054834399171183205,Financials
2021-07-28,227.01397936556978,231.30572915260626,221.84690757596968,226.12179033080557,1108367,-0.012603481656446945,0.05344314210117087,Financials
2021-07-29,223.48032982969283,227.57045934113333,219.2912859610751,223.37957139501893,1363971,-0.012201311004440418,0.04907914743143378,Financials
2021-07-30,204.33098304400687,234.81549873718126,172.05988824988555,202.23112177247657,2097055,-0.09946122785372821,0.04526964732148012,Financials
2021-08-02,199.66780333366546,204.6052102268228,194.0055608592725,198.92458948041573,1073039,-0.01648540496004569,0.05677458191668733,Financials
2021-08-03,211.88462253768606,236.89938432735573,188.98040755542178,213.7892804352201,2114058,0.07206505348035346,0.05214832507335415,Financials
2021-08-04,218.85313884892898,229.17426082721116,209.61422262853372,219.8915096370827,752581,0.02814342765499545,0.05526811048275401,Financials
2021-08-05,196.19159446760153,226.5154109153756,166.7628552974613,196.96992253510925,2179832,-0.11008324711172215,0.05159902234628984,Financials
2021-08-06,200.34228736601443,204.7842472438692,195.47078511188732,199.9030052918779,1058436,0.014781235774883545,0.06362165888966907,Financials
2021-08-09,197.4930478685668,200.9784786010953,194.23428724842285,197.71603849411852,1224412,-0.011000423070799898,0.058059840884673725,Financials
2021-08-10,185.9615449750298,202.8197458728291,169.7357571772701,186.54320612824344,1439520,-0.05816897179804359,0.05305570181425737,Financials
2021-08-11,190.06882298803015,193.45170879575483,185.41004820102762,188.76981396668904,1717885,0.011865476776755866,0.053474016007860795,Financials
2021-08-12,194.38866349797942,203.2826282301434,185.6349447656781,194.52286608128543,1469362,0.03002136227075568,0.049078454960176994,Financials
2021-08-13,207.14533384929132,226.6403770482927,187.6260842619292,207.118612652213,1458903,0.06274191759229618,0.046498904523776585,Financials
2021-08-16,214.3439201102315,225.86508133338944,203.02750030370143,214.53839414968888,1282634,0.035197078914765714,0.04919553568163279,Financials
2021-08-17,216.93228525245897,223.17484859751434,211.75887383839813,217.97653389242504,700036,0.015898698244447337,0.04713794373349437,Financials
2021-08-18,212.45009251855868,225.09643734142026,197.0252332458934,209.4957152421926,1610981,-0.03968412745142908,0.04376646984185341,Financials
2021-08-19,209.88538372653508,210.78785925267005,207.9978203094022,208.8960418143812,858515,-0.0028665662185440584,0.04322762544567399,Financials
2021-08-20,213.9068370089047,221.1850670212741,206.41787695153184,213.6886842659489,1049330,0.022683488800208942,0.0399516540536181,Financials
2021-08-23,208.1120555321445,218.71752613866704,196.0249370578336,206.55084792250264,1571799,-0.033973590427535914,0.038132516687446216,Financials
2021-08-24,215.93909695671152,229.5119304208801,201.8515905393918,215.38990456261666,989423,0.041903276295505616,0.03789989169002183,Financials
2021-08-25,234.7178089908718,266.002261407315,203.8760234578436,235.10906505214973,2051980,0.08759961778678572,0.03889092589199865,Financials
2021-08-26,235.3889789440958,236.27607939750953,233.63528722702983,234.51910944016737,920831,-0.002512438368732051,0.04960904402272016,Financials
2021-08-27,245.44037998160275,259.2502323895352,229.78336250320973,243.48308660783366,1521900,0.03751040587797758,0.04549497390989527,Financials
2021-08-30,236.8332999096609,245.2635891088078,231.47760389654678,239.8399024489443,1291651,-0.015075852973820306,0.044349618974904775,Financials
2021-08-31,242.5433408195829,253.69775005294022,234.28639692567492,245.34541468541528,1435261,0.022695445869610448,0.04132315530073453,Financials
2021-09-01,239.8111349087744,248.6852124641815,230.5092434416855,239.36688165264502,1426103,-0.02466962889715381,0.039285430132429015,Financials
2021-09-02,228.91698652948796,244.41828061732258,213.307763936826,228.8012187159638,756561,-0.045143858545530866,0.03776194652080931,Financials
2021-09-03,229.43744881263632,231.86699109933636,227.6007314405962,230.02556567089158,1101540,0.00533687178951631,0.0393251430854257,Financials
2021-09-06,214.46623617323903,238.07558383843346,190.21833298531186,213.7486901594762,1961334,-0.07338947794754841,0.03662575368543321,Financials
2021-09-07,220.54250406542053,230.90753021527428,210.18325047269113,220.5480176406136,951461,0.03131445836749456,0.04450908881827254,Financials
2021-09-08,223.70953047351637,231.66464328005728,217.05062092004917,224.96826635378451,1661809,0.019843915573236302,0.042801127150739054,Financials
2021-09-09,229.74085129117196,237.5844226499165,222.1458438176262,229.9814608597514,834538,0.022039346886897078,0.04030652969545561,Financials
2021-09-10,208.41261252902956,239.21973229461025,177.59369821128678,208.3987721156985,1840566,-0.09854528281420458,0.038373858166109165,Financials
2021-09-13,220.2496555697065,240.68667913792456,200.7239419161421,221.0867544571774,1978087,0.059101760690789464,0.052294534199874704,Financials
2021-09-14,209.37737023485963,226.41111579368462,192.49009851100587,209.51291198857336,1276129,-0.053769808726738116,0.053025723599571875,Financials
2021-09-15,202.67532634278317,213.43038668730813,191.4990938905658,202.2305520823421,1163496,-0.03537697636443758,0.05275472244437512,Financials
2021-09-16,208.33997058601167,216.64867906908054,199.39700933414977,207.679372828415,1225320,0.026587020114922144,0.05014158115426697,Financials
2021-09-17,214.98161692466434,225.7695495485969,203.96852288367916,214.744559810617,1759118,0.033453814263300324,0.047088989947849214,Financials
2021-09-20,208.57176024173282,217.62651081022582,199.67696169001744,208.72516991482746,1462672,-0.028430817739999534,0.04518597163679702,Financials
2021-09-21,214.84916569082242,223.59320067011654,205.73745930796636,214.4658957837078,1240711,0.027132321571364457,0.04306581400384649,Financials
2021-09-22,226.93478863174337,247.17568843103027,207.1160740876088,227.3230648685883,1831290,0.05822146724360017,0.04116012511799388,Financials
2021-09-23,221.97937879117416,232.65801294393341,209.55771883388866,220.14826463221638,1047924,-0.03207094944557923,0.04431462069094995,Financials
2021-09-24,219.84893875068434,220.1486417019807,219.84780907170708,220.14751048881266,738000,-3.4256218039735876e-06,0.0427236510066421,Financials
2021-09-27,232.01088906159362,245.94445539743413,215.37922542456405,229.14040282396326,1642178,0.040037104557741954,0.039499978304172685,Financials
2021-09-28,238.4972929127897,252.78452063255733,224.19073189521194,238.47672764875117,1453226,0.0399367991289024,0.03985779835903163,Financials
2021-09-29,252.41076111776368,278.3982100506437,228.32099835719382,254.14311375274906,1322429,0.06362582074259147,0.040126767384412176,Financials
2021-09-30,239.64033363466046,260.85993796773676,218.36100984832615,239.57481242818434,1693590,-0.05903181102344886,0.044669483188788266,Financials
2021-10-01,228.72298712277498,244.47744698348117,213.3367863424958,229.068034835374,1361055,-0.04484668251270576,0.047106298831355635,Financials
2021-10-04,212.1426726326679,236.43365717887755,188.24111035571937,212.49266245985163,1873355,-0.07511159661352022,0.04665711576523453,Financials
2021-10-05,219.28047853852988,229.01115745529765,209.16029144159762,218.87288311111686,1249841,0.02958366071198319,0.05184372626556876,Financials
2021-10-06,217.24246408379076,221.69893998631971,211.47104031299858,215.8999766508312,838519,-0.013675889506912451,0.04880057898885668,Financials
2021-10-07,215.52579541218668,216.99841649410982,214.86894240708045,216.3390848455202,947343,0.0020317846528145928,0.04509159235144512,Financials
2021-10-08,203.92352527624868,222.30647748585434,185.35594639706645,203.72060620201182,1908109,-0.060097536350789314,0.04155984339434444,Financials
2021-10-11,195.88539278900018,206.71987016126877,186.665524161688,197.42742182337184,1528777,-0.031378445311109116,0.0449837031344143,Financials
2021-10-12,192.91587407770464,199.31623251536593,187.15196070826832,193.53385519302938,1083484,-0.019918572959992793,0.04320321588342044,Financials
2021-10-13,197.97904171433936,208.17054552874384,189.20551353078295,199.3368456667073,1338870,0.029543626125219127,0.04065374180133889,Financials
2021-10-14,189.55533023172939,203.398905987568,176.8630303002687,190.6343563192127,1144534,-0.04463885704135214,0.039409456411551184,Financials
2021-10-15,186.49065664926277,194.2667873282786,177.67706987115514,185.40805931637095,1537062,-0.02779810641716873,0.0405139276967428,Financials
2021-10-18,178.3782634539991,188.43978731873491,168.98122740432956,179.00949760913647,1788665,-0.03512025836822467,0.0391025942616415,Financials
2021-10-19,180.44986946616467,180.94145144590343,178.84635384285218,179.33489841570358,590545,0.0018161349786250654,0.03883587496851429,Financials
2021-10-20,174.67595395854366,181.1867624866884,169.02388694881682,175.50777972321418,1641997,-0.021571627850078903,0.03615349083553548,Financials
2021-10-21,186.6111974151768,202.0512148163626,170.11581935135732,185.460640896592,1632441,0.05515931024880026,0.034863450616533405,Financials
2021-10-22,189.8525079334951,195.63953895002246,183.49875418596548,189.267967401583,1263029,0.02032114676639594,0.03909924011002875,Financials
2021-10-25,181.6008316989103,193.22557690678002,169.75147584990444,181.3608598294503,1530985,-0.04267508064846772,0.0372148197984426,Financials
2021-10-26,174.6029267081096,184.17754901722736,165.9004844141311,175.43369988234164,792783,-0.03322755411588527,0.038485433950488694,Financials
2021-10-27,174.93080326435353,177.21505004017476,171.64216114795624,173.91311900064443,1287618,-0.008705334654980862,0.038085606913433254,Financials
2021-10-28,171.77429772029907,175.06182038975578,168.42198534221873,171.70824383152964,815984,-0.012759078678968186,0.03566199925536881,Financials
2021-10-29,173.67178530999658,184.44983989426063,166.11702751422567,176.76071311410348,978412,0.029000134870443534,0.03379114774644915,Financials
2021-11-01,172.02516383389894,179.8261277640848,163.71986755010334,171.49687472786388,1332465,-0.030231871339157335,0.0337583249909333,Financials
2021-11-02,173.94156276807172,177.1820338314745,170.40525292546405,173.64010799078582,1777956,0.012419769075830589,0.03389387129932021,Financials
2021-11-03,172.6448586953573,173.91512198577618,171.8192916798937,173.08743860624074,1058931,-0.0031879200716903094,0.03228270758329371,Financials
2021-11-04,176.10043723675457,177.67277465675954,172.5661393925143,174.12080135627565,1199555,0.00595242671238073,0.03058206978417717,Financials
2021-11-05,171.10374897412177,175.51970710833157,166.83941089210913,171.2516821573256,1292116,-0.01661501908473713,0.02921515191458647,Financials
2021-11-08,162.9503555118311,174.97692405037563,151.22176211580583,163.22832349658702,2073961,-0.04798432160185831,0.028709387140651736,Financials
2021-11-09,164.03715947216705,164.1354939168016,163.19568089517023,163.29356958410582,755871,0.0003996429628139657,0.03323789096696781,Financials
2021-11-10,168.05915114064047,173.27796732925998,161.53245678275113,166.7093572152741,1195636,0.020702298975087793,0.031366062454829924,Financials
2021-11-11,159.81165697860493,169.52834935554944,151.08213901510044,160.74770111614532,1358543,-0.03641585821937536,0.030843989310144714,Financials
2021-11-12,156.29798911885598,162.5666844902221,150.73138298812708,156.97593315179523,1106862,-0.023743560456156578,0.03255761893519709,Financials
2021-11-15,154.33112364919754,157.4177210453445,153.0131325402478,156.08475389643863,1188349,-0.005693347644491097,0.03213350805707148,Financials
2021-11-16,155.4381490789073,157.1013221808735,153.31710018092375,154.97532106811548,871362,-0.007133268599425989,0.030510850580625526,Financials
2021-11-17,156.18881291128028,159.40465497224383,153.5345844307328,156.74104206574262,839580,0.011329144646892554,0.02919524157562905,Financials
2021-11-18,157.54825213791636,158.44023142944766,156.4430011176415,157.3337660692549,1130340,0.003774417379764508,0.028304454283592954,Financials
2021-11-19,153.43392527114548,158.74827774829677,149.13685245148568,154.4234911322424,1181000,-0.01867067669711283,0.027258955222405408,Financials
2021-11-22,155.78803816587214,159.89052907713662,152.51572485897736,156.60113671064775,1315222,0.01400327156231187,0.027326354259265898,Financials
2021-11-23,152.4588471526649,159.44157088935157,144.935019746524,151.89177099131314,1559589,-0.030533807940510454,0.026959181216229425,Financials
2021-11-24,153.2266607759072,155.48561115447467,151.0677000616074,153.3252611626155,1273438,0.009393320559086569,0.028658069990524393,Financials
2021-11-25,145.82341793581418,156.34618437046797,136.41464272369168,146.8698890596564,1533415,-0.04301446843635618,0.02775361510027657,Financials
2021-11-26,140.5411873546331,149.5222891631681,132.29648711928127,141.23678256961873,1288713,-0.03910929548146228,0.03152375604424038,Financials
2021-11-29,146.93117450717298,154.53446639097743,138.62906084942395,146.19421717972673,1359262,0.03449820143935607,0.033532496254646396,Financials
2021-11-30,146.72420244832634,146.92407730317913,145.86253675931775,146.06150886068863,750698,-0.0009081658036759299,0.03432290094728093,Financials
2021-12-01,155.54165096111888,168.87278350101317,141.39555189953444,154.65028765220907,1730122,0.057138532594619866,0.03228889806603086,Financials
2021-12-02,162.0878074915635,175.5603074900658,149.47456386330515,162.8850263991388,1648637,0.05187823325911317,0.0377330112330674,Financials
2021-12-03,164.87095239068984,166.1369699636659,162.4638223304946,163.72100967800603,1303578,0.0051192262983799424,0.040530565901364814,Financials
2021-12-06,170.1527396294505,182.84770721133506,158.64935516623976,171.26886567888187,1687278,0.04507081691528919,0.03765783304323291,Financials
2021-12-07,168.8349175693531,173.03320846560618,164.26426476098038,168.4530602997462,1021730,-0.016577498528125064,0.03923259731678915,Financials
2021-12-08,166.2084201884978,169.00650682655308,164.54817833467195,167.3350115469183,943314,-0.0066592769565783725,0.037048338321638175,Financials
2021-12-09,175.92269858972634,187.2833666829301,163.41492212077597,174.6963986927979,1209270,0.04305174255236678,0.034709010261793884,Financials
2021-12-10,181.17445202896704,190.2246613660952,171.58997706603404,180.6120949752521,961578,0.033302007119933884,0.03663045447714157,Financials
2021-12-13,172.23751025959743,184.43847020594973,160.19867572997904,172.38904396925503,1207159,-0.04659780366260281,0.03660308331130005,Financials
2021-12-14,180.17119121644336,191.98660976103002,168.28265053721776,180.0929372790042,1301671,0.04371922971263686,0.03869795682257591,Financials
2021-12-15,180.9563446055565,182.91042908021234,176.87027513128407,178.8010857166331,760246,-0.007199100898857768,0.03980868180175659,Financials
2021-12-16,171.63827520439347,185.69996423008484,155.42740771804895,169.29731013440139,1799510,-0.05461753410943714,0.03708852889368349,Financials
2021-12-17,165.68153798987635,173.27809518667033,156.67204569789263,164.20070623421879,1168945,-0.03056690278212384,0.04059443847656235,Financials
2021-12-20,154.05163214196176,169.01425917169152,138.95694865733054,153.90536959305618,1903580,-0.06475156769059248,0.03947755159626413,Financials
2021-12-21,146.64593007276451,156.53069023112775,138.55950590432417,148.35028372988307,1377945,-0.03676167107366678,0.04444880754066372,Financials
2021-12-22,146.19652098000077,149.2944915581528,143.33068631196429,146.424193904569,1471778,-0.013068412521382855,0.0433966618814033,Financials
2021-12-23,148.10476472136116,153.6271709750929,143.8006816043752,149.288681955049,988818,0.019374047486288962,0.04040091237624998,Financials
2021-12-24,149.24814173583715,152.10070608512032,147.5714658779164,150.41096687634376,1121093,0.007489432647402223,0.038237285913972636,Financials
2021-12-27,151.63216722623721,153.23185857300203,149.87456006919558,151.47256767013315,813968,0.0070332101515904,0.03575032541754702,Financials
2021-12-28,152.39781918139502,152.93834627967095,151.2926378069814,151.83115505157681,1625673,0.0023645443273811666,0.033613814432817225,Financials
2021-12-29,149.69337919835365,152.29663165000872,148.29936466688966,150.8914600313045,1303896,-0.00620831078804468,0.03169778347235844,Financials
2021-12-30,143.86582696677627,153.69638610177287,135.15610928145136,144.9226856030888,1434731,-0.040360373128944575,0.030159261431184928,Financials
2021-12-31,144.2926790949612,147.2354274924625,140.04993810805377,142.96562210523766,1086276,-0.01359620098057627,0.032741545441927325,Financials
2022-01-03,144.57088615508667,146.30151113829697,142.38600473713862,144.1111260372256,1202319,0.00798051405432486,0.03139005480253685,Financials
2022-01-04,139.51896569124963,147.10229723333418,131.4284688743574,138.9826498200144,1487962,-0.03623560665277185,0.02996367339113656,Financials
2022-01-05,133.741372538887,141.13426098479047,127.09841833670912,134.45582006588742,1380026,-0.0331134341656137,0.031862364270353896,Financials
2022-01-06,138.44079975826295,141.84305419964303,133.3179413142697,136.67684566922807,813052,0.01638367902776684,0.032812240610074844,Financials
2022-01-07,137.0845634633206,137.89296380250303,136.35479126818325,137.1627752455046,939230,0.0035490122627002125,0.03164772105311042,Financials
2022-01-10,142.62842217349936,148.10867579075017,135.31466947338097,140.72165896988642,1793239,0.025615528488818737,0.030052486111643253,Financials
2022-01-11,141.8433960383953,143.85308939012796,139.9629110785038,141.97091386610848,1309673,0.008838315176748277,0.03034707287625334,Financials
2022-01-12,142.9698884156137,143.51724338631433,141.7888108384469,142.3337303011538,854750,0.002552308866183377,0.029128563953614944,Financials
2022-01-13,137.38445385424498,146.4990976884775,127.14114426412158,136.17558694758262,1498103,-0.04422938005247899,0.027924106655041418,Financials
2022-01-14,146.62021019009694,161.4423588726086,130.94339866469093,145.66943106456614,1825785,0.06739475030213242,0.031894204723737773,Financials
2022-01-17,141.77513875772092,147.5276080247361,136.04572556250685,141.79729927911185,1653664,-0.026941315877226552,0.03993870417540828,Financials
2022-01-18,143.60500691707952,148.76306589829312,139.43734850769368,144.56747504779767,1520847,0.019347785980713718,0.03853511707712972,Financials
2022-01-19,150.73165026946296,161.5720003130379,140.47405217389834,151.27727156848394,1403860,0.04536803463739304,0.036662170174060905,Financials
2022-01-20,153.24695689734415,156.16083740526753,150.2939734590063,153.20709604146526,977355,0.012676186494088325,0.03852311724830164,Financials
2022-01-21,155.92229626235206,162.3217527566473,150.4597487068436,156.8274927459155,1198237,0.023355853894118546,0.03621225352868905,Financials
2022-01-24,165.70011529238968,178.8277446529444,152.23470288384817,165.3332687430044,2091060,0.05281681845298279,0.03508398824491528,Financials
2022-01-25,160.69716561497734,167.10872831230066,155.27980674783691,161.65894627836025,1934458,-0.022474401239576107,0.03877049692304426,Financials
2022-01-26,161.68150503333533,164.45697926953326,157.07592488161143,159.81943424024885,1423506,-0.011444204190725383,0.03712527376315826,Financials
2022-01-27,145.54876072720185,165.93142880842183,125.28580886778339,145.65384707755877,1750055,-0.09281174573698028,0.0349610387864178,Financials
2022-01-28,160.49782897197943,182.68102227688243,137.6379674436909,159.71263527021446,1806777,0.09214327465565847,0.04868184886004444,Financials
2022-01-31,155.64203632905193,163.7029357138406,146.3012758299487,154.2922690473056,1333962,-0.03452751615142776,0.05717950145275827,Financials
2022-02-01,144.43496564055198,158.569913188968,130.7570245914129,144.85243768254105,1259205,-0.06313310163956976,0.0537998021822279,Financials
2022-02-02,156.039162144917,174.57007999558996,137.98589346754764,156.4672794183072,1753917,0.0771313578344,0.05489447376806084,Financials
2022-02-03,170.46427438522306,192.36535855921377,148.55930614610813,170.45981773386734,1584560,0.08565268491194286,0.058336177063847736,Financials
2022-02-04,161.82150112922764,174.97751100152175,148.33968191017436,161.46685959723027,1844085,-0.05419967795992689,0.06263341766527962,Financials
2022-02-07,164.54708092824276,168.25815677368385,160.21616650395768,163.9129404026622,1076074,0.015035517796309678,0.06065473411359295,Financials
2022-02-08,157.95035138111032,166.3251891185753,150.51912284323734,158.85156060111547,1731977,-0.0313652506326395,0.05547168138449561,Financials
2022-02-09,160.9447572216861,163.72465046380918,157.91577635143653,160.69129164894724,1199001,0.011514896125896713,0.052050483096563495,Financials
2022-02-10,171.60895198763737,193.89325254233398,151.62120778188768,173.6659270610778,2095437,0.07764841314801031,0.047825632848787714,Financials
2022-02-11,177.11773588867158,181.50965123007447,172.18256723438233,176.56066922378278,1156578,0.01653105797815557,0.05323743359301093,Financials
2022-02-14,167.4530997566185,180.69559590354828,154.3649303125812,167.5962386903868,1369988,-0.0521068066742671,0.04907515512087323,Financials
2022-02-15,161.19016792345482,170.54458341929774,151.99984971225612,161.3454138055841,1701040,-0.038010251409225516,0.04933522651593517,Financials
2022-02-16,167.43549304642056,176.4542915555428,158.23602487446144,167.24453770447266,1421017,0.03590954480450499,0.04758033776815573,Financials
2022-02-17,159.9958482164762,172.40739642776754,146.49518844851218,158.81514452844107,1800175,-0.05171612617721765,0.04587521275062865,Financials
2022-02-18,156.02811909630955,161.0176527946017,150.49367503945908,155.46520771775084,1303315,-0.021318950828396493,0.046741970133371974,Financials
2022-02-21,150.7879524305327,157.32952404324485,145.0793124848941,151.5905006437914,1565874,-0.02523915142035211,0.04377241217048437,Financials
2022-02-22,157.26100234545925,171.69130740444538,145.25021805865808,159.5088445251846,1417136,0.05091656167206999,0.041573687212480136,Financials
2022-02-23,166.96346965194314,178.0494451869899,155.6577687171859,166.72811742669626,2123995,0.044265074103362924,0.04326166446900493,Financials
2022-02-24,164.7733984502281,167.48587964925525,162.48460174779294,165.1912783560341,1368215,-0.009260381121234215,0.04348754773391393,Financials
2022-02-25,150.58421457243654,171.36419905501015,130.21712228401452,150.94791490267158,1652276,-0.09016922234623159,0.040321168697151265,Financials
2022-02-28,139.82263981039375,156.28976497595724,123.11468051262865,139.54965595379173,2154997,-0.07851434831008629,0.05118799287784126,Financials
2022-03-01,142.44467856776598,148.35286370643817,137.1589795563123,143.0448925370086,1350130,0.024738020236345516,0.05586451400910219,Financials
2022-03-02,141.71626233737538,143.14739466043378,141.41073463085573,142.83944547058516,510025,-0.0014372742712820672,0.05185046371210788,Financials
2022-03-03,142.22758409523723,142.8919833507294,142.0704141255638,142.73425348114256,354136,-0.0007367064585174772,0.0474456144794029,Financials
2022-03-04,140.4502367854599,143.46704692389628,138.24098220549755,141.2452863704508,1180166,-0.010486535447365226,0.04359989079256282,Financials
2022-03-07,143.97055109981594,147.3552402726633,140.10339808887292,143.47647165466913,1437958,0.015673062520962983,0.04046301392076535,Financials
2022-03-08,155.73603160184442,172.912843826743,137.39170454679999,154.4237831112653,1603737,0.07352960026109182,0.03803486728988998,Financials
2022-03-09,152.15076012688698,157.42451614463207,145.66605819121546,150.89633406473672,1886512,-0.02310758975000411,0.04547868974575925,Financials
2022-03-10,143.92818036434437,154.06782329141447,133.9563072153186,144.08507958772216,1083312,-0.046189116098425756,0.04283390108781823,Financials
2022-03-11,146.8489226479715,153.3187887875487,141.31494070621218,147.75081900270263,1452060,0.0251232438616544,0.0434489313195834,Financials
2022-03-14,141.89577457793152,149.9958132847948,134.98765239924577,143.03235717209984,1705664,-0.03245632084175363,0.04129072914796884,Financials
2022-03-15,148.8104383061977,159.29845282343493,139.00793074413613,149.45357994828257,1066406,0.04391496400224109,0.040273457329166144,Financials
2022-03-16,146.44505879255908,150.39784915070763,143.59592488510066,147.52765303741938,1085285,-0.01297020616900996,0.04107115413149542,Financials
2022-03-17,159.73762575538376,175.65256082745037,141.95149033487795,157.6593646718773,1393736,0.06642114946017025,0.03840189706986409,Financials
2022-03-18,160.47409464051904,163.18876817444888,156.75016068957717,159.44746719386347,1774622,0.011277722800102736,0.044062795226733974,Financials
2022-03-21,157.61208868159608,160.80752982324015,154.11761185015396,157.3068648575442,1111325,-0.013516057760854511,0.040893789177427246,Financials
2022-03-22,159.77504847085763,164.84968087609738,155.2473747318906,160.3069346516823,1619464,0.018891868212212785,0.03827850790247062,Financials
2022-03-23,164.39695152714407,171.30091266053188,157.77623665741558,164.66923229940642,1265833,0.026848490024606972,0.036410585500287515,Financials
2022-03-24,164.22139894888986,165.99428344018926,163.43056455738315,165.19874249464488,774127,0.003210439875958031,0.03561896688099208,Financials
2022-03-25,161.4202051275122,166.41116559434914,157.75621418694988,162.71772298949384,1506738,-0.015132310265074852,0.03341428855991011,Financials
2022-03-28,158.0354385748324,165.07136320611684,150.92657579735211,157.95910182631013,1611716,-0.02968078845578175,0.032055573089023466,Financials
2022-03-29,161.4147109585929,166.67067508447715,156.16537686860238,161.4211321715613,801868,0.02168052737703323,0.03246829520249116,Financials
2022-03-30,169.89493525585817,182.23711530624703,157.1227666619358,169.43126278203113,1653367,0.04843063756551184,0.031841151750318826,Financials
2022-03-31,161.421981632521,173.07402085927865,149.95340634750463,161.593275620822,1553856,-0.04736478129777362,0.03553753162615209,Financials
2022-04-01,165.17220167673796,170.44610695217392,159.799262152031,165.06990099335584,1151003,0.021286492609523807,0.03803743287041986,Financials
2022-04-04,165.95423110714594,166.5065859219652,164.15583904812738,164.70403275736123,1226922,-0.002218904216880726,0.036406651241767,Financials
2022-04-05,160.25784897852867,166.7007861360511,154.1205375976892,160.55220206823287,1647445,-0.02553098613664669,0.034074828452983846,Financials
2022-04-06,156.21141424233087,162.55792367088145,150.0364295123271,156.37641645869292,1592099,-0.026353109384715082,0.03356560494385091,Financials
2022-04-07,155.0252495379464,158.2347671267693,151.03980180618257,154.23291555194194,1129685,-0.013802128356031857,0.03324895222911165,Financials
2022-04-08,151.69837079116874,155.70928217033187,147.53144462320117,151.53811893650763,854507,-0.017626695036317187,0.03182717504806947,Financials
2022-04-11,146.0186008588601,154.0157194554019,138.3272817265957,146.30909876504435,1804928,-0.035115704834978584,0.030935098414549517,Financials
2022-04-12,149.22527396487052,151.61832240188613,145.5101769366472,147.8816788343832,1447797,0.010690988076541523,0.032412206960385964,Financials
2022-04-13,144.62444854123598,149.20468932171673,140.59474257073853,145.16005949377285,757121,-0.01857549449000877,0.030944878606034742,Financials
2022-04-14,148.20167535629236,151.37127990866762,144.09545177674565,147.2445869810939,689389,0.01425806892198397,0.030295639271783543,Financials
2022-04-15,147.9766718931959,148.30645333531274,146.69832007330447,147.02598280566605,532837,-0.0014857361767348358,0.029406708189058387,Financials
2022-04-18,143.6693400464202,150.65607290068775,135.4138963231277,142.3357771520112,491909,-0.03242043084028982,0.028144887653198683,Financials
2022-04-19,137.72685254249845,146.08379106977483,128.3987428147925,136.6929463693882,1270924,-0.04045175104686627,0.02985582708935465,Financials
2022-04-20,137.85393351974076,139.00324969286464,136.30883088455542,137.4548195637674,982104,0.005558135067454347,0.032535333921218657,Financials
2022-04-21,137.37975290964323,137.73055931215794,137.2145054612488,137.56508893204213,1241352,0.0008019010317244033,0.03084594450663443,Financials
2022-04-22,134.083415946789,139.19197715060636,129.0810156685446,134.18575865812534,1396604,-0.024872080527490896,0.029347475032697426,Financials
2022-04-25,127.67219299634287,137.1553498878477,118.30525659196134,127.78046954864602,1225346,-0.048911388792127655,0.02969532776550442,Financials
2022-04-26,131.7711540522927,140.0438742998973,124.40662443306415,132.63127364234066,1343003,0.0372591896013193,0.03412181979198634,Financials
2022-04-27,128.4443878787804,134.27428428782423,123.41203863247617,129.21186586280206,1386146,-0.026119471258661243,0.035209032224636505,Financials
2022-04-28,124.50493074077185,130.83115247040163,119.56689031572547,125.84015516915265,1367603,-0.026440936358457585,0.034555387090599896,Financials
2022-04-29,126.82996226008882,128.13692092993816,125.401939298833,126.70763743459108,1514111,0.006869873367247251,0.03406065602585715,Financials
2022-05-02,126.95977451711127,127.38460454683499,126.55348011378827,126.97825101535224,1334706,0.0021334547621787454,0.03217424288373713,Financials
2022-05-03,128.57990577147706,131.71740677528942,125.73435965739124,128.8655394266936,1465888,0.014753710786625131,0.03047668401412311,Financials
2022-05-04,132.03602071294168,139.3720428669233,125.73952258913545,133.0282286011087,772148,0.031791820089738486,0.029592455323843483,Financials
2022-05-05,122.24977255321684,138.4435219046386,105.65223751055885,121.78433261474254,2261835,-0.08830963588294842,0.030857393009904175,Financials
2022-05-06,121.44072788559444,121.80279279734421,121.38547007103647,121.74739544328143,753645,-0.00030334586822759654,0.04507251636153661,Financials
2022-05-09,113.67603367187566,124.95839984003584,103.51094160026582,114.7015999937068,1789975,-0.05961439565441579,0.04153599869674683,Financials
2022-05-10,115.12159136443772,115.1609944309765,114.63617974577434,114.67543010315009,1416804,-0.00022818231327865487,0.0448695083054752,Financials
2022-05-11,119.29601756773272,129.25221934881174,110.54749864696387,120.42118666647634,1450911,0.04888969528146901,0.04135971506835245,Financials
2022-05-12,128.67241434221475,141.79096074751521,115.69233447325581,128.79819273839396,2109633,0.06725129565294062,0.0427437851638747,Financials
2022-05-13,123.68484945804968,131.19455518732548,116.18963365378151,123.69851147437544,1065225,-0.04039953606341699,0.04732901278453064,Financials
2022-05-16,133.0652491838372,149.24722592408634,117.57239196216904,133.6825016695893,1884057,0.07762035200371968,0.04622603961024036,Financials
2022-05-17,151.5430594311948,174.274518345874,128.15304786605859,150.76829160712776,1973326,0.12027656762932298,0.0520885327804039,Financials
2022-05-18,161.029882651507,176.39953550032348,145.33792850944062,160.67357304317557,909848,0.06363064459730837,0.0666373776935725,Financials
2022-05-19,156.51098090333028,162.53469807923196,150.79813277894033,156.81090244060502,1591092,-0.02433417383418195,0.06526684399050572,Financials
2022-05-20,163.97518328173066,173.80389571898337,153.42148896703586,163.2039749914712,1433774,0.039960162428423554,0.05997192294743965,Financials
2022-05-23,151.9930229595763,168.37498429699903,135.51781698214654,151.8885142672918,2128507,-0.07185400583279691,0.05671708226634027,Financials
2022-05-24,154.3482246071117,160.54134122437353,149.16620073141198,155.3264740053132,840349,0.02238239275245049,0.0587189207988225,Financials
2022-05-25,144.48511255076943,160.4369791951984,128.3726070383091,144.30453728587298,1138335,-0.07360327701039689,0.054161564357221574,Financials
2022-05-26,143.35366937790207,147.84559228717313,136.8930859904207,141.32132634256183,1170628,-0.020889700876460384,0.057091123661192254,Financials
2022-05-27,138.659585447048,142.0724016261103,136.40001282162112,139.79433728103444,1065906,-0.010863884710371087,0.05265903589246803,Financials
2022-05-30,140.08675508866168,141.4925559960062,137.46870211073664,138.86221448811816,1003953,-0.006690144291679623,0.048333040950776354,Financials
2022-05-31,148.66099642733963,162.07366386294473,134.1656196586774,147.47091408404287,1715619,0.060148784854767455,0.04444749692205472,Financials
2022-06-01,142.66253500469585,149.9829074377841,135.19886767917316,142.51148959342493,1160753,-0.03420833850011745,0.04715024320228493,Financials
2022-06-02,135.98122354481225,144.66842761059553,129.3887134914515,137.97906036631258,1500181,-0.03232068801610788,0.04532160534081384,Financials
2022-06-03,154.91564292336457,179.9446650458114,131.67829648485989,156.47362177896645,2363626,0.12578550767271598,0.04358821354001533,Financials
2022-06-06,158.58849060955788,160.32174393177942,155.8952330092429,157.61787826613536,848506,0.007286166924049906,0.06319212750620455,Financials
2022-06-07,146.75932225048078,162.4927791609394,131.01395145602888,146.7459777590272,1582561,-0.07147056222934221,0.057467897275566816,Financials
2022-06-08,152.86300861787942,163.50981338007446,142.749602950044,153.36330794471897,1385474,0.04410661877052056,0.059230512099987975,Financials
2022-06-09,138.67155058660262,159.41340345318739,118.59555318705011,139.25319868921133,2487441,-0.09651581892429922,0.05655450400990767,Financials
2022-06-10,130.37564351571044,143.6719627972659,116.83187065831108,130.1000874395036,1420464,-0.0679897917689063,0.06368692985565835,Financials
2022-06-13,121.02981047923772,134.57748338212502,107.22907196528234,120.74484700868314,1902977,-0.07462444086705049,0.0635469259309097,Financials
2022-06-14,112.91254744306559,124.26994603858977,101.55926297155764,112.916285688857,1514958,-0.06703290719886652,0.06454371009186571,Financials
2022-06-15,110.04773784331138,113.99402654293935,106.76781028138649,110.69481316714074,1308175,-0.01986972578872956,0.06408372653855286,Financials
2022-06-16,115.22579997233079,122.99370282626872,107.80442768315717,115.55136199551951,1151873,0.04293813995913943,0.058690715672006545,Financials
2022-06-17,120.79438398881028,127.6711924164696,113.18840608641109,120.0211970851146,1568440,0.03795324584127664,0.055966352966281885,Financials
2022-06-20,114.78744110396794,122.15780780480756,108.15791648338327,115.48783224080074,1425574,-0.03850319371077076,0.053121120676811934,Financials
2022-06-21,110.15175169443388,117.92712393337418,102.47824263932428,110.24698091829254,1228577,-0.04644204585686037,0.05079229428227971,Financials
2022-06-22,108.57211125693632,112.48559887114257,103.74981458701161,107.62931921100221,1506902,-0.02403003600648392,0.049873993927414435,Financials
2022-06-23,102.79745297373628,109.87082572713322,95.74699030507877,102.81889260092314,910553,-0.04572397768427743,0.04665349516154555,Financials
2022-06-24,107.31855373280058,113.12495702351,100.82795520599014,106.59522314735386,1539146,0.03606958342708746,0.04642026722156529,Financials
2022-06-27,105.7018457895184,106.97691767769635,105.47500826142507,106.74783544228055,861910,0.0014306752885849385,0.04493356423018061,Financials
2022-06-28,113.32047948122471,123.53560452066449,103.13005319464828,113.34314043168624,1776783,0.05995048340322171,0.04141892297379808,Financials
2022-06-29,112.67250021977802,116.59817949210056,110.74864404145734,114.64071648849898,1174792,0.011383174980987763,0.04485009267871728,Financials
2022-06-30,113.81648507523337,114.7169454492306,113.5888357447207,114.48795308617697,1637423,-0.0013334291622295316,0.04157717103806837,Financials
2022-07-01,110.62518448341947,115.87976763759747,106.37624547505222,111.59363208304742,1716461,-0.025605616106364307,0.03851227890196367,Financials
2022-07-04,115.24319025102845,119.64846105143944,110.09815155481269,114.47402016212385,1091069,0.02548391097015625,0.03721429345568829,Financials
2022-07-05,113.48273715163107,114.82651303542524,112.42122465482741,113.7623847275826,1081143,-0.006235970471205187,0.03612945291137267,Financials
2022-07-06,115.38196180498002,118.82203259547624,112.34590554202708,115.77561802002421,1786974,0.017542061835075565,0.03391316843495661,Financials
2022-07-07,111.89513423623437,117.05661951462541,108.00283246751039,113.12165296818496,1543247,-0.023190175904679377,0.03265334568849006,Financials
2022-07-08,112.54450437674679,113.34235997543271,111.88055083603568,112.67762111578753,1284355,-0.003932983633973526,0.0321505898312165,Financials
2022-07-11,118.92792104091544,132.4433034742735,107.06177116222507,120.42752876518442,1909493,0.06651732004187641,0.03048357910803557,Financials
2022-07-12,114.02759056674503,123.22704414677251,105.18891948338735,114.36241933309155,1332606,-0.05167562832484847,0.03882115346073198,Financials
2022-07-13,110.56048438540553,116.66620984427496,104.14113292793608,110.22852591192456,1605163,-0.036816803597358415,0.04130642987759344,Financials
2022-07-14,114.51611867544163,120.1798076227106,108.28914888516876,113.92352982808085,1197274,0.03297171328530516,0.04084480962686698,Financials
2022-07-15,113.28039782647807,114.02636627126462,112.9725155868504,113.71729659432465,1143738,-0.0018119183049907718,0.039971350493938275,Financials
2022-07-18,114.0721735558488,114.35031541905123,113.25576949637772,113.53259570841695,1130956,-0.0016255314773223539,0.037130304946754775,Financials
2022-07-19,113.88772038662627,115.17594884952796,112.90317565548996,114.18880131241637,1173922,0.005763247801103141,0.03468896062494185,Financials
2022-07-20,120.883559621503,131.12528282508998,110.58741915809863,120.82410514854283,1192550,0.056482581175111624,0.03267478301647237,Financials
2022-07-21,127.5793503347085,137.64173877038652,117.30308276159518,127.34715779872732,1829437,0.05258107161950088,0.03785043530224325,Financials
2022-07-22,129.1120557062688,133.62135081236514,125.35422167537173,129.8422639151726,1321107,0.01940347610113274,0.0407534014034866,Financials
2022-07-25,134.23427045620423,140.65180201812095,127.6386985642875,134.04729092585416,1533632,0.03187229580099685,0.03853759221181374,Financials
2022-07-26,131.72867685055886,134.86540732353933,129.25530997454823,132.37981454170836,897569,-0.012517481311562745,0.037953831120601966,Financials
2022-07-27,136.5279249311746,143.61797115735638,129.75564948066665,136.83067806404506,1963844,0.03306906116543281,0.03571971077910259,Financials
2022-07-28,135.24001307715952,137.5059442987349,133.19684868016623,135.45946449738406,589546,-0.01007179433810316,0.035843445864881085,Financials
2022-07-29,131.93450472085038,137.89747159959856,125.49825626382126,131.43881996782096,1430885,-0.03013094459944213,0.033808552843227195,Financials
2022-08-01,132.30873320272786,132.60868827187147,131.33919182332707,131.6376254344977,919200,0.0015113896207389736,0.033920431448476986,Financials
2022-08-02,130.00907006450308,134.1134685043893,124.82677614041117,128.89603599102466,1626055,-0.02104672870310683,0.031950261039755415,Financials
2022-08-03,127.30475474768335,128.95824227836337,127.26789744619984,128.92091706519895,1482597,0.0001930134846183542,0.031354426525965,Financials
2022-08-04,131.86688730724114,136.37823899045497,127.37279262916243,131.88357556746251,1306284,0.022720359749893164,0.02977390868442531,Financials
2022-08-05,128.19203852424585,133.53551731260836,123.11045100660002,128.443944147751,1419986,-0.026426953270761378,0.02977617710105651,Financials
2022-08-08,128.4448659569776,129.42270829570793,127.85903030293954,128.83509282113377,1383897,0.0030406595061794875,0.030233328580873076,Financials
2022-08-09,125.30783602054026,130.96293725469525,119.37467336601921,125.01663269009342,1272792,-0.03008644638008655,0.028855331694473855,Financials
2022-08-10,120.7362467764684,126.92255008216988,114.83718245327869,121.01010527908674,1551746,-0.03257273315837107,0.03003137146594806,Financials
2022-08-11,115.2772547818755,122.57775858662967,110.54183517535586,117.74112675342985,958965,-0.027385683414476843,0.03131539652489769,Financials
2022-08-12,117.46460573663028,119.76443392746437,113.93893666684107,116.21428494748928,1270168,-0.013052602392647945,0.03157561711227434,Financials
2022-08-15,117.69354939443318,121.07228844001575,114.78039465443372,118.14788789791588,999471,0.016501356021568825,0.030383733167598837,Financials
2022-08-16,123.35759699008102,130.82258597916945,115.56775961141307,123.01182414558446,1054602,0.040343354989795355,0.029654362335792377,Financials
2022-08-17,124.2915772988299,130.12704306074397,120.05582662598299,125.8385721269859,1292513,0.022719429934569883,0.03236731234144822,Financials
2022-08-18,131.2049352093398,138.96919292345981,123.15591592362065,130.9022625060632,1111067,0.039451045047617206,0.03186754149679368,Financials
2022-08-19,130.95191235362913,131.73086040105537,130.45556955760208,131.23345050010178,1411301,0.002526845094539784,0.03385099561522914,Financials
2022-08-22,132.51447627630125,133.76256825085855,130.8162486171913,132.06006066327842,1395219,0.006279022034065434,0.031900935178041094,Financials
2022-08-23,129.3981304364826,133.69233765709663,124.88379479461909,129.1704460806813,1560031,-0.022124004451114794,0.030332320218580476,Financials
2022-08-24,131.2479723492797,134.34729657811135,128.12138221387863,131.22004700629725,1756851,0.015742842465068914,0.03015726207428232,Financials
2022-08-25,128.51038259707914,134.66149315918003,121.01539081765168,127.09894326329251,1232309,-0.03190979819576955,0.029406528662621063,Financials
2022-08-26,136.35423551088257,148.56299444067747,122.8366161980928,134.91665871123834,1812399,0.05969138097814108,0.030733213719405492,Financials
2022-08-29,134.9832547801514,137.12938130642806,133.6618852711836,135.80001640639657,647220,0.006526091013387536,0.037283823367242806,Financials
2022-08-30,132.90727028023127,136.95699826467657,129.38722926606675,133.42329048656012,1502532,-0.01765662634177253,0.03490637860751329,Financials
2022-08-31,138.58282345165327,148.1570307482166,129.7097303730084,139.2417484386427,1147211,0.042684910282744515,0.03348921739991539,Financials
2022-09-01,143.5638328323189,148.38641529758877,137.6118647628696,142.39519030060833,1023113,0.022394602550084814,0.03564438778438941,Financials
2022-09-02,129.22214489145617,147.95372951488258,110.76179713478024,129.45947708342186,2064644,-0.09523830853286142,0.03452022071084689,Financials
2022-09-05,125.57680813723859,131.99711269375302,118.72427257032604,125.12128796811112,1141042,-0.03408434328891851,0.0491311186741208,Financials
2022-09-06,137.85144521565184,160.08904512613302,117.17372843330406,139.2078653270722,2018012,0.10668467948367845,0.04696120554619483,Financials
2022-09-07,134.99768273262308,140.93844026993474,129.68882858899278,135.6056764566297,1127653,-0.02621701368580787,0.0597622538611275,Financials
2022-09-08,135.15409994079332,136.19326201325325,133.87506201049763,134.9123654541014,1226511,-0.005125813536376391,0.05532017136849591,Financials
2022-09-09,130.2921381135771,136.94959064011778,123.99100827582126,130.63202342180983,1161337,-0.03224103377218898,0.05051928525675377,Financials
2022-09-12,123.6983034341445,133.57135639320205,114.4533991129343,124.28277045670328,1043680,-0.04982501276385505,0.04793413382014451,Financials
2022-09-13,107.62301729385428,125.36130558334793,91.47956469977613,109.00983094204169,2421508,-0.13112130604134944,0.04806791791421556,Financials
2022-09-14,109.67755823168201,109.89915038420716,108.64315443650092,108.86310106262906,1165479,-0.0013469309862950284,0.06728550602309977,Financials
2022-09-15,104.60132556241822,111.68211844822729,97.01533879737003,104.05945045177184,2167034,-0.045128764527200174,0.06100937296915903,Financials
2022-09-16,109.80009020593927,119.61923813707386,100.39070419668724,110.17750899355686,1657220,0.05713040849422454,0.058165330569289166,Financials
2022-09-19,104.51005630318788,112.86338261318035,96.1109562285186,104.46030608056778,1739944,-0.05328563014554394,0.05741208131042884,Financials
2022-09-20,95.1856980688574,108.27018059437131,82.69283530568732,95.70867812760721,1664808,-0.08749817823914911,0.05623896710749042,Financials
2022-09-21,93.83098608127878,96.89057142374976,90.59688448552153,93.65058749758634,1105189,-0.021738272684041358,0.06147069884367183,Financials
2022-09-22,97.31861371204263,101.50632230332222,92.22892378025408,96.37607403051976,1221915,0.028687273904049265,0.05651371805107481,Financials
2022-09-23,104.24733088651618,117.49527462000886,91.415772929368,104.61808180695739,1370538,0.08205842680753549,0.05271132909510057,Financials
2022-09-26,95.06870578994732,109.29903528251438,80.5097720773815,94.68225594590943,2393164,-0.0997897914939449,0.057730626044559266,Financials
2022-09-27,101.60802291332602,111.47139684374426,91.20670994522331,101.01225059665173,1249837,0.06471519110147386,0.06526837304359705,Financials
2022-09-28,106.14000979549544,113.74502962959592,98.36269990556653,105.95442223700012,1136773,0.047767220226399676,0.06431311537860344,Financials
2022-09-29,106.6486375285418,107.38394380722544,105.70867106422199,106.44255648381528,1065333,0.0045964411468257,0.06124702071925501,Financials
2022-09-30,103.34881796314625,107.82913912852575,99.07844730209527,103.55043755097726,1034462,-0.02754665055820169,0.055714694006790674,Financials
2022-10-03,107.64554582380622,116.05463433179953,100.13207466480664,108.4827292325192,1372313,0.04653216939291724,0.05193384634477409,Financials
2022-10-04,111.06850739569357,114.27114095854797,107.39949785489988,110.58828430089719,912343,0.019223172184140845,0.05081816540560822,Financials
2022-10-05,110.96648010702934,114.34553862460112,108.72863637510925,112.08513515054186,1929933,0.013444562897202009,0.047131924430014245,Financials
2022-10-06,105.88246438338139,115.41699716133547,96.04941632007575,105.55440820674674,1490133,-0.060032180232295056,0.04363769106066202,Financials
2022-10-07,114.3261057936812,130.43570070047372,99.25955485557974,115.24769715847728,2103101,0.0878571628267845,0.04651857547691072,Financials
2022-10-10,113.91604756072815,116.41570718589607,111.08189347745471,113.57404862049695,990878,-0.01462866545842514,0.05467187988826295,Financials
2022-10-11,114.43021636023623,116.10784111943053,112.90930547035374,114.58487464081782,1382682,0.00886077668561792,0.050232571488800955,Financials
2022-10-12,116.83363852180499,122.90473109097027,111.85824256105921,117.88458044923641,1492736,0.02839020236349256,0.04615653794667509,Financials
2022-10-13,121.55840399942839,128.7670046661539,115.01636135696963,122.19092115082746,1407752,0.03587873497960443,0.043877572115082836,Financials
2022-10-14,127.50518839604261,135.55085126268,119.39919047588062,127.44078974442861,1666845,0.04206711359669971,0.042816884652341757,Financials
2022-10-17,124.76635644539346,128.28500823380253,122.21799867764717,125.71722885937209,1387958,-0.013616693048506849,0.04280274285626094,Financials
2022-10-18,119.04413274648202,129.517222679531,108.1257164890317,118.55584890298395,1393958,-0.05865102121609865,0.03991831642557018,Financials
2022-10-19,110.28374647589155,122.1552880651431,98.67450488713655,110.52106469422947,1947426,-0.0701780148010769,0.04348297290268048,Financials
2022-10-20,104.70252337708976,113.43911276817659,95.81777206554266,104.54087302580105,1236907,-0.05562800913989881,0.04849080541893712,Financials
2022-10-21,102.5548197082336,105.89389314834654,98.96551287555083,102.2961647928069,1138911,-0.021705941918754905,0.049449548817679594,Financials
2022-10-24,101.91804221424273,102.40793137461087,101.58251090482376,102.07189356072402,1437427,-0.0021947786157668517,0.046118092868252,Financials
2022-10-25,103.08080060698897,105.69856839450496,100.90787480818591,103.51645899083893,1211440,0.014053220295844559,0.04245262476949578,Financials
2022-10-26,100.25316803282796,104.69568303816753,96.65744226527151,101.07063753719304,1029867,-0.02391097018419763,0.03964094133542008,Financials
2022-10-27,102.69768319112724,103.00412876655601,100.56878585002639,100.86977703020584,1109039,-0.001989305346895061,0.03798530713629957,Financials
2022-10-28,98.33516670104632,103.32781644832079,92.56179731059225,97.51268838393743,1262026,-0.03384784178958667,0.03542457405468253,Financials
2022-10-31,101.03702335904585,105.08391350243498,96.14015753473105,100.15158264584097,1356575,0.026702357933408766,0.03571794810227042,Financials
2022-11-01,102.84491027680369,109.16950246153581,97.44246152022113,103.72103103371875,1209690,0.0350200364285865,0.03503669278327748,Financials
2022-11-02,106.64745615566407,108.82373449393354,102.99616159999111,105.14171332150755,1475067,0.013604189708897416,0.035581123024305224,Financials
2022-11-03,106.45938106054693,106.5516783682285,105.11129321023606,105.20250083789625,812155,0.0005779813656758125,0.03377238737758918,Financials
2022-11-04,105.442856824418,105.59859328335837,105.15060496200165,105.30613949286712,649153,0.0009846499714355585,0.03181995331100309,Financials
2022-11-07,111.70697377188601,120.63246360255658,102.1931943098662,111.06759737937364,1974009,0.053267279139898545,0.030168741659314706,Financials
2022-11-08,111.78089723227926,112.72553222850446,109.51028473115706,110.44361868988726,1076549,-0.005633848714253042,0.0354080899328156,Financials
2022-11-09,107.68462270671324,111.35203526231976,104.93474760595838,108.57931301279164,1062848,-0.017024251198454708,0.03328283797774086,Financials
2022-11-10,99.89238300240947,112.26448048269178,87.8841202296791,100.21717394266355,1612930,-0.08014133084562101,0.032088496574508636,Financials
2022-11-11,100.25372341420596,101.0802497360729,99.7371111182205,100.56204862533019,973439,0.003435365646228395,0.04344113518758338,Financials
2022-11-14,95.7778822589696,102.88331383211232,88.60911203065741,95.70946820014589,1560939,-0.04945770641792967,0.04014319421367972,Financials
2022-11-15,98.15210882434621,102.44998916094946,94.09515256800304,98.3834699714756,1648718,0.02755557202616014,0.04190573399858408,Financials
2022-11-16,108.36228108667048,122.46547506671978,93.33598005431564,107.30105729440234,1890671,0.08676570136533798,0.040233926803400676,Financials
2022-11-17,119.72810945091864,137.68732586855643,101.73078120477788,119.68327200562103,1766214,0.10921035025440091,0.05024199570906768,Financials
2022-11-18,119.9853610322637,120.3665448205132,119.05063789641518,119.43005753034896,1479612,-0.0021179460837003907,0.06251753031484304,Financials
2022-11-21,118.52759030842385,119.81133038259203,117.37759407329793,118.66004898692928,1070807,-0.006468233723099081,0.0568104403404504,Financials
2022-11-22,113.14606034177828,121.0354290565115,105.71704034208544,113.5780454861606,1347333,-0.04377244762066621,0.051848014546992977,Financials
2022-11-23,107.47487372026198,117.0947212829533,97.42163199854592,106.99887382182773,1562895,-0.05967191666727029,0.05037834222736742,Financials
2022-11-24,99.11992636007622,110.35800920623386,88.2654760182158,99.46569440819465,1749275,-0.07300550447968869,0.05161872274934792,Financials
2022-11-25,104.73231979090603,111.99100044320927,96.9496402715809,104.1692997026443,1728282,0.04620465243708853,0.05505510497010532,Financials
2022-11-28,101.90814006872095,104.82821531808966,99.92313758021052,102.82534714844229,1322767,-0.012985567114147148,0.053339311512619614,Financials
2022-11-29,111.9390726940466,125.78269470490837,97.85291802295995,111.66231285559826,2013817,0.08244736282387785,0.0490036678739829,Financials
2022-11-30,114.20717801031476,116.9385650504927,110.7434867424788,113.45693081710802,1888602,0.015944047696262096,0.05514274854933079,Financials
2022-12-01,104.36697627597412,118.24140216645543,90.03078119280165,103.834408079219,2245799,-0.08862590055174559,0.05070217029478009,Financials
2022-12-02,109.7556236404532,119.52821654083155,100.252987550758,110.00406998018313,1836281,0.05771996473926927,0.057747299463887396,Financials
2022-12-05,103.80777333907048,112.7834487613136,94.96826735735468,103.93325747417961,1203347,-0.05676842685529957,0.05716239695571631,Financials
2022-12-06,103.84240465195818,103.96578613878192,103.74478163911145,103.86813893294726,1052614,-0.000626738265380285,0.0565458207449687,Financials
2022-12-07,100.18503356782738,105.2096564705047,96.08275288321772,101.07109422381913,1016426,-0.02729802738338371,0.05155582212617408,Financials
2022-12-08,101.87474559514757,105.29992539564225,99.35087349666053,102.75426387684003,1258158,0.016516177676437885,0.04835472656254149,Financials
2022-12-09,101.15264741675041,103.38635333866208,99.23796699710259,101.46574638637412,756213,-0.012619082601363345,0.04484931753668582,Financials
2022-12-12,104.8897127386431,109.01961320608775,100.06305865268656,104.16440087820993,1163401,0.026249161203795536,0.04162997974609385,Financials
2022-12-13,103.55854059507664,104.55852409996446,102.4966191297503,103.49599871683232,772257,-0.006437476485226862,0.0398722577804866,Financials
2022-12-14,107.8565767905182,113.56865483433027,101.53724667141044,107.21536624179599,1530739,0.03530662795467858,0.03712214592309471,Financials
2022-12-15,102.641104792622,109.18525668245739,96.5057918644173,103.02688402293036,563294,-0.03984961606821234,0.03727501403055327,Financials
2022-12-16,102.20765581471548,104.64948327627266,98.97644288203378,101.39894966883725,990946,-0.015927231295887675,0.03807545300977972,Financials
2022-12-19,102.22068702703949,105.34647140931014,99.86220695360629,102.97068701061956,1069492,0.015381622787758821,0.03602559648406756,Financials
2022-12-20,101.70092026205887,104.70577714952253,97.9792499972905,100.96228310029736,1094978,-0.019697343149048235,0.03426023977680284,Financials
2022-12-21,100.3323073535803,101.01094357140597,100.3032977212048,100.98174616321214,951758,0.00019275700347292293,0.03312414561495772,Financials
2022-12-22,104.90226253893603,110.81987239712791,98.93693554736203,104.85169272717135,1407819,0.03760713204188817,0.03126935866732953,Financials
2022-12-23,108.54624804466074,116.39405135771945,101.617363353197,109.41002855107016,914957,0.042555652951498275,0.03308115309712282,Financials
2022-12-26,105.87447338106037,110.83026271053838,101.51601859038342,106.44819015314279,1071292,-0.02744416509785204,0.03531483671075767,Financials
2022-12-27,110.05685291513406,115.77578996374514,104.42660937342893,110.1412298987652,1220395,0.03410506111204587,0.03479493473501145,Financials
2022-12-28,118.16355408371173,129.26558947867915,106.24352775602513,117.26073935623383,1245415,0.06263654633081589,0.03525653507634326,Financials
2022-12-29,117.99445199383729,121.85509667686587,115.25475774429306,119.0899658664795,1684237,0.015479226371803345,0.04102339762756621,Financials
2022-12-30,119.32005140217119,120.19511034454729,118.65764817928621,119.53153308472169,1529141,0.003700988588259589,0.038500341423004986,Financials
2023-01-02,131.41917001978527,150.21639621807702,112.66825696472101,131.45970029531912,1904912,0.09512013126771526,0.035886984120011074,Financials
2023-01-03,128.63618995961323,134.98983126900816,120.91868254200023,127.20145915204671,1629524,-0.03292822085495391,0.049874606858019935,Financials
2023-01-04,140.40961559156509,160.5209826944313,119.9015800080349,139.94663238451903,2052056,0.09548903052037781,0.047461787647480505,Financials
2023-01-05,141.42899744304654,145.63091119598366,138.0262894352941,142.2094264723145,1371229,0.016039652731624582,0.057182342307865223,Financials
2023-01-06,130.1470494419864,148.34966346718878,111.43006916261419,129.54904517260493,1705923,-0.09324126877122049,0.05248282372751837,Financials
2023-01-09,126.88621924505598,132.47855169072952,120.25359212275163,125.79796111514077,1535520,-0.029382399858953093,0.0600636958523288,Financials
2023-01-10,138.930556019728,161.13268798199536,118.09097261676878,140.11538085390902,2251156,0.10778909535834649,0.05581771099546773,Financials
2023-01-11,126.76476654877534,145.76671978725716,107.88762248840867,126.87339878424066,2292549,-0.09927650284488847,0.06584274333853696,Financials
2023-01-12,140.60968133853635,161.07388930117418,119.45398750228235,139.8004156574643,2242947,0.09702607372801275,0.07103933475788068,Financials
2023-01-13,123.1552238118297,141.82216389676793,104.68194024005524,123.3236207797982,2577680,-0.12540383958953472,0.07449415086927867,Financials
2023-01-16,130.8293525737694,142.59582818248015,119.13525577536623,130.89579267842805,1589515,0.05958956747013554,0.08305673517877732,Financials
2023-01-17,124.82104504485156,133.4842739818987,116.73486119990227,125.36298224447053,1619209,-0.0431881436982773,0.07843069864241752,Financials
2023-01-18,132.07736255629666,142.62870199888957,121.61589448951533,132.16063792929228,1471340,0.0528047495008705,0.07280715593295503,Financials
2023-01-19,124.92942547103365,137.63743718764115,110.93324601688593,123.49538494367596,1872834,-0.06781435021516204,0.06898519261054473,Financials
2023-01-20,121.37753724817088,124.34644539519138,118.79550804614999,121.75635765632462,1039821,-0.014181806950224604,0.06780105717374074,Financials
2023-01-23,120.68042454995887,122.81318792745316,118.20368154321676,120.3302564632703,1600446,-0.01178187976190155,0.06170701119287423,Financials
2023-01-24,119.75030941391108,120.33278985793332,119.74274522292589,120.3251893538757,975182,-4.2110905723793154e-05,0.05627633683791607,Financials
2023-01-25,116.16777466728526,121.99514354271317,111.03360903341826,116.83163773299019,1361738,-0.02946408415800167,0.05131881853974163,Financials
2023-01-26,109.4000501425141,121.08465810131301,97.18127029105848,108.80200309349705,1346413,-0.0712041596786443,0.04834373534743064,Financials
2023-01-27,112.55238663382022,120.17123653617145,105.72100101320076,113.29479058558094,1687534,0.04046344299414869,0.052251299038447004,Financials
2023-01-30,109.77692698902007,116.59502587978278,101.94834048125402,108.69952325974276,1519265,-0.041405779749720206,0.050296641376987375,Financials
2023-01-31,105.09644362873678,110.55738237160233,99.54270377808959,104.99855616980507,999350,-0.03464080898339338,0.04879515853593032,Financials
2023-02-01,107.23307165066899,110.19587247017775,103.99552568060578,106.95051971922933,602836,0.018419695677222916,0.04674154302428249,Financials
2023-02-02,107.41672399254213,107.42357062675221,106.94824721983936,106.95506442833204,1145420,4.249266442941474e-05,0.043574192519872434,Financials
2023-02-03,106.36798923506498,107.74723601212771,104.65955415034294,106.03447635029622,907151,-0.008644497822960135,0.04023640731788941,Financials
2023-02-06,108.3925015260486,111.32809850798958,105.04229829991999,107.9663539148505,995308,0.018055350942860208,0.037501785030482994,Financials
2023-02-07,108.70447704121746,109.51445672087762,107.69552210383306,108.50400804730228,1248021,0.004967472065589563,0.03569322707501415,Financials
2023-02-08,110.80432179488825,113.58229170134167,107.56663313648552,110.33278106768918,1355904,0.016713968441265756,0.033509797582664994,Financials
2023-02-09,114.46220829025734,120.06184804791836,108.41395504731474,113.99051916068531,1063572,0.032614198411300185,0.03225257723629677,Financials
2023-02-10,115.22264157041538,118.41327860129853,112.57302772759395,115.75150326616199,720320,0.015330400383748497,0.03304142674595604,Financials
2023-02-13,113.60730423002478,116.67567168144164,113.0644602505315,116.12081750981713,1242802,0.003185499284413228,0.031759122807716346,Financials
2023-02-14,114.94851136840592,116.56791415800836,113.59975764328122,115.21602158921763,921623,-0.00782236446021754,0.03014026569335673,Financials
2023-02-15,113.31110418519377,116.97208031793905,109.11767739201447,112.76087617060308,544015,-0.02153937844586319,0.02891240046615259,Financials
2023-02-16,116.82802315792871,122.7177746037774,110.73607258201795,116.61508920569705,1147726,0.03360923910003397,0.02895398494417067,Financials
2023-02-17,117.86215115209268,120.97560344580752,115.24897481055335,118.35157584277204,1515553,0.014780975436110523,0.030661111171161055,Financials
2023-02-20,119.7704692553577,123.85629990569325,116.47675431565088,120.54138461945881,677706,0.01833348381664054,0.02974650527081582,Financials
2023-02-21,119.88074721396887,120.9837489202577,119.61709274773324,120.71825252343297,879073,0.0014662041090165757,0.029296777211659165,Financials
2023-02-22,113.54427950660467,123.93202526851663,103.28170908066737,113.6590788359066,1796869,-0.060255907624950436,0.02805286771731311,Financials
2023-02-23,113.38095326151661,117.03376578052696,111.38003076309495,115.00419663474112,986340,0.011765188895566166,0.0356957542333544,Financials
2023-02-24,115.166460638658,118.00926816577314,113.37579369123405,116.20249246637331,877786,0.01036567381101381,0.0337655511830132,Financials
2023-02-27,110.51243664645578,118.78835347283582,102.35439919383363,110.62221236719206,1399752,-0.04921338991448126,0.03206566756497669,Financials
2023-02-28,107.44555790116281,112.91435641514776,101.48889128054233,106.93152645699212,1399443,-0.033932214111110415,0.03585888022709707,Financials
2023-03-01,111.31231274319462,118.13740628019532,104.53739691741002,111.359611652241,1425793,0.04057601930294284,0.03607487638350782,Financials
2023-03-02,109.42030900857671,112.14046531452766,107.05069439852359,109.7634202608608,1446605,-0.014437384500942398,0.03725693715590715,Financials
2023-03-03,109.93173500282501,112.93063983487419,108.0458349289202,111.02596798356413,1021342,0.011436794988310045,0.03523817821164397,Financials
2023-03-06,114.28923402780235,118.19261744351223,109.70366106018064,113.58292138974734,1354908,0.02276903535673551,0.03336170566504595,Financials
2023-03-07,119.00442942208915,126.72753358193097,110.90777243886544,118.60495142790812,1584517,0.04326507955682479,0.03268282529963357,Financials
2023-03-08,119.16781165871686,120.02115486713774,118.31730158087316,119.17062471230852,743705,0.0047580526206716526,0.03514703005962028,Financials
2023-03-09,120.72499049686283,123.9164495776145,117.87646106798397,121.060015176813,1558662,0.01573012854618469,0.03304007925717859,Financials
2023-03-10,118.88175446054805,121.88239357474457,116.38993623166728,119.3801291743524,1551006,-0.013973651046161724,0.03178730896865035,Financials
2023-03-13,122.85617562093209,126.8623576615571,118.02537936793702,122.00376540665641,1352270,0.021739143462547166,0.030620840088226443,Financials
2023-03-14,121.25625771027107,122.2788462378833,120.42855817012605,121.44982539779896,796786,-0.004550690445589018,0.030347936205609924,Financials
2023-03-15,120.48684077865519,121.65757473085165,119.86425374092435,121.03216983517306,1093469,-0.0034448411334511743,0.028981099066142265,Financials
2023-03-16,125.05287201444526,131.1190772902092,118.94611926651946,125.01025734184581,1770071,0.032339416003513546,0.027815523040749194,Financials
2023-03-17,122.06370158500648,126.8506653416084,117.00826132769275,121.78426649777357,1728604,-0.026144620633559056,0.029594565915748886,Financials
2023-03-20,122.06283728701024,123.95558977955722,120.76445311594831,122.65094984666614,884058,0.007091343005073083,0.030053316682259763,Financials
2023-03-21,128.68332756829767,139.71289900214705,118.39248273614275,129.36735248909625,1819222,0.053313536035158995,0.028811534959555594,Financials
2023-03-22,129.8196170717778,129.96569568098468,129.31875642277046,129.46443536626637,543666,0.0007501619683365956,0.03450266085487299,Financials
2023-03-23,117.71965341375768,134.3112395178808,101.76103324712567,118.27705536688329,2019060,-0.09037641381506685,0.03244119751642838,Financials
2023-03-24,116.83334245381432,118.78236716681961,115.30954606998102,117.25309615427646,1014156,-0.0086949858195699,0.04655243777881848,Financials
2023-03-27,118.63100548576982,121.98881931152098,115.79266480361446,119.13834024381183,1480100,0.015950527551280687,0.04295397522093841,Financials
2023-03-28,115.77317994640185,120.57582842998175,111.36168458235912,116.14997541036428,1050449,-0.0254030934515523,0.04017708413012843,Financials
2023-03-29,114.32950246104431,116.98757427845341,111.78099875139992,114.43668145610725,1534677,-0.014860577860689717,0.03857662562868581,Financials
2023-03-30,112.58723789605365,115.90764929832659,108.89943864882416,112.2086858320144,1284205,-0.019661265724975126,0.03638200588298653,Financials
2023-03-31,105.86602646053454,115.0450112794826,96.84676094264671,106.01320672583323,2209862,-0.05679672582056711,0.0348841667113025,Financials
2023-04-03,101.78786873432188,107.94171631069136,95.76918024233102,101.91548207708081,1451030,-0.03941981539208328,0.0394639617791227,Financials
2023-04-04,98.53985840509463,103.43141416102246,93.85060532501137,98.73297134335293,1275650,-0.03172491589346423,0.039736780195118164,Financials
2023-04-05,99.09493709929023,100.17702477334444,98.22937163615813,99.30958442820426,1264109,0.005823139496116566,0.03891246462879491,Financials
2023-04-06,95.71687080212756,100.9135777914055,90.74095853956099,95.92675456625835,1211349,-0.03465715932741613,0.036282644140531665,Financials
2023-04-07,101.53982043019239,109.90891331998547,92.99217319501895,101.34522737885992,1253228,0.05494785431197245,0.03651454527389943,Financials
2023-04-10,102.85254639018154,104.95851184219737,100.63449157025816,102.7381139518278,940384,0.01365038608460332,0.04024350403818216,Financials
2023-04-11,108.00732298840235,115.01606016299533,100.31864082590201,107.28019361989178,1415465,0.04326087639659741,0.03773038099271934,Financials
2023-04-12,109.66969886418181,115.04683082628144,105.01276900279022,110.36056457400339,888981,0.02830882130386118,0.038981929581215664,Financials
2023-04-13,105.68944087625465,112.12564237124904,100.25282639683051,106.64012514597563,1206753,-0.0342930156778199,0.037893021410834705,Financials
2023-04-14,104.55014314866001,107.38971319854691,102.28029690692206,105.10776074474009,2120533,-0.014473732720515081,0.037750582723389346,Financials
2023-04-17,107.57321692120642,110.85703782416468,103.99418894965645,107.26871449585214,1119444,0.020350920033459848,0.035658218373806984,Financials
2023-04-18,114.01191681149305,124.94959198608088,103.29003741545586,114.20916319619741,1606796,0.06269449542872324,0.0343413864310474,Financials
2023-04-19,116.35990634559656,119.74305767374946,113.02836300500816,116.41007785421674,860193,0.019087578904790396,0.04041107052732643,Financials
2023-04-20,113.75325141792196,120.1918512849109,105.75428660198077,112.09926863200539,999977,-0.03773430524245825,0.03822425993003175,Financials
2023-04-21,110.45456812826203,113.55295732878065,106.93613238047047,110.02239868597937,1311563,-0.018700836328898005,0.03850268700465666,Financials
2023-04-24,115.5910465627585,123.87183411074349,107.13704717605135,115.40446852354049,1650055,0.04775910588362656,0.03658447371731456,Financials
2023-04-25,123.68364172893955,135.60881070454676,111.20039097449354,123.06600992806756,1741517,0.06427780213512785,0.038895742735662237,Financials
2023-04-26,124.76618495829388,129.18919246878912,121.09950986709586,125.5009245761738,1174730,0.019592248185001365,0.04393231634532209,Financials
2023-04-27,117.85274460544967,128.65888789627098,107.86382360493766,118.60611315246594,1545307,-0.056505096163030434,0.041250662587572665,Financials
2023-04-28,116.21695244478539,119.4557379730373,113.64412874243992,116.86849045051031,1478663,-0.0147587401448902,0.044047901368737326,Financials
2023-05-01,116.0047902990317,118.58623248587335,112.58514762931152,115.14751291423177,1011616,-0.014835262004769149,0.041046889694490475,Financials
2023-05-02,118.35241631600181,122.03387354074736,113.90347016536268,117.56028751900631,1175783,0.020737259896274784,0.038482339750668185,Financials
2023-05-03,113.12836595303563,120.61338250959686,105.04487520165839,112.48748881205722,775882,-0.04410928236848265,0.036731695718405545,Financials
2023-05-04,102.95951641446142,116.55714807671568,89.5800976685402,103.15263401786794,2363467,-0.08663222990845341,0.038356463535354844,Financials
2023-05-05,98.58456200463044,105.23734944675361,92.04339401209312,98.6892362318526,1445665,-0.044233889901410015,0.04901781436159587,Financials
2023-05-08,92.69826841488165,102.10885890324131,82.86789363088057,92.23105311626269,2111072,-0.067679009538355,0.048121642243400306,Financials
2023-05-09,98.21164508486379,105.08316762733988,89.8738074892102,96.6350190679846,1335947,0.04664431620465156,0.051377244102572876,Financials
2023-05-10,97.00622726957448,97.07838452984424,96.51526468412918,96.58711018770856,877252,-0.0004958943516704425,0.05037907109495188,Financials
2023-05-11,95.82230946294064,96.8264520380636,95.10278662121021,96.10480793558543,1402196,-0.005005952133437839,0.04615709620625387,Financials
2023-05-12,103.43191485852942,114.58451736999176,92.1326562375925,103.26753432899527,1029195,0.07188369616036133,0.042522240741393685,Financials
2023-05-15,98.61275284500567,104.67437135392849,94.33972355979935,100.32705878123672,1528149,-0.028887604371160377,0.04818301186296375,Financials
2023-05-16,98.3367879467815,101.67385105170491,94.75436122773218,98.08280542491293,1172687,-0.02262336184724266,0.045633936480375066,Financials
2023-05-17,100.91922553808068,107.07262860657977,95.5256253180694,101.64048108259509,1414139,0.035629816428295005,0.042927117328637576,Financials
2023-05-18,99.87912213228546,102.82240848915714,96.72625079617383,99.66317347334883,1549887,-0.019645656296240547,0.042007290968644875,Financials
2023-05-19,98.63349468951844,100.568151555314,96.43896397246488,98.36842153347155,1451764,-0.01307640216869211,0.039617960160967615,Financials
2023-05-22,103.263162761186,112.86244096578521,94.53758651865932,104.06879044051252,1568407,0.05633229384813693,0.037166047111636985,Financials
2023-05-23,109.0442476600239,116.13734791684797,101.61157026978569,108.68104494991366,1488799,0.04336527241026546,0.041000623725163776,Financials
2023-05-24,111.48819231391552,117.16506016857701,106.39228013718464,112.04375431466998,1067062,0.030472059094128947,0.041556262396472206,Financials
2023-05-25,110.47610168868496,112.71697416616098,108.43476791890001,110.67202028985007,972973,-0.012318403338411972,0.040259412729285717,Financials
2023-05-26,115.71352465588792,123.34652709382522,108.01893048476282,115.64758311165245,1849036,0.04397643496809046,0.03767516038143366,Financials
2023-05-29,110.99935348905484,118.30486176544306,103.39831776681488,110.6830053455316,1536447,-0.04387718214418004,0.03905922672927361,Financials
2023-05-30,114.13921763939935,119.01809723916362,109.01456678247705,113.88247178345947,1640961,0.028496659317560527,0.040115827563295695,Financials
2023-05-31,115.52242276387865,117.96205686970389,113.0580453063227,115.49714560213587,575826,0.014078848922179636,0.038848843428210655,Financials
2023-06-01,125.8720638423085,143.5778084697234,108.7981054518175,126.42838738532579,2209285,0.09043022398722309,0.036566626951548796,Financials
2023-06-02,133.13589218170634,143.1902165646398,122.91574876764508,132.9565276753491,689213,0.05034617496540622,0.048952409305854275,Financials
2023-06-05,132.55309991259602,133.2172642532819,132.39723044333738,133.06079778103086,1508277,0.0007839347369038782,0.048962039393038004,Financials
2023-06-06,140.41379251183295,157.02441844044068,126.04979442180029,142.451924300317,1711228,0.06819841950983167,0.04492123355687244,Financials
2023-06-07,139.19179727098225,143.76400002372105,135.19427601353473,139.7504349613494,1124821,-0.019146344999363372,0.049111988790545985,Financials
2023-06-08,134.22451496909073,141.75558734838637,128.07827230785426,135.54870884222487,1380008,-0.030527173880528127,0.04565717176299216,Financials
2023-06-09,140.43539005074368,147.962058912649,132.9359834846185,140.46127031170408,1232439,0.03560074405468777,0.04367434164914332,Financials
2023-06-12,133.00666408621225,143.8135228465476,122.38768370411415,133.1806516525398,1578468,-0.05322530493767887,0.04261537799170605,Financials
2023-06-13,132.11809065686776,133.2420070046182,131.93515559410974,133.05777082972227,960028,-0.0009230886391030184,0.0444724219708925,Financials
2023-06-14,136.18025396654136,141.32393696499813,131.20230457827853,136.34014297469395,1221077,0.024369413544521108,0.04101664133813304,Financials
2023-06-15,133.65452413745697,136.5549512823084,133.01876836222374,135.90847412125947,1271007,-0.0031711398190526646,0.039178720510047525,Financials
2023-06-16,137.3488344751236,139.1478778771144,135.30466553346395,137.1004555812348,1393025,0.008732234769790397,0.03646211913488206,Financials
2023-06-19,131.06513386108296,141.6193151415953,119.47127814977208,129.93440619254636,1428992,-0.05368415417888751,0.03427866237262295,Financials
2023-06-20,126.57301231344297,132.78206780778692,119.58496797256879,125.75383880444896,1147002,-0.032703419582935864,0.038370817253876754,Financials
2023-06-21,122.51366859772685,128.2633630851608,116.16027869632622,121.88024599932487,1678444,-0.031287363297195524,0.03792469830133073,Financials
2023-06-22,129.8644634397024,141.9376003999124,117.6178059013199,129.67315770053116,1576833,0.06197814059587179,0.03738263043595476,Financials
2023-06-23,132.03643438556463,141.28266856957657,125.13904536854507,134.26867080703542,1243145,0.034825685547158536,0.042357553439819735,Financials
2023-06-26,128.01988688694962,138.2691686525763,117.09932485452173,127.29018677428735,1191197,-0.05337338343730658,0.04143976499450959,Financials
2023-06-27,122.54178889909022,129.21766023416532,116.59782151110119,123.23983373744444,985248,-0.032337090562543955,0.04360173169923425,Financials
2023-06-28,125.14913103989952,127.79845993914476,122.3454476591142,124.99143830163149,1517894,0.014112916737715189,0.04216327690828991,Financials
2023-06-29,135.40959639660636,150.7232198302692,119.53704093891967,134.77939408491383,2320392,0.07539408255236776,0.039396315799106886,Financials
2023-06-30,129.454752584328,136.97626948902,122.65833929016932,130.14368693504989,948131,-0.03500019972734708,0.046843312344681115,Financials
2023-07-03,136.88658708921233,145.94040641858882,127.01475971057089,136.01064321318086,1655265,0.04409401739984901,0.04515737842568157,Financials
2023-07-04,139.60034629567804,144.2489751495506,134.43304080639726,139.0638030097455,1207957,0.022199700679952052,0.04497769910292096,Financials
2023-07-05,138.3106564403837,139.1746001609632,137.97900581309236,138.84167621860647,904788,-0.0015985783300039216,0.04233578556984903,Financials
2023-07-06,137.71286406486465,139.39412609494428,136.04208904299807,137.72322536656375,890393,-0.008088206008503802,0.039169354216715954,Financials
2023-07-07,141.36864100344258,144.97083939171077,136.51331679296146,140.0827495255926,829028,0.016987258101464824,0.03656779333332886,Financials
2023-07-10,133.88638204685412,143.09548909168083,124.60080115843688,133.8042595731364,1258996,-0.045855333475234496,0.03482883644462025,Financials
2023-07-11,134.51506912170322,134.78825555998046,133.35184507023544,133.62322025407687,1157900,-0.0013539322647936362,0.037226939434872035,Financials
2023-07-12,126.79824026738135,137.30984118952694,115.9568629456584,126.43865409838061,1899875,-0.055266807593857256,0.03476997247103816,Financials
2023-07-13,122.75827630523017,127.98305165314245,118.01968896124075,123.22639449742394,1532935,-0.025733973499851865,0.03905539388806451,Financials
2023-07-14,131.78174550587363,144.0820052734191,118.89764497912245,131.1378000956692,1335525,0.06222541025606742,0.03767750843958708,Financials
2023-07-17,133.14348311503366,136.10657483358963,130.13586383169846,133.0979420392561,869106,0.014836584058196937,0.04262013568728412,Financials
2023-07-18,124.84796549740577,136.5004858557235,114.07416762420334,125.6568822359655,1828684,-0.05753022796048305,0.039827118986682924,Financials
2023-07-19,120.4355503601158,127.71525904257494,114.07870944939269,121.31214939641937,1186046,-0.03518806471851791,0.04319049194905392,Financials
2023-07-20,120.41370610457845,122.72597748790923,119.574815396569,121.87689313959535,742264,0.004644491811593145,0.04216710638206307,Financials
2023-07-21,132.9796194326223,149.4352840900977,115.97905704003773,132.35777052967063,1653477,0.08249717627250448,0.03906005100018653,Financials
2023-07-24,135.9100903026724,139.95903046132105,130.99058161548615,135.01279001976894,1349729,0.01986087591500945,0.048388197747490445,Financials
2023-07-25,135.0804605718687,135.34798895463234,134.87940008918136,135.14682968485295,1235035,0.0009922998576115578,0.04508106369438173,Financials
2023-07-26,146.46820695233734,162.64815243225897,129.40508485162326,145.47535238042275,926142,0.0736448581189901,0.041545030291295186,Financials
2023-07-27,151.12049860615357,159.69192050884024,142.51228922148744,151.08149910683895,1528359,0.03781274758330573,0.04789912736813308,Financials
2023-07-28,142.91718577255648,154.32151759090542,132.79182951771568,144.1115437973711,1541557,-0.047231810973172736,0.04636735601770633,Financials
2023-07-31,152.78862900753236,167.48892566635146,138.63691389141474,153.29070669431437,1772959,0.06174855292152211,0.046417366991558344,Financials
2023-08-01,161.19551841653805,175.77800088122183,147.63199000349067,162.13538865259127,1395415,0.056095556279666406,0.04894476616481593,Financials
2023-08-02,164.50515141570705,166.4778329741144,161.4768899359839,163.43675975870528,1648119,0.007994406422051252,0.04988465518665627,Financials
2023-08-03,163.78384752923907,164.47385122472556,163.16153373444234,163.85128120863743,1038152,0.00253306946598477,0.04582978985964712,Financials
2023-08-04,166.51588547090276,168.61057209962655,163.15264516138868,165.23117072054433,819675,0.008386333523275492,0.042204954412976885,Financials
2023-08-07,158.8484656894042,167.61188802444192,151.54204592328193,160.24139868648834,978219,-0.030664108020233085,0.039186172690066426,Financials
2023-08-08,166.54248517656586,176.40560411151395,156.77373678373795,166.63162699863796,1712954,0.03910412962582791,0.03833390186477297,Financials
2023-08-09,164.24928454402968,169.79326692077126,157.42465700162342,162.92390316519285,1389796,-0.022502309592528424,0.038793818693336556,Financials
2023-08-10,167.07432584117262,170.90710156028575,161.639599644982,165.43476290031265,734934,0.0152936951855257,0.037147293112673424,Financials
2023-08-11,162.0403969780547,168.43349056246316,154.78257198649519,161.1401473917206,989425,-0.026302468206016897,0.03519973970561807,Financials
2023-08-14,164.35420845516077,170.6269778292754,158.65509986746613,164.90864377058634,729526,0.02311717941902481,0.03456863195635448,Financials
2023-08-15,170.20613324008778,178.45299604569354,162.03098762160926,170.27456365602544,1621476,0.03202056809138567,0.033706866509819945,Financials
2023-08-16,183.7550073992113,202.90089193447585,163.50509804740938,182.52257213194233,1578430,0.06946163374900481,0.03409867735063806,Financials
2023-08-17,184.64308813328503,190.9647804262385,179.59319397140612,185.88102920818653,1309389,0.01823299286182369,0.041879751934705466,Financials
2023-08-18,191.14255856960338,199.495775851843,182.93302663419018,191.2803268004345,1312769,0.028633190490031612,0.03940808549009797,Financials
2023-08-21,199.14397523135057,210.05911394347964,187.52470660574716,198.39901376507564,1587164,0.0365401922552053,0.03828023904368495,Financials
2023-08-22,198.25192657251048,200.60705413123546,196.93277541253556,199.28105523819394,1074834,0.004435942297530737,0.038374199776678525,Financials
2023-08-23,197.63931163616596,199.90682605441623,197.26731596920732,199.53126935464726,1067167,0.0012547964737010086,0.03579126994687951,Financials
2023-08-24,197.54963816279403,200.8906930336169,193.9574571445076,197.29419178280546,893501,-0.011274988578042402,0.033541737889633605,Financials
2023-08-25,206.75197574283675,226.94475779232627,188.94836984466517,208.95172907817064,1324862,0.057407289851218166,0.0319234608030012,Financials
2023-08-28,206.3746657259572,209.80945051164122,203.7902954425631,207.21456244442567,679199,-0.008348473957314908,0.037544978611285286,Financials
2023-08-29,205.28308085487689,207.5583101512144,205.07886309258097,207.35203417245444,794665,0.0006632069934696648,0.03518742513668612,Financials
2023-08-30,202.99708442894345,209.28246792761036,197.10169321640436,203.37607030093628,1252946,-0.019361168754791325,0.033024080406989995,Financials
2023-08-31,189.637487402099,209.4140703326816,170.19201788901393,189.93780607687663,1354606,-0.06836014608529996,0.03207335557303911,Financials
2023-09-01,175.3900860650115,196.02482959723966,155.70783623562696,176.24647583320785,1756358,-0.07481323591683871,0.040297971984855664,Financials
2023-09-04,167.9728463805337,181.54734882562562,153.506243309641,167.00231342302826,1605378,-0.05387578106658035,0.04731484203847725,Financials
2023-09-05,163.32883750375265,168.6132610461401,158.4068318896579,163.68065326777295,881694,-0.020090371830313043,0.048232202826855815,Financials
2023-09-06,151.2220348834984,168.43988262821128,136.0885393326372,153.1167718925124,1927604,-0.06671644804727063,0.04496242617638423,Financials
2023-09-07,179.68892706690934,206.64226612694574,151.53140201523289,178.27223766497985,2247526,0.15211096172111874,0.048836036695662215,Financials
2023-09-08,186.68876959941943,199.28819737674786,173.891260708006,186.4763526927762,1206803,0.04499262883483641,0.07401775790626598,Financials
2023-09-11,172.97337899290702,192.74806292114016,153.03822434392603,172.7921949248217,1828577,-0.07621474874097642,0.06918492094233311,Financials
2023-09-12,165.61675679548742,176.11204895677892,155.22177393978254,165.7111419876376,1180967,-0.041843522989810984,0.06928597128917968,Financials
2023-09-13,169.01629782955558,178.2586418955246,161.51750849066505,170.685782119886,1361927,0.02957817060716315,0.06483107832218936,Financials
2023-09-14,171.7358488075663,172.65353139076004,170.3795876899587,171.29491410758004,457962,0.003562380207998054,0.05994735356631057,Financials
2023-09-15,176.03303062192057,184.822186241755,167.89564575980057,176.65600354322103,1829587,0.030817643837904814,0.054560532829100464,Financials
2023-09-18,177.51736903998113,179.22882851066916,175.97332882688457,177.68334464722244,1413711,0.005798644648865546,0.051224412830546656,Financials
2023-09-19,171.7315707626467,180.25860398362045,163.78275115977894,172.28420498540018,875918,-0.030857535658965422,0.04694886599090537,Financials
2023-09-20,166.30653988935725,174.54401879888954,159.38431071788693,167.56923219048804,1306827,-0.027748875364234538,0.04479045590644553,Financials
2023-09-21,169.64170351887498,171.78859452276038,166.85035768659415,168.9889882897381,801172,0.008436962371682948,0.04266670792131456,Financials
2023-09-22,169.98267708291706,175.61097683970272,166.0353569937505,171.6255071218386,1239181,0.015481264157449342,0.03958580202526396,Financials
2023-09-25,170.46524378653206,171.95100410263527,169.48789965498594,170.97076163888127,979041,-0.0038222615935716298,0.03727705740228999,Financials
2023-09-26,171.58990537709744,173.56780318733533,170.03358690741237,172.00769536724133,712353,0.006046659004657214,0.03484041703843902,Financials
2023-09-27,177.7874502632555,184.91118756242366,169.5856434066772,176.66438060486416,1680290,0.02671256150202521,0.03281109629832067,Financials
2023-09-28,181.83221688369102,187.89739184716714,174.61161284342734,180.63691753639057,1303743,0.022237258308504954,0.03268468408196811,Financials
2023-09-29,175.3828855449091,183.03410571961612,167.99194451572495,175.63263961771372,1262264,-0.02809449738580335,0.032074993490136885,Financials
2023-10-02,170.15181253487287,177.93409104390457,163.07697156429163,170.83100935454792,1663385,-0.02771972027090513,0.032271338419997325,Financials
2023-10-03,169.87107867961322,175.30788884219993,161.87249078419313,167.22459902097225,1227206,-0.021337005313466193,0.032379142368490564,Financials
2023-10-04,175.18957077448604,188.50796619338962,162.32649764609607,175.61374836105765,1398720,0.04894915860392194,0.03173353522343859,Financials
2023-10-05,180.00540494616502,186.91218546101834,173.19580671647626,180.09904483748664,979561,0.02521997689171371,0.035567075019272525,Financials
2023-10-06,174.02503349926448,182.058667950914,168.07693762832758,176.04164521592787,1357754,-0.022786361062864146,0.034747957429236524,Financials
2023-10-09,183.3607284531778,198.61224301683328,169.80230785189596,184.93724827753803,1374707,0.04929598144473656,0.033820395828202676,Financials
2023-10-10,179.3441777321837,187.870620145981,170.64955132410924,179.16759875983558,925661,-0.031694895337053684,0.03714255520519582,Financials
2023-10-11,177.09846678234393,179.9729274614692,174.66607485334785,177.53454611946862,1499411,-0.009156457697195516,0.03680136525050169,Financials
2023-10-12,176.2971661192208,178.12391579492368,174.51752125220364,176.3438001769394,889560,-0.006729716293581554,0.03458393406012026,Financials
2023-10-13,174.96448226740847,177.3262726459084,172.40489590865974,174.76397976712832,1211375,-0.008999123128278674,0.03261337391728448,Financials
2023-10-16,176.07949787218863,178.04293665302367,174.10468991689652,176.06800049199254,1664210,0.007433910268039832,0.031033101024173806,Financials
2023-10-17,173.43935860946902,176.52918243366113,172.06192785493363,175.1382592515015,729484,-0.0052945719878840156,0.02964341648026172,Financials
2023-10-18,177.1214561313875,184.9352270786414,171.2804857167118,179.0312761396997,945125,0.021984802753439083,0.028411099703778357,Financials
2023-10-19,177.5087052344236,179.62339703064399,175.7236074839278,177.83501775239986,399496,-0.006704263689071184,0.02860510796900741,Financials
2023-10-20,176.43564541371492,181.65094958260028,169.2107821437147,174.3648759337311,1404925,-0.01970616219738834,0.02759245973589065,Financials
2023-10-23,176.29254285936037,179.431489111731,173.24717288214924,176.38453009863534,889323,0.011516350144734936,0.02770063161200235,Financials
2023-10-24,165.79444226263968,181.53034822459514,149.85503865297702,165.56960481030194,1931658,-0.06327476260041638,0.02708789289445585,Financials
2023-10-25,153.65117070454033,170.7595131416429,136.85578085076114,153.9332857008485,1790024,-0.07287238045661869,0.035882551337524306,Financials
2023-10-26,155.72096916632205,157.5620652482234,153.31702487870294,155.15138676200195,1175479,0.007882030239763506,0.04389309247938884,Financials
2023-10-27,146.5147958814941,158.84151271469258,134.8625647591853,147.13959194757686,1648931,-0.05301958778158046,0.04062759916643398,Financials
2023-10-30,139.29899618764648,152.50664231247853,125.03024336005119,138.1267421157433,1921165,-0.06321005647947067,0.04292019285257289,Financials
2023-10-31,138.35872290744723,139.16485253228996,137.73630594947937,138.5416128304637,1235203,0.002999049354646127,0.046615888381777305,Financials
2023-11-01,132.50502795063187,141.41928896431187,123.55372205625946,132.4653111249075,1541481,-0.044849925830745166,0.04289267984461447,Financials
2023-11-02,141.35996289733302,154.96030375301416,127.65129063926592,141.2400993381179,1755166,0.06414046606939582,0.043284558036967166,Financials
2023-11-03,134.75740706664462,144.53671042949327,124.80391865008376,134.5695923575684,1692862,-0.048379793861781296,0.04707379610467336,Financials
2023-11-06,136.01237309090243,137.8537106390779,133.9513044622314,135.7896264632183,1313749,0.009025343338652632,0.04715765570805822,Financials
2023-11-07,129.56251686204763,138.50123310001248,121.07860292088381,129.98936839240108,1242057,-0.04365415835094299,0.04348901144957067,Financials
2023-11-08,129.95712023403263,130.4523496257334,129.67971642305102,130.17448183911506,651640,0.0014230530320670186,0.04357623348441318,Financials
2023-11-09,120.4924105569916,135.9517240904226,104.17064460627606,119.50301793986245,1427639,-0.08553409276688506,0.040241946545119874,Financials
2023-11-10,131.90520869180682,152.68951360104023,112.11942738803579,132.7734900878611,2110367,0.10530296850312001,0.049929385768406394,Financials
2023-11-13,141.82764467478057,157.8863278984109,126.63006659664875,142.6054083516108,1463648,0.0714368397077114,0.06129977264968964,Financials
2023-11-14,140.3107702612234,143.51384183695458,137.55785218128966,140.75226163100064,886935,-0.013080098673387651,0.06222228709744362,Financials
2023-11-15,143.77336094347476,150.8770632145939,137.7064060693383,144.76813098850747,1495145,0.028132030552918675,0.056771064429911755,Financials
2023-11-16,141.49261110181322,146.43801610758,136.49051608916827,141.4338679218837,1521554,-0.023301122545111665,0.05288737729041502,Financials
2023-11-17,146.8302839170591,155.31075351456732,138.44629733406617,146.9215553469915,1057054,0.038066563923687784,0.049184358165033644,Financials
2023-11-20,144.89072311421862,148.7226693224745,140.5360743177063,144.3538209969074,1126355,-0.017631431126823065,0.04746198862066865,Financials
2023-11-21,139.22402253365078,149.03506032199584,128.02328595912047,137.7289681115337,1322886,-0.04697962133162625,0.044144562469230236,Financials
2023-11-22,121.4802671837779,140.56659508496406,103.25822710621121,122.23182181301223,2129494,-0.11936833431760531,0.044610050880370726,Financials
2023-11-23,125.22284945980836,129.06762750106085,120.92901216764346,124.75956578493742,1566172,0.02046899085823538,0.06188186484991665,Financials
2023-11-24,133.55557440875282,145.63248122908183,120.52936986195877,132.51190142764543,1506317,0.060284052157279416,0.05680087231597644,Financials
2023-11-27,146.61115482361944,167.18152605443134,125.089716376141,145.50486954852278,1472556,0.0935370902510071,0.0567996154772189,Financials
2023-11-28,136.41521677545842,149.22527808746534,124.64072943963325,137.36850870147356,2050818,-0.057542394532159105,0.06319284091241426,Financials
2023-11-29,144.20041230660917,150.3051290754769,135.31877126446702,141.3007301435184,1184862,0.028223297798841498,0.061573835265797405,Financials
2023-11-30,146.9013764370832,154.9019767811321,138.5452659864517,146.5253891642742,1389562,0.03630826131151792,0.05703115755679485,Financials
2023-12-01,165.0209541256811,189.77409724453324,139.33986613565244,163.9292542772382,2296021,0.11223624007918843,0.05384965943935195,Financials
2023-12-04,154.42774193742824,168.25245734426832,140.61973264434081,154.44307689093543,917836,-0.05960936431003973,0.06564582770789269,Financials
2023-12-05,157.30996326531493,161.50497962942111,153.0208989991925,157.21333865543343,1234480,0.017778133806782406,0.06387872261857247,Financials
2023-12-06,159.0751392377212,163.1915792285107,155.48912898257106,159.59387517630103,1203170,0.015028580297898223,0.05841063489598616,Financials
2023-12-07,159.49184384069852,161.45337497136188,156.34394219330406,158.2907009118454,1205846,-0.00819908647960944,0.053510004195732534,Financials
2023-12-08,159.2219756213379,160.34430629250727,156.43806642761209,157.54860174946865,750050,-0.00469922851118033,0.048997348827123983,Financials
2023-12-11,149.49540838221057,162.13890762150845,136.3172242429426,148.91132491580194,1297746,-0.05638299921101975,0.04498782686415891,Financials
2023-12-12,155.2537496531343,164.46422448620606,145.7282083100224,154.9188129219899,1564606,0.039550198105358446,0.04686128511652352,Financials
2023-12-13,151.2327073792503,157.22273546606144,144.90553975989542,150.88166370173383,968018,-0.026405346615000862,0.04573201023073064,Financials
2023-12-14,153.0424288734001,156.99244909737703,149.37077620173292,153.31427455507085,766036,0.01599405123008716,0.04333266386080681,Financials
2023-12-15,155.52093148243648,158.63234137095995,152.2643672067383,155.3728137974908,931717,0.013337582531454317,0.04050366967364236,Financials
2023-12-18,155.2307917623148,155.7841381804887,154.98443134908217,155.53729133437525,959940,0.0010580392821798762,0.03793575453042594,Financials
2023-12-19,158.8691432934155,165.0477459055199,153.15159293820324,159.3141791310168,1332766,0.023992703414837148,0.035376052556815626,Financials
2023-12-20,169.9283933798095,188.47289600830686,152.27716039438067,170.73760639639818,1559415,0.06924969054848223,0.03446040551379098,Financials
2023-12-21,172.38432904328923,175.1329165850866,169.7433876148152,172.49035089355888,939046,0.010213385571379676,0.04206356600074482,Financials
2023-12-22,159.76952065453398,177.66085562706428,143.20122720296712,160.96825225207544,1291626,-0.06913414349908915,0.03912955218864206,Financials
2023-12-25,182.75912535650608,210.17299415998198,154.72973792403963,182.0349857929878,2638194,0.12299174367598088,0.04518657934818509,Financials
2023-12-26,170.5302392745148,186.92372595716418,154.96166623856536,171.28614265619717,1385493,-0.06086339135386456,0.06326536899774306,Financials
2023-12-27,157.36454832734515,177.11683490217993,138.37952572217296,158.0492120177377,1658407,-0.08042905388355574,0.062110050656882604,Financials
2023-12-28,157.0828555782255,158.32561590300833,156.25287883319024,157.49346960172562,865833,-0.003522458437534279,0.0644705484727019,Financials
2023-12-29,170.75418108999935,192.03809027231247,149.7178519461782,170.97460558689122,1353947,0.08213104557493889,0.058540775988309444,Financials
