date,open,high,low,close,volume,returns,sigma,sector
2000-01-03,145.46120413247078,151.89489082664187,139.64303550044283,146.05304951659997,1336979,-0.026665385531156757,0.02,Energy
2000-01-04,152.89390675789397,161.87857116999464,142.96280863409692,151.88838449045733,1911323,0.039176029978869834,0.02294899600916745,Energy
2000-01-05,148.02414649178507,154.53585435339772,141.0100144396519,147.49860320598964,1198772,-0.029327232598833783,0.02741421771633878,Energy
2000-01-06,145.60778907130603,149.08725983364357,141.69850333299578,145.1674517120398,778084,-0.015930790445253827,0.028813962799048888,Energy
2000-01-07,150.55247927737202,159.124215947903,142.12380804350002,150.68795984295258,1346606,0.03732329206988496,0.028324266528536396,Energy
2000-01-10,148.98598635011587,151.3461514681903,146.99854716594155,149.3538056580759,1325063,-0.008893181758736437,0.030834485225859447,Energy
2000-01-11,147.32681869205845,149.99182864534194,145.40548697866836,148.06092326163846,1089037,-0.008694193089202808,0.029537699395587397,Energy
2000-01-12,149.70403089426713,151.42533219856935,147.4847149435982,149.2002234553041,740420,0.007665352736417788,0.028448530673623875,Energy
2000-01-13,141.62640022535336,153.13023982683777,129.85549461644123,141.33572351969062,1399535,-0.054151107341473555,0.027500341141094068,Energy
2000-01-14,150.34873328813399,160.6832786651052,137.79252733783073,147.96309039022574,1344689,0.045824775289440935,0.033835874072460574,Energy
2000-01-17,147.21681481633732,148.5243291153398,145.78319975740726,147.0895840493017,1359031,-0.005921036944200099,0.0364812226213307,Energy
2000-01-18,145.7212927618604,147.25214908399698,145.23598215893003,146.7633679509284,1055850,-0.002220268540180517,0.03420471436705561,Energy
2000-01-19,140.54677686104145,150.00235403219534,130.88552108831558,140.32626271067429,1718663,-0.04485138866140686,0.03219797240206385,Energy
2000-01-20,142.8128710714155,145.75459561981498,139.3360860847249,142.2665574156787,1158942,0.013732303567738512,0.03508724271258343,Energy
2000-01-21,137.8195706484502,145.25420361995873,129.83768647845574,137.24111483479592,1018211,-0.035963121621155905,0.03336432383742955,Energy
2000-01-24,133.04712592792382,140.15722735534513,125.36016816232116,132.4377016686741,1349175,-0.03562698243364339,0.034417210834316654,Energy
2000-01-25,126.09183286949377,134.96957670141637,118.22070079182517,127.0393001126376,1223808,-0.04161587047864973,0.03518561926256398,Energy
2000-01-26,127.97330489880339,130.51428985321485,125.89114009823814,128.4247794240779,1283636,0.010846870510542502,0.03674512680161076,Energy
2000-01-27,126.69690497606736,131.77029762336025,120.03463364865551,125.0417479484578,1246215,-0.026695693675396658,0.03460941584184908,Energy
2000-01-28,130.4748644559164,137.45027718776583,122.65124729835829,129.5787523199491,1360964,0.035641157198806665,0.034134269305974886,Energy
2000-01-31,131.01827018936288,137.4409622020174,126.33866149915218,132.70124241846597,1410387,0.023811481576562696,0.03496659099501641,Energy
2000-02-01,132.25210483894432,133.11377486553573,132.0056681690709,132.86619391091853,954481,0.0012422570774886267,0.03410539527524726,Energy
2000-02-02,132.8194095706667,133.41637335333934,132.4898545791953,133.08615650240705,1006119,0.0016541507627370038,0.03210566725520079,Energy
2000-02-03,130.7661040714376,134.4217248363951,126.97702460007612,130.6288071732047,1091663,-0.01863694362753417,0.030414298087136866,Energy
2000-02-04,132.86564996993621,135.05386051281212,129.89583477127226,132.0709572435856,1232688,0.01097956491323393,0.029868444430083012,Energy
2000-02-07,133.25404326055022,134.8043049062728,131.550810642314,133.0992716940924,1051922,0.007755920484860881,0.028840627680252612,Energy
2000-02-08,130.96381163357768,135.95235229072483,124.81914514469261,129.7619039537699,1069768,-0.025393990369922567,0.027828916424788897,Energy
2000-02-09,123.4942212987468,132.11167045013755,116.22827149973682,124.77062189310857,1501857,-0.03922423641957464,0.028570738239297674,Energy
2000-02-10,133.45684940676338,146.82799000716716,120.02479922113243,133.38915774366797,1579517,0.06679382716756058,0.03136575800511724,Energy
2000-02-11,134.00601332014944,134.81305557524277,133.11922672381175,133.9257858141143,1525691,0.004014955424252824,0.03944947302996523,Energy
2000-02-14,136.25110094868558,139.98364791366012,132.60571971732668,136.33599534334837,1314286,0.01783658361156687,0.036707311505099004,Energy
2000-02-15,133.1206086118811,138.47065820641618,127.39722960740063,132.73164703382383,883969,-0.026792994464808387,0.03500946917029393,Energy
2000-02-16,125.15464458683378,135.81166213226805,115.4729591233365,126.05994466451608,1525814,-0.051571853341700655,0.034470422511586614,Energy
2000-02-17,132.18644411403966,139.2119479332104,123.66507351180852,130.6066116962325,1542995,0.035432295982936256,0.03807251542867269,Energy
2000-02-18,132.15260765433678,132.32155298659376,130.5508604754873,130.71797175359112,733077,0.0008522739240927954,0.03805167913044805,Energy
2000-02-21,144.28886049231414,167.0058939899533,122.64553141846702,145.2225165130029,2260178,0.10522504774139584,0.03547468369617288,Energy
2000-02-22,143.30374775502543,147.34789777251606,138.49394309902675,142.51585822377018,1905436,-0.018813883474069086,0.052608071125081805,Energy
2000-02-23,129.15556815751006,148.52890338113656,108.70036493382224,127.88278227508499,2524314,-0.108339198421568,0.04865369101833602,Energy
2000-02-24,127.90556559179093,128.30482840942125,127.21856936121449,127.61693119394698,1081788,-0.0020810291602403677,0.06127277215011861,Energy
2000-02-25,122.05436539706349,129.64283751063218,115.82611190828689,123.34854400436187,1169886,-0.03401901258517079,0.05571473492643707,Energy
2000-02-28,134.72459292754485,152.0065217047361,117.125846119238,134.36115447370057,2033648,0.08551731796775215,0.052506183758953745,Energy
2000-02-29,130.81058955924306,136.00361469477576,125.75697751923548,130.9448170378817,852569,-0.025755366631174434,0.05833096276595183,Energy
2000-03-01,129.11503298194472,132.8787589299074,124.68107236655233,128.4246742354869,1158873,-0.01943345073014076,0.05405091868144536,Energy
2000-03-02,132.75963829030897,138.48354272866243,126.47110829177367,132.169572150127,995500,0.02874319590937132,0.04993846512798222,Energy
2000-03-03,127.72935875020035,135.76822445204874,118.7622355797437,126.73875600305887,1776655,-0.04195780714528841,0.04710632586111586,Energy
2000-03-06,125.14281482391833,127.20041961323207,123.75482660713165,125.80508599208457,884450,-0.007394155862322306,0.04625227979216904,Energy
2000-03-07,121.57666032890857,128.77124133885906,113.78169198568996,120.93850890416506,1252258,-0.03945154708963906,0.04265700106566234,Energy
2000-03-08,121.28964914067144,126.01818275380126,118.27330825236325,122.96029473712589,1197747,0.01657927069445608,0.042298457147957956,Energy
2000-03-09,116.41345559430457,125.68616474053887,107.85609558781212,117.07982129667606,1809311,-0.04900556075644984,0.03965549664538469,Energy
2000-03-10,110.0782206535605,120.0152317925499,100.78651637296933,110.67329710005406,1262525,-0.05627334347899229,0.04145212273348384,Energy
2000-03-13,113.82643553430285,118.47224937608333,109.08433717755844,113.7260539559092,1395032,0.02720992898807119,0.0441545712382664,Energy
2000-03-14,109.67539932777937,115.11422061816909,105.44488459854323,110.83882886260193,1157894,-0.025715367075118917,0.04208037504964156,Energy
2000-03-15,116.09047285057197,122.51687141247845,108.63935137164665,115.0057003874917,1456569,0.036904541800361415,0.04019699475117528,Energy
2000-03-16,108.89981579227029,117.51063963633028,101.05038645197152,109.61001928104398,1449372,-0.048052908588151616,0.039961612710762866,Energy
2000-03-17,106.25677412358013,111.2337915476424,101.26394524336108,106.24018567214458,1383113,-0.031226353739880745,0.04151995539404145,Energy
2000-03-20,103.60974187819923,108.33426117654535,98.35972589243781,103.05913811031085,1544630,-0.030399453517927194,0.04031610263804995,Energy
2000-03-21,100.15800553085819,104.16952449185122,96.76978807879807,100.7609115005853,1398729,-0.02255248217788059,0.039229192212760576,Energy
2000-03-22,103.7269561609179,107.98414908005194,99.30577408769713,103.55594845724545,1372293,0.027361533759392966,0.03751580713766019,Energy
2000-03-23,108.21441579346975,115.48858083035377,100.99494993179016,108.26569397284186,1397219,0.044476303880856584,0.03658205376413485,Energy
2000-03-24,103.00596680008721,112.29947076936747,92.74779819361,101.9456359690458,1341512,-0.06014864483411915,0.03830559446238874,Energy
2000-03-27,95.21191564777203,104.94489620260987,85.55204965782298,95.27829554211637,1950656,-0.06763765455355313,0.04262081387069867,Energy
2000-03-28,93.08720979359826,96.38966288884266,89.75009950341247,93.05127784150527,618778,-0.023651320108436697,0.04732287889622165,Energy
2000-03-29,95.19236333757286,97.21774579064105,92.37245787028151,94.38056797045932,1173487,0.014184488349383876,0.04444627807873152,Energy
2000-03-30,93.59876632242971,94.65834071343423,93.4336386894564,94.49163786990019,539992,0.0011761382438487335,0.0413588837434186,Energy
2000-03-31,98.46397098126576,102.57964480456505,93.10051487388236,97.1617577743301,1346838,0.027865853078261987,0.03832301275704441,Energy
2000-04-03,92.60837325461553,99.23503765725768,86.08359254862671,92.70355113437896,704427,-0.04697041586113547,0.03730145453716468,Energy
2000-04-04,89.25069639719807,93.98756443848406,85.31460874113091,90.0176528682052,997507,-0.029400985575508493,0.039294424584102663,Energy
2000-04-05,95.69716305773767,106.86169485340399,85.54637566603552,96.61368967080013,1655112,0.07071465211967891,0.03827406609753234,Energy
2000-04-06,100.5767519364785,108.20332796189676,93.6012922695272,101.1856391689306,1409029,0.04623639514200264,0.04496673895416145,Energy
2000-04-07,105.6710951102474,112.20963588106252,98.92225405948129,105.44692393829997,937254,0.04125089435285602,0.045147278158228665,Energy
2000-04-10,107.94128132329337,110.21437617317294,104.68578069018655,106.9377423910941,703744,0.014039082619814762,0.04456306568015435,Energy
2000-04-11,105.72840620894735,108.82868098741079,101.79252032996217,104.86755228286266,1827558,-0.019548671226768732,0.04145187371364409,Energy
2000-04-12,98.85018979929657,107.92940615528397,89.57911507780119,98.63892734866687,1787974,-0.06123216269266759,0.03913986266592363,Energy
2000-04-13,100.95122866211862,106.01318693451692,96.52772521505672,101.56288192825636,1197467,0.029212148649636612,0.04345054363076586,Energy
2000-04-14,102.3458157091038,102.45256932058307,101.52752047795676,101.63353112841838,660264,0.000695378446362571,0.04169367143532145,Energy
2000-04-17,100.9133751988992,102.87037256293819,98.3823675313119,100.3280130585562,1157540,-0.012928562807336931,0.0386103913847397,Energy
2000-04-18,102.72807599975435,104.71077930115169,99.66581724033091,101.6272745220517,1132460,0.012867000457934362,0.03629989006520149,Energy
2000-04-19,100.11475123307206,102.78305003952224,97.17657267572834,99.83748157932149,829926,-0.01776826940143414,0.03433627193092231,Energy
2000-04-20,95.61265694193366,101.45707272437357,90.61868018304293,96.42088132652486,1399121,-0.03482089030621131,0.0330233306272957,Energy
2000-04-21,87.087222281924,100.25304001016835,74.02413893963539,87.17655653058118,2347010,-0.1007873417879667,0.03397508576638665,Energy
2000-04-24,96.86844519195876,111.91353584500001,82.33817841316494,97.31611812608698,1984850,0.11002918174677884,0.05046938083600121,Energy
2000-04-25,98.99536124131784,101.47545927772886,96.47602961570911,98.95511948880689,1467065,0.016701779459243987,0.06287837344393789,Energy
2000-04-26,99.84714447531623,100.90419163275203,98.60096878185055,99.65599227712966,1335119,0.007057769239774539,0.057487340285753655,Energy
2000-04-27,89.36077986610726,103.12070879643481,75.95666288619117,89.67018156211724,1805222,-0.10558588834553957,0.052452905072076936,Energy
2000-04-28,91.33232637296818,95.11208540920691,88.0695113820879,91.83143976913762,1592286,0.02381643039549244,0.06303413974234727,Energy
2000-05-01,96.36609095181282,103.31298116628294,89.40662540253685,96.35253865155003,1707200,0.04805902260055261,0.0579976341928161,Energy
2000-05-02,102.89933503885845,112.10452414640767,93.1244780165971,102.27369883678637,1767876,0.05963879879348761,0.056012774485549574,Energy
2000-05-03,109.74892844222713,121.27520527873742,98.17092997305478,109.69113735565854,1766929,0.07001603265510295,0.056066591413111086,Energy
2000-05-04,110.23864164988197,110.51754051477545,109.22923812106572,109.50628415403719,1103900,-0.0016866370431719894,0.057880107657656096,Energy
2000-05-05,108.06994771772371,111.01376903897516,104.6063349830645,107.53560071192571,1626133,-0.01815997498793188,0.052730562311118945,Energy
2000-05-08,114.44645310386197,124.94679064841317,103.82984915992348,114.31844180730283,1043540,0.06116594127515671,0.048722453397297076,Energy
2000-05-09,115.34547447293569,115.42734087422035,114.29137038412713,114.37254625002078,963727,0.0004731663821734876,0.050599336239251363,Energy
2000-05-10,115.91139862361008,117.6114849008548,113.80237648811756,115.49637557288898,858573,0.009778079334344445,0.04634941040882868,Energy
2000-05-11,117.22769295311086,120.23558014702294,114.37874716519282,117.38286330543552,1569029,0.016201779153881754,0.04281303424796167,Energy
2000-05-12,121.36959833159946,127.43190527286902,115.2957534741572,121.35745380687271,1070858,0.03329942602103951,0.040071677883218026,Energy
2000-05-15,127.78512678466599,137.02130776164677,118.1437516121401,127.3483637978897,1564341,0.04818599894673136,0.039381712262174566,Energy
2000-05-16,123.40839524333005,130.02290999630597,116.29214316212517,122.87824247975675,1383452,-0.03573238670909855,0.04109767612328863,Energy
2000-05-17,123.09464876081066,123.44262404089578,122.7559209879561,123.10387089088945,1090244,0.0018345112278208772,0.040530676100665616,Energy
2000-05-18,123.46292926364819,125.8180262986044,121.84109444924398,124.18668408970538,1330339,0.008757472514635727,0.037612409904955624,Energy
2000-05-19,129.49755119138482,137.98945253866748,121.15414304544638,129.63705621249824,826416,0.042952720311072085,0.035259873820157286,Energy
2000-05-22,120.53839443385259,133.91396245034727,107.03361639791633,120.39305701780128,1259359,-0.07397680536738163,0.03703170788350043,Energy
2000-05-23,116.39371660255891,122.06314544151745,111.25221164860415,116.8993068526271,1013171,-0.029448926190813116,0.04492174385383593,Energy
2000-05-24,118.36940988334038,121.71381754214909,115.48221579072344,118.81573691416757,998921,0.016260924707165603,0.04294713430212208,Energy
2000-05-25,110.06982350458858,122.3743701349217,98.66650090379903,110.88644489829069,1708735,-0.06906720502623606,0.04018989582794941,Energy
2000-05-26,109.98184212882273,111.66487138514864,109.5196337576525,111.19755387835488,775158,0.002801725340739058,0.04590995537843137,Energy
2000-05-29,114.47857662304925,119.0019597699699,109.6546170951608,114.16563500408726,1451154,0.026341948455066797,0.04227714101038987,Energy
2000-05-30,117.1921012711238,124.06020272697985,111.26059823604653,118.08357888499637,1584561,0.033742336845465584,0.04042239551129201,Energy
2000-05-31,117.12965287976506,118.88067364925317,115.16479410698405,116.91256960671792,1321288,-0.009966282243293557,0.039723517486068456,Energy
2000-06-01,121.1241021835158,126.66812600967394,115.01799878743742,120.53506137103435,1339385,0.030514289208150847,0.03711152503516579,Energy
2000-06-02,129.02091900723175,142.52529052822052,115.65972039373615,129.1506565080527,2067380,0.0690389264847132,0.03662622706791392,Energy
2000-06-05,136.0925846127344,146.22219029175812,125.6189821697188,135.72092454954466,1816471,0.0496211492484991,0.04345273769175606,Energy
2000-06-06,131.71934726438994,137.47073866157814,126.33593391223995,132.07287645433547,1040236,-0.027246887486944895,0.04449551773199318,Energy
2000-06-07,131.03362075600495,132.5174622439894,129.69211908183686,131.1745180850475,1436432,-0.006825228855659252,0.042370270358465155,Energy
2000-06-08,134.83038746515328,139.62921022659563,129.54340052259496,134.32420755540252,1246244,0.023727701406492878,0.039283322295082974,Energy
2000-06-09,144.0027933020085,157.74826295196436,129.48573824631796,143.14978595791737,1762554,0.06363519917343223,0.03766953809826772,Energy
2000-06-12,136.5528770047893,145.74685139669236,128.50218257659355,137.6325057215566,1118653,-0.03930440527158517,0.04292564579020138,Energy
2000-06-13,136.12921889421705,138.7966617007972,133.18436679069495,135.84626513761555,665477,-0.013063288093709173,0.04249487374104809,Energy
2000-06-14,138.53989167934387,140.95552478705517,135.03822883219775,137.4345894794228,303868,0.011624248094079012,0.03962636571510163,Energy
2000-06-15,135.79093289019949,139.79470681677998,130.78611453525386,134.75947612414413,870922,-0.019656559984595024,0.0371007757249426,Energy
2000-06-16,136.51321121118016,137.4633756940428,134.443914051529,135.3862345079644,1037337,0.004640158875137638,0.03548423734671762,Energy
2000-06-19,137.71543049004276,145.65472303101004,131.59538245736476,139.45726806168284,1448518,0.02962654226376121,0.033324683662722586,Energy
2000-06-20,134.55611015622418,141.43262073760377,128.47868620952394,135.32066457012084,1007572,-0.030110977195779272,0.033467707330386225,Energy
2000-06-21,132.76348823182872,135.7706601062768,131.42098298331197,134.4114902507254,787143,-0.006741337629275919,0.03364625669096967,Energy
2000-06-22,136.9848742150137,138.79221813270587,133.80990731240723,135.59896590503067,1105530,0.008795832036440056,0.03181938585841155,Energy
2000-06-23,140.1099160656316,147.35672038282254,133.01517715872103,140.2546524659502,963336,0.033757967107230266,0.030357596286715034,Energy
2000-06-26,138.45567565463293,140.81827011528483,136.7589174167126,139.113450917846,723460,-0.008169922636000717,0.031752275089002135,Energy
2000-06-27,136.9316534491793,139.8795062533401,134.61773705724377,137.5550554088014,492449,-0.01126555393950265,0.030275034666270295,Energy
2000-06-28,136.92151307446022,137.56926642464893,136.9130260168434,137.5607397446714,698799,4.1323224409133864e-05,0.02919416183194289,Energy
2000-06-29,141.29526043409413,145.85257766834954,136.01737829421972,140.55067993495416,1140775,0.02150257184968167,0.027961393459501768,Energy
2000-06-30,138.95407575843018,140.9809276366254,137.66203437382848,139.68211668444562,1130925,-0.006198889225568785,0.028192653454051874,Energy
2000-07-03,145.76182899655274,154.05815201137864,136.8263956617352,145.08414706822276,1531277,0.03794465291742966,0.027232783573642293,Energy
2000-07-04,144.72615324922347,146.8429737988992,143.67752238648248,145.78665891398794,869756,0.004830414034590374,0.030154089336086803,Energy
2000-07-05,151.2420797906537,161.45153333922832,141.8111410170873,151.9748984976909,1232632,0.04157105300597344,0.02882560004428005,Energy
2000-07-06,154.62210432917465,161.1986617820247,149.09786668480635,155.6381244343457,1176762,0.023818231631391913,0.031999297516258955,Energy
2000-07-07,154.15353419684197,156.05066416926616,152.91448278186036,154.80636544364512,1596828,-0.005358516630566713,0.03169006558740832,Energy
2000-07-10,165.89434345674016,182.12743848275818,149.07254255476374,165.24178325291123,1758351,0.06523467361924082,0.030128313272060253,Energy
2000-07-11,163.86694480676243,165.6069629812345,162.77076903077435,164.50650888874583,1129128,-0.004459617231043781,0.038268872531430194,Energy
2000-07-12,163.76566285290554,164.82814319781363,162.7974911453228,163.85941722064393,968958,-0.003941288996796006,0.035701379689566555,Energy
2000-07-13,164.1378543880178,164.33880412823692,163.52528735569777,163.72573254577856,941223,-0.0008161827993847043,0.03349628148368586,Energy
2000-07-14,166.6620658009859,175.970081622852,159.35678701357077,168.58070341776076,1086213,0.029221921826484108,0.031586399315872565,Energy
2000-07-17,163.12150607236651,171.22353360802785,154.9895292338282,163.089991481831,1100733,-0.033112443726731215,0.0320351151812878,Energy
2000-07-18,162.34388270178243,164.11261824846153,160.145701600956,161.90970680405178,972834,-0.0072633289995007256,0.03294638027425915,Energy
2000-07-19,164.56270652751385,167.66839863120794,160.86534688887863,163.95965802409737,1339455,0.012581595466871735,0.03124555281578679,Energy
2000-07-20,158.191029260366,166.45628346707983,150.4718678906614,158.71171450356977,1102131,-0.03253096970077314,0.03007943048471993,Energy
2000-07-21,161.50604094555604,165.27472187469667,157.43846335585584,161.20000300822906,1033349,0.015556408528442395,0.03134577019438144,Energy
2000-07-24,160.70954676937262,162.95520053532152,159.66327249279487,161.90116839321865,1132493,0.00434022868215869,0.030370151863445577,Energy
2000-07-25,160.66320942650057,163.23610771685966,157.6166900756975,160.18188024777953,824567,-0.010676156246528531,0.028994870876053448,Energy
2000-07-26,163.30386752712457,169.91209821306103,157.46453584679637,164.0462218277523,1175605,0.023838307358145513,0.028100873234212023,Energy
2000-07-27,159.25673155862262,166.26556564947055,152.40674828944668,159.40903161880448,1147646,-0.028674803683905573,0.028582634516003156,Energy
2000-07-28,152.97408750200128,161.80986011140504,145.59677342372555,154.3654464845863,1061465,-0.03215060449667869,0.029612670457878514,Energy
2000-07-31,161.1814557772916,170.5659099013125,151.13166713624318,160.4749886872609,964641,0.03881527635531326,0.03092858559234171,Energy
2000-08-01,146.44465568818487,166.260123183059,127.49764877419207,147.2136268004219,2329023,-0.08625332131994598,0.03303416076087218,Energy
2000-08-02,129.49137460957266,149.78441818573145,110.06766841813676,130.24732016150563,2273491,-0.1224496695365127,0.04570503186245903,Energy
2000-08-03,118.40495595995033,135.57876556983047,101.09247330958475,118.24275711262395,2037178,-0.09669533098309992,0.06340542709799289,Energy
2000-08-04,110.20349276233944,121.46331744031315,99.97838971294999,111.1503603791054,1466843,-0.06185589218084345,0.06869276965935206,Energy
2000-08-07,127.51973581044766,146.73973252351323,108.3917754388805,127.59976741175065,2563009,0.13801466543500443,0.0666999249804785,Energy
2000-08-08,128.99849231665215,129.94074834675163,127.28605330156704,128.22264221553905,765406,0.004869597120492136,0.0807236717152509,Energy
2000-08-09,112.27125168813558,129.1119394413559,95.36703993611974,112.19651757190557,1911698,-0.1335161903142314,0.07291505939496082,Energy
2000-08-10,115.45223350769155,119.75051774911192,110.73403333702066,115.01607957670261,804346,0.024819986071752145,0.08382881766230775,Energy
2000-08-11,110.85477398103096,117.47674208305109,103.92340849793351,110.52572041233532,812599,-0.0398236832100905,0.07625104125727496,Energy
2000-08-14,110.33740473265756,114.70609818875754,107.86324442157228,112.19038736187527,1031232,0.014949057496745643,0.07063473576023035,Energy
2000-08-15,120.83505481802237,133.6899143333002,107.62371993196075,120.43614165761215,1769030,0.07092235242848074,0.06422564802896272,Energy
2000-08-16,123.59716140885229,131.926239951397,116.72919349055257,124.98135599473396,738272,0.03704490642564664,0.06445497733217045,Energy
2000-08-17,122.87079008254611,127.10674837800985,117.93081342499381,122.14163414175387,895082,-0.022983267179112733,0.06024453540467569,Energy
2000-08-18,119.74373546326972,123.16830819769311,116.61637650286661,120.03338444620796,1447289,-0.017411399147820947,0.05552258839818395,Energy
2000-08-21,112.76794939365891,123.27848740229857,102.39399093364766,112.89302294413727,1373035,-0.061329237109130776,0.0511045964761491,Energy
2000-08-22,116.35854128257112,124.10840392417619,109.63373037374791,117.32758804837744,848595,0.03852924953451893,0.052474137662759386,Energy
2000-08-23,117.56252556248866,117.73992559156943,117.03274956017074,117.20961705578428,826022,-0.0010059896679488738,0.050254388457269705,Energy
2000-08-24,122.53952381392939,130.349211612516,114.50270138256826,122.29692807154447,1042723,0.04248799383533454,0.04604948044932899,Energy
2000-08-25,124.32437775765636,129.3932572604738,120.07429778702655,125.11611154480258,1940744,0.022790274105450353,0.045466780870710655,Energy
2000-08-28,125.99731858847763,126.0592378794043,125.09560270061183,125.15710908452351,411250,0.00032762226805212495,0.04279827121819771,Energy
2000-08-29,119.89103513073131,128.17979552298974,111.25639948811802,119.51947154129445,1416287,-0.04609052090909165,0.039564753453872385,Energy
2000-08-30,117.65218481216107,121.05765331116004,113.84183679091821,117.23523663268669,998102,-0.01929681404804057,0.04087720869070292,Energy
2000-08-31,113.64025375510502,118.92093700948907,108.42470286968329,113.70252802903663,1374049,-0.030596851104429154,0.03863433715149415,Energy
2000-09-01,109.09608339188499,115.74296007386651,102.7400725097617,109.37093608950578,2048222,-0.03884044647928563,0.03787498779318942,Energy
2000-09-04,111.63715469338828,113.87029474737216,108.62206421243818,110.83924319932186,362628,0.013335703870974887,0.038391389694486654,Energy
2000-09-05,118.28080576339342,127.95612306107111,107.4767307688467,117.05149063592226,1926096,0.05453303678610377,0.036135788241012524,Energy
2000-09-06,118.96646700850505,120.72572072620352,116.46307018061424,118.21115447881753,1270863,0.009858541161141893,0.03988375569836198,Energy
2000-09-07,119.07856084268568,122.63338930598496,116.43721075620071,119.9722165284449,1345917,0.01478771699284279,0.03724445999016748,Energy
2000-09-08,123.45999755577044,129.54755076659586,117.6934929531813,123.76671993644406,1352242,0.031138315874253083,0.035249415967451306,Energy
2000-09-11,125.34061174071363,128.33026297699567,122.59984410310652,125.58416956825704,1308947,0.01457770470157913,0.03520591240345637,Energy
2000-09-12,124.12353633654617,125.99708862273377,122.88271210055426,124.75000180704306,900361,-0.006664458504348818,0.03351777790490952,Energy
2000-09-13,124.73822848638363,124.85207973134503,124.56032417387691,124.67411690282688,595210,-0.0006084809035311541,0.03170828597732303,Energy
2000-09-14,125.9193442586648,126.6736303651728,124.42318166631455,125.17299697934172,1431752,0.003993488111768602,0.030073042031814053,Energy
2000-09-15,128.40095474835093,132.7341862448469,123.70070018672234,128.0211129108246,1568359,0.022498438608386497,0.028738519059489296,Energy
2000-09-18,134.6383062849545,144.34727347979745,124.6395327398153,134.32597744019557,1797067,0.04807431833599401,0.028924884496889597,Energy
2000-09-19,136.91779662412486,138.74529302181972,133.7176521251271,135.52657939197965,1285794,0.008898265688142917,0.033406439005785944,Energy
2000-09-20,132.88673772668312,137.4875770912403,127.84907365604364,132.4342467600935,1164935,-0.02308150757185919,0.031696514058747134,Energy
2000-09-21,130.8570745522985,132.46372566947852,130.76961310332203,132.375249512033,1402597,-0.0004455825781714941,0.03136317269584747,Energy
2000-09-22,133.60887486113577,136.87973617299556,130.9102465464631,134.16977873752748,1448183,0.01346531467303325,0.02978168334420903,Energy
2000-09-25,133.0959416067889,134.71342615773327,131.4697695438027,133.0871472185574,1400882,-0.008101847591631578,0.02892673737458756,Energy
2000-09-26,131.31363021628704,133.50017616926982,130.07554811771686,132.25323506692834,1317133,-0.006285623696138393,0.027915065793767936,Energy
2000-09-27,129.72988641113727,133.7559882267994,125.5247058540537,129.54507204888068,1741141,-0.020689664898046637,0.027006056328233722,Energy
2000-09-28,125.24438018491973,131.25119764468025,120.00880654972164,125.98467746393267,1028030,-0.02786857516730048,0.027343573244219665,Energy
2000-09-29,121.82936448973773,129.75072979694085,112.79626194633347,120.64031506442987,1775296,-0.04334677626301597,0.0285418188013295,Energy
2000-10-02,119.95679419063781,121.05622295061292,119.7089366312747,120.80660948283582,632720,0.001377482401256417,0.03214886915973462,Energy
2000-10-03,123.78863860677923,130.17290714886266,118.16814867519658,124.5192448279844,1115158,0.03026928262475105,0.030448718351757505,Energy
2000-10-04,124.52029946939099,126.93801180526873,123.07796882071779,125.48451258302501,786929,0.007722064353198082,0.031291116630831214,Energy
2000-10-05,126.59157586777943,128.62755438766078,124.70418978164506,126.737985443822,768214,0.0099395033368607,0.02987058294852421,Energy
2000-10-06,126.90794061588119,127.43099514450356,125.86930663204224,126.39022739153076,986292,-0.0027476847972579517,0.02878576800322083,Energy
2000-10-09,126.92778309692112,130.2547514472121,124.62167740735292,127.93042904055623,1415598,0.012112429253345759,0.02764107120554419,Energy
2000-10-10,129.92079068823992,131.48295973780478,127.40942450655123,128.96004149702716,1456574,0.00801600750369734,0.027078214403364328,Energy
2000-10-11,128.9192951376692,129.76442814018466,127.55595770494963,128.39767119131355,1138403,-0.004370346588346614,0.026386023055105397,Energy
2000-10-12,131.8991210992873,135.09086880757206,127.32826667713148,130.48581462997484,1058847,0.016132266748930417,0.02568740468647979,Energy
2000-10-13,136.34156914569311,145.82781746287046,127.06685530507177,136.5396303918023,1624991,0.045350384326345784,0.02582463382490416,Energy
2000-10-16,134.7115290660591,136.7481916454631,134.09041088770448,136.12057673200675,1113475,-0.0030738184655798085,0.030692474216563213,Energy
2000-10-17,137.53689801825212,140.81068888106668,134.72441631071507,137.9889629320284,685267,0.013632616643541469,0.029241060733520237,Energy
2000-10-18,139.32369639965071,141.47001153300343,137.23169475058086,139.3772064094944,1086803,0.010010269624529264,0.02849401589350999,Energy
2000-10-19,141.7145986733348,145.54527125851294,138.00393151913914,141.8315420489823,1551655,0.01745605693383347,0.027650641549248834,Energy
2000-10-20,147.06849661535668,154.39643822575823,139.3163059035869,146.62200005230503,1479246,0.033217816999322275,0.027520055796084828,Energy
2000-10-23,145.32182121612604,146.63509509071454,145.28287054536472,146.5958029540755,1178520,-0.00017868695577566852,0.02951942211063366,Energy
2000-10-24,145.27266687541507,147.90510721656676,142.21099379572033,144.8355126016632,1109420,-0.012080457151237525,0.02823334579448278,Energy
2000-10-25,150.84683377735197,160.42719899167054,141.42357323101695,150.99470129959286,1864591,0.04164604281206915,0.027560625329409776,Energy
2000-10-26,138.2252355399739,156.3305630822022,120.77358058933861,138.80563027713893,1726757,-0.08417013426171559,0.03110995639862241,Energy
2000-10-27,141.3650873601712,149.08061074568218,135.23031099045923,142.88008835293135,1115933,0.028931124293236264,0.04401085360390814,Energy
2000-10-30,127.78552800147726,147.40826681263107,108.61769880125567,128.18110157620094,1908682,-0.10856161548163776,0.04213212172305485,Energy
2000-10-31,123.23964905704071,129.80786150432075,118.28614854384259,124.79196704557283,972675,-0.026796032776245152,0.05734052840798116,Energy
2000-11-01,123.53718990701205,125.24353699792901,122.17619512543514,123.87877896957643,726579,-0.007344588743418587,0.05327338044809092,Energy
2000-11-02,124.39744872427431,127.28361523904361,122.36381339430284,125.23626700333953,1394245,0.010898590771364378,0.04877021528622896,Energy
2000-11-03,131.59417245642132,140.8735348891097,122.0081055663191,131.26419999229992,1813088,0.0470099967674547,0.04495157407001837,Energy
2000-11-06,142.18873038116087,157.74106963918945,125.74996159957053,141.1934375793858,1779178,0.07291876187532771,0.045254902259415974,Energy
2000-11-07,144.9459078712693,150.25809833276114,139.38304925332642,144.68570335773774,1156639,0.024432978893108772,0.050358483077055115,Energy
2000-11-08,150.15529234014338,155.16806040771726,143.0030415595869,147.94191859709557,1069450,0.022255928021587084,0.047099119130789506,Energy
2000-11-09,152.25904798843672,159.35499781932143,145.3794655579004,152.4660617996405,1575625,0.030122270877278284,0.04414703351452226,Energy
2000-11-10,154.11661030240114,155.32169308543487,152.06451385580382,153.26292139597317,854235,0.005212861355087641,0.04237064001082,Energy
2000-11-13,153.3924250349721,158.52687422573592,150.2655914045222,155.3599338384273,1293429,0.013589691623676901,0.03924656668381714,Energy
2000-11-14,160.29714916397717,169.96432702673323,151.51688725050238,161.13800719055723,1261462,0.03651660664487947,0.03687731490954622,Energy
2000-11-15,152.3729104625434,164.256821452421,142.73175509442686,154.4822038735313,1064296,-0.042182280909162595,0.037255448837435846,Energy
2000-11-16,144.27019424515177,158.37958593476526,132.00588700369107,145.97071834179303,1025436,-0.05667286212803604,0.038435354790452576,Energy
2000-11-17,136.55814258166274,149.91410798596738,124.00634304268415,137.29461524964657,1722560,-0.06127694915237302,0.04199515678696628,Energy
2000-11-20,127.9434823075272,141.2304905842483,115.34881891120477,128.57378103896667,1556779,-0.06562618206711865,0.045542334475330536,Energy
2000-11-21,136.47516715383483,149.2210100956361,123.95555348848819,136.6823870185139,1624319,0.0611569803085349,0.049043885954074794,Energy
2000-11-22,131.82079571893468,139.32731056402056,124.09732680592185,131.5907412339024,1132466,-0.03796323032920694,0.050845537027843606,Energy
2000-11-23,137.32452294188798,147.80822824810758,127.54934808992327,137.9859696211103,1380196,0.04745534952559683,0.048830276848223116,Energy
2000-11-24,139.48295505822574,139.75191367650746,137.89705074258998,138.1634650484881,792613,0.0012855029164408945,0.04842848623949314,Energy
2000-11-27,142.07222170264563,146.32783216301243,136.72821378110083,140.95021584274798,1276978,0.01996923540889287,0.04445787333219222,Energy
2000-11-28,146.6647999477121,158.0219646023439,136.39808298015444,147.68390876040854,1824258,0.046667489273581164,0.04172550245832116,Energy
2000-11-29,155.4871502228208,165.3356828631142,144.2958985847185,154.05363242386858,999562,0.04222656610178597,0.0426555064157544,Energy
2000-11-30,155.15947483848294,155.27275183399513,153.86625596946112,153.97867089758844,832150,-0.00048671212046027287,0.04269726238038976,Energy
2000-12-01,146.89788721798496,158.662497583502,134.28260730996723,145.9731589687731,1626425,-0.05339133002895299,0.03947759497648138,Energy
2000-12-04,144.4248895661931,146.46821815840931,142.93505513698892,144.97273238273485,1250661,-0.006877089923946646,0.042123384508379345,Energy
2000-12-05,154.88774016422073,173.5787661079777,137.61360201075843,156.16246224584245,2141482,0.07435121779230676,0.039071700408683595,Energy
2000-12-06,163.03554134630022,174.09398202555764,152.1954259930913,163.24025538389228,1300848,0.0443261850092906,0.04637341648337543,Energy
2000-12-07,173.35294319736366,189.82889606379726,157.23398732565133,173.67956936225465,2247951,0.06198897107219677,0.04599039689646259,Energy
2000-12-08,157.86193173848724,181.5412214992603,133.42659967740474,156.97247020871146,1948030,-0.10114160509363321,0.04866711585397035,Energy
2000-12-11,159.92688262064547,166.27552519526526,154.34501412495086,160.66779684596412,1136574,0.023268418684952365,0.05940735791610737,Energy
2000-12-12,165.94370095467414,176.73480760117997,156.29173543192124,167.0202269178563,802363,0.03877606468227939,0.05481423388019507,Energy
2000-12-13,165.66796054229667,167.50044309174916,164.22221074942595,166.05134756020982,1023442,-0.005817861172988103,0.052241914853255786,Energy
2000-12-14,180.78904593252,204.8121317258568,157.18021878348853,181.15545593446447,2348753,0.08705847203391419,0.04783775977532901,Energy
2000-12-15,170.06562146521486,187.23209563813018,152.2701383398183,169.36599167456333,1734869,-0.06729353067761369,0.055386258595337905,Energy
2000-12-18,165.6848767026457,170.5205209611248,162.1996120839531,167.00743565053236,816991,-0.01402366825528122,0.05686275585662864,Energy
2000-12-19,160.17231126514469,170.03536206658947,150.73578321538346,160.57510356783527,1037154,-0.03927656815432249,0.05211715546332676,Energy
2000-12-20,164.21009461960304,168.84069455447582,159.00836109727177,163.6223881562991,900661,0.0187994936023866,0.050043537402626,Energy
2000-12-21,170.3725916003254,181.30927924294647,159.68702995651577,170.60889682309013,1586941,0.04181252216466341,0.0464381056091907,Energy
2000-12-22,172.01894536886692,179.52272944143326,166.71450762588506,174.15250062523924,1208851,0.02055757184809832,0.04568852343337273,Energy
2000-12-25,186.1339834072856,202.7931178441534,168.31484639266841,184.85995424088753,1374614,0.05966717856285777,0.0428175781993907,Energy
2000-12-26,187.85173320603195,191.38862315503732,183.67042773127727,187.19495173755263,640382,0.012552062163217378,0.04583341392408538,Energy
2000-12-27,191.63914817278805,200.4138836953561,183.69726698256486,192.43886092761247,964233,0.02762790124372198,0.042475812002028,Energy
2000-12-28,183.80032926173945,196.42266990793567,171.27742449741092,183.8934224094679,1534055,-0.045422133952384015,0.04071671429837173,Energy
2000-12-29,181.642562049638,186.11021036937788,176.45321932429573,180.9026693747057,1060242,-0.016397215385819053,0.04166240747391383,Energy
2001-01-01,171.30302307018297,184.41060786577228,160.4417654891071,173.41541657167107,958843,-0.04226918041263838,0.039101601732912245,Energy
2001-01-02,177.47846502075905,183.4333763256738,171.38797818411274,177.33818261204712,1359802,0.022368577897486485,0.039889230982520264,Energy
2001-01-03,173.58138502417646,178.9911643978558,168.5339994701011,173.93353894052166,1054607,-0.01938527971906807,0.03805224816321464,Energy
2001-01-04,178.0464820350374,185.48456035369782,171.0983339481356,178.51801114996218,1608111,0.026016232793016687,0.036259443358770335,Energy
2001-01-05,171.03407739471712,182.2176728472249,159.72817990273137,170.90321875587253,1833642,-0.04359207483819324,0.03540232254332143,Energy
2001-01-08,169.3396327088678,172.69762140609427,165.31427061167446,168.65875762112537,1048154,-0.0132199361465078,0.03725184426943031,Energy
2001-01-09,167.97724303042781,169.49023466883418,166.13900333033612,167.64903879290517,1412631,-0.006004748465172713,0.035162123484465097,Energy
2001-01-10,164.09957345555992,170.12470625775651,157.58860287707998,163.59521758672264,1334050,-0.02447754809400638,0.033083356736717584,Energy
2001-01-11,175.25507562494747,192.89102914284862,157.34187846356642,174.94681127824208,1699911,0.06708680078646338,0.032641681152772946,Energy
2001-01-12,176.04346493140525,176.78380116581366,174.70019245415716,175.43798238177158,866201,0.002803611538763637,0.04034202901129079,Energy
2001-01-15,172.70644774388725,176.24375574657762,170.2816184901641,173.8035233560711,1544076,-0.009360118611278929,0.03745881043823076,Energy
2001-01-16,165.5560640034568,179.46595954105976,150.5285444577452,164.3359248222951,1656189,-0.05601283014037872,0.03515212307415338,Energy
2001-01-17,170.3346042115314,178.15166209961387,161.66540140472844,169.44147131145527,855707,0.03059491023278247,0.039486111182877696,Energy
2001-01-18,164.6795569581082,170.86272873205175,160.38799607839442,166.5231243558091,898273,-0.017373380395987167,0.038571098777453384,Energy
2001-01-19,168.12360118145267,168.54717783225541,165.82482261540966,166.24366288201057,862789,-0.0016796239902315889,0.03654393083232294,Energy
2001-01-22,158.41018928780184,169.74105568501056,147.42334566166323,158.7318992454504,1424122,-0.04623795003564043,0.03418757486360165,Energy
2001-01-23,151.30241743158032,161.4651013773964,142.87395746933043,152.94513226144028,1669247,-0.03713736636565979,0.03682016327460066,Energy
2001-01-24,155.78509396385363,160.85340516940022,151.03015386357302,156.0891835161202,1432701,0.02034828869820655,0.037302240360884316,Energy
2001-01-25,153.7734410910884,157.54768056688235,149.78701361876716,153.55591407739198,1041399,-0.016362771312627727,0.03571097361729002,Energy
2001-01-26,149.24017760550353,156.23994653583222,141.8482741172972,148.82874577956886,1727598,-0.03126847404694476,0.034064350164214635,Energy
2001-01-29,153.9798286320974,161.63053071410317,146.1973343146094,153.841145744329,1023932,0.03312426114499068,0.034277712614348296,Energy
2001-01-30,151.1972383617883,156.29698422422956,145.34692096100144,150.42046703019736,1459846,-0.022486062654303553,0.03470665306706645,Energy
2001-01-31,153.62488567767895,159.54463742727086,148.1393733333738,154.04415418447198,1346981,0.023804790567652837,0.033756256690399784,Energy
2001-02-01,148.00297514065358,156.30276329403569,141.0673339941484,149.30605774449467,1797790,-0.03124099877007614,0.03311477163886232,Energy
2001-02-02,146.71730130848024,150.449256811737,143.2381759518719,146.96427493914058,1383809,-0.01580874841426421,0.03352119450702771,Energy
2001-02-05,155.01611436584517,164.61051167603532,143.67593389352288,153.15515076427064,1470240,0.0412619352486453,0.03219353761092765,Energy
2001-02-06,151.75171458749384,153.51615396835203,150.66834534659586,152.42795697179713,712019,-0.004759393741032419,0.03441687356798232,Energy
2001-02-07,155.78204922394565,160.8124098486566,150.71573936761226,155.7449004196954,1844280,0.02152734391743913,0.03241935723102651,Energy
2001-02-08,156.6991261400231,156.717531777249,155.7144130706994,155.73270519361427,1106659,-7.830563653755799e-05,0.03178562189165542,Energy
2001-02-09,167.43552007126047,182.75887116672396,150.38113003450238,165.53010114685225,1520591,0.06101194891399342,0.030137377573328017,Energy
2001-02-12,153.94905702887203,170.67244293556917,137.29870597452805,154.01496374435442,2013064,-0.0721032934560136,0.0372152913214505,Energy
2001-02-13,162.68840443278776,177.7552119464046,148.33593510332906,163.34483216575393,1625093,0.05881373610900952,0.044584919710513614,Energy
2001-02-14,165.76482204560614,172.06720118161448,160.54246516409307,166.81185784059994,885472,0.02100307659597506,0.04700117430170642,Energy
2001-02-15,178.31593378970445,197.31565521921198,159.80907477283662,178.76245332174904,1865329,0.06919127051088901,0.04397110065220076,Energy
2001-02-16,174.8543362326089,179.52258550552207,172.58471163272168,177.22222549559658,1778388,-0.008653391727035055,0.04863004155138497,Energy
2001-02-19,168.32228422197198,182.87595060224825,152.83071653507258,167.29561380949477,1257821,-0.057642066220552075,0.04475641776649211,Energy
2001-02-20,167.61816706182506,167.82294810927053,167.22737378464385,167.43192730082583,852355,0.0008144743537651271,0.04691375826724175,Energy
2001-02-21,177.2162773733552,190.38363506361299,162.86223957650793,175.93434859668875,1429557,0.04953404162574784,0.04313722379890361,Energy
2001-02-22,175.43213382656577,178.30590888768734,174.0193424636424,176.88144591389937,880276,0.005368804950789267,0.044234593404128345,Energy
2001-02-23,170.32808168658474,179.61881344421658,161.8710447273077,171.1223403854708,764509,-0.03310096951536375,0.04086175489247601,Energy
2001-02-26,169.8320280319434,171.18768365780664,169.63717839984565,170.99150375002586,1077126,-0.0007648719516403062,0.04000121920320412,Energy
2001-02-27,159.3691334405542,175.9411914844393,143.50289136313924,160.0110430927141,2207799,-0.06637103741435676,0.03715058256016438,Energy
2001-02-28,155.28396555518046,165.31555937161508,143.3647871801385,153.26601836387078,1424347,-0.043067738430339834,0.04318448585738128,Energy
2001-03-01,148.86751672183138,155.209954856376,142.8877648121709,149.21619705778363,1237134,-0.02677885250518431,0.04324516584589215,Energy
2001-03-02,147.73577363114325,149.7847951211029,146.02046839704738,148.06565970227547,1401037,-0.007740419227002447,0.041275677298563324,Energy
2001-03-05,159.29277443001374,175.53248125995123,142.32219881206404,158.4789357690195,1861589,0.06796586511031619,0.03836577045538863,Energy
2001-03-06,150.23874250387536,162.2576664300909,138.25659373742278,150.272801333875,1403889,-0.053169369261919945,0.044389747657961644,Energy
2001-03-07,155.62963888829543,163.3237533379949,147.62995748824926,155.30817942601195,1453732,0.03295907945153467,0.04583019781614049,Energy
2001-03-08,150.82620054058415,157.20752694281376,144.9966474239989,151.3574409597242,1349923,-0.025767199136892866,0.0440825448815871,Energy
2001-03-09,159.11739421614402,173.87896422218108,145.5454682316944,160.21354223815214,1608922,0.056863366201240495,0.041883277012356106,Energy
2001-03-12,166.8882937313029,177.03483074107018,156.69711133109183,166.84075826155973,1154248,0.040532249777820994,0.04459129373538587,Energy
2001-03-13,183.76037890381565,208.91821101780312,157.76064619522302,182.7849344649,1817104,0.09127042606268476,0.044012910292369,Energy
2001-03-14,176.2906726569223,188.35175867109996,162.6874413088912,174.63527155778198,1088733,-0.04561060371639589,0.053844708365566415,Energy
2001-03-15,176.7589359171731,181.55123713453347,172.6111785384542,177.38870190866072,1162864,0.015643744241073742,0.05226328702717075,Energy
2001-03-16,173.6261452992587,178.94969212142857,168.87067787639148,174.17908029530273,1238082,-0.01825941369475505,0.04818578573386104,Energy
2001-03-19,180.91148849502332,188.91855066038994,171.4551013830528,179.39504649889315,923955,0.029506370700855614,0.04480521047493343,Energy
2001-03-20,186.2266782372752,199.21983207523726,174.29466552925885,187.22392335848616,1240843,0.0427150138421217,0.0428555643452856,Energy
2001-03-21,203.66400843757964,227.37088978175092,178.77958025949147,202.33133597168714,1919636,0.07760127910683215,0.04292977262241472,Energy
2001-03-22,225.7832376836507,259.65072333619827,190.88017559585634,224.56491246571335,1884337,0.10425817707140074,0.04977615975326193,Energy
2001-03-23,206.2112067096522,232.31954499055198,180.89761594344077,206.91906109855614,1772130,-0.08183710015933084,0.06093109211858536,Energy
2001-03-26,214.1224192303324,223.3062033436019,203.78875842875604,212.9210138526876,1007396,0.0285935623377842,0.06383318129142618,Energy
2001-03-27,204.16020106540748,216.26281301704535,193.86903799313026,205.8847215361308,1233437,-0.033604861994234285,0.05901168357284833,Energy
2001-03-28,207.83632329438817,209.0069218706991,205.49527686894183,206.6592457799432,1314070,0.003754873250757952,0.05527473248175256,Energy
2001-03-29,206.2160141433374,208.47853398001308,202.90231322019,205.15317197663677,432489,-0.007314400697975736,0.050461388226175845,Energy
2001-03-30,198.20122335038366,208.9791810997349,187.09023125712326,197.84903754160044,754608,-0.036252577278656974,0.04631529369447907,Energy
2001-04-02,190.4863060323402,202.66607061074586,177.46994940353053,189.59256804584774,1416371,-0.04262691225106703,0.04486894859372606,Energy
2001-04-03,183.88111756303684,192.23646022450083,175.71285724354797,184.06024290308216,916069,-0.029614279877282414,0.04453241612055392,Energy
2001-04-04,192.38728579654253,209.21934777671223,177.2588614578173,193.96672391043126,1291539,0.052423507011179434,0.042638711335180365,Energy
2001-04-05,203.46030226845352,215.5389321359801,189.81744179849017,201.79734872020242,1292990,0.03957735156148398,0.044347281501378955,Energy
2001-04-06,217.23779089376623,239.82931520598092,193.79190558586328,216.2842689044228,1397745,0.06932963250168697,0.04368409452813728,Energy
2001-04-09,238.07539682363182,271.27795053753897,204.25528177732198,237.3577509070573,2111502,0.09297489830782155,0.04845234548726648,Energy
2001-04-10,242.79065556638403,250.47188595921787,234.74773693408338,242.41715065603861,1194227,0.021091504736635437,0.0572254627231306,Energy
2001-04-11,252.31353734718687,266.38056699211114,237.5698057616215,251.59688020908422,1333749,0.037168119720736865,0.052787598950032336,Energy
2001-04-12,242.3843963668572,256.0626546371636,228.63338689497596,242.30729412454113,2065702,-0.03762139388324831,0.05036312987557285,Energy
2001-04-13,238.75107791421047,243.5582902309628,234.97398604222647,239.76515544090242,1421701,-0.010546805777748702,0.04838864817649727,Energy
2001-04-16,229.08210816862933,246.70436997491552,210.25706042514372,227.77908661201153,1331386,-0.05128368440225894,0.044607782781663774,Energy
2001-04-17,251.59978709562736,289.91514972477677,213.85981903128325,252.10013019545806,1873369,0.10145010975620619,0.04567697308970302,Energy
2001-04-18,255.1223550444237,265.65268849854056,247.03152021541754,257.48686662025,1050699,0.021142364749121546,0.05755803516401429,Energy
2001-04-19,235.67106478331246,268.31574157385353,202.2535938676109,234.7740128476727,1829461,-0.09234531137868272,0.053079109521837864,Energy
2001-04-20,257.58298284313014,293.29941379075996,221.8047499196788,257.51123188679304,1508470,0.09243993412246318,0.060274886761808914,Energy
2001-04-23,244.22391940809095,264.57829270993506,223.29176455883515,243.5936055644939,1753234,-0.0555620523743829,0.06548450803360983,Energy
2001-04-24,235.73575797651478,246.66889167316802,226.3130543081199,237.1881343913158,1013520,-0.026647643528999232,0.06319531536064346,Energy
2001-04-25,246.10592609204977,259.89410379947674,232.38513470969372,246.1697539158345,1414311,0.03716771229426941,0.058321804178816654,Energy
2001-04-26,217.0059043043239,251.72745955130924,184.45501865867533,218.893443088095,2139529,-0.11743630435564104,0.05503055605494303,Energy
2001-04-27,217.70828708920862,220.6728153227658,216.64919610899292,219.60449978893433,723130,0.0032431501019885914,0.06775974112169847,Energy
2001-04-30,215.71396516420333,221.60835190761696,209.7478807761034,215.6402533431015,883994,-0.018216674842004444,0.061438454707872334,Energy
2001-05-01,215.86353210385326,217.84147080468267,212.36314695200957,214.3270066038133,954387,-0.006108608469903682,0.0562985262671939,Energy
2001-05-02,202.77439228224577,220.58815268993618,184.37747676680902,202.13507286934635,2005480,-0.05856676544868344,0.05139276712244754,Energy
2001-05-03,202.32013095265043,203.4733957083345,200.22055096592396,201.36839061346592,701400,-0.0038001318348097647,0.05222531103085806,Energy
2001-05-04,205.38655692251245,209.9880371418792,199.81925596988697,204.39860204924435,745599,0.01493599934456855,0.04779280950216447,Energy
2001-05-07,212.36803155493234,233.67649875140884,194.90208066634443,215.9185405608169,1920527,0.05482919050387632,0.04428074890458932,Energy
2001-05-08,200.42066207168398,221.67135221197907,182.28923123411235,203.281142638597,1875266,-0.06031124951606898,0.046038720644014264,Energy
2001-05-09,216.7979943580972,243.5351940122235,192.5381268107417,219.0260097725767,1358295,0.0746005288446355,0.048386651687820866,Energy
2001-05-10,232.1849468317205,255.03194262055268,210.4049548252917,233.1604445426248,1584420,0.06253633092534693,0.052988680723638444,Energy
2001-05-11,246.91857046799285,268.4383534841542,225.51868291928156,247.02890360588873,1956599,0.057778528654612415,0.054155878080832824,Energy
2001-05-14,260.60321716005797,279.35436213916694,240.5195017367397,259.16733057979525,1401530,0.047968568675528754,0.05428665637694593,Energy
2001-05-15,273.16730021538865,294.5038949875073,251.69515476387272,273.0202648764369,1069506,0.05207210564196388,0.052941291876830145,Energy
2001-05-16,253.71116985638346,281.1616515543827,227.56128076854324,254.89023661856484,1652080,-0.06871301488918204,0.05243042948868867,Energy
2001-05-17,256.0288512308931,259.75639954394825,253.11387297647042,256.8322740391129,782367,0.007590233783962354,0.05483959984690649,Energy
2001-05-18,258.6882011776917,263.92839901075735,254.43720366443463,259.6614088721308,973727,0.010955267110248752,0.05014526015915504,Energy
2001-05-21,262.5078861399641,274.4098984936434,253.72029284879366,265.521425349565,1669877,0.022317026789524304,0.04614802676997152,Energy
2001-05-22,265.5924528912255,267.47831959544123,264.42076279999156,266.303492674604,1202356,0.0029410727563451487,0.043340740101182613,Energy
2001-05-23,259.91558793211476,268.46839795172883,253.3582354172132,261.8619413204207,1224512,-0.01681918494403455,0.04005038437216707,Energy
2001-05-24,257.0277451977045,262.097877550489,256.8888368557015,261.95630561216836,944004,0.00036029402687289203,0.03775790484142235,Energy
2001-05-25,262.7025107690904,263.27611070993913,261.00413059353997,261.5752692496946,1212013,-0.001455638773479118,0.03522139937848856,Energy
2001-05-28,262.0962638147766,263.77689201239434,260.7762104147357,262.4550316704277,949393,0.0033576808277174575,0.03305685121089157,Energy
2001-05-29,269.22705998913625,278.9602077417844,259.13764003725527,268.8574246634801,775113,0.02410145981868963,0.03123932509937342,Energy
2001-05-30,261.43660610081184,272.69877968003385,249.99204770610385,261.2460108162163,1574248,-0.02871868569387015,0.031110261987650642,Energy
2001-05-31,254.4394308919897,264.5046198254772,244.3979562426363,254.46224482234413,1302746,-0.02631005897723464,0.031591029691190875,Energy
2001-06-01,264.154284217325,274.91250270990685,250.81715936475746,261.46588745142753,1413112,0.027151350896964983,0.031657975394323586,Energy
2001-06-04,260.0821545421425,262.0620243305098,258.2867269903788,260.2653322463998,1332833,-0.00460220618859066,0.0318176256685441,Energy
2001-06-05,273.12317148769455,293.72315359153595,252.8756928802016,273.4513463506263,1231862,0.049422094061580324,0.030216983433447198,Energy
2001-06-06,280.95923046396666,292.14674835735076,269.6261148896067,280.8075948013002,1605752,0.026546005446909916,0.03459529415207409,Energy
2001-06-07,277.6379355370148,282.0164782426371,273.98859023810456,278.3576725332872,1349274,-0.008762840212143146,0.03410529376435469,Energy
2001-06-08,270.42659706407306,281.89348582747897,259.54681320493563,270.99099514441485,1123857,-0.026821286508687696,0.032280876002517,Energy
2001-06-11,272.59490162367024,274.8487811057313,267.2730577995644,269.5013591365573,1187906,-0.005512158563583302,0.032273071993367305,Energy
2001-06-12,262.8962057563151,271.7873475717585,255.96516152059894,264.80595437005826,970597,-0.017576123412854278,0.030623496281707747,Energy
2001-06-13,266.3288445889321,270.6578674220899,262.8222275260348,267.14056287546094,1451427,0.00877766248791571,0.029942892925470598,Energy
2001-06-14,264.1584654422978,268.19008183019554,260.9947706305118,265.01611537095323,1141765,-0.00798433573193486,0.02878920931893966,Energy
2001-06-15,277.20163380677224,295.40733311205696,258.6930782181887,276.87748873206027,1476378,0.043784492549745105,0.027795994336051653,Energy
2001-06-18,265.188402070857,282.1639173324462,248.65750567500257,265.6069313202782,1203611,-0.04155761530736804,0.03171208143720079,Energy
2001-06-19,263.1695893115634,266.15191130930657,262.84581444970866,265.82486968308996,782473,0.0008201932011514925,0.034111291323680536,Energy
2001-06-20,267.11593543814234,267.19863111285827,265.7974263658406,265.8797393300639,872080,0.0002063914671365453,0.03210864469497716,Energy
2001-06-21,277.7418615608191,294.53269611122175,260.07965248036686,276.81441863459145,1352037,0.04030321406129566,0.030410170024751323,Energy
2001-06-22,291.4855714488506,318.172675121139,266.5256994540966,293.0765664307088,1678650,0.05708658092563347,0.03291618313684046,Energy
2001-06-25,306.0749490256891,321.67015921685737,287.7539835452443,303.2028540060186,813476,0.033968172917149056,0.038152480235303855,Energy
2001-06-26,286.4545795522488,309.1451871059294,268.07928484164955,290.5097632152365,1769689,-0.042764882631238926,0.03791523327349578,Energy
2001-06-27,287.2125544867184,300.0592597383864,269.36242868595315,281.9748574443054,1204634,-0.029819275076900305,0.03904327354764745,Energy
2001-06-28,272.6721270924408,287.9379916087004,256.4360601973004,271.6443854061588,1782391,-0.037324104665048624,0.03811666489043761,Energy
2001-06-29,276.9674534852391,285.0971539581407,268.86517028900823,276.9940915050773,1418136,0.019502371353926785,0.03835710406499767,Energy
2001-07-02,287.18981536620964,297.1538279561032,273.6404611624237,283.4756098853102,1419314,0.023129911662983657,0.036524858919185686,Energy
2001-07-03,278.8491633663117,286.8758454312519,270.08281095265977,278.08757054390634,1303423,-0.019190021271813046,0.03531998269087555,Energy
2001-07-04,285.94353391819743,297.2178300989842,274.2376073754271,285.49418650649363,1253509,0.02628560034516501,0.03395937984252502,Energy
2001-07-05,273.2006099263793,290.6074611020826,257.3176004550592,274.6407277854823,1719639,-0.038757867281970663,0.03355937277806271,Energy
2001-07-06,267.5943603985675,277.34609039237216,259.3520268193033,269.05865422515063,1429702,-0.02053439782758673,0.0350187241692585,Energy
2001-07-09,258.70415043772874,272.99291197601656,246.61603060355117,260.8065558790215,1190740,-0.03115043397055261,0.033827474899485586,Energy
2001-07-10,256.6529084846017,263.88202261335596,248.74539283310042,255.9548446756413,1387133,-0.018777926373893705,0.03407331620114669,Energy
2001-07-11,245.6539778400942,259.8849861150452,233.55908652708973,247.68985730120707,1047660,-0.032823652790939156,0.032888968962102874,Energy
2001-07-12,236.7951696780911,251.78939589386027,224.15651434117174,239.03138525916734,1369084,-0.03558252575872738,0.033570169062623924,Energy
2001-07-13,224.21430869608972,245.08615308344358,205.0666864842279,225.80286974043253,1644255,-0.05693250153752191,0.03451785656178692,Energy
2001-07-16,223.17617560706614,228.0743322624753,217.639229940195,222.52305217630294,927300,-0.014631659322014934,0.039234963960657177,Energy
2001-07-17,223.74500145117352,225.76644280199667,219.18848343302443,221.18681263103662,1699344,-0.006023051055777642,0.0369272086106245,Energy
2001-07-18,209.62087426106172,225.57309021452826,195.9992776792329,211.8092861183928,1422033,-0.04332137445708919,0.034588098534338946,Energy
2001-07-19,216.48991071209488,231.0042950397741,205.04628661197003,219.40650044527814,1177131,0.03523989967164018,0.036586616007832876,Energy
2001-07-20,232.0904583828314,256.31774150377504,209.83557009061522,233.89027121957318,1575305,0.06392590328008198,0.03683940765069086,Energy
2001-07-23,251.22461911180164,278.02863175400785,224.3383908483144,251.13258394414794,1632393,0.071128943590988,0.04241098597497096,Energy
2001-07-24,261.567653478496,282.33138689838006,242.80437166974127,263.43420963750214,1378830,0.047822635455183296,0.0479359194920765,Energy
2001-07-25,264.2378229427435,273.63507963977617,258.17338416722606,267.4958665353038,752646,0.015300456000783622,0.04776329732464641,Energy
2001-07-26,257.7840090506791,272.87451686360214,242.19789922997043,257.2575908655651,1025136,-0.0390262319955264,0.044273938723958677,Energy
2001-07-27,257.68072397681846,265.58636266271674,252.7263448582855,260.576310640594,1240136,0.012817875397821582,0.04354999813629818,Energy
2001-07-30,250.78542047202902,264.7392245369203,237.90070730056962,251.80226832478826,718427,-0.034251627406430445,0.040520692980184486,Energy
2001-07-31,256.8931112048379,261.6047882352853,250.22491696016672,254.9000390505246,1140988,0.012227334573380735,0.03986875148125206,Energy
2001-08-01,271.0551447010055,294.3797733741739,246.72101188212287,269.9505924775641,1718980,0.057367486848226026,0.03733684550620847,Energy
2001-08-02,275.35280163129033,288.0414993821246,264.51145410952586,277.1301722123239,1401166,0.026248380156987307,0.04133867811113209,Energy
2001-08-03,267.72804791163185,286.55157841492667,245.84781477269385,264.44018058721315,1517259,-0.04687226621721723,0.03962897507519583,Energy
2001-08-06,243.52454358337437,274.80388243936073,211.56029356381947,242.73869459933059,2371088,-0.08562953147890111,0.041059906642113134,Energy
2001-08-07,243.8873286803942,244.2223634812173,242.18334012601898,242.516491770084,567309,-0.0009158185260815644,0.05048361363810692,Energy
2001-08-08,244.59640365080782,246.92417696565292,241.73736712419753,244.06003593861354,1318966,0.006344528592410762,0.04624934599867581,Energy
2001-08-09,230.19016793785195,251.0168137680789,208.9851763251275,229.7741858301049,976602,-0.060317218054392475,0.0426290928909257,Energy
2001-08-10,225.99119826357838,231.8733031513247,219.94384371149033,225.82153253516856,1059385,-0.017352017638863702,0.04582048305764254,Energy
2001-08-13,220.85581161978772,226.96098543672744,217.442714473716,223.50691819251364,1129560,-0.010302640807561587,0.042717411105186155,Energy
2001-08-14,228.37663463385908,233.6184122309021,221.74411505752593,226.95322200755697,1129520,0.015301558338624238,0.0396956349031607,Energy
2001-08-15,218.63953094740907,231.46494665827836,205.4466126100733,218.24912719992932,1250949,-0.03910673016690737,0.03735927458383757,Energy
2001-08-16,218.8222323349668,221.56557961687378,216.83677027088154,219.57330278868798,1181805,0.006048934616619073,0.03802594863506436,Energy
2001-08-17,237.71472637282548,263.5579140549958,210.41288085969614,236.07814767376638,1910341,0.07247675417926094,0.03552839226839096,Energy
2001-08-20,238.74165287383042,240.54569759723412,235.4774995286026,237.27042697402177,1429639,0.00503764830222035,0.043563118692254835,Energy
2001-08-21,241.94972023061754,249.30356772835975,234.70423554799925,242.05493233857825,1196422,0.019964160806391712,0.0402740975469211,Energy
2001-08-22,223.6835699680138,250.14826009721165,197.27478537839266,223.73357209900905,2014455,-0.07870875985928855,0.03817574497086668,Energy
2001-08-23,221.98337084392904,224.5654092581232,219.46959242359557,222.05086650514627,1029377,-0.007549449645039266,0.04685264490989377,Energy
2001-08-24,230.12935790215136,242.44284946010146,217.8019538034033,230.1146588623874,1563258,0.03567121747003318,0.04318200315563792,Energy
2001-08-27,199.89361422745526,229.87765636157354,169.39712384097072,199.29073393055378,2644608,-0.14381296843304298,0.04222100994287061,Energy
2001-08-28,183.6170088989176,205.88655993086772,162.20278669681213,184.38300401350435,1284754,-0.07774959531443025,0.06803246598430264,Energy
2001-08-29,204.39741261092843,235.68361242282666,173.73780071928917,204.9422716720232,1867574,0.10571320013084981,0.06862567360731614,Energy
2001-08-30,196.03342404030923,208.77933185318398,184.07230439283,196.7730814778607,1314787,-0.04067714372701306,0.07445722641041684,Energy
2001-08-31,186.62983177122914,201.41623153333944,171.91881381308082,186.6997057854242,1666930,-0.05254971947600563,0.06916138630083894,Energy
2001-09-03,185.22829249708758,190.7137796434681,177.62884073164503,183.0498127742185,1004700,-0.019743157924850162,0.06588519436560943,Energy
2001-09-04,170.33348742792523,188.53675037814,152.67005073404445,170.82259377514904,1784595,-0.0691327620915994,0.06025907327533457,Energy
2001-09-05,179.99582166134306,196.7580009158357,164.34442245146425,181.01774145107976,1413349,0.05796949086713239,0.06100676641786356,Energy
2001-09-06,179.8643873219778,181.34688372122517,178.87602591067764,180.35582185910255,1268084,-0.0036633578072013274,0.05984588306408549,Energy
2001-09-07,168.09839894095683,185.82607570064724,150.42398196030635,168.1465915871206,1656411,-0.07009551981459176,0.05447234898863544,Energy
2001-09-10,181.18974360671663,205.10525468947822,158.82387055556393,182.56911363953847,1898679,0.08229263829892115,0.056663892631758264,Energy
2001-09-11,174.93652802487043,185.71822543843786,165.1731808848636,175.90104768689423,1431195,-0.037207198329742334,0.060699663345658704,Energy
2001-09-12,162.6400942846243,181.46032138149263,144.68803743362398,163.42196265351612,1741369,-0.07358602411852097,0.057054497152751765,Energy
2001-09-13,172.12843461606553,184.51804556521378,159.11396687953268,171.45511288874388,1688100,0.047985916163061255,0.05929930824316942,Energy
2001-09-14,172.15380796410668,176.0493598237497,169.40947289128317,173.2869609536232,892936,0.010627454233234987,0.057083479124839506,Energy
2001-09-17,168.15775795512192,175.14010479642957,162.5135574975639,169.45244817473844,1105677,-0.022376608434818028,0.05218965691321142,Energy
2001-09-18,174.52344010056095,180.67746032816655,167.36577425435857,173.48311053161942,1106553,0.02350790329008574,0.048519224249072124,Energy
2001-09-19,176.75546691098714,181.0961652396634,172.01605203690323,176.3467123145674,872153,0.016371764542035202,0.04545531129526892,Energy
2001-09-20,185.31515313498613,200.05327762430457,170.973971007661,185.68358339041433,2024128,0.051592046970488255,0.04234564276395882,Energy
2001-09-21,182.11825137756097,186.60320604374337,179.35685808300255,183.81606934826698,1256967,-0.010108425976605719,0.043974807168025355,Energy
2001-09-24,175.69366749941727,188.5279387150253,162.28945243463906,175.0788087475468,1163758,-0.04869942629226366,0.040771975347420795,Energy
2001-09-25,173.5474154712332,175.17297357299745,173.2667872816745,174.89017412707298,1178732,-0.0010780077548133192,0.04225669529392821,Energy
2001-09-26,178.84407202178326,183.05270822049386,173.4748698126026,177.6555368875232,884838,0.015688288876945924,0.039098298592637394,Energy
2001-09-27,171.72525234603958,181.1292383635222,161.9067062377737,171.28667496297348,1654338,-0.03650787479422019,0.036876278600940754,Energy
2001-09-28,175.33573424962964,179.91823295000816,169.7419182053294,174.29727621698663,967885,0.017423710840576256,0.03725334450840528,Energy
2001-10-01,174.16531295168045,174.47621615512497,173.77920503075342,174.08997374587744,1037292,-0.0011900693587239305,0.0354370878680507,Energy
2001-10-02,169.5773708655086,175.82160709981892,164.30084721423393,170.51588102016174,1193144,-0.020743819863636156,0.03323916661133584,Energy
2001-10-03,177.68305626724708,188.6802371485788,166.69564863746604,177.69226036400568,1213169,0.04122474350529422,0.032379309242063246,Energy
2001-10-04,176.44066341221904,182.7694981364023,167.27038832756332,173.49351020062537,888767,-0.023912986200908287,0.03454935100918865,Energy
2001-10-05,176.51367274862477,182.606201115324,171.04219514051022,177.11605129515019,978199,0.020664981255801667,0.033774261805132384,Energy
2001-10-08,174.29957242533555,178.14495470884225,171.18841508180765,175.0209216541508,1111683,-0.011899655672269336,0.032811839721824415,Energy
2001-10-09,175.09621039255353,177.19667414086817,173.79536340973974,175.88993035301527,1216957,0.004952884588030765,0.03134539410363732,Energy
2001-10-10,173.04953133733727,177.30117307925087,168.7812225532935,173.03244448965026,1031039,-0.01637928635829152,0.02982795073536273,Energy
2001-10-11,178.12651813562408,182.793609554366,171.46790247510816,176.0814100334919,1705916,0.017467327783234773,0.02918916698533924,Energy
2001-10-12,184.47930997760008,195.66674480770897,172.22733350849225,183.3460433034539,1322917,0.04042886916502915,0.028764076665546895,Energy
2001-10-15,186.80992980316663,191.7871289337769,181.65929257500827,186.63174428778493,437376,0.017762079120935123,0.03173439308434343,Energy
2001-10-16,184.15230031946984,187.95758339722056,180.27460514769447,184.07836034591475,880313,-0.013775854989409165,0.030870391668232088,Energy
2001-10-17,179.74971043419583,186.08677758772117,173.5882654658573,179.91951217021747,1458097,-0.02285194211979622,0.029847127039355513,Energy
2001-10-18,178.51698490720585,180.12464431379144,177.90357911632378,179.50783384700205,384096,-0.0022907466991666917,0.02984983220722889,Energy
2001-10-19,176.520064453649,183.93561452036704,167.21740697333973,174.55020384120027,945807,-0.028006448217544205,0.02852362379337059,Energy
2001-10-22,175.0359048770453,177.8355467544083,173.07101829613777,175.86139355120582,548010,0.007483746767223923,0.029470864641351926,Energy
2001-10-23,173.6428647000992,177.13186681244156,172.89193139477626,176.36914348314428,776711,0.002883056579452682,0.028341250149181846,Energy
2001-10-24,181.21856683246747,186.46988561993496,174.59897682838954,179.80946285620448,1252280,0.019318545846803117,0.027273209754278077,Energy
2001-10-25,182.46010670762166,183.9396653716915,179.3181698434701,180.78413817368647,1168293,0.0054059622155861,0.02740516937159729,Energy
2001-10-26,184.96534119721213,190.84449232717571,178.78653438992686,184.65584823978938,941020,0.021190100054817616,0.026555946805757073,Energy
2001-10-29,181.25021846672797,186.09938937751528,176.858939922763,181.69727956490482,1649401,-0.016151809658907453,0.0270467687469342,Energy
2001-10-30,175.8446087581054,184.10178469958007,168.4562331097164,176.6783770237996,919617,-0.02801100244346063,0.026913831072679816,Energy
2001-10-31,178.57643698850256,182.53309878038186,175.06295607339948,179.01106655408913,960471,0.013116627532553665,0.028234303269075545,Energy
2001-11-01,180.34243195998673,182.6421868875946,178.16167258353295,180.4600057703635,1469906,0.008061550287982602,0.02763236494667559,Energy
2001-11-02,182.98393695698087,185.19776556718963,179.72044629280646,181.92142005711528,1480449,0.00806565737235268,0.02684373973562297,Energy
2001-11-05,190.21185289083718,203.0240202613901,177.44016448119416,190.24978492270756,1054915,0.04476303032833852,0.026195940806207345,Energy
2001-11-06,190.61455154326276,191.3661046779154,189.9447321751011,190.69599910309935,957153,0.00234266608622352,0.030814626144157878,Energy
2001-11-07,190.60281710315394,192.38398288340673,187.7406986282227,189.51166771791407,1151878,-0.006229938631280609,0.02933353303272734,Energy
2001-11-08,193.91784163547254,201.45958561123086,186.72628273327237,194.2555042880179,972776,0.024723731251502127,0.02818131913960227,Energy
2001-11-09,193.31096667884754,196.4503240420301,189.04299104795152,192.16371715444063,1105723,-0.010826622745440955,0.028758282838305317,Energy
2001-11-12,189.44071504408532,193.19170590339465,186.33290222592913,190.07351192583494,1224781,-0.010936799998996855,0.027914394663993484,Energy
2001-11-13,188.62498721552927,192.25101325993023,187.3331714348911,190.94332016034775,796022,0.004565728714623508,0.027227059751255903,Energy
2001-11-14,185.9073518083913,191.92293403702718,182.9851486924965,188.9528598021991,1515057,-0.010479066005977051,0.026385168333044568,Energy
2001-11-15,192.21176602350104,195.94774514163112,187.69668039220196,191.41721601113358,1105568,0.012957857871799202,0.025950208284792668,Energy
2001-11-16,189.79550762702033,192.0523528563158,187.8805800894422,190.13401002419258,1336324,-0.006726283326443048,0.02576657835478277,Energy
2001-11-19,195.3716484260869,204.29293743655165,186.84348262740716,195.7483291514373,1645897,0.029100659750728397,0.0252570719046897,Energy
2001-11-20,195.85719375321406,197.24903782668463,193.43864651598795,194.82314218154914,1044662,-0.004737615357389173,0.027154428821981918,Energy
2001-11-21,193.69246338856783,194.89152128224396,193.4882296107052,194.6862396438945,879416,-0.0007029486306614339,0.02632977693809143,Energy
2001-11-22,196.45355046757922,201.04740007422296,192.64188490267884,197.22084713129263,1345914,0.012934917035361036,0.025586712242965555,Energy
2001-11-23,202.99517827468412,211.70474576591434,194.23616247992192,202.94351326897225,1133152,0.028603528304647026,0.025472351413448457,Energy
2001-11-26,203.04052639416474,205.4580078110191,201.5370594236385,203.94782252768383,704529,0.004936508644280948,0.027235947274610796,Energy
2001-11-27,196.7780983726586,209.19278136632218,183.2106443382184,195.54770191468032,1525805,-0.042059839979930555,0.02640251553915957,Energy
2001-11-28,193.10054340721496,196.4569592620084,190.35515131934173,193.70300176882836,1430323,-0.009478281933447437,0.03038138874882211,Energy
2001-11-29,199.68368353591325,208.67213880350707,190.61906346903586,199.60392869456336,1283000,0.030008979229649946,0.029187303748498785,Energy
2001-11-30,193.6734245622563,203.4153601918309,183.3122783742671,193.02141750207775,1441033,-0.033533892260794104,0.03027539901052568,Energy
2001-12-03,194.76071539335953,200.54416683895218,190.2622027564982,196.01664518943022,1450057,0.01539842579915108,0.03165372202002496,Energy
2001-12-04,188.4374148465482,198.9190773724135,179.5135835752114,189.92480763588625,822820,-0.031571335514247734,0.030612631734965305,Energy
2001-12-05,193.12964984051806,196.24752485200656,188.88062378538626,191.97993790728586,1232937,0.01076263195583273,0.031610424883501076,Energy
2001-12-06,183.2419445172985,195.6342138479534,171.8574843024529,184.19080293318152,1976899,-0.04141868371470987,0.030277884768340046,Energy
2001-12-07,177.4684072748653,187.12507510083114,168.3782737243043,178.0073369592307,1833805,-0.03414742447269162,0.033026146443912864,Energy
2001-12-10,179.51765756779872,180.42747742228784,177.70457903588937,178.60979773351454,1240497,0.003378757153347736,0.033874593264946365,Energy
2001-12-11,177.62736483297343,179.9652094241351,174.71923128586926,177.04946990635335,593201,-0.008774340948197954,0.031932786522281986,Energy
2001-12-12,168.36571782935042,181.252222668687,155.36495181748424,168.24198640594656,1336616,-0.051025846217291906,0.03045177569409362,Energy
2001-12-13,158.54337269380477,172.3198247059768,145.66310819430564,159.3722233304589,1109510,-0.054160844781887436,0.03510547053761452,Energy
2001-12-14,159.0418930539183,159.40835958093828,158.93361072949043,159.2999015935837,591274,-0.0004538943475778755,0.039063087633429756,Energy
2001-12-17,168.2429739590377,179.2863285891655,155.5015029782799,166.42556405576877,1287023,0.04375954755696172,0.036342409873004085,Energy
2001-12-18,160.7979931415483,169.30537225013532,152.15783990839705,160.65780188349459,1667501,-0.03527149786874972,0.03799804343200369,Energy
2001-12-19,162.0358345098061,167.15738934994658,158.15263016466955,163.24520238740703,959754,0.015976730731133672,0.03796963033812857,Energy
2001-12-20,165.2101280818422,171.25243234998268,160.42261276322893,166.42957935728566,803730,0.019318893557751092,0.03593943031183967,Energy
2001-12-21,166.01200698621923,166.56583614135081,165.6029194268822,166.15639278585513,774862,-0.001642803099059361,0.03448618662821422,Energy
2001-12-24,178.85004441545263,197.9328457173423,159.37043254368982,178.40583828994616,1977314,0.07113147539981245,0.032432121034988735,Energy
2001-12-25,182.55836842614886,188.7499834451636,176.29649175735267,182.485640137516,1707850,0.022610540297853445,0.041236234051446136,Energy
2001-12-26,186.2267935777834,194.38045804374963,179.09113273192543,187.20722977770865,1337957,0.025544698156363954,0.039204936919738115,Energy
2001-12-27,184.73063713281866,188.2006877162815,181.72489373955298,185.18751055729885,1035048,-0.010847301562669638,0.037782289550654255,Energy
2001-12-28,179.35420522194593,187.53985680331914,172.13837921927822,180.2865216005782,1341949,-0.026821510331983624,0.035491558371397364,Energy
2001-12-31,183.46431883943453,191.26297087503343,176.88941911817741,184.64573226809057,1433940,0.023891656473399858,0.03486587995415505,Energy
2002-01-01,176.44759094977528,187.49675982068837,167.70808571045168,178.64825499216695,1571432,-0.033020211808242536,0.034031240872740495,Energy
2002-01-02,173.28700670104152,181.09091779820255,165.74905208264965,173.54187639260607,1476079,-0.028999883918577156,0.034497107740359426,Energy
2002-01-03,171.39416777424609,174.73665674993373,167.9595742088619,171.30023125655057,1291844,-0.013001177418865464,0.03432476284045697,Energy
2002-01-04,180.23613773792462,193.8657837626928,166.53385402142183,180.15755774456528,1722901,0.05041403348528841,0.032678832099455685,Energy
2002-01-07,172.42782549711524,184.20930669766878,160.37374846630001,172.13523803452827,990001,-0.0455513533139141,0.036545328973015136,Energy
2002-01-08,187.2799405193556,208.8107388137396,164.48103692678578,185.8471084598438,2039036,0.07664390265067311,0.03846670929656024,Energy
2002-01-09,187.02307324645983,193.8147477389251,182.27697661078665,189.01802508140443,913097,0.01691804315295629,0.04652841445088945,Energy
2002-01-10,201.75512351170312,221.39124807200278,182.05927871173898,201.68896421805982,1219866,0.06488434830804735,0.04329951164470316,Energy
2002-01-11,195.70839457548436,206.29762259347518,184.01720771437618,194.5434012358683,1458892,-0.03607144885450673,0.0472374318230768,Energy
2002-01-14,207.39876495251195,226.41374196903152,187.84466342586492,206.8052225952787,1571647,0.061122115877830625,0.04561000313046862,Energy
2002-01-15,205.2789361174986,210.4939949521379,198.1665590312787,203.33216053036895,1163878,-0.016936496045407916,0.048214156280666456,Energy
2002-01-16,199.03546206808647,204.48517500407496,195.56958577401494,200.9853447003947,830020,-0.011608907136645204,0.04475165502447525,Energy
2002-01-17,208.03363383894748,216.73335303874418,198.02490675928127,206.66749568595912,969052,0.027879207284118718,0.041501608531234066,Energy
2002-01-18,217.85905448622776,239.36914040844783,198.15298423441143,219.51342672906378,1660872,0.060302199506277764,0.039931119923719505,Energy
2002-01-21,206.60248424202052,228.294178589373,183.18477923556173,204.67399704988472,2022093,-0.06999494521063655,0.043829770253609755,Energy
2002-01-22,211.8809225690485,219.64710481871185,202.0493540186685,209.73695220133982,1215409,0.02443568194027311,0.048700440055952,Energy
2002-01-23,221.0047305044365,234.33995283388975,205.17104512880633,218.34583196392293,2003769,0.04022605398239206,0.0456831661785567,Energy
2002-01-24,228.4288868476068,247.9370319370086,210.61327521656088,229.99896673257152,1710050,0.05199462548106239,0.04485846241822439,Energy
2002-01-25,225.82528417524622,232.61596843943806,218.65516239543433,225.4340830370405,936163,-0.020047014927174433,0.045992841641490166,Energy
2002-01-28,226.5517446049649,232.09583565795427,222.57235617491676,228.08943760264543,1209275,0.011710020704797321,0.04304132440958232,Energy
2002-01-29,230.29788230964036,238.57354725539676,224.03801639264634,232.26033862724552,806047,0.01812106955917062,0.04003265133963453,Energy
2002-01-30,234.58209326104642,240.3518717790037,229.73245274753862,235.48359405949964,771484,0.013782354956113494,0.03783314040520347,Energy
2002-01-31,230.2595700566047,239.2925721132574,220.40533444694447,229.40480434495825,1006492,-0.026153099172474784,0.03568711541377809,Energy
2002-02-01,237.32790238686627,245.45260354543254,226.6658885244953,234.70064806202933,1134494,0.02282271652245439,0.03494930406594456,Energy
2002-02-04,243.86189093584346,259.35236654094393,228.98658302565065,244.44169143608812,1211797,0.040665935550944804,0.03398962403697232,Energy
2002-02-05,245.84684020045904,250.67519859224518,242.11557947183164,246.9275359541122,889966,0.010118117240758537,0.0356692217587491,Energy
2002-02-06,238.42938876516686,249.9750538790984,229.12459741896166,240.5860962590569,941749,-0.02601690279428217,0.033662904645537,Energy
2002-02-07,236.73929375959597,242.73911605324736,230.56020621346605,236.5553671474833,1096518,-0.016895722993761825,0.03328790777430571,Energy
2002-02-08,230.49441960423295,239.18509141169915,222.436880849155,231.10616740310317,815815,-0.023305087006482345,0.03208251332914608,Energy
2002-02-11,239.70931418821473,255.0827459191578,225.26096326437923,240.58180601624073,1017667,0.040182977377594256,0.03170014497236291,Energy
2002-02-12,252.3784720171125,267.20885934695923,235.49163800643936,250.19363911570264,1454805,0.03917499304732341,0.033854395632684074,Energy
2002-02-13,247.26117350455112,250.43753661667373,246.5352183961394,249.70440820770432,775191,-0.0019573233654719135,0.03531427607869251,Energy
2002-02-14,253.3487886077297,254.75178522235086,249.24005917235752,250.6279885220819,1057917,0.003691871121840265,0.03313990258258531,Energy
2002-02-15,245.47529101946532,253.3813405021072,237.40348119319026,245.3040143494317,1323450,-0.021471406075964844,0.03131528383080118,Energy
2002-02-18,256.0786778049569,279.77539833163394,235.40028622839912,258.87148699481526,2073256,0.053833433156319534,0.030881560727313594,Energy
2002-02-19,263.6426431355149,279.6180441818202,251.278987933255,267.0926014386132,1367810,0.031263670791185035,0.0360228040714933,Energy
2002-02-20,265.04942480972113,267.6928124465565,263.24625294119943,265.8839630862069,725068,-0.004535435531985957,0.03584308158124096,Energy
2002-02-21,257.0059593416384,269.78653052929536,244.94856357770564,257.6967274823746,1325414,-0.0312765659722955,0.0336283619005047,Energy
2002-02-22,262.8532628405045,275.4371726336563,252.22792803187323,264.73574223605675,1564872,0.02694871070855116,0.033932682124199316,Energy
2002-02-25,282.885989918962,309.1698655473744,255.48330841227565,281.65258422673793,2127986,0.06194221126784884,0.03361661024317505,Energy
2002-02-26,268.0934960582775,292.2437332979072,241.34318901570185,265.2360208944094,1738026,-0.06005426612905721,0.03974401612703297,Energy
2002-02-27,272.2661347959935,281.6307777488539,262.053734609683,271.3881801538246,1257025,0.022930120584349678,0.04364225803472627,Energy
2002-02-28,277.7182755193203,290.48409689229715,266.2493010612333,278.9636903460248,893520,0.02753143615687637,0.04126240314860038,Energy
2002-03-01,284.19293125732236,290.98889267683165,276.6684903420424,283.4466047080995,1233575,0.01594213102449499,0.0396959157522172,Energy
2002-03-04,285.45043233893125,294.0706266841422,279.1066587696658,287.6773624202071,1080438,0.014815820543192564,0.037399669960656405,Energy
2002-03-05,285.4006293605538,290.8071668556713,278.685820710755,284.0670961833618,1082645,-0.01262911836653609,0.03538240426098873,Energy
2002-03-06,266.28047964269524,290.89808275757656,244.83946884762824,269.220352244017,1549953,-0.05368026682200496,0.033547813932323874,Energy
2002-03-07,268.91752222837806,271.1976991715445,265.4329382868814,267.702815618548,957196,-0.005652729318322452,0.037849706902729194,Energy
2002-03-08,256.92156187963894,274.6800624190132,237.97651866573293,255.6469152202879,1501810,-0.04608021324862225,0.035367686557222514,Energy
2002-03-11,236.6639311838419,264.5721553230985,208.4512518971201,236.31877390364895,1637661,-0.07861562455434572,0.03767235737093878,Energy
2002-03-12,229.28190239089878,239.087335710561,220.81232565870434,230.5701708838046,853762,-0.02462638537647511,0.046501910407180665,Energy
2002-03-13,227.9453977735412,233.11025634644878,221.96744852218197,227.1134567126629,831153,-0.015105543179361965,0.043828198294255334,Energy
2002-03-14,215.53988209839727,232.41049362029415,198.77070144561128,215.6339912016341,1414995,-0.051867216682527424,0.040877321191438026,Energy
2002-03-15,214.95042194727853,218.148362014904,213.45216346612796,216.6383383321955,1760573,0.004646834271759129,0.04289866589055222,Energy
2002-03-18,202.19234529197797,224.25903205342917,179.45177565691893,201.43590692679206,1809703,-0.07275806849359392,0.03969225854576384,Energy
2002-03-19,185.0788827653924,207.4203359979411,166.08588798745012,188.11569977920797,1717981,-0.06841405312932783,0.04641595405039937,Energy
2002-03-20,199.79930337622358,219.29179595357655,180.9121488855144,200.35236061258945,1708368,0.06302042156488243,0.05025559702326102,Energy
2002-03-21,205.6571290844577,217.11179498334693,195.60141078516423,206.99086303012592,1403351,0.032597032883678406,0.05211752158213058,Energy
2002-03-22,229.04833639689116,261.1843550476448,195.39732187295226,227.28609374811683,2437886,0.0935348964801585,0.04931910205603929,Energy
2002-03-25,244.39640605344152,272.69614362163384,216.81768095848062,245.0443066774192,1586040,0.07522948895555186,0.05795011295091935,Energy
2002-03-26,260.2944417270066,284.0852289493741,236.5955005593045,260.3786233275787,1505103,0.060697777512942384,0.06029505679652747,Energy
2002-03-27,258.20428254507635,260.8836493164786,256.690043142802,259.36261686087187,749239,-0.003909667666621005,0.059674350675384624,Energy
2002-03-28,277.61234185913463,310.47479114477323,246.688380313132,279.35653894429555,1574542,0.07426173572089481,0.05432416891230399,Energy
2002-03-29,265.2550383163086,287.45075467506797,242.09205725331682,264.1994448335456,1412824,-0.05578459256833328,0.05734207069204976,Energy
2002-04-01,257.5214752294287,268.0677048103046,246.55557129941826,257.0838801286676,1721978,-0.027301877306815287,0.0565444831279221,Energy
2002-04-02,264.81741294027563,278.88479542538283,251.69546006308713,265.7182073353042,1150556,0.03303396286393478,0.05262729076662178,Energy
2002-04-03,267.60856582848925,270.115574814646,264.8780383581459,267.38293357758204,1156658,0.006245462729977286,0.04979349146346354,Energy
2002-04-04,258.56875336640576,270.7456779176116,248.27506191605286,260.37988483743646,1084153,-0.026540178879144997,0.04570956469278988,Energy
2002-04-05,257.05595031103,266.08590900239466,245.41791187832877,254.3529174070258,1577574,-0.023418918930395435,0.04332607307111997,Energy
2002-04-08,256.6446973355546,259.59173099450857,253.3643722707118,256.30753430949727,793607,0.00765528813323011,0.04103639544101658,Energy
2002-04-09,261.96745412734856,269.49790968345405,253.75642616522111,261.26673913088166,1194475,0.019163845069204065,0.038157294402166475,Energy
2002-04-10,250.6916466682818,265.476343461898,237.69327729719166,252.38991863840792,785691,-0.03456668658845728,0.03633003215729864,Energy
2002-04-11,266.7327773418433,294.28440907087435,241.48030615010808,268.83309398026125,1330217,0.06311553069053276,0.03653936729742289,Energy
2002-04-12,271.33602060744107,274.92286657057895,267.6275208326928,271.21273708592156,1011215,0.008812802062692018,0.04201946956053728,Energy
2002-04-15,270.44841096091017,272.52198805288447,269.66628161457777,271.7361346451688,999964,0.0019279816153068676,0.039040472329988064,Energy
2002-04-16,275.34818241714635,281.0990908985136,269.71752917505745,275.4660278110307,1152164,0.013632807724048842,0.03633021264409548,Energy
2002-04-17,283.28114739917476,292.502250800302,272.34574588028846,281.5091695117798,1059296,0.021700710844537095,0.034406184001982684,Energy
2002-04-18,274.22119996596695,285.4333733746986,262.7387184323345,273.93936850435847,1286422,-0.027258221732730483,0.033431519943555706,Energy
2002-04-19,290.7963518048448,329.4180633045162,257.5593608199792,295.62874672974124,2369582,0.07619763402252304,0.033250335613249006,Energy
2002-04-22,301.0464102747933,308.17045083635315,293.2225422437446,300.32962050575713,1142900,0.01577617341471716,0.04307411948385609,Energy
2002-04-23,298.90516480957353,304.8124519867022,296.2409228700411,302.1195590734953,1089718,0.005942223494710011,0.040269553791782854,Energy
2002-04-24,284.82570149033296,309.7957307098255,260.41758296412155,285.34326003997717,1563759,-0.057129953274341554,0.0374513827926366,Energy
2002-04-25,282.37525946549425,290.07226944020067,272.5669670402286,280.20481484205993,1393997,-0.018172059382435515,0.04137220797387716,Energy
2002-04-26,299.6699796434197,329.1649944182762,269.7580492276691,299.20754930062117,861130,0.0656166600559565,0.03897257029548873,Energy
2002-04-29,267.01147954846414,311.0710191922788,226.9597576161945,270.49653842806856,2116955,-0.10087817613582711,0.04428228652502366,Energy
2002-04-30,266.537343153356,272.14492597914165,261.5405688926934,267.13691161154344,887935,-0.01249799671982586,0.05652607967107818,Energy
2002-05-01,282.450025252512,306.25687536331054,258.723333714185,282.52397206027746,1412951,0.056002099290815996,0.051764738333021434,Energy
2002-05-02,317.24710769083714,366.58470180141376,269.66004153721155,318.7693059142729,2488880,0.12070425837578763,0.05209708030682435,Energy
2002-05-03,303.6065362248114,325.4741507130713,282.5539918406712,304.3687530419971,1536681,-0.04622769247311031,0.06675861232608044,Energy
2002-05-06,298.5251232483796,306.86880474004926,290.91269209925775,299.2381902847454,920801,-0.017000090458691802,0.06313414122700481,Energy
2002-05-07,287.4229089182225,305.2949090039631,269.23619346473953,287.08732701694237,1287430,-0.041453434483251325,0.05772422621497551,Energy
2002-05-08,273.3921600378828,294.6256425414624,251.42881826473672,272.60084163400484,1119665,-0.05177783810781178,0.05498569921591172,Energy
2002-05-09,304.30539317176067,351.4658904585617,258.65958419599656,305.6225134422276,2050247,0.11434211752986892,0.05404519749689131,Energy
2002-05-10,335.58183107062666,384.09497476543646,287.6917111634787,336.12704816650813,2107840,0.09513848381751631,0.06631609664451417,Energy
2002-05-13,348.8530401183863,365.2688467174587,330.51780826201525,346.8388333185041,1510546,0.03137100672057896,0.0705404806107529,Energy
2002-05-14,377.4187801475635,428.25981338899226,327.8712177997474,378.56214944447464,1438750,0.08752004396538673,0.06502606041608393,Energy
2002-05-15,359.7626569689717,389.0880999190651,329.31350393075604,358.5392205344102,1233241,-0.05434220289780776,0.06805640705285904,Energy
2002-05-16,365.9887977493046,386.01129667934555,349.5617479671966,369.4298008340752,1719180,0.02992268230271574,0.06517899113306011,Energy
2002-05-17,360.88871791500156,376.4364080823018,343.5052470614041,358.9702880586598,1872527,-0.02872111613265056,0.06027392259947259,Energy
2002-05-20,356.16987578258653,360.28064067429585,352.2110687694748,356.32016322518655,1022351,-0.007409960400522033,0.05594722489281797,Energy
2002-05-21,354.8112522946606,367.27184541665116,348.3315350348187,360.68486174879274,846925,0.012174956342629627,0.0511107591954633,Energy
2002-05-22,372.0907364917976,395.1282542513474,351.39562227367344,374.30972339602226,1284665,0.03707897418291925,0.047032777918394844,Energy
2002-05-23,396.0967385785103,423.86317542013705,364.72317556373696,392.21769059878363,1594120,0.046733426689775044,0.0455619721691838,Energy
2002-05-24,371.9596359935706,399.442032235312,349.6652726660874,376.8542948623033,1306541,-0.039958391843478734,0.045698103044674296,Energy
2002-05-27,393.2709857341154,415.2490822237455,369.29945579242406,391.1595541355122,1671763,0.037256916624726875,0.0448347438858848,Energy
2002-05-28,396.0381299325265,405.4395165629089,387.4629752719726,396.84685118978933,906560,0.014434897404137762,0.043775964671353446,Energy
2002-05-29,365.7825932751441,410.64327247654955,320.84146361876515,365.69089690054375,1874748,-0.08176200841002645,0.04079611508203036,Energy
2002-05-30,359.89369863441266,367.4584249736911,354.57080782126883,362.10286027312964,767775,-0.009860116720281746,0.049337737154385164,Energy
2002-05-31,339.84140958790556,371.8495237166463,308.7349506882075,340.6674549976001,1887470,-0.061021519689469304,0.045408734085776885,Energy
2002-06-03,349.41661801904235,365.733357807322,334.34228077712316,350.60763823422633,1386916,0.02876096225260746,0.04804275579939269,Energy
2002-06-04,380.2675993791116,423.2739495825663,335.3071699727839,378.06434297390825,1553047,0.07539664221313991,0.045503450971266464,Energy
2002-06-05,406.6592281100692,455.4498845166192,359.7112762806723,408.3112143530558,2022890,0.07696526327065124,0.051079832505481024,Energy
2002-06-06,402.11123853969667,409.99718220365844,397.045460808993,404.8963181758145,944501,-0.008398634084605464,0.05546050120201309,Energy
2002-06-07,412.0304564150167,423.0696896474473,401.09049004737744,412.1271557807496,1160176,0.017700902441088802,0.05070773425263508,Energy
2002-06-10,387.77952981715566,431.0059670017639,339.96025507232673,382.6104907700201,1616665,-0.07431445595729817,0.04694696734095857,Energy
2002-06-11,399.58524560731314,434.4269710060157,368.4419309538924,403.01624717617955,1809440,0.05195940039625721,0.05188072810442049,Energy
2002-06-12,422.6615447343139,449.3620450428645,393.7971175085566,420.3516995957722,1219613,0.042114864152647466,0.05155826657624005,Energy
2002-06-13,387.4601485148691,433.6693700973644,344.5679193001236,390.4465439013923,1661835,-0.0738006723687601,0.049926477436994264,Energy
2002-06-14,400.9407626364089,411.7417147056185,386.81319946794315,397.52205489368606,1127198,0.017959348072912867,0.05395464211470148,Energy
2002-06-17,407.2075510617636,423.0735951296342,391.8169432461339,407.6656723949831,1456554,0.02519699151861631,0.04977211520581601,Energy
2002-06-18,432.8930505052208,471.67763036086023,393.98473161434543,432.75713419684627,1551161,0.059729271560838966,0.04665880430194499,Energy
2002-06-19,457.5832722253252,492.6700135437564,420.5308945246686,455.4543971648527,1567103,0.05111891605040097,0.048752159924335944,Energy
2002-06-20,465.39877862206026,484.1386108053868,448.1570345825641,466.84334939403374,1071891,0.024698165432155486,0.04892228545924253,Energy
2002-06-21,461.14396860601505,471.494742710398,449.58648937105363,459.9095560202896,1358696,-0.014963908322271001,0.04589348448311164,Energy
2002-06-24,451.5742816457684,463.265668889901,441.3845190679389,453.04276991043514,1016032,-0.015043316964660769,0.042644546160592295,Energy
2002-06-25,437.1702096925867,458.76351252740767,419.691893679433,441.1270016978353,1007656,-0.026653716143260255,0.03985964201531666,Energy
2002-06-26,459.44172904645154,481.5760649228517,433.5793355877506,455.5249756406135,1439512,0.032117726764231774,0.03843951010234368,Energy
2002-06-27,468.98306737981886,497.49522787255705,443.79065419005855,472.13357835070303,1739857,0.035811404066972516,0.03790526355800502,Energy
2002-06-28,482.2454923053876,504.7682577906983,462.6742237698055,485.0818784340104,878124,0.027055747674655795,0.037971248379644496,Energy
2002-07-01,495.4890082118278,508.8096443278722,480.5774711614546,493.8541562146145,1026390,0.017922545061920706,0.03692227762668658,Energy
2002-07-02,500.24512717192135,513.0256941691682,488.73557460352595,501.48755601482077,1312169,0.015338550300280862,0.035196396283400704,Energy
2002-07-03,486.4944605876259,510.8522166202578,460.74070505433014,485.0248823927712,1552613,-0.033378600040256376,0.03356068708873052,Energy
2002-07-04,492.57286527845156,526.5495930211189,467.9375805490436,501.4693634307073,2000214,0.03334232214284568,0.03417858123724941,Energy
2002-07-05,517.6790010222164,537.1919724200596,494.8473643967691,514.2303449565898,1389934,0.02512879134149753,0.03465973022391548,Energy
2002-07-08,541.8167498398273,578.2269599629357,501.65204928335527,537.7917805447129,1586636,0.04480015323000136,0.03399641072963966,Energy
2002-07-09,549.3035767351732,563.505469691796,532.9956384391159,547.1416357942499,1210951,0.01723624064860796,0.0364096527505197,Energy
2002-07-10,584.1248774180648,636.107366176637,528.917288669541,580.5847325687942,1684389,0.059328054403188536,0.03471445591515515,Energy
2002-07-11,549.7835192911851,592.6074626568202,512.3124556117178,554.7948467759647,1374789,-0.045437355328241835,0.0399004694894478,Energy
2002-07-12,552.5709025883363,555.1306488361006,551.5650953417993,554.1220181992722,907386,-0.0012134880088999376,0.04102829464243451,Energy
2002-07-15,560.9106054675004,570.0613528715064,551.0427217593717,560.1815757045163,897895,0.010876061550401108,0.03803784499659908,Energy
2002-07-16,577.7162792892522,598.8630054708944,553.0082409870096,574.0196559719808,1147458,0.02440266608337988,0.035710578668168555,Energy
2002-07-17,564.7681962935205,578.1855703015677,552.0960568042614,565.4970763680672,826595,-0.014958514038649628,0.034778152047641994,Energy
2002-07-18,580.0128274974013,595.0225701948324,560.4490251664428,575.3377857574625,855762,0.01725219625710009,0.033184024156449075,Energy
2002-07-19,565.0138941803978,579.1969408770988,553.324294953976,567.4568002512354,1025839,-0.013792698252584274,0.032024823320771986,Energy
2002-07-22,561.0837202905493,568.5181792029738,557.9114833769461,565.3219801534178,739812,-0.0037691783464572906,0.030805960880069223,Energy
2002-07-23,553.4701571293051,572.9986368595673,532.6964519655725,552.1793885950308,1220741,-0.02352247238472131,0.029348539766172264,Energy
2002-07-24,551.5980195725489,554.9625396248122,546.5841721657491,549.9385702627471,793294,-0.0040663912642647385,0.02953075405723281,Energy
2002-07-25,539.6753544037247,559.2891227170346,517.2658518131195,536.7741809133688,1837534,-0.02422909520605002,0.028286616602876544,Energy
2002-07-26,564.8401008312113,604.690004326071,522.9303281084132,562.6238751791684,1579616,0.04703384602263794,0.028777830030182614,Energy
2002-07-29,554.3013535540198,564.388369031986,549.0193116654133,559.0609718451714,1063479,-0.0063527920985454,0.03308108525651851,Energy
2002-07-30,562.4316802999234,576.5210264162617,551.9963353416575,566.0191201778364,1579114,0.012369318590186874,0.03132954287116776,Energy
2002-07-31,530.3745908854205,586.5247806728886,471.60683914680806,527.4470984456784,1578205,-0.07057928585119372,0.030136061646653535,Energy
2002-08-01,535.4046294999802,539.8847017899018,525.9594692079982,530.3976448614336,761620,0.005578425540954089,0.03967065802260405,Energy
2002-08-02,524.3265528935146,534.1813828379853,513.9483460868029,523.793150621238,1174538,-0.01253014289165981,0.03692799359678934,Energy
2002-08-05,518.3712221360369,524.7436026622836,515.5286417328648,521.8817715397175,1289162,-0.003655784737250275,0.03484956299583143,Energy
2002-08-06,513.7275913205326,530.0086202466927,494.77746513480304,510.9711366381264,1208886,-0.02112796639208452,0.032765810643216285,Energy
2002-08-07,532.4723947459237,557.9887247723723,502.2778109530899,527.5586731049868,1086619,0.03194698326551941,0.03202869529446122,Energy
2002-08-08,507.2949217267353,536.9440444174365,478.0172203310481,507.64607668444705,1107403,-0.03847558246924223,0.03276829746534691,Energy
2002-08-09,528.0453124199067,565.7531996344053,493.042910650249,530.5826087643645,1483435,0.04419115928927895,0.034366620752906266,Energy
2002-08-12,517.9298590391614,539.3204340653168,494.855111266073,516.1731332744507,1049094,-0.027533425814115848,0.036575681558637205,Energy
2002-08-13,515.2584540196751,516.6350486527801,513.878008313649,515.2545926304406,838868,-0.0017811056727819992,0.035832078027129274,Energy
2002-08-14,540.1220444755841,574.8935875649161,503.22450001259654,537.8497597833817,1208652,0.04291813112114,0.03358014447864194,Energy
2002-08-15,532.9610656166592,539.2849446821477,528.6482584410054,534.9559942214462,1641280,-0.005394774532812182,0.035754660946579794,Energy
2002-08-16,525.7669933233991,546.7829200773396,500.0678372910617,520.8887720776635,1169028,-0.026647960054317032,0.03357204435781182,Energy
2002-08-19,531.3632229471704,543.8884510833337,516.6661785318596,529.138977018232,1654249,0.015714584167985938,0.03328937962997777,Energy
2002-08-20,537.268678080791,545.159817904838,526.4973757838927,534.3455826099433,1509584,0.00979167425409978,0.03199356904527737,Energy
2002-08-21,523.4729832641497,539.8894662012758,506.8791776302994,523.2899195602138,886139,-0.02090713811024224,0.030549178399896522,Energy
2002-08-22,521.6506364343463,537.8473908384188,513.0200571521714,529.0936684534581,1653331,0.011029833224739327,0.03020212085799729,Energy
2002-08-23,499.5512357345819,540.9090554491896,462.5296222577578,503.5882592024454,1858014,-0.049406495041340356,0.029120148808028,Energy
2002-08-26,512.5741430287579,536.7095850214143,492.76010411501716,516.7347152484025,1140076,0.025770631342763764,0.03383100229259923,Energy
2002-08-27,499.39481106271285,522.8848377111127,480.6378411987327,503.956532329746,1206919,-0.025039600530443802,0.033395331842462336,Energy
2002-08-28,504.2255821755167,505.15977848102796,502.4019060977716,503.3344513741964,766642,-0.0012351565629027269,0.032958243131319565,Energy
2002-08-29,514.7278646674729,537.6059940690917,494.14390409463823,516.9338174724509,1919120,0.02665999127666216,0.031132386256160497,Energy
2002-08-30,499.2072250390078,524.2994413379053,476.51704141720586,501.5048261523431,1439755,-0.030301622898224894,0.031336777904452336,Energy
2002-09-02,532.1513342664931,564.3326922254527,490.56089299828983,522.1366204346394,1289867,0.04031604781913872,0.031989422815773216,Energy
2002-09-03,530.5003057682356,542.1044424110248,518.2175736994133,529.8065348321151,1252420,0.014582632679145986,0.034094957023470665,Energy
2002-09-04,511.0881927528612,534.4730845835899,497.0763942475832,520.2111739144692,1542360,-0.018277078468990557,0.03258635990601104,Energy
2002-09-05,535.7678129963306,563.161321468656,509.90295934149077,537.22606871581,1437326,0.03218415767356166,0.03161652133210599,Energy
2002-09-06,509.4496316785496,552.2577059670674,465.2759642699173,507.9587637928083,1218529,-0.056018719845404547,0.03248163385189101,Energy
2002-09-09,506.2621456799708,508.65952337895794,504.155216271999,506.5513902115998,1139354,-0.002774490680965194,0.03761329254556609,Energy
2002-09-10,459.27735371586357,526.5294565731346,392.8075556914999,459.9607523653237,1820133,-0.0964846150684014,0.035113565621786184,Energy
2002-09-11,458.6135663217732,460.3198865247631,457.53594638691385,459.24079277452023,1414291,-0.0015664893990557502,0.049827323169873636,Energy
2002-09-12,460.43263557654177,461.86865993362113,458.7613692359675,460.19665761110315,983797,0.0020792391707583663,0.04567907388263935,Energy
2002-09-13,443.1112319484459,467.251883578279,421.3308965466187,445.3609665210491,1248139,-0.032768800595213775,0.04207030684401864,Energy
2002-09-16,428.70475665437704,453.00091907323053,404.920114191973,429.18938908749385,1698714,-0.03698682615983395,0.04095116259921369,Energy
2002-09-17,443.8267748508897,464.1417213584825,422.23423528351185,442.48789841498376,1442858,0.030514827944480374,0.0405808079144373,Energy
2002-09-18,462.09664079383515,497.5737333931313,428.88213912719544,464.20750723684995,1646244,0.04791855026916815,0.03946029378328235,Energy
2002-09-19,475.26957455659465,487.2315199162547,460.18101810399406,472.0622388031958,1303452,0.01677917263526351,0.04111106842877208,Energy
2002-09-20,494.30031247333545,529.9566911482945,459.2796323632052,494.8939522564471,1609491,0.04723266298699655,0.03865652665505194,Energy
2002-09-23,504.3636973461863,529.1648041512858,483.8579345015034,508.49122947667354,1228508,0.027104465755668286,0.04037450074431474,Energy
2002-09-24,526.5455247311687,552.4877446649333,499.58110723125833,525.4703549336722,1761579,0.03284580815306792,0.038913725828647744,Energy
2002-09-25,524.0052529460361,526.4876920174516,523.3969293813072,525.8771952938936,1194372,0.0007739407971055174,0.038382932577878344,Energy
2002-09-26,525.1738226991479,525.8843425977884,525.1524083022686,525.8629001032082,655720,-2.7183884590515598e-05,0.03575876757210709,Energy
2002-09-27,537.2404758701724,553.440344564654,520.3622850166591,536.5410637428014,795202,0.02010256663088352,0.03351047116149398,Energy
2002-09-30,518.7664621478531,542.4178383246056,500.91171664953924,524.3702242552466,700721,-0.02294512952178862,0.03254194707980182,Energy
2002-10-01,512.3520951858073,527.5105743885904,502.91695057993286,517.9719383873127,1526105,-0.012276901886455973,0.03203364639112204,Energy
2002-10-02,501.10414959976475,525.5528349969984,477.6667667079727,502.07026543728546,1629599,-0.031180986907294733,0.030716965163873317,Energy
2002-10-03,510.22493664775567,523.0169002406358,497.62016183513373,510.40761253907345,1456559,0.016469565881324075,0.03163326810147536,Energy
2002-10-04,511.8793076530986,515.5202225431449,508.81271282191153,512.4502075334198,1155055,0.0039939034916218535,0.030679274937190838,Energy
2002-10-07,507.583227802788,514.6759146276654,500.8510818957883,507.93904940993025,1282938,-0.008842091356645217,0.029246658241625745,Energy
2002-10-08,530.6614671555301,575.0512737013503,490.2711395461468,534.3780641082478,1301039,0.05074211477471058,0.02821384414743679,Energy
2002-10-09,536.838181813824,543.0652299072199,531.6289257400342,537.8461925137717,1436095,0.00646905808896227,0.0335116566739421,Energy
2002-10-10,522.0471783506739,551.9654856772377,488.01634196231777,517.6846336616657,1162812,-0.03820639023607788,0.031697037926429174,Energy
2002-10-11,507.4942048235102,524.3162887608928,489.58536954483736,506.3701955629209,836361,-0.02209822795675434,0.03350702924579128,Energy
2002-10-14,533.4395566629596,588.9229148380648,483.79558555967134,538.7817759204761,1529842,0.06204260693107235,0.03273265279391439,Energy
2002-10-15,541.6457113233107,544.189717714873,534.5747339681922,537.0973777059911,1312568,-0.0031312059259141476,0.03917312865169303,Energy
2002-10-16,535.3820157352135,537.1983637047164,535.0797978998462,536.8952916401167,879350,-0.00037632671810026986,0.036456794624215756,Energy
2002-10-17,529.5758902752449,543.6019102643832,513.5275746839662,527.498576215775,1096197,-0.017656921631947535,0.03410717728994311,Energy
2002-10-18,535.259224554251,550.7327310347907,521.3090954151959,536.7439075244575,1105139,0.01737491978853475,0.032823842955656476,Energy
2002-10-21,500.11551417022275,552.3889269287879,449.9227694198659,502.00640774464176,1482240,-0.06690820197627771,0.031736523261863166,Energy
2002-10-22,530.3147224478749,577.8021810171666,484.44567629033816,531.8042956981304,941338,0.05766267239173283,0.03971487946293406,Energy
2002-10-23,540.6601730789621,560.329906736311,523.5513484995457,543.1425296658775,1680843,0.021096214629588484,0.04313426583016977,Energy
2002-10-24,536.4550159578433,545.6011177785408,529.0339201726546,538.1564845833738,848378,-0.00922238965608738,0.040684265407167554,Energy
2002-10-25,533.1100816243792,543.09116801724,530.1856061795572,540.1281934025994,754758,0.00365712516748405,0.037906799284851085,Energy
2002-10-28,502.4346127246326,556.0573120610662,451.31528890363154,504.7068077621202,1035836,-0.06782882458911835,0.035377203539725774,Energy
2002-10-29,525.8591872763768,555.7619626426255,494.3985586086103,524.2074060888389,1493200,0.03790973716890063,0.04232433863634678,Energy
2002-10-30,533.3879343909019,540.7406733270313,521.7541670941289,529.0470672890754,882712,0.009189982827446694,0.04181688580747727,Energy
2002-10-31,560.0680663856634,603.4037510305402,513.9510425936576,557.0534706429938,1420842,0.05158383090176738,0.03887917075458002,Energy
2002-11-01,555.4317862099296,557.2426020645576,554.8652736198496,556.6748216406249,1040635,-0.0006799665943327532,0.04133286436271205,Energy
2002-11-04,509.8005964623498,582.0484925915796,434.71042795748144,506.4890133060675,2096945,-0.0944786342353963,0.038298745336192055,Energy
2002-11-05,529.6526191432373,564.9397641537328,494.215572314855,529.4920175344835,1858201,0.04441545739617755,0.05111131933837224,Energy
2002-11-06,518.7240615076885,531.2917165190329,513.3611316009634,525.8550613789664,1868414,-0.00689246339198468,0.049857832884753435,Energy
2002-11-07,509.19939089091827,537.3771800270047,478.7633906879621,506.8088959618792,1655591,-0.03689162456483613,0.04577956648672722,Energy
2002-11-08,500.90098085726925,508.42961649216994,496.0326477075818,503.53567633466633,1262283,-0.006479435172137889,0.044505772216927836,Energy
2002-11-11,463.6457415376793,522.7231931439657,403.5934623953228,462.52856392618315,2012875,-0.08494625143521028,0.04112065746705107,Energy
2002-11-12,465.52625053703207,467.23334988435676,459.7072417766871,461.39920712651036,1091447,-0.002444687555721969,0.05034984231705328,Energy
2002-11-13,504.8768980482981,566.2164912702724,439.53924668777256,500.32592303617633,2028952,0.08099610480507859,0.046140890451620765,Energy
2002-11-14,509.576789547644,526.7977534679582,493.6674681769098,510.8487215465333,614646,0.020813770298626428,0.05279432513418526,Energy
2002-11-15,504.58621120312284,518.8088946379702,487.207731392279,501.33888295271294,1743349,-0.018791216933884882,0.04893643395473203,Energy
2002-11-18,519.5636111394052,566.21032930053,480.8036786088836,526.9028804017831,1510997,0.04973395839574017,0.04548391066787385,Energy
2002-11-19,514.0001333958354,537.9441883056819,486.99639202258913,510.7909511830658,977847,-0.03105583488426457,0.046109097761405884,Energy
2002-11-20,472.0132195205097,528.7312791086953,414.8159394733005,471.4685505391503,1636730,-0.08010801003384631,0.0441079227480791,Energy
2002-11-21,517.0747778293139,580.8566974555454,448.7372802404803,511.8781937220009,1695896,0.08223429487186713,0.05117617678234507,Energy
2002-11-22,527.1494235581947,552.1725012357508,502.857091189749,527.8479777832335,2080504,0.030721627534593402,0.05665309121316547,Energy
2002-11-25,544.4253129555357,582.9737208919203,511.3996506745726,549.6322009179211,1771957,0.04044100754203341,0.05300217877561205,Energy
2002-11-26,580.9155148920713,632.5776207933166,530.6936222871561,582.2411251928614,1401355,0.05763533746009629,0.05091862161942105,Energy
2002-11-27,638.9693102676918,715.902060679236,554.9414932292069,630.9030559477238,1752393,0.08026754876987115,0.05169564431089234,Energy
2002-11-28,663.7711462126148,707.7690410679431,615.6990540890191,659.4077204198243,1661773,0.04418982366274306,0.056607275331031284,Energy
2002-11-29,659.1221745547659,659.9074373465774,658.8225468888903,659.6075890181172,363976,0.0003030572858292016,0.05437295259248108,Energy
2002-12-02,679.76458818195,718.8235097976373,644.1599907294412,683.0469873813892,2091255,0.03491855668027098,0.04965025836244088,Energy
2002-12-03,680.3046602628615,684.089353423017,677.170904275156,680.9526127066025,746080,-0.0030709339219623867,0.04748699152884608,Energy
2002-12-04,665.2047330171506,686.454572504115,648.5285630548717,669.6665482722537,935534,-0.016712819512113418,0.04365118654563147,Energy
2002-12-05,620.7667593727161,691.5470153813992,549.8823905995374,620.6492478646518,1959372,-0.07601379524058957,0.04081958622867075,Energy
2002-12-06,610.1851885425059,625.5106642630034,595.3718337672786,610.685171492686,1398573,-0.01618454534063732,0.04795524430065653,Energy
2002-12-09,636.3452578784978,672.0201059955883,598.4011780235547,633.9412525671933,1834496,0.03737472980839182,0.044486574277314186,Energy
2002-12-10,625.0302768053325,637.0560942827387,615.6296854572047,627.6166040107461,1096916,-0.010026811710281034,0.0435060317310409,Energy
2002-12-11,621.507869461569,629.7379177391794,615.1186424884198,623.3299593127426,1254777,-0.006853468569040382,0.04036459315473011,Energy
2002-12-12,588.1049869934097,645.1772445638223,527.5786533681455,584.2796872693797,1628091,-0.06469622355716359,0.037556434989912596,Energy
2002-12-13,602.2651430288545,631.3440420379549,573.8811022142617,602.9287272855555,1524017,0.03141920812689078,0.04308397438381235,Energy
2002-12-16,609.0264214183669,627.3283305121037,594.4266369401543,612.641875170821,1375739,0.015981555659726716,0.04163001411076065,Energy
2002-12-17,602.2643115901689,624.1889594421316,576.1848741891902,597.9525582775968,1521007,-0.024269131708495983,0.03904814948349596,Energy
2002-12-18,603.0835103861517,616.4425394347514,592.0035053296123,605.3214189476776,990909,0.012248171124697626,0.037525391344408465,Energy
2002-12-19,586.5109415822249,616.9494079846277,554.3900780220089,584.7364528506523,1681569,-0.034598350169210576,0.03534157114257636,Energy
2002-12-20,579.0217344523705,586.9292610712816,572.4073017909499,580.3002236375007,947775,-0.0076156411960096185,0.035760008330890054,Energy
2002-12-23,568.2026424994625,583.5643875209566,558.3898530616046,573.657395178239,1088583,-0.011513250970572146,0.03364107987690369,Energy
2002-12-24,601.998542139648,638.1837270433402,561.220497725575,597.1119577313051,1601514,0.040072284090125795,0.03201969778767562,Energy
2002-12-25,623.0927518756761,668.8933212055763,579.7896049473387,625.4278889909833,1668444,0.04633140817637316,0.03407458040770606,Energy
2002-12-26,631.3115109867995,640.0741225691742,611.0662950476064,619.6672846240165,1326332,-0.009253341580585632,0.03675393219112528,Energy
2002-12-27,647.3320609819165,687.1946631907897,605.877866921918,645.6360276779346,1754480,0.0410532240577394,0.03454742935109525,Energy
2002-12-30,645.4918619921519,662.3199360575368,635.5655471652043,652.289094018065,846236,0.010251939036910025,0.03616109761394663,Energy
2002-12-31,636.9187853806231,659.1737664243703,615.8325496066625,638.0500773825376,811235,-0.022071087929323698,0.034086145611065786,Energy
2003-01-01,642.3095127456157,647.6797251811797,636.2519898652358,641.6164073952318,749306,0.005573857389104642,0.03320485200166708,Energy
2003-01-02,651.6215005925505,670.2065870928176,634.4433762647847,652.9923249291094,1212225,0.017574746804338598,0.03141193945128513,Energy
2003-01-03,654.3384402192779,664.6896451125831,647.3455677133591,657.6612618274744,1428491,0.0071246234630257315,0.030589192713415207,Energy
2003-01-06,695.7826749476267,758.7001698772441,634.5937912489269,697.3715559728837,1361237,0.05862834847898028,0.02926043416646868,Energy
2003-01-07,673.3719772587447,706.6430542455223,644.9400732414188,678.0151027211058,1488169,-0.02814878450300276,0.03606287416296863,Energy
2003-01-08,652.3532924060937,689.7451889003084,615.8265747770294,653.1725965998273,1243349,-0.037328155417485305,0.0354863047479554,Energy
2003-01-09,658.4479335361167,663.9782422209213,651.3233838964027,656.8401891249318,1201524,0.005599337880425031,0.036282653400249,Energy
2003-01-10,647.3352255215882,659.5550196605881,639.1720054666963,651.3412812449875,1101832,-0.008406999169365917,0.03402716029754694,Energy
2003-01-13,667.6357522414974,683.7894718211495,645.9170516834535,661.9327856584622,914410,0.016130272158551624,0.03220061731686245,Energy
2003-01-14,691.5340124285409,728.160860285442,649.4039435343326,685.7230139678669,1668551,0.035309757918509654,0.031121241242212033,Energy
2003-01-15,684.4907655709749,689.3482085579091,682.323221782564,687.1721736841655,837642,0.002111101076825319,0.03258591990115256,Energy
2003-01-16,658.3797392338251,706.7764167815213,606.2111460066916,654.30855592166,1697407,-0.049005839298777845,0.0308243775737151,Energy
2003-01-17,648.0567850497174,665.094796612915,626.0367315609742,642.9402240076219,1044410,-0.017527282542985235,0.034933503188947515,Energy
2003-01-20,573.9992510680108,661.5431644710624,487.8993634078092,575.2549256270108,2156672,-0.11123846423406267,0.033501650124180604,Energy
2003-01-21,578.2724292829391,590.1532490052435,569.360147947035,581.1959112351755,1168944,0.01027460516831196,0.05342272772526066,Energy
2003-01-22,619.1521819837018,683.8380165857463,556.9790486810125,621.4355911823093,1595460,0.06694437448694517,0.048979846843273944,Energy
2003-01-23,642.7178109532045,681.6950690046679,606.4353508374735,645.2686120412342,957152,0.037634411761434436,0.05187921268436628,Energy
2003-01-24,653.1667049486208,669.0513080681296,638.889974056151,654.7401845097615,1264469,0.014571809191848714,0.049654954529172096,Energy
2003-01-27,679.8399979259027,723.3039562459998,638.491203758105,681.8338907992758,1337237,0.04054757422721731,0.04587311032515525,Energy
2003-01-28,660.2199194218042,689.3228061998411,637.4304673659257,666.3226985894169,1211977,-0.023011980690551995,0.04505651636644634,Energy
2003-01-29,634.0286191864126,686.0859172325215,579.0356788849615,630.8303839161025,1586846,-0.05473706440666036,0.042467686797837585,Energy
2003-01-30,644.75151377141,666.2435469906909,623.4151252413646,644.9021727890085,1016940,0.02206161399579641,0.044634353031563205,Energy
2003-01-31,621.4044158160833,655.7348746539502,587.7043134861605,622.0023453169871,1457444,-0.03615477185998091,0.042033172593225705,Energy
2003-02-03,648.2966081531891,696.5670514643284,603.3631916580533,651.4173373328417,1558609,0.04620664464386473,0.041346163157403255,Energy
2003-02-04,701.2243507431627,790.6547161098566,616.9055818733153,705.7872777744988,1440533,0.08016337784094897,0.04228312036330275,Energy
2003-02-05,743.2520188112475,793.2510769667008,688.5037559769046,738.1602901556736,1236388,0.04484711052689909,0.04994211535524552,Energy
2003-02-06,774.743700540708,829.3941252322882,719.1256896808655,773.7026808371041,1503946,0.047026670156370055,0.04895979378344139,Energy
2003-02-07,812.115741918541,866.258055330025,754.9402518569299,808.8659043741831,1069637,0.04444548202253232,0.048470354669148945,Energy
2003-02-10,751.9753483144227,847.5438610421098,648.7086816364841,743.1563938424695,1750024,-0.08472663626709495,0.04770545415604758,Energy
2003-02-11,754.9236724094791,775.5265784272798,735.4636822769511,756.0378672189782,1497205,0.0171849515774381,0.054748869567857725,Energy
2003-02-12,762.4339919462418,770.470439071452,753.3440386171271,761.3692629501082,630740,0.007027010171897792,0.050420723510025835,Energy
2003-02-13,751.5727820070808,767.8801589622668,734.1525476796676,750.4352426838988,735355,-0.014465112224737613,0.04627317060903619,Energy
2003-02-14,777.5216447703032,826.7474159492764,731.5573856444286,780.601110009435,1530199,0.039410914954402715,0.04294590755033027,Energy
2003-02-17,754.6549700784199,794.9021762890808,713.1579340348295,753.3347292539555,1672835,-0.035554620152198936,0.042526036881993676,Energy
2003-02-18,774.6026710835313,826.3012962611691,730.9232839124779,782.1938471545362,1680340,0.037592939624950895,0.04167002162749645,Energy
2003-02-19,742.8252560125235,797.595993449261,694.9282952279736,749.2826626630117,1989987,-0.04298629715568198,0.04124435632175144,Energy
2003-02-20,709.2890006558388,777.8395080054802,634.6308236580077,702.5278914882797,1315530,-0.06443119545183665,0.041689936485799155,Energy
2003-02-21,735.4780396043133,779.727465127028,687.2818585373079,731.2786300726794,1780151,0.04010944640986688,0.04596898395064753,Energy
2003-02-24,730.221119577924,740.5177476847209,714.2214196763945,724.4364803271146,1172875,-0.009400465905221048,0.045075859859350545,Energy
2003-02-25,719.5765949567563,726.785753062906,712.4831800541425,719.6912083289332,1144880,-0.0065718414155665076,0.04169798349480621,Energy
2003-02-26,697.0313639346244,730.2838072882087,664.2336855621334,697.4656923001264,1514999,-0.03136891687566129,0.03869697439032163,Energy
2003-02-27,679.679154983485,704.753288186888,657.4136776148558,682.3987210809162,984510,-0.02183920379233457,0.038020599725214606,Energy
2003-02-28,673.7536153304618,690.996448779034,653.6861137434887,670.8547591001026,1069098,-0.017061462881219534,0.036441671560377954,Energy
2003-03-03,721.5799443815478,800.2942996639058,642.7586013902109,721.4598567825168,1195272,0.0727240789651959,0.03472837986774869,Energy
2003-03-04,715.2067332958437,724.0350731059285,707.4359456558274,716.2529185657061,497077,-0.0072433953039998476,0.04310646174057121,Energy
2003-03-05,745.9393864529658,791.8423229981913,700.228275589103,746.120135826012,1208165,0.040853284412490753,0.03992998436466717,Energy
2003-03-06,729.8984346464471,751.4263137344986,713.8600979481455,735.2699467519309,909013,-0.014648920942971395,0.04032209751715839,Energy
2003-03-07,733.017730090934,737.9772392049017,727.0085581232887,731.9609169677595,1207634,-0.00451058586113824,0.037853478984970435,Energy
2003-03-10,752.934361844143,797.3156597159167,713.7055319338973,757.8316736820531,1375399,0.034734174184111344,0.03534629407355294,Energy
2003-03-11,737.9647033879227,767.8655115868976,707.7477018292411,737.635157508667,1107781,-0.02701195875783148,0.03578348546781176,Energy
2003-03-12,715.0262716699694,748.975590033146,680.7207323595109,714.6522943468649,1510630,-0.03165321304338157,0.03512567655106866,Energy
2003-03-13,724.7355878613824,732.9569097386731,711.9089278612194,720.0774078498563,1385089,0.007562594335543214,0.03517583555413703,Energy
2003-03-14,700.0463810870677,731.7835227222141,666.9661391488783,698.6394986873072,1519210,-0.0302238465836729,0.03314287933339454,Energy
2003-03-17,764.863573681285,879.5313750494819,654.8604831246613,768.941757851941,2203929,0.09588035857355952,0.033403330608688865,Energy
2003-03-18,771.6408398431378,773.389442050883,766.0411221987179,767.7809776382458,1097618,-0.0015107220159580942,0.04869889598986664,Energy
2003-03-19,696.7644493874948,796.9694537145116,600.4811027802868,700.2099815428444,1823506,-0.09212424341477982,0.04469461174075578,Energy
2003-03-20,710.3692932390392,735.9812726828038,688.9429877343408,714.4324144752532,1348607,0.020108137845694107,0.054507963534123745,Energy
2003-03-21,748.9551503713632,808.0780344619448,692.3850042405015,751.3286155508958,1611251,0.050354725159721364,0.050374051376210614,Energy
2003-03-24,775.6153308437323,804.7448557406285,741.4448749556154,770.3776915914269,1254133,0.025037776449663943,0.05010365050102783,Energy
2003-03-25,775.1585451758054,783.3719092434237,767.3556504548279,775.5649238368328,714321,0.006710794644991315,0.04692903336160696,Energy
2003-03-26,766.0678201244717,777.2930116487182,760.9006920614682,772.0852957080627,625912,-0.004496667202967224,0.043227567043715776,Energy
2003-03-27,771.9301470537368,773.2178661959657,771.2510600179734,772.5382442013189,836952,0.0005864840131415536,0.039974129689153835,Energy
2003-03-28,757.0120789195524,789.1343166502327,719.1237001235453,750.9904213004478,885737,-0.02828861751367451,0.03712676164236362,Energy
2003-03-31,735.4093942284969,756.5054434394509,718.7062026386278,739.7046936596837,1306584,-0.015141853160027599,0.03636968553843093,Energy
2003-04-01,721.7295515341654,756.8316594373458,681.2765679166364,716.1051257040389,1158880,-0.032424064137380915,0.034533962681676966,Energy
2003-04-02,694.186698770947,723.4948981048765,671.7402765705932,700.8335509421148,1677673,-0.021556566113117293,0.03481053939652924,Energy
2003-04-03,701.8344391409894,703.8049765095574,700.0514552986191,702.0215174019422,1139292,0.0016936414467896344,0.03375087782340233,Energy
2003-04-04,663.0998422391509,723.9577653694148,599.7497167166731,660.3557970960456,1853233,-0.06118527885107942,0.03180766678464058,Energy
2003-04-07,681.9683148018798,723.4878575283442,643.9963707382389,685.3288018032478,1352939,0.03711994945559143,0.0383526776801677,Energy
2003-04-08,650.9176666658278,704.0040448773744,596.1267692073852,649.0617890756047,865806,-0.05437080697007259,0.0385152684701654,Energy
2003-04-09,668.4090394677906,697.8973591754336,638.9367875163032,668.4244286659113,1150747,0.02939542526729269,0.04159529326558075,Energy
2003-04-10,663.0077993490326,672.7584099211114,652.1685749074143,661.9029366726102,1576238,-0.0098044201809313,0.04017148729480255,Energy
2003-04-11,714.38076879064,808.5723443511217,625.5263374828548,719.1275144685196,1654541,0.08291976789745231,0.0374889011767993,Energy
2003-04-14,749.4904848071276,792.2365109469253,704.3930597719298,746.9968662488561,1646094,0.03802229826466524,0.04749407705577785,Energy
2003-04-15,716.9557345054943,770.1184435237421,658.2491697022144,710.967875272667,1455105,-0.049433743683786203,0.04605870340232349,Energy
2003-04-16,682.7407032729329,723.6439669649948,643.2432053790851,684.0695910666818,1537541,-0.03856759255210071,0.046515347784056235,Energy
2003-04-17,714.1719548912984,774.864447779598,659.5765535231612,719.8360504523957,1317109,0.05096382460294815,0.04532174911526576,Energy
2003-04-18,735.562970757836,758.4666717760325,712.0507461241966,734.9348901906459,1629015,0.02075843213858304,0.04618273992540594,Energy
2003-04-21,707.9138031048708,745.8438197310419,674.3011594942252,712.0354739695858,1290789,-0.031654177352499105,0.04325405471562141,Energy
2003-04-22,726.991001077897,763.5863982986403,696.119129271903,732.4813762101816,1418546,0.028310182437123924,0.04179747170646924,Energy
2003-04-23,723.4384692499875,751.8785069296372,685.4830697128654,713.5337291760051,836902,-0.026208206952863435,0.040222417596235606,Energy
2003-04-24,716.2011770775831,722.9837404037186,710.5339486369568,717.307755716752,1487568,0.0052752668030613915,0.03869502317587352,Energy
2003-04-25,734.376311278761,767.9120587379701,703.9711988816439,737.3824829216452,1560473,0.027601754877026718,0.0360834882022461,Energy
2003-04-28,741.3762075796915,755.6705002236096,730.4305450603288,744.6761178986659,466765,0.009842652450452984,0.03543858105958853,Energy
2003-04-29,734.2520868832237,751.1056674896615,716.5343503074473,733.3676296138988,1235220,-0.015302265536602971,0.03345513552659267,Energy
2003-04-30,691.0820149527212,752.4961177770487,630.0634704115049,691.4454812630077,2150803,-0.058862810511610866,0.03210172540635554,Energy
2003-05-01,694.4541423897597,700.1609378060481,689.2231774481289,694.9264154748073,1004258,0.005021656216329292,0.03800185769736676,Energy
2003-05-02,731.7672803792594,788.227668691678,675.1589447177404,731.60696359505,1628591,0.05143747183590602,0.03548373578745593,Energy
2003-05-05,712.2798612109791,745.0873793946025,676.804520548363,709.4832260799509,962165,-0.03070658034876529,0.038783352494048635,Energy
2003-05-06,687.1243301062676,720.7203872984587,653.1531227549365,686.7298945286927,2090923,-0.032595806144714544,0.03800990470981715,Energy
2003-05-07,697.315614416067,711.0944239846408,682.0865914944668,695.8361675038768,673779,0.013173192820883806,0.037618815393006134,Energy
2003-05-08,668.4935516937792,708.6369950648775,628.4799389739819,668.6160500361619,1720182,-0.039904261971726085,0.03547069450437766,Energy
2003-05-09,654.3079028798198,673.1974630397539,640.4708154939336,659.2557404200369,1106452,-0.014098446439853703,0.03667953998381839,Energy
2003-05-12,672.9734004197234,689.1934994752464,653.787435448324,669.9342853266583,1483918,0.01606809327620453,0.03472932264732843,Energy
2003-05-13,673.3620706194206,680.0408629779428,667.2963196026018,673.969638890956,713534,0.006005437769152454,0.033220900416209564,Energy
2003-05-14,632.0734113802799,693.4395742776526,570.39618255173,631.7288976128343,1163421,-0.06472472109778649,0.031437435836767044,Energy
2003-05-15,662.0848869762107,703.8674382883422,617.2939078925895,658.8738164279587,1639162,0.0420716961767601,0.03897490635999801,Energy
2003-05-16,714.7333737590994,794.772504261585,630.4426837976915,709.945664609224,1636664,0.07465639956666577,0.03975850605210075,Energy
2003-05-19,699.0558340965678,715.0741712713141,683.4455454680797,699.454969731777,1141134,-0.014887021290807404,0.046910848875655546,Energy
2003-05-20,656.6137715543424,716.9955260293785,601.1749790426188,661.1718857458659,1757298,-0.05628757209938741,0.04351718860662552,Energy
2003-05-21,620.3982291377467,678.4016644464754,565.6772907253879,623.4146673601244,1225915,-0.05880194993293482,0.04571914456008833,Energy
2003-05-22,710.1225140881186,816.6408912013363,600.5747966678691,706.5585843151401,2452843,0.1251942255121904,0.04786274690019692,Energy
2003-05-23,720.6405317163885,735.797198928798,701.4650341689896,716.5353605350165,1087017,0.014021477232492986,0.06545008134376477,Energy
2003-05-26,728.7035168827296,742.7799482972678,711.8018376359641,725.8226184767302,1326150,0.01287805999597279,0.059636069554352245,Energy
2003-05-27,709.9429529187851,735.221480917033,683.5585074551362,708.7962038217186,1849273,-0.023737614310483653,0.054498121966744986,Energy
2003-05-28,771.1971543286642,869.5447217610556,673.1678579711775,771.4795315470263,1159059,0.08474209723350819,0.050601950439629916,Energy
2003-05-29,829.1197600431063,938.1284140684453,728.4297926229756,836.5376082740572,1783815,0.08096133777255997,0.05679462445659636,Energy
2003-05-30,906.4984775571551,1011.410412468071,799.0555845611916,903.6362667679338,1749540,0.0771554411531824,0.060528623194493966,Energy
2003-06-02,894.3994907840516,911.2718511938433,875.5094581723813,892.3430244624238,1520278,-0.012576304424473668,0.06264116614166881,Energy
2003-06-03,876.7283508923391,901.4377961563176,851.0518070985854,875.7332054870446,953045,-0.018789130627009813,0.05712142392672893,Energy
2003-06-04,877.2784122205912,885.6373826484356,871.346854203016,879.6895223493768,1469790,0.0045075451038483145,0.05256653280930263,Energy
2003-06-05,910.6173532090882,958.6233240822646,862.9446033291667,910.933997216924,1678801,0.034901414014656365,0.04810031176305073,Energy
2003-06-06,921.3171731731073,958.1403891183428,893.1345984282987,929.7013472001535,1313418,0.02039295880971885,0.04619121451526804,Energy
2003-06-09,888.2094535082759,947.7026677520694,831.9853758412221,891.2839716362549,1920656,-0.04220031468551955,0.04323521196974337,Energy
2003-06-10,921.9064861388214,979.8998439574951,868.584452825669,926.3223992039145,1108444,0.038559249493571035,0.043157349631186157,Energy
2003-06-11,887.3598921691561,946.0053863042939,827.8130711241413,886.3947812075811,1254256,-0.04405990898970997,0.04258013410003395,Energy
2003-06-12,857.8060581588435,894.0086501759624,834.8935725599486,870.7504135149676,1054202,-0.01780704420769522,0.04291439843465976,Energy
2003-06-13,921.6652093017316,1015.7010931496301,834.1704225663696,927.6391893078389,1759851,0.06328746841574538,0.04026015521479276,Energy
2003-06-16,928.3756539764312,946.900724546554,916.885687686264,935.3247532900582,1054130,0.008250946148758664,0.044693395788488244,Energy
2003-06-17,973.9730298703435,1037.0638956169707,912.515823438616,975.5097245282004,1342211,0.0420663300706993,0.041330514375429984,Energy
2003-06-18,987.3374000145294,1016.9265077864469,962.5212618662038,991.9933452252324,507191,0.016756270043695648,0.04161737081643496,Energy
2003-06-19,1001.3002681488292,1012.9723036581534,988.078648787979,999.7324079414525,1761412,0.007771252294381261,0.03908606312747179,Energy
2003-06-20,986.8739361682207,1006.2651164019852,967.3337238656255,986.7219170614409,1245276,-0.013099397010493981,0.03648609487157,Energy
2003-06-23,1012.4286895299374,1045.8081970755168,975.395071574779,1008.6499966088427,1615536,0.02197982461433222,0.034506915618286525,Energy
2003-06-24,953.9450059493672,1033.1266855194665,876.341231815232,955.4042050096159,1433602,-0.05423357646415808,0.03354174539140081,Energy
2003-06-25,989.3021732098922,1049.2785101443387,932.7347425164576,992.5267036292826,1424511,0.03811941536520689,0.03796354922205376,Energy
2003-06-26,973.0864281324123,1003.2562797186531,942.0791557397803,972.2222129498562,993289,-0.020669525141183344,0.038352944212876466,Energy
2003-06-27,964.785341784222,975.6095908089508,954.5569517756625,965.3749499362148,898333,-0.007067817448140819,0.036617523868649464,Energy
2003-06-30,933.9835162865404,984.7410488001192,880.4285160752212,931.0252827596322,1725957,-0.036230141559234,0.03435356677171859,Energy
2003-07-01,903.0334156908893,941.0972523063674,872.3544996671234,910.1756905008334,1699924,-0.02264878611038202,0.035228220414341996,Energy
2003-07-02,943.5430071745587,976.794743168745,898.9744067950869,931.8127527033355,1877748,0.02349423802366546,0.03420185868765387,Energy
2003-07-03,916.9440485444699,946.2741127885038,882.975870777087,912.1526745159721,1103926,-0.02132450305307904,0.03344563638502178,Energy
2003-07-04,922.4851133129654,938.6825045915189,906.5347734071972,922.7279656187222,1478200,0.011527080257143583,0.032605193437984556,Energy
2003-07-07,906.255602229572,929.4473836454827,885.8499268167253,908.9803563922861,1305221,-0.015010978773644388,0.031151403631151313,Energy
2003-07-08,877.1835028727685,923.50322760478,832.1120964254296,878.370814747808,1549631,-0.034254639080443565,0.03016831750552467,Energy
2003-07-09,898.0778457805283,920.0798446127596,870.9611933372794,892.8347414158816,1621515,0.016332659012136635,0.03168767819943637,Energy
2003-07-10,908.897744837208,938.7988058089028,881.2750561484967,911.1089164846934,672070,0.020260943430740405,0.03071319785202832,Energy
2003-07-11,885.218808699649,920.1009496762033,857.898409782716,892.5541606953132,1614745,-0.020575251111880823,0.030269064936727385,Energy
2003-07-14,920.6695869468531,969.0450953775837,874.5789828160734,922.8455576968528,1610414,0.03337469799824454,0.02994117862514097,Energy
2003-07-15,959.4363998998845,1019.84320127028,900.8727695641386,961.173536765661,1648483,0.04069307796525605,0.03137291685421014,Energy
2003-07-16,919.5217004730446,976.0447341918547,873.8781456476178,929.8866787784548,1168902,-0.033092244081494186,0.033701586293465584,Energy
2003-07-17,922.1139122007329,933.4456187258222,911.3598708216978,922.684918060379,1226997,-0.007774918938427282,0.03424765725869587,Energy
2003-07-18,886.7914475413376,938.1262997058762,838.8911016512955,890.0499449542327,706611,-0.03601022993087245,0.032363390224791816,Energy
2003-07-21,906.0584262469243,941.3280963963587,875.3008397921698,910.4223690020294,1540690,0.022631054513160977,0.03365147426822287,Energy
2003-07-22,911.2228872001535,911.7601849114776,909.5279408336305,910.0645555408748,603851,-0.0003930964413291628,0.032905350181946735,Energy
2003-07-23,877.4777441574946,924.9109134579127,831.3680600227389,878.7351549255674,825796,-0.03503198756645976,0.031084285985028864,Energy
2003-07-24,855.9280842935561,889.4431889425001,822.9708392265976,856.4652600883879,1070394,-0.0256697929586456,0.032512648170946304,Energy
2003-07-25,869.2683397429705,878.8508193800592,853.2716900228183,862.7826741787528,802376,0.0073490767648895184,0.03231870315237216,Energy
2003-07-28,860.3536859185226,882.5786742718012,826.1442054761068,848.051396338529,1003974,-0.017221590544320528,0.030719703744589662,Energy
2003-07-29,882.4696803291259,922.0059355154931,834.6167837976736,873.7629620874495,1603772,0.029867885600044438,0.02999079251463221,Energy
2003-07-30,826.6090043848662,897.819122740017,753.9241362846421,824.9952325868971,1224675,-0.057431520809642256,0.03087671771832584,Energy
2003-07-31,849.2600101513715,905.0822058726426,801.2663208924355,856.6697733900656,1666437,0.037674908104512954,0.036843646603206874,Energy
2003-08-01,841.4108411808962,863.5281922698605,820.516926904331,842.6046337361817,1530102,-0.016554666879294657,0.037401513888078414,Energy
2003-08-04,815.0780399586242,854.8682818294011,777.1817384347986,816.8878355300931,1408166,-0.030996051638400468,0.03549939636414626,Energy
2003-08-05,863.9122119636237,947.1308921556927,785.2011826606572,868.0434644936713,1412690,0.060739990485885714,0.035387554257825825,Energy
2003-08-06,909.7009382820269,992.4372103376623,834.8514894802605,916.9881737635551,1389034,0.05485278780600854,0.04068445850339262,Energy
2003-08-07,891.8709870437499,928.2918064873651,857.1095990009603,893.4681670702383,1068701,-0.02598386877905722,0.04330709388177728,Energy
2003-08-08,917.4728967021917,947.0518014621114,883.448546805472,912.8793579872054,1377785,0.021493027108295305,0.04125139658117222,Energy
2003-08-11,896.6965148550298,919.2129778937102,877.4884278827456,899.9355086133847,1066662,-0.014280630182806515,0.03912332690428314,Energy
2003-08-12,897.7418820433089,902.6193971324419,896.1370051536977,901.0086802468979,828278,0.0011917879156670688,0.03681165883535047,Energy
2003-08-13,927.2923709069906,966.5836016363544,887.551907383855,926.8232609885703,1045596,0.028247998841999675,0.034413538538394725,Energy
2003-08-14,975.7973291582535,1052.1674261532169,899.8459965493953,976.1858527517337,1398030,0.05189010076807359,0.03416322179732915,Energy
2003-08-15,980.8562645979057,1005.5421327133641,963.3262353455245,987.8864586425718,1226718,0.011914779555437701,0.03791553721783365,Energy
2003-08-18,1044.4863911255015,1129.287383960994,958.1639096947862,1042.8304587389146,2049933,0.05412611950141599,0.03565620094446049,Energy
2003-08-19,1033.703109887937,1045.6302056960744,1025.286294619256,1037.1850391962842,1230497,-0.005428260905327932,0.03945297522970392,Energy
2003-08-20,1011.7749825355153,1048.0863466044154,978.4252341484142,1014.6420935760166,972470,-0.02197441721249546,0.03673757893559334,Energy
2003-08-21,975.8004501062414,1034.7074166560215,915.782768306092,974.6183755679358,1028511,-0.04024522742217527,0.03538574595248041,Energy
2003-08-22,973.4682490276812,994.6272761290287,961.5551224694195,982.6023678930899,1227058,0.00815854485249739,0.03666977723998577,Energy
2003-08-25,962.7632601926248,1000.0047999537508,920.5456866409734,957.5869986211932,867500,-0.025787952449615324,0.03443431904917933,Energy
2003-08-26,949.0516266099058,963.8726729614889,932.8696990233718,947.6691557542678,915196,-0.01041112758324514,0.033887027553860236,Energy
2003-08-27,951.9125023475494,958.2824086800832,945.5364093440296,951.906273998362,1308637,0.004461128739476003,0.03217022296755274,Energy
2003-08-28,966.0278208808849,1021.656869232511,924.5203911459669,979.5676711752259,1183146,0.028644744204205215,0.030511044673530482,Energy
2003-08-29,999.1042558754478,1031.8894298036034,967.6193899991382,1000.3648390517385,814955,0.021008729029799174,0.03110976186400003,Energy
2003-09-01,1034.900963590634,1080.1653368339576,984.915074906336,1029.9634936879118,576776,0.029158586077825805,0.030666901227625876,Energy
2003-09-02,1057.261187731457,1110.6352905077238,1008.7778086815,1061.937468792277,943772,0.030571681884326577,0.031303363014741174,Energy
2003-09-03,1075.4553918234446,1088.2151170127572,1057.6709430716355,1070.3703366967734,937022,0.007909657177987563,0.032001790400094834,Energy
2003-09-04,1070.9079055316945,1072.926630359102,1069.374530506554,1071.392561381501,881678,0.0009545638905829387,0.030474186987519046,Energy
2003-09-05,1052.734683589232,1087.0707882212769,1014.1545661518738,1048.3475805727244,963358,-0.02174406978149398,0.029035797507101488,Energy
2003-09-08,1004.7491205545771,1070.8722968345119,937.3161213480106,1003.3470248191642,738504,-0.04387375576464815,0.029075465862099144,Energy
2003-09-09,982.6835753489155,1008.1500994575091,968.2916614165518,993.5983331988128,1421743,-0.009763681340492308,0.032634983358550584,Energy
2003-09-10,960.0314644910774,1006.2858834774935,921.1922909534331,967.1583823087783,954163,-0.02697076430943392,0.031085899247859962,Energy
2003-09-11,963.287943600506,971.0462692544012,954.23151424586,961.9793000786404,1007300,-0.005369336486517643,0.031339748319885015,Energy
2003-09-12,972.631417062289,1017.9985263762538,939.2646335168669,984.2337179912728,1383957,0.0228704542886364,0.029834012903878788,Energy
2003-09-15,1027.9070321158254,1085.661509026342,964.3886392561946,1021.7999825545681,1108548,0.037457652690396706,0.02984146968003312,Energy
2003-09-16,994.3050869353071,1034.1744832446277,956.2690829956973,996.0709290350406,1537917,-0.025502570883849614,0.03198237032948975,Energy
2003-09-17,1000.3786793313823,1029.7095468832274,980.3239616908573,1009.4725237950223,948144,0.01336475080545083,0.03187247680628173,Energy
2003-09-18,1025.9398272345265,1042.3927909913023,1003.960121807638,1020.323008829707,1062138,0.010691311725448596,0.030650877749704715,Energy
2003-09-19,1011.4395180334637,1020.43866047957,1011.0954278056416,1020.0916268171385,189042,-0.00022679901380638894,0.029474169495059266,Energy
2003-09-22,967.1814483046046,1043.2956548101959,894.0128792059236,969.91991690242,1879811,-0.05043422426194516,0.02819555017387824,Energy
2003-09-23,961.691896724247,971.2049357758274,957.8491013420394,967.3395730158065,1210264,-0.002663913044151369,0.033429521178470006,Energy
2003-09-24,980.3513215213186,994.9674599258337,962.436070369829,977.0022776033928,1205483,0.009939388110943463,0.031545059421142954,Energy
2003-09-25,1008.8018304799398,1080.2097848319336,946.9244536229162,1017.7816107507924,887868,0.04089166308483359,0.03018097636773447,Energy
2003-09-26,974.4883265619429,1036.3564351017799,916.6632647694785,978.3049019386696,1319015,-0.039559264225343074,0.0328562366086612,Energy
2003-09-29,998.7418888254621,1021.1860877029446,970.7550825862636,993.071861944877,729294,0.014981647830203183,0.03461742531117875,Energy
2003-09-30,1014.0412851050572,1031.8489030769422,987.1216914504164,1004.7664333950388,1191154,0.011707358949749192,0.03305087553902719,Energy
2003-10-01,993.5323491415039,1008.3706888810323,982.6831862784055,997.4784355895412,1005377,-0.007279858827259439,0.03153486383597928,Energy
2003-10-02,988.3771248308024,998.9860856343176,983.8680645199628,994.4493234381832,940252,-0.003041389902402843,0.03005840250919412,Energy
2003-10-03,939.9883139802831,1017.9689040131884,865.7021666596521,943.4121732104104,1532569,-0.052685865853001224,0.02870877142973115,Energy
2003-10-06,984.4595502586483,1068.0826945702909,909.5172304492282,992.5262913384836,1563458,0.0507502279057447,0.034288845339347666,Energy
2003-10-07,969.4207701781748,999.9597885315702,946.9512403769743,977.3074586631568,1091344,-0.015452203000953296,0.03777456520778654,Energy
2003-10-08,947.0423741531763,994.5054803042806,897.8232053260309,945.1936590648736,1262777,-0.03341146249733174,0.03574003088900812,Energy
2003-10-09,956.0137029573121,982.6818967702042,933.5468960068475,960.1186221368306,1084346,0.01566700482846381,0.03590722378978072,Energy
2003-10-10,981.6399669946898,1064.8240096222462,919.5444887204062,1001.473898772658,1575663,0.04217125107785368,0.03418012920215168,Energy
2003-10-13,1032.3376785333503,1070.4762313533665,988.5248245433615,1026.4457050386989,1340450,0.02462924913884113,0.03607474391373183,Energy
2003-10-14,1059.5765774997287,1135.1212825401333,994.4426273514603,1069.3844274012197,1597207,0.04098111864141319,0.03510127783606363,Energy
2003-10-15,1146.5724003637165,1287.2573352507898,1014.7828619362753,1154.5507480924919,1139733,0.07662812418743893,0.036573181121483854,Energy
2003-10-16,1175.9871794935877,1214.731638920598,1139.807482398965,1178.475391042335,954595,0.020510255965093486,0.045286404961629764,Energy
2003-10-17,1219.0668143683504,1279.2726933035622,1157.7726660562755,1217.9220065300126,1562340,0.03292457160707085,0.04247101799394533,Energy
2003-10-20,1197.2190009810145,1237.5422568719123,1150.769968004375,1190.8797117633392,1284290,-0.022453845597091467,0.041299322123734584,Energy
2003-10-21,1157.859455983639,1219.1120014516364,1088.7958684332784,1149.6121169878472,1383710,-0.03526769168828667,0.039244534442629056,Energy
2003-10-22,1126.7664658948167,1160.5413458003586,1093.3219277445637,1127.0872851344607,1440447,-0.019787914746938036,0.038970223228100266,Energy
2003-10-23,1163.343173287702,1215.5904144052981,1109.186084205876,1161.3435182382368,1673059,0.029940859136140183,0.03706314711763136,Energy
2003-10-24,1157.3391982665216,1166.9243210016155,1145.3836695955074,1154.9489965988219,1394537,-0.0055213560838231306,0.036515883616339846,Energy
2003-10-27,1118.0342821012441,1171.4333036737296,1067.1253192864785,1120.4158956378171,1581654,-0.030356232439841768,0.03422426932713564,Energy
2003-10-28,1088.3765557239483,1134.5231322867146,1044.9949444826068,1091.0355366980355,1401132,-0.026572672857379877,0.034282147190225834,Energy
2003-10-29,1088.221309572743,1092.093542717184,1085.0431166038231,1088.9133286793515,880677,-0.0019470261186532055,0.03385452014422369,Energy
2003-10-30,1080.9924946280719,1089.8657273349372,1078.1460990918613,1087.0035040197313,707537,-0.001755421090868257,0.031897828514846044,Energy
2003-10-31,1127.5836002007484,1185.5581495566096,1067.0711745786382,1124.9081669151935,1577516,0.0342765712127182,0.030239699017201877,Energy
2003-11-03,1146.4671782498676,1172.1428562813974,1116.2575951798158,1141.8294081428007,510631,0.014930317249741492,0.031745614144883846,Energy
2003-11-04,1157.8640885630518,1210.3966689305469,1116.92635102164,1169.0629805137592,1521077,0.023570836419564603,0.030653945421843642,Energy
2003-11-05,1137.453753874569,1184.7747271534458,1089.7788830100878,1137.0844941436465,1188028,-0.027735031346804176,0.03057890032960597,Energy
2003-11-06,1108.5726196567348,1156.5829299252669,1056.8802044098363,1104.7238304572832,1507837,-0.0288721486935746,0.031039331675563064,Energy
2003-11-07,1083.6801624900463,1111.1186219532497,1064.4073632654818,1091.703137468499,687496,-0.011856388315583223,0.031556175849111884,Energy
2003-11-10,1150.0392591066022,1236.4350042195429,1061.5456217449182,1147.770962994523,2024517,0.05008278017688806,0.030293891776388564,Energy
2003-11-11,1172.6408973060402,1218.0150196011543,1130.401689420051,1175.6668163493953,709602,0.024013721497079626,0.03479107117788425,Energy
2003-11-12,1209.596823059409,1267.5211971554893,1154.262718310967,1212.073781686076,783588,0.030497271869749324,0.033982844642327724,Energy
2003-11-13,1242.7460881126212,1295.4446288479685,1192.5524075355263,1245.1537061922259,1044916,0.026926219312332172,0.034108349750644286,Energy
2003-11-14,1247.5820666898826,1248.434362830581,1244.8699021194511,1245.7209268068466,938558,0.0004554389184511995,0.03375584114102613,Energy
2003-11-17,1168.1833211188598,1277.1061977707855,1069.0297508570711,1177.1882990860245,1764213,-0.05658562229018514,0.031805605836107254,Energy
2003-11-18,1159.2706452238328,1185.2471497697509,1134.777741685996,1160.7235494796635,653784,-0.014085237494653539,0.03727689830949701,Energy
2003-11-19,1165.12592547703,1184.894260783539,1150.6645869546292,1170.367860286179,1230803,0.008274549675237964,0.035233688500544244,Energy
2003-11-20,1217.116362179709,1273.4643391760453,1151.1714423023334,1207.0535483087301,1736581,0.030864196033222775,0.03321747236217566,Energy
2003-11-21,1109.2190433172102,1249.4226244619208,970.319306993786,1110.3777868029206,1702509,-0.0834820000373315,0.03355011424156562,Energy
2003-11-24,1095.4122623579574,1117.0477188372047,1075.1773358337598,1096.7873903570683,1431783,-0.012314953446927434,0.045231347338241384,Energy
2003-11-25,1090.684290411957,1099.1783576743928,1083.4881594520564,1091.9737193038227,902213,-0.004398541981494644,0.04194578092473791,Energy
2003-11-26,1102.281616350892,1104.4008170712957,1091.2721297056298,1093.3742054087918,1398515,0.0012817055635440122,0.03886464853363956,Energy
2003-11-27,1052.1381551980992,1116.2721568281927,985.839671100313,1049.833170363478,1482543,-0.040637249847363215,0.03617478596878506,Energy
2003-11-28,1042.8974166295093,1072.1751178597958,1001.4416721395918,1030.3676190514607,1573862,-0.018715615913536886,0.037344343924930315,Energy
2003-12-01,1029.8674118855108,1032.6882229209523,1025.6708492099062,1028.4878817065692,964731,-0.0018260027150984264,0.035612092895535345,Energy
2003-12-02,1029.4514115459447,1044.5943318890472,1019.8266180600185,1034.9184248936672,1139221,0.006232959534225689,0.03339276974447498,Energy
2003-12-03,1040.9903402871812,1049.2015882296125,1032.1686006094756,1040.3749947559284,1511573,0.005258612960274023,0.03158938310017011,Energy
2003-12-04,1003.6248544720559,1061.1947102377528,943.9019934904421,1001.3408334062015,1127917,-0.0382412847517484,0.03004095955956375,Energy
2003-12-05,1049.6937776669095,1122.37494628378,976.0377341753742,1048.6463806523157,1332367,0.04616023591084143,0.03226959528607574,Energy
2003-12-08,1032.219423109313,1055.7553281492728,1010.629432928984,1034.1254709093205,1079522,-0.013944057304724613,0.03539317068084431,Energy
2003-12-09,1033.3720465590645,1037.205885381137,1027.7437189594923,1031.5708753867889,596374,-0.002473351738668568,0.033634903519890146,Energy
2003-12-10,1006.6243398047493,1037.493018674769,988.8730262130637,1019.5143954396141,1189322,-0.011756331128868933,0.03171691990337856,Energy
2003-12-11,1034.174185861444,1054.2436915689916,1012.7474509252594,1032.790096565712,900983,0.012937540556142976,0.030422066083151008,Energy
2003-12-12,1001.4510048767534,1047.7843474550843,955.0888930075423,1001.4208399699584,979146,-0.030844140054582206,0.02941952883987713,Energy
2003-12-15,979.9758403231999,1010.5706220243072,952.0661456231301,982.5865736840293,1046279,-0.018986654943700824,0.030579586133306188,Energy
2003-12-16,945.2770388769377,1002.9666433093803,885.8354725221545,943.4112064936618,948560,-0.04068620595501628,0.030036025542007176,Energy
2003-12-17,970.6517347325677,1019.274582731082,924.982057472708,973.4722010403838,1461323,0.031367019103882454,0.032711395071751165,Energy
2003-12-18,938.9388934781548,989.920708885438,887.8866570520042,938.8644292555412,1452914,-0.03619817772409656,0.0332206528706413,Energy
2003-12-19,919.7438280333862,958.9874049592809,873.5984454608318,912.5344114116227,1369823,-0.028445295113536124,0.034342912402752196,Energy
2003-12-22,931.9385887225949,998.2513676856609,880.9290630389831,946.4476884961209,2109755,0.03648990487919768,0.034130905759398075,Energy
2003-12-23,907.7516555682787,974.473917333205,834.9481523391995,901.1879646346821,1542525,-0.049001847113611136,0.03509504175919249,Energy
2003-12-24,879.8341011199926,910.44889869583,851.508861022816,882.0522479305514,1454051,-0.02146256137842342,0.03801982006724163,Energy
2003-12-25,861.7021616670461,887.5704051199154,845.1066499301212,870.7996843021912,937241,-0.012839325446137365,0.03640743887579477,Energy
2003-12-26,846.6578606811178,881.112329822596,815.0244561867152,849.3773190813546,1163913,-0.02490845158236189,0.034425695724016395,Energy
2003-12-29,859.161772557414,861.7928247368206,848.5067450740859,851.1131495704512,970189,0.0020415652119273047,0.03378117027133131,Energy
2003-12-30,864.2772529806589,892.3393987437447,839.5398588887662,867.5094913365552,755924,0.019081372330912044,0.03183644405705081,Energy
2003-12-31,839.0019397161477,890.6504871865221,781.3716856050645,832.6278470611928,1177858,-0.04103967267572568,0.031071886837828418,Energy
2004-01-01,863.3491649177167,922.8068577311614,809.0988417377401,868.2486644082763,1577296,0.0418913732585024,0.03354113789557322,Energy
2004-01-02,861.255660391135,871.383072207865,851.7900546292223,861.9102719562236,918436,-0.007326980978458059,0.03554207954082543,Energy
2004-01-05,835.5868398066004,878.8961874681827,789.4800424913891,832.6364693382113,1259917,-0.03455403683444505,0.033446139269097896,Energy
2004-01-06,856.7318781352626,916.8619754446411,806.3434853970999,865.9324539811762,1217471,0.03920977225518641,0.03426386733630256,Energy
2004-01-07,888.0070617880932,922.8957389873976,853.6741979126567,888.5421857081334,1588464,0.025775218353409464,0.035634548122816585,Energy
2004-01-08,873.1250129668233,894.3009904586594,855.6876240788607,876.7903992625352,1911612,-0.013314159773991106,0.034864180731931094,Energy
2004-01-09,907.4382630191327,943.4722235790633,864.5606971768689,900.3116637211223,1340220,0.026473030014583614,0.0331511524092317,Energy
2004-01-12,887.2051837457594,904.4471299907158,874.7474277941044,891.923126700785,512000,-0.00936104836467756,0.03292904982794134,Energy
2004-01-13,916.57296023403,944.9066178533013,882.3491781293086,910.4949485767171,1310036,0.020608403148496976,0.03131456916564093,Energy
2004-01-14,910.8266023683835,928.2966028599253,900.2079785947388,917.5990246464129,1488436,0.007772151688757998,0.030792657171368226,Energy
2004-01-15,935.7223246246746,991.4719551223906,891.646502038591,946.8709910182487,1372553,0.03140235190588375,0.02945523959874867,Energy
2004-01-16,941.4472002517439,949.1074495655373,934.7121931661334,942.3658704171793,1144878,-0.004769258140594268,0.030692101062633325,Energy
2004-01-19,968.3704320287674,1005.4706028375508,929.7072382960432,966.7451410180306,1326477,0.025541307734931847,0.02927483437344884,Energy
2004-01-20,990.8588940285846,1043.097801109744,945.0502118830414,997.0049776087944,1174964,0.030820858160941298,0.029723164404145515,Energy
2004-01-21,956.2095406186671,1012.0380903976206,910.0381978977173,965.421920541384,1499685,-0.03219053339227784,0.030810095689939355,Energy
2004-01-22,1001.2878856529841,1052.6034210264327,947.7797337394006,998.9768285165596,901609,0.034166354557782615,0.03185661882796853,Energy
2004-01-23,1020.0987209583743,1055.8752315500444,985.8571949384896,1021.5838542470416,1480524,0.022377916513619457,0.032969323591569184,Energy
2004-01-26,961.5502176386536,1043.6336024993811,892.9386262791012,974.1247528814566,1141780,-0.04757012173394112,0.03232176837043509,Energy
2004-01-27,1021.9459436403803,1103.4343154230717,943.8130109437533,1025.0630631823478,1632205,0.050970036254756323,0.035709870354580446,Energy
2004-01-28,1000.6300364453605,1035.1015442615171,969.9967856095457,1004.3542795843282,1340481,-0.020409308615624105,0.038856756966638775,Energy
2004-01-29,1021.2638086198625,1029.697183386707,1001.5591627249845,1009.8986867836112,1095633,0.005505188568427586,0.03701836073216523,Energy
2004-01-30,1017.4153321165007,1040.396442517446,999.1562116710311,1022.054072569079,1389982,0.011964383255679664,0.03465304157232756,Energy
2004-02-02,1009.586460501092,1034.9036402752124,979.9046402845274,1005.1095536404081,1823231,-0.016717854794760668,0.032895875154403294,Energy
2004-02-03,941.6554831036154,1031.5437010196567,857.723249204299,947.1240402183751,1629129,-0.05942175626177212,0.0317432493938487,Energy
2004-02-04,961.4298283057504,975.1883778289657,942.5194112902477,956.2031645991885,1204887,0.009540338856527827,0.03789127700736779,Energy
2004-02-05,921.0562065021508,989.6649153668509,842.1023144229043,909.878397624105,1652712,-0.04965944414710006,0.035528183297543786,Energy
2004-02-06,880.6829893940617,922.7371374105176,841.0020212769306,882.9538509929438,1732155,-0.030038026240242488,0.038467005416186716,Energy
2004-02-09,877.230362880542,893.327810597053,856.2125338943009,872.2180032659595,808536,-0.012233538948387673,0.0376710878209347,Energy
2004-02-10,902.4118724098897,948.0630353748537,856.4982865885738,902.1354667594519,1164700,0.03372529725482788,0.0354645965347178,Energy
2004-02-11,875.7844095014028,926.6310240934989,817.4969278663706,867.8849104245146,1848131,-0.038705579470974916,0.035732330418477176,Energy
2004-02-12,868.2492882914288,873.0287842795684,859.9457643129499,864.7057540279204,710984,-0.0036698338849547674,0.03669002360364158,Energy
2004-02-13,854.5548745006014,864.8770045487759,854.0467511752628,864.3630492253931,1383437,-0.00039640389829505014,0.03433578916728281,Energy
2004-02-16,878.5180680957034,909.0538947058182,851.7049935237224,882.1305638714521,1737719,0.020347200242260714,0.03229830807642506,Energy
2004-02-17,883.5264779464917,885.2462154743503,881.5567372218266,883.2759871826709,963986,0.0012976313827105413,0.031569698245858,Energy
2004-02-18,950.7561331136479,1041.260251110089,851.5571789736006,941.1465435460776,2043919,0.06346115114366764,0.029959460191205597,Energy
2004-02-19,912.0956741534915,954.7301986251877,870.0660459821696,912.6739245127875,1919890,-0.030720189677710587,0.037711444677056075,Energy
2004-02-20,879.0238322656292,929.8928891698245,827.3160302341145,878.1335675735146,1492652,-0.03857996035828636,0.03713868543418986,Energy
2004-02-23,929.1560218601848,1001.9084453089166,852.7474603660842,925.1892908843832,1374050,0.05219964622882909,0.037771517917748645,Energy
2004-02-24,942.3316759001012,960.96393734705,918.9295201215422,937.4655663745976,1309670,0.013181672598912071,0.040621059964147686,Energy
2004-02-25,959.675074770059,1002.885221355579,920.3630760036862,963.4198232246728,1267606,0.027309242332735854,0.03802788298031383,Energy
2004-02-26,983.1168301425316,1019.0913932951311,949.6451217004968,985.5372770548917,932936,0.022697681100073017,0.036996825738024715,Energy
2004-02-27,974.9582251723725,996.9825844538146,948.8756872494034,970.8062532597401,1009810,-0.015060036223636355,0.03566917157504371,Energy
2004-03-01,931.4307107948609,987.0001896870695,881.2956357379454,936.5875435818359,991432,-0.03588391813144561,0.03393895320039366,Energy
2004-03-02,968.2385453988486,1010.9543256542778,921.9901792125895,964.5429195407065,748730,0.029411333572990667,0.03485154763479597,Energy
2004-03-03,919.4075581110087,983.5462803576199,860.0883840735249,923.9350006591703,1603613,-0.043012607059963286,0.034662058210868284,Energy
2004-03-04,907.3735623858523,936.6634119161123,875.0749593924021,904.2644472658858,661950,-0.021519875785407965,0.03658796630649369,Energy
2004-03-05,894.4188294797428,908.6493821003193,881.1461522758456,895.3626984073081,900442,-0.009892961974438388,0.03521944322145088,Energy
2004-03-08,916.775186696365,950.9667501399592,883.2751145993717,917.4423008851359,1440697,0.0243608048320709,0.03327172897757726,Energy
2004-03-09,896.7268689622736,943.8807474849051,839.2561265488953,885.8373878248474,1383429,-0.03505629205854681,0.03278145331030674,Energy
2004-03-10,935.1184823318476,1012.4123890757439,858.3917303057469,935.6426305325247,1667213,0.05470020001085633,0.033823667554580425,Energy
2004-03-11,865.7296659193873,977.1477573379605,748.1978348578755,858.7128760973537,2056365,-0.08579898614598079,0.03826289549496188,Energy
2004-03-12,823.1705825066438,872.9844744497342,779.038086445638,828.5628820075635,1445164,-0.035741879831369075,0.0487386832082939,Energy
2004-03-15,803.7203937930833,838.2280656136903,774.1656849812299,808.497684471028,1334593,-0.024514917575893712,0.046818689524427616,Energy
2004-03-16,862.6327649095538,942.4277630027967,780.3808177882952,859.9253779858257,1637657,0.06166780066726643,0.044087854660787566,Energy
2004-03-17,896.7644671756501,953.5714764300475,840.1156191827325,896.9132309878627,1417763,0.04211350922599369,0.04717445059291352,Energy
2004-03-18,880.6971215964,902.947131806617,862.4210761142417,884.5902959707815,645068,-0.013834529513794092,0.04632898854814088,Energy
2004-03-19,887.9699375620642,896.1534302218785,881.0345093604483,889.2083296439735,859468,0.005206954205872648,0.04296288252602729,Energy
2004-03-22,865.906921943243,910.3499384816902,815.1932445527843,859.297004451811,1057632,-0.03421693133692281,0.039758197592087666,Energy
2004-03-23,926.8084422396574,1030.1678592048015,822.3920947649362,925.6188456901804,1005675,0.07434791790442567,0.039245269512828446,Energy
2004-03-24,899.8295821217305,944.7291260962099,850.6591865436184,895.3344322938814,1714308,-0.033265220338433245,0.0464897287345938,Energy
2004-03-25,879.9490183323259,902.7550257810226,857.3002492135241,880.1023111012191,1042630,-0.017159152516756444,0.044665670652947444,Energy
2004-03-26,859.6352159604147,896.9361173484969,817.9075862947104,855.0076922738824,1440198,-0.028927697621452413,0.04171550293555206,Energy
2004-03-29,832.47141322404,864.9117160501212,802.0843801571145,834.4523735837397,1320438,-0.024334796033608667,0.040220247408296356,Energy
2004-03-30,881.1358112607462,940.7144874565658,813.9041151768237,872.9278003995597,1669383,0.045077179881100084,0.03850924546089233,Energy
2004-03-31,880.0127940563973,886.3253166593295,870.820548242722,877.1122647197413,1498124,0.004782144566963095,0.03988937716584157,Energy
2004-04-01,963.9982009004701,1103.4962566727133,825.7623853437434,965.1021382483422,2040469,0.09559894436013174,0.03709932970475222,Energy
2004-04-02,969.3409213283984,981.5791504767583,959.4651225981307,971.6795256752589,658408,0.00679210551758801,0.050714514057114496,Energy
2004-04-05,908.0665551779185,1012.5853345964149,796.3282258880974,899.9079465931418,1576482,-0.07673356747000247,0.04652407391280044,Energy
2004-04-06,909.5613213815725,913.0735069099921,894.1283431282573,897.5943192028637,902706,-0.0025742706554297,0.05210371982167865,Energy
2004-04-07,859.880954551479,922.2130914223922,793.2521349314824,855.2484661297275,1468542,-0.04832617549439429,0.04767422915806716,Energy
2004-04-08,890.7767320298209,957.1745063417519,829.3853825592367,895.460365986864,1605911,0.045945931053296314,0.047629597797377736,Energy
2004-04-09,991.7266899119094,1140.4856933986957,842.8597328423442,991.5996856968756,1584967,0.10198152176185776,0.04723893686489055,Energy
2004-04-12,1031.5303875256652,1069.252390696803,978.9146131527502,1016.0712931757355,1372687,0.024379312929805642,0.05869623788650966,Energy
2004-04-13,1094.2051930813827,1215.8374335915032,972.5884395496798,1094.2191309217524,2327060,0.07409746928679738,0.054271090909094453,Energy
2004-04-14,1093.0894998650087,1106.4262705054844,1072.1124614777054,1085.3548619019145,1015593,-0.008133991249647643,0.057269942290670575,Energy
2004-04-15,1096.0671960961906,1096.342825579132,1084.9000301766475,1085.172920061432,1100767,-0.00016764755781593205,0.052285765787915855,Energy
2004-04-16,1054.200211713118,1094.4452805182216,1026.1953257923499,1066.123647867952,476225,-0.017710036233856745,0.047823062000237705,Energy
2004-04-19,1084.1042400677325,1106.6271144855757,1058.5343638895326,1080.9925920727867,848470,0.013850374398459533,0.04445990344989001,Energy
2004-04-20,1072.5406835338213,1085.6445839004875,1059.123551564956,1072.22357765071,1351435,-0.008145083642882748,0.041353613414857215,Energy
2004-04-21,1091.3000079441308,1110.1695948970862,1065.9002278389921,1084.6549149857756,1008461,0.011527283555144624,0.03844539546037731,Energy
2004-04-22,1033.5065966937432,1113.2600407365971,950.7622982187386,1030.2656451154578,1484201,-0.05144520883110662,0.03608837050363935,Energy
2004-04-23,1011.7716585625741,1036.2283713836084,993.7809908531055,1018.1247373458632,1321086,-0.011854234472250952,0.039228660635277655,Energy
2004-04-26,985.2230801523966,1032.77840407457,939.9589636619828,987.4136463724725,1573502,-0.030628675137825818,0.03677211828857146,Energy
2004-04-27,954.4192708489352,1008.680158649007,896.6406868393,950.689530489213,1378018,-0.03790150335907604,0.0363657573528687,Energy
2004-04-28,1002.7541870574859,1084.0475160224478,921.9197939868288,1003.1788868910248,1441718,0.05374158101356167,0.03706013005657005,Energy
2004-04-29,1035.8833532826493,1106.6895000582583,973.7751478346555,1044.0892930801483,1527400,0.039971170660722706,0.040397849216554725,Energy
2004-04-30,1057.370975874617,1067.254320714974,1040.795536521474,1050.6157395396133,1054838,0.0062313953291444875,0.04056159698109883,Energy
2004-05-03,1025.2531470416177,1060.3717551093068,995.5576792139306,1030.523632750155,1585452,-0.0193093565320096,0.03770966802940436,Energy
2004-05-04,1039.1045705482272,1049.418613983245,1027.068710085648,1037.3654916047155,786963,0.0066172637014297675,0.03596585794558979,Energy
2004-05-05,1017.0954869813829,1056.0220525593036,972.5299151679634,1011.2320745710227,1164303,-0.0255148548496989,0.03378465002103787,Energy
2004-05-06,1067.3563736824037,1146.4962516690641,983.695906955607,1062.473760180608,1174088,0.04943046198876458,0.03332826479634654,Energy
2004-05-07,1030.6183381514697,1075.6711030877848,990.124056258029,1035.0044840433386,925457,-0.026194166093901617,0.0368120112644191,Energy
2004-05-10,1052.9659310709774,1098.5796793736722,1014.9009127338071,1060.2512931231388,738611,0.024100189894687415,0.03587505385736182,Energy
2004-05-11,1018.3756443372699,1076.8163438230847,967.2925832542818,1025.381842623659,1578505,-0.03344087640419533,0.034881778400174604,Energy
2004-05-12,976.6831434168046,1044.9688200757466,915.7684338702403,983.6213799491745,1335894,-0.04157930505722438,0.03522974032957397,Energy
2004-05-13,967.9768207559664,989.7810363111146,949.3156612669151,971.0604294140911,1086152,-0.012852345971451,0.03677272731668984,Energy
2004-05-14,994.0464568696292,1033.6534572091352,956.372069988068,995.908498886134,1170627,0.02526668421527794,0.03473563298676998,Energy
2004-05-17,975.5526076914099,1009.9753339428,938.4305741638475,972.7545706678685,1615367,-0.023523574214925957,0.03407362849592706,Energy
2004-05-18,989.9659675320121,1008.6577289517952,966.4770430483475,985.0764850933161,845642,0.012587477437149925,0.03334386763228782,Energy
2004-05-19,977.1330482649255,989.8941851945018,963.7837744215584,976.5371287772107,1099040,-0.008706516103230776,0.03183107750576846,Energy
2004-05-20,985.3818805540872,1004.738454765788,968.4635649297687,987.7789825812771,1045350,0.011446198986870737,0.03036353914715746,Energy
2004-05-21,900.1629975075239,1033.1863118083668,762.8291372515879,895.1049956171626,2373800,-0.09851794594917677,0.02927811346927645,Energy
2004-05-24,944.6932308429633,1039.0741631646224,857.900769338369,951.6431837764015,1436171,0.06124913264323081,0.04734589943978886,Energy
2004-05-25,989.2258382904267,1049.9361910811444,929.8565560344673,990.4909801912031,1947312,0.04001060220219677,0.049558306997336904,Energy
2004-05-26,990.279682714768,998.5709430110248,985.4453448037057,993.7198111139508,945166,0.0032545269755236907,0.04800987270594662,Energy
2004-05-27,943.078767572428,1023.2911957177137,859.0806011943918,938.9411054760429,1812349,-0.0567025299853867,0.04410835627937319,Energy
2004-05-28,944.7862103077206,963.227489151193,930.2436155324918,948.625793698219,1165944,0.010261647638070486,0.04624623455964872,Energy
2004-05-31,942.0616693902201,950.8279779051169,935.4389232951929,944.1902676455961,776162,-0.0046867038611276505,0.04274068998734141,Energy
2004-06-01,954.4388167707299,966.5674473419789,940.1227015616207,952.2231766555742,819001,0.008471736031779963,0.03955639067758214,Energy
2004-06-02,934.4289954640981,962.4417837917655,905.3998880426519,933.381267033832,1258709,-0.019985672864495818,0.036912490859583424,Energy
2004-06-03,1005.7197743551269,1121.8464885895935,891.0932098294409,1007.0664384841148,2030256,0.07598310347709943,0.03535448561560556,Energy
2004-06-04,975.1755109733174,1035.3834580938887,906.7870147689591,966.456654209442,1659229,-0.04116041775254603,0.04433922106461714,Energy
2004-06-07,1047.1671352456644,1164.461448660546,924.741734782428,1041.3888120180395,1950889,0.0746740480209108,0.043896471590871705,Energy
2004-06-08,1081.4345826093202,1137.7931744859793,1022.0154336283013,1078.205756332412,1182127,0.0347431043806492,0.04977903365551564,Energy
2004-06-09,1080.633266242514,1090.56603321382,1073.2275279223174,1083.1430946711687,889422,0.004568764477608784,0.04757545847012166,Energy
2004-06-10,994.8861478602175,1119.2338856141976,877.914558157203,1001.486297566919,1349557,-0.0783818932143441,0.043747804976268186,Energy
2004-06-11,1013.6299406904105,1028.7012565497143,996.4237386959909,1011.4628325680562,1107380,0.009912437964646918,0.050523801616396635,Energy
2004-06-14,993.0448879363959,1019.5068536305787,968.5546310470145,994.9691412253989,1318482,-0.016441188232872713,0.04644202932451218,Energy
2004-06-15,969.0308771245845,1025.3571923280072,901.5148582891128,957.150616219013,970107,-0.03875096004547019,0.04319764543119673,Energy
2004-06-16,858.3689380373411,992.2916313429887,729.6135973317399,862.8622881243381,1843737,-0.1037056578745869,0.04263888826302062,Energy
2004-06-17,940.0697820508063,1065.440194630054,816.6462167902483,941.790688287967,2871495,0.08752794570299778,0.056282229478985785,Energy
2004-06-18,900.5680514535983,960.598172303868,841.595319647741,901.5604540778204,1197337,-0.043655950789926457,0.061508720324424025,Energy
2004-06-21,960.8243590448091,1060.101742817154,864.7320329099896,963.7198388929451,1211941,0.06667352898945257,0.05841690206322518,Energy
2004-06-22,990.3057575385974,1040.3102350684471,944.2428905913905,994.0721776730384,1669062,0.031009188557209563,0.05913401286499725,Energy
2004-06-23,999.0383721871316,1007.1384748327696,980.6970593689931,988.7134485723689,1095831,-0.0054052662848207865,0.055151615101106645,Energy
2004-06-24,1067.8696653959241,1208.805321384029,934.4773314952189,1074.5753506154363,1129481,0.08327628874774629,0.05037601665624194,Energy
2004-06-25,1145.6154293668346,1288.5206340069803,1016.7633526497166,1158.2477484354904,1839283,0.07498274052188279,0.05630662024539987,Energy
2004-06-28,1147.1233525235511,1163.77023181852,1130.449749439878,1147.0962352125616,1384382,-0.009674565081048088,0.05898906757352196,Energy
2004-06-29,1134.4111958534545,1161.3035060976356,1102.3434136648557,1129.1100552644675,1711344,-0.015803975573395232,0.0538312888196163,Energy
2004-06-30,1160.92401959704,1198.7410529275162,1116.3105233470887,1153.8987075403966,918209,0.02171662841673462,0.04955513062613627,Energy
2004-07-01,1173.3114733700374,1245.3156531353193,1118.9033711409008,1190.127756232834,1608256,0.03091427040134147,0.046209420788052756,Energy
2004-07-02,1276.8397266165236,1402.7823353385425,1145.6495862369225,1271.0179578563962,1799800,0.0657574614869647,0.04417694277358888,Energy
2004-07-05,1211.87164562604,1301.1732818833798,1120.916702786017,1210.0868167491246,1078288,-0.04912601461255011,0.048061298145578676,Energy
2004-07-06,1264.105599765308,1353.6222326764869,1177.3806080467568,1266.7180141467884,1551049,0.04573720831268755,0.04806158029348844,Energy
2004-07-07,1231.4268270245286,1307.4990177140041,1140.5143802329194,1215.6094416872857,1262940,-0.041183765596145824,0.04755750449594339,Energy
2004-07-08,1249.6592302096099,1296.8733893109672,1199.5175632003816,1246.6167733303025,1484913,0.025187751433878518,0.04651653866537238,Energy
2004-07-09,1202.3119131305511,1265.1417173517962,1145.1555916077716,1207.7279257377947,729466,-0.03169245345769284,0.043888428074720265,Energy
2004-07-12,1209.1454724625555,1210.0438864797795,1207.4285090648414,1208.3263144348252,798411,0.0004953437711092193,0.04232749739851294,Energy
2004-07-13,1169.2407848225378,1225.2435514164058,1117.0815938024139,1172.9202226883103,1586571,-0.029739634868017093,0.039157763389073084,Energy
2004-07-14,1166.7074269040304,1176.76967772698,1156.137847140692,1166.195684448457,707738,-0.005749656735365561,0.03820119408107753,Energy
2004-07-15,1154.3968666538003,1185.5044530070572,1114.5663726288506,1145.4323928883082,1271823,-0.017964697844585042,0.035671049413527244,Energy
2004-07-16,1182.539591525228,1246.4770587590006,1121.6475977366886,1185.4359253215248,1557171,0.03432837497925483,0.03415184575256406,Energy
2004-07-19,1150.9065387905196,1205.8532294869585,1093.4776683427403,1148.2999132729524,1213653,-0.03182806413581996,0.03478281837276835,Energy
2004-07-20,1216.6360921952385,1308.6835449627522,1116.331994947029,1207.7036422989363,1377406,0.050438227918219954,0.03492605636423147,Energy
2004-07-21,1222.4548075496732,1239.5295811673172,1201.9754417043098,1219.0019876759732,949018,0.00931174088519434,0.03817676984575207,Energy
2004-07-22,1187.802429303847,1249.6073099896555,1116.1757006712212,1177.4414699342633,1456948,-0.03468864246614453,0.03576281424093145,Energy
2004-07-23,1062.9856485663252,1224.3912433873566,906.9851723865232,1067.699043926442,1824724,-0.097837931860575,0.036106486859935526,Energy
2004-07-26,1045.3930637885567,1076.6780295562921,1018.0767693380033,1049.2606738131856,830640,-0.01742011076775133,0.050781707841569636,Energy
2004-07-27,1026.343090279351,1059.0061280595594,996.609632672353,1029.190189170252,997551,-0.01931352708375195,0.04699515421742264,Energy
2004-07-28,967.524894115392,1061.4424353732466,871.054154810496,964.6972133935675,1758395,-0.06471326428158619,0.04384960051354736,Energy
2004-07-29,949.8656316490773,969.7149850872354,934.7239084093027,954.4993954326424,515910,-0.010627273820113402,0.047606732278690556,Energy
2004-07-30,1021.8958396486391,1139.423221304573,909.8802824361516,1026.8631682099563,1490609,0.07307695681326463,0.04393246645626767,Energy
2004-08-02,1048.3521215549854,1085.3165832999348,1013.1819005617426,1050.088122765822,1367014,0.02236539948115649,0.04944780611622754,Energy
2004-08-03,1076.4134970866091,1115.3135765462546,1036.820392936155,1075.694488427707,783983,0.024092401643625614,0.04616383961348082,Energy
2004-08-04,1099.64610835243,1125.468084145676,1067.0085995392303,1092.666683943446,1090877,0.0156547187300311,0.04349651299622777,Energy
2004-08-05,1182.233547338461,1307.7247366082427,1048.3019668003874,1172.790835371966,1801200,0.07076503034012621,0.04062410426141439,Energy
2004-08-06,1164.7340089674753,1189.8783137292714,1154.5991135153579,1179.6139410277526,1496387,0.005800978520467461,0.046598365910079514,Energy
2004-08-09,1194.8116555818171,1233.7484583169582,1162.385726362648,1201.1504995524115,455218,0.018092630788394903,0.04292055296895612,Energy
2004-08-10,1179.2502324999996,1205.0028317949832,1167.755113422327,1193.3700750329574,1280372,-0.006498546709803947,0.04028449561624857,Energy
2004-08-11,1241.453532345512,1304.3513236785084,1171.8275847289312,1234.3663042291291,1106331,0.033776424003112926,0.03747808874589746,Energy
2004-08-12,1261.5431604243608,1319.846318583525,1210.2520816386204,1268.2812850936398,1290150,0.027104940676246577,0.03734719174987595,Energy
2004-08-13,1193.8365360941555,1300.877819558081,1090.1847451572605,1196.9552539533338,1292097,-0.05788162103331711,0.03641499494220792,Energy
2004-08-16,1204.1816600609961,1206.5593461843584,1196.1653725016063,1198.5319030416285,1017355,0.001316349629640807,0.04078460240494571,Energy
2004-08-17,1199.0288341821433,1214.9097967422806,1189.240745353037,1205.0723724115207,487510,0.0054422315516611565,0.037828123811731944,Energy
2004-08-18,1218.0824907522783,1280.9480246269002,1172.9669647043409,1235.1985513040258,1675135,0.024692102212811862,0.03534425333108427,Energy
2004-08-19,1248.4277681520607,1289.1583377547945,1216.1536620855527,1256.6711260416018,579077,0.017234533915289132,0.03450837552795961,Energy
2004-08-20,1292.8315559837629,1331.968931506477,1243.472309661913,1282.2905824861814,764987,0.02018173486023498,0.03312426239412031,Energy
2004-08-23,1309.8842496846344,1334.5866976211178,1274.0257150353486,1298.513732102345,1400115,0.012572331202766334,0.03223148725422005,Energy
2004-08-24,1259.5369812096649,1331.0457027742923,1179.3010664254102,1250.2844886758874,1885606,-0.03784921106270353,0.03089991170336847,Energy
2004-08-25,1344.9739714453065,1473.9522997274541,1205.0133816301989,1332.826842471215,1290722,0.06393101577698083,0.03284399566634876,Energy
2004-08-26,1345.6017699822173,1353.4573840981764,1319.8987585745922,1327.6495678548335,1394909,-0.003891995532508269,0.03969960526008281,Energy
2004-08-27,1305.381519902352,1334.396384502969,1285.061346300626,1313.9429398709829,686365,-0.010377642240686949,0.03692044244898584,Energy
2004-08-30,1420.712700689112,1581.1341104007693,1256.7061837697684,1416.6712482251014,1975451,0.0752774339404186,0.034736861908849136,Energy
2004-08-31,1344.726265810606,1449.1911584669365,1241.9540970948394,1346.2988066088194,1592842,-0.05095072572449786,0.043764408705221594,Energy
2004-09-01,1362.244457147809,1414.3898719317085,1321.5599251687215,1373.3729776901014,1247266,0.01991053894701123,0.04496282067700037,Energy
2004-09-02,1361.4534969540753,1403.3645927177856,1304.0556699593715,1345.4748786301748,1349847,-0.02052272117384171,0.04215197063910229,Energy
2004-09-03,1314.5843916966282,1360.9407356813858,1267.8700921213042,1314.213352092885,1020944,-0.023508745059178913,0.039807137747704,Energy
2004-09-06,1325.9486883940344,1345.0353387312252,1307.4289079875564,1326.507749806452,944622,0.009311461581472879,0.03808655585203741,Energy
2004-09-07,1331.8171011456902,1331.9212872274793,1326.4731559520544,1326.5769321031707,838502,5.2152347195176334e-05,0.03568576868800473,Energy
2004-09-08,1328.1059219403003,1347.1563256613942,1315.8049898326833,1334.7934535600887,621987,0.006174674225604911,0.033448164037255035,Energy
2004-09-09,1302.3415411330332,1360.155227010224,1238.343030782662,1295.8694048911464,1279944,-0.029594738426241666,0.03163451804974037,Energy
2004-09-10,1290.737831844958,1301.0434347073606,1287.6496508000353,1297.9380266898559,926819,0.0015950468890641991,0.03212431271123367,Energy
2004-09-13,1388.528034411954,1517.4523982791295,1252.6102266036705,1380.8187896737923,1562406,0.06189977716067532,0.030429571142591715,Energy
2004-09-14,1393.3105625914477,1403.7723676902178,1377.3280856792842,1387.7481246830905,965143,0.005005730179452099,0.03762318968161564,Energy
2004-09-15,1434.6484007832776,1502.224627807318,1364.565308710517,1432.017618003729,1014755,0.03140199228705128,0.035159097281492954,Energy
2004-09-16,1377.989814357065,1465.5926853735018,1285.3341925581856,1372.594038191921,1494069,-0.04238196349673809,0.03516877116504062,Energy
2004-09-17,1331.3075710253381,1410.8156784932185,1240.2442732771656,1319.0184522386328,1224869,-0.03981454483712094,0.036863377445413494,Energy
2004-09-20,1321.1786976771718,1332.5996127360984,1313.043422670038,1324.4442299245293,940372,0.004105059127094573,0.03774793470422565,Energy
2004-09-21,1258.8635033025594,1354.065399262534,1165.4128601010925,1260.493737067726,1406289,-0.049489423307241875,0.03524844657730505,Energy
2004-09-22,1252.1819472273417,1284.5099568405615,1206.9970265427312,1238.9843081950894,1181730,-0.017211561352194,0.038227514198323286,Energy
2004-09-23,1163.549026267592,1269.6828778297042,1066.6407078967898,1172.065268572188,1416244,-0.05552455815959479,0.03624237782008042,Energy
2004-09-24,1191.2163668031355,1213.4809122458748,1164.5797633256827,1186.7610359739292,1284138,0.012460398218833834,0.0401653388366823,Energy
2004-09-27,1216.1740226372403,1243.2930055254242,1177.6754490337562,1204.534895638449,1401910,0.01486573597933895,0.0376017656986768,Energy
2004-09-28,1141.1476001418755,1242.466278656113,1034.5061763705157,1135.3062181125854,1415409,-0.05919110347141812,0.035556472587387825,Energy
2004-09-29,1078.0044033408699,1166.1249092746773,987.2096650214595,1075.0921079749303,1622786,-0.054496070492668934,0.04045921654964105,Energy
2004-09-30,1064.218284586897,1091.490034550374,1029.797445038642,1056.8811735592456,1173861,-0.0170840577592364,0.04307008031011656,Energy
2004-10-01,1012.697062104491,1081.2472917917607,941.8628579293846,1010.2472585629889,1398575,-0.04512717063667278,0.04034606807068132,Energy
2004-10-04,996.6313752044631,1013.4878506551155,986.9147965851213,1003.702334280565,565771,-0.006499613839903784,0.0413244890647416,Energy
2004-10-05,1042.8757189929815,1096.4463203091946,985.3153258215583,1038.6698810009516,1526703,0.03424543649869849,0.03837326496637651,Energy
2004-10-06,1056.6690802703765,1086.4092187170818,1027.9489138913034,1057.6620631564087,1438215,0.018119937399085774,0.03813028270930796,Energy
2004-10-07,1125.968869072044,1224.5666164764953,1023.0601046219998,1121.2441197725914,1420823,0.05837801861888026,0.036226848983805064,Energy
2004-10-08,1081.8142077140433,1141.6491678373902,1020.882451726683,1080.6531965179267,1154162,-0.036873220125159235,0.04075667587667429,Energy
2004-10-11,1043.9704254880428,1095.5041118296285,998.3123632731272,1049.5998467896634,1252128,-0.02915667666452084,0.04040829688532783,Energy
2004-10-12,1100.7033310442207,1198.4856938551682,1011.0184583787953,1108.190749307018,683953,0.05431973668469027,0.039163517907054114,Energy
2004-10-13,1091.8811915296835,1145.689844222122,1019.5267339335256,1072.3740619230837,1530335,-0.03285378977728923,0.042066851283511,Energy
2004-10-14,1079.8391969198854,1086.0008628623266,1070.3188194984639,1076.4612103256743,641711,0.003804063889028938,0.0409585364354828,Energy
2004-10-15,1086.4955871365553,1106.0710292616484,1068.7199696958437,1088.26643977592,799613,0.010907003919245234,0.03800331565613966,Energy
2004-10-18,1135.067912261876,1204.3845467171698,1064.2663412070458,1133.486395147164,1138728,0.040712180423439645,0.035682572929405146,Energy
2004-10-19,1137.2991442008515,1141.1429989771616,1127.1129452042503,1130.9352913684857,701299,-0.0022532065234903836,0.036975925328711634,Energy
2004-10-20,1099.2445762651637,1149.7452496542367,1046.4332216889136,1096.8226277269969,1495556,-0.030627502122506835,0.03456207146681448,Energy
2004-10-21,1105.864564111166,1125.0928552159844,1088.9020131553941,1108.0960757202931,1240025,0.010225815774228115,0.03458809058334064,Energy
2004-10-22,1172.6126385147286,1254.5459021060299,1079.816798871576,1160.9340515183233,1220845,0.04658160242645895,0.03275292207419622,Energy
2004-10-25,1103.8231165211319,1189.548845812244,1016.7443634509174,1102.3561655758601,1342078,-0.05177504016603081,0.035828479959540555,Energy
2004-10-26,1094.4033291513852,1106.3409739435856,1082.4317094411085,1094.3689795512203,1515287,-0.007271934989121547,0.03910296917879862,Energy
2004-10-27,1125.9525018034042,1163.6534453101765,1081.6020380942728,1119.0726183329339,1602755,0.022322400187922562,0.03648514649348912,Energy
2004-10-28,1175.1108681838418,1246.597433472172,1094.4952905856103,1165.3905298830236,1135183,0.04055592666407403,0.03520903526431183,Energy
2004-10-29,1153.0467081837967,1171.7260086486413,1149.2922107854552,1167.923071523566,728785,0.002170769187228794,0.0365849478547135,Energy
2004-11-01,1228.471516109715,1313.99368713154,1138.235791397938,1223.4052666974853,1578517,0.04641115396942149,0.03422679598582547,Energy
2004-11-02,1175.8971164486272,1246.4129767841669,1104.9705043245365,1175.460161469463,1523158,-0.03997847507187089,0.03688194860199576,Energy
2004-11-03,1230.6171140961762,1312.331690222089,1147.0789191205936,1228.6637921286256,1427533,0.044267533304988935,0.037788414580464155,Energy
2004-11-04,1343.144415451511,1510.4068714625744,1168.770796870229,1335.0217308428435,2007603,0.08302033848675244,0.03919583647455778,Energy
2004-11-05,1382.8116829539329,1449.5353153762885,1312.141490383292,1378.6650382987177,1419266,0.0321680979147366,0.048609745606415816,Energy
2004-11-08,1414.4592318319746,1483.6557855589124,1351.3515913886688,1420.2880845001418,1350166,0.029744060025715204,0.04632001589868231,Energy
2004-11-09,1408.3542766143523,1423.460428169391,1398.831585584083,1413.900237715215,1071775,-0.004507715702122687,0.04414908225892524,Energy
2004-11-10,1346.7541605418376,1459.1829970519518,1225.7157270534983,1337.3603562300702,1325744,-0.05565422396263771,0.040772062697047265,Energy
2004-11-11,1436.9597082210569,1626.0847585876948,1262.5440474445863,1450.0769499142484,1787799,0.08091883615043302,0.043525828814510566,Energy
2004-11-12,1460.843585745827,1473.526872061076,1445.831601877959,1458.494492980183,963571,0.005788110577114968,0.050968391438058515,Energy
2004-11-15,1441.6072087862224,1463.9046921535873,1425.3202721802948,1447.5506084270132,1056039,-0.007531842010159716,0.046725227385583275,Energy
2004-11-16,1496.039607513246,1598.2371401073458,1405.5714877506387,1507.1001689382556,1287811,0.04031449404069616,0.04307095072084514,Energy
2004-11-17,1536.2982022865158,1574.960339403456,1494.0293343200005,1532.5983620855482,922349,0.016777184298984997,0.04275364547335789,Energy
2004-11-18,1500.6460514620373,1556.7941450217136,1438.9112005148631,1494.8421350437688,1392757,-0.02494396485876769,0.040056465744740595,Energy
2004-11-19,1465.3434921214196,1511.637132668764,1417.4463244357287,1463.6876531429582,1493794,-0.021061564880519915,0.038431062511970406,Energy
2004-11-22,1544.8948041508572,1691.3469718915549,1407.4254668402614,1553.1436295484177,1735578,0.05932198401308197,0.036716422482611706,Energy
2004-11-23,1557.741302049704,1560.234028334259,1549.0048813758606,1551.4876003719605,989055,-0.0010668122626331174,0.04130788317046227,Energy
2004-11-24,1574.8487264215792,1596.3522019689178,1544.2968571409974,1565.6750727609142,497291,0.009102874532886876,0.038278501575691334,Energy
2004-11-25,1494.3248171617902,1597.3752778249261,1394.9752785598246,1497.795024022048,1440682,-0.04432304474501189,0.03584165586323245,Energy
2004-11-26,1464.4334758358996,1517.5786555698833,1408.9360080186916,1461.9926071463499,1294250,-0.024193737993070903,0.037714443921857806,Energy
2004-11-29,1451.3543161558168,1462.5895933058453,1450.9987773218677,1462.231389910888,493727,0.0001633135938350109,0.03641021790623575,Energy
2004-11-30,1477.9666420830986,1487.8492610510239,1458.9431230135601,1468.764208696397,648886,0.004457754632403333,0.03406709813123428,Energy
2004-12-01,1445.9886566391892,1483.4292013693591,1406.2488405575798,1443.6282684745202,1344688,-0.0172617973445658,0.03211595361375595,Energy
2004-12-02,1397.3018184609296,1465.1556197761818,1330.6281830256833,1398.428236206411,1424117,-0.031810658014546196,0.03114230287489138,Energy
2004-12-03,1471.8142169691453,1594.0865849661586,1353.4612771217007,1475.4419299728984,1435432,0.05360864094707306,0.032057169512902044,Energy
2004-12-06,1431.5936547166466,1496.324538344109,1366.9876979264322,1431.713187208256,1101498,-0.030085798241867523,0.03678603881055935,Energy
2004-12-07,1297.2497665919673,1482.0465973461814,1134.4946626441078,1316.8343758845756,1560491,-0.08364110399260886,0.03630899901505324,Energy
2004-12-08,1226.1702763665135,1374.0967548125159,1068.4843764168495,1215.071939807193,2017743,-0.0804273714655413,0.046947309498473616,Energy
2004-12-09,1236.7532771097126,1280.419396871479,1197.5155900110485,1241.045532119488,1319765,0.02115091065447449,0.053230857662119276,Energy
2004-12-10,1308.268090031183,1420.2783232114323,1199.821415366917,1311.5588652878537,1367664,0.05526220784593723,0.0493348104200561,Energy
2004-12-13,1323.358726132541,1340.6269159465292,1305.7543682835292,1323.0181135255089,1071139,0.008699173032472038,0.050052228299521655,Energy
2004-12-14,1266.1359120880998,1342.7468211781406,1205.721340584727,1281.594626186385,1262169,-0.031810472017830334,0.045994910456650336,Energy
2004-12-15,1315.497231699069,1356.5952680073185,1267.6855881041279,1308.5671176246883,1352768,0.020827630961092036,0.04409321206072201,Energy
2004-12-16,1292.909398852701,1314.1286567133836,1276.135728665923,1297.2980499873836,960589,-0.008649056771579247,0.04147815824724088,Energy
2004-12-17,1296.0656070647478,1327.8660922890265,1277.8788977755173,1309.4909946803095,923884,0.009354829565260778,0.03856904220644098,Energy
2004-12-20,1254.2322013343492,1331.2155004806862,1187.1190622351796,1263.601040944,1558300,-0.0356728942895738,0.036099636269733275,Energy
2004-12-21,1330.1669238758352,1425.9172753989458,1230.2885813230703,1325.7187357579157,1329209,0.04798914071331416,0.036516164901244756,Energy
2004-12-22,1354.8511882213174,1385.8706464627674,1315.2896269135729,1346.108930253642,1069936,0.015263402362869188,0.03888686003313021,Energy
2004-12-23,1327.9519296430865,1348.379996519305,1321.1847413248724,1341.543545884735,807692,-0.0033973058648455387,0.03667009714116713,Energy
2004-12-24,1291.2754477941778,1362.9545327372277,1225.003747873397,1296.4188592239605,1281661,-0.03421511138928027,0.03431454607808479,Energy
2004-12-27,1384.0057281209793,1531.711713455094,1241.3829989223605,1388.6140894909647,2306555,0.06870045226968496,0.03489400428645488,Energy
2004-12-28,1492.4328532958475,1647.838378189035,1333.446148572526,1488.4354253312017,2115076,0.06941932632568994,0.042214168823078754,Energy
2004-12-29,1526.7456536665463,1572.6718271783668,1472.9051885960562,1518.5859080655591,1288019,0.020054060042254736,0.04741819555471939,Energy
2004-12-30,1558.8670774234142,1618.0775739856156,1498.3708377173023,1557.5305696638084,1682921,0.02532202068186935,0.0442618686270614,Energy
2004-12-31,1683.594619372518,1869.481368236789,1491.397170765725,1676.5006724552327,1762966,0.07360708915132691,0.04199370335180438,Energy
2005-01-03,1657.20930164829,1681.8132652698093,1641.2507814454584,1665.7722856258756,1389397,-0.006419836925832326,0.048202462934576126,Energy
2005-01-04,1741.227090627258,1844.1863786578504,1630.2908437236317,1732.748808341217,1157697,0.0394202029839781,0.044327915496789265,Energy
2005-01-05,1896.82354060678,2177.6222908507,1626.1501200994148,1905.684435982998,1844357,0.09513217394338423,0.04364704038451058,Energy
2005-01-06,1880.3418339003251,1916.9300899899122,1846.2344174261123,1882.7784754101865,851507,-0.01209262977589031,0.05460376255662997,Energy
2005-01-07,1834.9824843682181,1898.7376765066142,1786.6394406293396,1849.9990186516052,1352087,-0.017563489624815316,0.05007186298218963,Energy
2005-01-10,1676.2524751384599,1927.6903464092288,1422.1708462197964,1673.14217202329,1539950,-0.10048170994855798,0.04638991911154715,Energy
2005-01-11,1484.5976519731532,1715.06086301576,1261.9080041771801,1491.3572721876176,2368344,-0.1150167724309779,0.05775903203195696,Energy
2005-01-12,1544.0638618199825,1612.3916932161706,1468.0382429265144,1536.009660224656,1028798,0.029501297662498736,0.06894355166424782,Energy
2005-01-13,1442.8862412548606,1575.5398719129507,1317.420885411753,1449.4994667892938,1506936,-0.05796962239332737,0.0635068471696584,Energy
2005-01-14,1279.3041320369518,1472.7404947751897,1087.408512231409,1280.643908500165,2744082,-0.12385529656285751,0.061891576793680285,Energy
2005-01-17,1247.3611809857257,1296.060456058042,1199.9455291112713,1248.5977969857888,1227664,-0.025341845701811524,0.07392884413682813,Energy
2005-01-18,1264.7249031433528,1283.4111585780263,1242.3266310607694,1260.9572191279915,879490,0.009849971003301764,0.06759223748228864,Energy
2005-01-19,1201.7593856639821,1287.8568215329758,1117.1139727734521,1203.1158655562595,1629415,-0.04695638405950555,0.06139643103311923,Energy
2005-01-20,1150.6669368670039,1230.7657615477826,1068.6063177766268,1148.5583629814566,1113357,-0.04640718764306031,0.058705644494164454,Energy
2005-01-21,1210.31028743098,1328.2628496833552,1102.003664247982,1219.1639424945752,1258945,0.05965777223012285,0.056392607814508,Energy
2005-01-24,1210.1835733560085,1235.5134133367228,1177.10600348167,1202.2702122516353,683428,-0.013953717732520488,0.05637338415436765,Energy
2005-01-25,1270.7600937623306,1349.105448651927,1175.4821540576443,1252.7149854910224,831548,0.0411015712953549,0.05168725847437215,Energy
2005-01-26,1310.5119636188308,1398.168850314915,1222.2278975627444,1309.8398266909733,1941659,0.04459167568580329,0.049906502835996396,Energy
2005-01-27,1218.442475759215,1351.2241266095307,1085.3139534746626,1218.0531802449948,1578213,-0.07265102975970962,0.048895703812560386,Energy
2005-01-28,1240.2459158086829,1271.3200100044446,1207.5373299452299,1238.569419897148,1361164,0.016703189692559423,0.052956186605838965,Energy
2005-01-31,1218.556845602889,1246.575551346369,1194.286998306022,1222.232496560029,857275,-0.013277918265607343,0.04883989805222564,Energy
2005-02-01,1254.236622699599,1325.9649722835331,1192.0376639825063,1263.3157688317244,1452743,0.03306072532694121,0.04510780398580336,Energy
2005-02-02,1266.6735338327912,1300.412348282495,1244.563363229985,1278.1026784941782,868071,0.011636868807547033,0.04349394116665957,Energy
2005-02-03,1288.4418456904511,1294.239828497824,1276.17400324054,1281.942740100492,855639,0.0029999971550990776,0.0404189416228788,Energy
2005-02-04,1404.665447609052,1630.8331305657186,1193.9656304676942,1418.1157657093206,2205976,0.10095237191828094,0.03752735896610016,Energy
2005-02-07,1434.9841576901595,1487.1572704225607,1393.7054021285899,1445.5738905947994,841030,0.019177333928672987,0.05249142164359304,Energy
2005-02-08,1610.2138921096273,1866.290710632485,1368.6818082931832,1622.8614875065086,2312407,0.11568454255506197,0.04857411859647223,Energy
2005-02-09,1751.5071612663978,1930.0326350907214,1559.9261083247934,1736.9698398843655,1339867,0.06795118237683705,0.06320595704413795,Energy
2005-02-10,1808.1895193000394,1971.8499437564922,1667.4653769178412,1829.4696538046014,1830199,0.05188399441546493,0.06315535513837171,Energy
2005-02-11,1772.3223245543472,1852.1046494318812,1702.975160155863,1782.364554166265,1301018,-0.0260852342104012,0.06078380900863883,Energy
2005-02-14,2014.3321375309695,2316.481958160615,1700.8001400465728,2000.9413412312622,2643555,0.11567685646819614,0.05619433304747614,Energy
2005-02-15,2170.258861763219,2429.0786584754314,1908.147222466959,2166.5212848400606,1356352,0.07950504623272926,0.06806917600261576,Energy
2005-02-16,2157.7028508587755,2174.373980840247,2138.7372030937086,2155.3904668269397,549220,-0.005150888432061342,0.06895569616652658,Energy
2005-02-17,2255.558695161314,2398.174504847669,2106.037675572754,2248.1874091961795,1199428,0.042152397391179555,0.06251312002127389,Energy
2005-02-18,2335.9721617023147,2463.7810421748613,2204.1298279025846,2331.7052513846234,1519527,0.03647557180344914,0.059100218533512584,Energy
2005-02-21,2148.35251026717,2424.747342524288,1864.725423548557,2140.0524123484174,1753146,-0.08576954695476399,0.05562228658843002,Energy
2005-02-22,2097.1834071806275,2170.7239361086126,2017.2936755603716,2090.6034702371317,1742270,-0.023377554446338773,0.060650913348309715,Energy
2005-02-23,2179.2288300590185,2309.472899497083,2045.5571894567552,2175.5833847430476,1065777,0.03984408540659069,0.055899938638347975,Energy
2005-02-24,2069.468307852772,2223.3057313081367,1919.125984095001,2072.726693029398,1588542,-0.048431867962504836,0.05327264948451512,Energy
2005-02-25,2079.0558706389997,2082.948777127499,2066.2647231181054,2070.1409369319326,528742,-0.0012482930492555624,0.05217496546841821,Energy
2005-02-28,2095.8840302041026,2166.651605381868,2038.1139853137154,2108.5329121561476,1161065,0.018375712923633266,0.04772855908819194,Energy
2005-03-01,2213.2743569413938,2325.5788303313225,2070.4086686320543,2181.0795340514205,1540437,0.03382754997897519,0.04441916597512599,Energy
2005-03-02,2103.5787081596472,2239.8271195942734,1953.60713678737,2088.905144141664,1323606,-0.04317987909718713,0.043012734339700404,Energy
2005-03-03,2149.5724731785685,2296.3628304073527,2025.3781141974932,2170.9342659315803,1635945,0.038517537954087334,0.04312483676640722,Energy
2005-03-04,2220.7364268126726,2274.381865669039,2152.8851146494035,2206.1788930023013,1044124,0.01610439918598278,0.04254810626114985,Energy
2005-03-07,2156.8507632072365,2221.738304516317,2109.862845379208,2174.3687498450304,673736,-0.014523618919947023,0.03983937534775491,Energy
2005-03-08,2195.6846669574657,2227.8335401230047,2163.543372571817,2195.69213639677,1292159,0.009758928462220524,0.03743502355360843,Energy
2005-03-09,2137.6474977094304,2214.0411647992337,2082.154077214732,2158.018901783237,1970309,-0.01730669518841366,0.035148119344809686,Energy
2005-03-10,2205.8126939948756,2271.0165856108115,2135.9074233613464,2200.96810889144,902238,0.019706687333712235,0.03366363749705737,Energy
2005-03-11,2199.6113222362874,2217.11477391738,2171.90127871343,2189.322859745715,1056387,-0.0053050135128107495,0.03263196930123791,Energy
2005-03-14,2185.1554604624366,2207.1593208079257,2174.501698987898,2196.450490229535,992218,0.003250344324787375,0.030920831354237756,Energy
2005-03-15,2215.8402016910204,2238.0353653622287,2189.018515299445,2211.166868102337,1493612,0.00667772692702006,0.029435742899478888,Energy
2005-03-16,2136.678487519324,2244.893917589644,2032.2254592717354,2140.2655340533975,972043,-0.03259046813632002,0.028281781654841954,Energy
2005-03-17,2138.9569999201863,2150.3978802241572,2132.8904934911734,2144.3161741138506,1336716,0.0018907989358799004,0.029986799276671687,Energy
2005-03-18,2134.241586883283,2145.9773619910256,2133.249802826695,2144.980587510827,1242456,0.0003098006219737619,0.028633944415324738,Energy
2005-03-21,2216.0583234099886,2337.0481643085323,2100.2773609629016,2221.0085695603098,779341,0.03483090110159415,0.027494301494814008,Energy
2005-03-22,2269.4577141716914,2362.8200341410084,2184.241060764669,2277.3085856430953,780518,0.02503289746999459,0.029777979153773015,Energy
2005-03-23,2285.30931343222,2292.3728512454386,2265.5965579415897,2272.620877761593,962101,-0.0020605636099825554,0.030056269351792838,Energy
2005-03-24,2177.367293474212,2304.952081456599,2078.5656674755246,2204.901065229865,1468283,-0.030251097673416865,0.028693907894126847,Energy
2005-03-25,2213.671899290179,2216.6907566375407,2203.8969430152642,2206.9065742658568,789883,0.0009091553113868946,0.029932283854666,Energy
2005-03-28,2218.383168881853,2229.3664915519457,2203.2403173583484,2214.202943529965,1106655,0.003300699002817283,0.028581065024104204,Energy
2005-03-29,2223.529227041518,2254.035661803925,2199.665968006011,2230.1018642113254,1264583,0.007154769617385148,0.027479738252314888,Energy
2005-03-30,2142.7318376290027,2296.7755875609564,1972.9173447966834,2125.739493216256,1804865,-0.04792752480011929,0.026679344459230425,Energy
2005-03-31,2190.553597502498,2260.8995825956517,2101.998056536969,2171.739870067652,1018740,0.021408891089861732,0.03184316381327902,Energy
2005-04-01,2119.462541741593,2219.1361131709355,2005.7284037223412,2104.7081071739212,1556830,-0.03135183864347009,0.031304005462018634,Energy
2005-04-04,2102.7566183078684,2120.3437680807497,2075.4995273973213,2093.0051170353313,1220303,-0.005575902799768246,0.03211531214735117,Energy
2005-04-05,2074.3748494174793,2107.974804479632,2036.9879541334346,2070.5255598293584,756558,-0.01079841960469456,0.03049226497428997,Energy
2005-04-06,2154.571188932684,2260.433393687499,2034.3501405725215,2139.470385950221,1517450,0.03275584651479428,0.029348142334800452,Energy
2005-04-07,2219.68373452625,2344.461394793986,2095.8273015248246,2220.5562747997924,1403032,0.03719942352594065,0.030821949791310727,Energy
2005-04-08,2057.0837490492368,2286.5461224965798,1845.9099165882003,2073.669634516311,1342518,-0.06843793065746236,0.032673592360648214,Energy
2005-04-11,2038.060533074359,2099.396081460231,1971.3118348550454,2032.4794193025339,960235,-0.02006337148823505,0.04070151671745405,Energy
2005-04-12,2056.2594919926655,2123.352705606062,2001.871068290139,2068.6368973636577,726714,0.01763345009528934,0.038544410772538625,Energy
2005-04-13,2110.096103421727,2199.048219632358,2031.8463900692286,2120.4158154138127,851733,0.024722322117812175,0.03654008847527894,Energy
2005-04-14,2073.3292097371973,2130.492068746307,2043.190880477198,2099.966533997953,1143503,-0.009690800386308637,0.03549396334955424,Energy
2005-04-15,2093.0483429834635,2100.3191691728885,2091.9932135889144,2099.260907953918,1109323,-0.00033607422338049174,0.0334954308708918,Energy
2005-04-18,2070.9688892313743,2108.3453263711294,2043.6032562409816,2080.849136508423,984719,-0.00880928507511262,0.03158436406299637,Energy
2005-04-19,2063.6414508560265,2082.6608162309058,2058.2324730913524,2077.2162577559047,552216,-0.0017473893902226335,0.030161203028747172,Energy
2005-04-20,2013.5028898470587,2120.80785190769,1897.875144408251,2004.7115948093026,1146816,-0.035528452297969054,0.02877875153590241,Energy
2005-04-21,2017.5162462183907,2032.8204349630541,1999.5911551534523,2014.8753106635536,588063,0.005057105495713527,0.030853101470930337,Energy
2005-04-22,2069.9539646851704,2170.4792806012642,1976.3294283454268,2076.556126814586,1498808,0.030153500331260887,0.029417125007376834,Energy
2005-04-25,2080.4461426464777,2116.7053449928085,2056.4595019692683,2092.5788198159476,1198802,0.007686377194299461,0.030474232267504474,Energy
2005-04-26,2103.7342660361905,2104.4743514084003,2092.333317721823,2093.0696513248686,928204,0.00023453068959576072,0.02918570069385016,Energy
2005-04-27,2049.0287761747777,2111.0842682462303,1994.1850808671109,2056.0525759997304,873075,-0.017843801884862294,0.02795446924356567,Energy
2005-04-28,2090.9325322549857,2119.1922279869045,2046.6220162757156,2074.6618073827194,1291131,0.009010236755126022,0.02780147604728029,Energy
2005-04-29,2148.4870134475486,2259.4104747996375,2036.4500615090017,2147.312905252425,1203442,0.034419092957915835,0.027028046753021447,Energy
2005-05-02,2116.372005241742,2148.4929464517286,2112.8751931176657,2144.948917631596,676482,-0.0011015114908644518,0.029361766687882703,Energy
2005-05-03,2175.921760956833,2244.657584745491,2116.116755007874,2184.6136821558785,961285,0.018323270938032498,0.02810467351814646,Energy
2005-05-04,2279.6271480727305,2414.3782921823226,2138.097078387669,2272.422338681395,1635828,0.03940736367743737,0.027968901972182682,Energy
2005-05-05,2206.0886635719103,2298.355460639462,2126.8147577934337,2218.6308617177383,1176760,-0.023956095415229257,0.030963666269105197,Energy
2005-05-06,2256.3418888496535,2297.3107912411497,2204.8754096496064,2245.650180306968,819975,0.012104815200792004,0.030872043651030842,Energy
2005-05-09,2271.812004062431,2412.312482114421,2172.9738040066136,2311.7372798807996,964371,0.029004219210355873,0.02973962753649954,Energy
2005-05-10,2325.2791878069174,2416.4952648818007,2262.954469866073,2353.416382565273,1406506,0.017868741172431275,0.030557209732044153,Energy
2005-05-11,2371.6147563988948,2480.55152558232,2296.0407952111923,2403.947255804822,1142583,0.021244023994986226,0.029914682681746907,Energy
2005-05-12,2278.2164608385438,2461.3426170338576,2096.2473432248016,2279.2879183600617,968789,-0.053248998574602725,0.029725525651948012,Energy
2005-05-13,2288.278613880761,2316.7010504704776,2265.859683808326,2294.2238729683204,1213605,0.006531526926380731,0.03510276168063422,Energy
2005-05-16,2279.1119358628184,2307.2115130017123,2247.3895427681787,2275.4438959899257,1281241,-0.008219452116921868,0.03304787782421781,Energy
2005-05-17,2204.963810949651,2298.2016783773524,2135.960742678196,2228.4632099925516,1503231,-0.02086294808371067,0.031366601535915514,Energy
2005-05-18,2243.8477218407593,2304.599260063375,2198.345895487747,2258.794338998604,1229786,0.013518988212410009,0.03086066013457682,Energy
2005-05-19,2290.6983886700255,2345.937901379065,2238.3170556849136,2293.4926716078267,1286798,0.015244647147552403,0.029821447508405412,Energy
2005-05-20,2232.050132443078,2322.3520498045136,2143.1419619962317,2233.390489562561,1514132,-0.026555010019580008,0.029091491457044105,Energy
2005-05-23,2273.64919152042,2333.3510619789467,2213.150804965945,2272.8311963674378,548134,0.01750544768330564,0.029712407908603022,Energy
2005-05-24,2168.595256844755,2328.6083143923556,2004.0793237484754,2163.7336611577853,1521582,-0.04919100111544568,0.02919294181425906,Energy
2005-05-25,2165.1401772176373,2165.7195865621015,2162.7687439680967,2163.3476736238354,1267534,-0.00017840549095800794,0.033834087397586754,Energy
2005-05-26,2232.137669441665,2322.6183675492566,2132.5119300228494,2222.6062685345128,1009562,0.027023631306822282,0.03187163551341399,Energy
2005-05-27,2288.0411648298923,2359.848998217449,2198.369933483595,2269.5989776768197,1486375,0.020922651943894033,0.03197158766140632,Energy
2005-05-30,2324.62859742248,2414.5608377427834,2237.3120314206767,2327.1495798289357,866810,0.025041008299453098,0.03135936126147328,Energy
2005-05-31,2247.835896310735,2358.9773724796687,2150.0272993978356,2260.612821663009,1469243,-0.029008225815009468,0.03131749424012184,Energy
2005-06-01,2429.0694224741846,2672.7193764802337,2174.515936116536,2416.9502675868193,1495443,0.06687058886330595,0.03179386625002123,Energy
2005-06-02,2534.8869423077513,2756.208991669762,2330.4160234358023,2550.480272134321,1222796,0.053775158031518715,0.03974205949794482,Energy
2005-06-03,2572.340878508041,2607.816895803518,2537.891109852862,2573.3535648669645,1047331,0.008928253882940478,0.04239469515998164,Energy
2005-06-06,2649.466735014736,2810.218592485839,2507.281291605274,2667.0875177272137,1268219,0.03577712237469577,0.03936756532700432,Energy
2005-06-07,2624.6747048523744,2697.314777890759,2545.8649893826882,2618.329452234893,1703045,-0.01845055894713127,0.03913878552833309,Energy
2005-06-08,2709.983530532502,2861.156250729014,2563.481902491915,2714.415054629228,1534205,0.03603997992115713,0.037101739783001006,Energy
2005-06-09,2836.6839200241698,3019.802593850942,2650.850973526381,2833.7823393483345,2025625,0.04303585430253882,0.037363930452349724,Energy
2005-06-10,2729.380203358837,2879.3631949416495,2588.1215370661635,2737.675221233188,1409958,-0.03450323413323848,0.0386608762499096,Energy
2005-06-13,2816.0867742112287,2911.695368150677,2705.2719075594314,2800.3460916426898,1134839,0.022633912850271443,0.03839663600859612,Energy
2005-06-14,2944.6999690585726,3169.791615828151,2720.8922413937685,2945.8931984618066,1370957,0.05066905061442888,0.03682778064258487,Energy
2005-06-15,2963.298908501481,2975.139442215008,2941.9486003576726,2953.7509831673237,1220535,0.0026638180575388427,0.03962488164236977,Energy
2005-06-16,2992.806154474075,3053.73913024942,2932.6684862366124,2993.585795840669,1091931,0.013396049311459771,0.036839779927871456,Energy
2005-06-17,2963.1201034203264,3008.8169699361333,2917.2711842304193,2962.965669079191,1554451,-0.010281249700962,0.03482317660237876,Energy
2005-06-20,2908.974419730157,3009.0006732720885,2796.242607647193,2895.8164180165104,1315531,-0.022923601038107397,0.032954188159570824,Energy
2005-06-21,2897.290288121155,2910.9006998070768,2873.200660341374,2886.7616121526585,1086743,-0.003131756533964278,0.03236675047773974,Energy
2005-06-22,2877.558471768753,2898.7578239856703,2851.4553134564485,2872.6182705604733,930936,-0.004911421128919088,0.03065218449048643,Energy
2005-06-23,2848.6318397111454,2879.395412467579,2828.276789063072,2858.966514847462,1357518,-0.004763702201249738,0.029244887413989007,Energy
2005-06-24,2819.8380135418374,2870.910137914751,2783.8895050378233,2834.771254034469,1654189,-0.008498953564324565,0.02806447363990358,Energy
2005-06-27,2665.921514836526,2908.7716258689616,2430.3150827181685,2672.5770011239747,1822307,-0.0589180716204255,0.02721996650073538,Energy
2005-06-28,2732.7320307241303,2859.4527804222475,2620.569151431912,2746.7159422623963,768160,0.027362819340052334,0.034834496344304494,Energy
2005-06-29,2717.1594026321177,2751.8563942831743,2701.788305600964,2736.3765847595328,907177,-0.0037713643192380866,0.034395672558979594,Energy
2005-06-30,2745.2664262726803,2754.35433595616,2721.3057450115393,2730.344256454363,1279283,-0.0022069284050798485,0.032381836126938464,Energy
2005-07-01,2696.05636925146,2762.807076829056,2619.154723218532,2685.6477268956846,710988,-0.016505764577449192,0.03065285025424699,Energy
2005-07-04,2583.1042192067816,2718.903109364376,2481.944924997879,2616.438385543091,965005,-0.026107939807907217,0.02987547192280581,Energy
2005-07-05,2516.2864407623883,2659.5989747562367,2382.4656433486034,2525.298879093804,1963360,-0.03545457444641849,0.03027009640289047,Energy
2005-07-06,2457.3814022678366,2556.586950481803,2361.086384570386,2460.182181374422,1414296,-0.02612401900890191,0.031962118458711726,Energy
2005-07-07,2523.6173020777737,2598.3668745512527,2434.921543484753,2509.245420671603,1149937,0.019746674059741027,0.03193166560753756,Energy
2005-07-08,2531.517886328653,2532.7101528294597,2508.8512476374535,2510.0333956086974,477578,0.000313979347396199,0.031212091971550466,Energy
2005-07-11,2380.809075299265,2588.109028061021,2162.253940489935,2368.4804223917836,1582784,-0.05804748055677921,0.02965418243093221,Energy
2005-07-12,2237.290479961336,2432.673615948675,2039.3828308256445,2234.5244047767715,1583191,-0.05822016638349534,0.03617903990387329,Energy
2005-07-13,2391.049812622135,2635.5334082027366,2147.2683432917,2391.6869763184964,1747560,0.06797055364371327,0.04068877620119739,Energy
2005-07-14,2449.569012479976,2554.4921364361094,2351.635768183875,2456.2901812525,1148948,0.026653190499268686,0.04601587368936764,Energy
2005-07-15,2296.3144694592943,2523.9876424059994,2080.332293806752,2307.000391562176,1362236,-0.06270400636181116,0.043595038590248034,Energy
2005-07-18,2288.313606008455,2329.452133255576,2238.5354127999326,2279.515775631242,1269975,-0.01198510761785532,0.047012666099908444,Energy
2005-07-19,2185.695504835704,2349.0910435737164,2006.5695407825606,2168.6941101480606,1677913,-0.049837847457559446,0.04347066872902832,Energy
2005-07-20,2252.119335055958,2412.8663203332057,2105.1956536790944,2265.09606359945,1134775,0.04349197637676481,0.04454582907163791,Energy
2005-07-21,2145.920272660057,2330.884557069359,1954.2734309837138,2138.607393024575,1204305,-0.05746230394043565,0.04439817013703634,Energy
2005-07-22,2155.738424903072,2178.0228843777577,2131.1362910676426,2153.3965418548178,1576898,0.0068915162177550495,0.04660735419797214,Energy
2005-07-25,2111.126549654082,2195.0806669468166,2013.6620235507112,2097.056615453374,1642849,-0.02651163263408386,0.04295253568341597,Energy
2005-07-26,2033.646729525943,2117.1051182845936,1972.9307823393426,2055.7298636644064,1485726,-0.019903800171741648,0.04100446630608416,Energy
2005-07-27,2031.6422403953923,2097.114653944459,1947.194590140125,2012.0351383600346,1426722,-0.02148423321366036,0.03878810635786344,Energy
2005-07-28,2039.4114419255277,2063.1970338447177,2004.0908455800277,2027.7403175402135,822860,0.007775312501183343,0.03705198506665983,Energy
2005-07-29,1965.8621623348577,2070.5624819345576,1852.7775684910641,1957.0062277693391,1358904,-0.03550615826674481,0.03474691354030809,Energy
2005-08-01,1780.5093209145775,2015.80530537416,1595.3640073892273,1825.936292409986,1800489,-0.06932297830010743,0.035425717941794575,Energy
2005-08-02,1799.4556283233712,1862.484948397698,1721.3116761587835,1783.7923608091378,1245160,-0.02335125470994202,0.04271810496045961,Energy
2005-08-03,1887.5672989472446,2080.5803641102275,1708.4663876591985,1900.273802382193,1282291,0.06325634460395527,0.04051742042146271,Energy
2005-08-04,1943.2939775437928,2048.823617049656,1854.3482012769987,1959.1520088102636,1405291,0.030513748749847306,0.04487241754113324,Energy
2005-08-05,1989.3301202518971,2069.285922288125,1923.408819684671,2002.914471155242,1197070,0.022091624343333883,0.04301732690677052,Energy
2005-08-08,1979.6602272194123,2007.705122928136,1965.3169609465801,1993.2632980920857,1161848,-0.00483021145939384,0.04066446005152678,Energy
2005-08-09,2175.719844984654,2493.3888014521026,1871.8123599400944,2187.79468627567,1968908,0.09312089996179432,0.03776742366692681,Energy
2005-08-10,2071.6177839751053,2241.9727643107367,1900.7729515253225,2071.0840406392276,1460738,-0.05482188257357875,0.050416544246942294,Energy
2005-08-11,2155.9471018007303,2271.594118530478,2031.3479029727519,2146.487497700973,1283051,0.03576062283196561,0.05083579613205444,Energy
2005-08-12,2271.889727945476,2454.009546516696,2082.8065687710123,2264.319544300985,2146284,0.05344150769615494,0.0485720686866779,Energy
2005-08-15,2498.2251812254763,2842.4406266896444,2140.160518236888,2482.1628285882693,2004992,0.09185599655600755,0.04915074665687606,Energy
2005-08-16,2282.139339145233,2563.2979966965227,2019.9244415116054,2299.1308016996577,1623079,-0.07659914920936686,0.057430526142786834,Energy
2005-08-17,2116.261705968769,2394.572724847318,1829.1609411991412,2106.140975981211,1553750,-0.08767378757034691,0.060155853542026023,Energy
2005-08-18,2245.7501517598957,2427.0042464409207,2043.1861900829426,2222.5693678218518,1946987,0.05380654790382153,0.06440485483513875,Energy
2005-08-19,2173.4939367564007,2243.26943793082,2110.3461527744666,2179.9345315994797,1107727,-0.01936905456356976,0.06206979902228758,Energy
2005-08-22,2183.7229772467967,2214.0070856654784,2163.3456200751557,2193.5381385578357,1045105,0.006220983578339004,0.0569069591678972,Energy
2005-08-23,2320.0361199441936,2527.6315829654745,2117.688044403645,2324.862556976441,1512939,0.05814509346099194,0.05192809159685796,Energy
2005-08-24,2286.4953034917125,2338.7490314163992,2244.502397729959,2296.571077804107,1005955,-0.012243747216573873,0.0525770781001708,Energy
2005-08-25,2264.9568087069947,2323.4535800739627,2199.066610092457,2257.3673699223928,1150648,-0.01721792107825746,0.04831113448395382,Energy
2005-08-26,2306.1472339779407,2385.0201971352462,2229.2808887495294,2308.0891265574664,1476820,0.0222207105414867,0.044851322087982017,Energy
2005-08-29,2279.909178151992,2331.274965344363,2222.45558965443,2273.681058867093,1337109,-0.015019834323402405,0.042230047016043014,Energy
2005-08-30,2155.459170553573,2332.6820825558098,1975.4344823839763,2152.4063935621143,1520665,-0.05481366087354266,0.0395036809708555,Energy
2005-08-31,2116.113567502323,2182.8978414314574,2041.0776671022861,2107.5930340849764,1122578,-0.02103991485610132,0.042415955263929474,Energy
2005-09-01,2055.7892689860273,2137.0989884674095,1971.557481270606,2052.7468690177475,1345229,-0.02636772186333625,0.04007109071804924,Energy
2005-09-02,2008.7603891168358,2062.4066890381055,1979.8502302032525,2033.1455775291029,1264349,-0.009594693015723944,0.038585520114502087,Energy
2005-09-05,2056.6108534346613,2089.1467289538873,2022.1964751284704,2054.7021547638947,1197832,0.010546761261742513,0.03612315891661765,Energy
2005-09-06,1929.8700683648876,2117.8557410100248,1737.950875558972,1925.5120393015068,1338996,-0.06493897377744566,0.03406745094748064,Energy
2005-09-07,1939.4927147941903,1947.5109047645715,1922.8439254401842,1930.8262869362434,907256,0.0027561124305750997,0.040755778958785294,Energy
2005-09-08,1828.9205817497325,2008.7124204839067,1630.574835172219,1808.343883859839,1342752,-0.06553659410848296,0.037814894396115774,Energy
2005-09-09,1903.6217832774728,2034.3761483944918,1763.0457526457417,1893.0757400537382,1525685,0.04579143688648023,0.04345376583971195,Energy
2005-09-12,1975.0026574512835,2088.6536070815237,1853.9142684474689,1967.1111007585193,1358291,0.03836313812927721,0.04387610017243202,Energy
2005-09-13,1849.2962472110648,2031.640417698322,1660.3411587894898,1841.9621757057923,2263378,-0.06573461688908283,0.04313756238062058,Energy
2005-09-14,1994.1188591545274,2213.4404337030282,1764.0955768856727,1982.0946818721877,2222237,0.07332280238015806,0.0472951943557347,Energy
2005-09-15,2143.542944297143,2374.166115032868,1900.3752975785703,2129.4860960410992,1942648,0.07172647550613771,0.05192208903394905,Energy
2005-09-16,2122.726778822629,2149.956861575251,2084.2683756923834,2111.352551227099,650966,-0.008551919485284241,0.05503113443314931,Energy
2005-09-19,1990.893287828409,2160.7823438338933,1835.3432808133289,2004.1932042331048,1755201,-0.05208717378812008,0.05033598021924177,Energy
2005-09-20,2129.091980996355,2302.537727198771,1943.6671330624463,2116.0504559074643,1462650,0.05430977078508642,0.050338154263844366,Energy
2005-09-21,2158.5176973883595,2249.404874264063,2078.4993823133063,2168.9980427643336,992202,0.024713970817988973,0.05069099032532081,Energy
2005-09-22,2262.4678266945,2383.605805927202,2127.465048909643,2247.8186773889715,1836421,0.03569493977723899,0.04740546649035612,Energy
2005-09-23,2187.7497694127287,2276.136591335456,2100.4978307622514,2188.8411271063846,1483766,-0.026588031187832147,0.045704944058490314,Energy
2005-09-26,2292.320341953213,2481.600259624457,2115.7848769793272,2304.153502919214,1912287,0.05134112707925907,0.04332657428736495,Energy
2005-09-27,2372.1588699514678,2468.4499508909857,2271.262359547476,2367.358586557664,1268446,0.027061448022236374,0.04468937604227807,Energy
2005-09-28,2293.26528615862,2403.522214375162,2182.453373287186,2292.682270963656,1676782,-0.03205238367086327,0.04251541555950665,Energy
2005-09-29,2390.5717556063946,2540.4501296818776,2240.6641242675496,2390.5405413456588,1356135,0.04179707880175152,0.041232896369351325,Energy
2005-09-30,2395.1609677658635,2432.3596991272,2329.17237269421,2365.916921037025,1106156,-0.010353857037016991,0.041499045336712344,Energy
2005-10-03,2212.048947947019,2432.4170157897843,1999.218778787432,2218.9252498353176,1686886,-0.06414269429770453,0.03864992838826811,Energy
2005-10-04,2160.687814204896,2242.205657076448,2089.600854894964,2170.7864510702493,1200718,-0.02193343522144154,0.043728667442536125,Energy
2005-10-05,2192.9141264805426,2328.0223389163443,2099.749539579347,2233.148423056703,1245714,0.028322916912609842,0.04125431398207842,Energy
2005-10-06,2180.5744546108667,2287.3605632852623,2055.57052967446,2161.4185437207434,1310098,-0.0326476993095694,0.03977263985544986,Energy
2005-10-07,2090.6868490440406,2205.8597375680765,1968.70308806103,2083.4789012567485,1517762,-0.036725694102777144,0.03905600012018978,Energy
2005-10-10,2097.669368979899,2158.213319188416,2053.0331851411056,2113.245687772871,1026886,0.014185961015867776,0.0390206792279456,Energy
2005-10-11,2188.611972070369,2294.354305736064,2076.9779002200135,2182.4211243622385,1882705,0.03220986178001071,0.03671889090672182,Energy
2005-10-12,2047.8173236396913,2273.461008026028,1804.4073241001063,2027.8509674350366,1437458,-0.07345827246780932,0.03652728896207464,Energy
2005-10-13,2144.6725035841027,2287.7667523450373,1978.6331120027403,2120.0869962329907,1376434,0.04448052823039439,0.044461353333297864,Energy
2005-10-14,2114.449544020058,2134.3213360742725,2087.0450123833757,2106.845339420624,899712,-0.006265394890572319,0.04447726566383013,Energy
2005-10-17,2188.572615813901,2292.294177750049,2071.42023416006,2174.4736113850695,1402752,0.031594888585278647,0.04109099663813181,Energy
2005-10-18,2398.411770765207,2734.2812617184886,2052.950572261761,2387.2581258119744,1674192,0.0933588621846261,0.04000639388247076,Energy
2005-10-19,2338.1999078416943,2394.80347828964,2315.742502077172,2372.0212332224464,925660,-0.006403046973359384,0.05184390816137144,Energy
2005-10-20,2543.1963730110247,2770.5899457137875,2292.5975546487794,2517.712555223012,1877225,0.059608340411280554,0.047501394740967665,Energy
2005-10-21,2534.7816674176606,2564.8673118449433,2506.466271547423,2536.532359443117,1121502,0.00744716234254201,0.04937690896418942,Energy
2005-10-24,2620.6043754459233,2756.306655109796,2488.0035478948435,2623.556454342249,1484895,0.033732887164884526,0.04537380681769722,Energy
2005-10-25,2578.088581080238,2646.2261907726543,2509.60684834606,2577.7351161342826,1104312,-0.01761967120200506,0.04379168902400991,Energy
2005-10-26,2571.5106374359507,2592.9466938122014,2542.0806926099553,2563.4495519541088,1111103,-0.005557318738172983,0.040996799192747804,Energy
2005-10-27,2548.4251255041754,2606.9403458315587,2466.542169842693,2524.508226451829,744720,-0.015307550727904665,0.03806865645086568,Energy
2005-10-28,2317.4425543204748,2607.7556528274145,2048.3551268886376,2336.4600309167163,1568628,-0.07740930533680175,0.03597952542172195,Energy
2005-10-31,2116.8089626402493,2434.3303070362867,1782.5164061880066,2097.0781249270667,2326244,-0.10809196982644831,0.04510488978555207,Energy
2005-11-01,2137.3601995590157,2186.0127819696145,2080.6790104197594,2129.1445812796264,929634,0.015175287229120909,0.058992728002675986,Energy
2005-11-02,2051.657561932875,2178.121011445405,1917.4687608786044,2043.42474228786,1488241,-0.04109309852968782,0.05402459594602367,Energy
2005-11-03,2121.5192646335213,2268.830488706347,1985.827547725915,2132.440267808745,1330178,0.04263979409147497,0.05184806636433502,Energy
2005-11-04,2153.7669550403116,2194.309092232202,2116.617954161574,2157.102557597531,704514,0.01149892309744418,0.05023246355297437,Energy
2005-11-07,2177.297341230043,2195.680345290854,2150.963158143463,2169.278458472911,757026,0.005628691960656727,0.046243638487265024,Energy
2005-11-08,2202.364913382776,2225.9545320957473,2161.422310008037,2184.824047807954,1241426,0.007140693342756991,0.04260905545081798,Energy
2005-11-09,2231.2647846722143,2304.8278863117357,2158.992931256347,2232.515520884555,1498944,0.021593688002231562,0.039497768422291905,Energy
2005-11-10,2283.5999940282213,2369.403025954162,2201.191815501805,2286.8766045204457,1113386,0.024057972424218893,0.03765636828616718,Energy
2005-11-11,2198.710730617971,2353.3494238738394,2028.6530054064654,2182.1252138666378,1615332,-0.04688768774126269,0.03634858406564742,Energy
2005-11-14,2333.1594851427667,2530.924854961023,2113.268387920086,2308.984626558654,1605534,0.05650860162727794,0.0385583186889713,Energy
2005-11-15,2401.7532539155945,2518.268783148957,2269.184994017634,2384.882055925333,1701736,0.03234179837677794,0.04205209222829202,Energy
2005-11-16,2528.9154795161444,2792.866448765618,2282.532247173636,2544.923602034364,1778182,0.06495096002961948,0.040885224188672936,Energy
2005-11-17,2649.4009747281084,2803.0071628463716,2491.851720838821,2645.215229027694,953014,0.03865180332798984,0.04549808047469499,Energy
2005-11-18,2919.818649231602,3335.357665627245,2494.5537653400042,2908.4789534075835,1841287,0.09487781407360091,0.04449892747675272,Energy
2005-11-21,3005.828530112923,3220.6219280436635,2818.613011606516,3031.789455020776,1496310,0.0415227763062883,0.055085329968810715,Energy
2005-11-22,3253.282838249617,3597.1959708647787,2909.263603546519,3253.1641939600595,1458591,0.07047509643114819,0.05278386121766305,Energy
2005-11-23,3412.0213552936934,3714.3585902565405,3134.1654856600194,3434.6592199753645,1171976,0.05428959175037314,0.05544294081831659,Energy
2005-11-24,3573.8925608906975,3754.4540321282184,3372.842934050214,3552.3142164965802,694478,0.03368157047461631,0.05478357158063001,Energy
2005-11-25,3905.5326423108777,4455.130673973941,3352.64875229693,3901.7086622468237,2156948,0.09381529264560957,0.051683256481664275,Energy
2005-11-28,3737.16689051759,3968.601317528309,3529.9596944580135,3760.1214083630566,1603764,-0.03696332937575949,0.0596416261562912,Energy
2005-11-29,3915.093186560341,4127.270260307062,3687.1821595059628,3898.4576778110863,617067,0.0361297613511182,0.05613058002759789,Energy
2005-11-30,4084.006283855459,4371.261063020543,3797.755455243116,4084.944475879534,1046966,0.04672712833375158,0.053068988681535756,Energy
2005-12-01,4266.654314470916,4586.167480123129,3964.2272082335003,4282.609449082667,1724621,0.047254372153171534,0.05177419942493181,Energy
2005-12-02,4655.2491138286705,5178.977871978209,4096.833845961728,4616.165597417626,2080427,0.0750018950427055,0.05078779906643576,Energy
2005-12-05,4445.912155827381,4676.639650550983,4261.102124932716,4489.997074414636,1459278,-0.02771235304359748,0.054838973971161005,Energy
2005-12-06,4227.4338733243785,4621.216228519187,3826.594063100292,4219.651495528916,1782815,-0.06209950953613148,0.05119615834854885,Energy
2005-12-07,4045.2078871248,4285.08676643282,3843.917963514705,4081.9676724590927,1019846,-0.03317339581825791,0.05268101808444824,Energy
2005-12-08,4286.425312577434,4614.548519618116,3964.099913136967,4291.817634880789,1278329,0.05013118950106421,0.049852811973331974,Energy
2005-12-09,4444.942482415155,4653.1248685225055,4220.552793609388,4427.938798786164,1212169,0.03122385901594164,0.049650908485519736,Energy
2005-12-12,4820.231079815428,5533.947203227384,4149.751487967512,4858.18792833487,2018229,0.09273132079435338,0.04709999550453348,Energy
2005-12-13,4818.480622903429,4859.5086360798805,4814.546602005144,4855.544354710109,725557,-0.0005442961804994342,0.05625470948873037,Energy
2005-12-14,5224.391965057979,5769.5021887796365,4662.198227956712,5205.3183176545845,1472874,0.06955963837418647,0.051300275929852236,Energy
2005-12-15,5595.63933424022,6129.778914355325,5017.810508871041,5547.339567154837,1458792,0.06363759923394362,0.054140152770336,Energy
2005-12-16,5603.542131559196,5726.368689877117,5496.140703051261,5618.677172532008,950499,0.012777802086177934,0.055248407389129874,Energy
2005-12-19,5514.0418971331965,5666.791865833979,5367.2275110857945,5519.823540368317,1618224,-0.017750365193239002,0.05065964912187251,Energy
2005-12-20,5649.964164926831,5714.582224479243,5498.457998881325,5562.070831410409,794941,0.007624598158638619,0.04690822272262075,Energy
2005-12-21,5335.256689717031,5647.846600334621,5071.348117440734,5381.643503446709,1106730,-0.03297667917708552,0.04323222480694351,Energy
2005-12-22,5646.777453602134,5951.419807910827,5277.75443064372,5578.725391753837,583545,0.035966514448502934,0.04193255793340952,Energy
2005-12-23,5614.2556160401355,5655.634758000233,5564.884559335065,5606.204360562184,1264796,0.004913580094438538,0.04123966605232336,Energy
2005-12-26,5598.677798724611,5689.142026728329,5456.5226191266,5546.137900013306,1440803,-0.010772094323690341,0.0382647296513041,Energy
2005-12-27,5510.978832412904,5559.100532945397,5471.970317012871,5520.027964818699,1260795,-0.004718885287746468,0.035899266436066425,Energy
2005-12-28,5579.373626857226,5827.0301224680725,5396.423736641932,5642.025841117286,619509,0.021860266337023218,0.03368005413107267,Energy
2005-12-29,5928.665242619127,6363.045046120887,5490.381704656508,5924.452877777334,1591611,0.04884514875053188,0.03285053308039957,Energy
2005-12-30,6212.500546284272,6594.54512539382,5792.809879089477,6172.387672760866,1330321,0.0409974026039107,0.03634836038121086,Energy
2006-01-02,5995.592257294376,6253.703872974464,5744.8774442867125,6002.692166461886,1637921,-0.02787768105284777,0.03753772362520102,Energy
2006-01-03,6160.358921486963,6384.906310833933,5926.163420823824,6150.345829207965,781344,0.024300249623850412,0.03665841405601483,Energy
2006-01-04,5895.801873728151,6266.646090761249,5532.139688911861,5902.566644418581,1502998,-0.04112103183529932,0.03554780973068519,Energy
2006-01-05,5434.5480620023045,6076.6048051786165,4881.75536297114,5515.5706323682125,1906819,-0.06781216428970098,0.036939928400027425,Energy
2006-01-06,5639.57846315525,5760.150537864657,5475.133833764019,5594.747437950207,1091973,0.014253083570830086,0.04337533967598792,Energy
2006-01-09,5767.6882037472005,6075.444831192638,5478.2225062064235,5785.105027286098,1189033,0.03345831551165967,0.04044265857108587,Energy
2006-01-10,5657.43900763956,5913.491061799964,5359.110751747967,5613.158708000073,1065726,-0.030172904950413238,0.0397039763420442,Energy
2006-01-11,5686.588277916519,5769.558043400408,5585.325137377677,5668.024042695969,955791,0.009726953014000459,0.038699938228215366,Energy
2006-01-12,5659.315489697081,5711.11084024457,5633.565704077947,5685.243084526456,692781,0.003033321569956848,0.036226236588067416,Energy
2006-01-13,5940.8571886930495,6210.731420890989,5593.848225180945,5860.051722243741,1673637,0.030284544651410346,0.03393010948744083,Energy
2006-01-16,5903.196002943129,5927.953057651913,5851.813801160021,5876.458724020784,1009272,0.0027958927894246787,0.03403784526927737,Energy
2006-01-17,5764.826732973144,5956.469396221578,5556.583655153142,5747.655487146098,610298,-0.022162292366602235,0.03206294560600613,Energy
2006-01-18,5519.79392085515,5873.543799175151,5154.3123492496015,5507.258888488852,991523,-0.042725010316471704,0.03156106882202153,Energy
2006-01-19,5354.648265612123,5577.12703814341,5139.5048998422735,5361.700328901417,1026924,-0.02678586965914124,0.03421541798856322,Energy
2006-01-20,5310.753413682388,5389.359847173281,5294.342467262433,5372.757300356401,980721,0.0020600901782502714,0.03382570449399616,Energy
2006-01-23,5392.749189098309,5421.242084259946,5325.57829453097,5353.865746827513,662199,-0.003522371016158412,0.03187442898850896,Energy
2006-01-24,5732.136938119511,6371.845510285338,5114.842460902151,5752.3719250316135,1764092,0.07179340897135758,0.030243089182673138,Energy
2006-01-25,5561.207342849302,5891.184192866537,5201.18556162211,5529.267230042352,1385272,-0.0395569798275939,0.040060698825759244,Energy
2006-01-26,5513.053296899516,5572.511537442301,5430.448519935627,5489.654403580617,1320770,-0.007189995251962583,0.04023183901201449,Energy
2006-01-27,5537.169517059866,5607.719217350839,5465.9415920347465,5536.482539466855,641097,0.008494075065321327,0.0374517703318469,Energy
2006-01-30,5693.205744943382,5973.597712600479,5430.090346783176,5709.719136741689,818282,0.030810456059125284,0.035113109766493525,Energy
2006-01-31,6154.89285759496,6788.237531071605,5485.901529150709,6115.157382191824,1722137,0.06860067138240172,0.03505334523786213,Energy
2006-02-01,6153.731995686569,6250.032410698737,6072.865540081628,6168.965767446916,1327267,0.008760695207571953,0.04229535940276714,Energy
2006-02-02,6183.812858245669,6220.732991927829,6152.761057454359,6189.651870738745,833832,0.0033476434365146087,0.039276333951699084,Energy
2006-02-03,6308.1537141613,6416.629344050532,6153.3536478137785,6261.0187400660925,861880,0.011464065377873653,0.036548397152748276,Energy
2006-02-06,6574.11612499929,7127.349255089044,6051.067349138371,6602.075944537148,1578527,0.053041226725717,0.034472336543904865,Energy
2006-02-07,6211.876278841786,6773.387774817114,5666.639261348801,6226.837556298807,1807138,-0.058515548069334206,0.03837550454811413,Energy
2006-02-08,6469.687439248754,6833.6344141474965,6101.123697127677,6464.795478792413,2142315,0.03750278802144649,0.04232911390917659,Energy
2006-02-09,6656.059638239605,7252.503406654328,6187.433182076512,6775.4697626821,1681419,0.046937325448107026,0.04176567937764296,Energy
2006-02-10,6689.225293837427,6810.930696544818,6581.915588600529,6703.393699305092,1007671,-0.010694781585122012,0.042731305352564225,Energy
2006-02-13,6186.455805020247,6964.8699312344215,5388.434619113566,6164.026575465778,2116817,-0.08388369159419731,0.03972314588096324,Energy
2006-02-14,5999.273844974007,6288.89388074451,5680.6535440871485,5968.802552348626,1116858,-0.03218389905784319,0.04917126917484224,Energy
2006-02-15,6265.211287484397,6669.232557331094,5829.187615093931,6231.002907779852,1210876,0.04299097043529706,0.046793391345324065,Energy
2006-02-16,5789.635234898721,6415.346125280209,5198.396378989317,5820.913160549334,1156108,-0.06808015035161907,0.04614033712190026,Energy
2006-02-17,5916.101638961594,6078.370408297348,5761.27944528352,5923.358310214196,1474909,0.01744642030921898,0.049983803362318724,Energy
2006-02-20,5476.3760918390135,6165.15992796983,4761.860752890375,5446.942635664755,1753486,-0.08384910320010755,0.04630724690684219,Energy
2006-02-21,5670.189832386466,6024.206210011212,5321.303084839278,5675.022131149142,1652171,0.04101999613892396,0.05357321820641671,Energy
2006-02-22,5273.2708820242415,5884.9108850730145,4643.475759842278,5252.733678721313,1556281,-0.07732582132704499,0.051463266313745294,Energy
2006-02-23,4651.8549196216745,5436.513495681778,3954.076681678423,4727.4030397232855,1983941,-0.1053726302963511,0.0558181567263636,Energy
2006-02-24,4819.736198274095,4884.708888949086,4705.776551617947,4770.0798474149415,1473746,0.008987032761704143,0.06525367406206976,Energy
2006-02-27,4962.296454112009,5397.719914737487,4586.105643113563,5017.35511635381,1364157,0.0505398813469001,0.059317354935617794,Energy
2006-02-28,5268.681833362665,5761.794299308482,4820.514291221187,5310.103338110444,1863993,0.05670837049519867,0.05742804905471071,Energy
2006-03-01,4545.471478878633,5247.831581773587,3863.650757046838,4563.331810237902,2363298,-0.1515582792382136,0.056751744882578864,Energy
2006-03-02,5430.496452529577,6245.0709204090135,4550.605735877903,5353.653806915179,3262277,0.159726265500142,0.07824381917200299,Energy
2006-03-03,5675.70628259959,6151.829004277479,5186.65008995305,5661.588501517219,1901939,0.0559252244532776,0.09393906628496028,Energy
2006-03-06,5554.333188520198,5720.546499705396,5383.682660502118,5549.7590919372315,1017099,-0.019949986859356516,0.08734290554541078,Energy
2006-03-07,5676.661957692102,5955.274925367762,5433.421069802952,5710.5806460432805,1120032,0.028566187864395628,0.07913739201948036,Energy
2006-03-08,6428.06400887407,7487.452439650541,5463.854407542959,6510.828208391776,1914554,0.13114596125721928,0.07233661255464983,Energy
2006-03-09,5871.383795101908,6752.091364367193,4985.276235500308,5865.03086529448,2020582,-0.10445892436330091,0.08286107581860874,Energy
2006-03-10,5816.575989235932,5873.475201384963,5791.3061424037915,5848.068536629278,898427,-0.002896302667744085,0.08502656255855846,Energy
2006-03-13,6016.090873978201,6364.620574460487,5705.919571911713,6052.56859245208,1347768,0.034371300629571236,0.07671291519549392,Energy
2006-03-14,5608.427446021915,6238.09534082734,5011.359871257008,5637.891095424886,1614614,-0.0709726663443968,0.07060527623540672,Energy
2006-03-15,5833.044849370534,6186.114076560178,5502.867391341597,5854.710255798519,1240184,0.03773643286428339,0.06959634998351158,Energy
2006-03-16,5814.992907798511,5880.178654929474,5745.977033405657,5811.119358261716,1283027,-0.007473296260721942,0.06471883265031926,Energy
2006-03-17,5986.1778413543825,6316.455568031342,5682.2036840493065,6011.210280022964,1262139,0.03385289304360768,0.05881495866908437,Energy
2006-03-20,5387.4751648441525,6224.979887532432,4579.35389011753,5413.0259891586375,2139280,-0.10481783692908662,0.055129504312211745,Energy
2006-03-21,5630.517942566381,6053.673421872858,5245.05747476792,5665.797729853427,1133261,0.045639432787571495,0.06464848518984824,Energy
2006-03-22,6046.804447476926,6610.492014112232,5467.047076653859,6029.082599567363,1714677,0.06214715795001543,0.06128609127403469,Energy
2006-03-23,6271.596669878622,6681.463231134807,5877.863098112338,6286.776653389097,796203,0.04185362383153214,0.060697021122202315,Energy
2006-03-24,6253.4579762469075,6340.450672311615,6142.093177857356,6228.742047306057,780396,-0.009274089780421187,0.05753313456315386,Energy
2006-03-27,6217.885657773867,6287.20867696958,6113.68781796128,6182.617635037866,1178758,-0.00743264650946008,0.05254474825629933,Energy
2006-03-28,6255.926694743415,6377.828520697584,6138.591825231717,6260.4095712791,1241047,0.012503862362527294,0.04813571533253127,Energy
2006-03-29,6089.964256618419,6321.639452964237,5903.775504616115,6134.101297227876,1239502,-0.02038203008060456,0.04446447636660914,Energy
2006-03-30,5946.644560863736,6220.101723274873,5680.9744842006985,5954.09863133679,979035,-0.029783751597943088,0.04176105601366415,Energy
2006-03-31,6299.58115340921,6876.973774819844,5740.882970179569,6316.752680647743,1544083,0.059125431741577944,0.04035157268791778,Energy
2006-04-03,6045.9396409194505,6415.963902010753,5740.950083202127,6107.851194153043,1496708,-0.03363023514747294,0.043897289625953545,Energy
2006-04-04,6123.220780289302,6235.079766007632,5923.689261189583,6033.916842744507,1062634,-0.0121786654150383,0.04255850721788803,Energy
2006-04-05,6072.97941641457,6206.392229713344,5969.764692701447,6102.672844488208,1038856,0.011330487243668795,0.03963873374599319,Energy
2006-04-06,6683.44518531395,7581.350436708223,5777.78299901986,6674.48438825765,1950622,0.08956510966004079,0.037097713697281036,Energy
2006-04-07,6214.588005114504,6944.815516483227,5446.418549555887,6171.594195440225,2266982,-0.07833477303915216,0.049033443887969125,Energy
2006-04-10,6271.3884340525665,6307.074602668077,6113.2410039032875,6148.226341555111,747669,-0.0037935425826644362,0.05425747317813478,Energy
2006-04-11,5803.755765856576,6287.889978575918,5365.360869950109,5846.282747030736,1603955,-0.050357609060158105,0.04957073089374198,Energy
2006-04-12,5871.236057116842,5986.172467447382,5787.582431641068,5902.07938490228,966819,0.009498695523051763,0.04945896488615776,Energy
2006-04-13,6007.193196731178,6280.543992525807,5780.678483441029,6052.327392982199,1184381,0.025138164183278147,0.04550258397700174,Energy
2006-04-14,5819.525173449657,6198.208702807941,5418.273249291674,5795.386014427481,1269405,-0.04338080491354029,0.043025308989513296,Energy
2006-04-17,5669.440201994796,5866.843898692477,5465.250467456168,5662.409357863825,1802399,-0.02321260296895207,0.04316510055770137,Energy
2006-04-18,5620.4834753353025,5695.325918736633,5537.630332544173,5612.364665753691,884064,-0.008877343468139471,0.04088281381478417,Energy
2006-04-19,5385.551062713532,5725.386897530599,5041.6041342814015,5381.163081310002,1693484,-0.042067602845682846,0.03806500566647986,Energy
2006-04-20,5384.733656426644,5394.518277687217,5364.881977629873,5374.648272698969,966216,-0.0012114026907527335,0.03904623165541882,Energy
2006-04-21,5105.259254924129,5537.372426418701,4649.8140572566035,5079.769779433951,1783698,-0.05642719268080139,0.03633052008522283,Energy
2006-04-24,5143.721325722127,5195.405942878567,5062.526933432718,5113.912023795181,457633,0.006698732154349041,0.04041694648047606,Energy
2006-04-25,4902.623460442616,5193.4810328280955,4657.789335152589,4946.4578442529855,1762576,-0.0332929403023367,0.03759726854594479,Energy
2006-04-26,4905.836287297697,4975.439398165098,4830.373342596135,4899.892118682905,579030,-0.009458545127514097,0.0373778900259091,Energy
2006-04-27,5129.118190411675,5434.905757376467,4794.59592107486,5098.561776983171,1579522,0.03974530716753981,0.03508710506183927,Energy
2006-04-28,5214.840704125609,5356.086891145543,5050.849508317832,5191.4624863270365,898310,0.018056951309262326,0.03635708142264381,Energy
2006-05-01,5280.426938142726,5422.634503660036,5141.317177892999,5283.445228320357,1073555,0.017562943537119326,0.034732951490565295,Energy
2006-05-02,5349.5584763166435,5392.395489115513,5269.1916537422,5311.725717733083,959305,0.005338386085321021,0.03333722968769264,Energy
2006-05-03,5354.50462361997,5474.859235556069,5256.792531933919,5376.741355155043,1504436,0.012165718219760742,0.031517795949262906,Energy
2006-05-04,5508.859947368149,5675.448616639524,5320.332410393709,5486.236957390919,1380619,0.020160090092804308,0.030280321566487554,Energy
2006-05-05,5719.577269354253,6114.51307391445,5340.270049817389,5734.233867591922,828749,0.04421156805523705,0.02990790337383099,Energy
2006-05-08,5717.391090494115,5753.244440252703,5674.502309019455,5710.311261678959,918310,-0.004180618886144038,0.03329843179280606,Energy
2006-05-09,5659.765331531649,5774.472377219643,5519.497555993688,5633.675843343072,967006,-0.013511401853705666,0.03145870442387613,Energy
2006-05-10,5530.425936398897,5663.320981201635,5441.21365858505,5573.4152354107155,1293779,-0.010754117776798997,0.03031672416721324,Energy
2006-05-11,5523.480646647925,5576.053136237392,5515.622950159322,5568.131918906103,1212147,-0.0009483991455486565,0.029199840218026924,Energy
2006-05-12,5528.451946905491,5587.587351760419,5469.671725919515,5528.803394078762,983620,-0.007088207398200429,0.0279685440119348,Energy
2006-05-15,5619.664400577478,5728.78641414795,5492.0839548951235,5600.84044704539,1569247,0.012945258624252668,0.02708002891313103,Energy
2006-05-16,5771.616277598571,6087.119550522687,5478.989217685341,5793.388610276371,1688121,0.033800706288462816,0.026679567666589507,Energy
2006-05-17,5783.48068114804,5857.463836926309,5670.711515084585,5744.192085227569,823803,-0.008528100389952198,0.028996769243154353,Energy
2006-05-18,5652.802567856953,5808.625364394055,5484.136073042624,5639.594789472706,963951,-0.018377055117538198,0.02799213060257756,Energy
2006-05-19,5495.090649010996,5712.041550625826,5276.221807594722,5493.0938748495155,1875004,-0.02632057297106059,0.0278837752780423,Energy
2006-05-22,5552.89964846888,5559.1467695909505,5491.030837373249,5497.215312524157,1452936,0.0007500130883622658,0.028738820839307747,Energy
2006-05-23,5104.714732457709,5665.486946822766,4562.153628173337,5121.176213109752,1164245,-0.0708575154173406,0.027582970045518497,Energy
2006-05-24,5411.553179157325,5858.361437832895,4964.207488977762,5410.967380851352,1331654,0.05504374854850157,0.0382331572446401,Energy
2006-05-25,5134.429866898326,5553.416642850295,4706.289107684305,5124.462514063127,1079798,-0.05440224611930503,0.04151977346343909,Energy
2006-05-26,5223.943912263988,5302.555435013057,5098.238900660381,5176.1309187030165,667087,0.010032206071293778,0.043852638782495824,Energy
2006-05-29,5151.595669342015,5177.338906186682,5147.985512409745,5173.713249603269,720124,-0.00046718947733092036,0.04066374203573721,Energy
2006-05-30,5299.193304732988,5538.070257553198,5080.166653808957,5318.255717567279,1650793,0.027554716139958756,0.037720878475724084,Energy
2006-05-31,4982.399608999213,5542.129867496924,4380.149503287056,4934.498476595558,1597737,-0.07489433504914991,0.036772015114993784,Energy
2006-06-01,4511.3424095665205,5112.445084047839,3927.432681447179,4526.5650650842945,2019154,-0.08628765381543382,0.04497909614323096,Energy
2006-06-02,4119.369169281803,4696.966768386915,3557.0718089603038,4132.831753925397,2016260,-0.09100056136662195,0.05324780889422056,Energy
2006-06-05,4319.036214993396,4574.101787616679,4044.9200646597956,4298.789972515763,1531280,0.039370754635464106,0.060086842544640306,Energy
2006-06-06,4440.535534663866,4611.854181547173,4240.619751242005,4410.7908287079445,965476,0.025720418261258888,0.056752545014936595,Energy
2006-06-07,4363.605622888335,4442.877939252519,4278.528426287746,4357.6933359051545,1225972,-0.012111133653383519,0.0526869251320291,Energy
2006-06-08,4448.70806834718,4545.501896570057,4325.164162781082,4421.363024686048,1237505,0.014505159211138192,0.04840177267053294,Energy
2006-06-09,4572.2816085120985,4757.828190400431,4358.268022501886,4542.610529997905,1259822,0.0270538282306591,0.044785547051264536,Energy
2006-06-12,4579.139516258922,4642.00059391951,4519.442660800718,4582.263018310751,1153012,0.008691131488240186,0.042595570462607084,Energy
2006-06-13,4532.2052271148705,4598.57462192031,4483.098542645061,4549.282899957768,920591,-0.007223368758916486,0.039532726485910656,Energy
2006-06-14,4586.91950732191,4636.343485291726,4532.70768889341,4582.079516041297,954704,0.007183321746533443,0.03685235038857022,Energy
2006-06-15,4341.829803128481,4713.4183790977795,3957.5625473670216,4327.964481946142,1401020,-0.05705560294748732,0.0345574391416189,Energy
2006-06-16,4543.604717536702,4896.258958731595,4199.836512219609,4551.865727116261,1439832,0.05043986389488941,0.03928962400146575,Energy
2006-06-19,4721.50209627474,4954.228256228441,4472.067021888886,4703.9268874345,1247539,0.032860469007284905,0.041431469003663006,Energy
2006-06-20,4671.1731370763255,4718.977921565443,4625.747665941314,4673.529535308949,435874,-0.006483092476913711,0.04043791367699378,Energy
2006-06-21,4735.564354488217,4828.185555291104,4642.259584686405,4734.867149099739,1276352,0.013039093670726337,0.03760963258592182,Energy
2006-06-22,4711.950370177132,4766.364198436888,4693.183520637962,4747.4559366223475,907514,0.002655213243606977,0.0354554687624,Energy
2006-06-23,4785.550758420998,4910.395236232425,4688.068374995573,4812.366609908626,1205074,0.013580099532450207,0.03326754778661289,Energy
2006-06-26,4548.214557999522,4938.121129624186,4155.409143499214,4545.043903153475,1376322,-0.057151594565664786,0.031828393834504844,Energy
2006-06-27,4576.871158945591,4728.057797112324,4467.693047747088,4617.900948524556,1565442,0.015902874461171654,0.03742169207127325,Energy
2006-06-28,4513.679410961098,4662.227016239213,4378.355521171733,4526.518208543441,1313590,-0.019987225124398853,0.03547170199470169,Energy
2006-06-29,4354.448738848601,4593.847175545436,4147.232929631532,4385.169454974367,1520658,-0.031724767265926684,0.03415430703654737,Energy
2006-06-30,4452.1953773511505,4492.72190211573,4371.701924677514,4411.8613047746685,1150960,0.00606839567594629,0.034411952575071666,Energy
2006-07-03,4275.527260856202,4466.465577323187,4108.174192540432,4298.224107035576,1463280,-0.026094725960926435,0.03244795521963074,Energy
2006-07-04,4047.0737057487136,4392.436722984473,3753.3081241850964,4095.179293486812,1391243,-0.0483914391685585,0.032317735793129236,Energy
2006-07-05,4097.12042075603,4117.2015435586545,4083.923500586139,4103.982520406185,732043,0.002147348839286432,0.03587211375367013,Energy
2006-07-06,4090.3393640113263,4169.678440342472,3972.674059895979,4051.2550291980633,951814,-0.012931131832109364,0.03361753266051269,Energy
2006-07-07,4154.8818821826035,4348.164300579885,3976.3262604551337,4169.001873669911,1167398,0.028649931460654428,0.03208103688027273,Energy
2006-07-10,4223.735513909993,4242.065959762029,4162.935946846605,4181.0812790379705,1015020,0.0028932439529998568,0.032349298721236056,Energy
2006-07-11,4011.8076260865896,4229.156953069035,3866.5003679784822,4081.3315457665503,880291,-0.024146597851677304,0.03063392451662613,Energy
2006-07-12,4185.621470077937,4389.88844109466,4000.1974534012197,4203.665087899856,818302,0.029533490307595785,0.03063019087769242,Energy
2006-07-13,3886.909719022757,4330.864381726722,3479.3544465777372,3919.8547177700025,1236280,-0.06990219341437601,0.031327319260119044,Energy
2006-07-14,4032.3928097547982,4247.224283539811,3835.5346803718676,4049.5295523546547,1718086,0.032546123136732344,0.040225218983138744,Energy
2006-07-17,4128.429251440524,4243.1414197282065,4010.6182740036697,4125.241878222374,1877125,0.01852394075344047,0.039412461398368334,Energy
2006-07-18,4402.391607532383,4798.285239584486,3986.228512820586,4380.119260747649,1294455,0.059951297286492775,0.03733823975414274,Energy
2006-07-19,4285.580419624883,4420.364940256179,4162.811967457477,4297.261851659273,1304042,-0.019097911312893855,0.041886024224080894,Energy
2006-07-20,4131.090392765655,4360.177444146377,3937.8008500486176,4165.287837562786,1310063,-0.03119265929652619,0.03947481162358482,Energy
2006-07-21,4163.912842881768,4242.535315984543,4117.852317294456,4196.118536263192,1236223,0.007374558069989701,0.03863361103071236,Energy
2006-07-24,4082.448498020792,4233.646175716295,3968.7378223848045,4118.919649118667,1215824,-0.018569032071662456,0.036086040750227116,Energy
2006-07-25,3961.95954962962,4172.018812375813,3800.0490399404794,4008.2178965787616,1175778,-0.027244180169091133,0.034546826372814705,Energy
2006-07-26,3829.623583493322,4082.5536132263496,3598.363900825379,3850.0598449526137,1068539,-0.04025803539626057,0.03414854862083613,Energy
2006-07-27,3803.504383114323,3883.3257841229483,3716.8934296068974,3796.569288797038,1485720,-0.013990852113994798,0.03572121373109644,Energy
2006-07-28,3765.7277093122557,3808.1200630078806,3730.929678449839,3773.252497691971,746077,-0.0061604792041239,0.03391409264257986,Energy
2006-07-31,3893.0574666808416,4081.063635923052,3707.3033847699908,3895.2069911922144,1061059,0.03180945970284233,0.03202850713691255,Energy
2006-08-01,4247.591812434533,4770.847495489009,3707.690234314916,4228.607229643639,1941112,0.08212585800149651,0.032748075890400324,Energy
2006-08-02,4255.888034380652,4426.926904896679,4137.888324568412,4307.496292889923,1001181,0.018484150093391258,0.04438071273076887,Energy
2006-08-03,4196.0231004219295,4345.956998274433,4079.347680732818,4228.381806231692,990457,-0.018537460653696772,0.041556800895810986,Energy
2006-08-04,4192.1766949725015,4234.529108563034,4173.785299118317,4216.033053063702,1080478,-0.0029247170292607465,0.0391550734602601,Energy
2006-08-07,4361.499645674166,4537.937060567455,4156.066994884561,4331.282003948818,954223,0.02696892188879484,0.03643870082203644,Energy
2006-08-08,4052.826542676001,4456.619314974052,3649.491745360594,4053.243065558349,1875078,-0.06634625539621426,0.03565559628241955,Energy
2006-08-09,4179.131505892804,4363.125476275931,3990.206967721528,4173.973863383066,1530122,0.029351229256395366,0.042158404592309545,Energy
2006-08-10,4271.34620210577,4434.32509969472,4114.594019544637,4277.352494937419,1097238,0.0244656953794184,0.04063359522666331,Energy
2006-08-11,4026.566276329631,4396.371681472097,3653.8098978752087,4023.3168733637726,1560778,-0.06122758694198669,0.03886716848955203,Energy
2006-08-14,3819.6666158160897,4146.543421499397,3474.994016809371,3800.205382431188,1598816,-0.05705154202547554,0.04325330090902846,Energy
2006-08-15,3807.536894685615,3833.910930324715,3787.3318271901444,3813.6732993965593,1083266,0.003537731969395078,0.045660816886519455,Energy
2006-08-16,3665.8260371531287,3905.807770911893,3411.813796627732,3650.8126878982853,1423068,-0.04364304822006471,0.04206905621853787,Energy
2006-08-17,3744.8218725738525,3949.7348864576434,3565.4976536853515,3769.2413200046335,1685440,0.03192394280073813,0.042444690381549896,Energy
2006-08-18,3470.6219703738075,3890.386707076883,3079.8019559176228,3496.6371712627697,1590063,-0.07507204141742378,0.041159593193570654,Energy
2006-08-21,3551.239845462398,3629.5625953064923,3470.1685576129657,3548.4293212222315,1304279,0.014703362440992988,0.047965210307837604,Energy
2006-08-22,3483.595159028093,3576.299431475228,3398.7854296317396,3491.302073690063,1317471,-0.01623030720175391,0.04441798565852298,Energy
2006-08-23,3730.089059267247,4033.965780259894,3385.8633201203556,3686.16141663751,1629529,0.05431089645392035,0.041447308606809424,Energy
2006-08-24,3759.7884537834993,3839.6244687462695,3659.325726466252,3738.7142480052507,1198156,0.01415611825756328,0.043780755288628216,Energy
2006-08-25,3610.174339925793,3820.7517749226163,3386.363558749654,3596.1212953608174,765175,-0.038885921688600306,0.040785573178913584,Energy
2006-08-28,3638.8128043188262,3723.0577607820433,3562.603483981491,3646.6835987971804,1245913,0.01396230482038607,0.04071348203558381,Energy
2006-08-29,3496.925092875275,3734.9854168933884,3247.6391670654175,3484.879460002346,1579084,-0.04538469611548041,0.03814855159706658,Energy
2006-08-30,3334.9257355163168,3551.1171975287543,3128.0607233350042,3343.7074563401798,849651,-0.04135324713595863,0.039663776766558884,Energy
2006-08-31,3270.8357777249516,3394.9283846904164,3136.507527925049,3260.19648974556,1628252,-0.025292741753358605,0.040188130178114574,Energy
2006-09-01,3470.1909764742477,3796.189707351692,3144.6449541999755,3470.6048579708367,1572819,0.06254142293248852,0.03857495383770122,Energy
2006-09-04,3710.949714346169,4050.005152789566,3351.56216683642,3688.5731425565236,1845443,0.06091081161472709,0.0433259285904836,Energy
2006-09-05,3301.5957689451902,3796.8351342869687,2794.359689733448,3287.4819879217034,1639240,-0.11511778250788211,0.04645673165771419,Energy
2006-09-06,3253.9518189982646,3301.17029533395,3212.6088052656983,3259.7535676111597,1130911,-0.008470318765669156,0.06176081209378078,Energy
2006-09-07,3115.5040192007036,3326.901702536184,2904.3952894827967,3115.774635658001,1140291,-0.04517379925620462,0.05623415575418062,Energy
2006-09-08,3605.486542876563,4152.572684283074,3064.6635614450784,3610.9327689418033,2562700,0.14748832320979893,0.05418417702239592,Energy
2006-09-11,3558.547938215541,3627.3411690371536,3509.126634009209,3577.6545117155397,1369854,-0.009258702344214201,0.0755755307898078,Energy
2006-09-12,3282.0673699290496,3744.861548122024,2797.450351150202,3256.6622289104344,2091602,-0.09400460665599306,0.06842650961939944,Energy
2006-09-13,3060.544489010688,3342.4132508535995,2787.380234168537,3068.5357482890686,1540175,-0.05950232185220313,0.07191161022976197,Energy
2006-09-14,3437.598136245319,3962.511514925118,2921.958415808521,3445.662186891407,2375529,0.11591560993360045,0.06905144961939787,Energy
2006-09-15,3079.6811917719347,3564.3799593433646,2617.729013006144,3099.4608342116217,1589102,-0.10588793088218523,0.0770061455312106,Energy
2006-09-18,3735.523787854954,4295.852356033197,3146.01970193684,3701.199649337459,2192297,0.17742882473317526,0.08078239440395261,Energy
2006-09-19,3702.477923190089,3703.8804994096613,3700.73204924543,3702.134495367347,1072896,0.00025254730276484585,0.10021369354253927,Energy
2006-09-20,3713.148294851695,3737.359891427608,3692.014444391656,3716.2086227266236,1222404,0.0037944171687300595,0.09019000535409344,Energy
2006-09-21,3671.4541081977814,3720.8093010696302,3657.750189873041,3706.972807112841,1084318,-0.0024883725304989646,0.08129913463785869,Energy
2006-09-22,3613.516459646453,3755.7661024244826,3468.803821768917,3610.9525330451197,1272646,-0.026243991481536447,0.07340686775751518,Energy
2006-09-25,3875.2098907379846,4334.02883235654,3436.980495089105,3893.7076153818207,1879087,0.07539022108992136,0.06718754832934375,Energy
2006-09-26,3847.441647528292,3901.923413951943,3822.8785465062015,3877.1705158483846,1180602,-0.004256179087709829,0.0675565402888899,Energy
2006-09-27,4146.052318200001,4653.926845142989,3676.983351425204,4180.9137818018735,1801507,0.07542419162049904,0.0612684761333879,Energy
2006-09-28,4130.53563852749,4221.193339776305,4029.753072650427,4120.183564818447,1446998,-0.014632113795477632,0.06289977930332412,Energy
2006-09-29,4157.1016118294365,4164.092804435964,4117.868680385678,4124.80555920693,703069,0.0011211645772034986,0.05742142981713427,Energy
2006-10-02,3787.599824933611,4285.760006188952,3281.5666134195085,3778.5344851615027,2116085,-0.08768264939641061,0.05232556768250716,Energy
2006-10-03,3611.470267376471,3843.9060390785844,3409.254174392245,3640.087584288971,1193407,-0.037328489140264466,0.05868227225843756,Energy
2006-10-04,3494.2516080384335,3717.9833047551224,3264.6475887380802,3487.9775680731495,907989,-0.04268566812265804,0.05535250380204078,Energy
2006-10-05,3372.8015212957475,3554.4183547936095,3183.7898787369318,3364.9858585590077,1349647,-0.035898314274970894,0.05314536368476188,Energy
2006-10-06,3384.0557349860087,3439.881100823694,3339.1825608493446,3394.8645992461866,1350943,0.008840117234229417,0.05052570722034648,Energy
2006-10-09,3409.3935081523705,3427.467592192744,3364.9541641827905,3382.887734203659,999226,-0.003534173843951183,0.046411203636623946,Energy
2006-10-10,3769.34381063876,4334.745382234573,3188.450792921432,3751.118579907567,1484336,0.1033243795089858,0.04272087798856703,Energy
2006-10-11,4037.010703574615,4471.994323029327,3596.204493977339,4030.4849728737854,1618611,0.07183262590304762,0.05622675380127119,Energy
2006-10-12,4393.268711634897,4929.054768313479,3838.693500951561,4371.869833197657,1838113,0.08130408766175025,0.05833649968966333,Energy
2006-10-13,4230.813607132375,4496.660528995135,3929.0723018060094,4192.512542323523,1624306,-0.04189059072303747,0.06175816510721564,Energy
2006-10-16,4052.7855504918602,4254.8962295712445,3859.8494883496087,4061.5432502061944,1649407,-0.0317371940423932,0.058433552045009565,Energy
2006-10-17,4252.340650915378,4627.658991407396,3911.6360921736955,4284.386839119533,2049550,0.05341443481146339,0.054613839148426026,Energy
2006-10-18,4412.3796404372315,4716.418116287602,4153.654698721479,4455.18333107087,1460638,0.03909076474210106,0.05398242693838738,Energy
2006-10-19,4528.570251653453,4691.348305561733,4386.9228508332135,4549.060013393319,956562,0.02085240932551459,0.0515799875702293,Energy
2006-10-20,4528.767109749073,4631.917020126818,4378.456345316106,4480.507055819577,1304694,-0.015184399032236054,0.047891748145143215,Energy
2006-10-23,4672.952103146238,4947.834711765446,4385.602542327809,4659.7059571788595,1523489,0.03921612470400056,0.044378829732359876,Energy
2006-10-24,4494.579377489613,4721.834171385488,4304.225851550922,4529.981309893428,979135,-0.028234533193776508,0.0436608530408075,Energy
2006-10-25,4697.758652210242,5010.010886836235,4408.7376530294005,4719.643464642961,1561005,0.04101544595738379,0.041768342082268026,Energy
2006-10-26,4593.672109266383,4768.507589952688,4444.625146125257,4618.65018449665,1625797,-0.021630765046039172,0.041809275780663194,Energy
2006-10-27,4411.842368536371,4711.291702789629,4121.533417777696,4420.418428392334,1389125,-0.043868135880382846,0.0396055038159393,Energy
2006-10-30,4577.054164763649,4796.480729873998,4345.178852553449,4563.9785660677,913876,0.03196037701856351,0.040540581493788,Energy
2006-10-31,4839.609326302034,5269.034542235812,4411.756268179864,4841.053784572866,1440314,0.058937685430777625,0.03959862185933851,Energy
2006-11-01,4877.545405876643,4960.9699652650725,4805.621545038433,4888.878980519734,1063414,0.009830608752721279,0.043306908191623424,Energy
2006-11-02,5074.03850149586,5375.799306437194,4780.06774410797,5081.40193909598,1640401,0.038624165911922755,0.040185653758045566,Energy
2006-11-03,5212.4926800030535,5438.819676478671,4997.307703784266,5223.192965227729,1094816,0.027521698277462387,0.040195563725714534,Energy
2006-11-06,5392.700108749229,5637.361361812731,5139.33916779807,5383.586967000883,1044923,0.03024598044636403,0.038809319190031326,Energy
2006-11-07,5138.8853497928485,5518.90323060552,4745.651565667935,5124.614094634294,1226193,-0.04929965092241771,0.0379756962381108,Energy
2006-11-08,5373.057574276876,5746.013499236115,4994.768979039424,5367.327141889891,1553958,0.046274822085751136,0.04022798952192672,Energy
2006-11-09,5475.46367024488,5653.762188285625,5303.063206760712,5481.181687301416,1307901,0.020990668415418134,0.04142266030376592,Energy
2006-11-10,5593.857409171506,5829.759920631842,5384.632771030403,5619.573436984147,1006836,0.024935046049864847,0.03922703982448654,Energy
2006-11-13,5507.527012913777,5790.953264990313,5150.609154552324,5430.048222713005,1120172,-0.034307745431778815,0.03773952836138542,Energy
2006-11-14,5180.442034437333,5543.26682772724,4824.679753657067,5187.050702504931,1316845,-0.04578274446019772,0.03762938758794266,Energy
2006-11-15,5617.342690046705,6268.648170195337,4954.15051962093,5603.897037121657,2050682,0.0772969849608394,0.03933428023672297,Energy
2006-11-16,6496.965486190199,7471.510309118728,5467.736514292006,6432.631193284714,2078664,0.1379214051448806,0.04726491366752169,Energy
2006-11-17,6621.998900059354,6866.480876230637,6349.514298500962,6592.922794621258,1592267,0.024613109511801293,0.06885146876261514,Energy
2006-11-20,6882.961982107618,7483.097727001892,6348.065489608386,6943.496878467986,1410728,0.0518087507374204,0.06311331535097393,Energy
2006-11-21,7128.794369210806,7428.823564048468,6836.308484752518,7136.040384280929,1892684,0.027352533898441642,0.06073923326499117,Energy
2006-11-22,6972.81275142816,7192.626647762416,6801.36997559828,7020.023096098353,1407567,-0.01639154641907981,0.056246135268967754,Energy
2006-11-23,6993.279508243256,7081.680152740743,6873.118505501635,6961.112533721898,1058178,-0.008427199703494922,0.051683697673999114,Energy
2006-11-24,7404.604198751051,8250.820027997755,6626.5179275160335,7466.255365095762,1787766,0.07005427527251751,0.04740903224526167,Energy
2006-11-27,7496.1962374359255,7670.216888292632,7374.389435419463,7547.57522155962,1009784,0.010832765325980506,0.051324782448048015,Energy
2006-11-28,7314.512709434033,7651.9814268483715,6992.369699833994,7329.191920951891,1640284,-0.029361081856216227,0.04716978858721682,Energy
2006-11-29,7175.03857674634,7438.5255581482115,6889.299888115455,7151.938574443792,1332359,-0.02448181786374489,0.04482523991520067,Energy
2006-11-30,7195.287699724056,7338.417610524804,7083.650286435828,7226.2990453285,1067081,0.010343567248187547,0.04239511313407804,Energy
2006-12-01,7803.889175166396,8777.355075680356,6861.819864729,7831.903887314749,1852672,0.08047861686155638,0.03941985415540864,Energy
2006-12-04,7958.618721367581,8108.534946748206,7781.483251602233,7930.876905354862,1603960,0.01255797692449024,0.04811092482066135,Energy
2006-12-05,7409.042144778096,8190.732643132405,6612.296995725518,7392.211810815271,1867704,-0.07033662229471367,0.044445295446704676,Energy
2006-12-06,7503.996558450682,7685.394455647991,7327.652991338776,7508.934839170816,770125,0.015666635393403832,0.04921781684766479,Energy
2006-12-07,7599.536800477714,7809.011441986086,7419.606994152271,7628.398298776373,1314838,0.015784278353573003,0.04554921860891467,Energy
2006-12-08,6787.537821725574,7805.668494984409,5757.303337592865,6773.298044226901,2335122,-0.11888977771361899,0.04239288347326259,Energy
2006-12-11,6743.041607609391,6819.74515488077,6645.6615278308345,6722.127168867303,988120,-0.00758347659062546,0.06048092378643994,Energy
2006-12-12,6324.357158783617,6880.738160599568,5825.868776608253,6378.020047862185,2093983,-0.052546935565673594,0.05509065330188969,Energy
2006-12-13,5673.599207608197,6524.639088749425,4818.251835751527,5668.531571472386,2092223,-0.1179276097720601,0.054241691811600656,Energy
2006-12-14,5235.007847018361,5844.041560893007,4671.048719028917,5275.69885488702,1312061,-0.07181894716874217,0.06737779364486808,Energy
2006-12-15,5396.959201786198,5554.001244665761,5222.519716809646,5379.040352620177,1383616,0.019398830218763114,0.06712307976414914,Energy
2006-12-18,5369.294466951751,5431.940693934872,5275.089032872224,5337.362696014336,798641,-0.007778331320649426,0.0613257976849704,Energy
2006-12-19,5400.891369131225,5545.391658294205,5276.136155200572,5420.190650184055,901176,0.01539933631988856,0.05583688865864937,Energy
2006-12-20,5604.571854573019,5923.462698566969,5301.2388685025335,5619.330916370264,1192168,0.036081612647834126,0.05128135569509334,Energy
2006-12-21,6007.194989720831,6609.242929906855,5405.40928975231,6007.43335145839,1206630,0.06678499155299193,0.048980653009444416,Energy
2006-12-22,6020.00825892629,6092.355254183622,5969.17795321836,6041.344792160222,1007753,0.0056290405285917625,0.05184899960361104,Energy
2006-12-25,6281.522591241069,6638.488218156334,5918.040503828497,6274.613501823036,1584978,0.03788525491287918,0.04749113519918308,Energy
2006-12-26,6830.00267626449,7767.321484763039,5922.150847161875,6856.012411649934,1504057,0.08861410184191834,0.04603933338980642,Energy
2006-12-27,6851.898055448243,6955.239704009627,6685.052810766868,6787.422019310426,817059,-0.010054795301496812,0.054530404656206954,Energy
2006-12-28,6388.087550803342,6954.333481186929,5860.558197810565,6423.850793545169,2204123,-0.0550534463611557,0.04994013277774692,Energy
2006-12-29,6488.636147401792,6604.565291867713,6380.087389107346,6495.895098178307,1080058,0.011152704084346116,0.05049599769212696,Energy
2007-01-01,6690.501232026342,6923.149046566296,6417.062999226348,6648.241315924083,854589,0.023181901870700603,0.046460026340904945,Energy
2007-01-02,6720.266828265422,6806.653139100997,6619.2638016577785,6705.459773799618,1263064,0.008569730244661719,0.043674218072330545,Energy
2007-01-03,6691.659335232245,6709.650306964503,6679.08211310551,6697.062928583473,1368837,-0.0012530247478394563,0.04045943525129247,Energy
2007-01-04,6954.133075741161,7412.983146883531,6522.64550032398,6979.896981788449,1663899,0.04136509619220882,0.037547413111100304,Energy
2007-01-05,6940.483635242542,6995.081329611321,6894.787693743096,6949.3271625861935,1299228,-0.004389313857746185,0.038529303945401154,Energy
2007-01-08,7142.140615687698,7342.858287646177,6881.761310745343,7080.753811341286,1162896,0.01873552881495151,0.03592347034231179,Energy
2007-01-09,6833.418033066958,7194.738831774255,6479.446505032663,6840.405359734012,1537490,-0.034533379568996936,0.0344245491349465,Energy
2007-01-10,7343.404071922929,8030.7488945598325,6599.357480404354,7280.846936402302,1692522,0.06240019986234313,0.035027457974907895,Energy
2007-01-11,7245.775129492914,7297.5791468285515,7195.353733884462,7247.148196417561,985540,-0.0046391535947818046,0.040811836410240186,Energy
2007-01-12,7461.207790598512,7718.453250055467,7159.9792532166475,7415.65412602017,1115296,0.022985149024719327,0.0378908043574211,Energy
2007-01-15,7294.702942299997,7463.605233037302,7149.364760687426,7317.806736123449,1216750,-0.013282531426084014,0.03643923716593382,Energy
2007-01-16,7453.753660690623,7820.997372733492,7152.792151639314,7517.463442722943,1343907,0.026918116048339512,0.03447779358298432,Energy
2007-01-17,7567.796052132841,7658.812383448198,7482.92818970928,7573.876334649557,761508,0.0074762288200269,0.034053815439969146,Energy
2007-01-18,7356.978456025638,7644.664845242235,7142.447482648293,7428.061088001363,959577,-0.019440134257983355,0.03218872436771912,Energy
2007-01-19,7496.753242841303,7546.7235154408845,7411.409894512006,7461.142802568539,1021558,0.004443725701949494,0.03139393260061661,Energy
2007-01-22,7537.279686277706,7574.701930095976,7448.712825143714,7485.879871266046,950936,0.003309969058324023,0.02985674476601178,Energy
2007-01-23,7519.655266741786,7557.476484685291,7473.245094141346,7511.022894291316,354907,0.0033530985665243913,0.028544413651243158,Energy
2007-01-24,7608.071894257824,7873.3485908173925,7391.193711796762,7655.128983597247,1600839,0.01900421775498297,0.0274501972862518,Energy
2007-01-25,7437.45922289149,7730.214558168732,7209.393245793453,7500.223932557244,855429,-0.020443000785006465,0.027513355097391123,Energy
2007-01-26,7777.320291839991,8289.177484937532,7302.230280145555,7811.97079217656,1091050,0.04072439639592431,0.02771777785350905,Energy
2007-01-29,8088.759698240034,8430.688494218697,7695.587452771514,8035.254470842939,1678706,0.028181394819040202,0.031038550813158743,Energy
2007-01-30,8274.467194588753,8555.602753576766,7940.074313314507,8219.336745081768,1186205,0.022650848880587528,0.03146175394597103,Energy
2007-01-31,8399.765017087013,8659.04402812567,8131.244164769587,8390.228818018655,1114776,0.020578274948662406,0.0311260776895699,Energy
2007-02-01,8233.903668934514,8457.063263844782,8030.500461081741,8253.1837769421,1435997,-0.016468754556860386,0.030636350628773085,Energy
2007-02-02,8169.452332869203,8269.121912494253,8121.752515760524,8221.120415664673,1154107,-0.0038925348697498394,0.029858864100588564,Energy
2007-02-05,8003.058923779275,8315.908569516934,7712.3548518764965,8024.428274747434,743199,-0.02421607993238825,0.02855720901031412,Energy
2007-02-06,8308.342471239252,8715.257238110546,7884.705422477697,8290.75901037077,1356542,0.032651098842711355,0.028989207099553195,Energy
2007-02-07,8541.779615300284,8893.581739301884,8170.586256856919,8521.555426498038,1223150,0.027457363675632097,0.030532170590282383,Energy
2007-02-08,8231.172969758069,8819.202899723963,7544.75796407931,8125.2185774852605,1367895,-0.047626256276099004,0.030965412572185626,Energy
2007-02-09,8201.124737034452,8242.756489362579,8111.376526477949,8152.762776729461,1373435,0.0033842311197574905,0.03474657484765997,Energy
2007-02-12,8460.565638252085,8819.83320242352,8030.721046607791,8386.858737453402,1422472,0.028309184005941495,0.03267380485887769,Energy
2007-02-13,8300.497218585642,8531.178304961415,8004.099376199293,8232.901905192684,1314903,-0.018527491410133313,0.03277611178933758,Energy
2007-02-14,8408.802874400946,8655.636279915227,8149.156102523087,8395.602007585709,1545087,0.01956944479899114,0.03179479507583918,Energy
2007-02-15,7947.135354041292,8578.9520188045,7372.620490767124,8000.573967555196,1218304,-0.04819471316223107,0.031083302118545906,Energy
2007-02-16,7778.152859627676,8093.988081896752,7491.84956953634,7806.636352928911,1296237,-0.024539098614478408,0.034947773791655166,Energy
2007-02-19,7593.159261755748,7871.080030839111,7398.529124743347,7674.368318901946,584095,-0.01708820007614739,0.03416727408670209,Energy
2007-02-20,7527.534014093686,7772.741947746613,7264.883630620316,7509.504248210893,1371852,-0.021716534985103026,0.032828692969550675,Energy
2007-02-21,7536.246409036944,7570.5981456912705,7498.02483320012,7532.358849571465,1206163,0.003038801616423972,0.03213906733922286,Energy
2007-02-22,7370.355104812027,7602.457072475142,7156.394579036936,7387.98475992406,1177770,-0.019353253471274194,0.030458510581406938,Energy
2007-02-23,7499.192626884695,7563.937751034062,7366.477516981443,7430.630704048135,1546536,0.005755741750763455,0.02997263679522792,Energy
2007-02-26,7664.838214417587,8091.890055352951,7266.779379798116,7692.399858998855,1462543,0.034622068853823136,0.02869941549286575,Energy
2007-02-27,7862.901122968325,8007.086287366067,7644.222465284657,7787.016095567965,1707538,0.012224933447406909,0.030638673395947558,Energy
2007-02-28,7745.383941339382,7833.805104593704,7639.754311318669,7727.976754441603,1482010,-0.0076106546319710386,0.029553341530863562,Energy
2007-03-01,7853.7805606890415,7973.4679422287945,7687.917608177913,7806.890409087119,1297105,0.0101596405803027,0.0284149310416366,Energy
2007-03-02,7979.581013668865,8224.995947810246,7723.534284822506,7968.611858585214,623247,0.020503577294847183,0.027593647627468732,Energy
2007-03-05,7773.1014706825,8085.845818596165,7445.587401741417,7757.712590719984,1549657,-0.02682278531019059,0.027788253161974658,Energy
2007-03-06,7471.275200408364,7885.313697562663,7075.1766357111765,7488.311911319229,1043557,-0.03534412837365322,0.02873445462862802,Energy
2007-03-07,7583.569496120755,7681.789160231924,7455.422171439656,7553.249137168683,814333,0.008634426849732028,0.030788248047229606,Energy
2007-03-08,7741.388464051804,8054.089478258568,7439.743075799883,7752.029460571442,1148381,0.025976854983457028,0.02948755624509593,Energy
2007-03-09,7819.800232834563,7982.326669074791,7681.72129300135,7843.823535268259,1135863,0.011771736337835736,0.02994715892820036,Energy
2007-03-12,7773.008465131575,7878.388485469246,7668.381849431931,7773.751863444515,778644,-0.008973498156600188,0.028952580692536558,Energy
2007-03-13,7670.420565628683,7810.09093309482,7560.774212161707,7700.021443980595,1227220,-0.009529799357487111,0.02797642031034794,Energy
2007-03-14,7832.459482414939,7992.931196006643,7645.98732160201,7805.915194868955,1102846,0.013658690815401995,0.02719865136498671,Energy
2007-03-15,7525.968414128023,7927.542390992188,7149.55305515037,7549.928648026229,1433494,-0.03334369197998338,0.026829038075896174,Energy
2007-03-16,7315.980381769173,7709.209714068333,6892.66216801561,7284.182377643828,1087342,-0.0358329129548657,0.02902771256042595,Energy
2007-03-19,7216.93619859365,7352.327595328032,7058.693241057659,7193.6477409254585,1093240,-0.012506821270478082,0.03109157642862799,Energy
2007-03-20,6991.205267362094,7286.009037668504,6706.7266485497785,7001.126706314244,992628,-0.02712728425053133,0.0299468193068567,Energy
2007-03-21,7254.704206288311,7566.520780531903,6894.975437906797,7204.64019621553,1507410,0.028654195988060897,0.030460351637815818,Energy
2007-03-22,7268.6027388441335,7295.939023534746,7195.5629295218105,7222.726680227021,582371,0.00250724801568123,0.03107130283199985,Energy
2007-03-23,7068.029082521643,7291.627506402551,6857.487892729148,7080.70862078553,1519538,-0.019858547772828465,0.029551372753801035,Energy
2007-03-26,6893.93494433217,7174.008959103196,6611.53234028967,6891.507747401273,1358025,-0.02708409803037944,0.029287901824031914,Energy
2007-03-27,7007.432759977944,7306.470958297329,6759.014771534054,7056.319889729841,730623,0.023633761174534387,0.029937555169405303,Energy
2007-03-28,6658.826431980728,7229.808681802346,6109.0655889654645,6678.42939427767,1771809,-0.05504081423666448,0.030013146581209845,Energy
2007-03-29,7074.144926186871,7660.631936724817,6472.7970442402075,7057.940625737995,1526697,0.0552704735962179,0.03570791031325415,Energy
2007-03-30,6978.508446698545,7079.85577693973,6912.677942558472,7013.693362228059,651589,-0.00628888008021422,0.03972741716855067,Energy
2007-04-02,7304.457885433505,7774.593932206143,6844.723745503543,7314.243873494119,1753459,0.04195922975080381,0.03699387303063496,Energy
2007-04-03,7439.986685194839,7586.485432285302,7264.966177403866,7410.892029571776,778153,0.013127151368159234,0.03819586178681538,Energy
2007-04-04,7542.527981628284,7930.311359125354,7232.235096844672,7616.956549342255,1727802,0.027426073021265335,0.035958134011185666,Energy
2007-04-05,7574.6292652509455,7704.578372432583,7401.146779052602,7530.335998150976,1390599,-0.011437224857792536,0.03531597858559603,Energy
2007-04-06,7496.793672823018,7584.927367253944,7383.711088982322,7471.547990497652,1453123,-0.007837456765054342,0.033427476596862314,Energy
2007-04-09,7655.487481793261,7869.819218466401,7399.189254740231,7612.312207311373,1474457,0.01866475842179672,0.03167224040999684,Energy
2007-04-10,6996.473289179788,7897.572567179721,6086.228795576349,6985.976106139606,1683296,-0.08586223761176977,0.030899201140361446,Energy
2007-04-11,7275.966876666028,7820.828939163507,6773.188547666747,7315.330532742116,1148295,0.04606749293226241,0.044380818852799604,Energy
2007-04-12,7116.103499770243,7423.755794598856,6800.2161713198675,7107.496351123276,1287725,-0.02882216790303348,0.04465487376978707,Energy
2007-04-13,6563.121102214858,7322.215441705388,5876.262670492644,6628.513426205935,1558473,-0.06976949137714566,0.04265974455515518,Energy
2007-04-16,6540.9321030809215,6689.057872727084,6381.332387626047,6529.192297966429,1225413,-0.015097315113686553,0.047812658715686525,Energy
2007-04-17,6073.19284514825,6720.879088146155,5458.538176614953,6103.188613038001,1463141,-0.06747188661225449,0.04430608993486634,Energy
2007-04-18,5989.484899755771,6187.540564869763,5772.7018580484555,5970.117083147253,1621450,-0.0220448189261448,0.04851074114776757,Energy
2007-04-19,5737.54073831408,6076.543331530907,5405.673744960985,5744.286173242905,1101428,-0.03856088737775273,0.04533795001527467,Energy
2007-04-20,5537.114143868398,5837.120552176724,5249.076551354923,5548.491134927552,910715,-0.034679628536878095,0.044356116540720684,Energy
2007-04-23,5613.597084801587,5726.273617869256,5506.766563570515,5619.333920797734,974986,0.012687114235577165,0.04306243786616793,Energy
2007-04-24,5531.728290310996,5645.097468531492,5454.201781000384,5567.075571312106,728373,-0.00934325346943298,0.04009542709743902,Energy
2007-04-25,5131.349872598966,5761.810983653341,4499.050123612589,5129.253687819031,1620704,-0.08190971533903674,0.037406003222877855,Energy
2007-04-26,5534.104485213147,6258.5399427047,4849.9151930585185,5569.9224269312335,1991029,0.08242095825774504,0.0471778282853955,Energy
2007-04-27,5909.330927070772,6372.244436953785,5408.8179118295375,5868.53568446694,1664750,0.052224018319050325,0.05384774962242854,Energy
2007-04-30,5781.501005575364,5928.937988768023,5622.474309424603,5769.608003143124,934785,-0.017001004070336192,0.05318614786697828,Energy
2007-05-01,5498.496820278851,5927.881854901973,5049.221658252366,5476.921876401738,2174931,-0.05206089938854062,0.04905474677187113,Energy
2007-05-02,5553.403987327057,5802.642858272029,5358.914187396886,5606.300530048514,807804,0.023347818187907758,0.04931171393749646,Energy
2007-05-03,5312.653419032205,5722.507699827928,4950.177938518011,5357.006093616465,1922237,-0.0454858055443822,0.046120323039665775,Energy
2007-05-04,5035.033969062903,5502.36225583005,4569.8952800104025,5037.038396843103,1404893,-0.06158696471039839,0.04595662230549264,Energy
2007-05-07,5192.342189877443,5396.404945321479,4967.54089993548,5170.755274179316,1289011,0.026200476006359233,0.04856492603020972,Energy
2007-05-08,5240.653276090669,5347.712508276825,5134.204047852653,5241.251136181562,1135107,0.013541470580098212,0.045714454756671484,Energy
2007-05-09,5009.949383925483,5435.22484651328,4532.449956406356,4952.881111367176,1895068,-0.05659078631975829,0.042418802585416776,Energy
2007-05-10,4675.352593986277,5133.178700703708,4185.522149027333,4639.874081576704,1895407,-0.06528222168117907,0.04494286834045787,Energy
2007-05-11,4760.838655618187,4980.154089887415,4556.105718710092,4774.819909505821,1246026,0.028669029656009915,0.04852993305042544,Energy
2007-05-14,5017.624886641099,5456.643407183529,4606.180481431045,5043.109285509707,1905586,0.05466655565869834,0.04590654104499267,Energy
2007-05-15,5251.142689981487,5538.136305381749,4944.395469543352,5230.247064741998,1182899,0.036435703280076455,0.04726725351350882,Energy
2007-05-16,4973.331533144968,5406.222057821325,4505.7955900304905,4935.382983284738,1728663,-0.05802824147037597,0.04567809841483461,Energy
2007-05-17,4908.862295965829,4969.701714180429,4834.107458837928,4894.772247927987,1306397,-0.008262527994806276,0.04768943762572476,Energy
2007-05-18,5263.131296941533,5903.131218722776,4651.830112944937,5288.84360625945,1581024,0.07743187461449418,0.0439279680178364,Energy
2007-05-21,5182.048382660688,5387.499173884092,4946.669663372976,5150.884928438696,1834759,-0.026431091343576178,0.05042903310879615,Energy
2007-05-22,5029.633108401509,5276.231443555384,4740.822598523864,4985.244605780579,1438436,-0.0326860601080368,0.04732082303460409,Energy
2007-05-23,5124.677371753562,5375.131009554575,4890.014511857404,5139.776738226603,953064,0.03052717180982413,0.04529530895077086,Energy
2007-05-24,4914.414025694452,5274.125125404622,4536.703665419276,4894.993259947436,1613666,-0.04879674332544525,0.043371860038077734,Energy
2007-05-25,5233.820964063656,5722.538464119635,4722.960107660215,5209.396973407783,1313655,0.06225120594324241,0.044295179403694616,Energy
2007-05-28,5070.725897102309,5296.6651417809335,4831.6029344216995,5056.927349284043,1579390,-0.02970504937077321,0.04744399046172856,Energy
2007-05-29,4986.205029709438,5083.056458576791,4907.257537282813,5003.82990823821,1299690,-0.010555454760514916,0.04508995762322342,Energy
2007-05-30,4801.260025448194,5071.556549951557,4594.646858843234,4862.315956546673,1572243,-0.028688742192652782,0.041751599568776505,Energy
2007-05-31,4988.211364578546,5095.865883515502,4826.321757770603,4932.779968073336,1600827,0.01438785850193575,0.04022453781624646,Energy
2007-06-01,4845.831013294446,5003.184268137655,4670.396646935081,4827.143069050307,1681938,-0.021647921606774055,0.03775529532218324,Energy
2007-06-04,4705.2283829695925,4883.328462595403,4532.604474103158,4710.510755732321,863530,-0.024458452713473664,0.03620310396051936,Energy
2007-06-05,4704.794911118739,4713.908740300849,4702.759064194563,4711.869831934876,864101,0.00028847830955959497,0.03518897803960101,Energy
2007-06-06,5132.699288302096,5765.7955580227,4484.705139220141,5115.705270278852,1516402,0.08223045148498379,0.03302459421911919,Energy
2007-06-07,4905.481534453242,5193.167739704375,4667.542529775469,4952.927387256208,1252001,-0.03233647950856979,0.04457326700370554,Energy
2007-06-08,4821.483276086975,5003.964904660647,4665.816459488777,4847.459420081744,991162,-0.021524056351462945,0.04296822187568533,Energy
2007-06-11,4579.575666200773,4989.44113041815,4157.979327658351,4566.691694893443,1974670,-0.05966571200651611,0.040577176136341,Energy
2007-06-12,4488.128927129493,4597.895732653133,4393.488061115982,4502.942493974374,1037651,-0.014057954149732214,0.04417245020311179,Energy
2007-06-13,4589.456110801769,4817.983440494545,4400.98021782311,4627.92763170842,1317188,0.027378101519126338,0.041117006174921214,Energy
2007-06-14,4258.586608427027,4784.49170391041,3748.648939606782,4272.846506333624,1512882,-0.07982893789395831,0.03955907764154197,Energy
2007-06-15,4269.954096479114,4314.476796886919,4245.0703092320255,4289.4792240790985,586517,0.0038850983226582842,0.04803993544824196,Energy
2007-06-18,4268.438220822804,4290.282658340093,4266.037941919747,4287.871451511825,1034591,-0.0003748879221363271,0.044142184094622144,Energy
2007-06-19,4276.924684865517,4402.428806896193,4208.944828232482,4333.548932488936,792652,0.010596376546539105,0.040728945658560015,Energy
2007-06-20,4501.419263879966,4761.548197501847,4242.740986605072,4502.7910871187005,1418471,0.038310624880848236,0.03799894855063432,Energy
2007-06-21,4507.554400995748,4575.956876328928,4463.835311421896,4532.000680557167,1290204,0.0064660472449234955,0.03840952576610603,Energy
2007-06-22,4871.995828518958,5382.819775266872,4350.539940378304,4860.118568113104,2064702,0.06989934101307858,0.03586787979108562,Energy
2007-06-25,4914.065387488892,5028.116475618091,4813.257654519749,4927.042528015292,1589048,0.013676080803455528,0.04315195849177198,Energy
2007-06-26,4835.312858410959,4966.693626574641,4714.594500497242,4845.7155550714415,969224,-0.016643991326397746,0.040220995702019695,Energy
2007-06-27,4810.405008391787,4876.0527650838785,4736.298350048032,4801.8290706331,1284026,-0.009098022110760284,0.03789110929097339,Energy
2007-06-28,4938.630683364848,5268.2596227819695,4659.3686271637,4986.301926774989,1723755,0.03769763646453754,0.03551063265543961,Energy
2007-06-29,5157.44333027837,5412.693873377405,4898.507794950605,5153.5664654920865,1867162,0.03299445439054504,0.036358916300180406,Energy
2007-07-02,4866.428473080528,5367.8761463506025,4315.648763279498,4811.429187122681,2146673,-0.06869482428354691,0.036343799178103035,Energy
2007-07-03,4775.566901925419,4846.366770619748,4693.479056556618,4764.109057697307,846248,-0.009883625008761925,0.04318036849612025,Energy
2007-07-04,4978.856566771353,5247.918680415177,4671.974777467202,4938.876320841609,1724263,0.036027296634001185,0.04007852648570879,Energy
2007-07-05,4943.417519550555,4997.364229891204,4849.568811781425,4903.075273763656,775796,-0.007275224764689185,0.039745761329048356,Energy
2007-07-06,4853.885022702245,4926.032863555613,4784.3836932905815,4856.494174479209,723414,-0.00954580081544262,0.03703673540158545,Energy
2007-07-09,5029.051847714995,5233.335003025658,4787.117944273184,4989.806947797845,1406849,0.0270804068701314,0.03480005980378278,Energy
2007-07-10,5093.52549533538,5208.5905320897355,4951.091204129496,5065.5236669595215,1034788,0.015060300487973249,0.03433420445146888,Energy
2007-07-11,4878.1165024219645,5152.246707445881,4608.062627770208,4881.979003660523,1135694,-0.03690685049139718,0.0328190794183874,Energy
2007-07-12,4746.709055171135,4950.329774979646,4540.821733793615,4744.34086476895,1443367,-0.028598160317224782,0.034146609217834314,Energy
2007-07-13,4703.983608129595,4760.794770487644,4654.346262972567,4711.0825162783385,1233306,-0.007034795652950069,0.03399221900508767,Energy
2007-07-16,4751.184101046001,4849.933360211776,4667.946364803336,4766.428550863525,1194818,0.011679577760322914,0.03212164402383055,Energy
2007-07-17,5069.042942333168,5496.606079817172,4616.839755878361,5042.133105042977,1646575,0.05623193468643286,0.030755518079425455,Energy
2007-07-18,5295.6934258964,5787.918611956612,4846.5701236197,5335.425652944952,1190989,0.056539438893302534,0.036483230197639854,Energy
2007-07-19,5246.589126183431,5388.661655191158,5098.077774570163,5239.971093696997,490966,-0.018052684717734805,0.04055030321808467,Energy
2007-07-20,5454.5928254137225,5847.743622981916,5088.37919456734,5479.835251431812,1572448,0.044759055052974915,0.0382667817655284,Energy
2007-07-23,5422.305557741656,5506.047786858937,5342.953965439649,5426.632867451475,407511,-0.009756193370390638,0.039648243602179244,Energy
2007-07-24,5477.360026568925,5481.797166903418,5425.165935237739,5429.564356902533,1102085,0.0005400582656572015,0.03703868346677924,Energy
2007-07-25,5508.460064016744,5594.150979649399,5400.822307753154,5486.166418124983,1118283,0.010370825316791005,0.03460541876356012,Energy
2007-07-26,5408.92646132322,5522.499276305721,5298.479217190861,5411.98948690914,1335487,-0.01361295935796965,0.032774397155459566,Energy
2007-07-27,5462.818967167152,5463.996006187353,5411.600679528756,5412.7669341542605,1279314,0.00014364244629923973,0.03141855799516102,Energy
2007-07-30,5465.1151600778885,5651.385174526907,5322.558699273834,5507.717441537514,1294541,0.017389869701241973,0.029827901772821606,Energy
2007-07-31,5671.905072772772,5999.733820458862,5376.246861534454,5702.481745392371,1459095,0.03475119411025705,0.029276682096323715,Energy
2007-08-01,5634.16812974183,5719.540814883596,5582.986262652752,5668.0511479394145,1215132,-0.006056128241173961,0.031094149216028984,Energy
2007-08-02,5768.3831553981,5943.324798898166,5602.851118934452,5777.530272768807,1662390,0.019130957150877703,0.029647569812144343,Energy
2007-08-03,5393.719834097424,5932.68962141315,4901.30800320402,5436.38292545906,1324514,-0.060862366608974774,0.029293032359915996,Energy
2007-08-06,5683.807823876247,6028.093071121621,5317.539919969281,5660.4077550256,1325014,0.04038199483089696,0.03663467682753672,Energy
2007-08-07,5363.852452172268,5793.4985633012175,4942.737191143936,5371.7623011982,2102834,-0.05233990119145156,0.03766013094752637,Energy
2007-08-08,5186.606532079267,5514.701785590162,4824.158658795024,5149.934079985467,1929998,-0.042172115361829104,0.040565356634664304,Energy
2007-08-09,5209.635680107584,5442.151807331893,5035.411933690806,5266.041697218134,1041704,0.022295064647486814,0.04102696216187248,Energy
2007-08-10,5761.980442053529,6488.338856958445,5005.6894810165595,5727.730304838322,1453188,0.0840403656589581,0.03900166388156684,Energy
2007-08-13,5116.974397319695,5884.520556917649,4344.782610899744,5111.508953999699,2281909,-0.11382468994772753,0.04874752596222992,Energy
2007-08-14,5084.740551770178,5234.9881472107845,5011.604535496539,5160.758728713488,1472174,0.009588954182815168,0.06280498416690407,Energy
2007-08-15,4683.621286259638,5363.99937202626,4007.025449283197,4686.926118981214,1712405,-0.09630665328149296,0.057178361600452275,Energy
2007-08-16,4564.798506347015,4845.384612291931,4222.220075326172,4498.746115273919,1160964,-0.04097823895253819,0.06408383375073556,Energy
2007-08-17,4338.095871448222,4572.338225532145,4109.462216379014,4343.423770527563,1996251,-0.035135792575723114,0.060309805245094515,Energy
2007-08-20,4295.984360555583,4426.605889077106,4126.853550065808,4256.2674667955625,1117556,-0.020270329616164366,0.056524301631684225,Energy
2007-08-21,4356.123664509625,4546.196767128842,4181.8491985751625,4371.314562339768,1255034,0.026671184345892752,0.05213089563178335,Energy
2007-08-22,4270.520731009325,4416.583618762711,4131.9225857162,4277.750823534053,1940712,-0.02163641610678037,0.048793514268388176,Energy
2007-08-23,4273.738098951775,4299.575641999239,4260.6768007733335,4286.475416330059,1250696,0.002037451036388187,0.045550694868677716,Energy
2007-08-24,4523.098623107331,4878.756276808121,4161.978801380863,4517.170302860567,1651211,0.05242094462762423,0.04195849524737937,Energy
2007-08-27,4337.599622635906,4680.1163895198,3947.118843587709,4285.523435839319,1332953,-0.052643058631853965,0.04382471419287698,Energy
2007-08-28,4363.0272468338735,4441.426923838668,4259.235120233572,4337.170168793022,1483618,0.011979400627043389,0.04530097352803143,Energy
2007-08-29,4240.231196715826,4435.3790219786,4012.5402489399407,4206.118089358765,1454197,-0.030681947313615184,0.041991290382380544,Energy
2007-08-30,4102.916869949041,4250.066515384728,3968.510073500415,4115.255519105071,1433514,-0.021839226532236272,0.0406426138188139,Energy
2007-08-31,4096.802334773875,4119.4139201677835,4084.3325240721715,4106.913333697011,924748,-0.002029194101923442,0.03863936359140953,Energy
2007-09-03,3973.7705348158793,4222.395422064006,3692.6755898942683,3939.133349950125,1336365,-0.04171099548398171,0.03598635823898839,Energy
2007-09-04,3901.1007846090833,3952.7881711228233,3859.9555875002725,3911.532945247914,1118243,-0.007031382402139728,0.03737626860835037,Energy
2007-09-05,4021.061004447322,4202.504893555261,3845.721821241529,4026.9106359764996,1829902,0.02907013563698179,0.03500006306908052,Energy
2007-09-06,3955.5891898312548,4059.8577111789264,3855.1301841286804,3959.304352516164,1877106,-0.016931149129578844,0.03473851536500328,Energy
2007-09-07,4061.0676532492635,4194.585824478282,3913.986913954495,4047.0440217917985,788363,0.021918402191960583,0.0332928090049317,Energy
2007-09-10,4084.2221396231316,4201.340770021739,3991.9140217854456,4108.484299466389,762486,0.015067433435636459,0.0325390743314614,Energy
2007-09-11,4026.007095758394,4165.985189098644,3874.7762673980396,4014.349027584061,1046213,-0.023178977749894275,0.03132231184362509,Energy
2007-09-12,4019.2053246511277,4106.526757539219,3964.234442082318,4051.1193846930655,1423799,0.00911803505561247,0.031071844599459355,Energy
2007-09-13,4119.173489927965,4203.277571378936,4022.7912750755327,4106.639439954289,1682687,0.013611805322373213,0.029746233474873214,Energy
2007-09-14,4228.228413050381,4387.8210108774265,4052.3329331863392,4211.28604903109,1240924,0.02516303634156642,0.02890783477490942,Energy
2007-09-17,4209.938692370949,4240.356962877005,4160.767700348906,4191.049489800146,1149684,-0.00481689841250788,0.02938549112721819,Energy
2007-09-18,4337.859276833807,4639.901281719176,4068.2251127369,4368.370585120767,937538,0.04143889829665968,0.02818308087448422,Energy
2007-09-19,4363.470605943609,4396.828969801194,4312.93729021731,4346.163341501538,1075733,-0.005096610301006128,0.03151200060085539,Energy
2007-09-20,4384.5044685745725,4435.862486871415,4261.843333196785,4312.356241171675,1089660,-0.007809019037376669,0.029971674310566913,Energy
2007-09-21,4188.756096655308,4400.161441969048,3959.2321640015803,4169.674464702794,1566860,-0.03364647967647571,0.028771307330948206,Energy
2007-09-24,4026.576404249158,4232.288715808287,3833.0015544165853,4038.157130638611,1293577,-0.03204953462504725,0.030529384854897146,Energy
2007-09-25,4056.8169886578403,4097.997201915288,4020.916931641037,4062.050828989523,1072782,0.00589954425142889,0.03161820001434386,Energy
2007-09-26,4076.0149154515243,4181.751208845504,4004.6183618780346,4109.763506047467,1291579,0.011677509373650967,0.030083037597188028,Energy
2007-09-27,4131.010520456246,4143.7282991981,4105.52871761636,4118.207079530777,1231730,0.0020524080292827615,0.029059352274867015,Energy
2007-09-28,3959.727688185156,4203.543646271552,3709.204461534118,3952.5803286737932,963700,-0.0410492803690992,0.02786016188961677,Energy
2007-10-01,4025.5543346447794,4169.278581092309,3895.4015448214122,4038.7007461710323,1275389,0.021554429361979533,0.03120428511015211,Energy
2007-10-02,4086.5936270838793,4203.363709319975,3987.90476647825,4104.24849394228,1015532,0.016099612474567104,0.030800242550288685,Energy
2007-10-03,3932.2431141611096,4178.76969254401,3700.2056038921737,3945.924838199471,1332361,-0.03933929541526462,0.029963370658188247,Energy
2007-10-04,4165.552199706563,4493.103250116446,3831.3161965488594,4158.296725166457,1578051,0.05242218953715288,0.03240956478457247,Energy
2007-10-05,3918.4584164877283,4288.757388212711,3535.4318127407773,3904.4024819687606,1231281,-0.06300079136000225,0.03677657957179674,Energy
2007-10-08,3751.271706905221,4030.0692439788727,3439.513396046831,3715.664582967309,1366304,-0.049547204051797564,0.042158965841188965,Energy
2007-10-09,4058.652649331361,4627.013374163808,3503.5949812090857,4070.355266670965,1988417,0.09117273080163973,0.04347575801571952,Energy
2007-10-10,4097.663505282519,4130.414614304226,4059.3950595481265,4092.1017152388467,1375632,0.0053284201235633604,0.05346946095022242,Energy
2007-10-11,4055.023586076406,4098.250874188266,4051.3692777121973,4094.560935533935,1575806,0.000600787029822542,0.04890240702253691,Energy
2007-10-12,4316.455798470813,4623.124736707721,3988.1491183422936,4293.163199709489,1390360,0.047364311919291455,0.04486881402306701,Energy
2007-10-15,4251.987730315008,4321.404647953861,4177.360031274249,4246.690467081805,988533,-0.010883837872490797,0.04524461386737045,Energy
2007-10-16,4065.8192743714962,4362.430885738182,3749.995055737815,4045.094762505571,1062393,-0.04863498864568313,0.041897837130705926,Energy
2007-10-17,3957.9250134468953,4079.946801242095,3851.8723490763864,3973.4774101518274,802410,-0.01786334405194623,0.04311783068603738,Energy
2007-10-18,4051.819233244393,4157.603879156716,3937.681602750678,4043.2423232267947,1433378,0.01740529209601791,0.040437392566330985,Energy
2007-10-19,4196.354851763645,4313.061623412124,4004.3544244089767,4118.907265299087,1971906,0.018540975961463372,0.03812594658487844,Energy
2007-10-22,3998.0668008694474,4157.424695764978,3881.4178623202506,4039.56499206459,1427330,-0.019450890369287092,0.03625514323285646,Energy
2007-10-23,3938.490057891825,4087.6735474765483,3790.465200990467,3939.6067216993315,685317,-0.025056109443897162,0.034760594055505634,Energy
2007-10-24,3864.9412997854674,4026.23000873827,3671.6204879087954,3831.514245148681,1457270,-0.02782081217494917,0.034070667917477135,Energy
2007-10-25,3632.367559304668,3920.347452495573,3351.6463837257575,3639.1055435831536,934509,-0.05152216765799031,0.03383412431828958,Energy
2007-10-26,3449.9531181979664,3742.3987630271054,3147.625056301407,3439.155400103984,2341522,-0.0565120036533316,0.03760290465821875,Energy
2007-10-29,3355.4796409447613,3502.5718161401123,3193.684884881239,3340.1030035220215,1629359,-0.029224272123023264,0.04135485140252829,Energy
2007-10-30,3525.1153484077104,3816.315886123985,3236.4856649633202,3527.491636748082,2314667,0.054585387978819594,0.03995356929972883,Energy
2007-10-31,3450.5016630384716,3584.823714008709,3303.3219931756125,3437.1232455335053,1514950,-0.02595217818307133,0.04270790145804786,Energy
2007-11-01,3430.3282937818362,3502.7231366841,3391.2840133487844,3463.30352939128,1240617,0.007588055153754527,0.040745542215402455,Energy
2007-11-02,3423.1856795775752,3469.3724505444347,3405.062144385256,3451.1011212977514,1105657,-0.0035295651261226897,0.03790509405731871,Energy
2007-11-05,3549.5003526224873,3678.5853650692,3407.208094413603,3535.794671052368,527955,0.02424472923376208,0.03537379819714408,Energy
2007-11-06,3490.2460154166633,3550.4785039456137,3446.01841006995,3506.050626158657,1173178,-0.008447848690580802,0.03448500418234837,Energy
2007-11-07,3427.6338744403247,3566.661873722016,3274.100412141792,3412.515183332784,1431955,-0.02704061642802937,0.032589527963597605,Energy
2007-11-08,3317.3441495473294,3480.3797472572433,3140.2114320647993,3302.5183970774524,1664348,-0.0327642817788764,0.03254752074787356,Energy
2007-11-09,3407.311332479397,3552.2261099634416,3252.9997442646213,3397.497117943473,1474659,0.028353690704785005,0.0332941077300391,Energy
2007-11-12,3296.673601274348,3471.132032999051,3106.162709421603,3279.724185982365,1158455,-0.035279689534579106,0.03327743761347847,Energy
2007-11-13,3198.188378512769,3366.1895131327406,3000.5006658849484,3166.8559026158196,1853605,-0.035020062347108305,0.03424337537894891,Energy
2007-11-14,3170.2493789732416,3202.519637649293,3113.420475159697,3145.4381783530835,895406,-0.006786061035678581,0.034957799142597445,Energy
2007-11-15,3160.0412738594828,3236.7049389398367,3105.5311280677747,3181.8191290480486,1633384,0.011499880553803164,0.032932442520595746,Energy
2007-11-16,3134.482508394954,3201.503563123967,3074.80393157311,3141.6878020399163,1302453,-0.012692914308716923,0.03142409432602052,Energy
2007-11-19,3157.344194477356,3159.5336341418215,3140.9609361453877,3143.140526369177,877857,0.0004622956361647771,0.03023483875293157,Energy
2007-11-20,3087.5882678310904,3167.0387764292423,3014.8997734437667,3094.194751159975,1390634,-0.015694772765883262,0.02883311355231864,Energy
2007-11-21,3229.066740745459,3442.6959388305213,3018.3346166745387,3231.7863315448594,1369257,0.043507333230750754,0.028320092399613164,Energy
2007-11-22,3463.5517932745524,3828.7507893281245,3100.632014165048,3465.6148390295143,1511481,0.06985503143800027,0.0320242925534014,Energy
2007-11-23,3469.898101831839,3473.344319314313,3459.8812709987114,3463.320956221874,1039890,-0.0006621169424072081,0.04064976092693871,Energy
2007-11-26,3447.3097039758222,3488.3951866058846,3394.9627999216946,3435.912448588917,902365,-0.007945419502571995,0.03770925895003284,Energy
2007-11-27,3387.45977733836,3503.348791653145,3243.538875390422,3358.4349147514313,1020972,-0.02280745690129749,0.03531373701704881,Energy
2007-11-28,3186.9916407781666,3432.890697523894,2952.7084010435847,3197.812025870925,1628643,-0.049008232243616646,0.03428811793075129,Energy
2007-11-29,3245.525537417264,3374.804248191361,3139.6077450149473,3268.1481658467937,1596132,0.02175668032417826,0.03742741039843829,Energy
2007-11-30,3234.8862934787808,3340.520646327742,3093.347668381348,3197.769998473612,1591930,-0.021769822958313208,0.03593955773400354,Energy
2007-12-03,3185.6244634639866,3256.698330276014,3080.267224710968,3150.5587469324723,868932,-0.01487387431196522,0.034704613912822375,Energy
2007-12-04,3204.846334817524,3323.9656844430465,3100.827935188795,3219.4725671157703,1645012,0.02163773002128495,0.03311665747063964,Energy
2007-12-05,3177.858322637929,3238.341660093063,3120.617606055878,3181.043569705719,1536170,-0.012008237576082622,0.032366635686973094,Energy
2007-12-06,3073.9958560192877,3243.8653344769737,2896.5591298045633,3065.985981371154,1112694,-0.03684010137815879,0.030979169614551303,Energy
2007-12-07,3005.228679429145,3090.4380179252817,2930.8983961576528,3015.845150541464,933162,-0.01648910198421497,0.032731424051493145,Energy
2007-12-10,3042.679356511649,3095.558941697866,2994.8287971142154,3047.6305180817494,773181,0.010484303205775656,0.03158892953216059,Energy
2007-12-11,3010.0480412178213,3065.576969924288,2955.5670444158086,3011.0773430574177,712565,-0.012066473370963334,0.030245271816382167,Energy
2007-12-12,2994.500877572062,3015.924637776059,2979.944886529831,3001.3354246344247,1070559,-0.0032406048369644554,0.029217480054571757,Energy
2007-12-13,3037.9130663325072,3090.407746483691,2983.646894208993,3036.110424989319,790745,0.011519899572495645,0.02800900106301263,Energy
2007-12-14,3220.231801072236,3483.6207101633195,2944.013935330692,3206.260069840784,1587167,0.05452793988378579,0.027340620427531118,Energy
2007-12-17,3195.2540133171683,3228.4970613650953,3150.9716555628816,3184.098644461421,1613554,-0.006935921820169732,0.03382309942162796,Energy
2007-12-18,3306.2229519908756,3559.9198416548898,3080.476315981519,3332.3867588540365,1452256,0.04551954285144246,0.031975266931060786,Energy
2007-12-19,3330.416232303519,3377.8104865023897,3303.2961879850814,3350.5266800008576,1044406,0.005428759735872354,0.03505336607889059,Energy
2007-12-20,3377.902817236005,3387.940312218674,3347.194800526892,3357.170689644045,1191492,0.0019810112024640143,0.03297592293794138,Energy
2007-12-21,3388.2265269153395,3426.642798701181,3344.2899774400735,3382.6429416138717,1358776,0.007558776738739487,0.031153135567625966,Energy
2007-12-24,3280.074811566872,3425.0149004428818,3150.045422049951,3294.4169567057356,1789243,-0.026428134923098867,0.029748689894242772,Energy
2007-12-25,3260.0325458769776,3297.7724014104765,3250.030407773356,3287.68542124638,1108290,-0.002045406594947811,0.030211828605135528,Energy
2007-12-26,3283.427869184321,3373.159441324448,3232.6309850029947,3321.769387521643,1371131,0.010313791197316747,0.02882414306364834,Energy
2007-12-27,3289.3083582612344,3323.293025607133,3284.77378136752,3318.7179052806223,882738,-0.0009190537745978762,0.027939597742491044,Energy
2007-12-28,3263.5677451783295,3351.1429522731664,3172.399589265557,3259.875723949789,1538905,-0.017889462071934963,0.026918833492294184,Energy
2007-12-31,3354.4721308698695,3438.947039601602,3231.5836254848855,3315.066183198894,947583,0.01678851504023403,0.02697598571418971,Energy
2008-01-01,3435.3698032103784,3649.3172392081487,3233.953606604505,3447.207024703724,1383464,0.039086756912875144,0.02691544500449804,Energy
2008-01-02,3393.4096089433997,3507.167405936145,3258.013443806456,3371.0206937192847,717553,-0.022348770136273167,0.030144968547455075,Energy
2008-01-03,3360.898596396559,3403.0318775481437,3341.807495152227,3383.810627803713,695588,0.003786904146170927,0.03003157391766607,Energy
2008-01-04,3452.117585466654,3502.0642075544356,3367.17458543503,3416.6074323826388,1671622,0.009645600775218106,0.02869960700130989,Energy
2008-01-07,3484.5642079820727,3609.3024252579526,3368.7224906914403,3493.174466399687,1686171,0.022162832112601873,0.027800891995958366,Energy
2008-01-08,3455.8382269262916,3503.4197536481192,3449.7624577338856,3497.271140530882,972159,0.0011720782423718726,0.028142323033190773,Energy
2008-01-09,3513.2420615524443,3535.223741909774,3489.9162256054205,3511.8894428877293,1096164,0.004171205204425188,0.027088712440322894,Energy
2008-01-10,3651.055907241566,3852.854913314499,3442.3149761861264,3643.707844472909,1421363,0.036847606318066516,0.026261159842402564,Energy
2008-01-11,3529.4722963875897,3707.374360489465,3345.71107106875,3523.3021296412276,929707,-0.03360314690366179,0.02924689259939004,Energy
2008-01-14,3638.417350390014,3884.3330025402015,3421.730756922539,3666.0035103990585,1461576,0.03970345209650886,0.030881714713573892,Energy
2008-01-15,3722.053715279116,3812.187655121229,3634.1182566983484,3724.201455068747,1307576,0.015750347399123704,0.03315718412618024,Energy
2008-01-16,3838.263250397758,3952.981981739378,3685.6023388475573,3799.1521090674332,1375394,0.01992545827069615,0.03188620554128223,Energy
2008-01-17,3730.6222605347025,3828.3678994479415,3641.75963360489,3739.2986038695667,1213640,-0.01587985787605596,0.031191948739238883,Energy
2008-01-18,3762.3905584089457,3783.908958353159,3703.763257281439,3725.068197865555,1289361,-0.0038128949507239057,0.030268393017231776,Energy
2008-01-21,3735.402561704142,3746.7365988392166,3721.285377589916,3732.610944340785,1067785,0.002022814042636814,0.02889846393603426,Energy
2008-01-22,3862.15757281001,4018.8907599856198,3679.3433503806823,3834.9733538572796,1292017,0.027054512789954105,0.027725633280188237,Energy
2008-01-23,4006.4784779653005,4428.500520501155,3651.657578559836,4068.2123582495947,1574710,0.05904119230173441,0.028718645371522206,Energy
2008-01-24,4018.983694779789,4079.563317454953,3984.960100708131,4045.316794710098,833077,-0.005643813901816456,0.035814631532960946,Energy
2008-01-25,4007.9821018185844,4127.812796844209,3846.9236892043236,3965.48376857328,1555275,-0.01993200767559185,0.03362927535313776,Energy
2008-01-28,3746.889818698991,4074.42242327236,3413.9773011403336,3740.9945758425883,1998969,-0.05827635192950444,0.03262415160764652,Energy
2008-01-29,3999.6698969828785,4357.113469728558,3615.8018441155573,3970.652151165534,1824051,0.05957884558011714,0.038221567126776504,Energy
2008-01-30,3810.875572437392,4070.3771664133187,3536.046423651073,3794.4280215552903,1425978,-0.045396670492699555,0.042440032763892424,Energy
2008-01-31,3552.444159433478,3923.4349244438545,3169.6280923535305,3539.239903371068,1689859,-0.06962169300165054,0.04301225126139785,Energy
2008-02-01,3317.6793553852276,3634.0325591350706,3015.7320124698736,3330.8834869354714,1407537,-0.060674407333394235,0.048032489289243675,Energy
2008-02-04,3369.214824374024,3380.1451693108456,3327.265889514626,3338.0952769865926,816673,0.0021627877723415447,0.04997903137962803,Energy
2008-02-05,3236.865771845665,3378.1194654195883,3114.3407721097824,3254.9113855172145,904633,-0.025235316789388944,0.045815112242129266,Energy
2008-02-06,3140.469459377011,3298.2157665754676,3007.7693599959935,3164.500249506235,1312004,-0.028169907099885583,0.04329830008009835,Energy
2008-02-07,3233.604047236721,3292.026521491301,3144.9799230236813,3202.84669516278,1176181,0.01204486251277534,0.04145872383182367,Energy
2008-02-08,3247.552097669431,3304.799423347375,3183.5815592303697,3240.7082425314734,1723191,0.011751892698714347,0.0386887894919638,Energy
2008-02-11,3224.494796774573,3293.2500572154654,3126.841165953359,3194.9668069472286,1366699,-0.014215200576468166,0.03630666596071726,Energy
2008-02-12,3093.5339048070427,3237.4237376255774,2962.9799927699673,3106.3298103260327,1189133,-0.028134794715779673,0.034421649926476026,Energy
2008-02-13,3084.3254046307275,3127.2952569336762,3034.7361073821685,3077.6124367257835,662868,-0.009287790503218842,0.03415574604636171,Energy
2008-02-14,2939.015570570758,3183.8782441639105,2668.776814057705,2911.33313914478,1780187,-0.055543013800275154,0.0323455012057565,Energy
2008-02-15,3003.3186930870484,3144.9397957986675,2862.308302402884,3003.9020171600964,1680469,0.03130101621887772,0.03741308749493831,Energy
2008-02-18,2789.2628205400133,3107.690984891333,2465.9637538283205,2783.7641819232044,1678374,-0.07610808179767743,0.03696964072280517,Energy
2008-02-19,2684.039920720965,2834.1105393728317,2531.958461033796,2681.909990572022,1662282,-0.037274810381498005,0.045412217358073693,Energy
2008-02-20,2734.290750936901,2866.6841378632607,2623.6772561104535,2755.2238131353492,2149956,0.026969454458722265,0.044251862239323196,Energy
2008-02-21,3086.171815426616,3549.097587740608,2613.9211016825307,3075.201296097095,2390125,0.10987168306854321,0.04213887243850498,Energy
2008-02-22,2970.4861102341993,3146.3395384075857,2781.1892222737674,2956.196715127912,1303924,-0.0394668126467067,0.05771755077407596,Energy
2008-02-25,3095.9019014104033,3312.4971062232607,2880.2067184350526,3096.7433018727925,1878369,0.04644746288140592,0.05476035910181713,Energy
2008-02-26,3240.6601853311695,3499.963322140044,2997.4466656483896,3255.6265664438706,1564406,0.0500337391711488,0.053127794650125564,Energy
2008-02-27,3325.443850134964,3431.414038340666,3219.5263479715295,3325.494909891503,1524004,0.021233757444465894,0.05228342289699203,Energy
2008-02-28,3667.112756243854,4188.257789670386,3136.4059155185805,3655.9669885159637,1744926,0.0947421160401459,0.04852294216287931,Energy
2008-02-29,3768.3623228019446,4025.447815832568,3546.924479504785,3802.0314928254056,1502394,0.03917490310618734,0.05770607433952144,Energy
2008-03-03,3826.2687013146074,3934.441339729962,3747.193443452052,3854.7769191984103,1021533,0.013777610170693113,0.05471922667170631,Energy
2008-03-04,3953.2252179575626,4041.3807492155033,3825.264154705697,3912.5117908661687,1084155,0.01486643207298068,0.05023771885089925,Energy
2008-03-05,3846.6985646972166,3978.424374784251,3693.2484461118947,3824.203953877878,1844190,-0.022829240515652965,0.046391964138853624,Energy
2008-03-06,3869.3395375964747,3908.699676042057,3811.0603821989057,3850.226092672721,1411043,0.006781542958970748,0.043588388393088984,Energy
2008-03-07,3706.8519558331636,3951.768924154251,3440.88584068271,3684.3136726549665,1821352,-0.0440476125904592,0.04033430898008635,Energy
2008-03-10,3554.003037206617,3768.7955303871117,3324.9442417632085,3538.8190645569107,1411953,-0.04029118544766685,0.04114017514496914,Energy
2008-03-11,3572.8348416157983,3618.5193708383395,3523.4774369384727,3569.1143941634564,1437830,0.008524422248763569,0.0412009484415557,Energy
2008-03-12,3564.5993935079414,3634.7933404100863,3453.1991577779154,3522.565372439421,1013312,-0.01312797300214357,0.038326418932483994,Energy
2008-03-13,3497.3054596453376,3538.5336390065872,3453.7890189271416,3494.9899011992347,1257686,-0.007859036971362213,0.03606914279300751,Energy
2008-03-14,3590.7818740698294,3659.3387491149247,3472.1767983261534,3539.7595311053583,1266010,0.012728309590021048,0.03391240361247605,Energy
2008-03-17,3640.409526263316,3875.3130590377477,3439.3747380297154,3672.5058135383188,1374347,0.036815416284579766,0.032316286525114486,Energy
2008-03-18,3767.9988508318347,3882.415512736011,3633.8105834753505,3747.6080719274564,1220395,0.02024357692835932,0.03374581649997036,Energy
2008-03-19,3617.0155793173017,3809.1296564013637,3425.6583058914625,3617.7343562669657,1562096,-0.03526982751932319,0.0327489612969312,Energy
2008-03-20,3729.634721328476,3820.3979958544683,3587.426361772773,3676.9064570373307,460395,0.01622380050731674,0.033831785096396255,Energy
2008-03-21,3874.6980266886626,4138.140519012281,3585.817594703331,3847.4043794592385,1515743,0.045326971806842614,0.03248312641483534,Energy
2008-03-24,3892.903696497972,3964.072643699879,3822.7528382789023,3893.9037640746183,1239526,0.012013458965035338,0.03538789280703903,Energy
2008-03-25,4074.4970153119316,4371.989932529411,3785.5133641047446,4082.44273149843,1403576,0.04728332521718854,0.03351851496268407,Energy
2008-03-26,4094.1399322698435,4102.293022332023,4068.90745327039,4077.026463488068,967960,-0.0013276032242923886,0.03652601268660601,Energy
2008-03-27,3827.7244342542745,4235.441670755989,3393.0486966298595,3797.55206691948,2351468,-0.07101124850281912,0.03416992920352419,Energy
2008-03-28,3697.886536160456,3841.9389679533715,3561.6205547373593,3705.396255676043,1395179,-0.024566461606396903,0.04231379044127877,Energy
2008-03-31,3356.525848456977,3850.316343664435,2875.8644665558563,3368.0103566486528,1606406,-0.09546803323880948,0.040285135528946026,Energy
2008-04-01,3500.702274644115,3793.3762709062826,3245.568903838881,3535.6927708570893,993967,0.04858708354095816,0.05258740839061576,Energy
2008-04-02,3348.646423447801,3653.8974416014726,3023.92549237977,3327.2236881265558,1792087,-0.060771025971618715,0.05163771993461302,Energy
2008-04-03,3623.0839869496917,4036.390395545799,3180.584074486962,3590.1313870264385,1643512,0.076050570928861,0.05279328494877827,Energy
2008-04-04,3119.3025860349694,3588.9225611756287,2651.407198129724,3120.8022271092427,2362097,-0.1400987070438618,0.05654430253648175,Energy
2008-04-07,3567.295447722104,4102.3897648804195,3021.9766539771886,3555.266651737869,2598492,0.13033997511934478,0.07484620014919938,Energy
2008-04-08,3389.7502954157644,3644.039703202299,3128.139915555341,3381.835584264971,1153630,-0.050011433611187775,0.08443837580470105,Energy
2008-04-09,3681.0808628186483,4100.750941394036,3232.891489578735,3648.8917775559567,1889565,0.07600486455202754,0.078606888824108,Energy
2008-04-10,3718.8925744229514,3853.1404924782382,3596.1740354352946,3730.0536526624014,753144,0.021999118739749815,0.07687486775156331,Energy
2008-04-11,3287.774718564281,3780.940926348923,2765.7727148651165,3253.8502527824903,2277404,-0.1365836293337814,0.07000278863913295,Energy
2008-04-14,3405.5847760101938,3618.6472931868416,3180.193547158564,3392.433270904172,1189493,0.04170845462968439,0.08257466623669917,Energy
2008-04-15,3407.0341284900555,3416.6549844715537,3389.228026369048,3398.82570322338,688303,0.0018825476193595429,0.07626139050280475,Energy
2008-04-16,3617.390326845004,3985.1651985625094,3262.140502695261,3628.7953331362364,1753500,0.06547073848853589,0.0689432472615549,Energy
2008-04-17,3409.122682936926,3727.9438707128365,3091.6635467887836,3410.36870444537,1863025,-0.06208031912668988,0.06742032122520224,Energy
2008-04-18,3465.4237402917474,3528.6856888889515,3389.1076837945857,3452.1268960513357,1012861,0.012170122778285544,0.06568481312082963,Energy
2008-04-21,3578.085054626307,3844.307632380421,3342.6233660173193,3606.9466590926572,1586520,0.04387108094864802,0.05978137270956926,Energy
2008-04-22,3669.2592499953084,3743.325197084837,3582.0189417251863,3655.81347878028,1320352,0.013457020803244873,0.0569890408760559,Energy
2008-04-23,3325.2485987840973,3824.0358886017116,2808.4226527046762,3304.026650240796,1923975,-0.1011767127716468,0.05220502212731129,Energy
2008-04-24,3502.0851295337534,3826.57987286949,3185.4563206742705,3509.2988597590565,1241788,0.060274340789965665,0.06177216646145654,Energy
2008-04-25,3460.8822988204724,3530.5660965643815,3396.3689776791666,3465.958157781972,1209697,-0.012427143441292062,0.060807810872644114,Energy
2008-04-28,3305.0628075206346,3532.348911406066,3098.303852748599,3324.3814181083267,897776,-0.04170550189476126,0.0555088909510465,Energy
2008-04-29,3305.1242133112087,3338.496515227943,3296.715632013116,3330.0245847833844,1239496,0.001696069649309522,0.05315911881263861,Energy
2008-04-30,3296.0041905122876,3392.424739090454,3170.17559608108,3265.7099231282323,1216553,-0.019502513347468338,0.048591614792958655,Energy
2008-05-01,3606.0748963479537,4109.769588928369,3083.750532899255,3584.420558699797,2042878,0.09311965818024306,0.04523238028868313,Energy
2008-05-02,3612.6430861171675,3620.581708681335,3581.787324522428,3589.675476786227,1001065,0.0014649703600989827,0.05511320342898639,Energy
2008-05-05,3585.3746407622957,3600.1877611849695,3579.080722817777,3593.8789144794932,1340697,0.0011702947995007134,0.050302028532528034,Energy
2008-05-06,3609.195578998839,3645.891181143045,3577.999408226775,3614.647883245103,1374321,0.005762349733107322,0.04609165540613043,Energy
2008-05-07,3889.902135019835,4277.006709861151,3478.2034063857186,3862.590008154374,1755821,0.06634349852597539,0.04247979825315763,Energy
2008-05-08,3769.0872486457883,3905.975006795684,3635.892573568726,3772.654277525324,1447175,-0.023559138909102918,0.046945133690331466,Energy
2008-05-09,3920.3648336880347,4133.416866912039,3699.254657865002,3911.843605356258,1267001,0.03622996706721953,0.044117246238667675,Energy
2008-05-12,4094.3085412956166,4320.116960957351,3834.525302616201,4058.3505763688077,1241108,0.03676785589625321,0.043057597582776976,Energy
2008-05-13,3827.95231268542,4169.578178258001,3482.6673803088074,3823.934693151723,1597183,-0.05949671219613847,0.042260462039138136,Energy
2008-05-14,3843.491751446264,3924.1134073780886,3783.5776092386322,3863.8814214832155,1323052,0.010392310964821086,0.04538431596632991,Energy
2008-05-15,3805.228966715763,3928.175160019557,3659.362946989485,3781.543879833063,1111178,-0.021539867794062938,0.04199986818626656,Energy
2008-05-16,3634.9513763275777,3849.1848960865027,3423.9234010132354,3637.981033308378,1882250,-0.0387034934751627,0.03975909993723285,Energy
2008-05-19,3472.0612853899006,3745.9246313369113,3179.372105486063,3451.623385521182,2132298,-0.052584199689370247,0.039866312637769616,Energy
2008-05-20,3271.9926471389763,3528.8640934710857,3028.940413707167,3284.8563130480406,1215486,-0.04952175623913936,0.04226373167636344,Energy
2008-05-21,3477.600663914652,3749.898230345762,3189.892605179681,3460.8810163065264,1685164,0.052200274987792124,0.043552715912106195,Energy
2008-05-22,3475.2415429805797,3581.4372832261074,3403.404636888156,3508.904527752865,1602912,0.013780702761514533,0.04501334865322364,Energy
2008-05-23,3833.3627835255475,4326.547532235818,3331.2785197877665,3823.1492352229434,2282275,0.08577060169899324,0.041826396101881866,Energy
2008-05-26,4058.6460218513503,4495.024897679709,3652.9878053125294,4086.5751850436627,1836395,0.06663276609240243,0.05102006807196866,Energy
2008-05-27,4006.7099847316736,4124.0793891445655,3892.071227183272,4009.364676372905,1085276,-0.019074462253778332,0.053370653962860296,Energy
2008-05-28,3901.1506510212143,4098.397074757963,3680.4731345330106,3876.4717670295254,1863842,-0.03370739240487329,0.04932865931767579,Energy
2008-05-29,3714.641077149441,3947.7400875554854,3492.4473260413342,3724.930846954951,1370827,-0.03987711445841137,0.047085895440926624,Energy
2008-05-30,3809.2284624189883,3906.3594767321815,3692.18319164807,3788.793128064987,865942,0.016999245432763495,0.04595859961104652,Energy
2008-06-02,4035.929700451354,4365.179634209751,3674.194221707798,4000.5585909697484,1480702,0.054386466596379045,0.04281472240198794,Energy
2008-06-03,3930.854881293286,4044.4099310091115,3810.885734342971,3924.2499808307352,1448155,-0.019258753824132575,0.04483484722638506,Energy
2008-06-04,3821.633214053669,3974.3242579519206,3668.432617361873,3821.102455107408,1486092,-0.026636263493619354,0.041997211341699967,Energy
2008-06-05,3943.2526343321747,4246.13040502134,3689.001501195882,3988.933859948972,1336043,0.04298501038163929,0.04021736177720709,Energy
2008-06-06,3846.1658211607332,4129.53281146054,3517.9444750038947,3797.743976813768,1605613,-0.04911679206007979,0.04087915872766283,Energy
2008-06-09,3572.8629996165555,3889.3541326072404,3284.160884579099,3598.5744277791923,1965992,-0.05386942536343922,0.04241171281575562,Energy
2008-06-10,3471.229580577263,3678.4358139646706,3251.7539059907194,3458.1812525791624,1055318,-0.03979497342897345,0.04443298274391419,Energy
2008-06-11,3478.9343703850345,3559.7919708814593,3418.1711252049454,3498.683781479736,1075729,0.011644034007912604,0.0437833067612382,Energy
2008-06-12,3523.2229553385823,3597.8653182252306,3463.8333320941842,3538.222847529167,1317062,0.011237745287433069,0.04066841391000592,Energy
2008-06-13,3655.5206818432157,3825.702551479375,3479.845175847271,3649.758802607434,1015038,0.031036503314278294,0.037974714611649606,Energy
2008-06-16,3544.839959028108,3742.0754202499847,3321.178352881912,3516.856828239455,883597,-0.037093439760620954,0.03739188201422293,Energy
2008-06-17,3540.4129823370636,3557.7992059419435,3488.147863212953,3505.361958611572,806208,-0.003273859799524097,0.037747990190786014,Energy
2008-06-18,3452.6233252145885,3526.777806631674,3387.7278632592343,3461.711523031411,1242340,-0.012530657771907537,0.03523544145392509,Energy
2008-06-19,3480.8202903377214,3501.0471910274837,3454.9541664643307,3475.1481063307715,1117008,0.003873972033911909,0.0334182835464643,Energy
2008-06-20,3306.252366281144,3548.276046428069,3076.876175794389,3318.079341865559,1667480,-0.04625099459558319,0.031554341841519035,Energy
2008-06-23,3201.606768538944,3384.2246605022083,3012.074279287007,3194.2739089670185,1780050,-0.03802630057669505,0.03489146552386774,Energy
2008-06-24,2934.746366281151,3293.3210318343595,2618.0413823611248,2972.537765504371,1595561,-0.07194374899737319,0.03592814249936913,Energy
2008-06-25,2774.581727474529,3065.0302810135054,2481.9681975362955,2772.1636188075627,1597984,-0.06978794933614436,0.0436926835034601,Energy
2008-06-26,2746.006111618023,2795.623211690448,2689.4808017707705,2738.9707817079884,961122,-0.012045882409001405,0.04855712259049609,Energy
2008-06-27,2817.329298417553,2959.7639227049826,2684.4544085150287,2826.4584698404365,975399,0.031442281164921766,0.04481072210829118,Energy
2008-06-30,2853.9285232346137,2862.9001934725243,2823.484268803248,2832.388224501187,983038,0.0020957474734375095,0.043066149229078934,Energy
2008-07-01,2802.3957759019263,2886.571259283217,2692.8450651211406,2776.2347505161015,1285863,-0.020024647982778105,0.03980469056729244,Energy
2008-07-02,2652.936268899029,2851.9248038560463,2442.743996458045,2640.8240298699234,977502,-0.05000460239466363,0.0377846356599008,Energy
2008-07-03,2676.2212633619874,2718.1323306730806,2626.7488416494816,2668.5396101310153,826451,0.010440359294368708,0.04021457438116705,Energy
2008-07-04,2900.5544790550216,3205.473263708758,2561.3738378562257,2862.2677573564147,2072865,0.07008287251180494,0.03755156134511667,Energy
2008-07-07,3012.990455711569,3275.883969183032,2763.091860116985,3024.990117030154,1808442,0.05529359159233624,0.04432648373704747,Energy
2008-07-08,3130.6068685366076,3266.3361643390626,2978.7031717272794,3113.6994358763955,1480911,0.02890372410252012,0.04615708958621199,Energy
2008-07-09,3091.4272810515768,3118.0918121406635,3088.811886769437,3115.456089123114,866856,0.0005640100929367138,0.04392829754617028,Energy
2008-07-10,3061.1910616260398,3145.0772482188795,2975.229630284729,3059.0573464234153,781331,-0.01826874679475933,0.0405438525099877,Energy
2008-07-11,2838.482913791112,3151.9482102241423,2539.6247865395712,2851.6986272242725,1324789,-0.07019198549091195,0.03827669326756118,Energy
2008-07-14,2803.730445009006,2867.0528122633646,2757.429748537894,2820.4755871603734,999648,-0.011009307630014375,0.044845528451258436,Energy
2008-07-15,2931.6392400416958,3080.63086527721,2769.392380519588,2917.67427920233,1711567,0.033881300536691195,0.04155812635131603,Energy
2008-07-16,2975.1988081811282,3025.852494589317,2900.737800118003,2950.979139116555,1359704,0.011350207649743604,0.04066759977640919,Energy
2008-07-17,2924.1498267497795,3012.4886607271437,2804.7688962155057,2892.1407325258747,1778101,-0.020140061034550058,0.03797903394391703,Energy
2008-07-18,2912.992248480214,2949.472965708467,2878.5627157758786,2915.019472631341,1359340,0.007879534116462352,0.036259742473187424,Energy
2008-07-21,2958.7139246242114,3000.593685639553,2901.004705377571,2942.6571878125947,1073987,0.009436478614755096,0.03407533122452916,Energy
2008-07-22,2857.248431089726,2981.016501481885,2739.1003321542803,2862.64524272993,1869773,-0.027566871131418133,0.032284046025027706,Energy
2008-07-23,2898.354865042369,2965.7254983484563,2836.4451068751855,2903.7015336821037,1894915,0.014240206611433125,0.03236970126203388,Energy
2008-07-24,2914.9679436671445,2997.8136715705136,2858.860937304352,2941.2017201474846,1262274,0.012831932162338583,0.031123232005771828,Energy
2008-07-25,2914.0426713615966,2949.9124422497403,2887.8387274674196,2923.6223549732613,983334,-0.005994866204649169,0.029993719823338167,Energy
2008-07-28,2933.729138934514,2984.362513715351,2897.3999026239,2947.858311676441,1754986,0.008255530666521961,0.02872436850819307,Energy
2008-07-29,2958.822852635993,2990.6800352874666,2933.153341063578,2964.9573037784635,1423360,0.005783721624191722,0.027754180675052576,Energy
2008-07-30,2933.600974479668,2992.483954119667,2866.8253524256456,2925.5466667115456,1149199,-0.013381274447852306,0.026856160398104026,Energy
2008-07-31,2908.33002107012,2929.158619642124,2897.504279084955,2918.295781882251,1621935,-0.002481548266928691,0.02653038742537064,Energy
2008-08-01,2777.6975236413937,2978.321098419869,2589.7865852311747,2789.604644561406,949289,-0.045099928222537104,0.02576844733045389,Energy
2008-08-04,2746.1616031302347,2796.0897814071227,2726.8281910457263,2776.542483121709,1235832,-0.004693438789247038,0.030599196576210966,Energy
2008-08-05,2685.1638949102557,2854.4316772767643,2494.450052274113,2662.2749582657825,1300676,-0.04202543779850373,0.02919508383337753,Energy
2008-08-06,2712.4355351566073,2766.262468115289,2644.1948758201092,2697.7299844452723,1190715,0.013229668136751683,0.03235433432097993,Energy
2008-08-07,2664.5051525253702,2712.719787737306,2619.0630759593278,2667.231219187612,1201554,-0.011369735082697159,0.031043453051074702,Energy
2008-08-08,2696.0842485831704,2745.293305723558,2649.177892376949,2698.3475723098227,681605,0.011598637599664893,0.029838689871457668,Energy
2008-08-11,2728.4149409592965,2783.766894156946,2677.1097556975305,2732.3870178582283,1181122,0.012536017277911383,0.028852334216164878,Energy
2008-08-12,2593.1208163693655,2795.8947228309717,2392.156910425953,2594.8006330133944,1324040,-0.051665906366518057,0.02809872792771653,Energy
2008-08-13,2519.898555093275,2636.3816444056565,2399.75105596474,2516.0565472787853,1460433,-0.03081687265464006,0.03364573808115585,Energy
2008-08-14,2651.656986575458,2837.6351634489542,2451.580616293577,2636.495412041768,1153880,0.04675772616017017,0.033883336595625264,Energy
2008-08-15,2672.364078410503,2762.1801308216777,2597.06857196528,2686.486710505176,910596,0.018783744588675936,0.03669342096932868,Energy
2008-08-18,2758.4506707230353,2862.2653098957685,2651.0684700912934,2754.743592923108,1574201,0.02509008414870365,0.03507206970028698,Energy
2008-08-19,2814.3446800723573,2881.4125548489274,2732.159298426628,2798.8581171780897,1050045,0.015887150154103965,0.03432880578811015,Energy
2008-08-20,2794.546392390025,2823.3656303422295,2751.015701341272,2779.6816440319635,1486358,-0.006875114098584654,0.0328729943338462,Energy
2008-08-21,2722.790550170994,2847.3214879737243,2572.8904274747097,2696.2054558390428,1384949,-0.030491006807925988,0.03117045210225144,Energy
2008-08-22,2685.2670471931806,2713.0612610836583,2649.949020736081,2677.664543904634,1312835,-0.006900422044188707,0.031886249259377455,Energy
2008-08-25,2661.4204809598446,2698.02021278233,2649.3106008346117,2685.7994047347306,1235805,0.0030334377730159845,0.030340215673641948,Energy
2008-08-26,2738.3896592075785,2887.860314198347,2617.6567349234238,2765.9138741714487,1033574,0.029392681906609278,0.028944830478116485,Energy
2008-08-27,2799.3472695695446,2851.7983566477265,2747.7046808775513,2800.1411228844804,643400,0.01229872150396794,0.02999720039562006,Energy
2008-08-28,2688.507299703298,2834.3233915222054,2584.7934601171823,2729.0457122484504,995539,-0.025717824806243832,0.029026787763285402,Energy
2008-08-29,2923.789389633453,3220.5672210546045,2623.7066499647926,2920.1111204467143,1573254,0.06766967836862736,0.02955087990565678,Energy
2008-09-01,2867.333776527941,2944.8879073664502,2791.7149303807864,2869.219334290564,1245712,-0.017581686691232716,0.03854194349193954,Energy
2008-09-02,2890.7289832290085,2914.9489675259306,2861.1162680347343,2885.2906875496515,978240,0.005585669321345992,0.03653426449984985,Energy
2008-09-03,2963.445815792086,3095.3226951092433,2836.931576974624,2968.5888902233273,970472,0.028461065638132575,0.034241523641641666,Energy
2008-09-04,2884.2887753375503,2996.7288897113967,2798.936924129234,2910.5984818701572,937612,-0.019727994861477898,0.03405129060152637,Energy
2008-09-05,2751.4501203721334,2987.936368196483,2512.2764367317855,2748.5099804837896,1751088,-0.0572997843508946,0.0329540798762741,Energy
2008-09-08,2857.717750986045,3001.292116501679,2699.3363868036,2842.1274829274407,1540348,0.03349394587483769,0.03822652086434674,Energy
2008-09-09,3002.048614102462,3295.772986594901,2728.243119301722,3020.3026135728055,1288392,0.0608041441022436,0.03791161008785901,Energy
2008-09-10,2821.312638569447,3107.6560548870607,2540.7136088578573,2826.5373877775332,1105064,-0.06630460490283653,0.04247827367683441,Energy
2008-09-11,2638.3135462542346,2918.243857518817,2354.089846657511,2633.510550529043,1725072,-0.07073465842400613,0.046935786798022495,Energy
2008-09-12,2468.911253788386,2723.14761549953,2205.5922280215373,2458.78593400365,1159348,-0.06865006085065081,0.05111636969928186,Energy
2008-09-15,2358.7879624149027,2505.963563929836,2211.4429621732866,2358.6072907545285,1826498,-0.041596391553639596,0.053825934540950034,Energy
2008-09-16,2273.627754521421,2391.277252430721,2173.3525356675586,2290.26813263219,1619735,-0.02940241460794725,0.05174286377760575,Energy
2008-09-17,2315.6468386981614,2377.8029975706518,2263.1822944269466,2325.1237395207836,1696024,0.015104359724879333,0.04869840304612603,Energy
2008-09-18,2301.8980364591985,2351.0131584676324,2243.374077553852,2292.284068313649,860273,-0.014224528694874542,0.04507159659696041,Energy
2008-09-19,2373.70870250466,2494.228935474609,2250.8098841161,2371.2028895271183,1859983,0.033848644484130136,0.04189880234956606,Energy
2008-09-22,2421.934935440777,2463.1023394225545,2357.4613572760622,2398.225759001139,739743,0.011331822166749177,0.04094224371812514,Energy
2008-09-23,2395.804879530012,2402.790311325502,2386.58971493123,2393.5686264991514,436500,-0.0019437954109352488,0.03821354976421727,Energy
2008-09-24,2489.345017049336,2620.663123356648,2348.458212829865,2479.243440023742,1858695,0.03516804766124537,0.035620037332318784,Energy
2008-09-25,2480.4864535053566,2493.549701389244,2471.914209536124,2484.9619905363807,1283949,0.0023039147441203485,0.03606311667188752,Energy
2008-09-26,2731.132324276866,3095.956776406416,2353.5509589575868,2716.4086197325178,1384530,0.08905328359880825,0.03378216853229472,Energy
2008-09-29,2685.6063526726703,2739.9385465828054,2625.79854760523,2680.0176776728217,1325281,-0.013487256824035235,0.04693145029247398,Energy
2008-09-30,2581.4739159840715,2737.482252809132,2418.6200538218513,2574.188079709614,1715057,-0.040289215102809396,0.04346647829925479,Energy
2008-10-01,2373.7803439009285,2651.511053083984,2127.0174042852836,2401.8320395763863,1839654,-0.06930237957067513,0.04306914111787855,Energy
2008-10-02,2386.05473551639,2402.9689414162394,2382.659998239057,2399.5549967672396,640138,-0.0009484938258965818,0.0480039967651557,Energy
2008-10-03,2367.1893454931096,2423.674540237464,2305.3314840386884,2361.6853438714247,1451084,-0.015907809220217676,0.04408675436481946,Energy
2008-10-06,2287.1109509700905,2395.980096640815,2181.0324343498173,2289.7778849290676,1326815,-0.030920673546767072,0.04114452925319682,Energy
2008-10-07,2258.297228065254,2298.903464212819,2230.8543207450934,2271.3025161742744,1321929,-0.008101356774213342,0.03997137773284273,Energy
2008-10-08,2195.680708669061,2327.7698188263435,2050.7458621214137,2182.012725332962,1745957,-0.04010574325485592,0.037256054910936844,Energy
2008-10-09,2186.7948869067245,2204.9479740114643,2151.957061138016,2169.970485014687,1228934,-0.005534153268002867,0.03810093828667552,Energy
2008-10-10,2088.4278849970924,2200.177492829685,1995.8315686333233,2106.768015275339,1003573,-0.029558539233894624,0.03558003972059485,Energy
2008-10-13,2096.097443960359,2117.26902733188,2071.492875251691,2092.629430029343,923243,-0.006733651126294716,0.035267654691821214,Energy
2008-10-14,2000.6530636717314,2130.6800721877885,1882.4119813978905,2011.781297467562,1552688,-0.03940082846642653,0.03319408505431094,Energy
2008-10-15,2091.4864221109287,2219.3605367410983,1966.0886177313826,2093.8226601535944,1130180,0.03997087208850015,0.03484740476205334,Energy
2008-10-16,2065.804189092602,2113.976216003518,2013.451888584999,2061.5241092696024,1027186,-0.015545851236454118,0.03620944472437528,Energy
2008-10-17,2058.3531976153768,2087.8364716914407,2042.654072597795,2072.0330103092606,882042,0.005084687777189789,0.03442600954798516,Energy
2008-10-20,2197.3723151607533,2384.7879507280477,2006.1986492289136,2193.263872443343,1960858,0.05686053118209164,0.03243452195095679,Energy
2008-10-21,2326.641725726247,2530.112882157158,2121.614207456919,2324.936212073243,1943034,0.0583018159266725,0.037769916233639185,Energy
2008-10-22,2383.3676773432735,2470.2873147382293,2295.279353340629,2382.1547564161483,941921,0.024312834935549303,0.0418463680489602,Energy
2008-10-23,2368.81740567255,2387.2447263632303,2353.501281600397,2371.9086153764065,990922,-0.004310483938941076,0.039869310333911216,Energy
2008-10-24,2383.991396867539,2424.260054083424,2352.641282169069,2392.794180462448,1885902,0.008766842234878981,0.03707339431411098,Energy
2008-10-27,2357.3014682940175,2433.5821438320827,2265.9508113425813,2341.727524634354,1308396,-0.021572880845336435,0.03480054426573432,Energy
2008-10-28,2345.26695169543,2356.4960171152784,2323.088308773706,2334.2646957332727,1201008,-0.0031919793215097973,0.03374419480663496,Energy
2008-10-29,2296.3690123957304,2346.7887873386107,2258.5829800805595,2308.798236044174,1024614,-0.010969791037126635,0.031819252918898734,Energy
2008-10-30,2152.4187105516535,2371.6000209845406,1953.010756719227,2170.515513076166,2050507,-0.061762442054879234,0.03046345896911922,Energy
2008-10-31,2193.3691329561757,2252.4067684066845,2144.306370435738,2203.125762994355,1324345,0.014912450373948092,0.03761127162404796,Energy
2008-11-03,2235.9203509767985,2304.9833731513495,2174.7947799998515,2243.6465825240166,905560,0.018225327495899134,0.03556744830551739,Energy
2008-11-04,2274.637958883095,2336.8489688585296,2218.683728899264,2280.744522415431,1198545,0.016399453743195794,0.0340860541500837,Energy
2008-11-05,2351.1843323327907,2477.4082138870517,2232.771850721734,2358.6211904694505,1297997,0.033575272394337136,0.03270823416938361,Energy
2008-11-06,2325.874394116812,2368.5074338791774,2296.1225227730956,2338.592871674365,746453,-0.008527795372777439,0.03354038913662865,Energy
2008-11-07,2400.4043341066986,2488.5393875875334,2308.5496408400977,2396.542915569558,1248202,0.024477835457009538,0.031794255091717065,Energy
2008-11-10,2329.7703987078935,2435.754686597156,2219.187615234438,2324.9527416326373,1749187,-0.030327534406549787,0.03160022768539502,Energy
2008-11-11,2473.855359784402,2696.8502633503444,2246.3984213617805,2468.951266856187,1320074,0.06009375950618136,0.032199742441394064,Energy
2008-11-12,2446.313173723725,2475.274169367499,2427.3224174755965,2456.206610262004,894852,-0.005175340713285485,0.03835554354160173,Energy
2008-11-13,2524.987237967572,2618.772585887723,2424.2684195653046,2517.7863039135814,1433169,0.024761933185225696,0.03579016343944455,Energy
2008-11-14,2529.202154983711,2599.331261511204,2480.5553138021623,2550.2790263938355,839570,0.012822710668050461,0.03488153722928736,Energy
2008-11-17,2608.3810248879927,2660.7026833857813,2532.767324919791,2584.6122033178854,1153032,0.013372703348311686,0.033136695639638065,Energy
2008-11-18,2689.1381904544824,2839.5602642060135,2532.7469648445863,2682.8153589565686,962955,0.037291271551973613,0.03170578586878898,Energy
2008-11-19,2760.4132403418794,2862.965995035522,2647.9223558616504,2750.091650779425,779610,0.024767488479597314,0.03335867692430943,Energy
2008-11-20,2811.708731342469,2907.9665330603434,2716.595290510856,2812.8156478668125,1304634,0.02255175290654438,0.03289764936512048,Energy
2008-11-21,2733.098122799443,2858.069946850047,2603.6093574733545,2728.3647463035486,1280076,-0.030483555885557522,0.032281442050720165,Energy
2008-11-24,2610.606199749469,2779.451154241755,2451.303825629081,2619.5999693328745,1184657,-0.04068081304530608,0.0327575987766715,Energy
2008-11-25,2462.3286845796606,2681.7782881939193,2266.9477927680473,2484.6279907186736,1483508,-0.05289867623689896,0.034737407856585724,Energy
2008-11-26,2434.8817699284673,2503.1492644204295,2378.718545902718,2446.713136912201,1242499,-0.015377399351755692,0.038536871899756804,Energy
2008-11-27,2342.6859652722483,2492.6513591238836,2199.3046056977287,2348.8902721877184,1618769,-0.04080255504436393,0.03638051756473675,Energy
2008-11-28,2420.912270381264,2539.2681225962424,2306.1281748340043,2424.3223433142393,1315453,0.031609047259192245,0.03753079963636197,Energy
2008-12-01,2519.266539336015,2670.6654024634418,2370.446502451298,2521.701524288124,908599,0.03938184244263948,0.03710415768308015,Energy
2008-12-02,2519.7871924024034,2555.7734656975454,2499.4473282690806,2535.3083141949523,1130276,0.005381370880485722,0.03786838049115954,Energy
2008-12-03,2510.724196327769,2537.1449163095526,2505.2519275462655,2531.627088464155,800393,-0.0014530386065521972,0.0353773270005181,Energy
2008-12-04,2525.468446766668,2562.7721199144958,2469.791458485385,2506.819670719351,1693023,-0.009847327716061923,0.033189771176374346,Energy
2008-12-05,2512.087401200991,2546.6972577502174,2488.2317441782784,2522.7404358000726,1379997,0.006330898893434788,0.03155620712418081,Energy
2008-12-08,2544.45850096739,2584.462746370195,2507.395510955198,2547.357528656414,1231280,0.009710773431256148,0.030044091075803806,Energy
2008-12-09,2619.6857420819215,2722.2000933330223,2512.369185996351,2614.687962597679,820150,0.02608820582416641,0.028918208709253303,Energy
2008-12-10,2615.2123652287382,2618.9991678066576,2608.3827613887197,2612.1651516303937,1233387,-0.00096532697899107,0.0295143932417754,Energy
2008-12-11,2555.0424897436073,2635.723313237235,2483.253278673438,2563.6911015055375,1143427,-0.018731380882664676,0.028231530337028868,Energy
2008-12-12,2518.6441136633425,2596.3539398419152,2434.007311237907,2511.4966095133536,1002557,-0.0205692223465279,0.028111299126902398,Energy
2008-12-15,2598.3684567249456,2681.0443694883825,2483.7151830435587,2565.340189364552,1192926,0.021212263038743878,0.028207446659931527,Energy
2008-12-16,2436.5167972919417,2610.501147611071,2297.4922319137204,2469.589495899246,1266754,-0.03803915642547307,0.028355282632025285,Energy
2008-12-17,2460.516082288157,2484.721821461719,2429.3096411809615,2453.4458255190666,985302,-0.00655844502102771,0.030988130885031922,Energy
2008-12-18,2409.639000095473,2471.5879688595237,2354.5180371597667,2416.314306974697,1007411,-0.015250130257000465,0.02957470853216261,Energy
2008-12-19,2436.910365520307,2477.264797677113,2400.3226774177415,2440.621392345897,1787247,0.010009310319121771,0.028889715795386767,Energy
2008-12-22,2517.9282353634635,2621.0721672811896,2405.446196991726,2508.1912655347987,1698863,0.02730920616113526,0.027977142222719024,Energy
2008-12-23,2497.481167720207,2532.161739434141,2450.5705312974196,2485.078882151537,1418255,-0.009257479672500497,0.02894901208561194,Energy
2008-12-24,2361.046066089331,2537.9873719182688,2195.1115001681187,2371.330046754006,1823379,-0.04685340347073483,0.027987343212054608,Energy
2008-12-25,2450.2512712911584,2608.705394915306,2307.595365650828,2465.1803069478815,1462463,0.03881395275980752,0.03249491216443262,Energy
2008-12-26,2672.3418903764186,2982.5046647184795,2354.3632757716955,2663.4998016454556,1694361,0.07737602124913044,0.03421569658191162,Energy
2008-12-29,2455.420785944682,2762.207777391937,2144.443043032288,2450.6316691195707,1958404,-0.0832951574473819,0.04398441103073035,Energy
2008-12-30,2525.169314045237,2614.313414707765,2420.417916701114,2508.990882705917,1522694,0.023534818085715392,0.051849929788803074,Energy
2008-12-31,2589.8115786078483,2686.9965354796027,2476.0134466889594,2572.550672895246,953563,0.025017252908670608,0.048309577980274306,Energy
2009-01-01,2725.6304286147074,2935.7924020226583,2499.4259034173,2708.2475561642655,1582195,0.05140388102549064,0.0453974856260809,Energy
2009-01-02,2603.094502195588,2748.839296683375,2478.2057581043646,2622.99574982924,1249473,-0.031984686939816175,0.04631521573531313,Energy
2009-01-05,2562.820475602889,2663.540592171948,2454.745621875023,2555.164869317748,1571599,-0.026200330853676748,0.04437941410927576,Energy
2009-01-06,2585.877369801908,2613.390108340601,2545.9737914941625,2573.353278528877,1552065,0.00709307637966873,0.04217338636951492,Energy
2009-01-07,2558.859995291042,2599.9983868059753,2504.9892736178303,2545.919624822761,685137,-0.010717895622956587,0.039120613162079675,Energy
2009-01-08,2663.6895474247253,2898.78565306231,2451.421216086836,2684.832452278127,1845944,0.05312639418836972,0.036627433602825,Energy
2009-01-09,2774.858777264908,2921.9102175083626,2631.8365426575706,2778.690488215181,1305253,0.034361444692646036,0.039957692348059716,Energy
2009-01-12,2704.5804669091485,2819.351347097412,2586.554869011077,2701.1815120252118,580869,-0.02829049498126067,0.03942588076924367,Energy
2009-01-13,2763.9943885461475,2875.037718865458,2659.3908997477965,2770.199401095183,1756154,0.025230029224328952,0.03825667099326867,Energy
2009-01-14,2772.6914243735564,2817.764180955044,2744.282610370328,2789.186360916694,1385863,0.006830622826975696,0.03696405627888852,Energy
2009-01-15,2794.250275549143,2807.2196587326907,2783.4330131436514,2796.394097042112,1168716,0.0025808383498900087,0.03464205214045107,Energy
2009-01-16,2799.588020939056,2827.534288771546,2780.9488850001926,2808.833597504843,1406209,0.004438542575896999,0.032573862684514766,Energy
2009-01-19,2831.4309519290896,2865.1498664915425,2797.505796463,2831.222225344541,808638,0.007939192852170172,0.03085126128996036,Energy
2009-01-20,2825.924456379217,2836.5805240527116,2813.4645608660144,2824.113800873767,1157651,-0.002513883589360023,0.02951092807786156,Energy
2009-01-21,2914.607030420276,3087.1318940322835,2756.3965352396503,2928.184393383921,1087920,0.03618795341975874,0.028242943232221783,Energy
2009-01-22,2776.1238642999137,2994.336892054571,2567.7084145881004,2785.237260826267,1636386,-0.05004950785084943,0.030570676633686015,Energy
2009-01-23,2664.708795935006,2834.035245680539,2513.4514206036156,2681.8073044387907,1543808,-0.03784212758060285,0.03497707822688958,Energy
2009-01-26,2586.3190076049186,2743.406393084613,2418.961759167072,2575.385039212506,1304334,-0.040491881838702816,0.03596555010014383,Energy
2009-01-27,2594.467011733639,2621.5306263286143,2566.3051301761757,2593.357167675854,1215398,0.006954187371967214,0.037158518665720314,Energy
2009-01-28,2694.993139803138,2865.105353527274,2530.978120202154,2700.7405512891432,1565954,0.04057277355765114,0.034811758298672765,Energy
2009-01-29,2861.6311276267434,3111.65599855038,2612.2950730211332,2862.2647370804657,2142292,0.05808716392514069,0.03628235529565625,Energy
2009-01-30,2872.548516804067,2913.669838068225,2841.771089523583,2882.7827577721964,1188206,0.007142885397279213,0.04073383405192928,Energy
2009-02-02,2960.9602178237724,3072.5640875270647,2844.7165469533784,2956.138684468191,1212728,0.02512785526611321,0.03788204470492439,Energy
2009-02-03,3057.9877397783844,3194.149162692146,2909.612789184921,3045.2050436652044,1502264,0.029684318469205585,0.03664356444673365,Energy
2009-02-04,3184.528941753112,3422.047800257393,2956.94518184169,3193.801381374669,1925885,0.047643626226266944,0.0361438026048273,Energy
2009-02-05,3300.821278297903,3445.288737315671,3144.4410367757687,3288.3632434179235,1550862,0.029178083641911857,0.0385433112405721,Energy
2009-02-06,3236.9435547775233,3303.643993703914,3190.9516330618253,3257.3619583051354,1073428,-0.009472294040637357,0.03763208149786894,Energy
2009-02-09,3133.9622410818833,3370.376324868156,2863.926823897683,3097.597706777724,1984360,-0.050290774765824824,0.03530435524759862,Energy
2009-02-10,3146.0705502449937,3176.6919251871345,3087.416929254048,3117.762778623974,699912,0.006488808701329785,0.038425151965099026,Energy
2009-02-11,3174.2513820395884,3223.5641859694138,3101.281247116054,3150.2207287242927,896532,0.010356836514554794,0.035881883152743405,Energy
2009-02-12,3082.4045732121895,3227.689494072162,2908.883978675109,3052.772219079002,987877,-0.03142242090749079,0.03385405795850901,Energy
2009-02-13,3102.7405575076928,3161.490581533335,3033.0142123484225,3091.552389746021,995945,0.012623254170894122,0.03413184836131201,Energy
2009-02-16,2980.6130361208166,3180.772461366372,2757.6786547485867,2956.1985553818713,1383777,-0.044769185135162086,0.032494437061243685,Energy
2009-02-17,3086.886536167136,3267.594509866063,2893.906186133847,3073.8510559104984,1254426,0.03902701996152305,0.03528955571541904,Energy
2009-02-18,2944.622239143246,3116.1236632086334,2815.7415402128413,2985.455756341554,881678,-0.029178773701920478,0.03639709380067177,Energy
2009-02-19,2938.6289176026526,2997.586639642818,2902.2081219311945,2960.889945122788,765565,-0.008262537097554652,0.03588187390480189,Energy
2009-02-20,2983.9737833665813,3022.2401632881774,2947.1203403163927,2985.369482711768,1131496,0.008233638703668443,0.033767551404112084,Energy
2009-02-23,2906.3216777684243,3030.364028810408,2777.78070537004,2901.6224943893194,1274946,-0.028453457622127972,0.03197447330619949,Energy
2009-02-24,2835.0337724724377,2951.385410247659,2707.438621189991,2823.3090694968964,1348340,-0.027360435445242283,0.032238694796241765,Energy
2009-02-25,2747.6733780569953,2855.1725845955707,2650.0856740538024,2757.2449326059705,1348858,-0.023677657561128256,0.03230720922480262,Energy
2009-02-26,2898.5102818933624,3031.3398785428735,2712.506395208022,2842.7821469631217,1538341,0.030551233503012813,0.03192333526518564,Energy
2009-02-27,2757.653611744329,2892.67028394261,2616.775487224327,2751.490404431365,1187599,-0.0326404717458036,0.03248516812094557,Energy
2009-03-02,2643.2348300029325,2799.917741027368,2492.451223545642,2648.815769305691,1035496,-0.038030069505685576,0.03322708199112839,Energy
2009-03-03,2699.3250160438906,2779.5938202263064,2620.597519081938,2700.822644011011,1204183,0.019443748960455504,0.03464352912315988,Energy
2009-03-04,2705.344309751046,2706.7109305447093,2700.3675587560538,2701.7323549492335,770895,0.00033677063796478166,0.033419278779341775,Energy
2009-03-05,2717.816923549013,2750.7377197023407,2688.4089279122286,2721.292120874954,458092,0.007213631740478551,0.03151976471159771,Energy
2009-03-06,2734.563345045984,2754.435501357235,2714.6361639859797,2734.507917503567,1046137,0.004844687262959551,0.030043334142745712,Energy
2009-03-09,2737.0943988881404,2739.0387311640893,2733.859805743904,2735.803220813926,1220234,0.0004735757443461622,0.028733294108603674,Energy
2009-03-10,2602.86537688964,2796.9958022501396,2409.6213912865983,2603.690553252316,1731118,-0.049495192828339425,0.027577443561052933,Energy
2009-03-11,2723.7724345894494,2910.0635953349056,2538.3452424457746,2724.5813353744825,1427115,0.04538489578862929,0.03280058584320749,Energy
2009-03-12,2723.4499134538837,2747.470906150554,2709.758639108961,2733.727962199222,565389,0.003351453678240517,0.03563244392667741,Energy
2009-03-13,2946.3261086438256,3272.023854219025,2617.493385169626,2942.8015084509807,2204433,0.07369579007104898,0.03342785790944219,Energy
2009-03-16,3062.984201642996,3260.7705643584495,2870.9566674006587,3068.4032913619853,1601425,0.04179530410012846,0.04252761183819876,Energy
2009-03-17,3202.435965721731,3548.4048362810336,2915.9083028925315,3256.9956234731303,775818,0.05964785679737499,0.04253122772330626,Energy
2009-03-18,3046.275522558893,3358.663183435134,2729.846172222886,3041.7720095056948,1577336,-0.06836493910085405,0.04561583374662148,Energy
2009-03-19,2958.9997845043226,3072.542623821785,2865.2914249567257,2978.225409292314,1378489,-0.021112620563729752,0.04965589758990418,Energy
2009-03-20,3110.8921301019177,3324.2409773462155,2901.6940084705216,3114.7813194505043,1544633,0.04483132445237232,0.0462539505818416,Energy
2009-03-23,3147.982603844888,3206.7366366391616,3092.7410984919716,3151.4345556609246,730270,0.011698816311849146,0.045967591881292166,Energy
2009-03-24,3101.2077140007955,3169.6509598195853,3046.1344187806835,3114.3443750938027,1159670,-0.011839107061737393,0.042555198838177086,Energy
2009-03-25,3015.318284951728,3153.144997525099,2896.466229653409,3033.5733970933325,1041811,-0.026277392979587658,0.03962045717717455,Energy
2009-03-26,3242.355239805925,3549.20718278884,2925.3454843641935,3231.1356181190904,1011815,0.0630923963781509,0.03820209037229783,Energy
2009-03-27,3201.8040387487977,3257.947917950221,3137.5836693314486,3193.5833989845873,1306414,-0.011690051092438274,0.043181215119091135,Energy
2009-03-30,3241.9775687913025,3362.2719079789686,3140.926673716856,3260.6393345631695,1575553,0.020779682139528414,0.040152116575724275,Energy
2009-03-31,3325.309541196453,3410.4145191998705,3231.8639888574157,3316.7498990885592,1650740,0.017062066342811478,0.0381382124762215,Energy
2009-04-01,3179.1950785157082,3418.044109698688,2917.709061353912,3154.7192538142017,1774358,-0.050085849884261145,0.036156406304942816,Energy
2009-04-02,3394.2091015571978,3746.995663608197,3029.646463389305,3381.0670720570542,2045795,0.0692918539577987,0.039014323360847855,Energy
2009-04-03,3660.658281903384,4096.300657257904,3224.6485438558852,3660.241295034643,1980059,0.07933771138160892,0.045143084692787376,Energy
2009-04-06,3172.7037344101573,3648.6092945716805,2686.1412021095402,3160.166120128871,2519672,-0.14690447696711978,0.05171546522612806,Energy
2009-04-07,3026.2872491183834,3214.282875757931,2858.704504104168,3045.6290643751067,1404992,-0.03691712676713815,0.07400493414490242,Energy
2009-04-08,2993.444376886694,3100.0017118172,2868.3308842566903,2974.2032964028017,1379923,-0.02373126550655558,0.06845301570817912,Energy
2009-04-09,3119.3958649272763,3298.8653181847367,2912.6898614443508,3090.4966442491827,1215685,0.03835560068437463,0.06271465723430822,Energy
2009-04-10,2834.2931963386873,3246.3871128258215,2397.159981485046,2804.9939088722845,1600031,-0.09693043684153146,0.058882725830181254,Energy
2009-04-13,2730.797780841648,2845.6281718921305,2612.7625868791433,2727.4523000400372,1023162,-0.028033417403049314,0.06544514312687653,Energy
2009-04-14,2708.4971714665667,2770.3656676894416,2624.8727093982498,2686.2326307298586,1467340,-0.015228247082218637,0.06036832183199995,Energy
2009-04-15,2648.297969412971,2738.3263544355905,2536.766972998942,2626.038656933784,960000,-0.022663206346722784,0.05522908971754923,Energy
2009-04-16,2456.2699543453236,2737.0090915274727,2155.2541733379435,2433.376731868328,1683759,-0.07619660227370384,0.051159016987334716,Energy
2009-04-17,2648.5662597740325,2991.0642760423625,2308.5778909408505,2650.7904009883287,1852211,0.08557796570843294,0.05535959126472009,Energy
2009-04-20,2681.1984454835015,2781.6864339975796,2602.9875663153857,2702.84414712503,1126569,0.019446746360721027,0.06041759435972735,Energy
2009-04-21,2636.410854361018,2747.6233943716093,2517.0398075365933,2627.893037840575,989907,-0.02812220759057812,0.05547030699550868,Energy
2009-04-22,2521.434887855255,2669.999242246349,2391.4798370185354,2539.132076237827,557869,-0.03436007845180041,0.051770578039132605,Energy
2009-04-23,2670.4304875273792,2843.0116096073225,2479.5998768408913,2650.9201073455984,1389846,0.04308446968532044,0.04920616271450983,Energy
2009-04-24,2655.7938292636295,2681.0654686592006,2637.7389578579878,2662.9618668156736,1172531,0.004532197041978906,0.048118997168262435,Energy
2009-04-27,2561.3701281130866,2733.5328478051733,2375.1207758611376,2546.268433836832,1389678,-0.04481005896088272,0.04422026042763088,Energy
2009-04-28,2497.633359952628,2574.9884879149718,2416.983381000101,2494.2332013921855,1565539,-0.02064758027943997,0.044334369888853344,Energy
2009-04-29,2434.097257455142,2520.3545821454913,2354.167195782837,2440.2233537955603,1741608,-0.02189177429880025,0.041669862832300286,Energy
2009-04-30,2475.345700413652,2532.3651644989554,2419.9310631866388,2476.9153872798843,643437,0.014924417013147749,0.03950935891738334,Energy
2009-05-01,2418.5972058273214,2486.846337970924,2389.0260299044917,2456.80797496396,971474,-0.008151054352658517,0.037177981213716335,Energy
2009-05-04,2531.741145236374,2697.101365230512,2387.620300504431,2551.8365763355882,1679803,0.037950389728985644,0.034867288147502305,Energy
2009-05-05,2501.962218564236,2578.516549927309,2423.806523073125,2500.3103097996695,1366838,-0.020398477854714582,0.03589731241048623,Energy
2009-05-06,2460.382954099862,2508.8400948935982,2434.8503711762532,2483.072056192796,826081,-0.006918322174484412,0.034544294976960106,Energy
2009-05-07,2458.1867397372844,2494.07473061341,2451.6605444640263,2487.4707896485716,1097497,0.0017699212100150941,0.03258567368677038,Energy
2009-05-08,2523.283701873285,2568.92743694643,2472.1078481286836,2517.6496690567483,1317060,0.012059348179057091,0.030820947371227782,Energy
2009-05-11,2613.419993032618,2711.0366462854067,2484.719170302125,2581.1297147364794,1142362,0.024901381717707137,0.029694424043304045,Energy
2009-05-12,2652.9956719492243,2694.424799867477,2567.4126387722176,2608.141322049978,863788,0.010410653475312972,0.02997363636812335,Energy
2009-05-13,2608.5351986224678,2666.5769077270434,2573.717424683954,2631.4532322562836,834592,0.008898422879093275,0.02889623431470347,Energy
2009-05-14,2459.45062002633,2710.7633405346346,2206.982488955038,2458.1637098083843,1862037,-0.06812164160076106,0.027926173664082104,Energy
2009-05-15,2400.6838768876783,2482.3018787265105,2326.9814707725895,2408.3636976013995,1074983,-0.02046705852573934,0.03768263059515033,Energy
2009-05-18,2435.062654656778,2479.9898521832647,2392.0185402035017,2436.9130290330354,788861,0.011784533037499472,0.03603913971726924,Energy
2009-05-19,2356.8905789889536,2480.274440246565,2230.1337826859663,2353.3313155361607,1336583,-0.03490018087320787,0.034057113149611934,Energy
2009-05-20,2385.5109138041435,2426.617331508775,2339.5013547756025,2380.5218015756136,1111519,0.011487802596573747,0.03479386380693828,Energy
2009-05-21,2358.7857502815127,2385.2338254931433,2344.666324295517,2371.0410407181025,1308519,-0.003990591623765423,0.03298917713686252,Energy
2009-05-22,2400.0182983545847,2425.405609969062,2362.5623779387593,2387.8206633870223,933783,0.007051977237529825,0.031193226344191846,Energy
2009-05-25,2257.959271949297,2445.2379989836545,2076.1574739846374,2263.0280809106466,1757436,-0.053677318341740304,0.029763626345789645,Energy
2009-05-26,2249.966376948078,2284.5331196779825,2205.5549623781885,2239.9680993055567,1585168,-0.010242150900285003,0.03522622514910598,Energy
2009-05-27,2292.6039903169676,2375.8188928254763,2210.7537802569914,2293.921640222602,1134270,0.02380123516190282,0.03329331462717458,Energy
2009-05-28,2490.2016335573703,2841.041053695455,2158.4067814990613,2507.00704589023,2325998,0.08882677011294184,0.03273729766453028,Energy
2009-05-29,2406.3678595094148,2543.8772486931407,2293.2338240328054,2429.64867856405,913554,-0.031342959481313847,0.046270009617520716,Energy
2009-06-01,2396.6009818248745,2448.332252156997,2343.240632418138,2394.935962872839,1598134,-0.014390177512356803,0.04427288333010919,Energy
2009-06-02,2445.9328751723956,2576.376019088475,2337.3564709054244,2466.870194841216,768042,0.029593726894983637,0.04122053056444979,Energy
2009-06-03,2667.660277922359,2932.07018320776,2374.1712522748885,2635.3818207170452,1904146,0.06607785543350866,0.039883254791228145,Energy
2009-06-04,2582.5906925965473,2655.150778759135,2522.6324894397226,2594.90664474872,1364406,-0.015477534071686358,0.04502756552376965,Energy
2009-06-05,2624.474968684735,2700.21721367806,2561.3835114657377,2636.8287752838414,707177,0.016026432707952443,0.0419275379045673,Energy
2009-06-08,2698.2165655696613,2772.8009558121844,2611.6278009427556,2685.87093186085,1868215,0.01842807114255893,0.039304729099594635,Energy
2009-06-09,2688.360755757395,2717.879824802873,2637.0049328047216,2666.2815652096365,1157003,-0.007320215235811131,0.03724014573789017,Energy
2009-06-10,2616.0976017593293,2725.1554684369817,2485.0984290780193,2593.201834607172,1901992,-0.027791487749873677,0.034892701189908316,Energy
2009-06-11,2678.4714869020204,2801.6310880761334,2550.9747364263417,2673.9252979207204,817654,0.030654200048143156,0.03449428207348706,Energy
2009-06-12,2602.251623266168,2705.3440397380705,2505.8259163967746,2608.6801264781852,739195,-0.024703147076496332,0.03453746362576397,Energy
2009-06-15,2567.702393504144,2637.260945571721,2492.58675839502,2561.990578519753,1575757,-0.018059868683522586,0.03384975533564795,Energy
2009-06-16,2584.166782670114,2599.4609199613815,2556.896305580262,2572.119140082169,1093319,0.003945601187929698,0.032643047920751726,Energy
2009-06-17,2733.3153574254075,2939.898128562083,2500.5937696895066,2705.0394610273133,1329230,0.05038637310923925,0.03089967681635722,Energy
2009-06-18,2794.299126571569,2911.4390071315743,2665.092546709587,2781.7044453360963,1337406,0.027947349288437062,0.035279597661393186,Energy
2009-06-19,2662.2093759397026,2831.80637400413,2506.4879207405374,2675.3181435162383,1403941,-0.03899554422892301,0.034826400312942325,Energy
2009-06-22,2790.4159970099217,2934.101577441479,2626.1819059101267,2768.7519497294643,866904,0.0343283535705845,0.03603332343071245,Energy
2009-06-23,2735.489734742021,2778.9326486730147,2704.859228045619,2748.160264367781,1503451,-0.007464965976020077,0.0362696249884104,Energy
2009-06-24,2843.3061018493213,3037.523836246707,2669.453712734307,2862.497970848264,1938713,0.040762966979868684,0.03406974339488646,Energy
2009-06-25,2822.389212841328,2892.503873803464,2745.537966739289,2815.4810120525412,1414576,-0.016561538392868856,0.03574689991516757,Energy
2009-06-26,3052.3636178274305,3404.087307153853,2689.9580339482495,3040.290543605942,1847064,0.07681996279258664,0.034108875178269604,Energy
2009-06-29,3034.204197164351,3082.5004620427894,2960.3166860419014,3008.1990193339684,984676,-0.010611517164549956,0.04377131818051155,Energy
2009-06-30,3004.4088899780922,3015.604547567887,2989.5531393581164,3000.735106928146,1321619,-0.002484272946810597,0.04061567776964574,Energy
2009-07-01,2986.16968676713,3011.54774468606,2958.4241838654166,2983.7819495235512,984964,-0.005665687838926236,0.03769127705930504,Energy
2009-07-02,2947.803303984227,3011.403650341515,2877.714136758036,2941.171396355905,927681,-0.014383670324119175,0.03523238419256153,Energy
2009-07-03,2936.7146171656054,2993.0842163821812,2848.0370989590065,2903.774418211328,1287149,-0.012796521865417385,0.03352745460831689,Energy
2009-07-06,2768.5292446778344,3006.931579431991,2505.6719937108173,2741.7700530950324,1722604,-0.057407697658111295,0.03199741889259219,Energy
2009-07-07,2778.8172326872227,2843.0502007091077,2717.944018981466,2782.1049654058047,954961,0.01460410637775559,0.03759540417645726,Energy
2009-07-08,2688.609433682892,2813.3747785857527,2593.53059223117,2717.2819736165998,1561812,-0.023575716690959113,0.03553482124081764,Energy
2009-07-09,2718.2028666608103,2777.8603202381814,2682.100317819685,2741.449021287536,1353300,0.008854514204692231,0.0345478071535278,Energy
2009-07-10,2731.5232322529573,2742.145939225201,2729.4379263029405,2740.0541206041485,1144131,-0.0005089482491903298,0.0326588601540844,Energy
2009-07-13,2709.1325742024155,2772.0940335526398,2635.226855968082,2697.927913975784,1211949,-0.015493633140430648,0.030875876853933826,Energy
2009-07-14,2621.7026009291003,2733.1059747335667,2513.2651845994233,2624.5507546416366,1043749,-0.02757429880140946,0.029977720350002714,Energy
2009-07-15,2640.014916991007,2687.771089933562,2602.15013125248,2649.7664415803124,471646,0.009561760552899635,0.030544758422105505,Energy
2009-07-16,2655.9539980922,2676.5970272165537,2639.8700982189794,2660.4856844023334,1600797,0.004037193386324618,0.02932745988629899,Energy
2009-07-17,2616.9182498157347,2662.70634385857,2610.343362339752,2656.0331819037697,829445,-0.0016749695247952573,0.02811627219728406,Energy
2009-07-20,2740.399902675545,2855.9317503414754,2616.5753166286427,2731.742164848016,961783,0.028105836561331244,0.02707102950118011,Energy
2009-07-21,2569.483098098554,2793.2296943209158,2377.3731431469655,2598.9189394641294,1640093,-0.049843995236175914,0.028368348875548798,Energy
2009-07-22,2711.045664752836,2946.4173469179264,2502.3262905748265,2735.79273277393,1676308,0.05132567527765796,0.033413682130311075,Energy
2009-07-23,2712.667909490787,2775.958213784337,2630.724045657226,2693.5687398357322,1592062,-0.015554257875826856,0.03726027461265569,Energy
2009-07-24,2650.6786221204657,2710.0831024276486,2600.675926566481,2659.9063342877566,996893,-0.01257607394994423,0.035312217320335036,Energy
2009-07-27,2652.359582127386,2661.177662446448,2648.5491239030453,2657.3600204445233,769560,-0.000957753051287418,0.0334856058488125,Energy
2009-07-28,2618.369715454939,2679.2034032486768,2555.7267778067053,2616.517430687308,956726,-0.015488947807145487,0.0315779390221355,Energy
2009-07-29,2775.714981926299,2994.392903713285,2540.3623732249644,2757.6142750540384,2103840,0.0525217041881409,0.030556817765180294,Energy
2009-07-30,2693.528039519958,2806.6899623092954,2568.7951663137005,2681.4496452216486,1374844,-0.028008352151033596,0.03550710775565277,Energy
2009-07-31,2712.876196926287,2785.603461618565,2650.4236942589196,2722.9197486434373,928008,0.015347180909109649,0.0350181942634065,Energy
2009-08-03,2745.2028002730895,2756.6328971359108,2719.119628823834,2730.4884601463077,918601,0.0027757747349142713,0.033411817338395135,Energy
2009-08-04,2804.859468850826,2887.217085202813,2702.705527474026,2784.464290921624,1295619,0.019574983409235247,0.031531498047036616,Energy
2009-08-05,2629.9366269439097,2846.173525457353,2436.679660524866,2651.3435064585924,1375590,-0.048989004637123384,0.030868516187095782,Energy
2009-08-06,2532.9996985787075,2704.0531036235966,2367.9468397981573,2538.633162551609,1252820,-0.04344068388510882,0.034961130124394,Energy
2009-08-07,2629.3586169373075,2775.2131064681103,2486.5442528305916,2632.2421238595134,1164862,0.036210190370321096,0.03689022157863437,Energy
2009-08-10,2584.0480572892,2654.9833716267885,2514.611466243931,2585.5075618747505,861481,-0.017914164005683346,0.03722079313360782,Energy
2009-08-11,2437.4985764386015,2663.0412976570346,2205.9090468375994,2430.8352034830677,1623017,-0.06168693413774788,0.035446403823226405,Energy
2009-08-12,2351.694129398272,2465.184139332294,2245.748647801113,2358.9134234393923,1124562,-0.03003380421876746,0.040938364790213816,Energy
2009-08-13,2396.952248498577,2439.093765996563,2344.7628856499205,2386.7245876556944,1460257,0.011720861363114612,0.03969967479381894,Energy
2009-08-14,2456.2585859127475,2546.09403177787,2356.1878445918305,2445.6347325886363,1091617,0.024382732985403374,0.037167971852819594,Energy
2009-08-17,2424.753911184745,2473.3144810552653,2364.8700784290127,2413.199242845718,970672,-0.013351339737068648,0.03597699480914454,Energy
2009-08-18,2471.077228936181,2531.0462740971243,2393.040093705632,2452.559749612021,933284,0.016178921068298723,0.034091260834911416,Energy
2009-08-19,2417.520288925573,2461.0068361186645,2392.1886026261272,2435.486889029932,1776309,-0.006985583924014342,0.03269609877785587,Energy
2009-08-20,2411.4612108697306,2450.1685594804394,2402.755887013709,2441.355318529425,851026,0.0024066525354785556,0.031024952177996404,Energy
2009-08-21,2493.4590490126993,2566.3210667163808,2416.6383872582237,2489.3812464282123,829175,0.01948084067727295,0.029511132180611944,Energy
2009-08-24,2572.739839718192,2706.7202267140055,2441.5915148712525,2575.434536641849,1575030,0.033984087786428974,0.029217306704917786,Energy
2009-08-25,2581.841236493797,2600.8185759995745,2544.0075284012496,2562.8452414099124,771801,-0.004900208228023869,0.03092181337296931,Energy
2009-08-26,2605.512768984084,2653.6005377004203,2546.6876891319175,2594.5735620607015,1235468,0.012304108757086494,0.029470809963757255,Energy
2009-08-27,2458.195312001695,2653.128099364628,2273.8630765753933,2468.056411501157,1717055,-0.049991209547462945,0.028592509085105612,Energy
2009-08-28,2427.967645970099,2486.3517492131355,2372.285598530937,2430.609123182776,1002339,-0.015289069037247959,0.03359900914354812,Energy
2009-08-31,2342.921543541913,2476.4577580202917,2206.6168384814246,2339.9857241795808,1287004,-0.03799706534389689,0.03222077089621606,Energy
2009-09-01,2464.158860246323,2624.748587610769,2284.622562005553,2443.891458747601,1155747,0.04344680043569182,0.03386899774025519,Energy
2009-09-02,2425.118012568527,2449.4362452874902,2408.459263890583,2432.7252406369007,1289296,-0.004579501861107478,0.036067033098916707,Energy
2009-09-03,2658.1078576871946,3002.2671121942894,2308.6659770806014,2652.039533643608,2049475,0.08631685217031179,0.03382026724969905,Energy
2009-09-04,2721.271363693513,2811.6704195768657,2621.3554783645677,2711.427527728322,1151613,0.02214627988212492,0.046180496172752106,Energy
2009-09-07,2777.1105972552014,2846.9285167470816,2687.9361681561873,2757.2549058490345,1587410,0.01676032625681428,0.04335526771110829,Energy
2009-09-08,2619.5855053722908,2814.1640918349017,2441.6938218273112,2635.2112874826,1740394,-0.04527222167531372,0.04056944257784083,Energy
2009-09-09,2841.1002840654155,3160.515838109287,2520.986576744708,2840.313697443573,1774047,0.07495113913797051,0.04152276297615792,Energy
2009-09-10,2713.738253639505,2897.575737052927,2534.165417937288,2717.738216752641,1461851,-0.0441145064896818,0.04818674988885706,Energy
2009-09-11,2467.1815371449798,2813.886032827656,2155.2581359940705,2498.0588433913167,1935425,-0.08428602880242235,0.04742872277750308,Energy
2009-09-14,2363.6984246154093,2564.2354344293585,2160.407756757695,2360.6894872631437,1532698,-0.056560235639078534,0.054453716063613204,Energy
2009-09-15,2255.6995412017136,2398.955378815131,2137.980316165231,2279.969563033949,1204945,-0.034791638657622526,0.05433253898762232,Energy
2009-09-16,2109.8187695184733,2344.9976158828867,1903.3565574320514,2135.9757403170356,1529918,-0.0652385298267563,0.05141194950928807,Energy
2009-09-17,2072.1636025004714,2159.070509266387,2001.8056483067396,2088.1691064229135,828702,-0.022635907096920756,0.053413113632983004,Energy
2009-09-18,2077.7740629243685,2118.872565918578,2020.0507600523977,2060.813787725453,1098645,-0.013186709029169814,0.049590585899856314,Energy
2009-09-21,2200.1751675485443,2395.924855772796,1992.1905435975139,2186.745383283536,2017138,0.059313364714912706,0.04575439172544883,Energy
2009-09-22,2236.0082053978394,2289.416132700565,2168.775308689871,2221.844940901018,1054858,0.01592359311675635,0.04798419296813581,Energy
2009-09-23,2300.1938579566854,2390.733965664347,2191.139277552485,2280.920758551367,1480135,0.026241297704675665,0.044497419503886255,Energy
2009-09-24,2221.7078633824312,2303.7609683163273,2152.0927842300644,2233.767996491912,1272338,-0.020889358827576792,0.042276555320741094,Energy
2009-09-25,2195.704586491375,2275.961946994139,2100.310325042161,2179.993410894521,1562127,-0.024367989815670472,0.039941213059498264,Energy
2009-09-28,2154.157441647575,2191.6387321196216,2147.2648306282513,2184.648559329897,1156412,0.0021331189280984677,0.03827937094153822,Energy
2009-09-29,2171.8246175108884,2234.299841951436,2081.501242607598,2143.1516537402463,787929,-0.019177492183860875,0.03567815467759111,Energy
2009-09-30,2115.3955014311937,2152.7499455407437,2086.4481950616537,2123.6891479929436,1144627,-0.009122740515096862,0.03425654693526188,Energy
2009-10-01,2155.393644397839,2177.694388637535,2116.263462233055,2138.388260553641,603078,0.006897655500240344,0.03242364053461777,Energy
2009-10-02,2166.5801908166704,2193.368077581509,2129.4291653549017,2156.0873168246767,1504014,0.008242755681167571,0.03079237925403762,Energy
2009-10-05,2282.065398188907,2492.149633960193,2078.591067240709,2288.1341947988603,1803666,0.05944157168901444,0.029474191240515864,Energy
2009-10-06,2416.778662035752,2665.4355147421834,2189.4128444774988,2436.238914618724,1787074,0.06271869827658216,0.03640023936947446,Energy
2009-10-07,2469.7467665253284,2541.749707579964,2406.441802891071,2478.2273677517132,1453275,0.017088111891277277,0.04183332652264667,Energy
2009-10-08,2630.179682778902,2920.3475273648105,2363.517891443743,2651.521942697128,1647408,0.06759025960117915,0.03929150419062142,Energy
2009-10-09,2720.4462842630537,2784.3249024505158,2630.1128271051293,2693.355324263421,1589829,0.015653955641268685,0.04494801797846614,Energy
2009-10-12,2588.302970898719,2740.657160026614,2440.9987067669495,2593.0809725441713,1414294,-0.03794101535200684,0.04186903874268949,Energy
2009-10-13,2701.7052411587515,2839.3827753682963,2545.9807281815556,2682.689215321161,1175364,0.033972996538659005,0.04145287952700813,Energy
2009-10-14,2678.877822238955,2688.8866881004105,2675.1673636645496,2685.167517798048,1532876,0.000923386288493073,0.040593073928157745,Energy
2009-10-15,2739.182478888816,2777.7276021419602,2672.334895721597,2710.476069216926,967994,0.00938117450497619,0.03766120042012961,Energy
2009-10-16,2649.391619731931,2739.087740658884,2561.6676625790146,2651.3005760872265,683151,-0.02207398772849648,0.03532554003737323,Energy
2009-10-19,2519.851846487114,2726.3771492958326,2304.5771471042617,2510.321335901297,1625870,-0.05463953581150214,0.03422578214272567,Energy
2009-10-20,2498.4624489641715,2588.1812883147395,2452.422205704581,2541.3507243392733,1190202,0.012284953699871969,0.03853498620318319,Energy
2009-10-21,2479.6304477703675,2569.738622420548,2392.5090476316955,2482.5158443564824,1080972,-0.02342322158449321,0.03620212897682697,Energy
2009-10-22,2360.000700567654,2558.305661683975,2150.037379353623,2347.2728510854467,1065565,-0.056018333968749154,0.035082366088582055,Energy
2009-10-23,2133.2023275248866,2436.994908943771,1836.4094798231527,2139.3471332470162,1330275,-0.0927534608015349,0.03943762149767378,Energy
2009-10-26,1896.178946937577,2203.5143535810857,1611.7521048969404,1916.0994378965963,2193071,-0.11020912767066911,0.05132973275903846,Energy
2009-10-27,2109.2822407994513,2435.7453489050395,1792.8899046795336,2118.039433830469,2144575,0.1001992885384775,0.06347992553068192,Energy
2009-10-28,2303.640958607772,2643.9016779035114,1985.0042567776002,2322.6374108427394,2561428,0.09221248957787331,0.06949636947242134,Energy
2009-10-29,2506.2705045103066,2763.184977637721,2231.983487608792,2486.913722639465,1769166,0.06833911786858045,0.0723827864965162,Energy
2009-10-30,2624.1244160901983,2854.7831753763967,2401.558274743051,2631.584319404407,1502455,0.056543594752965005,0.07065372940941306,Energy
2009-11-02,2412.492556968213,2718.053177843862,2133.565326734799,2436.3657769678416,1526878,-0.07707857430903828,0.06762496801999227,Energy
2009-11-03,2546.0230711580334,2671.2008665171174,2393.76882487977,2517.546542974068,1065068,0.032777339890626186,0.06818852566518117,Energy
2009-11-04,2583.46280657498,2710.8361256064068,2467.277943439606,2594.1697443708886,1188730,0.029981687844103395,0.06309431929626234,Energy
2009-11-05,2434.143863591153,2655.889662290792,2240.486976329205,2460.162750825588,1632882,-0.05303901443092779,0.058476916324855494,Energy
2009-11-06,2370.615275340451,2501.375317763055,2242.4276500949336,2373.055728508294,1791675,-0.03604904503877024,0.057075479429102884,Energy
2009-11-09,2328.1039142769905,2385.8697412643637,2289.5439835068937,2346.996889827453,655064,-0.011041869890666491,0.053861102187763014,Energy
2009-11-10,2284.584717495018,2366.5605849811977,2225.432734114786,2306.8325650466873,1411708,-0.017261192060349772,0.04938727666825618,Energy
2009-11-11,2377.603253978527,2506.837400993756,2257.2204388124132,2386.0280229019604,1450334,0.03375466868849909,0.04578181724295299,Energy
2009-11-12,2231.09664479982,2452.5900361737677,2018.295669774655,2239.0321740108843,1316827,-0.06358636100058863,0.04413260111067859,Energy
2009-11-13,2158.5332276241043,2272.87837043209,2054.024140714795,2167.915046669074,956206,-0.03227780963228199,0.047588160086622304,Energy
2009-11-16,2270.4726038564763,2442.2424604699827,2104.691701799957,2276.054025171778,1536486,0.04867735518292082,0.04547510234779763,Energy
2009-11-17,2302.54716829118,2327.6000651927416,2267.678881394337,2292.6238070238346,1485242,0.007253676058285902,0.0459326755477489,Energy
2009-11-18,2290.9516627142875,2366.521470080398,2247.0957861896295,2322.069894676188,927442,0.01276205495396567,0.042376183391541984,Energy
2009-11-19,2484.609599024381,2756.6373643461943,2221.025803919212,2492.2436940261978,1573026,0.07072440279515656,0.039509786661839685,Energy
2009-11-20,2597.161976538106,2737.617978121076,2444.007761644814,2583.7377747346554,884824,0.03605371372079783,0.04581604267351121,Energy
2009-11-23,2708.9704184294733,2931.3165448816803,2499.1876969574096,2720.6308401282763,1794529,0.051626679529828017,0.04443273966309063,Energy
2009-11-24,2714.8667244499925,2722.0297635999755,2710.6702017293587,2717.8286624446146,789559,-0.001030504292737413,0.0455983748511471,Energy
2009-11-25,2799.448244738638,2987.256125082432,2637.991971049157,2824.362914744148,1588316,0.038449546618796876,0.04199438917423591,Energy
2009-11-26,2801.5244266836335,2859.9701726596018,2727.2449645356146,2785.3533474750225,1124578,-0.013908081714200798,0.041624249218122855,Energy
2009-11-27,2739.8173601454505,2793.9259018262146,2714.2019828633047,2768.0466008744907,1405648,-0.006232867356965247,0.03892399913836262,Energy
2009-11-30,2849.842146155202,3032.0669601578857,2691.5203713016062,2872.487151606043,1217373,0.037036384644951154,0.03630274731286919,Energy
2009-12-01,2736.5660404964847,2929.1484049014507,2559.7738267109694,2751.3979925559347,1422168,-0.04306911439843315,0.036879067749943754,Energy
2009-12-02,2677.264013155321,2785.9638319101573,2570.802394920265,2679.416615278987,1457777,-0.02651005347547183,0.03829222901247395,Energy
2009-12-03,2607.794873218455,2707.392533059746,2522.4319301932223,2621.5784032109186,1225214,-0.021822509610678793,0.03712752728752425,Energy
2009-12-04,2701.4835469761756,2856.6730732774436,2560.1354859508488,2714.6368025554902,1116778,0.034881589706154986,0.035695880922662654,Energy
2009-12-07,2729.826593900636,2759.021658177914,2703.185743947187,2732.356122120988,1391789,0.006506115324437054,0.036081373684218425,Energy
2009-12-08,2846.4649444912698,3009.227438319515,2676.2168263367103,2838.525328373537,1288162,0.038120381362442286,0.033879814817150335,Energy
2009-12-09,2846.67136926689,2851.167981768442,2837.027596981748,2841.5160661476466,567632,0.0010530691038191727,0.03516031858385565,Energy
2009-12-10,2818.938609059913,2851.035259128116,2790.219357163138,2822.281945432636,571217,-0.006791977615138108,0.03300249604977164,Energy
2009-12-11,2711.135194179849,2884.678618496493,2531.26605844361,2704.376873530498,1853242,-0.04267423345743387,0.03127701137258537,Energy
2009-12-14,2836.375559797272,3001.460577070151,2647.7443126563867,2811.374179430811,1672086,0.03880187086007244,0.03399653927236716,Energy
2009-12-15,2856.6822888610077,2985.74716795501,2752.4245196303837,2880.615914667069,1616823,0.02433073490814944,0.03536169570784669,Energy
2009-12-16,2892.3600161375384,2911.2152113695965,2873.9879471448094,2892.840092962376,654831,0.004234620146460504,0.03448416039057745,Energy
2009-12-17,2880.157143772401,2924.355833934547,2861.3959115642283,2905.4299754783865,1433652,0.0043426408749349076,0.03246560727049747,Energy
2009-12-18,2791.5941276388166,2956.681150860762,2631.9604862511837,2796.7525328504416,1491206,-0.038122457178891345,0.03075778444262592,Energy
2009-12-21,2635.1063669285286,2866.4692984016947,2414.1258145163492,2644.68544275504,1564821,-0.05590680138141915,0.03278461993463846,Energy
2009-12-22,2758.3385628900714,2892.2128301919934,2599.0777196347804,2731.6570143738163,1296412,0.03235625703651945,0.03779815616550855,Energy
2009-12-23,2708.677184594442,2770.8160759030816,2628.4825285273196,2690.1974829495484,1536535,-0.015293785385243482,0.03741656842926319,Energy
2009-12-24,2550.064794830613,2779.899442855556,2304.9898088744635,2533.314797304205,1802618,-0.060085962911178875,0.03542717396475298,Energy
2009-12-25,2628.5306915655547,2791.6858733178565,2472.698997406113,2635.444307410182,1634433,0.03952314364814162,0.040566194854184084,Energy
2009-12-28,2547.6721160595703,2671.673220246711,2436.212908055853,2559.6883105588313,1697239,-0.02916628800101342,0.040630096782223526,Energy
2009-12-29,2953.5534159755916,3396.58642837193,2485.43688029964,2924.043388587812,2175228,0.13308188316482747,0.03934774027806412,Energy
2009-12-30,3031.0182720723487,3191.3266275546225,2868.7822221672336,3028.9829298788245,631823,0.035259515910180415,0.0632077042455784,Energy
2009-12-31,2844.640213783679,3114.942844306882,2572.902739669911,2843.0547131854855,1648651,-0.06334781910519627,0.05901403324744249,Energy
2010-01-01,2826.8662792350883,2869.809862400485,2771.652707370847,2814.4070190162874,915415,-0.010127488397273862,0.05905985797402411,Energy
2010-01-04,3121.6951427352988,3589.9494141455934,2653.2738089752384,3121.4985987943983,2411910,0.10356161766754338,0.053905828648811785,Energy
2010-01-05,3154.5531687284183,3185.4255494760355,3111.1822534672074,3141.9311070228737,728475,0.006524406489358495,0.0635092275810359,Energy
2010-01-06,3211.951288122435,3262.3247962867126,3125.160417098786,3174.953686390895,693579,0.010455432154394874,0.057733203378624386,Energy
2010-01-07,3074.7153535593116,3205.1177534673348,2983.5145744788333,3112.7876904099917,1371242,-0.01977435710157767,0.052753157508497614,Energy
2010-01-08,3131.9881924847423,3141.013483099219,3109.7862022333943,3118.773412490434,1122669,0.0019210993272861725,0.04883615752196516,Energy
2010-01-11,2903.2808807628285,3214.4047461007112,2594.075055281648,2905.014306907031,2233053,-0.07100147228376046,0.044816624355276356,Energy
2010-01-12,2939.7248995308933,2967.1978055146715,2895.851627291256,2923.1698194242945,797211,0.006230266872514084,0.04962867331342639,Energy
2010-01-13,2722.065251207875,3039.2467757302065,2389.5323440931697,2704.6891657659853,2129486,-0.07768158738580008,0.04556562965301865,Energy
2010-01-14,2735.7292526008255,2759.95604000248,2696.610600345749,2720.7043316102813,1282934,0.005903797528848475,0.0516347328583919,Energy
2010-01-15,3035.5187482561337,3499.55318323236,2580.1909360177137,3043.0897245498786,2162225,0.11198256380484269,0.04730903437690567,Energy
2010-01-18,3086.3942137446606,3096.221605102764,3039.846160233844,3049.556255807803,1074103,0.0021227340984373865,0.06141278349322757,Energy
2010-01-19,3000.17554339579,3089.073260310032,2901.3133008088876,2989.9067446048525,1076539,-0.019753892314719124,0.05583815793090542,Energy
2010-01-20,3004.194874930981,3023.1648196935002,2983.5603886703475,3002.51975591827,1212867,0.004209656952420669,0.051505847669275545,Energy
2010-01-21,2839.9596087957743,3068.3158858501306,2633.8707185363155,2860.720433553015,1768944,-0.04837836181922471,0.04716927026203663,Energy
2010-01-22,2923.6388924062057,3057.4410564226737,2805.5845341942745,2938.7754935446824,1146813,0.02691950284251659,0.04723369485324238,Energy
2010-01-25,2933.560210135692,2952.0727531923435,2925.607520876756,2944.091514258888,1801994,0.0018072895933659502,0.044648812846307694,Energy
2010-01-26,2827.094650807405,2991.9397823226977,2679.1372207491995,2843.1424809482046,1426344,-0.034890337568747314,0.04117405900829832,Energy
2010-01-27,2687.5466172854885,2957.916689672669,2391.244564884785,2658.714050085565,1514073,-0.06706738173972283,0.0404826241309063,Energy
2010-01-28,2782.6518513127266,3003.441988607714,2574.6573635415402,2794.55758465566,1812567,0.04983123985921662,0.04567033325072903,Energy
2010-01-29,2718.92258292983,2850.241851948666,2575.3136939491746,2706.0092723500443,1626194,-0.03219884960886,0.04627198224922003,Energy
2010-02-01,2614.512025261765,2793.7573239204285,2407.8844595128376,2585.1143146108725,1933430,-0.04570522706258287,0.044366563541002414,Energy
2010-02-02,2412.870325630804,2684.453704807572,2128.297320370748,2398.2332012746742,1669699,-0.07503742915422176,0.044587652275900135,Energy
2010-02-03,2382.6525155110876,2406.6913233050127,2358.1228542076265,2382.156659260691,1189240,-0.00672606339291535,0.05034917431788225,Energy
2010-02-04,2197.0359940726275,2462.48132616195,1934.996283465558,2200.0787116939105,2148015,-0.07951309895514537,0.046204085024041136,Energy
2010-02-05,2126.23036851811,2236.032750887189,2015.8526470349882,2125.6236999413613,1659643,-0.03442787260021652,0.052499561085257364,Energy
2010-02-08,2041.9210024377169,2158.2913897480335,1941.2898667547047,2056.9210147541658,1087940,-0.032855053505294024,0.04982725050694897,Energy
2010-02-09,2186.4743253409597,2357.715393983901,1997.441370082572,2167.1706029779257,1628274,0.052212235517938306,0.04741436591995254,Energy
2010-02-10,2201.836106872867,2302.933776894428,2120.6883482634535,2221.0769065737886,1273414,0.0245697241364807,0.04803556294184575,Energy
2010-02-11,2313.3886607526833,2445.2523229418866,2175.596953815142,2307.1022915796184,1392936,0.03800014654586117,0.04512740793944888,Energy
2010-02-12,2392.1793128896015,2575.634262960289,2231.029396817161,2413.076594876851,1351042,0.04491021087037762,0.04411108736466134,Energy
2010-02-15,2273.98331871798,2474.80375175702,2077.608865253717,2278.0758770924185,1219384,-0.05757135561720676,0.04426250646831352,Energy
2010-02-16,2234.449810524726,2327.201921725704,2123.9161263554847,2215.8981576176357,1302567,-0.027673363039705502,0.0465242381047388,Energy
2010-02-17,2257.918165109293,2322.2832965353714,2193.854533846668,2258.211346863305,1222126,0.018915250414467337,0.044118885279098394,Energy
2010-02-18,2192.0800400797643,2296.787093730558,2082.9485464392815,2187.433660801607,1353136,-0.03184404819055893,0.04136240848104105,Energy
2010-02-19,2300.4268054550685,2479.7665684714884,2123.4054354613877,2302.579542092687,1488857,0.05130102222013896,0.0402589813464821,Energy
2010-02-22,2383.5217075684577,2491.96205996819,2265.5041391874333,2373.4879994825383,1942501,0.030330568434486112,0.042324906324406594,Energy
2010-02-23,2250.5416236438223,2443.328680482414,2049.7067262953037,2241.7397964773504,1773359,-0.057108343702156665,0.04087920820575775,Energy
2010-02-24,2319.891509858024,2420.53243264678,2207.41591241487,2307.520143860583,988701,0.02892115783894712,0.04388726659162429,Energy
2010-02-25,2147.6997021339625,2395.4759717047887,1890.1902787932286,2136.697210615526,1579482,-0.07691213978833089,0.042027832929134416,Energy
2010-02-26,2193.0021727316507,2257.5807601184347,2114.8907072525267,2179.0586930295094,964941,0.019631714061442162,0.048993801440573595,Energy
2010-03-01,2111.414551716834,2210.9345331567088,2012.714397016829,2112.1977663180587,1124826,-0.03116399054834277,0.04558645295729001,Energy
2010-03-02,2231.290087737275,2472.53502649489,2014.4744809055303,2253.555844602742,1993356,0.0647803433010406,0.04368270711181201,Energy
2010-03-03,2321.815577592925,2453.4324305725677,2201.6282487816243,2332.682578278689,1746554,0.03450958234902852,0.04749754785484386,Energy
2010-03-04,2350.804268138066,2366.496422975791,2327.4458659206557,2343.086502914667,1316017,0.0044501521033773975,0.04564482810641533,Energy
2010-03-05,2408.4826002828345,2536.410626521257,2292.2850699072105,2419.6732041281116,1391571,0.03216341286473026,0.04206816901592987,Energy
2010-03-08,2259.1985919478216,2483.470034971086,2057.251300604325,2279.6909538121718,1825931,-0.05959260422796883,0.04087734634914965,Energy
2010-03-09,2172.0433854096673,2321.638017297687,2042.0018492973438,2190.4919543337905,1275119,-0.0399137319220096,0.04437857284139915,Energy
2010-03-10,2141.2432516966514,2224.42599184953,2051.569266285337,2134.489643128404,1043782,-0.025898580209407884,0.04375536631480535,Energy
2010-03-11,2201.7632042572172,2293.6306290165635,2103.1241966730836,2194.6967784919857,1376565,0.0278163199935143,0.0416201409608823,Energy
2010-03-12,2187.523325903671,2196.5330656579863,2182.0139878845525,2191.0149339274562,879023,-0.001679018444856296,0.04002313150642023,Energy
2010-03-15,2428.8682234920047,2793.198457015805,2061.948516051297,2425.8217835897613,1940300,0.10180547019076103,0.03717396548533518,Energy
2010-03-16,2292.505123242275,2498.208295396606,2079.9396467679085,2284.9663782249395,1635869,-0.059819036700313806,0.05253737747583336,Energy
2010-03-17,2356.4767347150605,2442.3188976138777,2255.8537617371016,2341.137130754095,1156553,0.024285454533091996,0.053337495239217846,Energy
2010-03-18,2235.5448333667214,2379.8135683485234,2116.4643955330084,2259.4592830413435,1407249,-0.03551123527961293,0.04964250410683068,Energy
2010-03-19,2070.433550183071,2340.787381580244,1803.068317970855,2073.0803545475787,1199142,-0.08608993421967913,0.04754639571891822,Energy
2010-03-22,2150.701761693853,2266.281847214004,2033.2268382980171,2148.6993108305605,1116112,0.03582709221667329,0.05495679496459263,Energy
2010-03-23,2109.6698798440502,2173.9441578353726,2041.3501349127346,2105.497288612565,1132732,-0.020311006508776163,0.052045523637768515,Energy
2010-03-24,2215.677193949283,2376.486992259527,2049.4887231966322,2209.877597396408,831104,0.04838544734747295,0.048258364791956526,Energy
2010-03-25,2424.015325240852,2808.3992542534156,2060.546214853619,2442.2029930263443,1990596,0.09996336975884379,0.04810684509679575,Energy
2010-03-26,2423.049152264007,2465.0198745910698,2372.3467256322942,2414.1635362140723,788644,-0.011547632669866142,0.05873939163938608,Energy
2010-03-29,2421.949512087703,2422.4503106519646,2413.997094128537,2414.4963515656736,976567,0.00013784998731041127,0.053668007948626785,Energy
2010-03-30,2383.999770472522,2424.079083092618,2355.1514157084252,2395.0964494018117,994569,-0.008067214077619596,0.049032712673601334,Energy
2010-03-31,2393.834598923504,2418.804331067474,2379.6621950951503,2404.5683792108207,639062,0.003946918146788969,0.045090215359340186,Energy
2010-04-01,2401.3022484747985,2413.0400921436967,2396.231838714096,2407.9556335938955,1217591,0.0014076833417987406,0.041579306648259054,Energy
2010-04-02,2277.112461245631,2466.8774662021015,2090.1190716538003,2279.673747272551,1690834,-0.05474576326357377,0.0385145197157979,Energy
2010-04-05,2277.47972409025,2298.0497458260234,2245.522198271983,2265.9884315370664,1430625,-0.006021282068417464,0.04166844576472174,Energy
2010-04-06,2284.330976271419,2295.9389498770975,2262.1241193686137,2273.6779589872563,1557280,0.003387709202754789,0.03865806350064839,Energy
2010-04-07,2177.9709363431007,2317.5401438980753,2040.6596273861808,2180.0949268560307,1229829,-0.04203034627801202,0.036017748193668285,Energy
2010-04-08,2081.021958602145,2223.939462410289,1943.6867011575112,2086.2586162408516,1707589,-0.04399609428336967,0.03745403915723157,Energy
2010-04-09,2043.8853394388073,2104.8580072997465,1987.1425864518274,2048.0009946702744,874440,-0.01850813314298076,0.038892061994471594,Energy
2010-04-12,2090.292735712069,2106.2167208949395,2042.7474118773132,2058.42865442919,1112215,0.005078709761815909,0.03689792186304268,Energy
2010-04-13,2086.73770830111,2128.477550531554,2044.3352307447126,2086.06154812292,1337083,0.013334958857678878,0.03454032866339979,Energy
2010-04-14,2092.635093644789,2131.595666296271,2065.4180766706063,2104.2278725048727,1076085,0.008670731957947552,0.03288009447220217,Energy
2010-04-15,2042.4539121430082,2133.695651251994,1951.3167082153225,2042.5539820619326,1854214,-0.02974761662457347,0.031243522991233525,Energy
2010-04-16,2130.8152433739224,2230.459226084852,2008.6934224153458,2107.234700805323,1390383,0.031175542794645433,0.03183809490766337,Energy
2010-04-19,2245.319273967186,2449.2071838884463,2035.4505059088572,2238.7410777630244,1881778,0.060537169415856844,0.03250720843383233,Energy
2010-04-20,2270.670531517532,2300.6865467862162,2228.701666823516,2258.5575606150815,781000,0.008812672982731749,0.03866635762857835,Energy
2010-04-21,2267.5883639009344,2313.3927144453464,2234.809545999128,2280.428290712461,1099707,0.009636910126967584,0.036162401062069714,Energy
2010-04-22,2279.8137371779176,2309.1499341648714,2231.8557723498784,2260.9492244794073,857781,-0.008578536193127154,0.034060327449666014,Energy
2010-04-23,2343.4048079184404,2490.1230451236283,2205.305405340873,2351.543991571481,1093294,0.0392873941684979,0.03223543728981036,Energy
2010-04-26,2277.5784218939193,2407.096662624259,2135.3134372984114,2264.0631074575285,1338259,-0.03791109583327796,0.03410019992455874,Energy
2010-04-27,2328.3403194096436,2433.1360541733684,2226.427732048017,2331.1025621064437,1399376,0.02918032400219651,0.0352965520413524,Energy
2010-04-28,2263.297323731557,2371.214813892569,2150.494660874282,2258.167555828374,868885,-0.03178768988338538,0.034991441312659494,Energy
2010-04-29,2360.0253592868885,2493.0544295804207,2212.4786662307934,2344.640529933762,1320862,0.03757842961871923,0.03508688296683217,Energy
2010-04-30,2222.507595446464,2420.229585370218,2013.0496933811762,2209.6256617726426,1223065,-0.05930898063936195,0.036009613174177495,Energy
2010-05-03,2260.5814739789625,2425.559163513845,2132.0026948480318,2295.0214837795143,2314422,0.03791908722334546,0.04080425309247983,Energy
2010-05-04,2286.766205105373,2301.511160941697,2270.4424904326884,2285.177200445244,1167627,-0.004298633824307621,0.04059147980458303,Energy
2010-05-05,2153.4903971561575,2342.31869091913,1972.261617690303,2160.5000115139633,1041670,-0.05610388904920141,0.03769491111667488,Energy
2010-05-06,2088.660602086069,2190.3274747406967,1996.865494902286,2098.116775639299,1693531,-0.029299512836791802,0.041338505225055985,Energy
2010-05-07,2143.8076546730667,2196.391985881497,2080.3958253446435,2132.707896416669,1475271,0.016352316276698104,0.039948301957211954,Energy
2010-05-10,2200.3185718704203,2339.940381825949,2075.8577074137443,2214.6678513878546,1680424,0.03770995286707533,0.037640446338395646,Energy
2010-05-11,2205.183852979485,2240.3906600882146,2156.23682642566,2191.220705252012,870239,-0.01064364982876166,0.03803614915088632,Energy
2010-05-12,2199.1910404333657,2263.1698239439233,2156.313077739841,2219.888323176176,1533969,0.012998101545883423,0.0356986275091126,Energy
2010-05-13,2123.177841303357,2263.467577098905,1986.731917762368,2126.7895474342545,1201649,-0.04284330179872538,0.03383572374572563,Energy
2010-05-14,2113.648760732876,2132.9320767967965,2095.1191785979704,2114.3959443773933,1261648,-0.005844421734631275,0.03593351134345416,Energy
2010-05-17,2044.3554035591553,2150.27566699925,1936.7802523674427,2042.6100891829951,775387,-0.034540720677592195,0.03373569889283389,Energy
2010-05-18,1934.7447050370113,2104.664746098778,1757.2569346793643,1926.448343090563,1698663,-0.058550374671961745,0.03448821699609129,Energy
2010-05-19,1790.1512544484638,1982.926121021323,1609.2718956010012,1800.9551242276914,1722030,-0.06736092211872546,0.03956983251657314,Energy
2010-05-20,1706.8771262047208,1840.4943566861814,1582.7557218257791,1715.7292405554845,844599,-0.04847894534932672,0.045091478026501514,Energy
2010-05-21,1672.6386419291578,1755.1395305263106,1578.340403283268,1660.2292116627964,1263082,-0.032882531240977654,0.04559741586777727,Energy
2010-05-24,1656.0075499869595,1660.6458808319137,1654.759467199797,1659.395244841635,612589,-0.0005024464963630803,0.04388038965389097,Energy
2010-05-25,1635.2257705163288,1667.3661758499102,1611.1930121991668,1643.2159860910047,819739,-0.009797936876354989,0.04050220666598423,Energy
2010-05-26,1700.2205079661298,1785.4549222374399,1613.8854699199558,1699.061796370479,1225518,0.03342092545131916,0.03777225080540255,Energy
2010-05-27,1639.2866144413717,1717.643542567397,1582.9558510618108,1660.581039415219,1558495,-0.02290864936137968,0.037535824000924534,Energy
2010-05-28,1636.751997503668,1681.2826952828896,1586.3662601316846,1630.7332061770012,915457,-0.018137831447948474,0.036136842682740034,Energy
2010-05-31,1613.3459450596472,1659.3902557234703,1554.3360776864279,1599.9994852056645,911599,-0.01902642592136716,0.03455494550287715,Energy
2010-06-01,1583.6465654363094,1604.857329048723,1569.043072783346,1590.193464595725,1395811,-0.006147622822621435,0.03330970038091965,Energy
2010-06-02,1498.953515245105,1631.6833868745352,1366.558052669139,1499.2607846479334,1810331,-0.05888350827402283,0.03151662896835088,Energy
2010-06-03,1546.759433100777,1615.872593520687,1475.576788715599,1544.5931542665865,746458,0.029788368697757316,0.03761287616257885,Energy
2010-06-04,1540.8551766165356,1546.7589004838342,1534.7498763965862,1540.652824961759,1047808,-0.002554306187408694,0.03694434732172464,Energy
2010-06-07,1600.3300103268418,1686.5101708055547,1510.969497474011,1596.9686433206466,1123315,0.035900995387450105,0.03453818917137136,Energy
2010-06-08,1635.8764713586593,1713.021451914439,1566.1540088119093,1642.995567371111,845367,0.028413906863779554,0.035321968085900934,Energy
2010-06-09,1643.026745343503,1648.0950273561102,1634.5624747286988,1639.6202486433701,750376,-0.00205648184647477,0.03491726878005572,Energy
2010-06-10,1599.8380539743755,1672.2551976258164,1518.8690634738043,1590.8807522060586,1719525,-0.03017686424428584,0.032802544030679316,Energy
2010-06-11,1672.6643495231815,1789.604997354453,1550.2549397921382,1666.7845116986173,1266442,0.046608533212140285,0.03312705821908177,Energy
2010-06-14,1773.338335965396,1934.1670443636751,1610.0834061410076,1770.6701277309114,1230780,0.06046174988588206,0.03610782317211083,Energy
2010-06-15,1837.0556695024147,1952.3714090466367,1727.4965954693166,1842.4883392434401,1601802,0.03975893812108341,0.04112618867913951,Energy
2010-06-16,1753.7181864279125,1890.1025990333978,1613.348718134008,1749.3970841620571,849990,-0.05184581105484679,0.04111212339803391,Energy
2010-06-17,1746.2400980670034,1752.6240585773783,1744.3085473493127,1750.6875884026442,1093868,0.0007374131884188542,0.04307393145310009,Energy
2010-06-18,1837.0342661949935,1967.9704930674611,1705.0293498612525,1835.8835590755716,1568578,0.04751725077822421,0.039804175954196816,Energy
2010-06-21,1839.8933162501696,1844.743019889335,1827.8296638567708,1832.660302274115,1404925,-0.0017572408850492476,0.04130594759767927,Energy
2010-06-22,1809.1229288042098,1835.5493998715126,1800.5124111973757,1826.8544889333807,1076702,-0.003172998904511653,0.0382806508550076,Energy
2010-06-23,1828.8611735195548,1846.9269468867426,1796.9358805739034,1814.8633815886976,1120647,-0.0065854363829490606,0.03569084997886153,Energy
2010-06-24,1841.7668351120492,1922.8093021124116,1777.2572363360612,1857.7402206313918,1551877,0.02335062091688468,0.03354958440314813,Energy
2010-06-25,1926.2111571162616,2020.837547539949,1825.2882047540488,1919.5892916814653,1764937,0.032750438626314486,0.0328975290178423,Energy
2010-06-28,1969.4661572200512,2064.249045202915,1882.4914826832658,1976.9441317345259,1078132,0.02944103210166429,0.033566152846524124,Energy
2010-06-29,2116.7008357530976,2317.4437118952474,1906.247094817563,2105.972523307131,1578604,0.06322508208730958,0.03363577632840752,Energy
2010-06-30,2141.4385653049517,2181.8062029643825,2092.4044456339234,2132.6055751564686,1215464,0.012567140087807288,0.040058756971650816,Energy
2010-07-01,2305.8606809400003,2554.7925371277624,2044.340578956149,2291.748991379373,1686878,0.07197077089852147,0.03751603869798906,Energy
2010-07-02,2253.824349274727,2321.021357970308,2179.663882677332,2246.646898100033,1509467,-0.0198764405981637,0.04475412056146707,Energy
2010-07-05,2164.0247768698828,2283.853398081616,2048.448718138445,2168.06173387956,1628975,-0.03560527894343561,0.041971490078529655,Energy
2010-07-06,2189.4298742113438,2261.253473496307,2133.725515067406,2205.149177489529,1316963,0.016961602591939105,0.04122432736656439,Energy
2010-07-07,2149.331081155854,2230.9320284321907,2070.1016464696636,2151.618282101541,1547401,-0.02457491244007038,0.03876481043206025,Energy
2010-07-08,2129.431403257042,2155.939412890761,2116.497182414053,2142.9232422722903,929961,-0.004049350395667564,0.0373196646619771,Energy
2010-07-09,2144.9167681761264,2149.7003281039415,2134.96751987292,2139.7395336129475,1083375,-0.0014867896037702054,0.034880732248334066,Energy
2010-07-12,2122.0264984386113,2163.547531992165,2070.684020272833,2112.0090454341134,1054649,-0.013044459650277682,0.03276681197862953,Energy
2010-07-13,2108.1822374260755,2169.785514710174,2010.7393240058725,2071.2638063420836,932262,-0.019480693269133157,0.031376023695322615,Energy
2010-07-14,2007.417772039157,2095.2804469568855,1934.0653103450863,2021.4164632108332,1169877,-0.024360470356753726,0.030732531654266048,Energy
2010-07-15,1987.2741839867056,2044.9297222547411,1925.1720707641036,1982.6947487527136,947189,-0.019341581459542005,0.030734437995589135,Energy
2010-07-16,1959.3332724871395,1995.0160458029752,1923.0956591512795,1958.768140456862,679996,-0.01214112773866886,0.0301960106492097,Energy
2010-07-19,1834.8096329973328,2019.8709464305377,1646.6730311928138,1831.3893726697318,1620704,-0.06724087705705288,0.029181334697315504,Energy
2010-07-20,1865.1510356346025,1905.6075915133345,1817.7617572028953,1858.064602923314,1373246,0.014460511099204966,0.038202625143877934,Energy
2010-07-21,1929.7258493464115,2088.4483449635977,1791.5577564164453,1948.9068921322619,1504323,0.04773323733239552,0.03604051069968985,Energy
2010-07-22,1958.2616564320126,2045.4184193650433,1900.9785037534577,1987.28623838926,1362388,0.019501361489123212,0.03848251578483645,Energy
2010-07-23,2042.8868073036758,2141.6314611198145,1949.9740690653603,2048.4650196504813,868967,0.030320733028750137,0.03663016082265498,Energy
2010-07-26,1888.805042445221,2117.9183842126763,1662.0291372175566,1890.8919216675024,1950988,-0.08004210779886642,0.03621211086397706,Energy
2010-07-27,1825.7628827239737,1930.8953102895616,1714.896949486721,1819.6790535020568,1156296,-0.038388492671707714,0.04593543764581736,Energy
2010-07-28,1726.2398793144973,1874.072931949408,1571.5117728287578,1718.6990370385167,2002351,-0.05709251049304393,0.044823018649027685,Energy
2010-07-29,1788.7668663169043,1884.4885434156677,1685.8081323539845,1781.120639499868,1308606,0.03567510814339405,0.04686379854225025,Energy
2010-07-30,1742.266870426857,1807.7259618262522,1671.7985936669866,1737.0621368786594,1392715,-0.025047479813222827,0.0452535025407241,Energy
2010-08-02,1965.1085022069628,2259.874777538007,1660.4987866304493,1953.527984271117,2034840,0.11744170146103697,0.04280665871697683,Energy
2010-08-03,1955.0199255668035,1957.3419013872276,1952.7312570956058,1955.0531939699583,1289099,0.0007804416522026753,0.0602893938493238,Energy
2010-08-04,1798.720123292325,2034.1743756234223,1557.1416164547793,1791.6734525848406,2265915,-0.08726732943130278,0.05484469137437989,Energy
2010-08-05,1790.2040046834456,1810.0155682815848,1758.8214655917234,1778.5035442736576,1171807,-0.007377767578931014,0.06040438854480287,Energy
2010-08-06,1772.9219578871543,1788.2815687186755,1752.941940705358,1768.2611730868389,1009817,-0.005775629608959554,0.05501924065765103,Energy
2010-08-09,1824.2949048586966,1958.0441871486798,1710.664324420322,1843.2339433092047,1867421,0.04152493113393714,0.05026626262855236,Energy
2010-08-10,2016.553487167825,2274.796999070263,1750.4263745034361,2007.5120196043194,1786618,0.08537454739675064,0.04878530222070796,Energy
2010-08-11,2002.7661089211417,2023.5358606463808,1973.005045053551,1993.6805749502769,1333526,-0.006913688567267673,0.05565363035501506,Energy
2010-08-12,1880.541506781323,2043.498599491356,1722.4071562404113,1884.990162408927,1683785,-0.05605986359803696,0.05084320132323395,Energy
2010-08-13,1767.4416892773252,1936.9245877123242,1601.2677948744415,1770.46631926361,1614296,-0.06267963290708965,0.05137539433065692,Energy
2010-08-16,1703.2683592769313,1811.4203349763548,1589.3252351182452,1697.0845597522757,1229056,-0.042331155123175895,0.052923108103261694,Energy
2010-08-17,1827.5041755509096,2080.437507453302,1596.06907125414,1846.5858945218185,1880892,0.08442665773098348,0.05108300403418906,Energy
2010-08-18,1795.159703066586,1862.186625185999,1748.0277271444922,1814.54567007465,860292,-0.017503354842313072,0.0570680096136993,Energy
2010-08-19,1905.9000081440493,2049.863433322161,1763.4141176264764,1907.2747653728482,1914274,0.04984028189961712,0.05245342020903698,Energy
2010-08-20,1957.911488970645,2066.7267455924944,1862.2316411543536,1970.434899715534,1235808,0.03257888089946097,0.051707804906760864,Energy
2010-08-23,1748.9446332959892,2011.2863282903875,1472.3855573639346,1732.2183027810995,2142856,-0.1288514365981864,0.04897106485180513,Energy
2010-08-24,1786.1069410862535,1925.6326018576613,1670.5176912918635,1808.58844470169,1481035,0.04314383315483985,0.0671486117592034,Energy
2010-08-25,1643.8520839142864,1877.0551455058444,1417.890078334171,1650.2180777748677,1740424,-0.09163922869185895,0.06313760685870572,Energy
2010-08-26,1507.5734521021625,1718.6642261241184,1292.675657439155,1503.146579805995,1952196,-0.09334681669080458,0.06744440788650613,Energy
2010-08-27,1715.0109926535654,1972.2626415516,1457.3551616909813,1714.5354843423308,2671361,0.13158155848265987,0.07103550346182626,Energy
2010-08-30,1598.692061719068,1780.1378178457612,1409.1798553488036,1589.5928882587011,1920089,-0.07566425099260424,0.08206028382578841,Energy
2010-08-31,1817.5569181397764,2090.1904558607425,1530.2212527321612,1800.2602973319545,2391062,0.12445332574933982,0.0796609940748666,Energy
2010-09-01,1937.8799274371427,2184.9049426204774,1704.9461575848597,1950.459146701207,1498362,0.08013354063009093,0.08660250415032719,Energy
2010-09-02,1922.2469371998943,1960.6132648701719,1891.5767631134313,1929.8222242252423,1036793,-0.01063691783226002,0.08404286186329638,Energy
2010-09-03,1843.4867145137446,1969.852167783653,1717.6084270055946,1843.9427415116072,1644945,-0.04552181346254067,0.07594428028024251,Energy
2010-09-06,1792.495468334046,1864.0090538585428,1731.2200664438037,1802.3952342992714,1182703,-0.0227896073649741,0.07088626306249313,Energy
2010-09-07,1863.5412766335633,1949.2279298267497,1773.045954951421,1858.50084638878,1615124,0.030653700123733214,0.06479039098006305,Energy
2010-09-08,1925.4426369771666,2070.2629147776415,1798.3728785208452,1942.0942327725252,1442079,0.043996726091621745,0.05999319303363434,Energy
2010-09-09,2080.6674583605954,2318.3417751106163,1852.6010523710827,2089.326259433732,1531585,0.07307475783731167,0.057181319977016164,Energy
2010-09-10,2113.2740305182588,2136.128096318535,2081.6855052340484,2104.444079259875,941056,0.0072096867925425644,0.05930219825941015,Energy
2010-09-13,2159.3239482323124,2238.2051493471313,2077.552573317191,2156.3241918053723,401239,0.024353672107850666,0.054048103687971284,Energy
2010-09-14,2095.347368547854,2179.940959540778,2023.2355108138295,2107.4138317236416,1331814,-0.02294348543077144,0.050258563564660914,Energy
2010-09-15,2217.8941126697096,2428.16688116588,2024.5829914676588,2233.4959109514766,1564922,0.05810650745911379,0.046900949860565214,Energy
2010-09-16,2169.7339152724094,2256.454637892153,2099.8611142617915,2186.056203757881,1283871,-0.021468930827199396,0.0486437478986047,Energy
2010-09-17,2227.837584002751,2265.4354457079135,2173.4800810104075,2210.790245132092,921825,0.011250928396557731,0.04541044611460967,Energy
2010-09-20,2134.264600774953,2273.5417160198826,1978.5426943946773,2116.671740748574,1420923,-0.043505107159427105,0.042055610821030355,Energy
2010-09-21,2094.736100995192,2140.3996505987507,2040.6570224114464,2086.133032083944,934880,-0.014532793122679922,0.04241277724420976,Energy
2010-09-22,2144.640682397941,2277.7676934525134,2029.7708328091717,2161.969679395464,1401801,0.03570756647226405,0.039632754764784624,Energy
2010-09-23,2229.517629484036,2331.641663330592,2126.907332693999,2229.0080238298315,1233330,0.030536959354204998,0.03934283601498652,Energy
2010-09-24,2306.082237125109,2411.3006347184364,2193.008085965688,2297.850917480249,1279855,0.03041764828083451,0.03844688387310149,Energy
2010-09-27,2246.6090289102076,2350.7171652479005,2124.7044168604602,2227.9477890684466,1416973,-0.03089341462265735,0.037700335577841804,Energy
2010-09-28,2110.386156438664,2287.061080354782,1930.6172541962437,2107.009494547099,2009164,-0.055811246795471725,0.03715121400711719,Energy
2010-09-29,2153.7063693441523,2261.7135860818994,2060.9840160938224,2168.360343234491,1626792,0.02870163874089788,0.04088281365184953,Energy
2010-09-30,2246.6307982907942,2325.801938584311,2141.6760449816215,2219.905383181704,1041558,0.023493295042439907,0.03950558405637657,Energy
2010-10-01,2331.89155600653,2528.6514991414706,2145.4468143878003,2341.4430727506756,1582547,0.0533028622588908,0.037833096279593845,Energy
2010-10-04,2267.8300413174234,2398.442115213287,2123.4738382072187,2253.245965383589,881949,-0.03839560917007363,0.040880971221698696,Energy
2010-10-05,2439.1202931117723,2719.6520117984232,2153.005158654553,2432.8112526247487,1886911,0.0766756548741199,0.04072022184314131,Energy
2010-10-06,2415.959951716986,2439.439967412676,2395.9922155882464,2419.4434404984163,1135850,-0.0055099522971669875,0.048045630197968946,Energy
2010-10-07,2233.955637521317,2499.4282856319182,1973.7742971252178,2238.6949709273526,1609787,-0.07764443662954233,0.0441730687302065,Energy
2010-10-08,2376.7575226132185,2573.035275749723,2170.061741422968,2365.401706845444,1887136,0.05505476859939252,0.05064885765506158,Energy
2010-10-11,2455.251293396518,2595.1808138535466,2316.4076751643424,2456.2790749283813,894647,0.03769977126322407,0.05105780603629626,Energy
2010-10-12,2607.537890471008,2935.3966633916157,2319.874258658735,2643.739292220118,1592680,0.07354667989383432,0.04897663278326669,Energy
2010-10-13,2960.541233770816,3404.622418836438,2498.171675288445,2939.025500339347,1766030,0.10588375035497403,0.053200898164791184,Energy
2010-10-14,3017.6793786130374,3154.4852972228373,2887.9573404806847,3024.471292705602,1404673,0.028658233001098283,0.06360796916124234,Energy
2010-10-15,3126.42415354246,3306.64153212165,2956.427627341029,3136.117916216616,1810883,0.036249405679395254,0.058821536366077946,Energy
2010-10-18,3187.3238494198295,3241.1952176245377,3118.04848126396,3171.655018724252,1513434,0.011267836958689626,0.0553631775116735,Energy
2010-10-19,2997.242262428629,3253.176278989857,2740.306108451478,2996.1465634607025,1000971,-0.05692655540270939,0.05070611168104293,Energy
2010-10-20,2870.311126710788,3043.830742887759,2723.4438145483387,2895.6660754866807,1939996,-0.03411182172220957,0.05140994763614314,Energy
2010-10-21,2893.798597441097,2901.8662242931687,2890.0834521164575,2898.145498287009,1019421,0.0008558866370140573,0.04887666754129168,Energy
2010-10-22,2996.2512049354755,3148.829539159561,2844.890812194283,2997.410578804333,1055690,0.033677726462959016,0.044846993045731365,Energy
2010-10-25,2910.339706155074,3049.274450515234,2764.909244136398,2903.518348294291,1792817,-0.031825550368187155,0.043348940207947245,Energy
2010-10-26,2890.660254721866,2931.1965209415916,2836.1627516184944,2876.500452296035,575238,-0.009348790621683502,0.041895516969688434,Energy
2010-10-27,2737.7581597474527,2937.76848753745,2545.257709755043,2744.774683528224,1527847,-0.04687544547035945,0.03895250257222471,Energy
2010-10-28,2755.945918371437,2812.7014306218625,2715.344448852023,2771.865429809899,906896,0.00982154481546248,0.04053929049105367,Energy
2010-10-29,2780.6180330857924,2849.9550316015916,2734.0346781704857,2802.9967684608023,1027455,0.011168585391454855,0.03780498208171442,Energy
2010-11-01,2999.6993241060673,3290.646826773027,2700.2017395040634,2990.2308763883366,1790729,0.06466148130888959,0.03552582062536954,Energy
2010-11-02,2971.41688369962,2996.190304090925,2953.5074993104,2978.23979650263,1229304,-0.004018146917825871,0.04167533106819581,Energy
2010-11-03,3048.865117644345,3132.9980943574087,2949.8262781086446,3033.536257211762,1086404,0.018396566911880508,0.03862497121569111,Energy
2010-11-04,2997.3578236177846,3050.076264643225,2947.2185279193086,2999.8945352606024,1168487,-0.011151887461995512,0.03666436651916773,Energy
2010-11-05,3087.7638306810018,3166.003687040143,2973.692225901537,3051.000549276252,1564643,0.016892452629035402,0.03455539475821751,Energy
2010-11-08,3015.561982758002,3066.8581420220285,2967.527914286325,3018.772927286334,824168,-0.010619152415883548,0.03313704104006011,Energy
2010-11-09,2953.501195671596,3041.658243312251,2884.180045934608,2971.905137624893,1466160,-0.015647225703644907,0.031549417598701675,Energy
2010-11-10,2973.5169563524014,2985.0268169940923,2952.7719686738915,2964.2459431675184,1618689,-0.0025805268779117937,0.03054534254983785,Energy
2010-11-11,2925.1325461361184,2974.5983474953173,2894.0464719645456,2943.3190015681703,1712145,-0.007084824062106201,0.029110362914857166,Energy
2010-11-12,2935.3344995208035,2953.5512094707606,2929.2186296551768,2947.4101795126876,1195211,0.00138902281077341,0.028026055609493162,Energy
2010-11-15,3025.893165894659,3129.961951366689,2912.049936712439,3015.7705785751536,1047106,0.022928499623407303,0.026993651884775607,Energy
2010-11-16,3119.7506991509917,3334.7942027222252,2928.1331115010503,3141.82103722393,1250050,0.04094720083500862,0.02760042042991824,Energy
2010-11-17,3031.1975076165468,3195.7096226373114,2865.7190132675414,3030.1756701248078,1464574,-0.03618198519614604,0.030998831506364528,Energy
2010-11-18,3083.2202543490635,3087.5249251698574,3028.7628395174515,3032.9973911524908,584663,0.0009307737723726261,0.03263606060354255,Energy
2010-11-19,3214.349708532281,3440.5063327833227,2955.0063791134553,3178.6513205518168,1533969,0.046905625244762876,0.030858060735353774,Energy
2010-11-22,3104.2657195351494,3198.154259149718,3045.6617438690305,3138.8965051347277,1343601,-0.01258568712880556,0.03452240695284363,Energy
2010-11-23,3148.33191063889,3159.1577846258983,3120.940412131028,3131.7091269089437,1252436,-0.0022924042094430216,0.032820682404999205,Energy
2010-11-24,2949.617715420803,3200.4857827783726,2735.052377621531,2983.458732966964,1261425,-0.04849562632642407,0.03102492582396903,Energy
2010-11-25,2922.2569828901865,3035.5085114186263,2794.689378295396,2907.3637212243825,2050902,-0.02583654328179156,0.0349687100680744,Energy
2010-11-26,2841.452860416513,2944.681637459638,2734.698218585018,2837.794073449738,1492099,-0.024219717192608525,0.034327504895824014,Energy
2010-11-29,2875.50396387791,2914.980547517448,2824.568795559126,2863.885879406937,560880,0.009152386071089435,0.03362575321136685,Energy
2010-11-30,3016.3626454618225,3244.068284334931,2784.350405720751,3011.704392418747,1525480,0.05032676010529796,0.031892286666912725,Energy
2010-12-01,3084.3079568444364,3206.2917920296254,2967.142505049197,3088.95000015757,1440307,0.025325065554329673,0.03596681493377003,Energy
2010-12-02,3052.832900956244,3103.5863823888562,3008.586924467232,3059.247437356862,1583708,-0.009662277175439854,0.03508693863795636,Energy
2010-12-03,2962.3749226558707,3099.9554179619777,2837.1780696997653,2974.256425083944,1179460,-0.028174883604055984,0.033149337103767634,Energy
2010-12-06,2950.1884757941048,3007.639382708774,2878.7204040762404,2935.89292457972,1253262,-0.012982426351411449,0.0331387454537841,Energy
2010-12-07,2891.0418876858375,2964.1834275886263,2813.7566916312658,2886.790678620763,878955,-0.016866247012730207,0.03168316065824289,Energy
2010-12-08,2753.3365292715616,2973.5430627133665,2518.0100147710737,2736.9021590500174,1477846,-0.053318711340640056,0.030752701973663858,Energy
2010-12-09,2920.2121963076847,3196.7372570915927,2639.1950655132787,2915.250263613358,1961263,0.0631289879398823,0.03581920839157066,Energy
2010-12-10,2953.5662623759476,2993.140574499868,2901.996131016021,2941.4075304405474,1136761,0.00893254879206834,0.04152352248528638,Energy
2010-12-13,2940.568305481552,2949.924975978454,2935.4640241334555,2944.8133260617274,740300,0.0011572097222571156,0.03861775368735563,Energy
2010-12-14,3134.0051512962227,3421.3371596458064,2843.415583368708,3130.4187864467194,1677585,0.06112136483050413,0.03596200203043497,Energy
2010-12-15,3207.410610987058,3309.33444283122,3095.837265418774,3197.4443947669533,905998,0.021185070909436898,0.041170203519549725,Energy
2010-12-16,3129.063016667053,3225.876450315483,3042.4269045679525,3138.966144787424,1224537,-0.018458371646214895,0.0390295991612596,Energy
2010-12-17,3355.7514984888962,3724.09656785877,3001.079509563858,3368.1175964147415,2052269,0.07046051911864307,0.03701019334082633,Energy
2010-12-20,3374.865207673349,3419.2417368546976,3294.820156613946,3338.7214266502338,1047676,-0.008766084263247292,0.04405117753330297,Energy
2010-12-21,3224.5816683317084,3418.7231471016657,3014.2612487201536,3207.366243249063,763945,-0.04013781191662803,0.04079131805486327,Energy
2010-12-22,3181.76547139241,3215.651066162607,3156.8500382549914,3190.665936205004,1132365,-0.00522046294977545,0.040899900913579264,Energy
2010-12-23,3220.653707165369,3334.9392050383376,3134.5149812737077,3248.06728311895,791033,0.017830484889867403,0.03797801338674758,Energy
2010-12-24,3362.273919416441,3568.5853482483444,3169.2181149877474,3374.809758193242,2013019,0.03827881746216179,0.03607703603893135,Energy
2010-12-27,3295.328114192275,3409.9893885703873,3187.6419633429146,3302.08251451918,1604246,-0.021785620352558963,0.03689216994741169,Energy
2010-12-28,3398.1122023416797,3647.8615217164943,3191.4413063000943,3438.720835924083,1864943,0.04054621776941642,0.03549672873469948,Energy
2010-12-29,3260.1734548030217,3501.0929593988935,3068.0121719101403,3306.217732712637,1624402,-0.03929469511502662,0.036805075288642096,Energy
2010-12-30,3304.2381073249403,3333.0839851482156,3288.169744213012,3316.9537862545967,1210513,0.003241970380667089,0.03762049724856817,Energy
2010-12-31,3379.103492946744,3490.7157944680766,3274.631841825827,3386.0299968147738,1059721,0.02061131526729544,0.03512574563444865,Energy
2011-01-03,3324.098371467867,3406.6615265243263,3261.7899038685914,3343.9803811585753,1460718,-0.01249631441598228,0.03392312415827834,Energy
2011-01-04,3370.4394886024447,3435.0039330440195,3315.866827007675,3380.272066704824,1165120,0.010794371036638589,0.032311706287719275,Energy
2011-01-05,3298.056919543032,3419.626983411717,3177.0254048666716,3298.5764047580046,1137954,-0.02446521646511994,0.03086607939940807,Energy
2011-01-06,3311.8318878670398,3320.3344312322533,3284.48152821353,3292.935558591204,1130159,-0.0017115489056803148,0.030853750314916776,Energy
2011-01-07,3272.4362924099078,3318.0657667604714,3216.9767163958645,3262.4671857185454,1056973,-0.00929571941174163,0.02935987971270765,Energy
2011-01-10,3167.5618795957894,3337.3937322536617,2979.134794304908,3147.9131622325713,1603673,-0.0357439694657824,0.02832955328456494,Energy
2011-01-11,3077.1795166499796,3207.567582163376,2930.563866902279,3060.233902873595,1357073,-0.028248393224573315,0.030556432619303273,Energy
2011-01-12,3002.100963568505,3071.433154509906,2968.6465139361685,3037.5833010959996,835601,-0.00742911937080449,0.031091031142436155,Energy
2011-01-13,2991.654316013534,3057.3538682604367,2931.6470272809056,2997.2346479493817,1135112,-0.01337215297267136,0.029691758893568385,Energy
2011-01-14,2980.676110996856,3008.2507983593046,2951.2488962969637,2978.8062856208985,1567482,-0.00616743457649646,0.028846188798933498,Energy
2011-01-17,3056.93445469441,3147.0300635434587,2948.3786956477397,3037.9137150755505,1007363,0.019648356915360706,0.027773866744968692,Energy
2011-01-18,2976.3043732971264,3063.673745479126,2897.863159652845,2985.003270323083,1233562,-0.01757015945636976,0.027839159983642336,Energy
2011-01-19,2954.7716916115637,3019.7529888577587,2876.8677168507807,2941.5584281948177,1593076,-0.014661323903224749,0.027682515029783784,Energy
2011-01-20,2996.6502305409103,3045.9946584657287,2925.0559108774037,2974.027826327181,518797,0.010977686000168962,0.02730019182146262,Energy
2011-01-21,3120.3083563538053,3421.362706185016,2851.3973665949775,3149.9013642983,1081925,0.0574539348995751,0.026726706068624873,Energy
2011-01-24,3187.2289626091724,3191.880366099639,3148.366071612515,3152.967474300348,1172313,0.0009729252892370368,0.0341554775861739,Energy
2011-01-25,3264.967307276054,3429.8942313528946,3096.230884368659,3260.955137239085,1509733,0.03367607463415176,0.032146839764655995,Energy
2011-01-26,3151.6964390092116,3323.5985605891874,2973.000576390549,3144.5107720945734,1702683,-0.0363618186600095,0.03311868273193121,Energy
2011-01-27,3267.6173128194423,3490.7277747775097,3058.998546480194,3281.239320766504,1589314,0.04256287203947257,0.034290013052755856,Energy
2011-01-28,3289.4359893772485,3339.02648936891,3254.871403353736,3304.3056565325123,669630,0.007005169707944659,0.03622683684181951,Energy
2011-01-31,3255.312733705896,3326.6793175159664,3187.3080763026123,3258.6058654034805,971281,-0.013926907175288189,0.03401863939734531,Energy
2011-02-01,3226.210519413356,3281.9441261874304,3165.64367157087,3221.2923151155705,1055809,-0.011516836122690145,0.03247934840291067,Energy
2011-02-02,3260.532492139153,3290.2155973749927,3211.3979475589776,3240.9023446435226,1433252,0.006069173324173983,0.031045484136725258,Energy
2011-02-03,3227.1683020260566,3246.764998227109,3209.526559275365,3229.112626568905,1336293,-0.0036444215897914693,0.029607142684709674,Energy
2011-02-04,3020.945191716276,3332.524442059608,2703.622329531873,3014.5410599194565,1783299,-0.06875977121282284,0.028341816978994606,Energy
2011-02-07,3019.6061122837727,3034.90958746327,3007.3908488176157,3022.681881535951,1046898,0.0026968778955341263,0.03810239877386492,Energy
2011-02-08,3060.315801314411,3110.042172032128,3005.9533179837636,3055.60311331324,1002563,0.010832514016224317,0.03553203071055201,Energy
2011-02-09,3050.0388249327916,3076.8295260680497,3037.354339678678,3064.086618922954,956182,0.0027725297899867485,0.03358007845612103,Energy
2011-02-10,2998.5010237662573,3110.432697591644,2877.205749437017,2988.7743336046233,1784073,-0.024886139871936216,0.031674127825574765,Energy
2011-02-11,3022.0555365741493,3070.992371969665,2972.291177279074,3021.2143918255997,1315787,0.010795485567855494,0.03155151806914393,Energy
2011-02-14,2873.847971224926,3085.422113914863,2672.2749035257857,2883.193543329884,1470572,-0.04676031803988646,0.030230448396788276,Energy
2011-02-15,3077.042236729221,3354.1315286865274,2785.886196339028,3061.5834129863947,1979476,0.060033688336550484,0.03404530965779872,Energy
2011-02-16,3436.978863457125,3952.5256929756933,2919.106463452062,3434.2428981788967,2352191,0.11486425592676189,0.03959637670355501,Energy
2011-02-17,3549.5190092376965,3696.0356973110333,3384.3472998123993,3530.0607936218275,986888,0.02751859950451953,0.057735327416419534,Energy
2011-02-18,3315.628999516231,3623.9691220587165,3016.202722357793,3323.8045326659585,1443380,-0.06020502237576968,0.05366829066877809,Energy
2011-02-21,3456.7856491445186,3609.7666851280305,3271.829005446292,3423.3294267545557,1485542,0.029503523699128176,0.0542947976010299,Energy
2011-02-22,3478.0389982500424,3565.1264983891415,3392.725584522191,3479.770609668505,1501455,0.01635278074240033,0.05088131998906077,Energy
2011-02-23,3433.0253194382935,3605.084611539223,3196.7523222949553,3365.423488135092,1703474,-0.03341256881633515,0.04702381306066862,Energy
2011-02-24,3292.568127337207,3388.571384940243,3222.6652590055833,3318.125912054709,1436916,-0.014153666809248582,0.0451270557320962,Energy
2011-02-25,3338.621772168831,3371.327880844029,3306.6670120137805,3339.3659975272512,974590,0.00638082864440835,0.041942935875547115,Energy
2011-02-28,3359.974318066475,3390.5678491138337,3329.107219056273,3359.698236299864,1211643,0.0060701914461782054,0.038903407845799334,Energy
2011-03-01,3185.404458358026,3419.572663919872,3001.213948853285,3232.6502482399296,1171104,-0.03854884822584103,0.03628094813042059,Energy
2011-03-02,3221.1287236085072,3241.037836224722,3199.4592725815496,3219.3574372529424,840300,-0.004120525096331441,0.0370937705379846,Energy
2011-03-03,3291.806356793435,3338.919389592295,3203.704001411647,3250.2218681635422,491933,0.009541475144111567,0.03468868777051314,Energy
2011-03-04,3358.2109358443713,3529.9147111068146,3189.414746831525,3360.9793702689835,1350122,0.033509149611216024,0.03280701159174626,Energy
2011-03-07,3203.128913823052,3445.1207156816013,2954.448306897557,3195.893482264584,1240623,-0.0503657118542722,0.03360758060043608,Energy
2011-03-08,3156.5628753303595,3254.683871807128,3033.039902089363,3130.345951815036,1127953,-0.020723172714984497,0.03720324338871522,Energy
2011-03-09,3059.8311825527794,3161.104541830997,2965.8292195716876,3066.8858503503297,1227030,-0.020480860407613967,0.03566065812654399,Energy
2011-03-10,3022.3156601129876,3086.1636388903794,2963.824778745187,3027.571049951901,1280320,-0.01290200141119923,0.034354997844127766,Energy
2011-03-11,2953.6171083076692,3056.821652742417,2864.4624498484554,2967.255325948686,1482516,-0.02012327149840507,0.03269834778025041,Energy
2011-03-14,3077.299210277448,3250.3427892869427,2906.302273842727,3079.238113411464,1486702,0.037044807746487884,0.031876126904257736,Energy
2011-03-15,3149.994240273575,3291.6275067655083,3022.4222642658865,3163.508226296545,1093980,0.026999409369630904,0.03344723666133291,Energy
2011-03-16,3141.70649257879,3232.3782015738466,3013.661721124279,3103.2227644980157,1926364,-0.019240437048938706,0.03323130042850726,Energy
2011-03-17,3162.7729380017636,3290.7835464074915,3050.23592124223,3177.7148694794637,1407914,0.02372117104526948,0.03223328443101776,Energy
2011-03-18,3363.2640445629054,3612.1736074526275,3091.36020440319,3338.4319882160858,1296788,0.04933888817365033,0.031868350969771767,Energy
2011-03-21,3218.6279531311957,3383.883526854551,3079.2537482534494,3243.4351132555857,1162034,-0.028868243841221882,0.035743843074826726,Energy
2011-03-22,3217.5186807953796,3277.4545265836764,3143.732170819585,3203.4051094044335,570264,-0.012418647563424125,0.03531436222810356,Energy
2011-03-23,3324.7630124622615,3551.506473729579,3115.173805987333,3340.9000096564005,1649623,0.04202589391370597,0.03347860159501659,Energy
2011-03-24,3158.9014686087494,3416.3790349917836,2921.740140578221,3177.7989387120247,1634186,-0.05005143515602797,0.03551872429709699,Energy
2011-03-25,3067.78703170593,3239.7238147595544,2889.684095807209,3061.2547727458864,1358788,-0.037363911135646695,0.03853616152046362,Energy
2011-03-28,2916.5198475921015,3133.721699611745,2696.0407986220107,2912.978949496314,1521106,-0.04964863681600221,0.038696742422171464,Energy
2011-03-29,2874.984040331426,2946.873233964524,2793.1868586126066,2864.8219483666126,1391950,-0.016670050482508837,0.040837462824267146,Energy
2011-03-30,3149.1598240005296,3582.4538690165377,2707.994178240234,3140.032374107276,1607391,0.09172690902374792,0.03841669277022854,Energy
2011-03-31,3350.562880388849,3606.3127942417086,3051.7621651726467,3303.954436331416,1337936,0.05088695501479015,0.05042566511786774,Energy
2011-04-01,3571.9262080098233,3942.6987174686374,3173.1588121145214,3540.688823626183,1818633,0.06920122605507724,0.05022569552196432,Energy
2011-04-04,3409.890038026049,3595.6819925908253,3239.9258147237933,3424.9663006939595,1406159,-0.0332296587097856,0.053258030809080224,Energy
2011-04-05,3328.573715676174,3465.9853009961407,3202.7286294056494,3339.7188451250618,1071321,-0.025205007113176317,0.05034645776242928,Energy
2011-04-06,3252.9477092345323,3387.3454536816075,3114.751598175383,3248.9856473438804,1393412,-0.02754378622309122,0.0471498303805597,Energy
2011-04-07,3151.2371351724337,3331.4831407516995,2948.5425760072917,3127.4266582625246,931845,-0.038132326627629394,0.04463501123398473,Energy
2011-04-08,3307.45624680696,3573.5592657238244,3034.269415308032,3299.7526364663718,1104572,0.05363699452789683,0.043725719346761886,Energy
2011-04-11,3349.706959758769,3413.5268910877303,3278.260262746679,3341.932063705379,1569058,0.012701594914749944,0.04539922800237108,Energy
2011-04-12,3388.708780882744,3500.964096797521,3293.3961167463963,3405.1879311288144,977905,0.01875102884301149,0.04210785555660345,Energy
2011-04-13,3546.586460922616,3772.4809556037003,3324.612801462437,3550.276353259681,2050968,0.041725315672023124,0.03963833197879726,Energy
2011-04-14,3695.66354711705,4058.4329742086557,3391.936971283722,3750.2224939577004,1266327,0.0547897234981905,0.040225715467081126,Energy
2011-04-15,3761.7714538153514,3805.1461586403598,3678.5948945682244,3721.5053149707824,1029314,-0.00768692894779949,0.04295082790845924,Energy
2011-04-18,3755.5968225166357,3814.4403331588405,3699.7696197851437,3758.5689495563365,1106305,0.009910045437035995,0.03980806734714639,Energy
2011-04-19,3681.6625901598654,3818.343974183532,3530.5609421046056,3666.6863339999036,1558758,-0.02474993849952107,0.03718167735345693,Energy
2011-04-20,3726.132680580314,3816.2245212930225,3636.1233533183754,3726.213247829873,1287532,0.016104154982822718,0.03602590211240752,Energy
2011-04-21,3799.947002283022,3866.1280748243453,3704.0751906245773,3769.7299942469886,777767,0.011610876415129145,0.034310261869691855,Energy
2011-04-22,3762.112063599429,3790.8616868613813,3721.912159190659,3750.573606907249,497589,-0.0050945892052005545,0.032587990476900766,Energy
2011-04-25,3786.360451190619,3886.4207378362557,3705.0127036143135,3804.6794179358512,1516337,0.014322944795307055,0.030878389280102062,Energy
2011-04-26,3765.5223664725654,3826.380498830072,3703.0734831568884,3763.905483555804,639901,-0.010774624152968355,0.029892339349208347,Energy
2011-04-27,3861.0819052720008,3949.837648989777,3734.1729401621456,3822.0310102974,920707,0.015324848646970745,0.02884883776272873,Energy
2011-04-28,3672.9371058668953,3891.6386555682175,3455.484425755828,3674.1161701023016,1402598,-0.03946935360690379,0.02830250872477701,Energy
2011-04-29,3571.4188430646836,3719.544924034766,3431.7711060567617,3579.57814625451,1698180,-0.026067648581571966,0.031216983858388437,Energy
2011-05-02,3660.5364860502295,3830.0713578761693,3510.1770015688116,3678.9553055487254,1087750,0.02738387028867054,0.0313293538132812,Energy
2011-05-03,3586.476820020339,3774.947894954432,3365.6245759156086,3552.2996227617455,1921491,-0.03503365268890344,0.03158645565878222,Energy
2011-05-04,3404.2018843720152,3653.104664081008,3135.923558251294,3383.2979163430987,1956997,-0.04874422613841911,0.032897824669366506,Energy
2011-05-05,3245.655200906295,3525.8859974098896,2918.277888215658,3194.0533677117282,1268359,-0.05756019029693299,0.03636225284077026,Energy
2011-05-06,3401.522114385236,3668.868728586818,3101.330877905897,3365.8758306943987,1248120,0.05239744741938869,0.04067858246519604,Energy
2011-05-09,3260.910647129695,3422.959321421008,3094.3786125139754,3256.192838610013,1165864,-0.03312953380756809,0.042844153994592356,Energy
2011-05-10,3309.798873090718,3371.8354152532,3235.3367702819596,3297.1359678550343,1093456,0.012495531106507215,0.04163090350636045,Energy
2011-05-11,3500.258851128429,3790.4698114222324,3195.6078700204034,3484.5133506298935,1429298,0.055274190212198,0.03885777201603007,Energy
2011-05-12,3363.096453555101,3528.773952346289,3227.796201743471,3392.2988625983626,1210518,-0.026820571196841624,0.042026498454926654,Energy
2011-05-13,3368.871724695832,3402.808230543652,3337.164919750144,3371.08063599085,1618625,-0.006274465664227878,0.04026018770204989,Energy
2011-05-16,3426.2117094771957,3472.0142065395476,3355.789655065878,3401.258572040053,1085546,0.008912174912339947,0.03745145536490095,Energy
2011-05-17,3540.742285947606,3814.5917256485386,3292.0880504096613,3564.284220468621,2141185,0.04681772266129927,0.035128382205982044,Energy
2011-05-18,3542.6904907564713,3565.4654153778924,3539.163694868427,3561.9194767764207,1041387,-0.0006636756061052656,0.03762960885268667,Energy
2011-05-19,3736.8299026538416,3974.632360362217,3479.790160298361,3716.2852051211003,1473400,0.042424990148198734,0.035112049779548286,Energy
2011-05-20,3740.370748912181,3897.5940077906976,3632.5526627811173,3788.3916935463726,1055384,0.01921700518813016,0.036827527749475605,Energy
2011-05-23,3826.347003314733,3929.680597716843,3741.729124030028,3844.6577840565883,645099,0.014743022385127973,0.035219418413295955,Energy
2011-05-24,4022.4477374784606,4228.352994949184,3774.4886689137425,3978.1250925259956,1275445,0.034126029871850934,0.033539967994229,Energy
2011-05-25,4210.078943631084,4423.171036290938,3906.388084954077,4114.650068993908,1309916,0.03374316657921027,0.03427289672124745,Energy
2011-05-26,4005.4429138154123,4147.1481158258985,3907.3645900792244,4048.027065406142,860845,-0.016324174520608796,0.034792173737078935,Energy
2011-05-27,4096.670600214821,4183.553867954692,4015.245779892362,4102.022670669653,887973,0.013250568289639782,0.03329216249731703,Energy
2011-05-30,4093.9577169824424,4165.806332024222,4055.9514741752755,4127.488803487355,1624799,0.006188997775837704,0.03182814950634062,Energy
2011-05-31,4195.409037865565,4275.67042708035,4100.4917318497155,4180.467273667737,1609161,0.012753844101236846,0.03026830743234209,Energy
2011-06-01,4118.819709584583,4245.512695664955,3969.6349117126188,4095.6141041196943,1562739,-0.020506357810152046,0.02928029079020252,Energy
2011-06-02,4289.030282527902,4685.159874762115,3934.6184416147003,4327.563916409438,1690452,0.05508810734475486,0.02913665989098188,Energy
2011-06-03,4377.233613523403,4427.573489000054,4310.718842341035,4360.870536113914,702059,0.007666923894752067,0.03513347257682177,Energy
2011-06-06,4374.536453181088,4409.70790909366,4302.684527370984,4337.558680445314,1046711,-0.0053600278626086476,0.03311051154159684,Energy
2011-06-07,4025.0003326806914,4457.1009630672825,3646.4414722822426,4073.939300584946,1625109,-0.06270125533899851,0.03132657441279153,Energy
2011-06-08,4061.916607413374,4166.314986154701,4007.0516365404187,4110.789876061761,1258195,0.00900477552441161,0.03840313170452477,Energy
2011-06-09,4189.9038945569655,4321.862076082998,4062.8957337555307,4194.708280387895,1099152,0.020208603665337655,0.035944447653411184,Energy
2011-06-10,4346.798484421772,4590.024411042964,4108.1173335441335,4351.106697713581,1515752,0.0366064283453724,0.03456675864182898,Energy
2011-06-13,4356.192625391431,4356.434448787032,4350.70414119419,4350.94567331806,993396,-3.7008371973151766e-05,0.03545269005072393,Energy
2011-06-14,4411.044354007079,4478.109012019267,4328.445712864952,4395.270549022738,1297068,0.01013586997090832,0.033249282562321535,Energy
2011-06-15,4334.489724091963,4406.502572959551,4300.913887137026,4372.631283743887,693500,-0.0051641352796102,0.03161996539747242,Energy
2011-06-16,4442.902092883308,4574.099492476441,4321.852245521939,4452.7805012536055,1034965,0.01816378046461542,0.03006423146145266,Energy
2011-06-17,4681.643003656369,5011.161690239516,4338.233338659804,4666.700277492046,1375012,0.046923510446481145,0.029539377935380626,Energy
2011-06-20,4507.284106787629,4735.633231456916,4294.3848697799185,4522.037142429818,1627615,-0.03148965570154911,0.03359065724186645,Energy
2011-06-21,4506.5197029218825,4526.48075169544,4493.182047805762,4513.123551595196,1347458,-0.001973090247813388,0.03393236752103749,Energy
2011-06-22,4582.04563271118,4778.527418052951,4423.334635107235,4618.551930438314,1230028,0.023091723701004988,0.03196417393325081,Energy
2011-06-23,4770.5604529794755,5027.343143122588,4524.111668305931,4780.386729636086,1125837,0.03444022801969722,0.03158086268154532,Energy
2011-06-24,4729.372204254024,4822.543564170874,4625.06539898496,4718.012975545224,689645,-0.013133717809035009,0.032799391855273904,Energy
2011-06-27,4601.143562828906,4822.009935230223,4350.075504496757,4569.419019662801,910919,-0.0320016635553564,0.03140882465778926,Energy
2011-06-28,4490.520778912259,4604.396819562067,4384.065110650744,4497.769312112247,1386828,-0.01580450219514802,0.03229283796220975,Energy
2011-06-29,4565.600535184918,4728.0766974474045,4427.578178987577,4589.336772684504,849463,0.020153954210940118,0.031172572084579315,Energy
2011-06-30,4770.729483942917,5136.557106929885,4441.77581435287,4805.224893042669,1989563,0.04596832562640192,0.030631857286902073,Energy
2011-07-01,4997.345933500315,5237.188680777347,4723.338665264546,4961.459056876136,931416,0.03199601688157666,0.03417033199736793,Energy
2011-07-04,4811.303470969842,5085.617685468768,4504.089526484563,4776.414566427794,1798276,-0.03800968783256159,0.034462313263784225,Energy
2011-07-05,4766.790721395486,4784.711700581443,4746.545906330534,4764.45811597412,533196,-0.0025063654260464654,0.035592573435511456,Energy
2011-07-06,4645.004757110592,4824.526297945113,4463.812896267734,4643.267286828239,1016237,-0.025765533832835256,0.03338273965924835,Energy
2011-07-07,4637.078928775476,4674.81149631127,4618.218590712461,4655.874710380819,750321,0.002711525704393571,0.03303188241350118,Energy
2011-07-08,4494.542412148122,4730.731099353029,4262.036640512929,4498.0441789135275,1875245,-0.0344871253940871,0.031208765761726834,Energy
2011-07-11,4353.463003219208,4558.658462589874,4166.9912231258995,4371.417632285188,1279127,-0.02855531790904856,0.032520669135003816,Energy
2011-07-12,4575.563272921448,4943.78840862563,4230.321589210546,4596.93421522707,1895473,0.050302248869783114,0.032686175425150864,Energy
2011-07-13,4814.488710704801,5146.383856824736,4481.327763617954,4813.129188727758,1669682,0.045957825231712275,0.03652747304896177,Energy
2011-07-14,4758.195023737036,4832.543856726607,4699.660243954343,4773.816898399612,873306,-0.00820125831898894,0.038525618552833055,Energy
2011-07-15,4712.056242358012,4788.9871147892345,4666.550630217734,4743.180923118948,1404258,-0.006438181804257158,0.03602037928180287,Energy
2011-07-18,4952.3529951176,5254.551451701324,4638.66411961335,4940.115851150734,1076194,0.04068079111507268,0.0338259028944631,Energy
2011-07-19,4750.326240819378,5010.748362443933,4533.619349819794,4792.1342178652685,1617025,-0.03041291341738879,0.03554704460518123,Energy
2011-07-20,4723.233201465044,4823.172582838715,4628.96784742425,4728.796203503528,909209,-0.013305201475344513,0.03534990381189507,Energy
2011-07-21,4858.425330298459,5052.018976493107,4662.597537328414,4856.098464932195,1280672,0.026564662832536366,0.03355960097428325,Energy
2011-07-22,5283.12324852001,5925.269637845295,4625.91373175939,5265.975919161673,2150536,0.08103115765914579,0.03326935002000252,Energy
2011-07-25,5354.139072636417,5676.614056856235,5109.6684720882995,5428.737293057812,1006587,0.030440076014902374,0.04438904141046476,Energy
2011-07-26,5910.621285483765,6667.177561298446,5155.163142707043,5911.5949685276455,2067634,0.08520910705073644,0.04260632971802334,Energy
2011-07-27,5770.5803203136165,5997.594038236098,5532.028378520452,5758.569596464675,1446015,-0.026226561318665187,0.05139385424630376,Energy
2011-07-28,5468.120762847742,5881.849020337061,5081.46826668841,5493.408425776556,1397926,-0.04714020446005021,0.048127304944516766,Energy
2011-07-29,5381.546060176885,5539.904550546942,5239.983456630737,5397.911452217436,310028,-0.017536794812393137,0.04781547674611544,Energy
2011-08-01,5619.06723124896,5879.873414692588,5309.135007341547,5567.550046530212,1357552,0.030942998509696205,0.044443072902427015,Energy
2011-08-02,5302.13630276962,5686.12446925204,4929.366842046535,5312.618081596561,1546413,-0.04687034803039236,0.042705617390736944,Energy
2011-08-03,5440.14547743491,5739.540765703694,5184.350711064121,5481.787975752044,1645542,0.03134655956435925,0.04345733809211888,Energy
2011-08-04,5452.137851433016,5491.908847849091,5446.101738771649,5485.83542828613,1053654,0.0007380728839276097,0.04193117225550068,Energy
2011-08-05,5439.5285058278305,5534.330514452437,5327.9602960649645,5422.464914440371,1315889,-0.011618900243901307,0.03881572204807833,Energy
2011-08-08,5814.540500999141,6364.072929686732,5229.303520612951,5775.109305629601,1799936,0.06300669027852526,0.036408488693196246,Energy
2011-08-09,6168.481907084794,6770.832380482046,5561.7038201790965,6163.575150184818,1944612,0.06509980710223293,0.04190392454312818,Energy
2011-08-10,6321.522217821022,6540.513219098483,6089.069916563838,6307.577855410898,1100774,0.0230947540514954,0.04626498510110141,Energy
2011-08-11,6534.412562442248,6907.442206295979,6172.428408140649,6544.878286595347,1123900,0.03693105802982915,0.04350131293224341,Energy
2011-08-12,6828.364266829123,7400.6013022391935,6313.851604695105,6882.043914686024,1377756,0.0502328856544674,0.042643602551186564,Energy
2011-08-15,7073.766789209558,7342.909716787833,6790.267133942972,7058.842210630581,678306,0.025365356779816432,0.0439691129204476,Energy
2011-08-16,6964.325122808457,7094.500931250589,6856.571778910448,6986.4059486752885,456203,-0.010314791646272848,0.041750886355788476,Energy
2011-08-17,6849.671243189092,7049.821984546245,6655.919037350447,6855.893766235851,1551384,-0.018857567413063842,0.038864745569745784,Energy
2011-08-18,6652.903059787492,7083.887155486432,6140.745665205891,6566.106993874953,1021623,-0.04318757208452963,0.036901435417495576,Energy
2011-08-19,6817.674605802077,7117.444412812585,6464.131392881908,6761.428067189585,1287456,0.029313006202573672,0.03832946263751612,Energy
2011-08-22,6485.368557937062,6860.681641047052,6181.07144805826,6553.201759516928,1367218,-0.031280371825734815,0.03747273695314253,Energy
2011-08-23,6236.831161244203,6690.447284474605,5806.412075874362,6258.530663021684,933586,-0.04600830926710278,0.037015321976729645,Energy
2011-08-24,6282.994759805177,6290.898395899192,6255.901972034763,6263.781438906561,682177,0.0008386272678519033,0.0389052943322034,Energy
2011-08-25,5562.85550320533,6397.283828686129,4659.007842005571,5481.185696477142,2657977,-0.13346262093601655,0.03620777590538336,Energy
2011-08-26,5801.802262062403,6281.021835623511,5313.1086310005585,5791.47520629727,1429980,0.05506559880478205,0.061811350954967766,Energy
2011-08-29,5543.954626444331,5905.433511257071,5186.763612519815,5547.982956381784,1266234,-0.04295261391218653,0.06009448819369325,Energy
2011-08-30,5602.6182577137615,5775.75112126681,5466.391326866807,5638.648128812091,1085654,0.016209912887234584,0.057147327717864065,Energy
2011-08-31,5722.115887738341,5768.755409691719,5623.161377921988,5669.370989526406,1514346,0.005433831688416708,0.05246015481873956,Energy
2011-09-01,5544.521897106184,5727.1075556795095,5367.700375234377,5550.107889733977,1322554,-0.021260807833174827,0.04802169565839596,Energy
2011-09-02,5703.241398107007,5946.788912532757,5464.08368416371,5707.454526738874,1297442,0.027955764947126007,0.04486278965450056,Energy
2011-09-05,5588.672085844921,5798.750638081331,5356.968817231578,5566.202745482071,1712332,-0.025060043961486665,0.042747685733078154,Energy
2011-09-06,5666.255437010713,5807.493239480683,5518.402755238018,5659.471459421227,1314247,0.016617417980304475,0.040695117384398315,Energy
2011-09-07,5563.242254435959,5696.9846075138885,5449.54250350132,5582.883436436219,1173183,-0.013625118319444966,0.03829222963205183,Energy
2011-09-08,6087.189566548891,6949.110688428306,5256.465540363588,6114.640420461736,2223306,0.09098057673450313,0.03606774816283742,Energy
2011-09-09,5948.1083247363695,6174.941586454023,5764.679360031144,5990.214153699282,1716586,-0.020558801184168148,0.0488090746426493,Energy
2011-09-12,5832.645012624444,6065.8272831127715,5599.542422154564,5832.721630593507,1018758,-0.026643439921949882,0.04548912243489527,Energy
2011-09-13,5933.245827736102,6012.61707459725,5806.246470638946,5884.971939657942,602770,0.008918249152384976,0.04314961345769736,Energy
2011-09-14,5692.369463494036,5997.49278095978,5374.013084338555,5678.386906501217,1629176,-0.03573477552391772,0.040018015798269656,Energy
2011-09-15,5462.51634923005,5774.847561405077,5162.649699330668,5474.332272473436,850059,-0.036596888165121716,0.039657274213013766,Energy
2011-09-16,5514.9055263524415,5603.2596266406,5437.5568542815745,5525.758734154141,1197712,0.009350256524645068,0.03948492562878265,Energy
2011-09-19,5540.0381664024535,5593.557595173029,5499.41296740682,5552.8385308756915,817474,0.004888678594551347,0.03688307980754723,Energy
2011-09-20,5374.873562108606,5636.592717926607,5115.253951075193,5376.876366515032,979195,-0.03220163947838829,0.03452353020234232,Energy
2011-09-21,5606.131580308349,6003.994037971199,5227.725215385372,5624.357451200407,1176918,0.04499910612779012,0.034771268999995504,Energy
2011-09-22,5783.436424745896,5989.958209256746,5554.178239783591,5759.858060180322,1591329,0.023806121406435173,0.03702662354497175,Energy
2011-09-23,5677.100269004499,5787.81246312423,5592.781847670049,5703.107768655691,782338,-0.0099015832425116,0.035802044541834964,Energy
2011-09-26,5505.2228488278,5789.893844654377,5236.7716562366895,5520.688500462237,845625,-0.032508667976177116,0.03376588984917599,Energy
2011-09-27,5621.450809135114,5892.377362522367,5399.1142546712845,5668.19212119335,1335232,0.02636763616283565,0.034214474683723364,Energy
2011-09-28,5490.113777800183,5738.235953730541,5275.574091988644,5522.433303056225,1212715,-0.02605163808918402,0.0337756133597729,Energy
2011-09-29,5214.02387951008,5699.693291965688,4706.507356634327,5189.932759391523,1382134,-0.06209783763670871,0.03338318174369497,Energy
2011-09-30,5171.550371002809,5216.07392574355,5155.946358716325,5200.382917608779,980626,0.002011519585303429,0.039622855456659244,Energy
2011-10-03,5676.185418159004,6417.264193357465,4932.60205124144,5673.304725192684,2014597,0.08703953102349737,0.036831826879585514,Energy
2011-10-04,5826.712510956823,6050.628487618519,5596.851301192054,5820.529676386589,772210,0.025619475389210666,0.048183490649274886,Energy
2011-10-05,6076.962250755609,6418.005473199866,5703.317915871113,6042.422758713599,1373621,0.037413783221691234,0.04534062907373214,Energy
2011-10-06,5901.333684083606,6102.688172035308,5717.18997510496,5918.023672908278,1594761,-0.020802496388830208,0.044210709020387436,Energy
2011-10-07,5716.743809056648,6072.0916448951875,5324.8691432342885,5677.796018179502,1414906,-0.04143942165999998,0.04157620728336566,Energy
2011-10-10,6093.804942892673,6632.094194589902,5490.23437726161,6022.198342238302,2160425,0.05888923332704163,0.04171868478011743,Energy
2011-10-11,5805.947747089851,6195.229433455245,5372.8087941750455,5758.9385729850665,1595202,-0.04469918358698241,0.04486145559501223,Energy
2011-10-12,5512.2831454091165,5871.275121114095,5160.507025590204,5519.066132923638,1066781,-0.04254451504508172,0.0448301540314554,Energy
2011-10-13,5554.2348429589065,5635.830469462823,5484.202577110135,5565.654218925587,1300243,0.00840587021481468,0.04448931930756405,Energy
2011-10-14,5463.860901726187,5583.90433888263,5409.3906700672405,5528.786848549324,985303,-0.006646122298091234,0.04115869803663084,Energy
2011-10-17,5572.513717345652,5590.650725755727,5522.7625556433395,5540.796332638949,765787,0.002169817707655597,0.038234230481292875,Energy
2011-10-18,5647.923404687471,5787.086611479012,5493.778978867011,5632.563727637725,939404,0.016426474749526996,0.03563974355589514,Energy
2011-10-19,5635.101445370518,5799.158310491523,5536.033556057418,5698.9676219923285,1278728,0.011720331955394738,0.03400922547616311,Energy
2011-10-20,5763.948072248506,5934.603508846634,5622.811487641306,5792.761398375941,1440474,0.01632406385786465,0.0323404833167734,Energy
2011-10-21,5944.389262356114,6268.512629869401,5658.888345350086,5981.241738639209,964764,0.03201909166279013,0.031252147895070276,Energy
2011-10-24,6046.534976570122,6237.177501463808,5893.3822005944,6083.098604795143,740354,0.016886010094395956,0.03217360304785275,Energy
2011-10-25,6461.573330118453,7052.352117035898,5873.220736108038,6463.797044743331,1787245,0.06070271784200571,0.031158998491621105,Energy
2011-10-26,6391.009343768139,6498.717936343209,6285.101345380691,6392.780585985237,1272279,-0.011047602727595097,0.03780779737847209,Energy
2011-10-27,6802.757749025675,7318.039305767463,6214.581019254213,6723.888551269865,1504862,0.05049732042524358,0.03552254302542677,Energy
2011-10-28,6540.954762340859,6857.9755776523525,6194.577433059766,6510.10295197632,1436415,-0.03231137011136069,0.038626127891805244,Energy
2011-10-31,6254.991746855496,6605.930175780446,5960.640878434988,6309.036060112889,1303832,-0.03137236949656874,0.038081306444268374,Energy
2011-11-01,6155.078230993533,6363.587135375639,5989.544493441829,6196.927899213556,1213353,-0.01792923191110371,0.037520428510029125,Energy
2011-11-02,6064.049164386308,6253.844367455472,5890.404645930316,6079.750247272467,1213372,-0.019090051740322526,0.035699364812266425,Energy
2011-11-03,6044.900991233401,6098.355406999466,5990.567393573368,6044.013965465019,829639,-0.005895262342436749,0.03426689699574004,Energy
2011-11-04,6254.0397787420015,6605.742019321574,5915.2435068409095,6266.282528429451,1694405,0.036114925593394104,0.03232010676786587,Energy
2011-11-07,6234.788834238635,6289.128914531459,6175.680235708835,6229.978389974248,1663455,-0.0058104165447072295,0.03363502071920662,Energy
2011-11-08,6305.090478493824,6367.741322903786,6209.069115899074,6271.385044592549,974084,0.0066243664145829275,0.03178231955173533,Energy
2011-11-09,6252.359000938816,6334.819357887906,6214.536135686959,6296.7280873864775,981384,0.004032916775484608,0.030243594419812145,Energy
2011-11-10,6176.300239864839,6344.998046662623,6029.660442782977,6197.846686597422,1185771,-0.015828224167318102,0.028882168640906654,Energy
2011-11-11,6276.054934710729,6322.9872249273985,6182.243049827653,6228.822133522683,1395965,0.004985328172437647,0.02837117611881905,Energy
2011-11-14,6119.98430595095,6285.337941663774,5952.340330709097,6117.630366177149,879916,-0.01801242480878437,0.027343498899008403,Energy
2011-11-15,6365.983156261634,6643.820230264639,6023.363172818059,6298.2438305719825,1713085,0.029096011009676466,0.027327653809939036,Energy
2011-11-16,5997.594669568789,6403.587814918484,5673.827843196902,6075.609529613773,1217680,-0.0359885191991659,0.028712840484807187,Energy
2011-11-17,6180.849177886392,6317.282846103739,6029.578934451303,6165.677713649603,1455885,0.014715741509594208,0.03088394071499128,Energy
2011-11-18,5995.375054693792,6285.882685606814,5680.424298987238,5969.687218367391,1484929,-0.03230352599715836,0.029925527438898317,Energy
2011-11-21,6166.023667969626,6402.036844453023,5889.575635865782,6123.979513557999,1336958,0.02551759871972851,0.03119226543190423,Energy
2011-11-22,6219.389554530689,6476.794797920332,6008.264601679185,6264.150382800824,1072832,0.02263083335327269,0.03124160871150296,Energy
2011-11-23,6286.3669522126875,6294.228830495583,6251.102265499276,6258.929830272514,1089566,-0.0008337490045426391,0.030945980104783662,Energy
2011-11-24,6509.9102051098,6895.464458094544,6125.032409293109,6510.548901386035,1445132,0.03941455244800875,0.029431738282454867,Energy
2011-11-25,6774.342219024312,7142.156723171018,6384.005656500848,6750.527113914145,1438010,0.03619682347055291,0.03203135676744056,Energy
2011-11-28,6634.582746717665,6771.848220187987,6570.906208993056,6707.472114345133,868360,-0.006398446860993841,0.03342660254190072,Energy
2011-11-29,6715.8161547040145,6812.614503794611,6547.575177354772,6643.328729668381,1060299,-0.009608993343551248,0.0316229540734307,Energy
2011-11-30,6648.849279534046,6747.378681452801,6480.5403516261995,6578.020135344572,1106263,-0.009879343805856339,0.03023009911372617,Energy
2011-12-01,6837.964327680375,7199.72856160892,6453.662739394555,6814.168023844113,971644,0.035270168780505595,0.02908139145649178,Energy
2011-12-02,6587.932798467474,6941.254017729211,6222.216925693631,6574.835728447847,1526766,-0.03575438407061765,0.03103513467197095,Energy
2011-12-05,6738.080308280845,6883.702982070132,6526.0944552138735,6670.251213840199,1393456,0.014407928977468662,0.03259294500848741,Energy
2011-12-06,6705.416675280465,6856.8788301311315,6593.84492388906,6744.654203613777,1188199,0.011092698812957666,0.031320573335652635,Energy
2011-12-07,6542.9472811124515,6862.113714892181,6210.366604580333,6528.845132386802,1355611,-0.03252014931161755,0.030053948930256147,Energy
2011-12-08,7004.185371134059,7737.018292895259,6268.055197452583,7000.502821978773,1360868,0.06975190622275466,0.031324525435023606,Energy
2011-12-09,7481.54396902221,8214.88666407342,6740.712348597975,7473.2412047470625,1969577,0.06534682307000252,0.04018432503153122,Energy
2011-12-12,7387.28167995485,7508.559749916431,7280.498229724814,7401.569764851454,678199,-0.009636693157808348,0.04508164898706712,Energy
2011-12-13,7282.01034364789,7478.327533830536,7073.744971833938,7269.731124051088,960816,-0.017972801549587955,0.041711076928882644,Energy
2011-12-14,7580.58506923795,8041.955788793683,7109.991633167329,7570.764661581073,1201238,0.04057476789647611,0.039246711839144736,Energy
2011-12-15,7599.730572027763,7617.94575751039,7540.560360589095,7558.6771484089595,1583439,-0.0015978799344695664,0.039739027172614926,Energy
2011-12-16,7887.64433632218,8429.756995843538,7361.364818579469,7902.4871365712215,1189906,0.04448134282789785,0.03692878562237606,Energy
2011-12-19,8109.068831637244,8460.397982212231,7773.090624453082,8123.809052267693,1327874,0.027621601950428308,0.03857170783100839,Energy
2011-12-20,8042.338318332041,8139.779006920384,7994.530879903245,8091.678268639846,1057470,-0.003962979963992345,0.03747885070472046,Energy
2011-12-21,7589.3204600685385,8305.332301918457,6909.792658160123,7622.806268735176,1565875,-0.05969158068751769,0.03501552772194974,Energy
2011-12-22,7370.541493989124,7869.201667417156,6793.643691945393,7286.626527882543,1449551,-0.04510389309792248,0.04019119886322713,Energy
2011-12-23,7227.104985763819,7296.579264256414,7197.327349019798,7266.638737709782,803230,-0.002746847855185752,0.041199759085935185,Energy
2011-12-26,7118.07422121221,7338.965366168751,6896.964689132229,7117.848839960701,909416,-0.020688287130459455,0.038197747249834116,Energy
2011-12-27,7495.378172577603,7911.1365646271515,6976.296971930272,7385.987619369748,1625196,0.03697908964492555,0.03648910932906719,Energy
2011-12-28,7400.674207125991,7551.135117632573,7302.09190194964,7451.870836517087,1354825,0.008880479662373516,0.037017320815369806,Energy
2011-12-29,7551.4626765964085,7642.372310355188,7421.48502384835,7511.918599159773,1268438,0.00802578587770634,0.03475708661745807,Energy
2011-12-30,7630.437582055019,7804.003810956625,7453.219031111227,7626.700248520268,1179637,0.015164375309203974,0.0328040552668417,Energy
2012-01-02,7398.008868630615,7754.377532027921,7029.893734041668,7385.66792312387,1792829,-0.03211392594282102,0.03154962084301114,Energy
2012-01-03,7597.981315112605,7878.131714190477,7290.366697564345,7569.465676917831,1737867,0.024581125561219365,0.032419106961626185,Energy
2012-01-04,8025.988979150241,8700.352413825945,7332.921577706366,8005.56930050372,1291862,0.05601498136678675,0.03211593929857809,Energy
2012-01-05,8009.414292640041,8313.054262929243,7827.064345000897,8128.004380498198,1337524,0.015177967741179011,0.03736038766196333,Energy
2012-01-06,8220.480512996031,8393.525730350984,8061.014764858507,8233.801572415761,834809,0.01293239471710689,0.03537222722298648,Energy
2012-01-09,8051.386067744,8324.745615972548,7776.229932332568,8049.526339318356,1476394,-0.022634574629222328,0.03355655810627078,Energy
2012-01-10,7909.720861392557,8158.1255856847165,7635.190466315071,7882.748111602496,1796215,-0.020936661663550935,0.032828077446729914,Energy
2012-01-11,7916.531992901016,7999.035569515077,7846.789061764799,7929.181201591713,1132807,0.005873188849086712,0.032060843802384525,Energy
2012-01-12,7802.110153178604,7977.440596837483,7656.031898728854,7830.824721923879,1635234,-0.012481944122107224,0.03045475851727073,Energy
2012-01-13,7263.594797923724,8071.471679330022,6487.995353022347,7292.758195747667,2344600,-0.07118600513739003,0.029417064646839432,Energy
2012-01-16,7519.030955963182,7846.472307560153,7180.643642820014,7507.586612189913,841922,0.02903222977488292,0.03940060980571421,Energy
2012-01-17,8384.04113312573,9641.647303094587,7083.648188515869,8333.70375119514,1960120,0.10439392779159637,0.03831914661504029,Energy
2012-01-18,9244.270862200821,10630.911491530944,7832.194678899262,9214.346681057956,2079323,0.10045370591781992,0.053938848910664736,Energy
2012-01-19,8288.316150492932,9588.009778196532,7045.489325853745,8337.767726604572,1757874,-0.09996616941027861,0.06277867147638275,Energy
2012-01-20,7209.428979422162,8290.843326335485,6105.782033500012,7183.27298058825,2669667,-0.149040395791076,0.06893413180606797,Energy
2012-01-23,6691.261529215814,7516.930567708079,5799.62223490433,6616.004982578151,2095578,-0.08226341524062654,0.08504991216291273,Energy
2012-01-24,6865.169252648047,7161.770299077611,6515.144541308079,6809.333263709168,1081280,0.028802499061005866,0.08307755695850173,Energy
2012-01-25,6703.058850717877,6841.826202693039,6605.207600214108,6743.386252789465,1638829,-0.009731999741509973,0.0758019918536338,Energy
2012-01-26,7300.047091201088,8114.290072222997,6453.720760369691,7263.935922797905,1212133,0.07435960990839223,0.06863643600907615,Energy
2012-01-27,6355.626975554514,7308.97102188769,5398.180221201215,6350.800260236724,2872000,-0.13434098986113893,0.06854320547130578,Energy
2012-01-30,6105.209684599782,6519.563576610958,5657.901594074327,6069.856075362378,1707716,-0.045245936221363296,0.08102877295477151,Energy
2012-01-31,6259.494866261871,6611.418243316758,5933.600468137966,6284.235736307875,1440028,0.0347093394474419,0.0752303718515792,Energy
2012-02-01,7122.789303112341,8191.207698579192,5967.396176549294,7020.466090057993,2015113,0.11078537700455557,0.06934261183336812,Energy
2012-02-02,7061.061876398308,7237.874436073487,6931.144626448966,7107.109942714303,1012414,0.012266072933835699,0.07607712019000692,Energy
2012-02-03,7705.07225976887,8738.101772307047,6714.765489282184,7742.929357601733,1126919,0.08568440261163689,0.06894019912145986,Energy
2012-02-06,7384.4786686009365,7920.487287436584,6841.687965912553,7377.1657719721625,1571758,-0.04839056286304726,0.07073523430060998,Energy
2012-02-07,6520.384940272761,7498.442681313674,5503.780012844508,6475.035309228833,2201280,-0.1304354623777901,0.06673848727218899,Energy
2012-02-08,6396.528514137033,6494.324944910738,6338.665792285134,6436.104222899354,1436418,-0.006030637996221102,0.0788367428523039,Energy
2012-02-09,6140.023801322843,6546.239271468398,5800.286285799935,6203.016279546565,1601463,-0.03688775228631437,0.07125756737388986,Energy
2012-02-10,6218.360828534275,6294.503620251053,6077.2484096104545,6152.585797031473,1254620,-0.0081632221970116,0.06607736879405865,Energy
2012-02-13,5907.186445156337,6325.429366101945,5453.387656963025,5868.921315241082,1909403,-0.047201593610163906,0.0600247504192437,Energy
2012-02-14,5694.253603074058,5950.603359642687,5441.835824509458,5698.018680792289,1172068,-0.02955234009110892,0.05758971345834998,Energy
2012-02-15,5388.770499607658,5831.481153519483,4967.516166021877,5408.671135030514,1106981,-0.052115083099376326,0.05370531815100782,Energy
2012-02-16,4979.708981929182,5639.755577380515,4294.96932022202,4951.242802671643,2450631,-0.08836481513900647,0.05305474758331257,Energy
2012-02-17,5064.40056907231,5179.42664914839,4912.612210716683,5026.783916007716,1545373,0.01514178279110745,0.059355674337722986,Energy
2012-02-20,5401.699474519304,6190.314397480958,4701.841480480884,5480.2758476494755,1677106,0.08637503774997299,0.054340297190783045,Energy
2012-02-21,5330.2914512880325,5532.664666415958,5171.165463561815,5372.28503787026,1317665,-0.01990209968572049,0.05984472734479194,Energy
2012-02-22,5724.2417700057085,6251.362043438426,5186.393473658346,5712.425652772719,1482138,0.06139040413407642,0.05499570118257466,Energy
2012-02-23,5698.546610995003,5783.741015849276,5571.218897396648,5655.773840832649,1426728,-0.009966799217411514,0.05554222697022707,Energy
2012-02-24,5726.5634382927565,5756.170770573227,5645.959400634277,5675.3017007864955,1194701,0.0034467830022325723,0.050821764475919226,Energy
2012-02-27,5866.038416013896,6097.540929454951,5596.65395550275,5826.600038012775,1355784,0.02630992128169145,0.04656246817466097,Energy
2012-02-28,6071.428091580978,6416.205773815153,5707.770728451413,6051.411744020935,979396,0.0378579445707089,0.0440259304011894,Energy
2012-02-29,6264.830345541911,6577.827916317269,5943.788104550548,6256.362618709468,1080650,0.033307373970958266,0.04319270347200009,Energy
2012-03-01,5892.464690515193,6471.794370927861,5283.358458380947,5859.441385199013,1704822,-0.06554469262471056,0.04193918073475319,Energy
2012-03-02,5948.530757589755,6075.309169815501,5816.622076518705,5943.288768544086,1086812,0.01420837260965537,0.04638460859220441,Energy
2012-03-05,5753.183028957622,6014.977917343802,5534.027212358624,5794.257453989455,1191732,-0.025395311951189107,0.04302914371950508,Energy
2012-03-06,6163.159416143729,6717.936879976051,5598.787872107018,6152.616295818883,2260426,0.060010072364199356,0.0409627153366545,Energy
2012-03-07,6220.226202928636,6338.9029401322405,6108.305917586867,6226.863234934714,1747468,0.011995307104112922,0.0445256842280374,Energy
2012-03-08,6175.54596331868,6242.663285051691,6166.151685965334,6233.181332431085,929580,0.001014137309656098,0.0413232664930813,Energy
2012-03-09,6018.9772909305875,6351.515963408081,5675.856034308161,6007.775845188957,1603013,-0.03683224534712493,0.038291567663116095,Energy
2012-03-12,5885.04336105425,6077.091900175953,5686.6503568570715,5878.484870621758,717018,-0.021755550734214556,0.03842508904187236,Energy
2012-03-13,5741.1625489868875,6034.593024824298,5391.175360044951,5681.5595290862075,1075967,-0.03407329361532538,0.036772075987942306,Energy
2012-03-14,5686.137801590009,5803.868164000878,5487.651605329554,5603.6745830546315,1579243,-0.013803201929430116,0.03682250478497937,Energy
2012-03-15,5726.274899038272,6014.497151902623,5480.107271160724,5766.596148236588,1703057,0.028659426033830225,0.03483240939753603,Energy
2012-03-16,5892.493031214147,6094.015141518582,5695.308154007859,5896.689823916476,1799140,0.022309162540851555,0.03455201586938645,Energy
2012-03-19,5972.341692647669,6047.018753829474,5871.701041778447,5946.0493483265545,1706501,0.008335877285089851,0.03361143035489247,Energy
2012-03-20,5927.71398913765,5995.094198481398,5898.454961678104,5965.647930169085,931965,0.0032906476834253157,0.03184659523274413,Energy
2012-03-21,6268.162914003511,6702.556448747777,5814.755527397462,6247.733254662484,1918333,0.04620104706955426,0.03021570380879879,Energy
2012-03-22,6597.190697336586,7074.047230191036,6082.278305468979,6556.16977391745,1426167,0.04818783779657068,0.033920075440324736,Energy
2012-03-23,6546.037756625498,6560.598051018944,6532.737452799868,6547.29519232311,847533,-0.0013545398830173785,0.036996856231687414,Energy
2012-03-26,6993.362780468711,7629.124388101668,6323.974034507673,6956.372920424947,1739096,0.06060618976310251,0.03457295349788215,Energy
2012-03-27,6595.210412435969,7216.358582393215,5917.735449713886,6533.02708808084,1923503,-0.06278780419054861,0.0400898718692584,Energy
2012-03-28,6578.9100832754375,6642.523608254493,6511.697971536667,6575.276360925704,926333,0.006446207064071941,0.044464643419861644,Energy
2012-03-29,6880.793616467761,7376.176710238838,6396.5014049468855,6891.155216260417,1379493,0.0469221273509131,0.04108426279478908,Energy
2012-03-30,6435.229744053392,7195.45106336184,5616.8277440046895,6369.255208122059,1443490,-0.07875619566506255,0.042196993077508835,Energy
2012-04-02,6282.786412643535,6399.496974142033,6191.5356515500835,6307.881730366582,1322321,-0.009682621170527973,0.049546440166491325,Energy
2012-04-03,6036.437809006468,6426.644897756464,5665.861105057094,6054.932787717099,1287030,-0.04092664312678661,0.04558445743284829,Energy
2012-04-04,6113.6970112869985,6149.629737145337,6042.977166187461,6078.704224968171,488673,0.003918275722202019,0.04487318492375852,Energy
2012-04-05,6419.463760318601,6894.293758225153,5913.615357004142,6385.9677473803495,1014901,0.049311491388805834,0.041390640401626336,Energy
2012-04-06,5876.655021228591,6611.918278349583,5139.873665603869,5874.919821577604,1551937,-0.08341063121395383,0.04284030307705158,Energy
2012-04-09,5585.855894889766,6043.390661039698,5107.074511227514,5562.713712351205,1570311,-0.0546063455937593,0.05110609811082665,Energy
2012-04-10,5604.011328294095,5624.138548937984,5556.022143952119,5576.048935597104,1092628,0.0023943825788107793,0.05134924106699643,Energy
2012-04-11,5559.453951084213,5608.9624357367165,5539.801713944675,5589.205030845135,1212517,0.0023566147937611947,0.047013355620666636,Energy
2012-04-12,5501.571259124595,5704.608061936153,5252.11105403194,5453.368938681787,1768338,-0.024603492741558514,0.043232366698633784,Energy
2012-04-13,5513.793687142759,5520.106050381853,5451.284698280313,5457.532652129182,1199336,0.000763220823660633,0.04106129324016354,Energy
2012-04-16,5828.509545053373,6417.349284096001,5245.542040773656,5833.847843249415,1868916,0.06667999766475217,0.03806456643582862,Energy
2012-04-17,5803.572305828745,5834.538885820121,5803.159847675384,5834.124256348747,1099398,4.7379801224192795e-05,0.04388692615852461,Energy
2012-04-18,5693.7212128337205,5933.091046506721,5434.385806075576,5672.879429989366,1659535,-0.02802734506137012,0.04050740878952723,Energy
2012-04-19,5462.633531344265,5750.771508371591,5223.945723666927,5510.013452095804,1448713,-0.02912976025303082,0.03912173237667091,Energy
2012-04-20,5865.030368264081,6441.844926747647,5299.830303407236,5875.623978950544,1497081,0.06424519901495766,0.038101041917267126,Energy
2012-04-23,5832.866256281357,5971.646671996991,5645.562962269487,5783.160742982731,834371,-0.015861889005962058,0.04336436734942417,Energy
2012-04-24,5942.422681544917,6351.69886849702,5602.461919229462,6007.98721691951,1680428,0.03813941221552104,0.04052301337410957,Energy
2012-04-25,5954.239904617021,6102.066078420807,5762.653189448033,5909.365258454347,1053653,-0.01655136240974079,0.04039658283761667,Energy
2012-04-26,5924.3373861916025,5971.505836353375,5887.083753674287,5934.190246722289,1454696,0.004192157433408584,0.03803418546002961,Energy
2012-04-27,5873.954959824748,5957.932249300707,5802.291711571546,5886.120578434034,1599183,-0.00813344657257859,0.03549528896175259,Energy
2012-04-30,5820.673926423796,5904.692090304032,5764.868138928506,5848.618384946702,843347,-0.006391675397122121,0.03343434422498818,Energy
2012-05-01,5831.941726175975,5856.071621806047,5809.531119127479,5833.65443327789,663863,-0.002561823385844103,0.031629295378830795,Energy
2012-05-02,5719.084177222639,5874.882758449665,5594.224410445251,5749.361963230943,1210573,-0.014554750715119233,0.030021897038463446,Energy
2012-05-03,5561.692513341297,5943.400496168804,5115.289876202718,5492.230573365311,2111749,-0.04575441521465791,0.02920321141051733,Energy
2012-05-04,5375.056776869002,5545.538524116397,5212.029091201992,5382.2914090751165,1243040,-0.02022027455518642,0.03311014983498555,Energy
2012-05-07,5514.914519971193,5685.135701099415,5324.609008478901,5494.190531123466,1683035,0.020577070960550045,0.032223509168605814,Energy
2012-05-08,5315.73544776219,5582.31195769548,5047.076666316737,5313.543240183588,835444,-0.033432377332411244,0.03153087394774692,Energy
2012-05-09,5261.6153823219865,5391.873823186467,5097.176193143837,5226.5669627405205,1065895,-0.01650423952843138,0.03260391675307543,Energy
2012-05-10,5337.126642855006,5513.811280373021,5164.153975587459,5340.722087184815,1412377,0.021606216083718776,0.0314844532821352,Energy
2012-05-11,5416.726681852181,5533.550116674774,5300.717177830003,5417.523546285196,1026938,0.014277934607118474,0.031032900682959292,Energy
2012-05-14,5460.734200921303,5639.689884948622,5328.102089750023,5505.959330921631,1064781,0.016192219616293087,0.030016856136769302,Energy
2012-05-15,5812.786624310959,6351.130077696296,5302.0167495582145,5838.133014286861,1921430,0.05858003602111019,0.02932810117078404,Energy
2012-05-16,5826.687499463443,5941.842200196817,5647.846263751288,5761.7169302096845,1318015,-0.013175547941430837,0.03609505655435631,Energy
2012-05-17,6036.207575386031,6397.277107154145,5637.4546171817465,5996.126614822205,1511145,0.03987818811273203,0.03418072184233806,Energy
2012-05-18,6299.564072939028,6714.1737233080985,5852.736499007369,6265.076316670061,1325252,0.04387707314014581,0.03568189848654069,Energy
2012-05-21,6173.196914628408,6360.438241647147,5953.438935586646,6139.663138273958,1525210,-0.02022089252491303,0.03751450300596946,Energy
2012-05-22,6494.271805711173,6959.110445634694,5978.801699658992,6439.73691098393,1220430,0.04771780976939644,0.03587761172100961,Energy
2012-05-23,6238.884634712347,6525.875929430778,5973.749994132432,6259.850308075129,1232090,-0.028331414572057734,0.03835766968444599,Energy
2012-05-24,6852.359707887786,7745.231097869783,5938.255216980539,6827.945389494623,2006743,0.0868675344985377,0.03738246937596451,Energy
2012-05-25,7024.894180078992,7215.999925729414,6763.759674278058,6952.907077414082,1540080,0.018136049763554124,0.04847529778963854,Energy
2012-05-28,6850.123839107232,7051.414382399465,6617.678009119958,6818.025339624885,1016197,-0.019589966353899424,0.04504687604916932,Energy
2012-05-29,7440.776232323748,8137.921745605944,6577.501066010116,7257.472367497621,1242953,0.06246171918226305,0.042201206744516405,Energy
2012-05-30,8065.083322086053,9274.845820398961,6852.290342360096,8061.518049835407,1869398,0.10507027296764045,0.045934447150644105,Energy
2012-05-31,9139.819827029225,10563.699900829184,7768.846852974841,9185.82600072103,2632495,0.13055976149850265,0.05868511810716942,Energy
2012-06-01,8181.832334647513,9485.934896679775,6954.557484450385,8248.63904059111,2137325,-0.1076134219730666,0.07356651526464893,Energy
2012-06-04,9247.352584924993,10700.124863253042,7860.249697186244,9304.456402828733,2274050,0.12044524652594651,0.0785284854231893,Energy
2012-06-05,8657.536182787293,9831.46538992747,7347.651229755444,8500.253499029945,1771799,-0.09039748202066657,0.08490840376483619,Energy
2012-06-06,8299.362935292236,8626.901297767396,7952.770069853129,8279.525539950066,1131533,-0.02631032164989714,0.08422176284824172,Energy
2012-06-07,8515.655463480789,8854.276559683074,8163.87232085868,8501.948360456485,1454762,0.026509691289919292,0.07667124117692717,Energy
2012-06-08,8135.413416767608,8670.136471099697,7608.173326455834,8142.440940821098,1324921,-0.04320535116466642,0.07005853223363626,Energy
2012-06-11,7228.416960314691,8365.431050460782,6144.154416267487,7274.287869965898,1455036,-0.11274408396583249,0.0656244139507126,Energy
2012-06-12,7143.6633252981155,7306.853273977591,7045.948778310193,7208.255207398786,920580,-0.009118995165209993,0.07383722120647411,Energy
2012-06-13,6479.8900404800615,7453.777672204555,5507.906534408052,6481.545801917005,2004693,-0.10626789421687849,0.06688812749149507,Energy
2012-06-14,6871.532338989201,7521.892874382438,6241.459110346269,6890.115678668805,1793364,0.06112884264721028,0.07330175359872539,Energy
2012-06-15,6750.608161588356,6986.253108296565,6496.641567642651,6731.623823949628,864667,-0.023271478269573133,0.07042036619492055,Energy
2012-06-18,7015.231540369226,7462.921890927762,6573.116946155179,7020.476733640849,1345653,0.0420147305350169,0.06440851368529668,Energy
2012-06-19,7428.7138164857615,8109.08571456478,6769.616587737419,7448.254756440224,2211302,0.05914861756065835,0.06069226429627381,Energy
2012-06-20,6877.296168314048,7685.440244262234,6111.339372677686,6915.255715460861,2323136,-0.07424979981380626,0.059763070538816486,Energy
2012-06-21,7374.958448016308,8036.9110250277945,6682.715079263107,7341.680757702116,948027,0.05983785822228714,0.061516295369930966,Energy
2012-06-22,7746.489948078696,8341.022032922108,7134.055283981837,7727.099152874993,1251129,0.05116571839446404,0.06053502348497977,Energy
2012-06-25,8371.518590521828,9366.273525271865,7370.242696782053,8364.1182816658,1866492,0.0792174023540795,0.05851735525025786,Energy
2012-06-26,8330.518480014234,8445.407599130132,8282.091230133186,8396.596223888597,1292253,0.003875489062473892,0.06148767533211126,Energy
2012-06-27,8219.931651107458,8608.48893911981,7751.521246904726,8136.116585350155,1164347,-0.031513424077356494,0.05591815703793091,Energy
2012-06-28,8466.02161497835,9187.99581916445,7834.970484343375,8550.637482907432,1763862,0.04969285136389606,0.052444605192306086,Energy
2012-06-29,8964.41689718182,9957.160472420755,8123.016501233338,9102.77388601283,1490831,0.06257335013896227,0.05167935963731195,Energy
2012-07-02,9451.543242946793,10126.510520032281,8835.606646002247,9506.96237811128,2273367,0.043445222373548247,0.05314055506070742,Energy
2012-07-03,10261.215730096612,11515.097561982686,9041.013380015202,10291.315882017057,1708430,0.07927600927458016,0.051402898515464285,Energy
2012-07-04,10524.543712111177,10832.089945316875,10187.121821557736,10493.768754758632,1135236,0.019481207712709826,0.056182819683675486,Energy
2012-07-05,10539.05924724462,10599.886257044576,10473.424508544666,10534.223609078412,662691,0.0038477191289382918,0.05178933288022329,Energy
2012-07-06,10578.18425490543,10595.175270839638,10506.047080618595,10522.949376534705,523435,-0.0010708211998562084,0.047412326894143694,Energy
2012-07-09,9922.066446129187,10816.053263858614,9016.621873488572,9909.47411085617,1381149,-0.06006724658169627,0.04357195189476853,Energy
2012-07-10,9957.108579032109,10170.042577629298,9801.322152756284,10013.375808379713,861527,0.010430499646847575,0.04647604878130201,Energy
2012-07-11,9496.105832586463,10319.538630559742,8631.416043503375,9450.93166859467,1652504,-0.057808454152341045,0.04294575400071588,Energy
2012-07-12,9043.831952254688,9663.456610608391,8410.358176714128,9028.964192695199,1517611,-0.04567567240854706,0.04557129398069031,Energy
2012-07-13,9393.241291436983,9891.54008332622,8857.777258453967,9353.994036351743,1531072,0.035365768246117826,0.04554486058333626,Energy
2012-07-16,9027.859003581123,9493.760482024003,8596.160772518768,9060.501344777087,1391691,-0.031878967160882184,0.04412570786956451,Energy
2012-07-17,9233.256210193555,9411.756061807037,9000.598278387719,9178.030491194017,1251798,0.012888183579729684,0.04254530242081737,Energy
2012-07-18,9372.028799731375,9650.965502708865,9083.320747819767,9361.957708110576,1063206,0.0198417872969323,0.03966103878948166,Energy
2012-07-19,9918.302933215857,10714.301958739072,9083.855336761742,9876.49939567746,1968929,0.053503711329314724,0.03764907537721372,Energy
2012-07-20,10105.696257339207,10354.264573524824,9792.841208185588,10039.78839851565,1073977,0.016397901398437973,0.04078430298912675,Energy
2012-07-23,10306.164573411035,10757.791748682914,9873.734513856636,10324.588644779911,927373,0.027972259157723146,0.03835389382824185,Energy
2012-07-24,10611.717788748201,11305.02600232683,10024.7099696016,10712.44619535815,1328783,0.03687796395345886,0.03733877381206382,Energy
2012-07-25,10864.79824061342,11087.16218703359,10637.353993318031,10859.6117914905,736998,0.013644305919334873,0.03767419352333454,Energy
2012-07-26,11102.998625801501,11481.099879410354,10728.553321258112,11106.53530153664,1232451,0.022483133740900146,0.03554435185384577,Energy
2012-07-27,11058.3626810834,11155.629540301275,11029.075302252715,11126.16259765102,1066651,0.0017656247840248454,0.03444625457708968,Energy
2012-07-30,11335.00072846897,11896.152982698582,10874.440304640802,11431.664927497464,1452083,0.027087804395190596,0.032399123107631045,Energy
2012-07-31,11550.981785216432,12147.065873906626,11125.70639348044,11715.725086744013,1255479,0.024544833772212848,0.032401001752377374,Energy
2012-08-01,12424.918942775013,13472.5937246226,11348.17325892708,12393.171043561588,1480838,0.05621363469507393,0.03209715347786909,Energy
2012-08-02,12666.007316947269,13018.74358241643,12273.806562247315,12625.412294936703,1337739,0.018566033038535365,0.03739221467030523,Energy
2012-08-03,13183.179717158644,13971.620995241852,12353.173757178041,13138.971065718897,1221294,0.03987107283669992,0.03564052204693907,Energy
2012-08-06,12689.154255733174,13463.1162887502,11845.95738916058,12615.422211261268,1064242,-0.040662653970408726,0.03680560849646551,Energy
2012-08-07,12596.304017398434,12730.679063344145,12392.39588107578,12526.021162499837,1051880,-0.0071118769315246305,0.037838339916328984,Energy
2012-08-08,12989.12766851043,13602.619359280194,12316.165217731108,12926.708791961632,1400343,0.031487446343660415,0.03539744048829374,Energy
2012-08-09,12684.482521170838,12976.530617964956,12535.495150659159,12825.882415144308,314140,-0.007830426941633259,0.035370919214583206,Energy
2012-08-10,12673.258141869006,12897.625283484487,12455.641473800106,12679.894657628955,1480312,-0.011447551773075786,0.033317846250634144,Energy
2012-08-13,13155.022778583725,14021.405758474224,12346.933323558636,13209.942672846453,1473673,0.04095213762967415,0.03174460693195466,Energy
2012-08-14,12899.698582270503,13288.114877866663,12665.038174989342,13050.707445062402,1588282,-0.01212743619729125,0.03402554469626327,Energy
2012-08-15,12565.679060741168,13263.909488385685,11904.37823225362,12600.76231441922,1127855,-0.03508502937728971,0.03237671014494575,Energy
2012-08-16,12040.188912284499,12943.133583177241,11087.36154430015,11986.262008696887,1580147,-0.04999615191372258,0.03351484716970464,Energy
2012-08-17,12211.833745439964,12478.588452462334,11896.422595837652,12162.090718581807,948687,0.014562634494975205,0.03706127717138106,Energy
2012-08-20,11893.818494492436,12305.130339174915,11473.901770279781,11884.90538184028,1001957,-0.02305465621339025,0.03508049544938442,Energy
2012-08-21,11467.155311078071,12071.533321393112,10888.81365807583,11491.941582157702,761179,-0.03362308188404986,0.03412096869590702,Energy
2012-08-22,11886.718226681778,12266.188740198199,11364.381965179975,11739.141244515706,1457250,0.021282606142410475,0.03465500179057681,Energy
2012-08-23,12077.417262051205,12612.794315836189,11550.543695816801,12085.565294235652,1266651,0.02908312568283448,0.03359639441838738,Energy
2012-08-24,12431.37880160242,12906.280609603005,11923.711871403602,12397.312274669366,979620,0.02546790749332771,0.03361321770160085,Energy
2012-08-27,12830.337923372701,13474.632923090492,12175.626658266216,12819.37093386891,980744,0.033477684093526264,0.033183894741538024,Energy
2012-08-28,13479.5399299045,14420.805672853414,12492.433233688207,13430.257632294883,1361596,0.04655281252642289,0.03389763997705255,Energy
2012-08-29,13904.00612439346,14691.361866153033,13143.22910496983,13929.206000485276,1714332,0.0364775932258788,0.03666489669873813,Energy
2012-08-30,13287.55920855813,14228.458924930621,12346.073495082823,13286.928554476784,1940215,-0.047207050424855714,0.037081584932095506,Energy
2012-08-31,13725.174834743562,14603.014640483325,12934.221126306813,13807.326688982455,1382928,0.03841863427170094,0.03917028203029946,Energy
2012-09-03,14018.118861168627,14407.943543789446,13657.241113642493,14046.339298787932,1471937,0.017162442935468553,0.03935540006608963,Energy
2012-09-04,13576.988015787241,14273.369839807032,12877.918151317479,13574.154648131103,1598195,-0.03419422251877183,0.03719220924624613,Energy
2012-09-05,14733.691273012391,16548.89289417989,12920.047418550757,14735.07830322256,1904721,0.08206333908930996,0.037175194295964845,Energy
2012-09-06,14590.102543350542,14863.326769136951,14279.746822812122,14552.262428766686,920594,-0.012484455357074981,0.04707180472562371,Energy
2012-09-07,14184.31513150044,14703.366397007429,13722.6848341792,14239.92622959314,1160456,-0.02169674945137368,0.043542887868585615,Energy
2012-09-10,14596.432360565468,15245.183642243002,13991.709953234156,14638.70970699863,1438567,0.027619644416903937,0.041077960120511445,Energy
2012-09-11,14222.064370584796,14886.164844955474,13527.421440793141,14190.025874955363,1300527,-0.031130055246842245,0.03955181108100229,Energy
2012-09-12,14004.749153412813,14405.720244948661,13523.14934965048,13921.743911474985,1413587,-0.01908738657834209,0.03868899919590262,Energy
2012-09-13,14089.67488598699,14261.718848191527,13864.152499430375,14035.535383606017,933050,0.008140427350605333,0.036771186763321966,Energy
2012-09-14,14019.650229192976,14215.238697937071,13912.388966892695,14107.306794522889,592879,0.00510052012933167,0.03452008291421178,Energy
2012-09-17,14041.64177628226,14109.818983272398,14034.134940463977,14102.279729652295,1835297,-0.00035640826706198484,0.03251478425826784,Energy
2012-09-18,13577.758533440574,14302.869795203975,12961.758492768344,13682.13439734788,1214812,-0.03024554404691014,0.030753666615824633,Energy
2012-09-19,13572.727574972438,13730.563575334167,13426.510345030249,13584.222511930277,1229690,-0.007181913344708858,0.031525376261955486,Energy
2012-09-20,14352.166047096362,15478.431257873328,13190.553334256992,14313.80849208154,857097,0.05231569028587268,0.030046904344040656,Energy
2012-09-21,13391.536017461423,14693.22304335862,12187.1535381647,13480.81147763561,1690956,-0.059957397853206695,0.03511115045168766,Energy
2012-09-24,13499.824578309346,13627.180453579556,13269.91402499644,13396.293196482538,1496434,-0.00628926074959708,0.040317089954906155,Energy
2012-09-25,13208.792970383309,13478.126221445611,12960.554951365353,13229.499064688614,941460,-0.012528927741520526,0.037500765513013984,Energy
2012-09-26,13183.705069452079,13243.887636302206,13140.500229030828,13200.627339242476,417030,-0.0021847596556327994,0.03533542182856296,Energy
2012-09-27,13278.07321661467,13318.926772302102,13133.046192701218,13173.578241554564,806407,-0.0020511789133337687,0.03316006038678035,Energy
2012-09-28,12953.575579050175,13389.555821804375,12447.732902186415,12881.27987879291,1188293,-0.02243809003898045,0.03130978735354348,Energy
2012-10-01,13613.361936298648,15083.052270159234,12288.114267738889,13744.990671086944,1645710,0.06489935769288167,0.03098003244008789,Energy
2012-10-02,12805.209971786091,14090.588348276618,11720.81666850002,12990.50367763274,1451810,-0.056455838713322166,0.03872465522549437,Energy
2012-10-03,13293.226595146321,13704.469342103486,12850.951901333503,13261.203988527488,696544,0.020624174976817143,0.042163590888234646,Energy
2012-10-04,12736.836970976918,13611.591495201921,11797.708659692602,12667.716019014275,958085,-0.04578606793394004,0.03982484408373113,Energy
2012-10-05,12657.00681885291,12688.882836792985,12614.61573526474,12646.465204694032,1285349,-0.001678965566729727,0.04102766344263955,Energy
2012-10-08,12277.352338286133,13106.74146423117,11272.848179911536,12089.55046357794,1697161,-0.04503626423093637,0.038039954953392636,Energy
2012-10-09,12787.775483169808,13775.139205233998,11745.387226511622,12728.146937259813,1415296,0.05147435394392481,0.03952050483820672,Energy
2012-10-10,12958.979597819642,13433.161977655609,12535.745205433333,13008.316271885182,862463,0.021773030774610177,0.04179638272895208,Energy
2012-10-11,12703.153787832904,13131.379545626829,12328.022813930796,12754.725627519627,1340455,-0.019687025766331533,0.039606310327356335,Energy
2012-10-12,11937.688738134253,13195.155556473475,10637.346075090205,11889.764781842472,1026455,-0.07022391273682757,0.03759075287522336,Energy
2012-10-15,12468.245328687659,13502.921557599791,11494.778450650301,12525.0218160413,1474066,0.05205046111808257,0.044386500756325976,Energy
2012-10-16,12542.912896636803,12707.090538764613,12434.021145205119,12597.722951858479,1436913,0.005787690750361542,0.045634600194411866,Energy
2012-10-17,13123.543037261918,14117.099467133457,12208.62059280744,13197.05224616771,1260269,0.046477410450146556,0.04208370222017456,Energy
2012-10-18,13307.420451168942,13315.390689148888,13183.882895187504,13191.783874738534,705185,-0.00039928790152282884,0.042905161069127444,Energy
2012-10-19,14161.183361913912,15708.34962698863,12631.400101380079,14176.871618769437,1892180,0.07201767542714167,0.03965735986823204,Energy
2012-10-22,15208.827115986654,16963.314296727025,13518.893729330754,15266.925311635867,2143700,0.07407686662348599,0.046218468056223344,Energy
2012-10-23,15791.40850119373,16489.5342408921,15028.453750238918,15723.580884388546,1286319,0.029472808569528778,0.05130326263391413,Energy
2012-10-24,15806.22244746149,15981.588181087212,15651.415491364874,15826.581824206982,770572,0.006529367642445113,0.04833132288954969,Energy
2012-10-25,15254.359775009438,16134.851089006877,14350.10151740449,15229.136954199252,1167286,-0.03848042251457018,0.04444241570925977,Energy
2012-10-26,15458.724081209144,15924.072733302593,15041.531306385816,15505.61450186063,1513722,0.01799168644758754,0.04361437938105624,Energy
2012-10-29,15365.119984039111,15541.870331483207,15343.579704182239,15520.112768068037,649986,0.0009345964487205794,0.04086962671985161,Energy
2012-10-30,16196.507014883542,17184.689961808494,15178.179346477142,16164.403596337597,1161973,0.04067473503255456,0.03789976426251621,Energy
2012-10-31,16670.505575064184,17379.841544878767,15921.91192175777,16629.503227009478,828084,0.028366904915613857,0.03869468717303086,Energy
2012-11-01,15314.606046704961,17195.084678666135,13468.960865511068,15345.693037720623,1621938,-0.08034356986026836,0.03766331433249996,Energy
2012-11-02,15709.687058759906,16163.55465532833,15192.151994342641,15644.125454664647,2042323,0.019260625407783744,0.04693701716013419,Energy
2012-11-05,16525.81688615975,17879.375826468524,15168.851732470308,16522.106795097166,2127016,0.05460381372301453,0.0437962625982792,Energy
2012-11-06,16420.774192312176,16531.300436663834,16393.30118000087,16503.688703038464,995212,-0.001115376250009262,0.04562594179879024,Energy
2012-11-07,16901.27258423747,17559.30103481043,16265.547881594397,16922.767810429646,1443695,0.025076009295535426,0.04201866087404665,Energy
2012-11-08,17043.708936524094,17190.234972247392,16873.71462436338,17020.037151991168,1245451,0.00573138300937527,0.04008460085428041,Energy
2012-11-09,17014.807001660458,17063.36308699077,16939.20856846026,16987.68726070254,784367,-0.0019025031286209184,0.03728736372013454,Energy
2012-11-12,17799.347323991224,19232.75562777403,16444.266960409408,17872.13395252175,1709589,0.0507539345466278,0.03482557856348184,Energy
2012-11-13,17243.608026619317,18108.449522183102,16519.731144481193,17378.893435338443,1333260,-0.027986288446542457,0.03816609776515676,Energy
2012-11-14,17889.960411501386,18675.700829108962,17107.493262223365,17893.096513684213,725630,0.029158519872966464,0.03718609506317603,Energy
2012-11-15,17971.246753943287,18202.12148387432,17512.593334527603,17740.503732969555,1276625,-0.008564597032585788,0.03652091763654603,Energy
2012-11-16,18165.485255535943,18671.153288986232,17569.714801591723,18072.802858522024,1163981,0.018557831930058534,0.03432236571627733,Energy
2012-11-19,17692.654363328515,18333.325847299355,17002.90788670895,17641.73554122086,925571,-0.02414077129842681,0.03307686199719007,Energy
2012-11-20,16849.99715758102,17951.448124544804,15891.437712127696,16985.197431525932,1868619,-0.0379252070089937,0.03259876631864107,Energy
2012-11-21,17658.321967635628,18886.954219198466,16512.49877130358,17736.08508562639,1607362,0.043259044222213314,0.03414515853527624,Energy
2012-11-22,17538.30259681357,17752.045332775848,17490.784312846834,17704.077897145067,1495074,-0.0018062669293652822,0.03624107086127878,Energy
2012-11-23,17835.32438255131,17966.375738778726,17660.289528959624,17791.015308589085,1258904,0.004898569207059268,0.03392965611041175,Energy
2012-11-26,16452.13702654333,18356.000063412346,14625.779429768567,16521.898248515437,1600381,-0.07400690434432831,0.03200900885779023,Energy
2012-11-27,16785.403644709026,17055.15058779985,16431.48585638635,16699.858053767155,1291914,0.01071355203606122,0.04172786361702525,Energy
2012-11-28,16839.236926851452,16922.920525980622,16672.010748393754,16755.27710414206,999099,0.00331304003432335,0.038861146550471924,Energy
2012-11-29,15975.363514630939,17141.339216706616,14794.708060896759,15959.527993810138,1359674,-0.04865724238482705,0.036191123277872425,Energy
2012-11-30,15678.082357007515,16140.966648608657,15186.460096630712,15648.470107511903,1324793,-0.019682861762501586,0.038768118457899126,Energy
2012-12-03,15406.06962241329,15760.184823011992,15066.205578736559,15420.013178914654,1159092,-0.014706932700614917,0.03688476466085722,Energy
2012-12-04,14897.398389049447,15700.898563073351,14073.09071194045,14875.404639824725,1085104,-0.035957069059544794,0.03494041745154914,Energy
2012-12-05,15082.875718183323,15393.895330581498,14770.32363657912,15081.310983026757,1245894,0.013747140276139868,0.03564551640324133,Energy
2012-12-06,15032.099747285298,15094.151861317743,14993.571276550883,15055.563251749747,106009,-0.001708719845403848,0.033835334364961986,Energy
2012-12-07,14914.825842428849,15168.693038559628,14632.31587689875,14885.687098671218,847822,-0.011347420292301496,0.03187948932774071,Energy
2012-12-10,14937.776923672687,14977.181166511418,14820.33437125817,14859.532212997457,1114049,-0.0017585946931761684,0.030534506119004896,Energy
2012-12-11,15218.226622699014,15896.45014470935,14594.848476177345,15270.913794582966,1355249,0.02730840073012,0.029092073653135625,Energy
2012-12-12,15499.784105460947,15950.731231023212,15091.560996304928,15541.411760105617,1281754,0.017558227752440835,0.029815118851299206,Energy
2012-12-13,15180.307227726627,15639.712129095667,14884.637621491082,15340.914348738488,1013528,-0.012984787980026719,0.02928133798112145,Energy
2012-12-14,15948.412494734683,16697.705924777136,15085.335643873648,15829.019724498927,1452457,0.03132154711489649,0.02848171538030442,Energy
2012-12-17,16180.304278731252,16697.05352650708,15653.24422991904,16169.653318729102,1126724,0.021291286775741047,0.02993530333660138,Energy
2012-12-18,16294.732533489052,16637.383120499017,16014.507542832354,16356.102729722628,1337536,0.011464849763802543,0.029747197222066098,Energy
2012-12-19,16106.314524001502,16659.479625104108,15436.833325236508,15985.86151463244,789236,-0.022896407090452448,0.028768611559663114,Energy
2012-12-20,16187.84849255095,16545.637054815932,15851.490620453107,16208.842951096241,1407836,0.013852278238318552,0.0289955725500357,Energy
2012-12-21,16739.788973374438,17379.39865595809,15991.727125978185,16627.028343826238,845695,0.025472630254419253,0.028308610419133545,Energy
2012-12-24,16779.16686922693,16941.24744100241,16572.799227599586,16734.44782992655,1240720,0.006439754450213965,0.02895565873713762,Energy
2012-12-25,15899.235865379052,17110.426889089522,14712.940075595801,15922.402554254842,1290065,-0.04974225595191183,0.02787408660257977,Energy
2012-12-26,15711.882986548964,15993.372666990155,15497.92331879288,15778.505750594783,1389873,-0.009078464918951444,0.03305624853519104,Energy
2012-12-27,16045.95199926226,16309.752056571331,15690.130457901967,15952.392368014402,1545124,0.010960191385391114,0.03140915841866749,Energy
2012-12-28,15869.985167814928,16079.157169141572,15604.415569829267,15812.834302597135,907629,-0.00878690177778094,0.030120542082369983,Energy
2012-12-31,15880.132330576578,16425.791626779355,15515.294631857383,16056.89294577545,1080199,0.015316316477485692,0.0289375031869806,Energy
2013-01-01,16529.62158960097,17891.778356774696,15435.681897410755,16781.189742169987,948729,0.04412037651156026,0.028374137962640995,Energy
2013-01-02,16917.322595842594,17155.641512450016,16692.429920559633,16930.572695210914,1212372,0.008862421895618693,0.032187955940485936,Energy
2013-01-03,17261.623293445064,17592.29191112977,16819.68176923571,17148.177180571995,286131,0.012770858300844259,0.03066974053329637,Energy
2013-01-04,17009.088017916754,17224.13809609072,16789.256689073998,17004.245542643504,743533,-0.008428830436506935,0.029613689583785643,Energy
2013-01-07,17196.632921186116,17413.52451778154,16931.549063628016,17147.825073906548,808549,0.008408297042390385,0.028499706419381928,Energy
2013-01-08,17555.07588250949,18133.606762606472,16951.07118497604,17528.733962050952,1161829,0.021970127385336914,0.027575197762948648,Energy
2013-01-09,17297.23393585166,17638.94104001716,16962.401901205787,17303.978448151305,928395,-0.012905031940853543,0.027941299181172163,Energy
2013-01-10,17053.903977059417,17433.070252571233,16670.319922457176,17049.385742245267,1057911,-0.014822266933595393,0.027377982711561954,Energy
2013-01-11,17015.2504255143,17170.36710024848,16791.59529641121,16946.081403364,1165270,-0.006077554776060614,0.02706654927103345,Energy
2013-01-14,17587.329691976494,18560.343020255328,16610.01381789572,17582.7751686439,1560246,0.03688311776413803,0.026298649629998644,Energy
2013-01-15,17701.182366899968,18125.392442947235,17376.61143952873,17799.02741741209,1662371,0.01222407711318259,0.029280536782812457,Energy
2013-01-16,17818.556370618036,17930.327128304827,17739.8756523491,17851.500937969115,1751526,0.002943774517321939,0.02843051312625331,Energy
2013-01-17,18021.323211405248,18242.240586239368,17777.357762996304,17997.98909267191,1194818,0.008172443730225309,0.027348402742371897,Energy
2013-01-18,19362.765919392332,21388.338248115746,17279.1981157416,19297.9946056541,1394214,0.06974114948783379,0.026615154170617435,Energy
2013-01-21,18551.660103431703,19779.15567178331,17243.466684628587,18465.244444562697,1500997,-0.04411089758752604,0.03736666074194006,Energy
2013-01-22,17693.581532486434,18807.408356611813,16626.102999382936,17737.29266944885,1203068,-0.040220932890025526,0.038844298949770956,Energy
2013-01-23,17739.414949652168,17956.18373497262,17378.400050014305,17593.384398515424,727272,-0.00814640865874789,0.03936701874794347,Energy
2013-01-24,17360.046985297722,17928.13066476702,16650.432232812043,17213.727818640713,1208717,-0.021815750458525598,0.03673913891459685,Energy
2013-01-25,16627.136925819803,17445.841286814688,15914.469467926783,16728.815703045264,1601832,-0.028574470801257437,0.035372312728448145,Energy
2013-01-28,16874.219262232848,17130.99381764611,16632.66724330135,16889.22696560192,1162375,0.009543237336502286,0.03497764233682846,Energy
2013-01-29,16663.997594032713,16996.942237009716,16336.65258854942,16669.489352272307,1601799,-0.01309589745342232,0.03305161686791733,Energy
2013-01-30,17106.935736798085,17725.831886696542,16458.631494708214,17076.42378050341,1041809,0.02411872234827626,0.03161728770124757,Energy
2013-01-31,16372.13465445216,17554.105743927514,15099.123637880626,16274.010764016457,1294571,-0.04812938220628558,0.031416225432469684,Energy
2013-02-01,15690.394902594999,16480.466245586704,15059.991914915094,15843.895948630425,1892340,-0.02678509120148169,0.03517170725274524,Energy
2013-02-04,16263.881092736441,17295.07937242127,15395.241983790394,16418.198320576033,1859113,0.03560606081631964,0.03460137799942371,Energy
2013-02-05,16491.547739008747,16643.132499995387,16356.57491755018,16508.024824083066,776490,0.005456242336766013,0.03532666163955378,Energy
2013-02-06,16604.82391132653,16803.248834143476,16427.662226682038,16625.8626807629,823356,0.007112860117862011,0.033209095217154656,Energy
2013-02-07,17694.324633066368,20044.24404216309,15642.933808235473,17961.838955022053,1579568,0.07728997356954201,0.03146210611151256,Energy
2013-02-08,19187.05536337356,20854.44082588674,17379.1676853847,19033.18124346927,1513662,0.0579343879136373,0.04228418497422808,Energy
2013-02-11,19669.036360012913,20565.46658086307,18726.14521884561,19620.356836015915,960252,0.030383804081444414,0.04509790277370956,Energy
2013-02-12,18657.6158989339,20056.708331781432,17281.22833479998,18678.760884771367,1752754,-0.049180544523646466,0.043191816357251146,Energy
2013-02-13,19450.10473802021,20998.0736005039,18055.56346660494,19593.26776965107,1346359,0.04779892928423097,0.04421804263122874,Energy
2013-02-14,20158.32571776293,21488.691867586316,19022.971645586378,20342.939979782586,1624347,0.03754789586108376,0.04479842498813509,Energy
2013-02-15,19560.203414384658,20660.64216103737,18579.468400999882,19674.191846822425,1378017,-0.033426203624022245,0.043783510339776,Energy
2013-02-18,20238.26080993118,20908.528043264934,19447.281024964428,20113.413461968914,1520854,0.02207921058133764,0.04244046754508964,Energy
2013-02-19,19502.330613896476,20348.72413116811,18782.970219954925,19624.844698853012,1125578,-0.024590578708542338,0.040175594075768234,Energy
2013-02-20,19692.349088316525,19996.76423643098,19469.77609750369,19773.276561962703,1079273,0.007535007286827826,0.03849632672938907,Energy
2013-02-21,20369.72502608454,21426.73964939662,19374.069136871527,20428.224359492247,1552332,0.03258613417504071,0.03597346504781799,Energy
2013-02-22,20111.367298200697,20544.128881299443,19760.96168026711,20192.312926491213,1027965,-0.011615507877972931,0.03597986341147406,Energy
2013-02-25,19791.16092394633,20307.336942412967,19444.92259470602,19958.176739257717,1195802,-0.011663062804344442,0.033998212605608424,Energy
2013-02-26,20571.617934965976,21638.757973799493,19559.25089981865,20623.821886485723,1401636,0.0328078889515892,0.03232811196772298,Energy
2013-02-27,20224.32491374601,20933.433545690114,19440.926018872193,20147.335225611256,1073778,-0.0233747771546838,0.03312912759698145,Energy
2013-02-28,20715.311676986777,21688.874629885348,19786.8158822661,20758.445503106395,1161803,0.029881143288233245,0.03255746162286507,Energy
2013-03-01,21221.909996312937,22329.308288144934,20280.906915509953,21381.24032351263,1389023,0.02956074110723215,0.03289259877983578,Energy
2013-03-04,20349.65610943864,21867.238163150814,18827.047057870666,20344.224011129885,1734105,-0.04971687795118008,0.03311516353295457,Energy
2013-03-05,20052.58573703406,20601.878392615432,19428.878016082268,19976.074838477834,1185784,-0.018261739833611953,0.036715888081773805,Energy
2013-03-06,20929.81466718607,22236.315456109427,19524.971992193747,20824.9252758114,1239163,0.0416153004600879,0.03504951955974933,Energy
2013-03-07,21391.22349994021,21997.494268989347,20620.6678423822,21222.146629126208,1278307,0.01889468887558273,0.03664082479902588,Energy
2013-03-08,21737.488101787454,22332.331877442874,21021.42738998289,21612.860753068333,1066022,0.018243254015674504,0.035037000780861485,Energy
2013-03-11,21195.987834436048,21985.872076481995,20296.873410377484,21082.529544929177,1386170,-0.02484382887981169,0.033645142094164714,Energy
2013-03-12,22232.61110176608,24148.92940681115,20377.137374012716,22288.768900700765,1447801,0.05563820099703213,0.03313878157447302,Energy
2013-03-13,21562.26939390657,22831.13591301347,20170.127866013452,21431.286484564862,1928651,-0.03923107523074471,0.03798531936051648,Energy
2013-03-14,21601.85277199931,22383.400832389005,21034.061354058344,21810.134848141497,1018904,0.017522923424943344,0.03853789276933023,Energy
2013-03-15,20839.089521007358,22554.076542306495,18946.690279138376,20645.76755221786,2106677,-0.05486442580485748,0.036526610437922935,Energy
2013-03-18,20391.302785367225,20662.96290973783,20340.18181154681,20611.290427139666,817795,-0.001671332605490342,0.04023518856550235,Energy
2013-03-19,20290.406867226848,20929.18046298946,19547.815614064424,20183.214631368097,1730668,-0.0209877045161464,0.03735659676714343,Energy
2013-03-20,20759.034983178153,21862.925343254065,19749.056177783626,20848.589487938443,1605031,0.032434995371507735,0.035811797200739896,Energy
2013-03-21,20547.55294539312,20970.85989161627,20177.199887405775,20599.56928115894,796409,-0.012016128602485774,0.03583004596299029,Energy
2013-03-22,19775.536265090548,20950.823665266707,18685.511759754838,19856.344995204992,1598015,-0.036746563724794755,0.03389235691061805,Energy
2013-03-25,19534.555069616996,20119.091572186477,18881.72944996824,19464.159491189417,1605980,-0.019948803559856437,0.03494996391131807,Energy
2013-03-26,19788.752830546968,20299.348442292747,19286.144110519763,19796.541890226836,1074763,0.016932470827615856,0.033717846853593865,Energy
2013-03-27,19750.994489043358,19916.811535798726,19520.779929818604,19686.05175785601,1297894,-0.005596918063960526,0.032442577616507866,Energy
2013-03-28,19641.533935841548,19802.681760017567,19418.038251876093,19578.67031512779,1257838,-0.005469627939189248,0.030768742218275885,Energy
2013-03-29,19497.53327519861,19597.617815668713,19440.705748428758,19540.66457836662,642103,-0.001943067223521942,0.029357450887717487,Energy
2013-04-01,19029.38404939297,19870.45989562758,18134.68606554175,18973.28228122089,1225512,-0.029465863391461598,0.028107903953070997,Energy
2013-04-02,19478.629566417618,20438.425768784145,18597.675210489808,19554.059944905195,1082299,0.030151140866933494,0.029364587133462183,Energy
2013-04-03,18878.619011938365,19792.03976557363,18152.67197332145,19059.150671321047,1286987,-0.025635598245042676,0.030433318523480222,Energy
2013-04-04,18946.07055387394,19129.929971784844,18752.4800921299,18936.24415112805,796181,-0.006469570823427215,0.030651706081203194,Energy
2013-04-05,19228.892225182546,19806.397173559457,18706.367862772382,19282.418297975528,1291396,0.01811594609095069,0.029289929507369528,Energy
2013-04-08,19133.202233311633,19501.056596279264,18670.844819724858,19036.846653247034,987000,-0.012817313013681235,0.02890584892115912,Energy
2013-04-09,18295.5789281364,19353.07752950435,17315.226363188136,18368.801402433714,1601248,-0.03572274915154876,0.028161693990523776,Energy
2013-04-10,18826.133674571563,19213.277890097146,18239.40807116289,18622.36188460504,1064717,0.013709460909242984,0.030428309643724772,Energy
2013-04-11,18222.485851272504,19049.643746272246,17247.151822854343,18067.263857096776,1918358,-0.030261436401553658,0.029477076177647343,Energy
2013-04-12,17560.855559726162,18302.090474176155,16836.96658798573,17577.514780419442,899805,-0.027481158089684658,0.03053656162617283,Energy
2013-04-15,18040.064221651883,18425.171010566526,17448.847448686123,17829.45836982971,1404244,0.014231537988001622,0.030972041977431468,Energy
2013-04-16,17333.371484580406,18031.46387215059,16715.22868806693,17410.568089843156,1410900,-0.023774670613979854,0.0299632175913571,Energy
2013-04-17,17153.76146316589,17639.497905206907,16601.18998295018,17084.978730911935,1113982,-0.01887774266823963,0.030050304011142632,Energy
2013-04-18,17515.554876187976,18266.596229131894,16804.31280846415,17553.80112244017,668850,0.027070873965127005,0.02959513460295319,Energy
2013-04-19,17257.65950933263,17838.498925240492,16586.618238123632,17164.316000367704,1022872,-0.022437937025151265,0.030176521110275495,Energy
2013-04-22,16112.343209242972,17603.296109643004,14721.24552414354,16204.262364446115,1585075,-0.057558261060436294,0.030066877020183194,Energy
2013-04-23,15848.113891723417,16421.549303430562,15245.709909224859,15818.057795303226,1008345,-0.024122130689070757,0.0363339605251431,Energy
2013-04-24,15576.608988661756,16138.851520474305,14884.580139662301,15441.962567135482,1269827,-0.0240635400692499,0.035261975672120485,Energy
2013-04-25,15800.07641563646,16520.041927295257,15152.559348920757,15869.67267405099,1428597,0.02732126308262209,0.0343741710698692,Energy
2013-04-26,15010.68443582126,16317.853846759275,13670.564857033814,14974.591172830194,1965824,-0.058055065888872534,0.03401815135860536,Energy
2013-04-29,14616.991173881292,15153.949078650998,14075.529606768096,14612.315759308989,958535,-0.02449012469493646,0.03913242004770196,Energy
2013-04-30,14417.081680950441,14795.661297492905,13981.690067343676,14358.737621279677,1177124,-0.01750606791399344,0.037617043612807474,Energy
2013-05-01,14386.496669799366,14496.393479800203,14176.672722205094,14285.80032428795,1001986,-0.0050925907593860715,0.035749166958206034,Energy
2013-05-02,14463.66033694001,14637.879572342521,14227.515836107186,14400.980068405048,892888,0.008030204957065502,0.03356028192165465,Energy
2013-05-03,14396.1999357578,14613.431411050964,14041.7086668507,14256.837228412987,1036868,-0.010059667424391945,0.03179161283855577,Energy
2013-05-06,13725.64711831597,14493.175022031304,12991.812411431461,13757.630348114835,736357,-0.03564299254569711,0.030393171170588717,Energy
2013-05-07,13228.853901807342,13961.951945716266,12600.363861296422,13328.717483145312,1820523,-0.03167268785721268,0.032086746807453964,Energy
2013-05-08,12932.087227874574,13449.265599959754,12567.66087180791,13080.65266819954,1341644,-0.018786673779989053,0.03277379028985799,Energy
2013-05-09,12693.218521919032,13476.730461546711,11778.418358248995,12553.293150491141,1251570,-0.04115120937870286,0.03181568686557358,Energy
2013-05-10,12612.457348421789,12627.126084169335,12528.97502919401,12543.563639111306,829978,-0.0007753570057665598,0.03411456653076602,Energy
2013-05-13,11924.904535654558,12789.452975064523,11159.770073425341,12018.324436695671,914438,-0.04277515513528976,0.032111261209093106,Energy
2013-05-14,12118.497693234971,12438.506205795004,11867.086754558599,12185.701062767233,1847944,0.013830698878168679,0.03463182873713287,Energy
2013-05-15,12248.343271428566,12322.427608819786,12160.933977198534,12234.937227880202,671043,0.004032346021524606,0.03298763532084815,Energy
2013-05-16,12700.871339438281,13281.571186110301,12036.900055423137,12613.610213423988,999891,0.030480840311527934,0.031192727348127326,Energy
2013-05-17,12887.843445760831,13205.071914929893,12506.688157491557,12822.303387610678,1075670,0.016409700118003176,0.031902213644921545,Energy
2013-05-20,12052.734197321308,13180.52601706525,10919.62979217208,12046.873188853026,1509762,-0.06238096691203294,0.030896484056464966,Energy
2013-05-21,11403.141783187008,12333.337726594578,10496.46601328162,11424.929585650676,1127123,-0.053007366282288096,0.03804447314095882,Energy
2013-05-22,11417.79860145429,11528.415075267763,11241.404019688449,11351.376996097026,997380,-0.006458715769102441,0.04098014984460413,Energy
2013-05-23,11186.226337807933,11409.669392828406,11010.223663525712,11232.931859754832,1074813,-0.01048924924677869,0.03807565359172281,Energy
2013-05-24,10850.754497479293,11410.384512432905,10299.957161427685,10859.160478675543,1306527,-0.03384080103551392,0.035725452685916474,Energy
2013-05-27,11806.397967247805,13167.079493088184,10374.930947343431,11726.391802240785,1587669,0.07683300357512667,0.03595589448059541,Energy
2013-05-28,13016.36267704491,15001.479284473946,11063.908275488173,13044.764595194736,2450662,0.10654486172600254,0.044941713853346575,Energy
2013-05-29,13656.930012413291,14490.996218831897,12757.058963647125,13586.84487854496,902364,0.0407151634450052,0.05846860054159683,Energy
2013-05-30,13573.755475179829,13696.072645075223,13383.76435665565,13505.466151028808,853664,-0.006007532703780466,0.05552945596336486,Energy
2013-05-31,13128.785048443438,13810.346801699627,12368.784165209041,13046.050895415992,1596488,-0.034609028976726484,0.050717156377776844,Energy
2013-06-03,13318.394592201763,13639.110979033818,12937.937551971872,13257.179844261655,548925,0.016053806115633115,0.04834719944159207,Energy
2013-06-04,12773.594843970255,13447.50985254801,12188.305768435508,12858.337833592861,690661,-0.030546821140749945,0.04481763111428152,Energy
2013-06-05,12654.339651327915,12913.716936132107,12487.93537779764,12746.105938055298,1123833,-0.00876665123666683,0.0429751357092377,Energy
2013-06-06,11947.984461947906,13041.823890296424,11023.901433371178,12105.55408534233,1625282,-0.051561445727227526,0.03986248809931112,Energy
2013-06-07,11645.540443866601,12267.255401914745,11151.36731387561,11767.890407717707,854183,-0.02828969208559482,0.04207138895730032,Energy
2013-06-10,11549.283073837858,12027.12091508003,10974.10118826563,11447.737710978627,1545993,-0.027582539867754496,0.04044808298030731,Energy
2013-06-11,11995.380302431586,13076.931738542156,11014.927506991009,12088.839938799314,1562342,0.05449057724563223,0.039025086921862205,Energy
2013-06-12,12227.223962723574,12701.844988264762,11861.110999315757,12332.577483021503,1267639,0.019961629040462763,0.04199701630701225,Energy
2013-06-13,13107.164917609485,14586.684133014993,11747.424986636053,13215.686183989299,2011443,0.06916013440082279,0.03963293451216449,Energy
2013-06-14,12765.944026766276,13434.132276906303,12094.479629077248,12762.486929680983,819484,-0.034894311967269685,0.04554211487170305,Energy
2013-06-17,11943.08145378198,13180.228434987355,10677.068101320501,11910.879367726824,1954738,-0.06905794432773803,0.04406710034413756,Energy
2013-06-18,10660.633902599568,12309.486230562416,9061.538817209632,10703.901070054275,1930302,-0.10684395403457984,0.04867111481575263,Energy
2013-06-19,9752.658369155806,11198.727175808846,8258.706151182856,9696.439081006441,1594944,-0.09884954795001959,0.06088880447987176,Energy
2013-06-20,8667.236425117715,9967.321888885372,7314.918265032426,8605.786194155795,2288903,-0.11932392276288815,0.06731747305327886,Energy
2013-06-21,8549.55734745278,8629.072313844099,8479.390048531088,8558.828921937484,727923,-0.005471417686327875,0.07655745244031892,Energy
2013-06-24,7984.268695427081,8842.258750308894,7110.974558617643,7967.12203187231,1642444,-0.07164004516140761,0.0692338449101745,Energy
2013-06-25,7800.3671294946635,8087.399422383696,7487.990174747866,7774.054224298389,1389871,-0.02453151995916612,0.06858939156637968,Energy
2013-06-26,8212.398981677801,8800.367934495112,7570.313470451058,8154.109146569961,2216774,0.047730182465894395,0.06287983006563368,Energy
2013-06-27,8552.180147162755,9218.069638133054,7909.036731961321,8573.335306771552,1039691,0.05013485092958449,0.060040186300514685,Energy
2013-06-28,9255.331835009009,10526.11432297969,8074.087802461435,9334.73605028532,2164625,0.08508566043192718,0.057973137472972405,Energy
2013-07-01,10247.256492253042,11631.956585315282,8834.4040792072,10214.705608430142,1624322,0.09008590700083653,0.06224663184814669,Energy
2013-07-02,11187.862172365656,12924.74705885431,9542.042146712836,11267.24867236285,2150333,0.09807176147962937,0.06646077893897628,Energy
2013-07-03,10967.679859010284,11414.653683584167,10518.373491099386,10965.248217208496,1601290,-0.027169150955032695,0.07124842924372421,Energy
2013-07-04,10886.49570486028,10980.008057921468,10842.295297872039,10935.608248437404,1361539,-0.002706742260413939,0.06535897298994978,Energy
2013-07-05,10589.028736734752,11081.78592592427,10139.348426341016,10630.350806689665,1787673,-0.028311083202166052,0.05931724241980938,Energy
2013-07-08,12092.418874468109,13928.011020979544,10278.556043297893,12111.31393128656,2606398,0.13042685799332276,0.05509134063938127,Energy
2013-07-09,12963.48190240052,14330.949757828741,11615.212309565075,12980.87155102332,1279442,0.06933680333654695,0.07127215054744056,Energy
2013-07-10,13566.780558811342,14803.5124778148,12472.123325011784,13698.247615752713,1628699,0.05379105868457006,0.06989216264693254,Energy
2013-07-11,13013.27960021433,13960.029973089842,12201.258949421672,13140.096053534806,1592440,-0.04159959035380458,0.06664797985485567,Energy
2013-07-12,12437.551838384701,13420.139729827333,11562.452816688703,12537.974992538917,2158013,-0.04690628472372259,0.06255510740640807,Energy
2013-07-15,12838.001824682287,13319.743394405486,12367.035218251236,12848.395492615415,1610577,0.024456900840834052,0.05967028659298731,Energy
2013-07-16,12815.075426902666,12962.48334547899,12603.582654394622,12750.244846504402,889745,-0.007668464089664879,0.05511946554060689,Energy
2013-07-17,12563.62132027408,12916.521202570748,12162.207391521755,12513.705178015081,503992,-0.018726017141102867,0.050391915883501524,Energy
2013-07-18,13247.278504418568,14392.263358281885,12107.747329790065,13252.300215924392,1421855,0.057346680640778025,0.046734095763406466,Energy
2013-07-19,12511.477401284275,13578.070109250095,11478.712132454271,12542.725456313958,1272776,-0.05503028596361675,0.04837930169541418,Energy
2013-07-22,12402.192789582885,12597.502060809227,12236.777743706245,12431.693546682907,938195,-0.008891709645387876,0.049261499388613204,Energy
2013-07-23,11686.576577313228,12752.39478900668,10667.613882983156,11729.674361675588,1413178,-0.058127241831062305,0.04531242249840715,Energy
2013-07-24,11961.64780983331,12691.192148913864,11388.206503859434,12110.609615115904,1580038,0.03195999498232268,0.04742772335430347,Energy
2013-07-25,12596.53015634479,13376.731332541216,11831.614755418286,12610.940852277754,1137847,0.04048286268427773,0.04530703417735913,Energy
2013-07-26,12526.975824642745,12876.431691233007,12033.260064843622,12378.576133989973,1008185,-0.018597511561293748,0.044587119243407324,Energy
2013-07-29,12584.553959724504,12884.699636141926,12277.006416346308,12576.971242509127,1025597,0.01590021531569611,0.04174073642596075,Energy
2013-07-30,13320.57967439309,14315.6702792293,12231.674365618204,13219.19089936011,1521174,0.0498021672309616,0.0391376262561751,Energy
2013-07-31,13881.319941787944,14787.275238788387,12905.940125981317,13807.04812101561,1249050,0.043509565411147894,0.04120001711540344,Energy
2013-08-01,12324.032737837437,14232.00802737725,10475.42782716182,12375.659154241088,2153971,-0.10944762316476798,0.04173626086016419,Energy
2013-08-02,13392.519238285033,15271.265309743301,11639.775555156231,13503.939516594384,2036060,0.08724988689298797,0.05736156996572441,Energy
2013-08-05,12979.756238908938,13693.039767292596,12400.61370123616,13108.167652679513,1418622,-0.029745938059899963,0.06224276007353817,Energy
2013-08-06,13318.099848198754,13463.779401211967,13059.673210808414,13204.10584453971,879121,0.007292309196941798,0.05772392978581015,Energy
2013-08-07,13057.520137272084,13323.314960798114,12760.974532009555,13026.130395707689,1356111,-0.013570459563110565,0.05266515282373424,Energy
2013-08-08,12885.058283298147,13069.989493158722,12753.11155755997,12937.505690789629,661036,-0.006826859599034332,0.048440873892519005,Energy
2013-08-09,13699.694840352364,14948.87449246611,12481.179830129073,13727.854803276581,2177764,0.05929645511198604,0.044544421789652656,Energy
2013-08-12,13404.081934747466,13842.05060791693,13057.763259916896,13493.42362899587,861253,-0.01722453784434162,0.04706139445858731,Energy
2013-08-13,13371.99581080524,13662.050728977805,13011.215029102463,13299.701801941907,1357181,-0.014460814091201256,0.04377582191463772,Energy
2013-08-14,13073.915156978657,13366.793871714772,12871.919710686778,13163.415619608777,1005534,-0.01030017628570668,0.04079736926651893,Energy
2013-08-15,12958.313525931271,13237.66207377804,12733.897462950898,13012.310868200657,972893,-0.011545538572916302,0.038045424376427425,Energy
2013-08-16,13196.257603890994,13682.638518207696,12794.945272863788,13278.815512727593,1465716,0.020274047540512614,0.03574854363364711,Energy
2013-08-19,14230.51830952791,15542.744690616739,12818.637284374545,14120.740852504518,1175109,0.06147475224474623,0.03440962435268165,Energy
2013-08-20,12916.751627055213,14697.404597996236,11105.134313107019,12880.836111193743,2007628,-0.09190406496172493,0.04017573363371314,Energy
2013-08-21,12433.10795688459,13308.910967376181,11424.20813756734,12289.92518196242,1568593,-0.04696079819187557,0.05155797932307858,Energy
2013-08-22,13808.784318784592,15880.10196660228,11713.081766976366,13780.096196442782,2285580,0.11444541059231131,0.05057052175453511,Energy
2013-08-23,13764.798909481691,13811.881713385943,13701.680811751365,13748.708578316388,845660,-0.002280348310395298,0.06411368759685512,Energy
2013-08-26,15827.210811274661,18201.29243296586,13319.922093098843,15670.496580116287,2496041,0.13083484760177697,0.05821711044079925,Energy
2013-08-27,14285.299114086049,16249.260430546414,12381.02993763879,14337.970072294722,2035378,-0.08886847759781008,0.07334200133966896,Energy
2013-08-28,13179.369936952253,14962.26116516567,11329.126835546673,13101.481382475722,1764850,-0.0901859616831684,0.0747521255549919,Energy
2013-08-29,13660.105133357654,14744.903628928221,12671.05880188051,13749.392532112624,1173316,0.04826933720843859,0.07609422036330424,Energy
2013-08-30,14446.191890064987,15704.027951079313,13266.645734173704,14518.57189471732,1822403,0.054434006547311904,0.0712864197118959,Energy
2013-09-02,14800.733767036996,15213.952372962529,14378.373645816222,14791.32970159574,1329413,0.018612527929564256,0.0678959650391051,Energy
2013-09-03,14528.41965681805,14909.980112232864,14166.91727711019,14547.990756026225,1203846,-0.016588286418255216,0.06196655214115456,Energy
2013-09-04,14407.206121006951,14602.60231508404,14242.456110855412,14437.505820282986,1011687,-0.007623500294125737,0.05668472946353412,Energy
2013-09-05,15635.863538421041,17542.489056133392,13744.840062026613,15649.782233096352,1940290,0.08062761065281038,0.05176141909756168,Energy
2013-09-06,15026.748950465426,15907.00090509596,14230.733777841928,15106.747929516609,1515192,-0.03531547532326096,0.0567319781563442,Energy
2013-09-09,15343.99016053587,16322.40163734736,14621.548110665146,15588.449684401605,1632541,0.031388708426435145,0.05349664752133269,Energy
2013-09-10,15369.514413989207,15670.604373803228,15121.196052180258,15421.446961086589,1241781,-0.01077103479525819,0.050371625835576646,Energy
2013-09-11,15652.55451236833,16121.730683059157,15232.1591050629,15700.059392422134,1069326,0.017905294924788616,0.04633835161116077,Energy
2013-09-12,16212.341092829049,17150.96960364228,15338.904232655066,16274.20010091608,1500049,0.03591654263760489,0.043195881771104075,Energy
2013-09-13,16812.43692626588,17470.56149571313,16050.594675367362,16704.493800057728,861718,0.026096735106817207,0.04226354299916649,Energy
2013-09-16,16205.951469249714,16934.75885429769,15494.875117992891,16222.937211436101,1119459,-0.02925165496992744,0.04038714635820689,Energy
2013-09-17,17454.588609736835,19150.290452993377,15626.9067695135,17308.407182970725,1720475,0.06476622971645082,0.03915668743062072,Energy
2013-09-18,18132.64320242524,19330.690056135572,16892.752930407234,18087.839549659082,1080659,0.04404751660070876,0.044224389347780446,Energy
2013-09-19,18633.61449171919,19696.89480652208,17666.263963848778,18724.809933687793,1371562,0.034609514552327005,0.0442228995923008,Energy
2013-09-20,19256.38046817732,20286.484713612408,18317.55432203122,19343.415270142363,1183666,0.032502686497343385,0.042944203954814845,Energy
2013-09-23,19452.41719604803,19727.536011276945,19222.10560163108,19496.70011849789,655459,0.00789316111191704,0.041639253320417215,Energy
2013-09-24,20215.522180828528,21247.184549259524,19142.01969608565,20171.432002542057,561195,0.034022119544336336,0.038683423226445496,Energy
2013-09-25,19845.51649741036,20261.71370239107,19574.125315147714,19988.368985403802,1737590,-0.009116792443541296,0.0383503778176488,Energy
2013-09-26,19618.082919637534,20359.626252253667,18754.230631528855,19490.969196298283,1628017,-0.025199313499140934,0.03590360105440566,Energy
2013-09-27,19499.10168631246,20049.63442352575,19166.798790687964,19713.67478195711,484582,0.011361306141870794,0.035021502895554515,Energy
2013-09-30,19425.42304202277,20108.707194384428,18579.418809859017,19256.77065895186,1130917,-0.023449824863823063,0.03317478596220424,Energy
2013-10-01,20453.258426197426,22193.42462503169,18646.603476233413,20380.586759068923,2093304,0.0567200968691092,0.032602718933120396,Energy
2013-10-02,20120.988323066038,21110.907743419444,18752.63190176262,19722.969450422093,1508686,-0.03279889981741422,0.037853998914141256,Energy
2013-10-03,19661.501202533706,19974.820865159087,19203.567909737856,19514.545735032294,1169972,-0.010623795860342055,0.03751939980088117,Energy
2013-10-04,18241.718493562134,20111.400570216043,16357.619516606595,18225.655187192962,1288368,-0.06832989546512148,0.035257538837914125,Energy
2013-10-07,19572.837930375656,21553.835657670217,17524.44904284394,19497.85792589433,1690528,0.06747438241851123,0.04236533285679204,Energy
2013-10-08,20458.65283082713,21778.916617847703,19041.42923514956,20355.00423954202,1606383,0.04302218065343311,0.047103885029446894,Energy
2013-10-09,20726.119384337646,21170.221079863728,20205.432668210095,20647.85743306671,1031127,0.014284767520982318,0.04639673471399012,Energy
2013-10-10,20115.33951244802,21076.441075637085,19044.90943756118,20000.52522763976,1785171,-0.03185302316487717,0.04304339416409419,Energy
2013-10-11,19628.265449357874,20367.665355959474,18769.760221525386,19504.49778018478,1301428,-0.025113440224228265,0.04164587959983307,Energy
2013-10-14,19840.488458813586,20790.48249161842,19071.683965669963,20014.91894407507,810305,0.025832848310482756,0.03977569813465776,Energy
2013-10-15,19504.574747266724,20247.098784227182,18791.529002137657,19533.013383092504,1693187,-0.024371914601863325,0.03828557610190025,Energy
2013-10-16,19512.233531735343,19567.12734924818,19441.563555727673,19496.412864917267,856712,-0.0018755350730284628,0.03690158266480713,Energy
2013-10-17,20633.385985281693,22567.94617886569,18774.78691944233,20703.07015344515,1534859,0.060051512862540644,0.034495058882477635,Energy
2013-10-18,21944.461546619732,23784.882965433204,20057.426997361352,21893.5812239526,1598483,0.05591149320003764,0.03991058630747564,Energy
2013-10-21,21595.047454993666,22195.30825609071,20894.22553738874,21491.61120108385,817377,-0.018530816763984166,0.042932483975468366,Energy
2013-10-22,21170.775136934728,21663.07268021448,20668.937867474106,21161.008296173437,1189870,-0.015502425398393834,0.040324523800463315,Energy
2013-10-23,20990.555215531003,21251.405675737216,20936.827085002944,21197.148741477464,1308367,0.001706422403675632,0.0379064975271024,Energy
2013-10-24,21944.74697517377,23150.144720362052,20765.95314209936,21969.99467078968,1364787,0.03581096452248873,0.035354756758189436,Energy
2013-10-25,21369.815175014195,22181.928790578117,20725.805329581774,21533.001104519702,729153,-0.020090950410134405,0.0359490032872851,Energy
2013-10-28,20368.054383592716,22181.100340379304,18486.041500574996,20292.348564881497,1644026,-0.05934279640857824,0.03456026060574138,Energy
2013-10-29,20373.949925905006,20433.90364527519,20192.981961099686,20252.578525036894,826072,-0.00196177699425721,0.03979653770553292,Energy
2013-10-30,20318.46113409939,20544.428404949333,20143.58639629494,20369.117681838445,1261469,0.005737794696501066,0.036980925029325616,Energy
2013-10-31,20601.834249217725,20915.063455065436,20263.782253813828,20576.62822864871,1439468,0.01013596498443187,0.03462671506245663,Energy
2013-11-01,21274.272108555528,22026.414806997745,20322.54617161812,21067.37407964236,1327476,0.023569711953928346,0.03278136947624509,Energy
2013-11-04,19385.16442115184,21796.536520638863,16998.89937607428,19407.51960819242,2277037,-0.08206499201261416,0.03229588589943226,Energy
2013-11-05,19937.64324912199,20713.36189286751,19142.565389481515,19917.500327779522,1529017,0.02593815909108443,0.044097832530951925,Energy
2013-11-06,19125.229270400818,20360.832591702594,17845.310499716332,19077.853035029733,2003021,-0.04307062340995685,0.04191197062531738,Energy
2013-11-07,19212.661732122317,19218.165971914954,19076.030466214317,19081.49712863012,851455,0.00019099348368558673,0.042232125396388966,Energy
2013-11-08,20333.672623112227,22047.55799187089,18483.117325903644,20184.42271254329,1408642,0.05619202526848918,0.03907489480694323,Energy
2013-11-11,20702.660050823528,20926.81226185871,20110.519584455782,20330.643895523204,1120359,0.007218145252346301,0.042368732325916036,Energy
2013-11-12,18951.657681690573,21198.253823758063,16558.849035054584,18785.78164892097,2195040,-0.07902901089361196,0.039292528885994264,Energy
2013-11-13,18755.025826851077,18852.623604819906,18623.303411490186,18720.722682069103,1609105,-0.003469213314513309,0.04766508098628125,Energy
2013-11-14,19431.12823100742,20519.753008308187,18343.76306541621,19432.32109035516,1231973,0.037306640241165125,0.04381065250023378,Energy
2013-11-15,20044.414383456187,20590.061891771573,19249.524515969904,19788.197302595498,1054128,0.018147948779377903,0.04294492320297651,Energy
2013-11-18,20856.50972627453,22666.884323265785,19115.566548078084,20920.59203977795,1557706,0.05564827484064437,0.040308998373346845,Energy
2013-11-19,18611.367016249373,21403.072068686775,15796.22122394119,18583.78967522493,2120154,-0.11844426109191157,0.04317825672489531,Energy
2013-11-20,18094.507884648938,18742.071717033676,17615.423971357,18258.642062765615,880016,-0.017651172254257563,0.06079346947561153,Energy
2013-11-21,20348.24264926754,23400.47904665767,17289.734292730067,20340.863873800077,1781172,0.10799335575940433,0.055708269825925395,Energy
2013-11-22,18438.003472826076,21154.227265196805,15722.396922386111,18438.54147597781,2103922,-0.09818874205269293,0.06581879514868894,Energy
2013-11-25,17764.654951862158,18754.76731605667,16779.33228058604,17769.19294351905,1285746,-0.03697689499912786,0.07079438816561383,Energy
2013-11-26,18924.930574528935,21020.633636629816,16959.56591137655,19043.006701420923,1918899,0.06923370754827032,0.06568538597862818,Energy
2013-11-27,20981.942858671668,24252.144238090503,17834.651429870915,21088.821076600438,1746325,0.10204316140206693,0.06535022482027895,Energy
2013-11-28,22084.999014647256,23204.956319281304,20707.7565951045,21813.969670282615,1221679,0.033807481838427,0.07126319194077715,Energy
2013-11-29,21293.72776097577,22244.344419274737,20229.022421704176,21174.307810852202,975184,-0.029762024103051593,0.06583461015840203,Energy
2013-12-02,20946.579504113783,21277.458484033345,20634.28338690476,20964.889381743902,1502658,-0.009939446745077971,0.06082946183859933,Energy
2013-12-03,22679.23914502525,25727.254209717124,19792.02981587491,22821.885149843707,1868853,0.08487084628920508,0.055452661183198644,Energy
2013-12-04,23367.282787799013,24519.0168399399,22348.668828115566,23494.842371824234,1291014,0.029060972954753305,0.060336201308300655,Energy
2013-12-05,22570.0884361822,23908.54043426253,21281.96915303957,22617.703656937316,1456134,-0.038047976249180084,0.05602719672635925,Energy
2013-12-06,23159.38589290944,23850.08576954013,22383.809830038183,23071.900565603715,1505012,0.019882504076303615,0.05318256004471818,Energy
2013-12-09,22063.11444501169,23536.391933644773,20605.401064839658,22077.713961183606,1490358,-0.04404676966784299,0.049213868467939785,Energy
2013-12-10,22597.92739578865,22975.597696415596,21951.963327493708,22325.073528412646,798770,0.011141738620900498,0.04825579309667954,Energy
2013-12-11,23875.61565439192,26258.739139398196,21479.503714338054,23861.187017721186,1279495,0.0665427444050823,0.04451424496536031,Energy
2013-12-12,23717.654626347346,23884.294927434163,23648.47919426482,23814.83605386701,1219940,-0.0019444146332435108,0.04847066049491075,Energy
2013-12-13,23402.052281203883,23965.14158236577,22947.25537639496,23508.280237014354,1276592,-0.012956040474399163,0.0444982140685468,Energy
2013-12-16,22629.378279945522,23891.249602337826,21442.03282128836,22700.1887734715,603738,-0.03497946913575917,0.04134309727086632,Energy
2013-12-17,21508.115543081287,23227.23423028013,19843.2633882217,21558.483319142135,749573,-0.051603843876972665,0.04063170981772218,Energy
2013-12-18,22721.71919973472,23960.549284567223,21137.586307598875,22356.50419608867,1819987,0.03634789761997013,0.04266371033561322,Energy
2013-12-19,22836.17834902928,23657.351011519953,22053.385866132576,22873.28651231516,1136642,0.022852407582753594,0.041884713116955484,Energy
2013-12-20,22121.548332202477,23163.38023360625,21233.02104020389,22268.933129275432,1491762,-0.026777127853061192,0.03977182714134434,Energy
2013-12-23,22197.754636400317,22520.382569626116,22047.90780508029,22369.3771933647,1204315,0.004500360022129021,0.03837956192738079,Energy
2013-12-24,21515.007344514943,22712.782550090076,20455.945362485356,21647.212840129967,1254460,-0.0328162249748456,0.03579707536991594,Energy
2013-12-25,21722.678358361572,22064.30086743283,21473.08797518718,21813.665060418178,1604960,0.007659902063544554,0.03587032446565693,Energy
2013-12-26,22176.59305885315,22744.69472979634,21616.289828886805,22184.199323571087,1310127,0.016843682239779768,0.033736408474534886,Energy
2013-12-27,22020.772661536354,22223.27621745973,21903.57566728579,22105.627615732355,1035474,-0.0035480739346103046,0.03245108087749522,Energy
2013-12-30,21597.959027219164,22366.64862773929,20818.985826395372,21587.295917848358,1151548,-0.023727229643979296,0.030730220376544784,Energy
2013-12-31,21335.88937857957,22152.02826727008,20238.78804842129,21043.752124101466,1323809,-0.02550128484480188,0.030658186011235666,Energy
2014-01-01,21185.518127148025,21292.893506747252,21007.95910811212,21114.97696119602,1048699,0.003378892409893604,0.030813744091070454,Energy
2014-01-02,22054.21111078888,23229.279460456946,20712.76846617145,21878.473348649786,1275862,0.035520604017229215,0.02934794706645814,Energy
2014-01-03,21946.328338032516,21976.84914628379,21827.80020828296,21858.19845410615,1027106,-0.0009271348349230046,0.03127776517072189,Energy
2014-01-06,22401.15626876982,22972.43263475952,21666.00742133964,22232.99533150183,1091343,0.017001395199887897,0.029711408787032934,Energy
2014-01-07,22840.78042674685,23660.103273612644,21954.261491915993,22771.084264030145,757575,0.02391403538051775,0.0291474075262202,Energy
2014-01-08,23758.209353971863,25118.842624248337,22302.440883671057,23657.294773275094,1901699,0.03818001741361609,0.029418348961604637,Energy
2014-01-09,22863.69143155217,24033.371869800136,21695.254295903367,22864.87428503532,1455521,-0.03406965549568106,0.031796359287770665,Energy
2014-01-10,23031.138229218694,23037.70312895976,22854.013424393037,22860.529693105826,1251006,-0.00019002967998457665,0.032907719231280046,Energy
2014-01-13,22926.192363105947,23210.226108231087,22716.79472693094,23000.15294898587,944209,0.00608903658774673,0.031086006573628883,Energy
2014-01-14,23024.772601218345,23329.971082301185,22495.610335659203,22797.80024772229,913866,-0.008836814920137733,0.02964174925239056,Energy
2014-01-15,23054.6603198622,23467.989088147584,22651.791212364715,23064.94034220099,1391509,0.011649679555978315,0.0285415492516295,Energy
2014-01-16,24508.716852341633,26966.46465773734,22146.362786835743,24595.724108866438,1231597,0.06425888061890886,0.027785846793108554,Energy
2014-01-17,24095.496800323406,24736.749378601082,23671.128188956925,24308.627127223925,1171199,-0.011741297966259638,0.03656532765294682,Energy
2014-01-20,24829.60068002694,25500.928972547044,24081.564870033453,24750.761556207595,1313580,0.018024945337659793,0.034500684932096064,Energy
2014-01-21,23688.431275176677,25213.842553325907,22244.149721341983,23764.898782360397,2215151,-0.04064660753758378,0.033180907262925344,Energy
2014-01-22,24714.416427564935,26130.069898522604,23275.706238733663,24689.958763093975,888927,0.03818698221762678,0.03505139214182278,Energy
2014-01-23,25182.8542397479,25895.504255167303,24448.173069950193,25160.181468227238,1152397,0.01886601120574012,0.036077928356507256,Energy
2014-01-24,25312.53681517972,25535.649615298047,25085.386408736354,25308.463303620174,1393865,0.0058762133495980475,0.03456417926727153,Energy
2014-01-27,25446.842156813727,25492.37399497364,25233.061558113273,25278.291810440038,1019768,-0.0011928615183848254,0.03257185093352181,Energy
2014-01-28,25503.710768214325,25554.801001356587,25193.984153579753,25244.555234165156,1077254,-0.0013354980276291603,0.030805094000485683,Energy
2014-01-29,25301.382589192657,25332.980862742534,25192.044714190106,25223.54577926516,852718,-0.0008325835801919391,0.02931604656754177,Energy
2014-01-30,24972.196365248015,25505.75842534225,24335.49402478648,24866.804251174122,725526,-0.014244163182932408,0.028065075242958513,Energy
2014-01-31,25362.028135005065,25746.128799882263,24738.720827847465,25119.143067825207,1161204,0.01009647606078888,0.027578128769581874,Energy
2014-02-03,25183.96876260603,25613.297659142754,24888.56549397295,25316.341680804428,965624,0.007819875980567005,0.026902293089478894,Energy
2014-02-04,25340.741917867526,25596.341935225624,25173.172018280955,25428.19374578196,1212973,0.004408444975807165,0.026232789936079928,Energy
2014-02-05,25406.919374406716,25536.51304468687,25212.610588612046,25341.872472632836,1021174,-0.0034004823219064046,0.025562522808402637,Energy
2014-02-06,25617.74966793643,25706.434198448223,25312.494147920726,25400.426340012637,1621851,0.0023078928128958853,0.024989768903839905,Energy
2014-02-07,25447.95932682021,25602.187115949895,25144.68790785367,25298.006907804524,1281120,-0.004040344640840871,0.024502852798791237,Energy
2014-02-10,25973.106018408453,26803.628115871077,25016.721556008917,25843.086106433107,1404231,0.021317488863903788,0.024140432762191754,Energy
2014-02-11,25746.052876560025,26057.29904045767,25618.34605691169,25928.686313580947,1305979,0.0033068323200356993,0.025186776190614792,Energy
2014-02-12,24443.30138076348,26573.073287675365,22400.51046014452,24523.573790832936,1162796,-0.05571508498511326,0.024680746076644867,Energy
2014-02-13,24407.24361510775,24544.967989414537,24343.141230243164,24480.672752669154,908175,-0.0017509114882847893,0.0324489905198084,Energy
2014-02-14,25424.333439390855,27555.881763585425,23580.968099645957,25693.03452588714,1280432,0.04833598605155969,0.030705202201901614,Energy
2014-02-17,25361.545819997464,25915.884852820316,24767.898712146176,25321.359371177077,850586,-0.014571641564680946,0.034708827204966416,Energy
2014-02-18,24413.85118536594,25797.73852900919,23000.227495999447,24382.32796091482,1886571,-0.037789677483651196,0.03310003110933288,Energy
2014-02-19,24184.52781609188,24892.95237760455,23210.3948275212,23910.80126209485,1309574,-0.019528313498607994,0.0345065009266196,Energy
2014-02-20,24952.763314061798,26458.353156414654,23390.28446048336,24892.221345794464,1819626,0.040225066415908194,0.03331309260897323,Energy
2014-02-21,25123.12582070407,25594.085164172557,24701.887405409445,25172.026827708723,956002,0.01117797252621284,0.03507874151910036,Energy
2014-02-24,23466.309110788818,25921.856669222387,21050.639026752928,23502.464658775683,1648573,-0.06862803669240759,0.03321380053111356,Energy
2014-02-25,24310.15676478589,25434.660054908003,23117.32743101659,24238.516910684055,841161,0.030837681029162765,0.04109740076470343,Energy
2014-02-26,22703.271869888456,25271.287975615556,19935.42135170259,22477.950918014285,1933816,-0.07540810623961457,0.03992294409710004,Energy
2014-02-27,22791.926838067513,23680.82801749027,22072.35329610753,22956.0721738536,1226646,0.02104761471236203,0.047202018445198814,Energy
2014-02-28,22229.92651540572,23241.525865383603,21355.486008889005,22361.8942515565,1764857,-0.026224123470395162,0.04414606153444175,Energy
2014-03-03,23245.053695905204,24447.021578619366,21949.34596492449,23146.2023905631,1310526,0.034472362692395064,0.041979226969666245,Energy
2014-03-04,23871.240769443844,25042.916309065742,22727.237128094068,23897.647169291624,1302140,0.031949285820510494,0.0410859582584611,Energy
2014-03-05,23879.985966867214,24214.125261782865,23344.47774959737,23675.759416555495,919397,-0.009328294005400183,0.04004445407892218,Energy
2014-03-06,23349.067366407653,23883.94824974448,22782.785236484826,23316.929914455563,1509463,-0.01527201279443424,0.03736173446644044,Energy
2014-03-07,22561.41165353589,23678.83191836508,21442.277593444906,22559.608554491017,1308272,-0.033018627320809006,0.0353794363732896,Energy
2014-03-10,23373.91689775443,25051.461736056404,21876.981626396846,23543.655874931115,1937878,0.0426953193997022,0.035565405621135394,Energy
2014-03-11,24401.899036466566,25423.13528999283,23196.587985560487,24209.784096761017,1919142,0.02790045840285113,0.03722031711838441,Energy
2014-03-12,25973.971827452184,28692.71793063945,23242.28071143612,25959.513425607027,1498534,0.06978129545090193,0.03640119423834696,Energy
2014-03-13,25960.90090783703,26249.25489499322,25787.664527624427,26075.25543018724,1181403,0.004448648394434976,0.04347932764893221,Energy
2014-03-14,24382.78573569209,26709.41820687842,22394.28282952468,24695.418950045994,1381869,-0.05436903799597693,0.04019116964114328,Energy
2014-03-17,24566.79565356005,25019.15410669998,23944.94189055039,24394.120811215653,1130920,-0.01227560591727332,0.04284463720922052,Energy
2014-03-18,24019.909507129752,24661.31388600485,23323.7953522448,23963.698733100242,1240734,-0.017802020408242615,0.03988902010788443,Energy
2014-03-19,24748.139237681335,25971.910798964363,23535.91624333965,24759.14854256336,1038094,0.03265492630104387,0.037688777238404664,Energy
2014-03-20,23445.25107581538,25484.418293074144,21332.217072620268,23364.34765817559,2010503,-0.05798380265196469,0.03736718848856391,Energy
2014-03-21,23467.7549374842,23483.657739910555,23337.969311360797,23353.79488935155,1482162,-0.00045176320924097805,0.0414893194199325,Energy
2014-03-24,22494.069860855543,23887.05591415542,21021.540346170357,22409.275345384503,1614014,-0.0412845418641935,0.03843333857789269,Energy
2014-03-25,22998.931584072277,24160.266830071734,21946.728552625234,23103.289419003264,1340376,0.030500055407667644,0.03920917266322766,Energy
2014-03-26,24385.280723604646,26215.46435760875,22465.742236800306,24288.67536824332,1588024,0.05003520100912099,0.0383330847144925,Energy
2014-03-27,25281.640654775714,26745.54260040595,23782.853308640224,25244.61110421922,1840305,0.03860250383852388,0.04063334231867025,Energy
2014-03-28,22619.194254741433,26121.601549819785,19226.31511653022,22714.436130278074,2123771,-0.10561203609794843,0.04055092849466555,Energy
2014-03-31,22233.614397993344,22989.858546035968,21449.889717396116,22205.166242695006,1472951,-0.022675699791179876,0.05557506245373673,Energy
2014-04-01,19814.38090245396,22878.75849352269,16842.223767085863,19894.57260306321,1816986,-0.10987801442203972,0.05145870341878376,Energy
2014-04-02,20708.74083642151,22590.718279517045,19093.657877968904,20956.32605138857,1989948,0.05199359926355606,0.06347736001152988,Energy
2014-04-03,21518.061834129676,22333.151202838526,20678.15965664765,21492.27212908363,1370139,0.025252874383449104,0.06106554136240493,Energy
2014-04-04,19499.15539131746,22311.736300811637,16794.732906826986,19594.139990098058,1615388,-0.09246289322851708,0.056381348185377836,Energy
2014-04-07,20706.319505467716,22457.39392237254,18970.487395918113,20720.382866749285,1503766,0.055887353909555314,0.06265375593042184,Energy
2014-04-08,20906.34868086814,21185.554929842165,20626.49090864233,20905.688338684507,1332862,0.008903395908935234,0.060900771381016836,Energy
2014-04-09,22442.40931770038,24618.941840356096,20139.090317228573,22302.006113838303,1928079,0.06465534342723397,0.05548886133855145,Energy
2014-04-10,20972.90620364894,22938.776318308814,18987.203350592143,20951.022193947854,1726202,-0.062489197429962944,0.05648236894087594,Energy
2014-04-11,23022.915347734714,26271.450452867444,19769.716316593272,23017.48523198043,1959222,0.09406671732828904,0.05690291179065193,Energy
2014-04-14,22342.19053225714,23375.098791685672,21287.05662094153,22318.887553639324,1236359,-0.030820859095776455,0.06338481831276167,Energy
2014-04-15,22068.602668265732,22473.726234329377,21642.672271546515,22047.406734022785,1211741,-0.012238308942148711,0.058792830832880484,Energy
2014-04-16,23185.16773844629,24953.37200269534,21424.59341790441,23192.259190136418,1433725,0.05062358085718302,0.05373773345368674,Energy
2014-04-17,21870.644026298363,23741.193273063593,20140.755337574188,22000.99434637814,1013180,-0.052730917499703274,0.05286404485292578,Energy
2014-04-18,21016.95027585591,22431.967444099693,19669.5042921239,21080.4503233636,1521245,-0.042741563866188687,0.05246682989874456,Energy
2014-04-21,19743.612537295252,21712.81229860241,17757.067731998428,19724.345862649498,1486650,-0.06649238270815881,0.050756682160659004,Energy
2014-04-22,19020.622021533116,19987.959182333387,18213.025257832298,19173.856245328396,1792888,-0.028306006073707535,0.0531429973834537,Energy
2014-04-23,19062.07110819717,19225.323393629737,18906.890770864047,19070.077874882267,810547,-0.0054271940144843414,0.04979484946954783,Energy
2014-04-24,18259.53063053337,19383.637367812775,17291.848255877525,18408.08234418608,1149145,-0.03533067723138139,0.04569507404728184,Energy
2014-04-25,18594.904719143764,18629.777741381295,18350.60210453018,18385.0816229768,1293324,-0.0012502716116502806,0.04424556866843802,Energy
2014-04-28,18479.256899987537,18672.041623560963,18307.057204461507,18499.65187662828,1166302,0.006212360033667262,0.04082120471397441,Energy
2014-04-29,18489.124513298357,19165.043168620017,18094.635354564984,18764.67479167767,1499048,0.014224187429737748,0.03793264578194291,Energy
2014-04-30,18901.243503245438,19730.12720055506,18327.14303536321,19148.516150500847,1128094,0.020249125153543497,0.035797452688985106,Energy
2014-05-01,19131.432226101846,19211.164067436654,19015.80633952524,19095.387963385372,1219195,-0.0027783890020189003,0.03444807912843156,Energy
2014-05-02,19119.229087107095,19201.721596248357,19055.462792263923,19137.89305349872,766782,0.002223461157094893,0.03241132581873082,Energy
2014-05-05,18658.77578972389,19320.357453540368,18103.29045735964,18761.804870472854,1353884,-0.019847151768309052,0.030677952995431555,Energy
2014-05-06,18692.485819889334,18792.43912399847,18600.317828848954,18700.23293386896,850999,-0.003287167258132895,0.03019926911349131,Energy
2014-05-07,18392.47079979554,18813.571393380655,18049.589939893915,18469.25901246817,835077,-0.012428305170230764,0.028830842933891085,Energy
2014-05-08,18752.77821167645,18943.159796120606,18405.908552383436,18594.68514754552,1359249,0.006768120161367699,0.028073892121214965,Energy
2014-05-09,19275.660785759454,20053.222063811994,18330.993702084572,19101.530744823882,1174042,0.026892680418578792,0.027154849523514202,Energy
2014-05-12,19062.02151261362,19192.57895433612,18884.278831789263,19014.510868985144,1317507,-0.004566057929589088,0.02825581570456127,Energy
2014-05-13,19649.18717711913,20467.454470587072,18735.669897132135,19549.798255850565,1275922,0.027762549364579437,0.027236744108952517,Energy
2014-05-14,20220.98042893146,21233.42333174289,19201.307924806042,20213.369770052283,1350553,0.033379288288213155,0.02844443804697773,Energy
2014-05-15,19572.482176376343,20661.2623445997,18393.983206872097,19477.478500263114,1967497,-0.03708540587449514,0.030238971173649907,Energy
2014-05-16,19506.230935173677,19779.08160107924,19325.893651408256,19597.896855640378,127156,0.006163407797393865,0.032215142424705655,Energy
2014-05-19,20113.609041714055,20991.430943878633,19274.40101081349,20150.67633951462,1037753,0.027815595870441582,0.030593307446348496,Energy
2014-05-20,20440.47630673097,20752.528597182507,20046.033929545927,20356.808921026874,1668630,0.010177593573615598,0.031061495045306513,Energy
2014-05-21,20762.56850097338,21436.80310638568,20112.611786575817,20786.109459836596,1239597,0.020869502549490805,0.029789103564930183,Energy
2014-05-22,20020.694830037126,21343.794536253215,18575.72547784447,19890.201310684308,1707841,-0.04405773517347452,0.029584505631515788,Energy
2014-05-23,20009.626031249863,20389.214438258532,19710.811272628176,20089.211190648675,761319,0.009955700259965325,0.03303569256215697,Energy
2014-05-26,19272.083379325293,20531.324265846393,17976.227588687827,19232.908802334547,1656249,-0.043560102342022594,0.03143171935480183,Energy
2014-05-27,20157.07621808932,21336.394087691806,18827.891331552037,19997.89614911277,1511959,0.03900426354308085,0.034278050742221934,Energy
2014-05-28,20841.717286881823,21989.620362870257,19603.206847865677,20745.828647732942,1369528,0.03671812196624015,0.035611623051045975,Energy
2014-05-29,21788.895967594985,23370.191249134838,20194.00583973608,21774.237290558394,1615640,0.048382297842338225,0.0362875078942187,Energy
2014-05-30,21115.958312750976,22127.186388661015,20080.061494117803,21090.04878117143,625887,-0.031926187797008634,0.03878857557340946,Energy
2014-06-02,21174.817407384213,21314.807008482876,21039.87994449143,21179.837554480113,1128745,0.004248362895626131,0.038164579076661605,Energy
2014-06-03,21956.753863147896,23187.386487338226,20744.354072030004,21974.032605132747,1372991,0.03681174969896245,0.03560808005176558,Energy
2014-06-04,22895.329732711758,24683.690937959414,21264.679512515922,23042.55504285901,1608761,0.04748130555394566,0.03629895355741286,Energy
2014-06-05,23972.06997308684,25648.693666661067,22401.31581791129,24071.429071742787,1527575,0.04368289588505886,0.038629812063439364,Energy
2014-06-06,22565.30920714969,24797.199412365517,20306.458529955722,22535.38942895107,1618908,-0.06593868445666042,0.039749707080443376,Energy
2014-06-09,22862.03978699978,23307.21221192035,22385.29232241465,22829.83770445954,1067406,0.012981414579746858,0.04490231493549185,Energy
2014-06-10,24299.034617297304,26749.210313733092,21923.691497757485,24367.203381886164,1678194,0.06516975281667992,0.041692347954109824,Energy
2014-06-11,25061.29653603377,26340.066988004855,23874.283957483265,25148.90489454824,1428229,0.03157624817598158,0.04612663010311209,Energy
2014-06-12,23922.76805838722,25655.841720542034,22340.020191026044,24063.76536785197,2004184,-0.04410715525612077,0.04417795514808419,Energy
2014-06-13,25093.342910983214,26550.03857251149,23561.256431622485,25013.305855632534,1394641,0.0387007201258065,0.04419467783083209,Energy
2014-06-16,24848.702317886135,25083.84698383922,24806.694059978723,25041.512768020086,691060,0.0011270409582495632,0.043441886464508354,Energy
2014-06-17,23980.62524820928,25478.55095306467,22625.11070963051,24115.417242505937,1042500,-0.03768360289605022,0.04012416395234202,Energy
2014-06-18,24682.30140466529,25172.72133154142,23951.4342798742,24436.979840226697,1339928,0.013246196639330571,0.040012084616820695,Energy
2014-06-19,26736.440062596503,30171.862508566115,23201.770325904487,26622.560090338076,1789989,0.08566142782226442,0.03751123553174525,Energy
2014-06-20,25885.487070452462,26895.084196336433,25055.50632226164,26059.52323010275,1199449,-0.02137570358587065,0.04823231557137607,Energy
2014-06-23,26177.51182250952,26251.53847527129,26034.86617642029,26108.69823315939,626938,0.0018852480012536512,0.04505133869120978,Energy
2014-06-24,25515.397044291385,26400.46042305195,24626.922599374382,25511.86340530347,1086386,-0.02312494888803048,0.041523868055613644,Energy
2014-06-25,23336.841255930896,26451.372566818885,20237.12948898245,23349.923193810737,1491495,-0.08854988079304793,0.0394917685575249,Energy
2014-06-26,23823.26278905924,24967.715487778867,22854.19731028068,23991.79459395305,1139504,0.02711818520575333,0.050237854604972335,Energy
2014-06-27,23313.543487832452,24253.894730941232,22513.335214587332,23449.035851476343,1374165,-0.02288250099955151,0.04721634275943344,Energy
2014-06-30,22026.38752846018,24063.87825451018,20069.889888606544,22100.773286936146,1764675,-0.05921678070074383,0.044295008146067814,Energy
2014-07-01,22544.341572825753,23485.62405056916,21713.27912720975,22650.642967680258,1700068,0.024575640349527632,0.046857574252325195,Energy
2014-07-02,22992.6299892007,23906.075115979555,22241.225982469896,23149.5431538693,1022423,0.021786807543220824,0.04412595751525552,Energy
2014-07-03,22917.407566267673,23158.02210377603,22892.188802654407,23132.566574980476,938329,-0.0007336130418283674,0.041579800970535076,Energy
2014-07-04,24220.513676672635,25768.03584898843,22596.86678571186,24139.19314211859,1817279,0.042595357884757296,0.03851213584331203,Energy
2014-07-07,23333.97618602523,24452.185797173774,22374.55486111007,23486.49343224083,1033360,-0.027411282651139908,0.03948040479491768,Energy
2014-07-08,24784.250072759547,26870.29507481084,22734.520260842957,24817.791305092822,1547825,0.05513527894796527,0.03820561022550942,Energy
2014-07-09,25938.66600778964,28132.42447089343,23943.83934951804,26123.391409140477,2038234,0.051270348230258195,0.04151770429423249,Energy
2014-07-10,26150.56241472614,26354.0835311121,25785.945128654403,25988.202653098495,1050178,-0.0051884445965453595,0.0432813251534476,Energy
2014-07-11,27080.773980433376,28689.205638383464,25431.98964521715,27037.873264091122,1151072,0.03959590566877761,0.04003319221883858,Energy
2014-07-14,24535.62525928779,28027.41593491518,21301.60856633822,24763.379216341153,2250656,-0.08787267925103741,0.04021567536724943,Energy
2014-07-15,24930.078033039375,24935.170093390894,24761.692753306812,24766.751453602323,1363730,0.0001361691245616474,0.0505181313986231,Energy
2014-07-16,24687.579539030437,24832.061269849004,24648.55183610569,24792.867121587355,1458854,0.0010539092572993233,0.04627815965778471,Energy
2014-07-17,24610.61094379296,24915.81534601376,24283.802583598062,24588.73570366327,1069368,-0.008267555890637072,0.042585221119039916,Energy
2014-07-18,24517.07370818046,24719.41302258394,24439.028457436216,24640.973361819542,1320420,0.0021222013598411727,0.039510172339117175,Energy
2014-07-21,25840.0982986441,27537.353756745433,24053.001844118437,25743.941429538594,1778332,0.043788673930609416,0.03673579365421616,Energy
2014-07-22,26737.42183216135,28887.042719811216,24851.297787371634,26983.55577619753,1617006,0.047028319998576554,0.038304464792166246,Energy
2014-07-23,26229.390939725712,27438.81478354253,24960.17591425904,26166.709551207878,1653630,-0.030739660116293074,0.040069128399488806,Energy
2014-07-24,25726.449639052542,26342.060559559668,25194.71078459233,25808.623262103967,967274,-0.013779303969795523,0.039066188016820366,Energy
2014-07-25,24693.81593671183,26295.473338344305,23174.685828327812,24771.560490327684,1714169,-0.04101243032607621,0.03673437109324523,Energy
2014-07-28,25522.98498359499,26817.027443219267,24290.681644023713,25581.8805041732,836228,0.03218806735349452,0.03783958419275625,Energy
2014-07-29,26415.413046404068,27746.77128807149,25109.133499423362,26439.310002788774,1288933,0.03296760984924365,0.03742830556540753,Energy
2014-07-30,26168.630503257275,26563.935186970662,25791.371464459775,26186.419691042778,1281436,-0.009610973942014052,0.037198547564035414,Energy
2014-07-31,26035.146679278736,26558.49041176712,25318.46001359589,25837.837550025168,482919,-0.013400954715442675,0.03494053771360932,Energy
2014-08-01,25774.643429509073,26064.480270517062,25356.486019282103,25644.863479843567,1083827,-0.0074966919018857525,0.033220637842547904,Energy
2014-08-04,26534.479673555757,27701.122786617245,25246.60672297615,26407.674589023536,1374345,0.029311374669594176,0.031485213693944504,Energy
2014-08-05,25112.290282114704,26969.423709694103,23349.07451210781,25200.046303340983,1573346,-0.04680884008583578,0.03196761561073768,Energy
2014-08-06,25515.520129843557,25766.043189222622,25116.48726775264,25365.53773127035,1167949,0.0065456385787735945,0.03530159889857548,Energy
2014-08-07,24380.136646244955,25809.980906158726,22996.1300126248,24423.511952011522,2118556,-0.03784519760770968,0.03321730144815069,Energy
2014-08-08,24173.360334686262,24473.024106717126,24025.13628030463,24323.877126896703,1172746,-0.004087807192971451,0.03460563739758076,Energy
2014-08-11,23037.8946359132,25207.239207284958,20692.785924654105,22843.859318511033,2014509,-0.0627761233004924,0.03256603501965366,Energy
2014-08-12,22506.781188014673,23006.935067971157,22010.29452223336,22510.369251568718,1254796,-0.014706283753144402,0.039237272560880686,Energy
2014-08-13,21649.038025033653,23018.64881439411,20215.422182865175,21580.71026577635,1566136,-0.04217618623598034,0.0369336169862589,Energy
2014-08-14,22488.862112341107,24073.104750051018,20985.224945849954,22564.415947173904,1752110,0.0445742773757625,0.03818505275316446,Energy
2014-08-15,23875.46432863876,25864.16459186235,21866.03908072494,23852.85620661559,1400167,0.055529817440747635,0.039553868755726966,Energy
2014-08-18,25431.157547581297,28385.242691756324,22694.172383118825,25627.162795214685,1251747,0.07174886840657604,0.04259273318990733,Energy
2014-08-19,26436.32802932648,27488.27487062733,25268.930333373555,26316.092809005728,1315501,0.026527810270117778,0.04820267372369432,Energy
2014-08-20,25080.05089161166,26854.73292303381,23392.53426602514,25161.721099894166,1487700,-0.04485681024278228,0.04543519462871762,Energy
2014-08-21,25431.35632090613,26421.844401878043,24679.15394296643,25662.796542217868,1212050,0.01971850205832563,0.04531341459803164,Energy
2014-08-22,23918.87318564879,26445.191451731193,21391.720461455952,23917.940183592833,1250411,-0.07041352509861501,0.0424378054632908,Energy
2014-08-25,25683.770539571666,28335.521815109812,22976.81571561069,25622.211227102867,1971041,0.06883078872583565,0.04779627123065234,Energy
2014-08-26,26882.805965658365,29473.665947523397,24567.446386871692,27136.459705244935,1258085,0.05741859888049994,0.05136378545567257,Energy
2014-08-27,27501.348502156514,27986.55858988382,26973.08882731553,27457.52574407297,1257173,0.011762092022245424,0.05201081704490953,Energy
2014-08-28,27971.888530097534,28344.627293231508,27333.3860068355,27702.535512471597,949742,0.008883651473464324,0.04780012649621554,Energy
2014-08-29,28140.249325874094,28897.81332423549,27421.61565884068,28178.2102279013,1440372,0.01702504856327272,0.04404224748998015,Energy
2014-09-01,28688.46308147263,29230.888364269536,27996.107496219793,28535.64334970195,1503956,0.01260495740643117,0.04117345616974849,Energy
2014-09-02,27042.223960720294,29135.731948791014,25167.478315904576,27246.8034986585,1164201,-0.046217738292995594,0.038471229991416334,Energy
2014-09-03,26164.462838258758,28038.54165804659,24115.70773451787,25976.309734679184,1615618,-0.04775125281882909,0.04005546566425031,Energy
2014-09-04,27889.426441295855,30773.6400546146,24952.29133162264,27830.400741738926,1847291,0.06894401645703009,0.041540096118438494,Energy
2014-09-05,24920.47619175861,28781.290367607195,21182.404762994818,25027.209015310607,2298024,-0.1061653814198253,0.046834338675883665,Energy
2014-09-08,23634.784710749747,25645.883427051933,21671.45477500782,23678.889710669788,1227474,-0.05537967194736641,0.059543492131117454,Energy
2014-09-09,25836.126247375636,29586.642743337747,22246.213893076892,25977.13703499929,1781692,0.09263288466508915,0.05827845377053552,Energy
2014-09-10,25385.681344044475,26248.410311245672,24554.568985135003,25416.29565761642,1057889,-0.021826276727830815,0.06406426646199824,Energy
2014-09-11,26669.1233069666,29008.318155062152,24503.8045855704,26829.942228259457,1194803,0.054127981548124114,0.05877790522995106,Energy
2014-09-12,27022.381000913814,27794.6614927697,26445.99757215623,27214.186872857532,1543517,0.014219902352747074,0.05747477248800552,Energy
2014-09-15,27650.20032589249,29516.848334802744,26283.06979659731,28126.1834011991,941302,0.032962522590115645,0.05265938113457702,Energy
2014-09-16,26992.95940378589,28725.184721836096,25218.904532658802,26948.26143799239,1476321,-0.04278215150200116,0.04981352749511823,Energy
2014-09-17,27266.580442284623,27749.95285808237,26784.455004707397,27267.80575463277,841520,0.011787945285811048,0.04857629967665864,Energy
2014-09-18,27097.828893748807,27331.655337123084,26905.662165161146,27139.19525520495,1065249,-0.004727727556849706,0.04481705992510473,Energy
2014-09-19,27230.391368049568,27515.415487687045,27004.899105429464,27289.43429623415,776382,0.0055206028091265265,0.041354658739277635,Energy
2014-09-22,26262.525535448727,27764.11763711632,24783.387615403226,26283.782498614397,1251926,-0.03754749121008905,0.03837626607501191,Energy
2014-09-23,24674.67074824222,27274.765357982273,21918.9461914838,24500.709641258756,1870259,-0.07025003187192896,0.03859614427263228,Energy
2014-09-24,24437.913961059672,24828.82739764556,23853.058564794388,24240.819237363852,1123274,-0.010664124529580928,0.04507759896968928,Energy
2014-09-25,22236.60559494483,25112.54033364882,19368.37848124471,22243.432623799148,1491937,-0.08599115548319632,0.04174506528794831,Energy
2014-09-26,24108.153881509345,27521.461059627352,20911.35938028289,24299.3178001747,2103738,0.08840147381776794,0.0510224676384467,Energy
2014-09-29,25967.017830406377,28007.388149823193,23594.11987773939,25606.133549491384,1652558,0.0523836386794642,0.057921126103573806,Energy
2014-09-30,26071.825700583508,26835.819542270146,25331.893255877414,26095.223067693485,685410,0.01892035878636949,0.05652868581065704,Energy
2014-10-01,26658.015354411156,27253.3926057282,25895.118198017735,26486.668609540946,1321727,0.014889261719890846,0.052058532942013694,Energy
2014-10-02,25803.30954064881,26889.83281801469,24669.050883468295,25753.475765000265,2009382,-0.028071935905592295,0.047972139819319,Energy
2014-10-03,26008.18501674002,26555.74192499851,25526.842638644608,26073.196359736405,816097,0.0123382280818032,0.04537913614094682,Energy
2014-10-06,25111.76643179479,26571.86362150499,23623.509269752867,25081.86804954184,1429397,-0.038762630622472455,0.042074310194567165,Energy
2014-10-07,25901.760164676292,26997.032654089417,24708.070106215975,25798.99719787415,1582402,0.028190426247732044,0.041732233256741275,Energy
2014-10-08,25310.258466121242,26085.75719145203,24502.86983213633,25277.360575983974,1139765,-0.020426466640494786,0.04015555321347688,Energy
2014-10-09,25636.93276813231,26073.170174339943,25130.71314380728,25565.739120692284,1136184,0.01134398331118863,0.038112476225201974,Energy
2014-10-10,24990.669506293467,25911.931203664542,24025.50806089371,24945.089486082594,1425641,-0.024576150901414587,0.035795971404865484,Energy
2014-10-13,27328.20510034017,30571.016184610486,23794.89497014939,26998.593822107778,1741488,0.07910779534340148,0.03486659338139766,Energy
2014-10-14,25229.266068593854,27796.676482384475,22660.450426471383,25227.7016389191,1881114,-0.06784212183872211,0.04484696154515936,Energy
2014-10-15,25794.440597519784,26665.148780387328,24928.26974084805,25798.830511503205,1149955,0.02238649974199021,0.048983497141419016,Energy
2014-10-16,26157.476506316038,26668.9018359216,25626.276118331098,26137.307100062986,619764,0.013034522640389802,0.045767670897342405,Energy
2014-10-17,25337.451414902564,26503.115548943093,24207.583654009864,25371.719670763257,1276593,-0.029728529582317628,0.04244088331506991,Energy
2014-10-20,26378.215719150507,28120.16217158671,24720.382605981373,26457.355252018173,944377,0.04189904606184952,0.040909053789102895,Energy
2014-10-21,27836.78610639261,29903.327479398875,25735.933156239465,27799.72304999201,1774285,0.04949185740786581,0.04125736364177575,Energy
2014-10-22,28558.842607305585,29608.696017072747,27442.13629556762,28489.438330343033,1196910,0.02450737527434212,0.042768594040345234,Energy
2014-10-23,28797.315583716016,29180.464321053732,28360.834421244792,28743.264001428983,1341640,0.00887001049857989,0.0406621915958289,Energy
2014-10-24,29280.20540342562,30972.70418759434,27950.223726740358,29626.971509153478,976464,0.03028170188381862,0.0378752243985096,Energy
2014-10-27,29472.797517363313,29893.869569519495,28926.865598432596,29346.127947395846,377859,-0.009524535337104643,0.0372179166388587,Energy
2014-10-28,28644.158200284874,29599.428035506102,27875.196503154584,28825.59559285289,1413235,-0.017896882423135578,0.034953485822701455,Energy
2014-10-29,27495.003467563845,29429.235821167793,25597.721837220703,27529.56900953517,962943,-0.04600306458302228,0.03354760344639188,Energy
2014-10-30,26976.932102505092,28174.187170459463,25540.817721359082,26726.979728571714,1656886,-0.029587131786152805,0.036301455208456165,Energy
2014-10-31,27005.221883007576,27738.611139855668,26399.226557260703,27129.819844405894,562974,0.014959954248161671,0.03585451541020901,Energy
2014-11-03,27668.128160682903,28654.96483896417,26751.25390844283,27735.846516699727,1237961,0.022092188453933098,0.03408822457839064,Energy
2014-11-04,27573.175422401833,28021.023007844116,26991.50208972371,27437.14017052406,1617761,-0.010828098410419304,0.033208663967827,Energy
2014-11-05,27751.641051393555,29200.51485360386,26702.872841152195,28137.176780073936,1479075,0.02519414277277355,0.03162023793870469,Energy
2014-11-06,28196.9284909321,29073.378175129168,27639.918799171006,28510.180420689758,1331764,0.013169512226369447,0.03154494067752346,Energy
2014-11-07,28700.411269290016,28944.589273673504,28428.40701586816,28672.3462480327,730545,0.005671881658011073,0.030365803689691037,Energy
2014-11-10,28435.037886323546,28934.036787224646,27841.54749669611,28338.858572453366,1248126,-0.011699155642555643,0.02902569832421014,Energy
2014-11-11,28465.895584236026,28733.856786847467,27896.475399752457,28161.57187794021,1196866,-0.006275607988946873,0.02818729265074522,Energy
2014-11-12,29244.77990796525,31431.943684605794,27279.021092373463,29452.239939775445,1158413,0.0448116170197012,0.027230979819456453,Energy
2014-11-13,28969.950515998724,29579.613297749114,28587.386296134417,29194.089202557527,1377030,-0.008803702067147971,0.03153463433322435,Energy
2014-11-14,27603.931621674044,30095.989900475455,25007.17432017756,27488.842451548422,1174270,-0.06018607090604187,0.030119301212631136,Energy
2014-11-17,26327.168282334784,28003.85377065332,24719.6122685858,26392.3195718543,1654386,-0.040707150790884335,0.03700124746675209,Energy
2014-11-18,25895.77420610362,26698.583755131593,25050.982515319207,25852.448912401953,512697,-0.0206677105599918,0.03799782454435295,Energy
2014-11-19,26159.562887909844,27386.692688616855,25245.305729141353,26461.870118237373,1145322,0.023299501414605874,0.03631997900675997,Energy
2014-11-20,25179.19137537845,27046.96241131264,23333.697016427195,25199.946795755022,1465537,-0.04886295013577171,0.035167352970710934,Energy
2014-11-21,25564.026186108942,26741.533781915583,24643.581792531513,25812.155383689093,1066705,0.024003636643578505,0.03804644998378816,Energy
2014-11-24,27905.56849076057,31335.734404100782,24546.432998953173,27968.96727726809,1779479,0.08025006413850323,0.036666770663812985,Energy
2014-11-25,28342.073292349072,28825.65477532742,27806.25251218666,28288.927199600665,1523048,0.011374879035611244,0.046277127999317415,Energy
2014-11-26,27834.172741201128,28486.7183631219,27233.180397821696,27884.636413770873,1648019,-0.014394592071345528,0.04280965126759834,Energy
2014-11-27,28433.54500359795,28967.63713754817,27705.637762155504,28236.01960383455,777113,0.012522582836168552,0.03996515526627883,Energy
2014-11-28,28498.66969527741,29406.144691834936,27799.286830958623,28701.777383050536,1043581,0.016360596752923368,0.037433850596746324,Energy
2014-12-01,29530.788309991756,30162.170466938525,28491.3449079372,29113.811913211364,941834,0.014253647195123866,0.03551316523933603,Energy
2014-12-02,28427.561623465623,29649.753398202432,27074.864452134978,28291.19331733728,1799019,-0.028662131746770358,0.033755338733414714,Energy
2014-12-03,28138.653158830628,28332.780513930764,28013.827208699407,28207.648493422035,1065733,-0.002957401678671428,0.03368628777182842,Energy
2014-12-04,29638.002694176732,31845.05893102525,27434.29519114701,29641.119668149833,858985,0.049569410952304216,0.031766723481978766,Energy
2014-12-05,28311.15337333328,30130.453493816534,26804.26452756027,28607.776587187775,1512491,-0.03548398578473016,0.035719305031707484,Energy
2014-12-08,27689.911691164485,29100.308756605296,26244.153073566253,27652.652317449,1129364,-0.033956941458715514,0.03618787073916025,Energy
2014-12-09,25846.2890367378,28527.0837580857,23128.632480320957,25805.161416897485,1759543,-0.06914712121180294,0.036340207372715025,Energy
2014-12-10,26055.064569132228,26410.21854249396,25685.769945409396,26040.728505322393,1026166,0.009087266506143733,0.04328610854876551,Energy
2014-12-11,26590.233006544884,27016.278979028724,25898.658185243497,26320.380404175594,807389,0.010681766054951426,0.04014145633281708,Energy
2014-12-12,27438.32278047083,28940.626244016352,25804.19136558671,27298.858900678137,1027067,0.036501343408516296,0.0374991230847266,Energy
2014-12-15,27086.591496006688,27486.777543264052,26631.928194864573,27031.297307936493,1115658,-0.009849548556558207,0.037746517671074585,Energy
2014-12-16,26934.078737186486,27339.14169990802,26359.165130060883,26761.634698220503,1005322,-0.010026033479097862,0.035417392874820645,Energy
2014-12-17,25816.636825913585,27101.980813254555,24776.661827536675,26052.50433287503,1657510,-0.02685542157407146,0.033445352091704995,Energy
2014-12-18,26612.973667680635,27382.61661960747,25791.565821620607,26559.66715778727,1364124,0.019279893622247576,0.033212276516653566,Energy
2014-12-19,26004.96827080293,26775.633626773677,25348.735690760466,26116.58442507156,1739104,-0.016823261699040963,0.032221132721363226,Energy
2014-12-22,26300.916539092213,26469.207590305818,25839.013768969988,26005.41399505978,1487590,-0.0042657841971266005,0.03119317930585669,Energy
2014-12-23,25559.073229098925,26203.134248554335,24957.378804367967,25600.465397377724,1279242,-0.015694216018389138,0.029684020707921782,Energy
2014-12-24,25340.45585603481,25765.880008965898,24890.5308762103,25315.536677535365,1069369,-0.011192225726535898,0.029014808818523044,Energy
2014-12-25,25658.415568325952,26547.540920581403,24920.615903910286,25805.51155729712,1262981,0.019169790185757343,0.02814741892478623,Energy
2014-12-26,26211.130157115735,26745.400691152747,25625.37417951854,26158.573431637527,873716,0.013588897307733296,0.028088144866950986,Energy
2014-12-29,25837.14251555406,26241.644047400787,25587.796464377207,25990.81495237445,1094056,-0.006433788128253718,0.02754730159488363,Energy
2014-12-30,27157.274448939137,29204.482463265656,25218.027840426515,27258.04036256132,1405769,0.04760533222037863,0.026707528986775832,Energy
2014-12-31,26063.64761601366,27739.684523042575,24570.479161934647,26236.60732607772,1233782,-0.038192875023412544,0.03178952393533867,Energy
2015-01-01,26256.363526734796,26569.884055258633,26057.05567651162,26369.715766339497,906666,0.005060559891071422,0.03357474379666176,Energy
2015-01-02,26852.53041586655,27970.991219251984,25892.674392349156,27005.66145641176,1841635,0.023830305962530746,0.031712018648626744,Energy
2015-01-05,27279.84727544063,28245.759508154253,26539.05246304759,27499.01316129494,1399477,0.018103591390214238,0.031459564900946334,Energy
2015-01-06,27087.822718267056,27544.69805938626,26951.909909019152,27407.18286462716,432763,-0.0033449916016136455,0.030674490740500642,Energy
2015-01-07,25901.297419163093,28283.42844544235,23406.52205664359,25777.243938405987,1570745,-0.06131304255353216,0.029230426802793655,Energy
2015-01-08,26747.02817810797,28068.426722893215,25324.242277914538,26640.371607902427,1624952,0.032935709990809116,0.03670732432273523,Energy
2015-01-09,26437.892687908283,26974.06251604013,25749.590774222517,26282.611443720925,1217843,-0.01352023613634609,0.03661497338572538,Energy
2015-01-12,27963.266063467607,31117.5544057381,25044.570745914854,28176.592877512783,1887141,0.06958403478163708,0.03464021562587748,Energy
2015-01-13,26703.276069718224,28798.843544137904,24748.717266204043,26834.66748445942,1544502,-0.04879697902762001,0.042264007327271286,Energy
2015-01-14,25713.02176913824,27326.645398604218,24179.645099549853,25788.75257924439,1376542,-0.03975616410381876,0.04343004520629711,Energy
2015-01-15,25993.30852963073,26543.342473119184,25541.18004497825,26089.540132719158,978963,0.011596022469579841,0.04296531099543298,Energy
2015-01-16,27012.12293939715,28960.27454181467,25288.58409593263,27223.263629472163,1253092,0.04253741544938553,0.03996228871967507,Energy
2015-01-19,28489.812126750876,30438.85649858803,26543.137689640575,28492.03048381975,1653247,0.045552527770267935,0.040607910223733244,Energy
2015-01-20,28119.418530161965,28627.417664209905,27710.691963809688,28217.268806447166,999732,-0.009690256477953359,0.041598759790769935,Energy
2015-01-21,28834.779252584074,29687.685740424437,27927.95559024631,28779.21864598613,1455394,0.019719392343742325,0.03870982580037554,Energy
2015-01-22,29222.910868823834,30384.670449345955,28261.81754644498,29417.18768309125,1491800,0.021925566705589754,0.03683868423216691,Energy
2015-01-23,30550.663943620693,32014.99888370012,28916.58227719991,30372.37141343054,1362710,0.031954241491701896,0.03546520119878121,Energy
2015-01-26,29593.702433320606,30790.11959323282,28369.46134965374,29564.706248924987,1327163,-0.026952066634400387,0.03548782085804264,Energy
2015-01-27,29379.852391110286,29639.514581148018,29154.533464229564,29413.93427468881,879633,-0.005112776467383855,0.03487793611700375,Energy
2015-01-28,27798.51291597811,30122.822713615715,25554.569146654918,27872.876211214116,1299985,-0.053814479839397224,0.03281916230963628,Energy
2015-01-29,27833.422350985486,27923.073197667414,27723.503123005943,27813.088474715638,802455,-0.0021473188013894423,0.0373641227358911,Energy
2015-01-30,29141.368297535453,31010.249955526204,27166.394695259463,29028.00626851772,1277807,0.042754379019070865,0.03489346329849485,Energy
2015-02-02,27211.8152698528,30115.081620301713,24150.626869468226,27035.03196352984,1881257,-0.07112759222805598,0.036718300118152,Energy
2015-02-03,27035.935702909992,27679.930649604506,26651.905518578944,27292.259530196425,1538782,0.009469623160104194,0.04401655378692698,Energy
2015-02-04,27554.79387366027,28263.083141460895,26973.283967364085,27678.953009878358,1068966,0.014069176951263697,0.040785005458392504,Energy
2015-02-05,25665.453677357684,28534.311509573472,22906.806911648524,25764.96841935713,1346088,-0.07165654918574756,0.03821550205356173,Energy
2015-02-06,25737.453127484154,25880.72257303618,25668.174344430423,25811.245160296483,1036081,0.001794499834167118,0.0451501808849759,Energy
2015-02-09,26051.056403079743,26454.874441123957,25664.366061296696,26067.933581973255,1213268,0.00989570469619125,0.04160906273403739,Energy
2015-02-10,26407.84175014958,27121.970569069323,25775.312921904624,26487.532952394984,969112,0.015968207076000395,0.03872647707963094,Energy
2015-02-11,26910.257824605604,27902.5579573033,26062.088865582085,27049.985017157545,1009709,0.021012283730902283,0.036579223162645884,Energy
2015-02-12,27473.75795329192,28261.940726818695,26745.56986485017,27532.203546162385,1259613,0.017669906186593056,0.0351661636219294,Energy
2015-02-13,27906.960693814854,28155.59538725988,27449.46359045833,27696.220713971616,1379961,0.0059396099817283325,0.03370698872346651,Energy
2015-02-16,29323.75566775975,31555.683651416228,26920.076088238748,29137.854521059548,1806909,0.050742203896489944,0.03184683211959042,Energy
2015-02-17,29343.11997165681,29773.032630103888,28961.979217441432,29391.26649581481,1285135,0.008659400785908935,0.03602210795169606,Energy
2015-02-18,28713.63864424105,29712.47004278099,27727.70381204451,28726.107084100287,1380547,-0.02289120846977211,0.033901645864508785,Energy
2015-02-19,28689.884059899665,28742.01917517309,28642.101943639693,28694.229821181852,1231978,-0.0011103127536803226,0.03313696406792629,Energy
2015-02-20,29367.4797779899,30141.148061683012,28433.31034594535,29202.63591904877,867397,0.017562925375093595,0.03128308855073102,Energy
2015-02-23,29462.627474371202,29875.568098265107,29058.246063490195,29471.070800766607,1325578,0.009150154971362066,0.03048235154278568,Energy
2015-02-24,29213.13717904645,29716.992711923074,28631.64901351748,29134.14207303181,667708,-0.011498377819734824,0.0292557311455784,Energy
2015-02-25,29107.5660649374,29259.595708175362,28881.233333897388,29032.87285236731,784859,-0.003482018911023385,0.028364593206367306,Energy
2015-02-26,29575.223393567285,30402.066035235934,28750.72501155184,29577.504072431646,905136,0.01858534019154186,0.02730309115401894,Energy
2015-02-27,31331.669415757897,33774.77771487623,28726.33167836959,31155.720218812567,1424305,0.05198378817503216,0.027352865658958572,Energy
2015-03-02,31038.51083345133,31365.983500061884,30610.944207408655,30937.349569305225,1175979,-0.007033685096722357,0.03322484827293603,Energy
2015-03-03,30878.50596373983,31548.44846946309,30514.836574585774,31181.21395861188,1497356,0.007851618848422835,0.031472739682361216,Energy
2015-03-04,32411.099795622435,33878.690397808896,30681.660560429285,32136.83219001009,1854769,0.03018699584279814,0.030027884745217663,Energy
2015-03-05,32578.807531840954,33248.17708407117,31910.194495619467,32579.548834144167,1960781,0.013681962536904107,0.03095201604935658,Energy
2015-03-06,32576.689949821364,32857.82104063105,32410.195812895545,32690.74399213969,800396,0.003407224351364421,0.02990821380231339,Energy
2015-03-09,31600.958153298972,33197.836041728,30027.999165078185,31623.742926086856,1379527,-0.03318378260537183,0.028589200390059723,Energy
2015-03-10,31797.773573857452,32060.68485935275,31189.872513473427,31449.907562999488,1350794,-0.0055121529160865905,0.030315811342507056,Energy
2015-03-11,31544.872790101825,31618.689558768492,31425.299438243543,31499.008882798997,900670,0.0015600373296339302,0.028979239264499888,Energy
2015-03-12,32059.021242311093,32611.13418150121,31314.005996157168,31862.73860178203,1471950,0.011481176858500875,0.027788524684656854,Energy
2015-03-13,30984.844831715178,32232.173831308715,29852.696097124026,31095.96490375451,636110,-0.024359193249475688,0.027157582672768448,Energy
2015-03-16,30112.063623642913,31651.4843117801,28517.555246391403,30054.007951186075,1244098,-0.03408203674066116,0.027911162313085384,Energy
2015-03-17,30655.663165323716,31321.548978119634,29830.0464932091,30492.38568037203,1502290,0.014480974454971915,0.02995770634732714,Energy
2015-03-18,31074.054818312812,31178.604302451844,30458.034587421436,30560.85740521084,1064782,0.00224301773618591,0.029144916003464142,Energy
2015-03-19,30429.002976590793,30685.286232549093,30133.789808438127,30389.74239865785,1216270,-0.005614889981891348,0.027933771180488877,Energy
2015-03-20,30133.490417990408,30429.888674708563,30013.430336813155,30309.128802091273,1160805,-0.002656182639578439,0.026999361220544468,Energy
2015-03-23,30520.643815168594,30922.85828605874,30152.217075728277,30554.028546349797,953685,0.008047596498324018,0.026157803825745236,Energy
2015-03-24,30424.429617136848,30586.732876138816,30326.311409839684,30488.408338680594,1196372,-0.002149987329960154,0.02563394492072793,Energy
2015-03-25,30714.90514978806,30756.62315769255,30474.57987025563,30516.027756255626,1214321,0.0009054888867156313,0.0250274383944298,Energy
2015-03-26,30471.679028198527,30623.033160055034,30264.0719421357,30415.14526839143,1377871,-0.0033113618215008427,0.024519810859551464,Energy
2015-03-27,29785.831450704154,30703.067022095187,28905.65474766495,29821.8266542842,1071706,-0.01970012049735588,0.024137557192836983,Energy
2015-03-30,28964.556146425708,30317.4959084461,27557.207799317086,28907.481598681174,1497791,-0.0311401230105932,0.024986227124788814,Energy
2015-03-31,28821.95942663968,28912.292727171585,28807.559150844147,28897.85453200934,854066,-0.00033308574623888004,0.027292953777714447,Energy
2015-04-01,28375.944040666574,29083.795560529947,27813.442162471893,28518.468394250936,945420,-0.013215463478232154,0.026380691853079175,Energy
2015-04-02,30548.260150590406,34185.14353104877,27118.80950288207,30734.756207414604,1457494,0.07484224700637722,0.026133311947768266,Energy
2015-04-03,29576.014687338793,31446.087550981018,27602.998307719787,29466.12277462671,1079790,-0.042152915313565055,0.03855598896711159,Energy
2015-04-06,29964.928324163408,30779.671549374027,29174.663158566942,29988.777411703595,1329606,0.017582002467402387,0.039443398289200605,Energy
2015-04-07,29748.327893967413,30199.216736701983,29237.317457514837,29687.281026345176,1334979,-0.010104519584914318,0.03729603673977937,Energy
2015-04-08,30019.82449980004,30846.55548776388,29325.103895586915,30148.84899093046,695662,0.015428040542958621,0.035044410147729195,Energy
2015-04-09,29344.952608854725,31027.75892054902,27353.94204563949,29017.99897851918,1229019,-0.038230454464061474,0.03343938114455901,Energy
2015-04-10,29344.7056626155,29687.023947563925,28903.40025532915,29244.55018466914,1414818,0.007776945953707561,0.034839473537127,Energy
2015-04-13,28008.206432191313,29712.965836306957,26565.203632386536,28257.13790902057,1182754,-0.034347142822784935,0.03286492455993732,Energy
2015-04-14,29349.148833473544,30781.843134623683,27766.840489336188,29191.856480674036,980079,0.0325436877069068,0.033779306477155734,Energy
2015-04-15,28683.513900977603,29409.684508594823,28021.20084702631,28745.930238096746,1037394,-0.01539358244222933,0.03423005957191418,Energy
2015-04-16,29855.90792538292,31451.075659581624,28196.737571373895,29788.29269976911,1720881,0.03561925360937863,0.03275518187551844,Energy
2015-04-17,29906.837285930535,30087.289999535573,29489.692535726594,29668.7084207059,1149797,-0.004022552031157769,0.03389146258148235,Energy
2015-04-20,30872.558668794958,33454.31476987317,28600.26660095876,31160.8069580409,1181757,0.04906821604289772,0.03195828730479968,Energy
2015-04-21,32216.600740023277,34127.721500974505,30429.890833042453,32334.47440390556,1237126,0.036972862146422585,0.03575219120291467,Energy
2015-04-22,31313.498885465222,32930.333875010336,29627.31913807303,31240.378651988234,1382199,-0.034422534414715336,0.03643657806302028,Energy
2015-04-23,32006.32703260628,33000.26275284241,30903.442571741623,31893.886524964542,632845,0.020702900798823705,0.03660377040803168,Energy
2015-04-24,31568.418313925817,32293.771714688697,30687.363187479576,31409.054864722206,646235,-0.015318123608004832,0.03515907168413306,Energy
2015-04-27,31327.57147254397,31645.352091905992,30880.906817478946,31197.36666531802,938174,-0.006762533330329263,0.03352797330562232,Energy
2015-04-28,31184.09863521041,31468.77975269472,31021.77141764929,31305.81892643366,771961,0.0034702989593085893,0.03172002165419486,Energy
2015-04-29,30414.618847721606,31659.291138935514,29333.888811660334,30572.935595438947,1928173,-0.023688828530609288,0.030112028580355048,Energy
2015-04-30,30195.108165740137,31243.24845950906,28836.576995281823,29873.555469882955,1097342,-0.02314150331936133,0.03015893734454493,Energy
2015-05-01,29385.12166711796,30056.605693891677,28831.1253172829,29500.435340662865,1589735,-0.012568636062627744,0.030132682883934368,Energy
2015-05-04,30027.890271399057,30963.2474312154,29148.373309753257,30082.141452378273,1801354,0.01952666790099741,0.029156104919865734,Energy
2015-05-05,29014.678881914584,30665.785514202835,27314.158535700048,28962.283564926925,1393615,-0.03793727165958558,0.028935382789518297,Energy
2015-05-06,28693.843341015152,29022.93186597599,28512.052944028655,28840.21413401209,541801,-0.004223679503322677,0.03139570972102304,Energy
2015-05-07,27093.69776153057,29612.03127974835,24630.126334959976,27143.895482789452,1365062,-0.060618560283012546,0.02985344856781894,Energy
2015-05-08,26168.256554859094,27660.83675530117,24640.658607552163,26131.120657517477,1400289,-0.03802521061635711,0.036934728789188534,Energy
2015-05-11,26192.881797789905,26620.635412982796,25900.22863005388,26326.489446480868,1681885,0.007448669196853324,0.037526348729225945,Energy
2015-05-12,27579.860963721323,29471.062440808826,25668.228595606706,27557.9259486153,821030,0.04571455187477067,0.0351411991838441,Energy
2015-05-13,27902.897389049944,28482.207613314415,27347.32208753105,27926.16895112946,736219,0.01327401700195055,0.03743522595136229,Energy
2015-05-14,27152.698547033142,28343.09029036411,25932.744121256233,27121.78039285041,1215549,-0.02922709483844996,0.03532062913834987,Energy
2015-05-15,26863.869562513137,27353.411567938387,26306.005303802634,26794.279158871595,1247389,-0.012148709112464736,0.03501672364867168,Energy
2015-05-18,26406.178302762775,26891.94112185679,26113.11825479041,26596.765901810697,849251,-0.007398774751682592,0.033212579213828704,Energy
2015-05-19,27881.31371536976,30426.850242062326,25576.500880162428,28103.65733901343,1907509,0.055110096526448604,0.03147493629225955,Energy
2015-05-20,28398.231891482672,29111.552892035015,27794.056062647865,28505.103359746976,1212367,0.01418341421497711,0.036716558969416106,Energy
2015-05-21,29850.72124491656,32008.65104662816,27731.37692293608,29886.748834448554,1503137,0.04733206286914299,0.034765787030681915,Energy
2015-05-22,30882.95880639511,31914.55891649026,29538.959250427954,30559.76349337234,1609160,0.02226902580939522,0.03745632903272103,Energy
2015-05-25,30662.707531138403,30828.700316458468,30501.255991691996,30667.224990762592,979279,0.0035102692585654398,0.03601066084176872,Energy
2015-05-26,31311.89085092511,32133.855935321382,30389.38868416603,31208.64343164571,1442708,0.017500595078711385,0.03375296215073368,Energy
2015-05-27,32764.79681501172,34959.95439853421,30447.768709780234,32634.174963334073,1144444,0.04466496152188852,0.03251692770504989,Energy
2015-05-28,31144.124510461723,33355.02660659389,28916.104491477232,31125.69853933971,1460290,-0.047326253472293515,0.035286318709425044,Energy
2015-05-29,29764.71536408641,31737.696449858904,27848.58633908729,29818.12888381457,1050422,-0.04291723721775364,0.037842642225524664,Energy
2015-06-01,30129.67664612076,30328.94333190923,29751.81231638993,29949.8899586389,864888,0.004409090039451821,0.0390119961556441,Energy
2015-06-02,29778.6241047793,30214.19305182708,29225.436891134792,29659.259910082725,1114838,-0.009751266445693376,0.036338198723723104,Energy
2015-06-03,29116.136523567624,29848.180158642834,28544.926224420673,29273.875286630308,1363901,-0.013078894096740156,0.03421454118912117,Energy
2015-06-04,28579.201005275674,29818.193908566154,27206.957880006277,28439.912201630592,1296208,-0.028901972056805975,0.032590895717128074,Energy
2015-06-05,28366.23709720577,28574.010413425465,28094.07718847988,28301.375414298724,751583,-0.0048831131063241315,0.03278767733816521,Energy
2015-06-08,28303.556015636295,28997.288612716766,27160.24412436988,27842.680459007046,1329569,-0.016340292993507352,0.03104194174381943,Energy
2015-06-09,28562.522272469072,29625.180022569,27480.009706735433,28541.900221284333,868130,0.024803079129656222,0.030181658238877355,Energy
2015-06-10,29299.199233071842,30799.171532652716,27942.866583844207,29436.48364717455,1490178,0.03086165457829661,0.030348392138390346,Energy
2015-06-11,29775.13425018,30753.81721319458,28986.861603489873,29960.63362040107,1304862,0.0176494619093192,0.03129993902238349,Energy
2015-06-12,30922.196031968986,31938.405045963966,29617.86429093875,30624.282860225314,1149515,0.021908944477819294,0.03050367964848202,Energy
2015-06-15,29251.666166585946,31153.93824100524,27614.34905955201,29502.576796647187,1651901,-0.03731564321178705,0.030271766629940817,Energy
2015-06-16,29328.056282338817,29556.244300837283,29166.826892896588,29394.648822538213,1752662,-0.0036649636305042263,0.03227959832718628,Energy
2015-06-17,30199.417054419697,31373.29764750735,28993.741977329602,30166.336705200345,1427283,0.02591397908933816,0.03058746096513288,Energy
2015-06-18,30397.570452665488,31226.34749068399,29763.78163170778,30588.57620311559,974343,0.013899988530215636,0.030809160349987152,Energy
2015-06-19,31521.964266805335,32482.157032434225,30265.2243481441,31216.100165931843,1698135,0.02030738011759491,0.02980511602641391,Energy
2015-06-22,32129.48196888273,33351.469841214624,30799.98210679745,32017.719283579627,1323489,0.02535548448442418,0.029538693372667478,Energy
2015-06-23,32452.380621125445,32802.73258635461,31900.833965705824,32248.990152099403,1326062,0.0071972524772926484,0.029907567837381178,Energy
2015-06-24,33246.576751420216,34671.48949731002,31761.499837204527,33183.71854766367,894448,0.028572620805317226,0.028693904538095366,Energy
2015-06-25,34314.119356035626,35442.58631456481,32803.79838179739,33919.28052283533,1162150,0.0219242492537929,0.029683856303818257,Energy
2015-06-26,33570.20126254305,33963.78376686803,33437.36578889295,33829.920597832686,655586,-0.002637964000895276,0.02961428651603733,Energy
2015-06-29,33413.77228070286,34032.77570132527,32797.65365948825,33416.60485018613,834853,-0.012292708049417763,0.028331053647784852,Energy
2015-06-30,33907.935487061215,35061.2995651509,32922.034443291326,34070.66697000279,962542,0.019383880294453853,0.02765475513023328,Energy
2015-07-01,33379.42611457143,34405.320008604074,32354.36108595839,33380.23028435024,1010620,-0.02047299085959145,0.027716215602801703,Energy
2015-07-02,35700.84830091727,38799.81797577977,32298.748618157886,35368.904287766636,1130162,0.05786920707955799,0.027882295262107244,Energy
2015-07-03,35886.1640877777,36682.17659515088,35096.01836579772,35891.904480537494,1197098,0.014678743968423566,0.03498949385843095,Energy
2015-07-06,36585.16976197564,38283.48177355021,35152.777752061505,36841.07066541141,1318242,0.026101505413866164,0.03334263896347921,Energy
2015-07-07,37196.627947616165,37809.79711608622,36614.66192874615,37227.350423616626,1104678,0.01043044403002685,0.03303904578176631,Energy
2015-07-08,36215.39582520822,37738.79375536124,34675.21472022337,36197.87566619122,1150929,-0.02804328371844241,0.031457621673216946,Energy
2015-07-09,35446.07037936689,36724.12759880354,34063.974660374144,35338.140311552655,1648595,-0.024037591111568626,0.03177466653365787,Energy
2015-07-10,35990.7634524059,37173.036959154146,34887.69408117491,36067.61227305506,1916433,0.020432452948466323,0.031533702837237026,Energy
2015-07-13,38919.2983498124,43125.55398335738,34572.94543478667,38762.22517300927,1006699,0.07205089868679089,0.03095355071272809,Energy
2015-07-14,38143.0929368801,39106.02742141832,37153.074829454825,38115.30787119318,1710959,-0.016830211542829033,0.04056103600275115,Energy
2015-07-15,37217.26988930749,38741.60842935053,35569.57131502338,37088.64151628374,809578,-0.02730521868972411,0.038192231099788296,Energy
2015-07-16,37785.9071072053,38091.82097221231,36987.46807099038,37289.36191716324,903100,0.0053973185318197435,0.0371315695636174,Energy
2015-07-17,37488.73718392153,38195.07755555042,36946.60209213346,37650.60169587743,623927,0.00964085273804297,0.034747264981668635,Energy
2015-07-20,36909.61501725179,37862.272851692265,36272.53522693911,37219.838438417144,1232664,-0.01150702493130686,0.032860916682170185,Energy
2015-07-21,38062.68338701002,39249.69447775201,36816.64504950555,38001.75608006694,1519984,0.020790460806854066,0.03136452804633735,Energy
2015-07-22,38920.99921920547,40375.51263698237,37490.64565203852,38944.30266411608,1079568,0.024500117260798177,0.030851635041595223,Energy
2015-07-23,39062.569261878256,39366.30491556491,38441.69723221587,38742.9476298848,756852,-0.005183745964931178,0.03084634613144251,Energy
2015-07-24,39890.61901718432,42612.21142380101,37573.37147092923,40272.76500298055,1563209,0.03872669152709556,0.02941476396408694,Energy
2015-07-27,42201.174070885485,45134.92721328144,39250.65392642499,42183.1543701758,1415590,0.046345521690433135,0.03189272905766423,Energy
2015-07-28,39067.12195184675,43474.911916023695,34912.86555366342,39296.286941943654,1539798,-0.07089092124239872,0.03515541267728521,Energy
2015-07-29,41498.10255021559,45619.78062881767,37683.76062236373,41779.567548366256,1748815,0.06127737082655355,0.04292494425852615,Energy
2015-07-30,40880.69703907108,42301.50277522518,39403.876582304096,40822.66543413013,1110567,-0.023169952880144378,0.046230705142689586,Energy
2015-07-31,40196.9919579083,41096.36393018785,39365.74499177272,40263.73672677764,1032469,-0.013786221731981085,0.04347814952205833,Energy
2015-08-03,39890.8338643426,40376.83643791976,39550.82587417922,40035.59458531172,1078392,-0.005682307725456477,0.040506648530043446,Energy
2015-08-04,40616.94745871806,42524.03599148822,39131.502031367156,41023.714264241156,1473226,0.024381373134300114,0.03764935793970721,Energy
2015-08-05,41433.11398305718,42309.062335888986,40661.90832588588,41535.94270024038,1566316,0.012408845374043286,0.03637508798621457,Energy
2015-08-06,39285.3365589295,42718.01096032829,35761.56187353827,39185.51397667516,1573750,-0.05825200447245153,0.03437462054090806,Energy
2015-08-07,36836.19109232909,40144.05645462001,33812.36979364646,37098.6872828239,1232899,-0.0547255513127202,0.03942443447437023,Energy
2015-08-10,38445.88650431309,39699.09991381393,36677.84410479589,37913.710264416535,985478,0.021731209299599943,0.042339836110586275,Energy
2015-08-11,37790.49562105039,37972.94319722267,37612.25547345566,37794.683298306874,1159361,-0.003144355825726786,0.04006202935624326,Energy
2015-08-12,37534.58181656735,37795.82379680091,37531.18345744591,37792.402094782025,697325,-6.0359610736992076e-05,0.037221714132294005,Energy
2015-08-13,35223.82720742974,38868.133693004194,31784.923992939406,35410.9606366923,1181457,-0.06508668491622568,0.03476154986259047,Energy
2015-08-14,33413.16650294423,36212.83296281226,30898.110488287617,33677.853579786606,1291767,-0.05018093719502249,0.04125692380785432,Energy
2015-08-17,33534.85732523047,33925.707869280246,33387.12375799367,33776.90797854253,928190,0.002936915576212451,0.04288852968260041,Energy
2015-08-18,33840.54106079545,34444.85474374481,33441.536147585044,34043.45729857989,990649,0.007860491207741606,0.039658978852631935,Energy
2015-08-19,33917.23139237402,34120.27731605711,33704.87052129777,33907.86034509082,1497907,-0.00399100821514852,0.03698020796603033,Energy
2015-08-20,31439.069248465494,35106.049353500086,27712.084130837433,31371.141274576374,1726013,-0.07775845347189188,0.0345892735823505,Energy
2015-08-21,33482.085696034315,36663.95185075031,30246.71002179025,33422.957071043675,1372693,0.06335459870695084,0.04431806449423088,Energy
2015-08-24,36025.819637950604,40198.395316427,31904.43671355395,36071.757108248385,2229802,0.07626720623921768,0.047679591535683935,Energy
2015-08-25,37112.69151410437,38373.4952341194,35644.52772410794,36898.03921033275,1512884,0.02264820413318484,0.05283159822812514,Energy
2015-08-26,35581.69790281251,37419.417303821414,33978.74984086798,35806.34876733182,736470,-0.030033194149846513,0.049090563142412516,Energy
2015-08-27,34651.28947294414,36259.619028999325,33262.24859362487,34862.12648085847,1125846,-0.026724178723639084,0.04651027439542481,Energy
2015-08-28,35763.18841797172,37628.79328380094,34102.02475173872,35958.55503714805,1407051,0.030965987462091702,0.044019220333146716,Energy
2015-08-31,37761.00990499044,41048.537308520645,34690.46664701089,37961.67678720924,1371347,0.054210118950830784,0.042355486821849385,Energy
2015-09-01,40842.149574160656,45484.678948485394,36268.57122359213,40904.15690409292,1934829,0.074654548438395,0.04445222559818764,Energy
2015-09-02,39081.5301570508,41898.404567323436,36175.20941606041,38985.13603998563,1060450,-0.048051247378713344,0.050167674142687094,Energy
2015-09-03,38194.50165896592,39319.71612050582,37175.223728147525,38297.68459722678,1471154,-0.017791006323709595,0.04959611657485911,Energy
2015-09-04,38472.20790607128,39517.91979307798,37744.1218833138,38783.93435148843,1265134,0.012616657796801956,0.04599236685959043,Energy
2015-09-07,38476.35732305382,38954.5146950756,37985.938830844934,38463.94191279471,1064275,-0.008284869034545023,0.04261590378687237,Energy
2015-09-08,37400.1549498376,39463.69892330952,35029.2274589541,37074.821227599554,1582051,-0.036783162640896844,0.039537173175323306,Energy
2015-09-09,40486.46529263991,46205.14234731456,34928.651324693084,40627.91126339372,1743006,0.09151723385044733,0.03941447206593543,Energy
2015-09-10,43457.87068337895,47924.07839658361,39024.17265813962,43487.37069462624,1333846,0.06801526713142364,0.050981478012458045,Energy
2015-09-11,43700.4533892652,44166.803563042406,43292.82980669662,43758.637260293224,1477176,0.006218449328776829,0.05360224216123456,Energy
2015-09-14,42895.57813833662,44188.67707724155,41595.133699915685,42888.004324118876,1451228,-0.02009684906192012,0.04903428044315008,Energy
2015-09-15,43690.46907638136,46483.67528587674,41549.50074434254,44312.238334053065,1856912,0.03266873191184864,0.04565162678585104,Energy
2015-09-16,43466.654193668095,44551.49557359728,42746.78520486721,43825.68060201208,1093600,-0.011040938579314498,0.04390152308593566,Energy
2015-09-17,47923.920241235865,54048.70912492548,41624.224474670365,47723.38441112767,1932049,0.08520155631201991,0.040745065125960746,Energy
2015-09-18,51085.1405542382,56523.23012906897,45741.193614368785,51170.36769422428,1816159,0.06973909153609456,0.05016995161840971,Energy
2015-09-21,49929.60482168787,52152.91330844978,47461.743116962294,49673.654423755615,1012905,-0.02968590805263987,0.05332120000109547,Energy
2015-09-22,49787.03873224579,49836.238894730566,49591.88400574008,49640.93979145917,350982,-0.0006588081789637073,0.050067037721258555,Energy
2015-09-23,52782.4304862451,58591.78267378255,47376.76239041833,53148.61236928203,1743189,0.06827610432775191,0.04588498356955184,Energy
2015-09-24,52335.137888770194,53532.43319089442,51166.82487874953,52363.48731722934,1330816,-0.014882455104429992,0.049835623173273794,Energy
2015-09-25,50779.825564110775,53132.547555152516,48418.509350737586,50770.813810802196,765497,-0.03088788332643875,0.0460444849047651,Energy
2015-09-28,52393.072974931536,55249.61166193928,49695.19880704254,52543.96748954517,754122,0.03432863690689083,0.04403617686146547,Energy
2015-09-29,56514.01975589474,63801.639458740414,49703.34657714613,56939.66990966881,1960793,0.08034198957080582,0.042756475472636724,Energy
2015-09-30,57323.45601043176,58017.47080906057,56676.326439910365,57369.81785556443,1603750,0.007526059029002385,0.050306244633276584,Energy
2015-10-01,55421.64992588345,58272.949449673426,52618.95523950103,55467.915114464704,1238213,-0.033713596162396504,0.04618517980866438,Energy
2015-10-02,53630.290200885545,56267.428821669426,51162.48274888308,53792.17233417985,1282300,-0.03067678660397182,0.044462879484994014,Energy
2015-10-05,54917.6837385447,56530.463266018676,53244.74099675925,54855.70024143215,1313381,0.01957814456939099,0.042693300494685636,Energy
2015-10-06,52416.042033366735,55828.40740380594,49401.66320687855,52792.38554822465,1165557,-0.03833913829369651,0.040195396346106804,Energy
2015-10-07,52187.90714855555,53399.016312508014,50775.584380691165,51981.913102378836,1257566,-0.0154711340886563,0.040162412013000054,Energy
2015-10-08,54056.16273141273,56243.36789704331,51242.39648011013,53403.18087872554,1581455,0.026974478087393144,0.03776663698901392,Energy
2015-10-09,50076.26557686633,54690.007945131634,46034.775608365,50605.782421362164,1712917,-0.053804464343128765,0.036745046819687835,Energy
2015-10-12,50083.27626900313,51092.05141877419,48925.08767129943,49930.791479133666,1550200,-0.013427970704270105,0.040179557365810956,Energy
2015-10-13,46600.09963296035,51414.841171957436,41815.44459251326,46627.38464850529,1613361,-0.06844985422968054,0.03766382911594631,Energy
2015-10-14,43612.50990529593,48508.79386900361,38407.683207093585,43264.94702340095,1718391,-0.07484525234219735,0.04401884369846443,Energy
2015-10-15,43876.75250659884,44963.40511602428,42856.02193447658,43941.175826507686,1112211,0.015509056828651191,0.049903894138282966,Energy
2015-10-16,45236.065784519225,47995.13307929146,42802.96911648425,45545.3984422848,1319090,0.03585777006080298,0.04613456997403479,Energy
2015-10-19,44251.77544486195,46106.69133503433,42527.485178260766,44377.50207397142,1406854,-0.0259769655080418,0.0446719799025217,Energy
2015-10-20,44281.7194333987,44410.293231558826,44183.26668134162,44311.7736591237,826584,-0.001482218145046705,0.04239916321438362,Energy
2015-10-21,41930.157609072536,45391.40374931928,38503.63120176664,41962.254397140845,1503139,-0.054479903450438176,0.03922347229170792,Energy
2015-10-22,40522.0560263491,43451.98582122356,37096.241752300055,39987.522317774645,1342778,-0.04820304598182782,0.04214253913672102,Energy
2015-10-23,42108.87011942268,44955.4958443621,39003.06064539125,41830.89480252729,1045680,0.04506771323739719,0.04323569046749435,Energy
2015-10-26,40817.58029316894,42241.39700137246,39565.28483939635,40983.995868456885,1045231,-0.020453530803444357,0.04359042051446654,Energy
2015-10-27,41160.587888605565,41497.46063234801,40852.41496780842,41189.074430322034,845865,0.004991391629798351,0.04102257728192534,Energy
2015-10-28,44063.4933411402,48507.21985028891,39610.797325542444,44053.51782085592,1445718,0.0672321714598721,0.03807910944391338,Energy
2015-10-29,43368.24992435371,44707.169041603825,41823.699811532344,43156.06818753148,1221857,-0.020582171205671834,0.04402317108881041,Energy
2015-10-30,44505.36344775173,47412.14183515542,41951.42953134091,44839.058855495445,1277629,0.03825657132177768,0.04140018767955861,Energy
2015-11-02,48004.8544659211,52571.18893540001,43230.184742258876,47774.618639331944,1346674,0.06341489862892344,0.04111830759305252,Energy
2015-11-03,48898.40666126865,50673.25807148322,47151.946138225205,48925.81850423619,1232195,0.02381073525417174,0.04534081583596616,Energy
2015-11-04,44671.13322164037,50979.40030753242,38241.59804536816,44529.92419409439,1592094,-0.09414382594076201,0.042774692652764186,Energy
2015-11-05,43136.586670547054,45475.36488588913,40620.50355373337,42949.11757504796,1983771,-0.03614531415762919,0.05378846028327475,Energy
2015-11-06,42945.37385438914,43338.90563437249,42296.370882269075,42687.539990554214,690164,-0.006109028666939572,0.051093358942717756,Energy
2015-11-09,43183.83874574315,43678.09550459739,42522.184778437644,43014.503425044364,1068330,0.007630273627198224,0.04684040026651716,Energy
2015-11-10,39661.67751227053,44543.785501353035,34747.91267386802,39625.576900158376,1307976,-0.0820625566929535,0.043173506216728795,Energy
2015-11-11,43697.68825658881,50133.236802432984,37272.436172657224,43706.66481661792,1713815,0.09802581235271297,0.05100294886459378,Energy
2015-11-12,43923.17616186484,44847.46493711015,43240.98318548619,44161.56935593776,936721,0.010354335850161765,0.060186374017869596,Energy
2015-11-13,40187.98994070886,45862.027055843624,34544.934664625005,40215.15706793087,1711838,-0.09361097323535887,0.05489992290131019,Energy
2015-11-16,39403.44561631405,40441.63213604481,38722.132068675244,39754.25288174483,996174,-0.011527139940552563,0.0618518663757732,Energy
2015-11-17,41995.38416845466,45901.45453243936,38279.338935418295,42169.96147833804,1585453,0.0589913281601032,0.056395513497215055,Energy
2015-11-18,41599.03003723688,42684.53676058009,40361.27494683136,41442.702374854256,947642,-0.01739634669961516,0.0562704156178502,Energy
2015-11-19,41181.476992482814,41929.25700254538,40200.57577527562,40944.04444624149,860037,-0.012105442619247949,0.051754059462214765,Energy
2015-11-20,45881.138144072575,52763.30886568346,38840.59551563097,45694.818253683494,2067121,0.10977854038342572,0.04758957236418452,Energy
2015-11-23,41751.122264821635,47727.917746472805,35589.61188694502,41535.54716083196,1655103,-0.0954352866451696,0.060987811139211076,Energy
2015-11-24,40533.11439170443,41915.723356548915,39376.59871762502,40752.93560871492,1369783,-0.019021742122635146,0.06664678969461707,Energy
2015-11-25,40345.8267026121,40901.08478737068,39899.25684175354,40453.32507523803,1111529,-0.007379034336483203,0.06089096535846528,Energy
2015-11-26,40697.42259124167,40892.392169433086,40388.311606126204,40582.73173359781,1052538,0.0031938071385937965,0.055446688377120454,Energy
2015-11-27,42519.595632444325,46577.81790752308,38917.87405691559,42940.44712424516,1448953,0.05647155579219507,0.050606306545700246,Energy
2015-11-30,44100.241560254646,45331.35369498775,42525.83327116692,43747.08665516035,590480,0.018610814683044635,0.05125577139987806,Energy
2015-12-01,42434.747588721366,44277.03016157767,40810.986923009215,42645.21594862857,1194175,-0.025509922221441047,0.04747291485586535,Energy
2015-12-02,42327.57831123783,42887.37784655857,41711.81886814267,42270.86839158136,544899,-0.008816939336091055,0.044727570196595616,Energy
2015-12-03,45068.81269978834,49088.93970662674,40859.239882664544,44860.81340343137,954067,0.05946650268064835,0.04137759286669002,Energy
2015-12-04,46055.493354941136,47892.143521971535,44227.43148123048,46063.75377094469,1033327,0.026461727516731794,0.044722744709078166,Energy
2015-12-07,41766.33407795496,48031.2841896482,35282.92687994136,41509.32574110749,1926846,-0.10410826984217783,0.04248685171822181,Energy
2015-12-08,41032.02763331796,41725.824791533276,40376.10490650647,41069.306144315335,1481636,-0.010657085284258596,0.056301739161154614,Energy
2015-12-09,41647.96781966484,41757.13375154676,40890.1414776772,40997.60269938632,1017380,-0.0017474391124293557,0.05150674408337172,Energy
2015-12-10,44690.42889132124,50683.82106345376,38788.20222975385,44770.95887581658,1737862,0.08804609559570353,0.04714672608329983,Energy
2015-12-11,43078.50621324762,45613.06909502163,40516.041532280244,43048.86016179956,1691069,-0.039223936398465796,0.05514588168436632,Energy
2015-12-14,42072.260925383576,43447.25509605732,40857.98253779109,42228.468293030426,921936,-0.019241155746237762,0.05257025957122084,Energy
2015-12-15,44622.60111744959,49441.63671263194,40281.41484054748,45058.08376000195,1481101,0.06485780999148581,0.04864605908268496,Energy
2015-12-16,44525.20508798412,46070.598209758944,42499.34388452171,44027.46117295282,1264504,-0.023138850885635796,0.05122627820713322,Energy
2015-12-17,44385.51394430086,45241.37294978988,43657.64163293035,44511.43566439271,1574109,0.010932580575484064,0.04774532674733563,Energy
2015-12-18,47263.00856035809,52451.26794795548,42471.851963505986,47623.561314237704,1772820,0.06758148698516124,0.04406383073081359,Energy
2015-12-21,51008.64964062883,57417.51520142256,45093.68376883674,51451.22792676041,1573322,0.07730670403895272,0.04835685629161455,Energy
2015-12-22,50520.3417582112,52064.09791306342,48873.200135526284,50413.69755050674,1376103,-0.020371413456129455,0.053545844037901046,Energy
2015-12-23,47103.592052035056,52407.85428796604,41501.17177399545,46767.59827308438,1456648,-0.07507229639827884,0.049557795591764014,Energy
2015-12-24,48313.185758240645,51186.5474689755,45653.605478197474,48515.812823150416,1147066,0.03669916384527292,0.053945875987963215,Energy
2015-12-25,50264.70588696417,53225.4563950924,47424.16489256632,50378.48552659133,1082675,0.03767442707262213,0.051284991205305795,Energy
2015-12-28,47285.61908444342,51997.48356034817,42443.115332647874,47140.521263167386,1572668,-0.066431254253578,0.04916324467150417,Energy
2015-12-29,44609.66626084603,48502.521061633954,40595.08098660023,44476.297374629146,1543575,-0.058176551213889136,0.05191903728459991,Energy
2015-12-30,43684.40085237275,45084.67018784812,42140.434562089555,43535.945269867,1031603,-0.021369479084115794,0.05257514443840435,Energy
2015-12-31,45735.48373992151,49275.12662746045,42262.01208600832,45796.98419965125,1261006,0.05063131686643085,0.04878334598635311,Energy
2016-01-01,43991.79428051678,46426.373481072565,42067.73906953984,44480.92530114578,1550030,-0.02915778942330406,0.04887106929097956,Energy
2016-01-04,45608.64355211592,48533.80165419396,43185.07925662677,46084.928406754385,1076780,0.03542551158049396,0.04624101678729656,Energy
2016-01-05,45185.574868269185,47255.04753212284,42651.89296136987,44699.08466081175,1361312,-0.0305329399170251,0.0447082804123508,Energy
2016-01-06,41576.28337799636,45993.276911466906,37436.01678372933,41827.94886127607,2329599,-0.06638827488298638,0.04288243618242803,Energy
2016-01-07,41200.97209904325,42005.06013034956,40668.47230456289,41469.09499561039,630298,-0.00861629823037953,0.04724651439675581,Energy
2016-01-08,39248.34276704056,42464.9207399304,36092.996276807295,39305.01788803907,1315014,-0.053596258555626955,0.043553674786331285,Energy
2016-01-11,39607.72590280978,40563.632663404154,38854.4267442539,39806.55203161015,801588,0.01267933029706287,0.04525949524231407,Energy
2016-01-12,37608.20951281152,40963.49720016608,34161.63045331239,37507.975580424085,1612090,-0.05947793014379937,0.04198633516024639,Energy
2016-01-13,38875.81699130437,40767.78794567306,36859.26912568122,38744.86713826762,1357622,0.03244469357033065,0.04517660343894211,Energy
2016-01-14,36899.32604218261,40328.04976021585,33033.59755382664,36417.55456565041,1288700,-0.061947359401877886,0.043481480192772266,Energy
2016-01-15,36074.007043956706,36575.89305766444,35595.0369824908,36096.62271819322,822458,-0.00885161922604037,0.04677747958508851,Energy
2016-01-18,38706.968447943065,41795.66087902808,35031.105944429844,38068.88103865077,1384585,0.05319787030491235,0.04315389613354881,Energy
2016-01-19,35327.609948881174,39233.98631195112,31573.5143409448,35465.26297715699,1714628,-0.070843468010215,0.04488105404233323,Energy
2016-01-20,35244.243967076334,35804.11705128116,34534.20625954976,35091.65539519628,805585,-0.010590345565417485,0.049641381462624735,Energy
2016-01-21,36037.80353135717,37411.63006987719,34622.73141793122,35994.92328350492,723254,0.025414544430168114,0.045697228752885025,Energy
2016-01-22,37899.598002206694,39996.82975764471,35280.92333150203,37347.609992992686,1314730,0.03689101144407753,0.04321428274128531,Energy
2016-01-25,37557.68756312936,38071.322360644706,37123.70166393523,37636.426617381934,1131416,0.007703454380937893,0.04240426152027717,Energy
2016-01-26,37447.584584953525,37923.94431217442,37276.35768982828,37751.32856542455,1208532,0.0030482944275850607,0.039336987651241495,Energy
2016-01-27,38087.2723794793,38802.78341983835,37456.38711696378,38170.51923954053,755051,0.01104280114416778,0.03659662133061914,Energy
2016-01-28,38061.998197216184,38886.47880726997,36808.28248839408,37623.25934956716,967198,-0.014441011141555275,0.03449263215267613,Energy
2016-01-29,36693.30837718853,38043.274506169786,35404.90569169765,36752.7834864859,1294410,-0.02340849494494123,0.032910101164755484,Energy
2016-02-01,36048.877261621405,37067.683428046745,35088.50872424182,36105.798467969995,1683270,-0.017760489097617755,0.03238291914385813,Energy
2016-02-02,36868.4486523212,37896.47679888018,35757.59816787694,36783.25068118976,1140721,0.01858912221040361,0.031404426563306526,Energy
2016-02-03,34912.78325975081,37761.49390312055,31993.38030490604,34835.81033812021,1578391,-0.05439670663847026,0.03067284998005709,Energy
2016-02-04,35032.067119577296,35811.584425811874,34448.51510220687,35224.82157166752,882065,0.011105101988958654,0.03600707200934339,Energy
2016-02-05,36578.911008073526,38634.162484826826,34514.58024073799,36569.29121206311,1515935,0.03745785791344215,0.03399567444950325,Energy
2016-02-08,36844.44832868896,37737.603786088264,36145.3031272082,37034.84568219968,1138311,0.012650394350571558,0.03514297046268044,Energy
2016-02-09,36388.255603414094,37236.90888934148,35779.14276638562,36623.852335001146,966760,-0.011159513363634486,0.03334707738222961,Energy
2016-02-10,36381.98622154782,36625.19055257931,36377.99749877611,36621.175606386474,925425,-7.308970154303051e-05,0.03175377562946016,Energy
2016-02-11,35857.21734564063,36934.92605729612,34902.023831620536,35976.55356859283,754803,-0.017759205068120447,0.030110506716037665,Energy
2016-02-12,36046.94649748101,36483.467818694386,35743.56810511628,36178.97822064357,1210166,0.005610801502718583,0.029540184435019576,Energy
2016-02-15,34773.298562401615,37112.96662334287,32264.535251204346,34592.00527109488,1665275,-0.044855644180407744,0.028334081266019807,Energy
2016-02-16,35657.78996836725,37662.275021163485,33810.71597299829,35807.448701428315,1240871,0.034533342214189126,0.03231192428775225,Energy
2016-02-17,36443.63284485326,37250.57755662799,35535.29258507468,36339.941331496135,1108292,0.014761512483493501,0.033378602721118984,Energy
2016-02-18,37287.049534080994,38479.15292325449,35935.951309033895,37122.80359513205,1162279,0.02131398441852929,0.031999847395128046,Energy
2016-02-19,36490.54610972492,37389.95503385258,35678.87664737291,36576.37642372813,1102411,-0.014828853842697979,0.03142188849223075,Energy
2016-02-22,35976.4531034828,37011.317296510315,34849.5079966337,35881.6450314653,1435034,-0.01917669482408062,0.030378484114217442,Energy
2016-02-23,36225.26193451787,36620.47865477521,35749.24948761268,36143.57500547534,884082,0.007273317001300537,0.02989052828771344,Energy
2016-02-24,34594.27772412216,37116.779059755565,31918.193349775098,34428.61511065739,1212699,-0.0486111480777161,0.028682575129947607,Energy
2016-02-25,37012.01574311926,41028.22789023331,32995.3460686595,37011.502526059005,1360477,0.07234069020519267,0.033355788860153154,Energy
2016-02-26,37776.56461309773,38643.97149052295,36719.471978573274,37582.42102655042,1448202,0.015307671767917039,0.04213149937150401,Energy
2016-02-29,39203.11620078771,41165.477711931395,36912.665722757454,38857.738938692986,780372,0.03337084227510567,0.039436015438631435,Energy
2016-03-01,37964.09986277371,39237.06589570811,36805.71820299311,38075.291495201636,1882097,-0.020341702888917505,0.03887417417853759,Energy
2016-03-02,36608.03484256211,38695.48060988353,34687.53720313141,36766.661254963896,1377438,-0.03497406416724388,0.037027406956385324,Energy
2016-03-03,37043.1504696998,37068.98593496806,36723.93943210261,36749.570141990625,1009621,-0.00046496162701548875,0.03715240056022211,Energy
2016-03-04,38060.64350587386,40349.95916768182,35890.498951593036,38173.386239946296,1716043,0.038012048744366006,0.03470263854963975,Energy
2016-03-07,38413.22985427649,38682.5715727485,38083.32984785348,38352.24395199089,1145803,0.004674461021090626,0.03577926599732257,Energy
2016-03-08,41138.65868082365,46706.73525207466,36103.12601997029,41613.12594328819,2242897,0.08160260644246731,0.033576811762306806,Energy
2016-03-09,40056.30247572023,42236.18371623795,38136.656512360016,40304.63666146954,1450779,-0.03194912901282367,0.04472996352812887,Energy
2016-03-10,38934.08177096619,41109.54415975419,36661.19716652669,38830.89387723579,803032,-0.037250352216435606,0.043054938584138044,Energy
2016-03-11,37433.51597222988,39486.20459274306,35393.148954490076,37445.200683215575,1088465,-0.03633761465266312,0.04232163158745649,Energy
2016-03-14,34554.97697507454,38842.526659361145,30195.10121831346,34472.40551153248,2000106,-0.08271938535085369,0.041604804241533594,Energy
2016-03-15,33338.58060211078,35055.0203456869,31594.34043298001,33309.27117830317,1664685,-0.03432339174966647,0.05011129908218824,Energy
2016-03-16,34365.72001636315,35638.18789385246,32877.56279618405,34141.737207714265,1519751,0.024684828891182377,0.04780824321959317,Energy
2016-03-17,32814.66791418409,35045.77494980713,30410.26444008667,32628.729295008,1637090,-0.04532743388734503,0.04494333779775446,Energy
2016-03-18,32412.075499735693,33293.516435562466,31171.113741930665,32042.504249843234,943225,-0.01812988774989045,0.0449901025709455,Energy
2016-03-21,31595.036900222036,32186.72122694152,31160.501968972538,31750.054300231208,1441981,-0.00916884367254207,0.04205462385932018,Energy
2016-03-22,31895.48010573727,31973.478647966334,31620.81809548151,31698.33452966613,360719,-0.0016302945740376599,0.03908303039047572,Energy
2016-03-23,30588.40615803309,32764.543783702193,28079.38716755116,30230.02891766115,1634183,-0.04742837562759839,0.03636461591522726,Energy
2016-03-24,29548.430128325523,30724.56179034232,28266.651820979,29438.404057595853,736587,-0.02653568298798482,0.03866944342411053,Energy
2016-03-25,31658.360518047164,35197.46012942778,28156.135753705614,31691.562388614297,1466331,0.07375039235623236,0.03744171543252542,Energy
2016-03-28,31065.98909055545,32063.091938161135,30024.997549510677,31020.645020922773,1028269,-0.021397523503902033,0.04513727616426253,Energy
2016-03-29,27449.457268415466,31649.546184655388,23332.038678153145,27521.344508395992,1633886,-0.11969108368871328,0.04240963406394976,Energy
2016-03-30,27399.824599914784,27646.53991053106,27110.3066305909,27356.633032845868,1373619,-0.006002844038085453,0.060726888413101546,Energy
2016-03-31,26934.53673742853,27554.885784034777,26331.084842333057,26951.063614325678,868565,-0.014936260731670205,0.05527756417889329,Energy
2016-04-01,26611.289832815713,27468.49955341113,25528.754247215882,26378.46412619623,1124680,-0.02147483833567878,0.05077352719614817,Energy
2016-04-04,24690.556128036773,27121.90918333893,22307.51706747488,24734.61748710616,1734618,-0.0643441443280113,0.04723913794071532,Energy
2016-04-05,22889.878818273042,25538.257458619242,20278.777737595075,22923.339447112718,1699228,-0.0760481987521786,0.05006250352410611,Energy
2016-04-06,21175.327982361418,23847.095122177798,18415.014126975835,21073.99582473544,1726574,-0.0841157263157673,0.05452066293891278,Energy
2016-04-07,19738.996735073808,21672.821693152782,17815.71209531446,19748.60123172389,1784834,-0.06495718992451474,0.059492188242517945,Energy
2016-04-08,18553.440084422014,20278.739240914798,16860.44987981935,18583.047387760256,1053217,-0.06083293078082228,0.05970236048884478,Energy
2016-04-11,17268.394633948596,19158.329713467327,15408.437487436151,17295.45764405025,1371853,-0.0718058312479487,0.05921650359874033,Energy
2016-04-12,17796.755263224277,18665.812071704728,16971.417142175927,17838.5363221312,1317921,0.030917175962363985,0.06065218090843094,Energy
2016-04-13,18442.24867345245,19227.014458091206,17570.915061557665,18351.833442276573,1337227,0.028368405557413465,0.056447589891707464,Energy
2016-04-14,18092.905675792183,18384.50534261118,17995.576244359272,18286.136440745755,1447187,-0.003586283418741099,0.052628692637632556,Energy
2016-04-15,18782.213426616687,19465.790583914764,18053.3767491823,18735.244475247266,852833,0.024263280078564983,0.048143043581716456,Energy
2016-04-18,18678.623659673383,18865.79799947795,18600.701867237476,18787.422330589103,744520,0.002781139690505845,0.04519411610236971,Energy
2016-04-19,18730.339714117763,19167.838043276566,18504.244744794752,18939.221648540235,972934,0.008047370301301156,0.0416553323707337,Energy
2016-04-20,20125.584235888473,21836.799824596656,18339.532719606636,20043.79393435212,1415299,0.05668458510823247,0.038702033502749894,Energy
2016-04-21,19255.929070827377,20346.68777263471,18323.939861114697,19407.368859511924,680536,-0.032266744311483686,0.04219299996601626,Energy
2016-04-22,19084.022907899176,19531.04670316996,18709.44265064396,19155.071899817263,1166266,-0.013085300343048407,0.04099232629621303,Energy
2016-04-25,19061.955891812333,19172.872128498937,19008.616001572005,19119.371575507954,948197,-0.0018654920318097626,0.03834032361496609,Energy
2016-04-26,18736.991035892555,19703.826024809216,17519.640058275207,18472.84502489389,936696,-0.03440022242862066,0.035728228909342435,Energy
2016-04-27,18395.666500527277,18737.326488354232,18238.35991955366,18578.456815363206,1000648,0.005700856447870804,0.036037638217140205,Energy
2016-04-28,18759.634292803254,18838.537594814836,18552.26341465815,18630.624097863045,1216492,0.0028040099566991918,0.0338207637295711,Energy
2016-04-29,18975.057280686622,19301.117302685157,18521.448915481455,18845.278875723052,1420225,0.011455741333665044,0.031878748692142356,Energy
2016-05-02,19948.808165803945,21407.884777041032,18339.72085042188,19786.95969596685,1607174,0.04876069451066996,0.030539954092417863,Energy
2016-05-03,21279.274185283757,23369.401244578883,19050.94741320378,21126.02143458211,1632192,0.06548240449355833,0.034681289424530116,Energy
2016-05-04,21450.361911432647,21580.672001226878,21082.894188300343,21211.75474913685,777211,0.004049973308368836,0.04129679483515782,Energy
2016-05-05,20130.175497996257,21709.088268864736,18554.773115658172,20133.431100660815,1158918,-0.05217382506161454,0.03829883227326219,Energy
2016-05-06,21717.917745700517,23869.836008350565,19377.139723519183,21508.286710673332,827069,0.06605661702462441,0.04100922635249742,Energy
2016-05-09,23003.3023948561,25802.512791254954,20409.202486169364,23187.626511703897,1614037,0.07518050710454559,0.04582495842589473,Energy
2016-05-10,23414.39474262156,23620.93963352222,23118.640322486008,23324.39126769153,1128723,0.005880852161560296,0.05126165964014898,Energy
2016-05-11,21067.25052397626,24254.512242175006,17975.16962966661,21150.249437614755,1477810,-0.0978479493812955,0.04698291032462657,Energy
2016-05-12,23438.129844324645,26622.465446368802,20009.434583853697,23155.35154933407,2024985,0.09057422309130225,0.057463451599918766,Energy
2016-05-13,22955.80993032944,23443.144495127373,22345.283331718445,22829.94589785122,826114,-0.01415283149892443,0.06302532902817655,Energy
2016-05-16,23957.209268622537,25608.07868876142,22256.055446622206,23903.203369558636,1622561,0.04593939139928887,0.05751346864173186,Energy
2016-05-17,22699.441811662182,24404.40619968884,21130.850450776266,22827.00021626183,1308590,-0.04606842681861397,0.05534260034081646,Energy
2016-05-18,22148.390904726817,23108.028150463975,21286.301014891516,22242.28363949955,868043,-0.025948909593286915,0.05355919829887271,Energy
2016-05-19,23288.40490285667,24980.596624244863,21632.33612941324,23322.12964080621,1341732,0.04740753407404296,0.04995870358902903,Energy
2016-05-20,21228.147133186925,24412.369203164963,17826.486013244707,20972.336486170243,1553526,-0.10619842069193697,0.04933374904144627,Energy
2016-05-23,19224.35835266319,21695.540352864587,16868.448952813502,19327.04668826767,1855013,-0.08169876142310256,0.06114548813450396,Energy
2016-05-24,20202.94739392051,21460.308462608322,18892.008409082617,20145.813674072822,1231490,0.041491010995295896,0.06397045973006421,Energy
2016-05-25,19393.186134361225,20437.96020582056,18495.0137597607,19533.29868491029,1510128,-0.030875874594225847,0.06026608808834682,Energy
2016-05-26,19828.21549077178,20021.942985554335,19468.85145085038,19660.94466044349,740760,0.006513529331395369,0.056112378701777176,Energy
2016-05-27,20281.190553111675,21219.817795363335,19338.580424845295,20277.014391507975,1262113,0.030853785096872956,0.05123712662230356,Energy
2016-05-30,21634.158614142023,23450.089239326673,19644.06648637571,21444.03881264269,1713599,0.05595874738564579,0.04840442049884057,Energy
2016-05-31,22122.173903419185,23450.322312949604,20916.001890895113,22237.84361598302,1501353,0.03634880905134574,0.049437814984164094,Energy
2016-06-01,21272.599461127367,22833.168079651936,19622.911153953104,21176.42431530485,1357217,-0.048907002687542916,0.04747065860344083,Energy
2016-06-02,22010.32470955473,23921.41326996488,20365.54770344887,22258.119196114178,1396634,0.04981834745920734,0.047555809102332015,Energy
2016-06-03,22607.200981895316,23089.155508967142,22095.414890085973,22576.719595800816,1009815,0.014212419233375979,0.047765302731552974,Energy
2016-06-06,23433.737033042915,24641.769356912344,22161.56199083247,23366.10796958436,1300903,0.034367326109532824,0.0442212420121745,Energy
2016-06-07,25321.86029681298,28559.01780556326,22163.63049814115,25392.035511900194,1638977,0.08314896724680551,0.04291365239253462,Energy
2016-06-08,26046.55444701958,26828.82601373486,25127.531519528482,25905.568780376012,1659960,0.020022394089436357,0.05109136778816343,Energy
2016-06-09,27709.54056522109,30380.19753746564,24962.251579733733,27624.73495191723,990369,0.06425360887184951,0.04741726193838286,Energy
2016-06-10,28274.36069201843,29130.978245208247,27334.35303347509,28188.365214382935,1158649,0.020197746467683082,0.05017964051032114,Energy
2016-06-13,27005.291408327193,28678.424489769874,25485.195741486506,27150.173578262813,947316,-0.037525872093149844,0.04664321388746674,Energy
2016-06-14,30427.391679866647,34965.862882561145,25515.690340233567,29988.732231962127,1695904,0.09943827917609609,0.04529569717814588,Energy
2016-06-15,31937.231907928603,34995.36126523144,28897.006829167778,31953.579954504945,1375936,0.06346250435908049,0.056785172810416965,Energy
2016-06-16,32946.82927674213,34500.60439928048,31409.89966468053,32962.923988445305,739886,0.03109919114728589,0.05730417174880099,Energy
2016-06-17,35097.1080271763,38133.84321774929,31898.787195259152,34920.21711144054,1532062,0.05768253399912783,0.05359186909742166,Energy
2016-06-20,38297.65290931041,43572.412980714915,33006.311565045035,38278.423103007946,1629348,0.09182042363266568,0.05382157519032887,Energy
2016-06-21,34668.21349614246,39868.44552056382,29342.629645568155,34520.74075949195,2020960,-0.1033260471452459,0.06067996452031681,Energy
2016-06-22,36894.7125909128,40648.750269327975,33171.72984908522,36922.92105893498,2116703,0.0672722002762812,0.06816954802658416,Energy
2016-06-23,36139.65171587712,37220.20380964742,35236.949301414774,36313.16729335241,1635097,-0.016652114258676555,0.06705596291174129,Energy
2016-06-24,36426.13004820193,36470.790778611816,36239.01207875167,36283.49793320226,1814364,-0.0008173753356138406,0.06114569212961173,Energy
2016-06-27,38549.191751419545,41934.06367157619,35092.85456246032,38470.84732832656,1840779,0.058537706695791614,0.05559799230343934,Energy
2016-06-28,42297.098952716326,49011.20099732343,35952.534109808876,42618.43564984646,1871920,0.10238617918197815,0.05555995738226425,Energy
2016-06-29,43683.89004291033,45904.264744356704,41711.274779210056,43920.94489331797,1071780,0.030104389539829423,0.0643581117232151,Energy
2016-06-30,43354.518943804185,44173.49187229968,42588.737358218015,43406.787062020485,1220815,-0.011775498137095698,0.05957780103442169,Energy
2016-07-01,39789.58155098219,45080.072499640315,34442.887818315954,39724.75997978598,1885440,-0.08864114243707143,0.05440965773035355,Energy
2016-07-04,41364.4574649933,43825.81647960475,38872.84910365875,41332.29427322421,809334,0.03966946770980045,0.060389705276228625,Energy
2016-07-05,44615.663945287175,49939.83913229213,39380.536265409384,44695.36004486016,1681415,0.07822555603338029,0.057040189366241056,Energy
2016-07-06,43727.09519909303,45847.653542920154,41174.90016745126,43273.4593051673,1524077,-0.03233019609728693,0.06017268653516344,Energy
2016-07-07,44827.42299158952,46616.898767994084,42666.516639294794,44440.54869542041,1354295,0.02661281357084035,0.05615503540058171,Energy
2016-07-08,45678.93368910831,47863.093137580414,43618.44361231927,45797.26534422393,1307813,0.030072069119254117,0.05223932118238056,Energy
2016-07-11,44514.47687038057,46446.18081189487,42560.63343816024,44491.33305472061,1358543,-0.028929973307921523,0.049181365813117786,Energy
2016-07-12,40664.18778720926,46005.49503118764,35759.69344254983,41053.987117248675,1681773,-0.08040644789339854,0.04648211374211081,Energy
2016-07-13,39666.97162690808,41869.07608800432,37366.06018734633,39562.3569863707,1324568,-0.037009874475392564,0.05289847869053224,Energy
2016-07-14,39116.787083203366,40170.13470119105,37812.071999069194,38858.46340591503,1366500,-0.017952183645130147,0.05043866433125289,Energy
2016-07-15,36214.227455145505,40353.28959872712,31892.15405473998,36007.59995324192,2028932,-0.07619587538642025,0.04672889065942946,Energy
2016-07-18,38674.724882598006,42727.626536357406,34566.70759582494,38613.15730051417,1725211,0.06986305511006644,0.05213197763076098,Energy
2016-07-19,41397.64668086037,46614.03789339242,36563.07634688463,41739.53999349942,1899399,0.07785579973093723,0.05482993200572255,Energy
2016-07-20,41030.78204072019,42156.51302778165,39858.60778576285,40983.02859718413,765702,-0.018290836474012074,0.05843189187218995,Energy
2016-07-21,41437.18975748352,41800.45173676194,40861.86378558276,41223.25024942205,1027318,0.005844379270641694,0.053680648236105494,Energy
2016-07-22,41802.01236240173,42471.0915264617,40998.58865020529,41665.48253033401,1480000,0.010670605332894748,0.049095958198182285,Energy
2016-07-25,40711.3390813637,42251.123117004245,39091.402493174006,40628.03583386034,1297925,-0.025214662882384484,0.045226206582508005,Energy
2016-07-26,39875.5571868241,40919.39628057975,38991.771628905575,40032.14027898031,1017864,-0.01477572762645601,0.042798302456006326,Energy
2016-07-27,39866.950286994484,40345.97691301766,39679.89408467721,40157.55717972223,1531464,0.0031280078857414528,0.03997629389433593,Energy
2016-07-28,42893.737875055434,46919.24661558768,38738.25401263567,42750.30147641669,1591233,0.06256560110255245,0.037147690692976396,Energy
2016-07-29,42259.056005025064,43005.631681835584,41503.3407412668,42249.75204839241,1146916,-0.011777762328966625,0.04232173088680794,Energy
2016-08-01,41299.1593676544,43200.22069498529,39086.85534333105,40972.89839607263,1071400,-0.030687651701046724,0.039417134307632745,Energy
2016-08-02,38908.064122169526,41830.68267067578,36224.03881081825,39131.26043417929,1969075,-0.04598918625067127,0.03852568204015965,Energy
2016-08-03,37866.83787936762,39778.670729803256,35925.78661067749,37836.06583229812,874663,-0.033658876869626986,0.04005787474551569,Energy
2016-08-04,38266.33399403493,38872.74138721183,37631.95375690695,38237.91072596167,1540156,0.010564680575732168,0.03941629944731806,Energy
2016-08-05,38638.09875524962,39770.67578516231,37720.52123383679,38848.11089569807,1146383,0.015831999174789668,0.03687353523933669,Energy
2016-08-08,38792.07363159244,39504.01884027901,37671.38770298085,38375.6911045308,1191051,-0.012235235054251909,0.03500462698726934,Energy
2016-08-09,39435.506793756336,41106.09794511407,37789.14858826308,39458.76860286088,1423278,0.02783207891141591,0.033207141926688166,Energy
2016-08-10,38938.76580050299,39563.709790813555,38624.72468521955,39247.18130473323,897271,-0.005376666137671654,0.03314159188136655,Energy
2016-08-11,39614.754006980365,40385.02315715643,38931.964608510214,39700.75152820775,1031689,0.011490489937996968,0.03135328325324553,Energy
2016-08-12,43658.751142334855,49822.744384081896,37460.660689231576,43619.04848125362,1819581,0.09412382902191262,0.030103611086693217,Energy
2016-08-15,44804.58490778024,46928.92218183289,42812.56724536947,44931.271995072115,1352714,0.029640086559755308,0.04640987178207928,Energy
2016-08-16,46037.13064382857,47323.41501018864,44497.05011213294,45776.03955410905,1149057,0.018626767109814927,0.044214038141225,Energy
2016-08-17,42607.04682559404,47544.39019699629,37462.6093524105,42372.80903546569,1712594,-0.0772539402009025,0.041424007567441516,Energy
2016-08-18,45620.43420710032,51828.82911643078,39908.39752547757,46061.56001846794,2035003,0.08347190290053154,0.04866194009534201,Energy
2016-08-19,41980.070832617406,47881.62407735441,36044.75822106014,41940.78926826469,2352144,-0.09371991880413337,0.05513185392447354,Energy
2016-08-22,41876.01734238183,42096.947786525794,41782.57820328449,42003.2248058259,1131951,0.0014875521444390953,0.06204136145199905,Energy
2016-08-23,41542.56344727912,42420.988612005574,40539.53459027553,41415.268070792335,371954,-0.014096789602969376,0.05638826426093854,Energy
2016-08-24,39242.048836943504,42681.76609102083,35640.33028329818,39064.48322520167,1293850,-0.058435910050973844,0.051706063461219996,Energy
2016-08-25,40848.81813335659,42869.03553389094,38377.200767018614,40373.93223068411,933289,0.032970638121264224,0.05245023294941018,Energy
2016-08-26,42076.86783133385,44472.12182677827,39548.37491745882,41935.58637075665,1080772,0.037950448292964616,0.04963749586629466,Energy
2016-08-29,40679.5666565432,42828.71609997659,38345.45725090186,40484.289998369095,1187241,-0.035220785602734624,0.047824055406737336,Energy
2016-08-30,44171.633890697805,49393.5863615327,38625.58323803695,43804.084126222544,2234431,0.07881306034179555,0.04599769321616483,Energy
2016-08-31,42377.002034321784,44396.68665032928,40554.315910651785,42565.87679472063,1221966,-0.028674139842703276,0.052195354170966775,Energy
2016-09-01,42435.85503644934,43204.94933525673,41292.48497757305,42054.67081149968,860495,-0.012082460270869077,0.049018516317652486,Energy
2016-09-02,40546.95541803089,42671.59791507312,38645.817919336696,40760.45022029453,1703157,-0.03125820387899829,0.04521227521942177,Energy
2016-09-05,40419.751903319906,40882.53656859375,40052.111460309665,40514.03853548003,831271,-0.006063709378022275,0.04338065422368069,Energy
2016-09-06,40686.136760422436,40855.051287888324,40457.6609963392,40626.32721561455,923395,0.002767765483372251,0.04013751629601418,Energy
2016-09-07,41942.52063203781,44490.95910865608,39618.475810208656,42155.13336580635,1006458,0.036940155031342875,0.03728223773321399,Energy
2016-09-08,43435.96847535333,46541.091977480515,40810.64710678859,43888.423680547225,1239075,0.04029412275457711,0.0376385235945521,Energy
2016-09-09,43402.972614431295,44782.19539003576,41603.02245212709,42968.4369218026,1544518,-0.021184766734093627,0.03843005615382657,Energy
2016-09-12,41185.77051352728,43896.90429647661,38416.521054895304,41123.55968880489,1536874,-0.043884635383295394,0.03672621031396658,Energy
2016-09-13,39935.8709059873,42132.797403132274,37461.905982225995,39642.70502616064,782178,-0.036674238761717756,0.03831358509235701,Energy
2016-09-14,40831.34315424703,43492.18830732167,38523.20362083832,41165.17757440645,1086845,0.037685747518180386,0.03841997671024993,Energy
2016-09-15,43747.074842357404,47589.95130590829,39813.717693381506,43647.880635284244,1267525,0.0585620330410463,0.038651106364935066,Energy
2016-09-16,43688.86960018155,44116.45562611499,42939.611116220265,43364.01779478774,1662931,-0.006524713347609986,0.04253884313979294,Energy
2016-09-19,41681.81665031156,44094.191179509864,39415.38769052232,41820.23574715114,1171646,-0.036249682986122814,0.03942116592869621,Energy
2016-09-20,42206.97071844202,42529.33008501066,41712.679755729296,42033.71587352859,932803,0.005091723966941687,0.03924702009110245,Energy
2016-09-21,42171.14132117557,42350.56031895852,41973.765715738016,42153.10798991044,777085,0.002836363006579861,0.03655340909913122,Energy
2016-09-22,43110.545461454574,44231.354254300284,41775.010349247,42890.08757133542,966991,0.017332322147610466,0.0342071354644104,Energy
2016-09-23,44035.89253766437,45527.415422403064,42383.69067945332,43869.580471776135,2022773,0.022580411853247207,0.032881056886887035,Energy
2016-09-26,43371.396545875534,44255.08307923271,42395.940123836794,43277.71796842793,997903,-0.013583246159673738,0.03227092145443482,Energy
2016-09-27,41751.03971194939,43830.71586169893,40060.750230926824,42125.2754586759,1343308,-0.026989978256578114,0.030996864093804467,Energy
2016-09-28,43925.95798976644,46697.01474796589,41160.338459420134,43931.07316160134,1582531,0.04197395886035648,0.031271605425104286,Energy
2016-09-29,44149.01303856807,44260.54325296512,43893.955218385556,44005.1219318825,999939,0.0016841480963515174,0.03386152134875756,Energy
2016-09-30,46636.22011147645,50639.516335619366,42596.94931827118,46596.86747580828,1683794,0.05722728263673864,0.03190152904898851,Energy
2016-10-03,46184.66315785134,46624.337485545504,46102.78875093007,46541.829907052466,1452556,-0.0011818412047514683,0.037488802677980285,Energy
2016-10-04,47047.881191059096,48431.29851766799,45916.49116177158,47293.990151218546,1298147,0.016031753193347913,0.03499339613809755,Energy
2016-10-05,48540.00837460119,50855.96799132943,46397.6315717854,48706.253732066165,1135615,0.029424205922150833,0.033439240200550606,Energy
2016-10-06,48450.894472099535,48713.24483769762,48430.01912467812,48692.26549417875,715356,-0.0002872371796759435,0.03353228015322648,Energy
2016-10-07,45901.31095089095,50693.60075791953,40676.531643476825,45418.40392737609,1818246,-0.06960280229840318,0.03161555670234483,Energy
2016-10-10,49379.99359306713,55976.52492474022,42956.434526914745,49533.054983537215,2309477,0.08672282840007277,0.04032762395242168,Energy
2016-10-11,55362.63170765434,63830.03866310981,47058.23695150619,55504.381446182444,2375293,0.11382173845696525,0.05029096487217777,Energy
2016-10-12,55083.03177958285,55635.76580266291,54688.10604475601,55239.716692769776,637882,-0.004779762745657074,0.06377031550827207,Energy
2016-10-13,50813.43939506254,57123.61706818144,44669.3043963048,50961.57069209264,2130668,-0.08061036701975023,0.057937461385578225,Energy
2016-10-14,48189.3740548998,52713.15191430544,43376.1813035684,47869.97563373481,1972062,-0.06258333845205402,0.061319688812836615,Energy
2016-10-17,50428.12635266886,54714.31581889723,46287.97828810489,50563.08745111853,1857510,0.05473331867233343,0.060791319500839484,Energy
2016-10-18,48324.01471098441,51457.7732050097,45551.37261619648,48665.5359626674,1752525,-0.03825071394102924,0.05921003333266752,Energy
2016-10-19,48774.20414027515,49096.52035193797,48131.42441782004,48451.60881193786,1029943,-0.004405555728267611,0.05589391742716059,Energy
2016-10-20,48811.87515907499,48895.98285926384,48423.715857780946,48507.298742608014,767150,0.0011487327610989126,0.05101191373076125,Energy
2016-10-21,45834.97631440069,49673.72630015986,42144.43884821315,45972.144347712965,1397784,-0.05367862075274349,0.04671156400746143,Energy
2016-10-24,48608.173220893725,52585.17576444488,44577.15553556555,48549.34488795508,992534,0.05454504568574196,0.04772614921095209,Energy
2016-10-25,45533.91286147449,50241.520913389344,40630.75712506036,45315.8169238728,1895982,-0.0689245700779339,0.04866726370090887,Energy
2016-10-26,45959.9907877837,46329.68601821895,45193.00515640481,45559.478728271475,733772,0.005362566065229485,0.0520326003479669,Energy
2016-10-27,45536.40640200877,45867.31240155217,45009.823092563594,45339.296726681445,1029835,-0.004844563221525251,0.04764689671319202,Energy
2016-10-28,46137.01008685383,47506.91543883618,44833.372351078215,46201.45671264175,1161649,0.018837194309174545,0.04381440267810545,Energy
2016-10-31,48262.57834081938,51764.71667646678,44903.12027634098,48395.97326756962,1454536,0.04640528514321064,0.04109729296495791,Energy
2016-11-01,48781.83872605303,49354.15182209341,48203.73710690996,48775.981485253265,704658,0.007821395707725755,0.04212134333828239,Energy
2016-11-02,49319.200864786784,49347.824421766796,48766.53808604187,48794.85732793078,560209,0.00038691566338076784,0.039096575122633155,Energy
2016-11-03,48717.23421898823,48949.06710665122,48408.834322015835,48640.301104616665,1080701,-0.003172496569637975,0.03637109023132718,Energy
2016-11-04,48708.91935507548,49211.86610076769,48366.781040110705,48868.60612343447,1175053,0.004682760631862504,0.03405575830700191,Energy
2016-11-07,49902.12746814033,51060.17646088902,48478.78172398627,49630.52786630977,1223708,0.015470936831808654,0.03211113476914577,Energy
2016-11-08,53361.785432776305,58874.8600694739,47676.19077766548,53169.38785189561,1401767,0.06887668883871728,0.030996813770093622,Energy
2016-11-09,53831.960739177164,54386.25758027723,52984.38087008588,53535.62641643935,791786,0.006864532191024544,0.039752254161570695,Energy
2016-11-10,55558.48413613424,60266.87141614944,51526.689293756936,56189.29927674952,2198942,0.04837898783677208,0.0370305500778902,Energy
2016-11-11,55341.65746184243,57295.319234310744,52944.90145885183,54882.34879493619,1710694,-0.02353455319880083,0.03934575302206692,Energy
2016-11-14,56354.99075498169,57998.41787611484,54327.87424547192,55959.77609653293,583660,0.019441367411786554,0.037703473365710866,Energy
2016-11-15,56870.73887369585,57091.44513151665,55887.01063141973,56104.74418615374,1404012,0.0025872268960782027,0.035971329390183875,Energy
2016-11-16,59587.31685503201,65708.76451838453,53778.41914772417,59872.10418390878,1770898,0.06499031464967743,0.033706873066623275,Energy
2016-11-17,58416.59383490066,60359.232403295275,56941.560707912024,58872.682916651334,1194714,-0.016833494619210892,0.04052756818861915,Energy
2016-11-18,61827.23061042345,65662.59365758773,57552.16733511776,61358.45027023005,1528673,0.041355704806199885,0.038164014565959775,Energy
2016-11-21,60162.41123775955,62575.77533645211,57342.910784379565,59739.302223848565,1495027,-0.02674276788491778,0.039009457240972524,Energy
2016-11-22,64396.349398159735,70968.59453591732,57419.1818287157,63945.40378086827,1860889,0.0680395208649866,0.037744755245069476,Energy
2016-11-23,65722.34404124974,68119.66343053122,63129.5477406003,65519.466886575814,1122195,0.024317649491998408,0.043978855132196217,Energy
2016-11-24,59868.37669325585,67847.41929482635,52259.26390147036,60196.59129298816,1904118,-0.08473157518837103,0.04166550096318674,Energy
2016-11-25,58829.777006823846,61149.39531086745,56322.93343877018,58634.8665555953,1414260,-0.026286215610104368,0.05065300732923997,Energy
2016-11-28,57588.85914479766,59083.87682251885,56223.06586879532,57715.089824872564,806081,-0.015810850643504716,0.047499752534744484,Energy
2016-11-29,62208.55307518103,70268.76597210008,54604.62997051874,62615.14412183214,1538378,0.08148850630954989,0.04407355944781694,Energy
2016-11-30,64658.30660837931,67618.73486314077,61600.128328039806,64555.866276661945,1199814,0.03052382501232827,0.05147853351645165,Energy
2016-12-01,61105.51787235775,66077.61408268081,56294.381732106835,61254.72976100501,1237250,-0.052489925708518514,0.04857764006630041,Energy
2016-12-02,63226.59328917281,65712.25146985958,60409.29138818207,62881.37794826447,1527187,0.026208994785030484,0.04900110750444011,Energy
2016-12-05,59778.17932892581,64109.04426280739,55959.66902096425,60259.77085331368,1342999,-0.04258533075478306,0.046086044964561895,Energy
2016-12-06,61904.298417439866,64294.899335083086,59443.526912262576,61831.309153231385,1516033,0.02574512571563991,0.04551005813778573,Energy
2016-12-07,65576.6558103442,71922.56751017102,59467.49387507907,65793.22944111364,1843120,0.0621070802281997,0.043085427212467386,Energy
2016-12-08,65542.12316173447,67286.22001332353,62916.34208390417,64636.335639952275,1228721,-0.017740213137793875,0.04651533771387095,Energy
2016-12-09,67937.84446645486,72857.07634787142,62921.347612193975,67832.98699139994,1983797,0.04827188655600728,0.043337611706628754,Energy
2016-12-12,68073.22886255401,68113.97984854691,67819.44046197899,67860.06384002684,940266,0.00039908969280888246,0.04418195474963762,Energy
2016-12-13,67456.50907285922,68763.96986019639,66919.67478921398,68221.05117612833,795256,0.0053054853764163985,0.04076346392649497,Energy
2016-12-14,68049.36640407011,68768.52568078044,67722.54672046751,68439.83071999406,890763,0.0032017901206405374,0.037862253225227245,Energy
2016-12-15,70182.56852019789,71853.21681227285,67879.37966056308,69534.60358830342,747296,0.01586954640637629,0.03533239157528796,Energy
2016-12-16,70855.25149215736,71957.08754793182,69166.65189919373,70259.2193447153,579888,0.01036701380698102,0.03371169961623417,Energy
2016-12-19,73023.35707580308,75784.9566775885,69328.20813359896,72053.11509376208,1016858,0.02521202085079611,0.03202037162656428,Energy
2016-12-20,72642.41902362701,75312.74326440853,70698.61487497082,73350.00515302985,843205,0.017839018163973482,0.03186832688720531,Energy
2016-12-21,77897.97688219207,85982.768006246,70259.99218335414,78304.88546121493,2056625,0.0653674203493897,0.03098720368523118,Energy
2016-12-22,75540.02032656765,79490.72049482199,71875.52458204502,75812.98314559228,1191880,-0.032340435605573745,0.03884714121082882,Energy
2016-12-23,72723.64448616034,77074.65321672818,68819.12257214355,73147.38095331064,1381442,-0.0357932365427573,0.03826442042520701,Energy
2016-12-26,75814.82766237015,83044.91630149334,69910.88482259499,77045.16329535801,1371310,0.0519154631691791,0.03825579777906175,Energy
2016-12-27,74339.5721371616,78285.9558989896,70487.00564287347,74428.76698014786,1312612,-0.034549266144818784,0.0409278285324366,Energy
2016-12-28,76416.83650656839,80100.78548115872,73005.0801592261,76677.39602228942,1164732,0.029764438513049697,0.04023825900031279,Energy
2016-12-29,73400.94411703915,78037.70356457336,69177.53956317947,73791.80909652828,961316,-0.03835922098518148,0.039091971808807115,Energy
2016-12-30,71477.45433093981,75874.40089596779,66469.89018183843,70826.81240927185,763179,-0.04101010224072583,0.03928435163152059,Energy
2017-01-02,68513.66905835884,71806.84140626574,65495.31106266596,68776.88737266512,1269872,-0.029369886205937362,0.03983569378530241,Energy
2017-01-03,68872.14265314862,68886.5321517495,68772.09617260486,68786.46777110061,523175,0.00013928707163321947,0.038715559299170164,Energy
2017-01-04,65871.48668123646,69928.96547904873,62342.32025364222,66372.93327718962,1593632,-0.03571769420935743,0.03604328697013215,Energy
2017-01-05,66404.38881725067,66773.74809036798,65759.44833360946,66127.26617521221,1298411,-0.0037081813385739576,0.0364781836230097,Energy
2017-01-06,64913.77415637833,67029.22319751243,62597.41556179446,64706.0966848126,1086340,-0.02172573354552817,0.03415536408345214,Energy
2017-01-09,65420.18656986062,68103.90689444021,63392.829031418805,66056.82021596785,753037,0.0206598568906745,0.03322758253698622,Energy
2017-01-10,64697.015894758624,67181.61777936478,61914.37183481286,64387.07069070163,1428679,-0.025602436735235833,0.032361740466378776,Energy
2017-01-11,62800.13478353919,66055.14697145167,58976.30896604497,62200.227166469784,1778994,-0.034554195349334994,0.0321892608151829,Energy
2017-01-12,63693.214116608884,65682.92456048388,61525.22904934307,63509.19079405312,1135393,0.020825980406978795,0.033286899403493504,Energy
2017-01-13,60498.71613522342,64966.58740688064,55993.24411182891,60458.11711853245,1302527,-0.04923378607099563,0.03242641448734992,Energy
2017-01-16,60164.935515146666,60551.066780013054,59885.71408016863,60271.35147569147,1267613,-0.003093955336689869,0.0361216380973651,Energy
2017-01-17,58478.69033857422,61123.81389562786,55841.55448827817,58486.333377360104,1608725,-0.030063781467834023,0.033841602725246764,Energy
2017-01-18,59928.37420949976,62427.24724448354,57556.21512180051,60050.2633884287,1522803,0.02638882520441893,0.03393785354780993,Energy
2017-01-19,59096.14238107928,60502.11763881239,57719.760504434395,59125.06220349111,861972,-0.01552703578934511,0.03355410313354363,Energy
2017-01-20,59274.88873033033,59596.22861801117,58592.39146365849,58911.76277991525,762697,-0.0036141205217920767,0.032200397446890724,Energy
2017-01-23,61433.720152635164,65071.599996632656,57654.95943059857,61283.97172108552,1131495,0.03947755765573043,0.030519694570262122,Energy
2017-01-24,60170.933632384265,61706.91202393211,58889.04446774187,60419.72262714419,1426682,-0.014202750810705659,0.03284711614584906,Energy
2017-01-25,64061.51586470389,69835.8845471181,58350.37154195672,64119.56508210459,1583407,0.05943395964184322,0.03151831453088455,Energy
2017-01-26,63814.745967368035,64198.27793564428,63578.56619054098,63961.55481604291,1004406,-0.00246734797991494,0.03774364389536935,Energy
2017-01-27,67207.78625551095,72895.0117598212,61812.44025687096,67477.97536196413,1531697,0.05351905683594384,0.03522185819215761,Energy
2017-01-30,65040.78069495238,68370.85753106169,62308.29605722958,65614.27915233793,1286526,-0.028007911431633697,0.039014187833378206,Energy
2017-01-31,64053.14080787621,66227.32196157835,62186.01937033581,64351.50338359703,1457830,-0.019433045894821678,0.037886038949101405,Energy
2017-02-01,67792.06745969184,73081.07956550342,62498.50601591975,67787.13315649386,1874494,0.05201210410993234,0.03612378785114872,Energy
2017-02-02,65590.72651501192,69655.89889659816,61012.09438238515,65043.34098421392,1400308,-0.04131856841739996,0.03936662653902676,Energy
2017-02-03,64376.04980753218,65183.06133365567,63957.571047504585,64762.07321498653,757351,-0.004333689949173555,0.03994832465148031,Energy
2017-02-06,62863.19530059115,65565.24104231354,60397.32092070719,63090.452270823094,1513932,-0.026150695099021043,0.03714178299778284,Energy
2017-02-07,59741.53791454459,64400.33352540145,55658.064177331835,60280.05114999701,1347604,-0.04556822472000229,0.03614122941361855,Energy
2017-02-08,60107.36332876738,60290.17538111546,60077.05727615893,60259.792473934845,607854,-0.0003361324462327806,0.038163074253028145,Energy
2017-02-09,61855.87736456521,65449.62323775238,58744.27931256553,62314.93285822167,1207477,0.033535999968233615,0.03556899122700732,Energy
2017-02-10,58150.719849661014,64172.17164957908,52160.83463456914,58179.338532459304,1769950,-0.06867080614625498,0.03578857364587116,Energy
2017-02-13,56542.2841035397,58564.59398474859,55387.86062307694,57392.805415681134,981046,-0.01361132939434369,0.042801980624747195,Energy
2017-02-14,58327.19055624585,59840.31321595019,56854.75596782243,58366.876773027754,1314907,0.016829596104107763,0.03991738818488988,Energy
2017-02-15,58115.512554910536,58423.71346893658,57945.0710540083,58252.8691279073,1078170,-0.0019552037360213337,0.03764576469347726,Energy
2017-02-16,60269.669079002444,64106.50882883252,56747.64321679371,60567.10166557814,1898403,0.038958522211141905,0.035133122587278375,Energy
2017-02-17,57865.76499787701,61961.91594299472,53685.504802566735,57775.24833355772,1505531,-0.0471914144199998,0.036264776438268434,Energy
2017-02-20,58130.23274947451,58360.34384103283,57394.8756595412,57622.978763812745,1505638,-0.0026390294192241547,0.03855076714331501,Energy
2017-02-21,61187.535780021986,66143.74444871441,55893.72626916547,60820.178922724575,1486849,0.054000199065712934,0.03591620789158854,Energy
2017-02-22,57289.74364625707,62304.916171413504,52597.72361663384,57588.43349517064,1755466,-0.054599883923315745,0.03961543154277054,Energy
2017-02-23,53393.312866778346,59261.746578257436,48054.25434285488,53874.56527228809,1629665,-0.06666326096234747,0.042457956047387446,Energy
2017-02-24,54673.905553522054,55899.17846334743,53455.689697706344,54680.80879309647,1336890,0.01485432393488155,0.04699724438408718,Energy
2017-02-27,58185.40064458902,62921.630055822425,53030.93453626003,57730.10322419441,1759658,0.054265953988051376,0.04359002666542486,Energy
2017-02-28,56818.29971577995,58576.41612646443,54801.557276500185,56551.41554785767,1298602,-0.02062852308122612,0.04540695325706137,Energy
2017-03-01,53619.819994759884,57770.42348616378,49799.30425651819,53927.952697697125,1391047,-0.04750128762853061,0.042582432034209444,Energy
2017-03-02,52649.44597166428,54475.69209147876,50975.05622584573,52796.621771247555,1633593,-0.021201739352517974,0.04346339452129473,Energy
2017-03-03,52565.0730290802,52798.26326968003,52560.169521137934,52793.3384681044,522834,-6.218968426118193e-05,0.040971702349143206,Energy
2017-03-06,54268.151877661454,55562.14523478715,52360.26451539312,53639.26235797325,1692051,0.01589628922740039,0.0379861145004718,Energy
2017-03-07,52448.76369020156,53976.6073422367,51433.1660759339,52951.27921139348,1618821,-0.012909075992289416,0.03594801409750667,Energy
2017-03-08,54099.29225986886,55704.77451720117,52406.50762848094,54009.3198107594,1523318,0.01978439014963186,0.0340412163485654,Energy
2017-03-09,53497.171764630155,54210.38869252524,52890.553958345874,53602.5756848361,1476340,-0.007559500016850737,0.03295082460926883,Energy
2017-03-10,55312.12634548954,58462.54124532951,52386.998412892775,55526.09764874923,1629425,0.03525601739150755,0.03125983653220778,Energy
2017-03-13,56985.28793944123,59098.852138393035,54805.17406094965,56916.17488097804,794051,0.024726431158838737,0.03268317485133328,Energy
2017-03-14,55699.812095305504,57423.81661308763,54152.75586382464,55871.978478998404,1314747,-0.018516594261081362,0.03234596411251608,Energy
2017-03-15,54377.49301966043,56537.90333632001,52332.05616030993,54488.29847385568,592837,-0.02507700331840073,0.031439445843541344,Energy
2017-03-16,56208.416436124324,58070.4813949603,53859.68255108981,55705.07280906003,1227307,0.022085244842908684,0.03138597486575553,Energy
2017-03-17,56834.05002120681,58207.214343224136,55241.85477328137,56609.59607601071,947127,0.016107296259958694,0.031003664954078473,Energy
2017-03-20,55048.607924598626,57258.58815369839,53060.95995206938,55263.19215752962,1042487,-0.02407142883917882,0.030131354788471013,Energy
2017-03-21,53424.64661159558,56794.6327961571,49645.000306393275,52987.405663612306,1780516,-0.04205282765289684,0.030219759861139193,Energy
2017-03-22,51775.97599312775,53497.599112899,50218.65943924489,51935.48485531645,776349,-0.02005198387877241,0.03310367284596337,Energy
2017-03-23,53785.598671708314,57173.42674557127,50631.32569972071,54006.215624549455,2338599,0.03909687165196227,0.032202404154585106,Energy
2017-03-24,52899.14419788153,54791.18966508278,50847.558515335004,52733.686034862454,1014639,-0.023844689057395865,0.03404233647406849,Energy
2017-03-27,53848.75381245986,54697.45896862002,52450.78471392225,53290.6943472139,1095452,0.010507270779387857,0.03335250991346137,Energy
2017-03-28,51518.40796780922,53887.675373264145,49702.87893867164,52053.2966556663,1310325,-0.023493596441256467,0.031724948304240594,Energy
2017-03-29,52257.469046373764,52563.40253312223,51950.92254281537,52256.8524196153,998106,0.0039028996534699874,0.03143199384364733,Energy
2017-03-30,51705.02998020918,52413.566828476876,51234.1539114494,51940.54592348851,1537341,-0.006071312197156476,0.029877434351788395,Energy
2017-03-31,49964.43235248842,52924.682309994445,46970.831649151834,49928.98122880005,1535084,-0.03949809652090249,0.02862966977674806,Energy
2017-04-03,48391.1689872296,50426.11149764062,46883.86576597695,48902.86966414179,958256,-0.0207655412175229,0.03146015476021522,Energy
2017-04-04,50060.0668194244,53239.54913475571,47469.148790425555,50619.66827011241,1236436,0.03450412266187804,0.030926917488457373,Energy
2017-04-05,51924.229188069854,54266.658386006726,49729.75017332158,52066.18008592779,982476,0.028175401593988736,0.032307267794881224,Energy
2017-04-06,51661.20359181359,52751.39615062079,50255.42679067853,51338.81609233041,1193673,-0.014068488317604266,0.03246668492691419,Energy
2017-04-07,49831.13171233782,52004.94381719209,47780.72746803905,49949.66238496129,855560,-0.02743136902362197,0.03119225638914567,Energy
2017-04-10,51475.625080916325,53502.06642709129,49259.269980389305,51277.92860792344,793212,0.0262446720234354,0.031483924277216115,Energy
2017-04-11,51267.00207967287,52300.78483708874,50657.30039418768,51686.0989693874,1404858,0.007928448589441158,0.0315643376575121,Energy
2017-04-12,52782.007683861855,54364.863711358325,51148.53387896137,52729.82502400431,1175632,0.019992368573485596,0.030107722829222087,Energy
2017-04-13,52397.63750831165,53216.28123104527,51368.15556286424,52183.452935177476,1208651,-0.010415784141715139,0.029751205006616505,Energy
2017-04-14,53017.499327211146,54004.30947610433,51851.59760567484,52835.01111723232,1248085,0.012408609250602763,0.02871202959335336,Energy
2017-04-17,53556.00474543538,54769.44582639524,52393.0632592449,53605.43107257375,1280144,0.014476328617344594,0.027974998699299362,Energy
2017-04-18,52682.199395161486,54454.42167328677,50653.33649293252,52416.624879171286,1519372,-0.022426579230074854,0.027522991394763822,Energy
2017-04-19,52449.95791582401,52499.35803357398,52400.14796481717,52449.54769620081,480734,0.0006279015873790583,0.027954512384361464,Energy
2017-04-20,50871.34441507784,53168.77173765216,48651.62498359734,50945.80336551493,1371538,-0.029089322708792595,0.02692996377974634,Energy
2017-04-21,50513.25495469817,51040.53510399102,50229.34975257041,50755.26967988718,896337,-0.003746939984793714,0.02840962273053272,Energy
2017-04-24,49741.61158024674,51944.76028568992,47095.847294456864,49278.48317967239,1075869,-0.02952790946990663,0.02734577233943865,Energy
2017-04-25,48650.889596851164,49589.44446624233,47710.252587343886,48648.76649871537,1009996,-0.012861085407599063,0.028792666210717213,Energy
2017-04-26,46650.840628818536,49437.57270006666,44215.49376538714,46984.79232005084,2015581,-0.03480247201843506,0.028071787077004112,Energy
2017-04-27,47202.638945013656,47239.117301016,46924.30058447454,46960.59188570629,910557,-0.0005152022121027446,0.030201026349222265,Energy
2017-04-28,46852.993287661775,47101.4068041864,46768.77869670143,47016.89760802951,1617134,0.0011982811918873014,0.02880488515920585,Energy
2017-05-01,45192.76694409587,47846.38200088041,42608.084973991216,45257.97086334773,1583466,-0.03812825436279728,0.027640414412599797,Energy
2017-05-02,44912.71396949413,45331.18489086624,44693.32122946383,45110.82440723013,830781,-0.003256579568676544,0.03048374278584126,Energy
2017-05-03,46254.30311616516,47444.256299434855,44710.57613287907,45891.18769111447,772890,0.01715088259328994,0.02906884338875098,Energy
2017-05-04,47965.362494404966,50546.54110738408,45007.68426437524,47567.4498502552,1102503,0.03587559131210152,0.02863775551308286,Energy
2017-05-05,46061.0122246548,48221.040883332345,44046.88174504811,46200.79793160689,816955,-0.029151631460508795,0.03080836802657074,Energy
2017-05-08,44069.21113382876,47094.071261968566,41284.01232590055,44294.62610189998,1612066,-0.04213370644749627,0.03141332639008324,Energy
2017-05-09,44524.27028257972,45628.53850968277,43727.4211730176,44826.28426773733,867573,0.011931307045270612,0.033995956270746204,Energy
2017-05-10,46442.17136412296,48214.41073771569,44226.64601055216,45981.298411600466,1151039,0.02544008776990995,0.03234089435036189,Energy
2017-05-11,47261.61791244762,48479.46904926372,45572.63873712173,46778.0286037711,1180099,0.01717886085451946,0.03215317197052452,Energy
2017-05-12,44264.836631375714,47872.24745228629,40809.65862183174,44406.04699301922,1120036,-0.052037964706502994,0.031166138086900344,Energy
2017-05-15,45285.13026491552,45918.60616252131,44195.104364495906,44822.103157794314,1018015,0.009325738108734525,0.035822548711959064,Energy
2017-05-16,43013.89581428267,45599.7264734185,40598.1375712744,43174.92449345705,2232562,-0.03744151662737974,0.03375869377904674,Energy
2017-05-17,43327.96261824589,43491.75649433637,42903.446741631364,43066.251263164755,770077,-0.0025202181407825747,0.03495711085941904,Energy
2017-05-18,43268.04566108937,43471.33605927356,42998.38053457995,43201.35760589468,910736,0.003132263776930302,0.03284132160300099,Energy
2017-05-19,41651.45460921003,43933.848301495455,39369.65179202849,41652.01479547918,2044028,-0.036522178934530004,0.031053398930884074,Energy
2017-05-22,40728.37120328738,42028.695400168304,39580.74094386493,40876.8804961538,1198713,-0.018785107702839258,0.03273425272168864,Energy
2017-05-23,40091.133684477514,41590.87862269363,38378.58654483966,39870.06152867496,891921,-0.024938929556832495,0.03178296842192363,Energy
2017-05-24,41101.48752376944,42879.63048916164,39261.376322505675,41036.71717673641,1296574,0.028841502218362486,0.03164519231231332,Energy
2017-05-25,41646.89444613706,43116.92844048473,40400.29322692084,41863.83365935262,1080091,0.019955088861483342,0.0320298203978481,Energy
2017-05-26,43757.38729051974,48544.81600956533,39767.06988536172,44487.88331535988,1536688,0.060794571343500345,0.0313122715799282,Energy
2017-05-29,47894.80659118185,53155.879686740016,42609.89672769982,47868.02832674509,1975379,0.0732309474311815,0.037931038305352736,Energy
2017-05-30,43635.77279507623,49586.20828067675,38020.16842773353,43932.426725236146,1821518,-0.08579511728774897,0.04533681376969471,Energy
2017-05-31,40826.63535072196,45596.32287222958,35892.6431847751,40640.59614860415,2047813,-0.07788522501766369,0.05337098152360675,Energy
2017-06-01,40837.848198539,41062.02816933907,40565.68495856082,40789.60007054975,1108071,0.0036596765123404333,0.05734706249183436,Energy
2017-06-02,46271.18431964064,53434.91252863933,39330.506671694544,46465.14132925159,2200512,0.13027523394691182,0.05227769549224727,Energy
2017-06-05,42029.86770324034,48315.005218212944,35873.99686377408,42142.62017802401,2097783,-0.09764279825846593,0.06951339039186978,Energy
2017-06-06,34546.97086603663,39729.01649594212,29356.94330730637,34537.58036153691,3443889,-0.19901156733673478,0.0734561540157087,Energy
2017-06-07,29498.379627907492,34295.59809286486,25073.62268372137,29822.259211186836,1881345,-0.14679294896157477,0.10177173399474518,Energy
2017-06-08,29911.396251693164,29991.90756525686,29688.665464676127,29768.792938583516,954648,-0.001794440105397168,0.10778782005385888,Energy
2017-06-09,25213.48982162527,28995.51329486906,21306.387245906848,25066.337936360997,2742746,-0.17193480000987202,0.09692808841540325,Energy
2017-06-12,28253.091470646264,32491.055191243202,24013.94837779193,28251.70397387286,2357341,0.1196279454718546,0.1097737663435877,Energy
2017-06-13,26251.89121905814,29013.68846333495,23843.415573384802,26575.521415965915,1746265,-0.06116322885275534,0.10902683441464225,Energy
2017-06-14,26702.252435234568,27521.02198438441,26138.63278257562,26952.128064481323,691332,0.014071713089273127,0.1008494996642841,Energy
2017-06-15,25618.036811668957,27669.169205183156,23505.434871769285,25551.217297567375,1855863,-0.053377298413954874,0.09091864073125583,Energy
2017-06-16,27969.49771822086,31582.08919163594,24251.870034064075,27848.882643911198,1570153,0.08610788580736979,0.08450047209235696,Energy
2017-06-19,27914.141206646498,28885.41110919704,27298.067613014508,28261.667504385245,1070650,0.01471353626993194,0.08321327434248224,Energy
2017-06-20,24302.256715121443,27947.595222389657,20548.14939234039,24174.2934027534,2045386,-0.1562165688482832,0.0753128969292296,Energy
2017-06-21,24298.29309452954,24579.014071204678,24055.51281468792,24335.85845109761,848916,0.006661106575047969,0.09109428309453765,Energy
2017-06-22,28929.735451310855,33269.19576900748,24462.06016275921,28778.894309128485,2786324,0.1676913629381255,0.08212910739273159,Energy
2017-06-23,26870.80278823648,29616.700076027337,24177.89018622993,26918.96118185221,2212365,-0.0668113670496776,0.09856069807742024,Energy
2017-06-26,22619.030982014126,26011.885629316243,19115.374577613715,22488.675973663194,2986662,-0.17981902248969947,0.09241716712528968,Energy
2017-06-27,25438.307027980674,29366.00758617752,21622.560973783573,25535.658770589147,1898439,0.12706396603954542,0.10854942814655283,Energy
2017-06-28,26828.1209087202,28254.56682478534,25050.32710541557,26457.042875377516,1446207,0.03544653564366205,0.1093076868322156,Energy
2017-06-29,23521.922924811053,27050.211363532708,19875.209541220443,23382.599460259346,2841403,-0.12353026120413418,0.09923207573087639,Energy
2017-06-30,22986.213182233874,23568.620159172027,22419.13607985911,23001.173969474763,1452586,-0.01644687615946127,0.10132404797510289,Energy
2017-07-03,22475.003215502507,23303.98947768834,21614.688828926504,22442.47530526742,828384,-0.024589874485209686,0.09139926213465545,Energy
2017-07-04,23634.324347913196,25407.93402232878,21823.244985528865,23593.81465864205,1897391,0.05002920465186855,0.08290813822591438,Energy
2017-07-05,23402.30596133678,23702.452014910734,23092.913895892045,23392.93982416233,1497466,-0.008550327022468872,0.07729453864914805,Energy
2017-07-06,21294.724246818256,24428.213669700257,18086.488889379565,21207.081854635893,1792795,-0.09809908427906161,0.06993227279172605,Energy
2017-07-07,20959.441918797667,21744.741258265003,19908.94796612727,20683.924331333877,1211618,-0.02497837943426759,0.07386428617885422,Energy
2017-07-10,18442.2428883258,21314.71473538961,15675.906455076929,18534.534552512705,2215739,-0.10972107173589066,0.06751543626492891,Energy
2017-07-11,17543.68581826952,19186.053060937335,15782.994819690304,17413.140996550625,2053318,-0.062410573607722904,0.07451492699228666,Energy
2017-07-12,17555.77216821073,17639.310112563264,17385.345688443744,17468.468202832177,1118002,0.0031722878588349487,0.07159777531766891,Energy
2017-07-13,17410.922211572437,17502.744475636428,17315.356459526767,17407.158876396443,1516485,-0.003515887439244262,0.06482671251799227,Energy
2017-07-14,17395.075542725142,17456.91215057108,17365.271549110177,17427.053367490968,1164111,0.0011422387346258275,0.05885453546146761,Energy
2017-07-17,17785.832643028378,18387.728986027327,17207.683913911304,17808.832616597014,1464002,0.021670758620858304,0.05358433336253378,Energy
2017-07-18,18659.41337218446,20029.305039320618,17316.217432043013,18684.31645345188,1094590,0.04798993099264111,0.04967361364352554,Energy
2017-07-19,18119.680273219976,18889.738215553843,17493.577223833967,18258.827119691592,1203707,-0.023035838747160736,0.0491876949594791,Energy
2017-07-20,18094.381316558934,18306.334046505326,17951.64749263779,18163.058476860224,885099,-0.005258863563741559,0.04599066153426357,Energy
2017-07-21,18049.294841542593,18276.523129041252,17784.506662853684,18011.256068190844,1349343,-0.008392877745586174,0.042382320672476874,Energy
2017-07-24,17840.56507558804,18088.362424404095,17607.395531897495,17855.00416716219,2190751,-0.008713085140619668,0.03933922907220707,Energy
2017-07-25,18329.6198852737,18927.773353795652,17652.223571058494,18247.70386061753,1982385,0.021755441820973814,0.0367348286112324,Energy
2017-07-26,17369.773300697027,18647.8249179063,16108.423762905071,17385.344629148025,1153385,-0.04841166763112328,0.03536315870791468,Energy
2017-07-27,17196.631021444016,17527.269329846236,16833.912870429827,17163.922290567032,916304,-0.012817948972676393,0.03810506304239479,Energy
2017-07-28,17496.71084050887,17835.988198074374,17050.090791449817,17387.245515419792,918439,0.012927281424803492,0.035864211073880124,Energy
2017-07-31,17154.451382345356,17487.97868803954,16849.100888325873,17182.135416185254,1439376,-0.011866715610765074,0.03397146596066868,Energy
2017-08-01,17576.81168721972,17837.08875492413,17095.640331856783,17352.597236565092,1193555,0.009871986354751746,0.032316733135041874,Energy
2017-08-02,16967.100118953138,17470.656755079126,16610.90028615818,17111.426987522667,1342371,-0.01399570660465289,0.030823942149009288,Energy
2017-08-03,16479.471893460246,17373.14514927398,15671.48996848457,16561.158178374742,1520633,-0.03268640039758871,0.02982405569651629,Energy
2017-08-04,16059.454545205814,16795.538554066676,15334.769339269726,16070.361184458963,1331755,-0.030083429624842638,0.031174341279229103,Energy
2017-08-07,15366.874009609377,16350.11276776857,14500.663271387593,15477.657318260095,632508,-0.037579134514936274,0.03183117267795842,Energy
2017-08-08,15921.005789696983,16525.418210452837,15271.7351346666,15874.37739195884,1249670,0.025308803926068053,0.03350235134847936,Energy
2017-08-09,15941.868687156852,16142.272125363284,15781.313518716444,15981.319635021422,1100564,0.006714192737423734,0.03307576711320222,Energy
2017-08-10,15023.569821605182,16408.26225551269,13660.243704638104,15043.158543934804,1589335,-0.06049721130000669,0.03133635514412489,Energy
2017-08-11,14876.795799775602,15080.619974710255,14764.528039575089,14967.666458953829,1157757,-0.005031000927507354,0.03787559384665311,Energy
2017-08-14,14877.789786362158,14988.978960650948,14813.870666932138,14924.85762470734,721213,-0.002864185265323546,0.03537577042184648,Energy
2017-08-15,15313.925142792354,15802.580468302991,14759.272362274916,15245.752347420304,1421268,0.02127280980999298,0.03320220835933154,Energy
2017-08-16,15114.675108858954,15402.523947502372,14766.730380648349,15053.412514313648,1406807,-0.012696219030854557,0.03240045026741129,Energy
2017-08-17,15937.237177124161,17200.131138078683,14612.463022028882,15870.031489206145,1530440,0.05282780810412325,0.031048517495634295,Energy
2017-08-18,15387.806539953948,16162.999351550281,14572.810436196565,15345.89170043151,1059920,-0.0335847221882499,0.03591413297441939,Energy
2017-08-21,15475.999684365795,15796.239946976219,15206.025051411589,15525.403478187454,1175978,0.011629819869921653,0.036070070592011755,Energy
2017-08-22,14833.257442635462,15839.096668753356,13849.318591394143,14853.795462939366,1260269,-0.044222197093097354,0.03407532685890471,Energy
2017-08-23,14827.368506238292,15010.809187350505,14549.52937652892,14731.787552789061,880560,-0.008247841642074916,0.03636265567576255,Energy
2017-08-24,13601.083833045255,15177.547336641017,12175.008478523987,13737.200167312285,1809285,-0.06990008404361962,0.03417598888105749,Energy
2017-08-25,14604.599375321608,15782.473741944374,13326.911245339164,14496.029338691913,1500654,0.05376727957874691,0.04203928918516933,Energy
2017-08-28,14263.174838647941,14533.454829338707,14151.540460054635,14420.58841322369,726371,-0.005217836835354919,0.04413025630052817,Energy
2017-08-29,13892.422646529434,14820.152082983106,12871.601470146681,13792.66943409009,1527057,-0.04451968578163165,0.04076846195414175,Energy
2017-08-30,13271.368678219216,14077.785232723987,12440.285725062036,13245.106493877789,1913636,-0.040509087598390114,0.041556640328584374,Energy
2017-08-31,13777.617100682199,14395.565540288351,13035.034112215675,13647.129993754232,1399939,0.029901079656488895,0.041565748050859934,Energy
2017-09-01,13890.123033354252,14253.185525711953,13524.040007974712,13887.021430077437,1101318,0.017425451235427394,0.040202988862964,Energy
2017-09-04,13092.966113706121,14214.865391298821,12060.354839271406,13175.726964295452,1553404,-0.05257842343066662,0.03792850120194871,Energy
2017-09-05,12468.933058481758,13540.920371209077,11372.13849693674,12441.79246030981,1200165,-0.05731510508020142,0.0408109121964843,Energy
2017-09-06,11700.507486974519,12724.699785763183,10815.719642621747,11830.111347663002,1323597,-0.050413075121613526,0.043876846217572436,Energy
2017-09-07,12352.57345600498,13265.75885211676,11486.251736115733,12396.365845251921,1275509,0.046755262400705086,0.04495957994335598,Energy
2017-09-08,11950.534449903367,12601.952285705378,11311.303299188909,11962.102369798697,1838968,-0.035659836157348766,0.0452216678957138,Energy
2017-09-11,11674.496057670065,12093.823015894088,11270.43783968334,11689.254019892844,1533539,-0.023073556579558556,0.04389468060063235,Energy
2017-09-12,12074.893031300291,12603.122323273423,11508.687868943949,12035.179865402335,1147697,0.029164056393922267,0.04148798307955856,Energy
2017-09-13,11243.947497562796,12487.452437977321,9943.355434780611,11179.761877474402,1334436,-0.07372884779027788,0.04005725302376552,Energy
2017-09-14,10697.684991740964,11370.45604446006,10107.822697160631,10776.261121269097,1851922,-0.03675949796837535,0.04689411759826889,Energy
2017-09-15,9602.625078627701,11113.525623461679,8162.231316833546,9663.935324749287,2780441,-0.10894472177737279,0.04540854232288531,Energy
2017-09-18,9774.096034516695,10024.2338881108,9558.017607657446,9807.418786694261,1059434,0.01473816955185614,0.05941288945324733,Energy
2017-09-19,9737.296357358511,9825.126876347103,9684.16621348791,9771.808422404192,1103093,-0.003637569877080634,0.05437366267604123,Energy
2017-09-20,9255.947828648557,10037.151043264477,8457.545144454423,9237.162909415383,1355647,-0.05626675438525249,0.049670725195409944,Energy
2017-09-21,9557.02519553028,10184.315218855956,8987.490542880432,9611.532307619811,877603,0.03972886548534037,0.05048402619153801,Energy
2017-09-22,9837.297492032982,10257.11296024789,9449.119312467394,9867.733770039014,1059876,0.026306559627103866,0.04874081383521573,Energy
2017-09-25,10749.906615908656,12213.629774849773,9321.926836738792,10781.458724559729,1559237,0.0885576548207165,0.0458730728049417,Energy
2017-09-26,10950.397296945732,11304.766363740911,10636.338980813991,10989.584164936965,1267829,0.01912005611092233,0.05440440957271534,Energy
2017-09-27,10512.080965832394,11261.484094321862,9732.42436387981,10479.505173837553,1679843,-0.04752646857301727,0.05022656972775795,Energy
2017-09-28,9928.895834384146,10755.976207222413,9087.615215437942,9913.405214405748,1892828,-0.05553355825489054,0.04956794758255747,Energy
2017-09-29,9740.551651505162,10004.13317975809,9472.706435604801,9736.16937856185,781183,-0.018040150611811794,0.05028102580402602,Energy
2017-10-02,10514.763788182696,11982.14484166436,9156.750060072472,10611.621628805746,2006549,0.08610202793374289,0.046597878705351294,Energy
2017-10-03,11136.230166059733,11793.7507390087,10385.948606035441,11037.64859040648,1377560,0.039362247555605426,0.05430583506416563,Energy
2017-10-04,10486.843437036656,11291.44261907171,9683.876804235551,10488.359874258698,1676011,-0.051045969337493655,0.05188166301794309,Energy
2017-10-05,11438.486339640473,13031.511423699421,9890.804527889579,11478.425634653737,1808402,0.09020318282191753,0.05142197209215701,Energy
2017-10-06,11500.925155104369,11590.921873469404,11433.506263518186,11523.37140107531,1501556,0.003908027147205107,0.058616273335635224,Energy
2017-10-09,10922.486877727244,11776.154192193593,10128.947725621236,10978.542494426145,1512391,-0.04843458338071135,0.05339461490856372,Energy
2017-10-10,11076.993942735662,11193.045561870304,10939.66467748755,11055.4910144147,883426,0.006984543504286947,0.05227498685869288,Energy
2017-10-11,11022.232822564336,11221.09897871,10923.638612434504,11121.615784938345,1136173,0.005963353748555228,0.04789005092976727,Energy
2017-10-12,12239.786391016936,14144.275675359071,10403.818432364396,12299.37015248615,2057614,0.10065747128459114,0.044046564231891266,Energy
2017-10-13,11598.440646121437,12580.476090633056,10716.330105203138,11691.302976160197,1558038,-0.050702823930231185,0.05631934690067475,Energy
2017-10-16,12525.836191049773,14029.031032305229,11111.28747735431,12605.487282491975,1887498,0.07528698774384511,0.054982829332709295,Energy
2017-10-17,13264.553016035718,14271.71949563389,12253.17528898634,13259.99573827393,1073110,0.05061944559461567,0.0580405788709516,Energy
2017-10-18,14484.576814615633,16392.508851864808,12570.127571229083,14477.07091979356,1852121,0.08781441859012319,0.05638542610804729,Energy
2017-10-19,15134.16508959306,16124.713784925636,14132.947836601408,15122.74935910522,1764147,0.04363410819024846,0.06164542836867187,Energy
2017-10-20,15144.72628703739,15295.59060221886,14873.003570277959,15022.651839852084,813027,-0.0066410054704695125,0.058529628229123325,Energy
2017-10-23,15052.123808858203,15090.10823148046,14959.553396058129,14997.39972103344,1568409,-0.0016823505265041385,0.053359060594807446,Energy
2017-10-24,15026.62977214374,15057.636455872378,14945.879164692373,14976.78299213413,1408233,-0.0013756326467879855,0.0487665461514589,Energy
2017-10-25,14698.589175572575,15127.278467634698,14260.001854380058,14688.393794734364,667862,-0.01944355733472058,0.044752929218216914,Energy
2017-10-26,14709.825861406973,14773.508128735391,14582.655705323627,14646.061923692274,672946,-0.002886155504872233,0.041940046818796844,Energy
2017-10-27,14269.447269114684,15054.389492158694,13342.035939052337,14118.684938340934,1164784,-0.03667239560815452,0.03883842820931407,Energy
2017-10-30,15292.9230967396,17103.36152024817,13469.434895663873,15278.120984992327,1606559,0.07892271094092106,0.03883900738384264,Energy
2017-10-31,15190.429675501946,15424.202082230226,14889.452383519609,15122.174378549109,1565965,-0.010259635473216908,0.04734019371516528,Energy
2017-11-01,14570.465846100979,15471.323090550686,13614.320001351476,14511.533605550243,1874078,-0.04121841419782168,0.04368826124713586,Energy
2017-11-02,14552.435961457626,14673.203978837586,14311.705431949953,14431.469571274672,942910,-0.005532545327797891,0.043379430459445555,Energy
2017-11-03,14558.905834941133,14580.672958751291,14395.53724488703,14417.092342334317,970739,-0.0009967380816908833,0.04012494670724584,Energy
2017-11-06,15725.8346360816,17263.143470342446,13883.685625542175,15387.965412065692,1208484,0.06517126625650858,0.03725799379499625,Energy
2017-11-07,14608.220801745014,15720.390244261594,13564.828480673379,14672.412995117818,1863475,-0.04761667352613757,0.04298395715989738,Energy
2017-11-08,14787.9690989654,14881.807417676075,14641.114749841274,14734.614502410604,1439512,0.004230390172023514,0.04379724418446131,Energy
2017-11-09,14609.293163297001,14833.967047266922,14360.029015277985,14584.318823032578,1208698,-0.010252555523328129,0.040462863327671184,Energy
2017-11-10,14304.375130046848,14791.50642791314,13771.423469992744,14256.939356509833,1501841,-0.02270313772010714,0.037756613740547194,Energy
2017-11-13,14357.505817588266,14569.118135644741,14170.185950435223,14381.485410931584,1443516,0.008697883394369296,0.0363010244245672,Energy
2017-11-14,13748.430020319496,14657.57679404633,12886.25783301622,13792.632634626578,1349688,-0.04180706141375313,0.03414029109058279,Energy
2017-11-15,13151.430208498714,14047.165916418911,12361.52828939577,13251.267560811371,1860455,-0.04004136972583118,0.035980857941519125,Energy
2017-11-16,13189.748499460153,13363.766864668196,13122.744104833646,13296.221582965292,417143,0.003386690536176584,0.037097094279664684,Energy
2017-11-17,13714.670613031718,14393.81113604933,13052.68679973696,13731.037329214412,1356877,0.032178865584796365,0.034679619001852346,Energy
2017-11-20,13117.482092128363,13983.714482037494,12332.057579875463,13193.72484612374,1168614,-0.03991744283120833,0.03489215797051781,Energy
2017-11-21,13430.64484294168,13818.005133551951,13055.002117173342,13442.043595215451,1152734,0.018646050638228873,0.03623507260375055,Energy
2017-11-22,13845.730575557613,14390.575437526535,13256.32973810542,13799.349451371103,1345810,0.02623407309546417,0.03467759608075174,Energy
2017-11-23,12655.669306543417,14286.740426768387,11058.831882251312,12686.067491441638,1425830,-0.08411710649795427,0.034135941830108305,Energy
2017-11-24,13008.072858184703,13667.893256537203,12418.476565953664,13075.25204005213,1344536,0.03021694290198998,0.045755471372733746,Energy
2017-11-27,12578.28011366482,13328.407725464527,11816.234952038596,12565.606766752624,1855823,-0.03975782619039105,0.04372425041306214,Energy
2017-11-28,13741.823153178446,15855.036021836413,11745.221550330554,13843.640928290708,2331268,0.09686252838467478,0.043203596735169325,Energy
2017-11-29,13651.686396265504,13873.741502880011,13561.850573709477,13783.041290778778,1437795,-0.0043870439616213895,0.054777669058156314,Energy
2017-11-30,15403.148538464926,17713.620819234664,12995.462385334564,15288.779276864192,1957446,0.10368023426249194,0.050033602160589004,Energy
2017-12-01,16204.07541981172,18027.4048536027,14554.891259130467,16362.134127620853,1375908,0.06785059181942571,0.06095184757363848,Energy
2017-12-04,14728.906068036895,17007.803151472322,12595.743095943115,14856.203852890663,2096720,-0.09655222468616523,0.061340505374907005,Energy
2017-12-05,13574.600652564231,15411.013592280568,11739.988593380902,13576.187121290173,2228524,-0.09010023480073291,0.06714518518476478,Energy
2017-12-06,13485.222226055212,13633.241989191742,13451.264318243617,13598.997577174301,839985,0.0016787713860576198,0.07017470029482965,Energy
2017-12-07,15039.144332740709,17345.978729853567,12783.272682829602,15083.459765090058,2653700,0.10360268119385259,0.06356110123479872,Energy
2017-12-08,15008.985857827516,15165.07790781185,14823.461012260907,14979.243747073488,810025,-0.006933271017905064,0.07029963161160606,Energy
2017-12-11,13790.766066744109,15534.988899189837,12026.657064537329,13768.000572128407,2016787,-0.08431839217652805,0.06372472911541623,Energy
2017-12-12,13516.208684470055,13790.297011488647,13450.112510402532,13723.188675958889,1045115,-0.0032600943854651267,0.06644630591351004,Energy
2017-12-13,14037.712391920022,14354.305068729029,13616.892629551077,13931.080434695192,1306327,0.01503534042062452,0.06028004220263726,Energy
2017-12-14,13903.83953869669,14048.67786078806,13690.549794274359,13834.667541594414,938600,-0.0069447637917215655,0.05514395714487665,Energy
2017-12-15,14391.058139886774,15295.68628248569,13508.599821543105,14411.947057686471,1228561,0.040879936683173954,0.050397611741978564,Energy
2017-12-18,12610.78792150169,14502.406109726942,10690.086924687372,12576.57285257338,2402909,-0.13622173348712036,0.0488119944165286,Energy
2017-12-19,10991.277776977186,12730.443316904133,9342.586110430608,11069.95071035142,1658015,-0.12760149173581567,0.06920652238243721,Energy
2017-12-20,11055.908997061053,11178.917818119815,10865.889578168428,10988.144446066977,667078,-0.007417380219721465,0.0798370546563276,Energy
2017-12-21,10772.037776008963,11084.305108845752,10478.690125932026,10790.455890656718,1186407,-0.018154884351301293,0.0721624338998938,Energy
2017-12-22,10500.862101361517,10927.097985430537,10079.770435583092,10505.807986323176,950483,-0.02673378380516195,0.06569150224311057,Energy
2017-12-25,10291.30119252591,10572.944942242159,10088.726569523684,10368.84396245653,1481779,-0.01312270879470825,0.06049382656971248,Energy
2017-12-26,10073.464447416269,10478.83806644103,9738.195387421965,10141.31091331842,1532065,-0.022188265797691543,0.05525787966755301,Energy
2017-12-27,10588.388115309604,11255.433922722781,9910.017667071595,10576.302080114107,1759781,0.04199857429660473,0.05115265861271891,Energy
2017-12-28,11725.537893905655,13536.979146697235,9966.707209819808,11771.286214519336,1972393,0.10704734886435947,0.04957678512128037,Energy
2017-12-29,11061.774960547613,12084.018325240362,10064.322724552942,11084.515546010232,1827583,-0.06011405580943604,0.06152362418780666,Energy
2018-01-01,10852.486145797026,11313.840493111484,10316.728936522935,10774.779882005581,1505383,-0.02834093135381905,0.06058201071639149,Energy
2018-01-02,10428.255647293552,11000.88136875987,9817.08990681262,10387.476399902906,1180973,-0.03660731898883018,0.05618385245293403,Energy
2018-01-03,10614.802014800898,10872.379832968485,10300.711633628034,10556.884018988376,1687490,0.01617727256764846,0.05316309426373661,Energy
2018-01-04,9828.031181052904,10832.04539445437,8960.973221545752,9953.884300743966,1312141,-0.05881530380019701,0.04899293107699471,Energy
2018-01-05,9864.199452326588,9976.156001672385,9797.38451694505,9909.037357736786,640943,-0.004515651824523092,0.05038979887416246,Energy
2018-01-08,9906.707680121179,9916.113002575481,9902.46426085837,9911.867373220097,738462,0.0002855586605105501,0.046199178901500874,Energy
2018-01-09,10521.10029810572,11380.89427121974,9611.491868630015,10466.852676299013,1954752,0.05448061189752318,0.04251474493044261,Energy
2018-01-10,10255.694997550301,10588.343595133434,9910.715236991206,10242.950459094149,1863208,-0.02162366682853376,0.044623126180376005,Energy
2018-01-11,9762.132491375192,10465.323066607853,9061.038876764398,9764.08894411859,1303137,-0.04787844699780562,0.04198947674304267,Energy
2018-01-12,9710.049797358995,9784.557405493973,9648.464746352493,9722.890910967299,1145420,-0.004228268806836464,0.043062103742871984,Energy
2018-01-15,9535.996631125578,9811.500888542663,9265.130610775106,9540.506759860267,1234676,-0.01893638954431979,0.03982659364764862,Energy
2018-01-16,10042.684159232655,10775.411228326497,9285.253649366432,10016.036468924167,1216870,0.04864085188621056,0.03771888222901196,Energy
2018-01-17,10222.302539757451,10828.08428328243,9737.482969704373,10337.787533802995,1029441,0.031618419181489145,0.03991316990815563,Energy
2018-01-18,10726.020413017648,11396.26654041675,10087.714536781003,10756.16665989982,926361,0.03967335828561136,0.0390436623592651,Energy
2018-01-19,10981.7343436491,11445.821397428006,10567.686395955881,11029.955356983497,1060861,0.025135552954660998,0.03944137877899565,Energy
2018-01-22,10858.224363464176,11189.841685805213,10477.57861533541,10807.6514062605,2128136,-0.020360439008601565,0.0379376764093566,Energy
2018-01-23,10241.706043365948,11036.719028556312,9525.494572291691,10315.357076263923,1352943,-0.046620583721868086,0.03624356431928694,Energy
2018-01-24,10583.43605794349,10991.405031914184,10175.741182932765,10583.699989729406,1266679,0.025681317660202086,0.03843043829620199,Energy
2018-01-25,10227.066603550209,10736.459888758165,9755.786046955507,10263.500401045849,1359788,-0.03072112951926364,0.037154385765682925,Energy
2018-01-26,10256.211555901262,10358.832927837926,10199.221838700314,10301.591054683659,1007108,0.0037044033845782726,0.036686876061352666,Energy
2018-01-29,9913.1655800952,10474.271153803844,9376.762309977115,9936.599850849634,1495699,-0.03607345980347166,0.034333655365809686,Energy
2018-01-30,10375.078498023178,11124.63839650383,9657.813515815118,10405.285125866283,1387812,0.04608896741325696,0.035188550523592994,Energy
2018-01-31,10233.44245481183,10461.405709038956,10064.151009055802,10291.159453193952,409759,-0.011028641079061744,0.0375395286057804,Energy
2018-02-01,10248.201683485568,10363.963030017674,10098.57831693165,10213.95279584809,1361134,-0.007530514465358933,0.03529330821788996,Energy
2018-02-02,10148.444343480378,10236.085338069295,10081.892126593737,10169.395724669674,1311314,-0.004371915841426135,0.03324154601078792,Energy
2018-02-05,10166.426676404411,10428.180960683821,10012.450406083855,10272.596685647013,783262,0.010097042957936862,0.031414444960376764,Energy
2018-02-06,10047.46748470216,10348.613130680555,9817.45750943234,10117.011138894599,1111078,-0.015261555585691795,0.03007966793714645,Energy
2018-02-07,10185.789745520431,10527.973262080826,9940.704531407147,10280.606613443846,1041347,0.0160409891451024,0.029304716350810684,Energy
2018-02-08,10008.467718094575,10385.83092879158,9687.60526309511,10063.213377297123,698350,-0.021372732505920443,0.028733432099806156,Energy
2018-02-09,10019.390283075927,10136.972850514217,9975.430327025882,10092.69128717793,987827,0.0029249920941995006,0.02879248426938497,Energy
2018-02-12,9768.551928842855,10244.919803780378,9296.709705893374,9772.869054316909,820942,-0.03220144441649939,0.02764939523994863,Energy
2018-02-13,9970.536939095171,10101.331373554269,9729.383978369671,9858.711475962895,1117701,0.008745395576189608,0.029447091521646925,Energy
2018-02-14,10360.685229131912,11253.628172525068,9518.549779447587,10407.673435467634,1293777,0.054187886293880154,0.028375645381823578,Energy
2018-02-15,10717.9429971133,11267.942186959926,10199.945255006256,10748.46911866009,1330212,0.03221997244847929,0.03441788566745171,Energy
2018-02-16,10621.900023133627,10853.557821601271,10362.286445443731,10593.320950043046,1221448,-0.014539633396605849,0.03468993624585287,Energy
2018-02-19,10446.795108323748,10650.535429820455,10273.72750778992,10476.967968378402,922591,-0.011044382431120381,0.033082071916511274,Energy
2018-02-20,10806.72284014099,11255.474798688092,10323.78811162221,10771.059125189962,1160860,0.027683505609442573,0.03152515730847517,Energy
2018-02-21,11373.396891554947,12170.658287881919,10495.20438648224,11286.364948644028,1712378,0.04673252877915244,0.03178088902286231,Energy
2018-02-22,10751.895692633854,11504.375235326283,10073.075838273307,10821.181056480087,1572723,-0.042089933023042474,0.0351512348656621,Energy
2018-02-23,10377.32202592687,11151.031812446548,9528.780138681057,10296.461117785953,1600233,-0.04970516700337079,0.03679975297943427,Energy
2018-02-26,9681.062027310047,10562.752592739213,8834.524150201045,9713.388042654851,1348317,-0.05829511092350118,0.039420400803427305,Energy
2018-02-27,9251.23910562572,9944.921977652553,8546.9444225973,9239.76709209294,1360647,-0.049988465624747236,0.04304558506095344,Energy
2018-02-28,10102.049784582312,11344.266833833748,8795.885891277792,10029.13709858824,1634750,0.08197788737537869,0.0442398566783314,Energy
2018-03-01,9739.569200325066,10316.351700401947,9069.958422739286,9640.897533929032,617272,-0.03948035676003886,0.05170868435683684,Energy
2018-03-02,9853.689472939406,10235.433235453853,9496.09318303902,9876.991308009105,1627717,0.024193732434430196,0.04972761019611719,Energy
2018-03-05,9414.45576156075,10151.819415171463,8640.263266033318,9374.497271013346,1515188,-0.052214995908835625,0.046541042919340594,Energy
2018-03-06,9698.086272939094,10153.009322303682,9218.578937254946,9672.292015722296,1360394,0.0312723587287508,0.04734781737820531,Energy
2018-03-07,9468.88299658252,9825.275374056677,9077.585507326472,9432.61273488784,1009891,-0.025092180186602354,0.04516798325642685,Energy
2018-03-08,8746.374402786858,9859.300576881673,7562.819065564931,8665.447790598244,1497609,-0.08482952461919184,0.042738273188558086,Energy
2018-03-09,8331.532399596925,8830.284612007694,7827.98327477203,8326.430043825254,1346133,-0.039908801765759006,0.05138730614830446,Energy
2018-03-12,8409.870570433774,8644.704359941417,8219.311187771595,8453.163991016665,1326677,0.015106009941232644,0.049511928414276624,Energy
2018-03-13,8534.88657903937,8710.892991857516,8380.256624393445,8555.882643118912,662786,0.012078266708755692,0.04577525067863698,Energy
2018-03-14,8062.173972842986,8759.040808939377,7422.182302969606,8114.8663144566,1346361,-0.05292134785060529,0.04240497068454145,Energy
2018-03-15,7369.801880044833,8403.434299132547,6432.1605526514495,7454.95868586001,1848974,-0.08481832055144102,0.044256588094363655,Energy
2018-03-16,7350.370190786864,7509.0600469505625,7189.780655210139,7348.428593513367,1224455,-0.01439291283248142,0.05240265830068535,Energy
2018-03-19,6927.330569039533,7562.995674631102,6278.073465138353,6912.365331944282,1365616,-0.06117460872374716,0.048248360268025904,Energy
2018-03-20,6046.054664480731,6976.065902356268,5139.146464808621,6066.144262918495,2853365,-0.1305886936433243,0.05023617548856711,Energy
2018-03-21,5850.215639949685,6164.279009462994,5545.56047258146,5859.158152807556,1303723,-0.034717257860583224,0.06838822777565587,Energy
2018-03-22,5789.85499313922,5907.827110179319,5662.3333085687445,5780.1067997339815,1360716,-0.01358377336218741,0.0634220226549085,Energy
2018-03-23,5571.56294783376,5838.535137764779,5395.2540808588055,5659.445285363987,1142663,-0.02109627868346513,0.05784081777538309,Energy
2018-03-26,5907.842813354245,6355.151270624491,5488.335393227529,5933.800623722178,1286444,0.04733904104314247,0.05332172265487698,Energy
2018-03-27,5709.358405156727,6043.0478936844265,5373.488074734807,5707.042189595057,1399579,-0.03896403820393193,0.05206450428592926,Energy
2018-03-28,5644.7200372717825,5732.619195430878,5567.423126387954,5655.1790621535765,846244,-0.009129110670200521,0.04996298155840239,Energy
2018-03-29,5860.872411468969,6164.11312172832,5550.780835200641,5853.647742087234,1204625,0.034493239114134544,0.04592973677486647,Energy
2018-03-30,5837.908314345484,5895.992854422585,5757.092699425935,5814.9488027756815,941453,-0.006633030981818123,0.04434072741684045,Energy
2018-04-02,5243.906843860593,6038.227115305254,4457.320817281504,5250.6322741784825,2372563,-0.10208347906517426,0.04098145496788152,Energy
2018-04-03,5025.046485944722,5401.4619913957795,4620.708204019922,4994.862707024438,1754355,-0.04993857688731944,0.05483374167184911,Energy
2018-04-04,4916.429991247132,5099.744295461621,4690.567559305334,4872.233967937778,1393381,-0.02485737341130973,0.05366069883832741,Energy
2018-04-05,4626.752039126226,5013.416356867485,4223.090053515174,4608.204310955341,1398720,-0.055714291504627,0.049962584318573144,Energy
2018-04-06,4461.892750169398,4671.529258642094,4266.763160930416,4475.791828386924,1699803,-0.02915497976078627,0.05062232913558806,Energy
2018-04-09,4786.442981315576,5368.484404761073,4247.195764506958,4824.904105109485,2019226,0.07510757903988835,0.0477241877083018,Energy
2018-04-10,4538.007060616357,4959.372509767553,4114.177424779465,4535.290648153532,1491774,-0.061901688490536885,0.05261416860807307,Energy
2018-04-11,4905.810281154231,5604.1901301824,4259.384513613931,4951.715546145809,2223285,0.08784492000211236,0.0537528924463783,Energy
2018-04-12,4964.127275137129,5014.926580422004,4926.260007043971,4976.961411198588,954419,0.005085454904002447,0.059741177194696786,Energy
2018-04-13,4963.283733036786,4982.070381549694,4947.935738483869,4966.711786405061,797091,-0.002061537667190921,0.05439748045473819,Energy
2018-04-16,4949.854321412664,5029.9241161109185,4833.957186993224,4913.437902704448,1314369,-0.010784128110852345,0.04967802526763605,Energy
2018-04-17,4839.451556514487,5015.668628374448,4620.979562877664,4795.599880679537,809287,-0.0242750746721499,0.04573586741781772,Energy
2018-04-18,4964.758003133695,5187.843438822529,4719.392348933816,4941.429548544961,978684,0.029955865663277622,0.043148667908974064,Energy
2018-04-19,4569.560121727094,5150.821283720003,3962.204750904711,4539.662900561123,2129249,-0.08480191331461129,0.041521670450508044,Energy
2018-04-20,4545.419391539979,4717.610655231034,4439.832786473606,4610.511998838363,1757037,0.015486155177509512,0.050576120539967295,Energy
2018-04-23,4958.080000967286,5471.672111164754,4428.420287102058,4940.155671693257,1477669,0.06905792969553673,0.046715397091600615,Energy
2018-04-24,5185.652265281725,5503.833114681099,4830.650213271932,5146.424104207356,1288080,0.04090528161450584,0.05060842131914209,Energy
2018-04-25,5094.786684594105,5161.392561796115,5049.804148797253,5116.220781562967,1040942,-0.005886086906951754,0.04898934737600554,Energy
2018-04-26,4910.086305765303,5211.427578490899,4612.48170649669,4913.609439051212,1745379,-0.04040724619160266,0.045001798052111,Energy
2018-04-27,5291.245301483998,5940.338534171605,4668.405870914677,5314.734195099533,1845812,0.07847420850622044,0.04432878629126567,Energy
2018-04-30,5155.934108382929,5400.699620494144,4904.721058870961,5149.165235079567,1232025,-0.031648388952224424,0.05094863340019069,Energy
2018-05-01,5091.745930665443,5160.936785935795,5056.500660365745,5125.458158239746,1060679,-0.004614693503254746,0.04823747168714705,Energy
2018-05-02,5262.496981893669,5581.287083215696,4989.36870514813,5305.905847702732,1966794,0.03460059330330234,0.0443246799112413,Energy
2018-05-03,5091.102920939158,5393.44554944189,4820.302397035942,5121.052005720539,1028048,-0.0354606232491645,0.04302699103967506,Energy
2018-05-04,4802.471411064413,5243.805781468134,4417.163080624255,4854.336268210821,1411980,-0.053487506391319925,0.042067516405482036,Energy
2018-05-07,4848.275370311991,4934.208583830068,4800.661950681963,4886.222497151256,721979,0.006547128066966366,0.04410076813633323,Energy
2018-05-08,4940.1906168960495,5026.857086375119,4855.6534558869225,4942.284101396831,1485552,0.011408083555858409,0.04077170505461463,Energy
2018-05-09,4801.5529714945615,5054.603379403422,4520.179660289118,4771.654357921426,853317,-0.03513452271395629,0.03807081824719568,Energy
2018-05-10,4743.362195925359,4796.449518089691,4728.597842530679,4781.566249435364,1126120,0.0020750897478532784,0.038008880075048684,Energy
2018-05-11,4906.16655767942,5143.286796144146,4688.6903768604825,4924.976811164646,1273746,0.02955140614193391,0.03544553386911803,Energy
2018-05-14,5008.262539895419,5096.993297255194,4895.199930575837,4983.491828355515,1019908,0.011811249463987933,0.03515823570315018,Energy
2018-05-15,4499.941506662329,5175.350623837714,3868.2097290922525,4538.241971735665,2080967,-0.09359110951920507,0.03331376700842603,Energy
2018-05-16,4903.981164035337,5478.800460921572,4331.157370117031,4905.767955612293,1709455,0.07787194047144985,0.0479764528179057,Energy
2018-05-17,5477.281679154562,6312.533872014882,4655.689427281378,5489.159888708594,1756832,0.1123635714394324,0.05339473650941017,Energy
2018-05-18,5732.0408782848035,6209.696230686667,5298.489914896655,5773.043942910274,1681937,0.05042426977223279,0.06538068627294406,Energy
2018-05-21,5915.497374871386,6156.425650661679,5684.654422978801,5925.203916304154,1649971,0.026015614834934916,0.062458773261458995,Energy
2018-05-22,5455.279904109794,6185.784196952487,4693.503909397059,5419.173239833053,1846455,-0.0892718376426918,0.057640268199818684,Energy
2018-05-23,5741.372868931827,6165.593648411542,5272.168039108293,5692.799835504589,1520499,0.049258924553892275,0.06287558798081408,Energy
2018-05-24,6041.740071546878,6748.947686824354,5406.05383256454,6106.452663650388,1670621,0.07014383620772371,0.06022157336351635,Energy
2018-05-25,6631.9262091688215,7535.145618873842,5764.013650019837,6663.147204019395,1622520,0.08724590028852372,0.0611500938870277,Energy
2018-05-28,6717.0577401614755,6904.968236234366,6572.462247827331,6759.459967623304,1171259,0.014351074327241429,0.06506338642806025,Energy
2018-05-29,6581.34139869565,6867.217791842416,6281.291922921885,6566.524717901144,1091842,-0.028958270138609698,0.059308417639839094,Energy
2018-05-30,6600.4853669252925,6714.055949456916,6512.1420383749955,6625.379429597892,1088205,0.008922912345505338,0.05513418117435286,Energy
2018-05-31,6816.344702199983,7200.432834094962,6470.853364226906,6853.079563246189,1746743,0.03379047989964171,0.05043575221727072,Energy
2018-06-01,7144.472204150689,7717.117388432694,6624.634404653697,7193.697886905021,1583739,0.048507226719512755,0.04802376038124,Energy
2018-06-04,7151.019098416462,7284.466340170832,6972.172577100938,7104.756499069089,1639979,-0.012440860052513018,0.04793712450206559,Energy
2018-06-05,7239.4745682937655,7266.286944760915,7095.941979864882,7122.320460194765,1363549,0.002469090467290433,0.04428984730441235,Energy
2018-06-06,6989.66388428453,7185.053922363844,6798.038317950906,6993.327904845907,1161540,-0.018277041596088905,0.040867920433499905,Energy
2018-06-07,7051.383060470869,7057.303219995288,6991.368573941576,6997.243279100578,1216981,0.0005597161553177346,0.03855200479706442,Energy
2018-06-08,7018.326481641208,7028.419884576655,6993.882482693086,7003.9552176019,777390,0.0009587663537596844,0.03590337938724544,Energy
2018-06-11,6807.479171627111,7096.892760439587,6520.633606474695,6809.943362121164,770316,-0.028091217313643346,0.033635992717292444,Energy
2018-06-12,7244.140248799857,7869.63829336664,6590.602253928721,7213.450369168021,1797900,0.057563586851723365,0.033518226062644645,Energy
2018-06-13,7463.3862237351495,7900.917341465911,7049.090174090238,7485.399333815188,1729263,0.03700697755016006,0.038675730922564676,Energy
2018-06-14,7553.893199109467,7819.114342588424,7354.657357081043,7618.182844905845,1405219,0.017583501802921297,0.03875664056681652,Energy
2018-06-15,7325.2405347082195,7751.396768174978,6910.309489530273,7335.863969009936,1293948,-0.037762677617836894,0.0367156462665214,Energy
2018-06-18,7051.480723104789,7459.087302005588,6669.064914897622,7075.375625757537,1609149,-0.0361546577448288,0.037313990911519546,Energy
2018-06-19,6987.111057659988,7116.8382871527165,6861.274132492762,6990.932537647753,1148272,-0.012006576502436835,0.03754918142507007,Energy
2018-06-20,6831.469979279743,7058.557132654157,6625.000577126313,6851.48287522454,1179315,-0.02014885061630593,0.035349349392182476,Energy
2018-06-21,7107.195055773387,7550.675343281563,6685.604883915749,7127.859388334082,1156988,0.03954585632815082,0.03406695802583796,Energy
2018-06-22,7280.903729321851,7540.391434687271,7032.632420672086,7291.750270179873,1399921,0.022732645825263017,0.0355390956021165,Energy
2018-06-25,6684.162821197009,7536.2241295153035,5892.407942996208,6738.08235512967,1870491,-0.07896824173601974,0.03446647401324406,Energy
2018-06-26,7102.285305247377,7771.958186283823,6478.453232312058,7144.424776060579,1317940,0.0585569335431056,0.04456172960238718,Energy
2018-06-27,7153.579981378778,7213.382670124302,7112.279619513003,7171.976100405299,567403,0.0038489224484600923,0.04693543827451459,Energy
2018-06-28,7118.283012932578,7173.264129232245,7114.445096543415,7169.398653169906,768131,-0.0003594421465766118,0.04318067187317439,Energy
2018-06-29,7528.536401078621,8226.459690998397,6891.988466585099,7585.12694913244,1129645,0.05636756828346467,0.039895810789273525,Energy
2018-07-02,6899.289492553493,7913.985713789424,5865.3383045444125,6876.714340149168,1612818,-0.09804837849183431,0.04301088220387334,Energy
2018-07-03,7638.054891734408,8750.24789914441,6474.33399931459,7577.74518534829,1521416,0.0970747154150961,0.054972461006362765,Energy
2018-07-04,7231.887130447947,7756.96978114331,6695.488111410639,7219.684791938961,1486126,-0.048404392124672506,0.06269850262338922,Energy
2018-07-05,6899.9663517207955,7339.918003392885,6529.228062858087,6965.650476999173,1698205,-0.03582029920771523,0.05996940521229116,Energy
2018-07-06,6627.222543685317,7164.3202973902535,6064.452866471013,6599.286572570086,1241249,-0.05402944699326617,0.0562985588138126,Energy
2018-07-09,6681.97997201815,6867.327371498898,6521.2183051471575,6705.988093552672,1081711,0.016039324426213718,0.05543914998419056,Energy
2018-07-10,6509.415366092416,6798.769009672546,6222.676046545263,6511.919388119485,1057708,-0.029366622901423698,0.050964580543580086,Energy
2018-07-11,5858.093531265031,6736.807560954785,4974.437884996074,5852.279864701264,2211704,-0.10680294386511344,0.04803405622141038,Energy
2018-07-12,6074.219697398174,6450.005490490198,5713.611057917368,6088.546321293848,1533195,0.03957804814943488,0.06047186757826714,Energy
2018-07-13,5792.0548712231575,6259.688829996763,5303.682658722701,5769.495215348016,1443607,-0.05382476158239523,0.057100268817411266,Energy
2018-07-16,5970.741737885329,6214.560022122209,5686.617283202349,5928.7195708134905,1059668,0.027223673365942,0.056061736533278714,Energy
2018-07-17,5997.527362842787,6054.797150347539,5909.6074983291355,5966.581789658,857086,0.006365933163230303,0.05220635881989598,Energy
2018-07-18,5677.771564575299,6097.096996219303,5266.570690690537,5685.347454183339,2125836,-0.04828195583519918,0.047817171463201295,Energy
2018-07-19,5550.205307429995,5751.620947849378,5348.06307089218,5549.451350388507,1422395,-0.024193175959304935,0.047737381560824764,Energy
2018-07-20,5766.868795600613,6257.977158028209,5342.161030952444,5828.71468115452,813052,0.04909744261590364,0.04484286501860359,Energy
2018-07-23,5949.407367426998,6283.177402055391,5677.790295099255,6008.846660006514,1480951,0.030436316936355283,0.045500438076733436,Energy
2018-07-24,5907.763144993811,6190.837306887556,5541.069087210122,5819.934904070426,1850288,-0.03194374982502136,0.04353374898210886,Energy
2018-07-25,5603.52090137957,5881.187789397854,5418.558610061557,5693.263261851354,1023078,-0.022005484833946192,0.04206198180402754,Energy
2018-07-26,5511.337588404112,5783.318985950051,5237.138412573436,5509.004682532061,1274875,-0.0328996235104148,0.039849773588345905,Energy
2018-07-27,5137.8717643628615,5694.593926069058,4569.744460422391,5125.080617306665,1794188,-0.07223771336187805,0.03915049614121129,Energy
2018-07-30,5216.440286743956,5455.8951299249975,5018.467321134399,5256.40541819003,1421451,0.025301157459509505,0.045923329182947184,Energy
2018-07-31,4977.180922344572,5369.259757633742,4624.11453044371,5013.6092487465,1688671,-0.047291347908184345,0.04339566816993255,Energy
2018-08-01,4834.655543355178,5093.90833460391,4585.586889739882,4844.340726019714,1404111,-0.034344901635252986,0.04406833274334142,Energy
2018-08-02,4861.2766827577,4869.4548630559775,4841.6180656431225,4849.7768997274015,626197,0.0011215408121471534,0.0427849295999487,Energy
2018-08-03,4986.569313897229,5219.181802994916,4764.0437389819335,4996.225328580673,1440742,0.029749989208697356,0.03955538950341723,Energy
2018-08-06,5067.827981009295,5317.61467752472,4876.142681304714,5123.811846583591,1027483,0.025215970289821102,0.038528721101293795,Energy
2018-08-07,5368.783970554099,5713.227881727668,5004.625235970909,5347.7175963332165,1014606,0.04277118903929622,0.03718799071487456,Energy
2018-08-08,5433.575284163197,5564.13354220303,5303.318619403409,5433.869816745662,493612,0.015981701175582223,0.03848069015107394,Energy
2018-08-09,5460.293987237094,5468.231680618529,5431.231616762691,5439.138556246084,979622,0.0009691411488084459,0.03637200884570728,Energy
2018-08-10,5080.061738992143,5577.9607621679415,4642.48321689782,5135.598500201817,1854148,-0.057424305002132504,0.03403644087096525,Energy
2018-08-13,4810.196949336797,5272.582540242807,4374.472006878012,4834.6431710826355,1750530,-0.060389064737271035,0.03900533382086176,Energy
2018-08-14,4888.658283883933,4961.460906221543,4810.164457403229,4882.8810442333415,1364748,0.009928098619289547,0.04317590443937262,Energy
2018-08-15,5211.691012502535,5763.183250381504,4678.019621031454,5227.856528013783,1800225,0.06826592881156814,0.040076327809012394,Energy
2018-08-16,5121.835437349504,5267.729144744888,5000.8689487863485,5146.187513696017,1001666,-0.01574520046479726,0.04565002952901837,Energy
2018-08-17,4828.1419687263015,5324.351799266966,4311.5254778076,4805.397786622374,1511487,-0.06851632695072661,0.042477368767988646,Energy
2018-08-20,4555.995145627572,4906.675439277636,4239.372644952315,4587.839864570735,1638831,-0.04633052941669944,0.04740922425840975,Energy
2018-08-21,4761.937775187057,5049.039093149703,4483.554017688778,4770.1738530272405,1531949,0.03897345585500193,0.04711778145490403,Energy
2018-08-22,4669.595345523348,4796.941940384458,4589.1487328770645,4715.701030606574,840872,-0.011485165443497721,0.04586837475404973,Energy
2018-08-23,4663.321379474989,4722.603434483593,4642.723068577867,4701.835005428914,1149107,-0.002944726761742984,0.04246071826820685,Energy
2018-08-24,4598.692107839689,4791.455511619704,4380.60707629263,4572.262635737096,1445792,-0.027944670536708942,0.03928906704207707,Energy
2018-08-27,4515.133298278781,4605.089212129747,4422.042566720708,4511.9347553541065,1182674,-0.013282134827965994,0.03810564686421479,Energy
2018-08-28,4249.77945011594,4692.37590055264,3770.9162709810544,4209.296605357107,2163480,-0.06943049721864586,0.03589003377248946,Energy
2018-08-29,4291.50189255566,4418.368203611312,4165.596912081552,4292.435823282137,1197056,0.01955880615944906,0.04305304531571032,Energy
2018-08-30,4362.030805713706,4474.473621488658,4252.515003172156,4364.886131401077,750923,0.01673773943367521,0.04049980004299676,Energy
2018-08-31,4412.168370374289,4450.902315680638,4351.963156857124,4390.506938816386,1188794,0.005852594016497605,0.038134103254444274,Energy
2018-09-03,4240.678039877684,4474.1294648405055,3999.304934169891,4232.2948609855575,1763490,-0.03670032995785661,0.03561608896727412,Energy
2018-09-04,4291.410980165643,4354.33690984763,4211.201742629755,4273.870471871939,1214682,0.009775484096461961,0.03628831447604256,Energy
2018-09-05,4173.340349241832,4303.416160856966,4084.274734580505,4213.493612710183,1147660,-0.014227710052852892,0.034173197500493795,Energy
2018-09-06,4161.979851499884,4228.005545251695,4118.369513810524,4184.162769021409,1229538,-0.006985511582689592,0.032628363457709794,Energy
2018-09-07,4266.804625247228,4431.629045007501,4118.182790255171,4282.461836221645,1446111,0.023221410875426767,0.03096784925295125,Energy
2018-09-10,4260.154412296752,4293.072305571279,4228.169562060537,4261.080502335633,1148107,-0.0050052724448817,0.030791090242789698,Energy
2018-09-11,4330.194198143073,4490.855972067455,4192.452447051353,4352.407620855254,702557,0.021206400881633697,0.029363768550865862,Energy
2018-09-12,4285.456678739509,4400.223479268667,4160.893436147639,4275.390663453915,854609,-0.017853686570290236,0.029278685738262544,Energy
2018-09-13,4186.611257678393,4380.769961817378,3952.989628777685,4145.229194184145,1314226,-0.030917400285316976,0.028872240465029293,Energy
2018-09-14,3977.014876272583,4205.049929498758,3793.7782067993503,4019.8401325483974,1365347,-0.03071594737490973,0.030170645694727147,Energy
2018-09-17,4161.826583840094,4364.460498720201,3950.283457849571,4152.461393827729,1380088,0.0324591315532643,0.031140563623353705,Energy
2018-09-18,3996.8374457846858,4283.93284965551,3673.9710383006095,3958.298138981298,1561091,-0.047887095362295004,0.03215318095310213,Energy
2018-09-19,3934.95836045563,4000.8659229629625,3848.7826944922426,3914.3449988561197,1711894,-0.011166160091158043,0.035651615975408106,Energy
2018-09-20,3990.424801937388,4076.3766986229957,3885.4266713236316,3970.95928992214,1225405,0.014359690334034414,0.03369766530493745,Energy
2018-09-21,4018.85969928278,4065.8605741063584,3955.2365738108115,4002.040749719212,944874,0.007796718197115474,0.03223904811833427,Energy
2018-09-24,4121.061138770014,4341.473740379276,3916.825382609858,4136.474131391709,1346623,0.03303934743712033,0.03066925661077886,Energy
2018-09-25,4137.472722822407,4159.015316609015,4100.677994579537,4122.140759378122,629352,-0.0034711356794817965,0.0318782435637043,Energy
2018-09-26,4079.9785075059494,4143.552730092585,4015.974191146985,4079.541605933589,868343,-0.01038799958867061,0.03024541696854731,Energy
2018-09-27,4111.1193273203835,4204.75670750626,4036.1420944385986,4129.445252470278,1578854,0.012158445897937459,0.02912069330217199,Energy
2018-09-28,4072.1360333260554,4143.2507685966375,4030.735265026241,4101.550943518884,790704,-0.006777895427361909,0.028294628354464963,Energy
2018-10-01,4309.198457233821,4593.61963160252,4003.1638887492554,4286.057697377073,1191103,0.04400217769675838,0.027337881683434657,Energy
2018-10-02,4549.219262714912,4926.606731633504,4153.998259874574,4529.772492075759,1585171,0.055304356949280584,0.03143750254486738,Energy
2018-10-03,4281.096066985137,4672.530898932464,3872.2245799236384,4261.904679581464,1805020,-0.06095554749261288,0.03673471161779891,Energy
2018-10-04,4195.659087053785,4334.125921293715,4031.5676558707414,4169.159955063699,1400937,-0.02200160234930839,0.04167598883809367,Energy
2018-10-05,3987.007744004554,4236.370015053547,3780.1640923920063,4027.429315721343,1184527,-0.03458628038760607,0.03952367660525637,Energy
2018-10-08,3933.9072435683242,4069.4623856457924,3805.1917760964584,3940.5302177868034,1301857,-0.021812998206351922,0.039104071764651666,Energy
2018-10-09,3937.3568249045215,4005.47640653454,3827.948978717696,3895.341662736892,827939,-0.011533893533033608,0.037345331387906695,Energy
2018-10-10,3662.3456487870826,3998.1661677524826,3334.5337028106196,3669.69627636067,1590505,-0.05967249360802954,0.035152434143068366,Energy
2018-10-11,3525.5178692664026,3724.001379153514,3358.666188059926,3555.7203112827683,1744923,-0.03155123821874062,0.040282451203424254,Energy
2018-10-12,3402.6321813591994,3624.9853204908763,3185.81174925767,3407.8334559720506,1156041,-0.04248092271807443,0.039337803636392346,Energy
2018-10-15,3566.723425671297,3824.85782349074,3314.55923583656,3572.299416069318,1534796,0.04713274336884824,0.04010816070571103,Energy
2018-10-16,3434.8193528237316,3691.674652780798,3144.4301056771687,3398.5750628107126,1935911,-0.049853237986816526,0.04147476303461142,Energy
2018-10-17,3347.4825788497906,3442.1231247132746,3240.8272876988867,3335.11826784695,1167552,-0.0188481032406155,0.0429991462204456,Energy
2018-10-18,3252.6264281045073,3393.936603780001,3099.15009829055,3239.9077099580422,1297366,-0.028963296543883115,0.04040332795593878,Energy
2018-10-19,3309.9793266921865,3405.0914541968878,3207.672486847131,3302.571758157446,1179334,0.019156640795850718,0.039137884586873777,Energy
2018-10-22,3421.7643100813502,3655.4489680223896,3209.550710844578,3441.981522240383,1720809,0.04134584384076163,0.03715461937546326,Energy
2018-10-23,3380.5026581885754,3462.2136040175146,3319.429683453074,3400.7743952015753,1004890,-0.012044160471730321,0.03822034030701633,Energy
2018-10-24,3597.946372225992,3877.22044050327,3303.3981205109862,3581.3868303805684,887482,0.05174693920456177,0.03592206565284948,Energy
2018-10-25,3469.3977666722735,3606.713496735346,3393.604576935847,3529.605007025129,1010192,-0.014564139529634612,0.03916602734730948,Energy
2018-10-26,3557.483687618721,3660.5429807239493,3479.224745128067,3581.7502135350287,1318122,0.01466559875135383,0.03686460745175452,Energy
2018-10-29,3747.239163188204,3968.5777510602557,3505.545632749703,3725.6064380673015,1381974,0.03937807333755079,0.03492078742050243,Energy
2018-10-30,3657.417614416255,3796.1611602934936,3494.766813929413,3632.5676816238715,763558,-0.025289892214361023,0.03616855007075852,Energy
2018-10-31,3242.7603078793536,3729.1743540612565,2750.663105110722,3236.074241306732,1865408,-0.1155788072915759,0.03524865967109775,Energy
2018-11-01,3060.566929858139,3304.153450795714,2848.2971953943074,3089.8525712944574,1490206,-0.04623756302424012,0.05565737607117842,Energy
2018-11-02,2948.4673595051268,3149.2010502219478,2763.4633657795152,2963.2683558843246,1561559,-0.041830544747076655,0.05384126339589325,Energy
2018-11-05,3122.9777830660732,3338.320890856045,2888.725507020122,3102.6681778526627,1767340,0.045969610363041084,0.05178392111774021,Energy
2018-11-06,2817.45126200206,3215.0505185334505,2450.799670078711,2844.835282150294,1252861,-0.08675727524098235,0.05061857712937163,Energy
2018-11-07,2573.030710971143,2958.985317616814,2185.7040622141267,2571.4165437813253,1574582,-0.10104823717967266,0.05726094656541796,Energy
2018-11-08,2805.9801307912426,3242.201247910351,2399.615393460076,2832.059649616782,2119684,0.0965473069159089,0.06522779113860923,Energy
2018-11-09,3141.9249219384005,3594.171274134616,2668.58880957633,3117.2890997222325,1652825,0.09595950750624628,0.0700138497753468,Energy
2018-11-12,3040.7608522716196,3192.786825596927,2864.3571435563863,3015.100185389042,1147143,-0.033330687221858765,0.07350364202145404,Energy
2018-11-13,3191.4243204449895,3453.724872127476,2923.1501601849677,3184.9157802807003,1535041,0.054792787450654225,0.0677411877585318,Energy
2018-11-14,3466.610538047371,3883.5623042793227,3035.7622802577926,3450.8141071414707,1872773,0.08018433022799398,0.06497254996258968,Energy
2018-11-15,3898.136567531487,4482.857052661209,3298.0472526176804,3880.0555913149183,2393856,0.11723930490054277,0.0666451410159043,Energy
2018-11-16,3500.849308921039,4025.9767052591947,2970.2977755377365,3494.4679712208667,2264485,-0.10466834278063653,0.07559773838454546,Energy
2018-11-19,3119.7477542832157,3587.7099174256978,2634.334841002434,3099.217460002864,2235843,-0.12003149104281502,0.07946907408642225,Energy
2018-11-20,3135.6566971654156,3255.3453027621345,3042.3722146436157,3161.2980020840364,1550281,0.019833056045565036,0.08551842383496565,Energy
2018-11-21,3464.767111668072,3940.054298875812,2988.84854583599,3464.035352315975,1930281,0.09145149286891392,0.07752240430346208,Energy
2018-11-22,3881.4729556114726,4463.693898953193,3295.9663954983635,3877.607524115722,1898301,0.1127841496704268,0.07850022208493744,Energy
2018-11-23,3864.840054783572,3882.8120117952267,3849.1936768658916,3867.1562569888465,1076624,-0.0026989263369065946,0.08329386265769997,Energy
2018-11-26,3888.8972089900494,3995.4180920639733,3812.316603588904,3918.2592853218093,1021941,0.013128075696131761,0.0751757053552385,Energy
2018-11-27,3644.04637216666,4101.456974979548,3151.368242852539,3603.7165349012694,2002077,-0.0836818115719939,0.06816862398676252,Energy
2018-11-28,3442.3876056340955,3730.2678452749183,3123.270448179141,3408.3000077160223,1657701,-0.055752048213988464,0.06977080962117678,Energy
2018-11-29,3336.667590600375,3464.740681435832,3194.6739183226905,3322.191360293305,1298726,-0.025589022052271017,0.0667878456918909,Energy
2018-11-30,3315.838374307668,3326.5059835195398,3313.255624035204,3323.9169407450563,530959,0.0005192754653897733,0.0613735510881504,Energy
2018-12-03,3664.061926355959,4255.394093044918,3114.452637402565,3700.342689604277,1893744,0.10728154523444654,0.05579794499430234,Energy
2018-12-04,3679.323713620452,3703.8316740226614,3668.8767084982396,3693.3448575183797,1229294,-0.0018929212604187006,0.06570485541155495,Energy
2018-12-05,3282.644224712288,3804.60495763479,2790.247591005445,3308.352137073731,1791792,-0.11008229127363138,0.059617446207946505,Energy
2018-12-06,2816.1365368000857,3268.2285410584736,2393.7160562800727,2841.9378617899774,3259842,-0.1519640564574099,0.0690007865295303,Energy
2018-12-07,3050.4850758773555,3393.3101165888334,2715.6587626884416,3057.6926843155034,1748513,0.07317444162933417,0.08586528985337251,Energy
2018-12-10,2567.5213226364663,2971.520882840703,2182.3931242409963,2583.9312024701767,2448764,-0.1683486456762896,0.08247092358793896,Energy
2018-12-11,2202.4202502765875,2538.4959038799266,1872.0572127350993,2207.3877425042842,2694391,-0.1575021617046319,0.09895631644879607,Energy
2018-12-12,2235.1296406330594,2320.4762092077726,2167.5245183274524,2252.3502224655813,1082646,0.02016441494834548,0.10795796262127318,Energy
2018-12-13,2218.5903139242027,2270.804520092764,2165.103322340685,2217.2868517122547,1296053,-0.015689904783488667,0.09739059451097079,Energy
2018-12-14,2021.2896952595795,2324.4831495485164,1697.7296692318475,1997.3290226257031,1907275,-0.10447351028207477,0.08789122985928408,Energy
2018-12-17,2204.7505197878854,2558.1396985416113,1874.0379418197026,2224.469303079662,1861825,0.10770757238602742,0.08897809720116982,Energy
2018-12-18,2401.344152887925,2665.0966648531994,2130.577560360912,2393.464621071668,1926970,0.07322357678943504,0.0904091787244324,Energy
2018-12-19,2641.246862522892,3044.150509368435,2245.059833144458,2647.0873994508133,2286863,0.10071799251543445,0.08627461682196469,Energy
2018-12-20,2620.939953370753,2653.415335910413,2601.9609339681733,2634.339287871544,767903,-0.00482753509306737,0.08704174118589501,Energy
2018-12-21,2666.6087015216995,2781.1825131724754,2578.975008047022,2692.691646755175,1412180,0.02190889960087239,0.07851437786290537,Energy
2018-12-24,2688.4034810533426,2724.0619716781957,2669.6809488223935,2705.2223100541796,1066407,0.004642788272642668,0.0714395269246475,Energy
2018-12-25,2872.6290150459495,3176.1241550746713,2588.098688154612,2889.8846764120767,1159222,0.06603250318809124,0.06470021737378968,Energy
2018-12-26,2956.5498263183745,3076.7457172704194,2844.1524360127055,2964.0627139974754,916671,0.02534426880619187,0.06405418194126986,Energy
2018-12-27,3223.9046354836632,3624.9775932619195,2819.7421690258325,3220.3761639024087,1876261,0.08293730804231957,0.05898050842041223,Energy
2018-12-28,3274.1486687203687,3329.235527824932,3201.9076293225885,3256.7009339790684,1160223,0.011216525714676295,0.06256796191838317,Energy
2018-12-31,3237.854493974845,3278.6107592355092,3188.835354481437,3229.486285507757,1214615,-0.008391619684476378,0.05701465999427161,Energy
2019-01-01,3062.617325814479,3336.5171111522454,2770.458590336873,3042.5650343085076,1432428,-0.05962215891379232,0.05206822500862931,Energy
2019-01-02,3033.7419075337507,3057.328513395529,3024.923191738757,3048.4669935806605,942049,0.001937918268106235,0.052934868654513786,Energy
2019-01-03,2879.227763817933,3140.8770985981464,2608.5202980358263,2869.2641952082467,1874494,-0.06058322028062582,0.048396731136085835,Energy
2019-01-04,2737.7599797999746,2921.8184771305355,2574.664331105142,2757.544228107182,1726110,-0.03971510770318355,0.050242848791270674,Energy
2019-01-07,2703.032530968296,2806.5809401042225,2585.038483991172,2688.0114624849775,649710,-0.025538824252535026,0.048539350538622905,Energy
2019-01-08,2689.8893084566553,2708.3646961020486,2677.6983451673973,2696.1453794039667,1726816,0.0030214287383328593,0.045636493864004604,Energy
2019-01-09,2605.7452051815844,2751.4513537668763,2452.243851338131,2597.4882961417075,1755736,-0.03727817754285205,0.042041895919458575,Energy
2019-01-10,2761.462558540143,3093.8011352675567,2462.6984861365468,2791.759248227852,1979111,0.07212701387280787,0.041502604594645984,Energy
2019-01-11,2752.9984164814805,2803.5631972137235,2717.469942659719,2767.84314659982,1503858,-0.008603582578438098,0.047521772589444275,Energy
2019-01-14,3044.2723124961144,3438.1096838758763,2626.8275582289825,3017.1570262539835,2083005,0.08624663651433542,0.04379221781334997,Energy
2019-01-15,3168.0236131745432,3400.490348958144,2935.8075727890377,3168.2571875757026,1638000,0.0488666476305736,0.052440242365142574,Energy
2019-01-16,3246.356452688684,3376.9838423925025,3120.6599536744807,3251.103539711636,1202903,0.02581283578396524,0.051557498029379895,Energy
2019-01-17,2910.6391504553303,3370.8828850515083,2474.043277887031,2931.202508740442,2222785,-0.10358173801567776,0.048233658954314286,Energy
2019-01-18,2685.0415365495437,3033.78388048121,2350.0370631687983,2697.255507108825,1435141,-0.08317797417546308,0.05975420614859809,Energy
2019-01-21,2647.0589519401956,2742.8494310817814,2537.682468070237,2632.962844133128,722714,-0.02412500839126248,0.06319998758029488,Energy
2019-01-22,2843.2854854189336,3230.4408130708425,2481.6705293097557,2865.944088712404,1997982,0.08478805193583934,0.05816092458516555,Energy
2019-01-23,2735.1302533163043,2922.168178701065,2559.487764694236,2745.8380641289873,1567221,-0.04281148668248484,0.06232580991485181,Energy
2019-01-24,3097.0023664184364,3561.5527213812015,2614.897148150201,3076.3495860590597,2020897,0.11365736069102392,0.059012954289956364,Energy
2019-01-25,2986.5794319598426,3136.361555134054,2825.982767412598,2975.193885755766,1464318,-0.0334344861932171,0.06945302272119054,Energy
2019-01-28,2833.25987893195,3063.105769801309,2589.9074124750164,2818.5608572283313,1901597,-0.054082788187672044,0.06423906616801674,Energy
2019-01-29,3053.2682398648735,3459.445527455912,2664.2141178471697,3068.456131094915,1986072,0.08494812584496277,0.06196828458521307,Energy
2019-01-30,2891.917470259888,3135.708176437967,2682.019906651811,2923.5170885640046,1861534,-0.048387172355743566,0.0652263922674933,Energy
2019-01-31,2838.6873260737357,2958.631128309855,2731.03836914539,2850.532960176185,1514156,-0.025281393490006264,0.062086903336162555,Energy
2019-02-01,2692.9456904954245,2927.3550565031,2455.6857350127916,2689.8233113117217,1561707,-0.05803047243891272,0.057268657931006856,Energy
2019-02-04,2830.51870073761,3113.3113315587043,2575.711814584182,2856.1931948566307,1514912,0.06001417951817509,0.05682332007809339,Energy
2019-02-05,2918.2305359976763,2999.27874746708,2828.761643060316,2909.569305599737,1365257,0.01851537783361939,0.05677470409648933,Energy
2019-02-06,3005.6060533264813,3168.8549691267813,2849.3043765549337,3012.2098714834638,1486030,0.03466892067653804,0.05225051676915158,Energy
2019-02-07,2726.798884879197,3127.661918291527,2346.1236433534923,2744.513609496489,2088270,-0.093070118136605,0.049642555446372076,Energy
2019-02-08,2805.3196629736767,2861.556342863978,2725.680342707482,2781.438285941413,760699,0.013364295136022638,0.058058708928903524,Energy
2019-02-11,2811.075168827402,2825.172858229659,2776.7574477108756,2790.7532214813805,1410188,0.003343368297556041,0.05313606688178305,Energy
2019-02-12,2736.1504051284646,2816.86149593875,2656.2848294175865,2736.9719404100565,1203973,-0.019459353199586044,0.04858425670593534,Energy
2019-02-13,2762.7422933494813,2769.5615278200594,2725.7273747831414,2732.4718932890682,752378,-0.001645523118338796,0.04522326794667226,Energy
2019-02-14,2512.0716969714194,2827.978567047332,2199.1266661514505,2514.705434496808,1348932,-0.08305098170493008,0.04167158903823035,Energy
2019-02-15,2391.896643886697,2562.7389910045636,2242.725631586496,2412.2957831590074,1706241,-0.04157677205143398,0.05023780350194287,Energy
2019-02-18,2453.633033169007,2578.4473425673227,2354.400861850886,2478.2207704856223,1496585,0.0269619702638681,0.04876847051828049,Energy
2019-02-19,2304.2629426399803,2551.371902611284,2069.57606940672,2315.5367984530335,1853411,-0.06789933240413419,0.045953597785487604,Energy
2019-02-20,2429.627565904791,2670.0307961269145,2216.677252869886,2454.86820872336,1449836,0.058431537964434815,0.04980897931782344,Energy
2019-02-21,2316.186178100851,2506.122740428528,2156.8850997694653,2344.8502257170385,1476525,-0.04585154677620491,0.050959633347190295,Energy
2019-02-22,2351.477128928433,2383.3094311575023,2292.3262883004104,2323.783700390799,1492063,-0.00902476769104289,0.04992856933629914,Energy
2019-02-25,2260.750714768141,2383.8492552448356,2118.9225870801247,2240.942568155448,1811807,-0.03630019582214156,0.04589669479992321,Energy
2019-02-26,2382.685115827969,2646.372391312664,2137.885167699094,2399.812731275081,1801109,0.06849413895907895,0.044529326374364936,Energy
2019-02-27,2346.6879051358133,2414.076299339329,2303.807111764293,2370.7557172444444,938708,-0.012181933319061823,0.04888768542941681,Energy
2019-02-28,2416.756442673365,2479.7576517895122,2349.4316948363094,2412.317179019297,883734,0.017378998287047507,0.04510282202063415,Energy
2019-03-01,2356.4019616945443,2454.0604633740186,2249.3275485929407,2346.5789461378777,1129554,-0.027629270746107052,0.0421036350045834,Energy
2019-03-04,2537.485928050046,2851.4475568556322,2230.48192499084,2543.692621640694,2076281,0.08065831345519377,0.04040642714684878,Energy
2019-03-05,2479.5758118970193,2554.527099976635,2447.3355509486273,2521.7386242624525,1084106,-0.008668219457458026,0.048805819460739745,Energy
2019-03-06,2491.003967730302,2538.5245218646396,2442.3715218243733,2489.870452029189,670511,-0.012717912068103887,0.0449096550295352,Energy
2019-03-07,2336.98697760777,2551.601982597592,2142.205647748018,2355.2947510167196,1460450,-0.05556480252167482,0.04168649043759007,Energy
2019-03-08,2232.6344311455127,2408.1447988018936,2066.286181696066,2241.161237419059,1528994,-0.049671738202746556,0.044196469088531705,Energy
2019-03-11,2176.9773624870945,2281.909286295673,2065.6794081893945,2170.2889453293324,1358060,-0.03213382788347678,0.04508607922992595,Energy
2019-03-12,2075.2700366571185,2212.051022791434,1944.794983350518,2081.202958602666,1496335,-0.04191424119975315,0.043371546737791866,Energy
2019-03-13,2161.8247222797495,2289.9754023969926,2035.7038304525336,2163.7426203623436,1476748,0.038893344906709267,0.04322491637291429,Energy
2019-03-14,2302.737215708826,2514.835302560888,2088.853517780703,2300.7704520426946,1586430,0.06140462906641995,0.04268042359280405,Energy
2019-03-15,2258.80532927566,2339.5347436421234,2166.3057240059006,2246.598881485219,1332669,-0.023826581635922044,0.04607465807867316,Energy
2019-03-18,2341.8781444582332,2467.789211854596,2203.388655164026,2328.585017660793,1792845,0.03584333019043301,0.043398792523770775,Energy
2019-03-19,2487.453477320628,2680.3497868825384,2261.977989772955,2452.1354688143983,1652570,0.05169847029519512,0.04242022868736215,Energy
2019-03-20,2544.202406768708,2675.4254481945654,2407.0192324909385,2537.9181489900093,878996,0.03438485373038616,0.044050997901749725,Energy
2019-03-21,2580.8387485899,2701.4076876090207,2483.0838912039894,2602.820233859306,972722,0.02525144391897688,0.04277546093054959,Energy
2019-03-22,2515.1287195696545,2640.471223136909,2398.953426507653,2523.891186509779,1351879,-0.03079373026598799,0.040736192252783826,Energy
2019-03-25,2467.852344781249,2549.0537026105344,2390.8782450511208,2471.951739784983,1268879,-0.020793815560023233,0.03962054973064831,Energy
2019-03-26,2489.666505370353,2531.759520358718,2453.8014432700193,2495.8060151282466,1193103,0.009603712524808988,0.037692012198855346,Energy
2019-03-27,2450.105574371187,2534.941126348324,2354.4079499025715,2438.8539100332364,1501177,-0.02308350923447048,0.035360782245558484,Energy
2019-03-28,2627.238101154193,2962.18862812378,2310.1641337281094,2643.189527924281,1872468,0.0804581224891106,0.03435455132294593,Energy
2019-03-29,2756.1197894768366,2915.878679565217,2588.081240650695,2747.3306680173996,1962820,0.038643431657883025,0.044891141425136984,Energy
2019-04-01,2698.1152326600877,2769.4134052687423,2630.8386548081967,2702.038989876539,1077428,-0.016623104661486844,0.04400191909798868,Energy
2019-04-02,2532.860167882705,2766.3009524481777,2331.4354463864224,2562.517725218945,1824108,-0.053016407840800674,0.041114282782662825,Energy
2019-04-03,2652.985450830723,2835.91503338634,2488.686535830909,2670.5296116418517,1351254,0.04128654756307777,0.04328877826917189,Energy
2019-04-04,2529.489511772033,2732.203064191308,2334.859917502388,2536.9958969766085,1606031,-0.05129614582016256,0.04306763878693334,Energy
2019-04-05,2749.0059744330874,3056.738358874389,2427.5679507439913,2733.5726840677344,1664932,0.07462876576802484,0.04448091045545178,Energy
2019-04-08,3037.3501487593885,3512.911977641182,2581.7476264454804,3054.7060675140715,2085477,0.11107394530489707,0.050182257999870264,Energy
2019-04-09,3371.6282144839624,3869.3773945223757,2873.0363876070674,3370.6396231683857,2171190,0.09841915109939352,0.06296999613476029,Energy
2019-04-10,3805.359018772616,4376.162871588508,3215.1381381334713,3782.5154566276133,2258934,0.11528672750988789,0.06873954994061401,Energy
2019-04-11,3731.851704243863,3824.9186072192306,3627.3733787229653,3720.1484189439084,1130414,-0.01662568796959998,0.07664042674608097,Energy
2019-04-12,3514.039400049347,3801.110299855369,3260.981291130252,3545.7673516082727,1525960,-0.048008968238573035,0.06957345783074534,Energy
2019-04-15,3505.0426566560527,3610.641843844932,3370.5584607037736,3475.2603735373777,1219533,-0.020085192969686458,0.0657122666046534,Energy
2019-04-16,3567.417662630412,3707.1696441172758,3427.472984023934,3567.217108909018,1314010,0.02611636664634685,0.0601248187718788,Energy
2019-04-17,3642.1218098433037,3737.325317664599,3535.0408962183305,3629.925600334539,1052824,0.01742638179828691,0.05562647532337437,Energy
2019-04-18,3446.7792198418483,3723.7858663249767,3164.0532702459914,3440.560106430806,1568967,-0.05357787252294407,0.05119566019604135,Energy
2019-04-19,3132.3534459108114,3566.7167809855796,2718.517862284392,3150.485635833701,2108990,-0.08807766870767592,0.05125802143996149,Energy
2019-04-22,3566.5548315797555,4112.528031203855,3031.571606842792,3576.111331481613,2814152,0.12671937873081454,0.05801343954893994,Energy
2019-04-23,3305.1602058686376,3699.7895154805183,2908.1813565081684,3302.492099754688,1575686,-0.07959862458127902,0.07211877339866055,Energy
2019-04-24,3611.247043165448,4104.145374129672,3122.1243634779617,3614.5723066003893,1418702,0.09029617264082168,0.07218923144421603,Energy
2019-04-25,3707.1762853350087,3901.490937966857,3534.9434775795603,3728.2777700451516,1856126,0.03097286532911381,0.07410828515248771,Energy
2019-04-26,3427.469447592707,3864.4460407425286,2987.8898531604905,3424.4860907342545,1820514,-0.0849949892248216,0.06809939868015179,Energy
2019-04-29,3112.2346526640245,3554.65729267822,2682.233827521616,3123.148552356796,1775860,-0.09210976958829974,0.06995459033886009,Energy
2019-04-30,3239.1985220658853,3510.2577937381293,3007.3495665117766,3275.7897812861966,1393743,0.04771735023848653,0.07271552252183601,Energy
2019-05-01,3087.198396227651,3361.6652567232863,2813.0392829290286,3087.48104294118,1901956,-0.059203432608159384,0.06834895463404156,Energy
2019-05-02,3130.281051199101,3188.6365248262414,3067.8148183357744,3126.092202407638,1330252,0.012428164899077545,0.06605316528782967,Energy
2019-05-03,3081.452148076257,3167.674117129407,2982.464220579816,3068.3187033270583,1056285,-0.0186539689535615,0.06011310512730879,Energy
2019-05-06,3259.8506364446403,3587.875005599043,2945.3293029135643,3272.1654933314953,1442258,0.06432223816530619,0.055163972936107204,Energy
2019-05-07,3473.5891031012725,3827.1471677376603,3137.9233727996116,3489.904792203813,1302318,0.06442245956340921,0.0561698644868012,Energy
2019-05-08,3136.1566664505312,3606.580166418111,2653.450054883382,3121.705946921626,1530086,-0.11149482541905847,0.056978776185544325,Energy
2019-05-09,3053.3141766252747,3144.2879809158862,2985.0339984605625,3075.511413836098,1328017,-0.014908429379772131,0.06754205477157052,Energy
2019-05-10,2835.0361439479475,3168.547868298058,2537.8703829186634,2867.9338059848073,1642546,-0.06987935860210091,0.061505142225657956,Energy
2019-05-13,2898.332028988505,2940.012824381595,2853.9208364600704,2895.5617932046753,1474094,0.009587306302661318,0.0621190367758136,Energy
2019-05-14,3075.3135756037977,3330.602879426195,2806.2789807450686,3060.323959894585,1372657,0.05534163103400498,0.05657567719687554,Energy
2019-05-15,3252.930240727886,3645.9172697396652,2900.5137112106017,3289.5350427336866,1487564,0.07222545078585853,0.055857409705907794,Energy
2019-05-16,3288.677934829026,3300.0130739154583,3270.6729210762446,3281.984991487307,256486,-0.002297810713212331,0.05812501644237174,Energy
2019-05-17,3513.4565932489872,3859.6427493590995,3159.4751014068493,3504.8092187137654,1662144,0.0656876681452485,0.05294908893693877,Energy
2019-05-20,3441.4679812972563,3534.954383085667,3349.4180471104414,3442.867028189137,886926,-0.01783152512959836,0.05468194653956208,Energy
2019-05-21,3825.6947580937194,4399.548971807777,3249.5962779603974,3823.054444659291,1820795,0.10474513326174764,0.05039629664123689,Energy
2019-05-22,3776.874754188307,3865.217085712085,3675.8629586848397,3763.9018497453467,1004899,-0.01559355062468191,0.06146186470832484,Energy
2019-05-23,3708.047569376869,3784.0068003738597,3647.3096564817656,3723.023580045535,1608957,-0.010920016847807985,0.05620073374878854,Energy
2019-05-24,3641.12635479229,3753.787759266444,3547.699425525568,3659.8796431433566,1398077,-0.017105865999176705,0.05142669534702028,Energy
2019-05-27,3617.668232031237,3721.933752077608,3486.754813484613,3590.2295169855893,828989,-0.0192141297209424,0.04753583483215014,Energy
2019-05-28,3637.9919933608326,3699.831038556674,3569.423022712893,3631.1456936456,1040427,0.011332083799468649,0.044306905688521594,Energy
2019-05-29,3992.3857993664087,4614.1490937295175,3394.00268405311,4012.7184923335126,1598418,0.09992072332760055,0.041106495007954214,Energy
2019-05-30,4480.019731935088,5155.605930908728,3808.0167721448247,4483.135592094546,2225301,0.11085377066289177,0.05430854249579717,Energy
2019-05-31,4461.171727950392,4509.656585450461,4402.398790509303,4450.770606657348,714543,-0.007245459333220867,0.0655958687795306,Energy
2019-06-03,3958.3806852995203,4552.137788094448,3352.4658805643544,3944.0775065462994,1911394,-0.12086216291278024,0.05958295815831504,Energy
2019-06-04,3798.85876131363,4010.4121446009603,3592.5552904948554,3803.8382539836894,1763666,-0.03620446451264146,0.07163276126123948,Energy
2019-06-05,3830.079785595768,3856.347085911851,3795.062748289188,3821.2696271281065,910944,0.0045721067247509435,0.06634467933696607,Energy
2019-06-06,4113.076077663104,4534.7535524621335,3672.1026212664965,4091.5758689773106,2249281,0.06834746336430698,0.06020322919117595,Energy
2019-06-07,3766.435699855644,4281.155461525932,3224.821132864078,3735.283669103764,1422591,-0.091106429294238,0.06082967537548183,Energy
2019-06-10,3784.016044384179,3927.286684206619,3669.1870403257903,3811.6200154890817,1009023,0.020230535091380036,0.06561445529638343,Energy
2019-06-11,4574.869452001204,5261.91800880187,3888.639034201023,4575.580877219018,2619033,0.18267935868382842,0.06004662003464819,Energy
2019-06-12,4825.37030432839,5179.210296264717,4452.487542695051,4804.820647054799,1316835,0.04888605704435837,0.089388139456186,Energy
2019-06-13,4719.217638190495,4838.617437185547,4616.688566604242,4735.729628377635,657492,-0.014483908060880252,0.0827687656447315,Energy
2019-06-14,4743.058564076204,4830.159786042891,4686.671606059574,4773.4119771938285,1080032,0.007925541048372392,0.0749132991663656,Energy
2019-06-17,4477.749587326134,4900.972721766085,4071.2717432801264,4493.10129201325,1615817,-0.0605181741585113,0.0678161046044959,Energy
2019-06-18,4417.219453830815,4525.948903828856,4317.356991653771,4425.89041261086,1568354,-0.015071692833137112,0.06579199529961323,Energy
2019-06-19,3983.3160486352967,4586.4262622290535,3385.818641340002,3988.1967497643946,1992620,-0.10413229507603769,0.05997451713129443,Energy
2019-06-20,3950.7854345680475,4000.4921464772005,3913.7849035794998,3963.3737216385416,1216976,-0.00624357385830266,0.06785340371548056,Energy
2019-06-21,3573.032292277303,4115.145113292462,3037.0774484357075,3578.3870550369243,1822894,-0.10218345687006493,0.0615557864769788,Energy
2019-06-24,4182.485828427971,4809.858702692166,3533.414183619923,4156.9578630822625,1608783,0.14987136824076405,0.06853838856966939,Energy
2019-06-25,3939.2279487194996,4250.481925992573,3644.858705694345,3954.938658558831,1251849,-0.04981843258919859,0.08501307322368364,Energy
2019-06-26,3633.9034347562647,4134.003035857278,3111.665908146505,3608.2326883360015,1721020,-0.09174699879984678,0.07908261205217613,Energy
2019-06-27,3500.9559558161636,3715.839180614013,3250.979131306361,3463.567511621711,935947,-0.04091896185114097,0.07978642987070457,Energy
2019-06-28,3713.463478802133,4184.376050830285,3278.008775060888,3745.1998238266297,1490526,0.07817584244052969,0.07378247575851976,Energy
2019-07-01,3254.0934575118945,3799.588020827688,2765.97943888511,3303.9895833284245,1817951,-0.12534427013469218,0.07329258035052541,Energy
2019-07-02,3409.316843428845,3622.6797581575984,3217.841950291264,3430.0409524969455,1474837,0.03744149770192852,0.08218345195895815,Energy
2019-07-03,3412.6598859637,3445.6524365823293,3403.354005522308,3436.282141317479,754200,0.001817913446276363,0.07558819804200147,Energy
2019-07-04,3720.6192218996075,4161.873650769331,3277.937582580028,3718.9999733656496,2310221,0.07906469372490389,0.06834732085447234,Energy
2019-07-05,4031.4981264769913,4507.022473635995,3548.697187249844,4023.2484685463064,2453312,0.07863484528426835,0.06909970248459309,Energy
2019-07-08,3880.052133496109,4074.9233973724513,3722.106780363935,3915.5336956413666,955288,-0.02713801218779986,0.0696227760197735,Energy
2019-07-09,4634.297543204268,5345.0012823276265,3939.1529117236273,4647.827202024024,2976121,0.1714482011357399,0.0639400931214947,Energy
2019-07-10,4319.431889968794,4813.618111947962,3813.7971157957522,4306.504291134029,1705255,-0.0762733363349376,0.08820340842399743,Energy
2019-07-11,4291.867880424559,4383.568240509171,4246.048400136288,4337.264115318532,1083867,0.007117255480184772,0.08483228325017415,Energy
2019-07-12,4312.774970045934,4370.231694904103,4241.640646852282,4298.912692220221,784407,-0.008881632708597135,0.07658205614885093,Energy
2019-07-15,4773.581884018509,5548.354950261137,4057.544601415733,4824.656478487946,3068499,0.11537740763798587,0.06930859664662219,Energy
2019-07-16,4429.9470448261245,4985.249546338214,3909.7541530526846,4461.367108480643,2045609,-0.0782842904606109,0.07706969043851564,Energy
2019-07-17,4558.985067318334,4753.347377919338,4383.604569315005,4577.263715003953,1102327,0.025646131820079257,0.07596745531718894,Energy
2019-07-18,4770.127351202196,5064.03843989925,4475.343477165823,4769.197258245408,1325499,0.041076623614389185,0.06939381835217898,Energy
2019-07-19,5041.127422124007,5500.796687199883,4598.439220730359,5056.737667191,1674949,0.05854354450564925,0.06484978775238896,Energy
2019-07-22,4654.8854902006115,5259.662871758921,4034.701720650373,4637.178562386264,1798688,-0.08661543272925858,0.06307533565282597,Energy
2019-07-23,4640.605255359888,4783.128956808985,4553.840459585776,4695.340778052126,980444,0.0124645803725565,0.06639377495070478,Energy
2019-07-24,4581.260616552503,4738.599881323533,4449.651248038083,4606.271991948363,1415659,-0.01915184189535132,0.06041367019428182,Energy
2019-07-25,4838.260627462735,5191.537366625082,4482.929210514509,4836.044105200643,1790536,0.04867820157752447,0.055451494067089345,Energy
2019-07-26,5108.750403481482,5574.965382430249,4661.817716363286,5126.481511351216,2091579,0.05832250574277715,0.05399379271491559,Energy
2019-07-29,5126.198847056988,5157.498879877785,5107.625383141613,5138.879470980972,1048742,0.002415495310726229,0.05424473175166837,Energy
2019-07-30,4645.973453796767,5344.770627500252,3959.9833042539485,4657.132774958548,2230300,-0.09843507951775825,0.0495466238091738,Energy
2019-07-31,4635.551922522574,4755.935104237124,4458.329899202957,4577.197646835154,1234207,-0.01731303107326482,0.05930694796278375,Energy
2019-08-01,4910.3001273765985,5396.689781868614,4405.318472583261,4889.664017761061,2102173,0.0660366497464146,0.054394966845011,Energy
2019-08-02,4968.236744711882,5026.741792647285,4870.168015397379,4928.201616985296,1678426,0.007850544829970838,0.055867484290197576,Energy
2019-08-05,5344.398561457946,5984.4461450060435,4698.546683797897,5337.804567674773,2221211,0.07984030085429511,0.05105081095194753,Energy
2019-08-06,5147.7407582967135,5407.336898448841,4935.039527787126,5192.7748876143405,1393267,-0.027546224061726906,0.05604568926471368,Energy
2019-08-07,5069.175226967045,5269.465276621075,4857.938494177047,5057.77823300447,865244,-0.02634091223736298,0.052217952824046086,Energy
2019-08-08,4785.360942405246,5182.655406391107,4388.388220522222,4785.6580386927835,1354697,-0.05530376588946086,0.04884105062682324,Energy
2019-08-09,4896.448952830035,5053.330881409545,4732.336446513085,4888.979039521564,1322221,0.021359959716498456,0.04967025829708331,Energy
2019-08-12,4975.6768707716965,5081.3437803424895,4853.382364816828,4958.688497564269,991301,0.014157793644988653,0.04628331048339935,Energy
2019-08-13,4928.775972510762,4971.87473352891,4889.029879296973,4932.101820378468,1061249,-0.005376060024566463,0.04293928657507374,Energy
2019-08-14,5294.081094981607,5843.1130420299905,4737.054037685872,5285.160900333836,1777392,0.06913783364203015,0.03974117724060534,Energy
2019-08-15,5453.628859517228,5764.868404733766,5164.914832444338,5475.021837653496,1146117,0.035293200730500796,0.04561244282958677,Energy
2019-08-16,5266.487299174059,5599.3949527379,4917.281539235449,5249.08943061027,1439610,-0.042141644534875,0.0441728135324927,Energy
2019-08-19,5360.1646694880355,5715.701278630877,5082.090354895343,5433.8065735714745,1381481,0.03458529500975853,0.04390190992333546,Energy
2019-08-20,5793.871534548239,6290.757033614779,5260.104331221772,5753.530130016334,1610777,0.05717368730087354,0.042676967448146225,Energy
2019-08-21,5936.250884329264,6320.852971842461,5595.654295650259,5977.8685407233625,1296809,0.038250471025758584,0.04524802115444184,Energy
2019-08-22,6008.449559186028,6069.573964043657,5953.414430189878,6014.483565825308,994375,0.006106414913867365,0.04424219156832212,Energy
2019-08-23,6078.657790971186,6203.725724666971,5965.040084627599,6089.897926157841,1244867,0.012460832665214031,0.040883865488472775,Energy
2019-08-26,6212.064884034621,6366.215121854447,6037.8421968081375,6191.481669285372,1109020,0.016543102355117707,0.038216269028127255,Energy
2019-08-27,5892.091563519431,6359.679277573835,5406.403788705141,5872.431292596583,1956161,-0.052905685416188335,0.036186153568373965,Energy
2019-08-28,6140.823627996927,6474.593899782797,5758.1616348613215,6089.121771778096,1329450,0.03623512544953102,0.0395904268790153,Energy
2019-08-29,6419.611449619964,6919.078021201675,5914.316973329028,6413.291860392102,1289654,0.05186882679753453,0.0393810762654046,Energy
2019-08-30,6652.022461806409,7087.415150578848,6245.96186633242,6679.667042054274,1459035,0.04069545242873604,0.04176423844942209,Energy
2019-09-02,6667.462002329113,6766.201237781753,6615.849937506355,6714.227169123176,475312,0.005160590821987746,0.0417590621047106,Energy
2019-09-03,6791.90838033293,6878.129834779192,6685.332110593574,6771.291843638442,1999220,0.008463154449681144,0.03871756925398157,Energy
2019-09-04,6647.138121229807,6818.250395903361,6504.816109159677,6675.324876629226,1005693,-0.01427401381611929,0.03619369948810651,Energy
2019-09-05,6850.800962513496,7165.574273579206,6555.784538790835,6869.742183021976,1053616,0.02870870382766874,0.0343300047578165,Energy
2019-09-06,6767.259955034349,6954.778129211188,6557.128183661464,6744.001885669181,1308999,-0.018473077279215863,0.034153591797307106,Energy
2019-09-09,6444.745350237206,6872.132161118114,6045.163484786752,6470.927002155569,1299436,-0.04133412506213267,0.032929659180596586,Energy
2019-09-10,6378.142285363619,6546.88892411337,6189.585097258631,6357.793364191584,1043735,-0.017638013410998576,0.03498237337857457,Energy
2019-09-11,6434.1872998656045,6667.020154579066,6249.280958287481,6480.77497165974,1416152,0.019158735771958497,0.033551126438934764,Energy
2019-09-12,6538.667354451864,6557.730053424516,6474.452489008671,6493.383167375339,771236,0.001943586558676267,0.0324900144923647,Energy
2019-09-13,6685.6099387097875,6944.579980714735,6405.145806262842,6663.249715172721,1284526,0.025823626602912857,0.030741624268699835,Energy
2019-09-16,6660.475825770009,6756.924873970613,6503.670868420952,6599.2330722822635,388644,-0.00965386965572179,0.030920331883427965,Energy
2019-09-17,6313.989386755722,6723.437841416329,5926.523393310029,6334.700861940022,628246,-0.04091084835190942,0.0296451196476674,Energy
2019-09-18,6597.025150308003,6983.227217250935,6201.214189743002,6586.818755432387,1441549,0.039027901025449487,0.032467231512257895,Energy
2019-09-19,6318.230510071733,6696.553797625064,5978.6111917237295,6354.960175864153,1099799,-0.0358348557460431,0.03423117667308975,Energy
2019-09-20,6409.520567968841,6472.619423024957,6333.831484759063,6396.805162350249,779508,0.006563034305711583,0.035071916088095116,Energy
2019-09-23,6590.894088620398,6879.9102276796075,6297.742391451343,6586.568865930038,1325065,0.02923388290704642,0.03302260515717983,Energy
2019-09-24,6659.122574626999,6859.828033043765,6495.520881908506,6695.336631370812,884632,0.016378703639010766,0.03317509529100158,Energy
2019-09-25,6754.376467171299,6827.978075115398,6670.662369803838,6744.15256919166,1048814,0.007264584505747629,0.03194853436368889,Energy
2019-09-26,6423.664330223857,6904.48405992298,5935.635807818205,6415.8722932978335,1624446,-0.049900877441227016,0.030405315433266272,Energy
2019-09-27,6570.001996111647,6682.783994827097,6378.314326315955,6489.718156206739,1285534,0.011444136423113932,0.03482960236189598,Energy
2019-09-30,6623.530971256719,6804.369672067857,6428.483376309553,6608.923250380617,1264916,0.018201641148394575,0.03301705921672702,Energy
2019-10-01,6880.016647621126,7353.343904897142,6430.988826457641,6902.8273326557255,1345845,0.043510342504645305,0.03196554270665409,Energy
2019-10-02,6494.379893496598,7066.160932456977,5980.868962319914,6548.380194849745,1797165,-0.05271336546346361,0.03466135055296422,Energy
2019-10-03,6313.734205316673,6758.393699489294,5807.997574394832,6248.02967326767,1574836,-0.04695155879893094,0.0384438839413642,Energy
2019-10-04,6099.426296811066,6301.364380325482,5937.558914418039,6138.461087490702,765479,-0.017692088240895184,0.04016233435751817,Energy
2019-10-07,5983.091543682699,6202.648273652725,5786.93790930401,6005.75173263679,864756,-0.02185644137834841,0.037912557006678026,Energy
2019-10-08,6079.061347744305,6179.309419609687,5972.008132877451,6072.14210141945,974573,0.010993810407103965,0.03635306297255385,Energy
2019-10-09,5937.414933889005,6125.445145388853,5775.20762643832,5962.551129225622,674103,-0.018213011246679414,0.03428360730843933,Energy
2019-10-10,5858.16640658268,6080.94125964326,5592.220025520045,5813.288248133438,1220165,-0.025352057008856732,0.033015899970531934,Energy
2019-10-11,5751.338093914122,5835.572903288245,5684.154924391606,5768.1928481381065,1044859,-0.00778754073405473,0.032687134164352566,Energy
2019-10-14,5550.59092644652,5872.729762984185,5227.214149924816,5549.2767136881885,1979466,-0.03869123615923403,0.031046028095480942,Energy
2019-10-15,5310.883454145565,5644.496156842437,5016.153008747597,5347.721370678737,1352162,-0.03699703924876607,0.03310039957060574,Energy
2019-10-16,5316.018261604854,5357.215219152417,5287.50203341074,5328.631331824922,1171447,-0.003576138730256465,0.03437770059738166,Energy
2019-10-17,5036.068006273158,5453.189490077127,4643.278376709703,5058.639398063775,1515896,-0.05199686595099971,0.03236324078214786,Energy
2019-10-18,5054.02690387455,5135.741243691374,4923.494197854181,5004.406262972087,966778,-0.010778776524277342,0.03665316621313305,Energy
2019-10-21,5131.211078601329,5425.387401876192,4878.937448981316,5171.1501845073335,1179757,0.03277635964890344,0.034528118660913064,Energy
2019-10-22,5369.820911219049,5618.819134215023,5086.189741899365,5333.503949920255,992083,0.030913287067699326,0.03485536178817851,Energy
2019-10-23,5263.878100651598,5438.462204927109,5043.844268786884,5216.869257006931,1692849,-0.022110960897049104,0.03486060375133152,Energy
2019-10-24,5135.195696756865,5307.064908976554,4931.0064039127565,5101.756441963044,1274243,-0.02231258194999045,0.03384587927495022,Energy
2019-10-25,5219.986059882011,5367.489920816743,5051.871554910093,5198.776074249804,1160360,0.018838346723869227,0.03303199255429287,Energy
2019-10-28,5401.024168651455,5733.177301897327,5078.379090404223,5409.996251528597,979691,0.03982517243302655,0.03203314723499386,Energy
2019-10-29,5501.864556944553,5627.6577569942965,5367.4971749882325,5493.089750137702,1316166,0.015242493249064643,0.034041220179674536,Energy
2019-10-30,5531.251027796012,5585.097167929814,5475.032626389665,5528.855445787546,865330,0.006489929055013701,0.03258671166478802,Energy
2019-10-31,5591.525414322254,5657.096819443295,5506.903815099829,5572.249169118568,1064261,0.007817950709608374,0.030916547326150314,Energy
2019-11-01,5544.153311342342,5583.33634474245,5510.792461521152,5549.940670627427,1125383,-0.004011535269408888,0.029560689637604085,Energy
2019-11-04,5474.722260382474,5573.550314552045,5403.628524188474,5502.101042529433,897787,-0.00865721069949253,0.028310446124412445,Energy
2019-11-05,5451.966173232646,5524.384875004973,5384.619929760115,5456.976737769982,1152229,-0.008235101653562303,0.027430406164964435,Energy
2019-11-06,5781.678077089429,6339.432817329533,5247.753362437684,5803.493498524872,1404316,0.061565138186839306,0.02668546946910642,Energy
2019-11-07,5383.478759033576,6008.7433163288815,4747.2602748028185,5371.085405038821,1259623,-0.07743005161809172,0.03518851177051939,Energy
2019-11-08,5113.213824047734,5480.427043158555,4771.219807145002,5136.852001936,1049581,-0.0445895710827132,0.044608261819266595,Energy
2019-11-11,5320.611018307333,5625.691260574542,5025.683648339225,5330.230663030064,1568967,0.03695407275007974,0.04461112075962719,Energy
2019-11-12,5305.436644244889,5398.510254616361,5175.833410574188,5268.25473638607,961523,-0.011695375468914327,0.04355412954321048,Energy
2019-11-13,4997.627421749279,5383.094325298348,4637.08155492261,5020.8715480204155,1567031,-0.048095604360528045,0.04047328787382167,Energy
2019-11-14,4876.685510690189,5059.625274142187,4760.07989877049,4941.4705968584485,1378367,-0.015940555207573967,0.041921923845101135,Energy
2019-11-15,4973.272222577587,5038.983571600578,4914.756425030361,4980.384095362655,1148782,0.00784403707503697,0.03929469880465334,Energy
2019-11-18,4868.946282008867,5088.105116363758,4615.606494586759,4833.154275121302,1611892,-0.03000770209969252,0.03666726088711731,Energy
2019-11-19,4779.998687594097,4853.54082659824,4718.46061876695,4791.850180741541,523056,-0.008582717674080956,0.03620303501872077,Energy
2019-11-20,4907.198893484342,5039.243779446644,4747.31155163454,4878.586524436599,1019353,0.01793893540605249,0.03405256601277391,Energy
2019-11-21,5057.641993807015,5343.416681287496,4776.958039206829,5062.4650609339515,1257446,0.036997999587406946,0.032801411740485176,Energy
2019-11-22,5198.466360838657,5472.872074371742,4951.933681073444,5225.077390030085,1078523,0.03161607836526625,0.03414782402665703,Energy
2019-11-25,5084.578548346289,5363.026645317668,4761.872174598182,5037.756122912259,529356,-0.03650883999185365,0.03439179510121894,Energy
2019-11-26,4929.978711077409,5075.005800930321,4817.211648947592,4961.517332504376,1558414,-0.015249161472230493,0.03530114397381475,Energy
2019-11-27,4861.134906471079,5007.438042890617,4720.820026443472,4866.955163280272,1264376,-0.019243089350845805,0.03364249026943341,Energy
2019-11-28,4678.745333478481,4944.587672904788,4438.765704821365,4703.346228680785,1720126,-0.03419429947596651,0.03257296723339513,Energy
2019-11-29,4521.389530434166,4811.879695850281,4216.6351433697,4506.145938739714,1756733,-0.04283198980619869,0.03352888415990128,Energy
2019-12-02,4610.996835385678,4826.2469409418345,4418.795053958735,4633.122872241357,1314843,0.0277888980465063,0.03570064090489426,Energy
2019-12-03,4340.725685814202,4758.336029824341,3941.5642881736458,4357.620986055043,1583299,-0.061304864137509525,0.03514913991852483,Energy
2019-12-04,4378.523468059009,4462.58618227502,4315.724732556071,4399.4867815841635,1105190,0.009561630530025305,0.0406461878242893,Energy
2019-12-05,4361.345257669665,4425.547323584339,4345.873795190168,4409.90360493081,450707,0.002364937355401332,0.037886723063321665,Energy
2019-12-06,4551.415770258578,4791.5982568005265,4321.349144861296,4561.044894896872,1638087,0.033698909967115775,0.035343485494298804,Energy
2019-12-09,4594.26450174674,4612.823565060484,4530.4028579858805,4548.778174012979,818049,-0.0026930771772335836,0.03563245786434517,Energy
2019-12-10,4182.127958390449,4689.2036820964395,3733.158709816661,4234.60120681384,1422771,-0.07156950608888588,0.03341893987645102,Energy
2019-12-11,4229.74602431274,4264.484734324678,4176.890159469589,4211.478841950997,1097738,-0.005475302742727134,0.04197367703982746,Energy
2019-12-12,4181.874970991013,4215.363802767237,4179.561062659319,4213.032654316329,1403045,0.0003688789275535491,0.03890923402501865,Energy
2019-12-13,4318.746449417522,4450.577912113748,4168.398864711363,4299.647318806801,1467126,0.02035026664029755,0.036209987637120425,Energy
2019-12-16,4135.402855769765,4401.437193602836,3854.1568998737503,4119.145379004041,1666603,-0.04288729088983373,0.03480015181854833,Energy
2019-12-17,4120.300154542363,4129.828906978933,4103.288144608201,4112.799550882424,975250,-0.0015417570046145877,0.03667067508589925,Energy
2019-12-18,4163.930770348299,4240.1819667233,4087.077238335063,4163.317198796828,1507833,0.012208207513597977,0.03429500373529161,Energy
2019-12-19,3978.769722937556,4229.75399893453,3774.6003646810304,4023.2996034048415,1312649,-0.03420979724452537,0.032607880559263475,Energy
2019-12-20,3597.399727601107,4157.82862531532,3057.7897684609406,3615.503152448105,1737971,-0.10687133226987625,0.03355839140633062,Energy
2019-12-23,3852.6749686539933,4205.961604996564,3490.9859999755577,3843.424364721358,2005698,0.06113270030424228,0.05209755038574397,Energy
2019-12-24,3690.5532831741175,3902.595496701699,3508.3318189258753,3718.970909123788,855838,-0.032916738181060265,0.05321564489818151,Energy
2019-12-25,3848.432360039573,4039.2432336078195,3653.3643344359757,3843.953120808546,1591581,0.033054302932893416,0.05027972391944442,Energy
2019-12-26,3643.1872755201784,3928.5971357373546,3377.3814395702375,3661.458254701444,1312128,-0.0486397973071512,0.04781556808498007,Energy
2019-12-27,3790.7557376889167,4040.9074122116854,3562.512512856146,3811.4199832238596,1347214,0.04014032040515528,0.04779055684278647,Energy
2019-12-30,3516.5224793094844,3951.0871957889503,3076.242753565699,3510.001637658174,2438549,-0.08238531466552688,0.04657077041459764,Energy
2019-12-31,3329.632393929006,3589.895811986386,3077.557309556689,3337.244445235612,1466156,-0.05047105396818609,0.05341507592887997,Energy
2020-01-01,3345.5679205863535,3350.4912967397845,3329.0656545362576,3333.9719659497437,730799,-0.000981074318879453,0.05257979994721683,Energy
2020-01-02,3158.6915217594997,3424.199055947336,2887.314061044545,3152.282911994546,1447847,-0.05603745144865972,0.04808172902480057,Energy
2020-01-03,3012.3916618127946,3200.349459654871,2865.179322394781,3051.238706937935,852473,-0.03257928271948195,0.04919869436825142,Energy
2020-01-06,3088.6447307337635,3142.0880695321794,3033.2312472028893,3086.6398960091688,1223170,0.011535445361439418,0.04685745054321545,Energy
2020-01-07,3151.902617979045,3217.0791968733447,3064.7728754331747,3129.485910726715,1137225,0.013785658334856801,0.04331808527717861,Energy
2020-01-08,3111.9424903965214,3174.190446228916,3026.2607090734336,3088.030352170701,1133670,-0.013335284102987543,0.04036919451789379,Energy
2020-01-09,2910.898342092101,3151.211992516616,2715.121434622497,2952.628462177206,1768270,-0.0448376834140021,0.03782078744731455,Energy
2020-01-10,3031.1095413297517,3170.3971346397607,2900.03847184985,3038.985493668737,1483122,0.028827962762529278,0.03931783626546734,Energy
2020-01-13,2981.4793344657564,3066.063124351731,2898.756116427745,2983.289677098119,1732184,-0.01849713039692191,0.03822788922284547,Energy
2020-01-14,3017.922408293966,3104.433041391307,2945.3307102670733,3031.5144077489376,865376,0.01603568906154189,0.036337567151440195,Energy
2020-01-15,3013.4256716132777,3037.3506269539575,2995.8856691749393,3019.7736752058877,1116570,-0.0038804126045133584,0.034567420033032675,Energy
2020-01-16,2923.4420357473114,3063.4504909361467,2788.424975485473,2928.2130832874404,1854175,-0.030789518795737922,0.032529738125126016,Energy
2020-01-17,2930.309094777315,2946.930535895146,2900.6140969535027,2917.1609585766114,894867,-0.0037814989432242777,0.032996155232729564,Energy
2020-01-20,2782.217862245938,2983.255129189811,2579.0920330684007,2779.966630711234,2023337,-0.04817194456549783,0.031195223484574527,Energy
2020-01-21,2935.774411416483,3117.407771459817,2717.7905502826957,2897.0266243740175,992914,0.04124598478162088,0.03502276418395969,Energy
2020-01-22,3048.907960636953,3302.2018890249733,2803.827014853509,3056.5098769624324,1279410,0.0535887928721958,0.03655762434785738,Energy
2020-01-23,3191.228159028205,3403.218363518981,2981.532657919582,3193.3813746782876,1135450,0.04380664552096869,0.03999914657329715,Energy
2020-01-24,3063.017841433203,3260.6955946752546,2861.489019611502,3058.901090400171,1639646,-0.043024616783286965,0.04083869133608052,Energy
2020-01-27,2861.3358374185814,3144.81833649659,2586.260861908547,2869.005989679829,1714773,-0.06409010595978588,0.04137519323746092,Energy
2020-01-28,3009.7401153688547,3186.0246717864347,2808.516680805962,2983.2496550723727,889538,0.039047569925258076,0.045668988872540985,Energy
2020-01-29,2921.527540829949,3027.310828169589,2806.657832756478,2912.099756900869,509089,-0.024138807721020478,0.044690403256990266,Energy
2020-01-30,2685.8119722905994,3001.186199191217,2400.550394543616,2713.03341674565,1114869,-0.0708070360571313,0.04225148542177878,Energy
2020-01-31,2623.1860287059476,2749.8265814737433,2510.0657838551274,2636.1474004552847,1142059,-0.028748817560764514,0.04775139651944026,Energy
2020-02-03,2575.346057103667,2663.740954990334,2490.8227696919007,2579.094638511147,1576010,-0.02188011126469084,0.04525627992131885,Energy
2020-02-04,2535.924968085127,2591.555791450592,2498.4323971819863,2553.798961170106,1066164,-0.009856382812317294,0.042547803564892774,Energy
2020-02-05,2510.524013506873,2569.1439227303767,2464.1344647828655,2522.532481130253,1348248,-0.012318689504509045,0.039532577867864925,Energy
2020-02-06,2382.1907099974133,2581.9677113069197,2194.7261015881727,2393.604874292039,1590616,-0.052462804544433875,0.03705431536230724,Energy
2020-02-07,2454.0288330220665,2528.8049789554757,2368.293697483182,2442.725419719827,871355,0.02031384606602859,0.04014062416898341,Energy
2020-02-10,2263.699953122278,2518.79615073217,2018.1629043152461,2272.323707945073,1659034,-0.07231142344884457,0.03809086003544165,Energy
2020-02-11,2409.6258925175935,2608.747326324575,2202.609442768266,2401.0196964244124,1425773,0.05509055283237034,0.04522247437692238,Energy
2020-02-12,2415.503714964141,2454.072274161935,2383.704316112853,2422.184919213778,1028527,0.008776471384771454,0.046811356557181175,Energy
2020-02-13,2511.7965764196597,2658.561282730892,2369.121901951234,2515.6667739125774,808345,0.0378678952501786,0.04318097323676246,Energy
2020-02-14,2492.3494803465205,2529.707711034411,2453.3206577763417,2490.6534666396406,554980,-0.009992774818159857,0.04250616171028586,Energy
2020-02-17,2581.410416869426,2718.736459366774,2443.289118587904,2580.5704779594316,1272548,0.03546537753158166,0.03950186525922219,Energy
2020-02-18,2518.4440933328137,2633.988884191249,2388.0066103972636,2502.835277617227,1228396,-0.030586289676318164,0.03920442370045552,Energy
2020-02-19,2508.1774534234496,2538.459615957543,2452.795602815634,2482.7710240452834,931118,-0.008048915489814052,0.03833950492080483,Energy
2020-02-20,2577.7534934245923,2703.6603148599224,2439.665413360212,2564.9467048337433,1595342,0.032562415751156086,0.03585598787012094,Energy
2020-02-21,2462.8994592840827,2622.7693186131764,2296.875487898289,2456.318146018671,1415742,-0.043274160387520084,0.035882699603659675,Energy
2020-02-24,2499.823195225661,2593.6597247940012,2417.4220515824736,2510.8936675125797,1038271,0.02197519243242561,0.037562646981594686,Energy
2020-02-25,2506.355268611389,2515.5607545973344,2495.5534837619325,2504.7530851562046,947319,-0.002448571730494105,0.03607212664894383,Energy
2020-02-26,2655.733493127869,2874.034911178957,2428.3557056392774,2645.8442254195897,1612421,0.054800031357558364,0.03379138917401683,Energy
2020-02-27,2563.2391481018217,2686.3235673427685,2439.436727735904,2562.484930113044,1498499,-0.0320127287205059,0.03826150678379377,Energy
2020-02-28,2596.8008358789534,2636.88822408057,2549.0260082761192,2588.9928630766094,1036858,0.01029148061664825,0.03774753688802678,Energy
2020-03-02,2640.8892364532066,2701.0269932861447,2568.738874383966,2628.596708435367,1392196,0.015181188720534883,0.035437105114311765,Energy
2020-03-03,2425.88616677437,2708.4531078247164,2170.3309163196973,2450.323503400933,1670551,-0.07023007480862876,0.033752051919127814,Energy
2020-03-04,2315.472384337883,2506.3069811367527,2139.4392393713506,2329.2280644127545,1590596,-0.05068314818673437,0.041847345413359716,Energy
2020-03-05,2247.3558631332935,2351.4562186288754,2180.3850133699616,2283.410933464386,1199492,-0.019866561370172495,0.0434312961012425,Energy
2020-03-06,2180.7832722270964,2327.0782574704353,2044.6018009250704,2190.302356230531,1551388,-0.041630751982964495,0.04084389824598365,Energy
2020-03-09,2267.0284463618814,2356.947288494929,2159.7885044548725,2248.9919516288787,1301436,0.026442497822012745,0.041164877574732056,Energy
2020-03-10,2115.5701074345297,2310.6450785544944,1919.8902400328197,2114.903768599528,1401339,-0.0614727823434553,0.03950339947718696,Energy
2020-03-11,2134.7120252095524,2163.168610802337,2105.338358582517,2133.782553942637,706773,0.00888693970794212,0.04376357276960196,Energy
2020-03-12,2134.500741449638,2147.418586492363,2112.329395999185,2125.1908985418963,1775105,-0.004034618741477277,0.04054684816177562,Energy
2020-03-13,2191.0738041941813,2319.2121679591214,2074.4190669159707,2201.9769380420516,1653252,0.03549393210912035,0.0376520814689126,Energy
2020-03-16,2247.181372269388,2302.9762810956863,2183.1435860565443,2238.728622913695,1389810,0.016552560618031082,0.0377242133600998,Energy
2020-03-17,2104.480210640893,2290.5101811788677,1942.271342221395,2126.5966263712635,1833812,-0.05138525183853655,0.035771372749206935,Energy
2020-03-18,1973.7765416228908,2195.5310195453903,1751.4508385346446,1973.1330161471017,1898744,-0.07490023085057267,0.03898383642827675,Energy
2020-03-19,1951.352578689837,1974.7839392708306,1950.3732212364275,1973.7933191134725,1302195,0.0003345909786215661,0.04644672528126898,Energy
2020-03-20,1958.2985013396428,1996.2681871216867,1910.665476521512,1948.4440940115876,1429554,-0.012926080389368363,0.04273002953604623,Energy
2020-03-23,1842.3522585977541,2017.94976538014,1654.2130816199801,1828.4892866242858,1590760,-0.06354105409282082,0.03982143734794073,Energy
2020-03-24,1785.727748263068,1846.6849947665562,1730.1375569136687,1790.9327696822002,868938,-0.020753514975792673,0.04443216550258149,Energy
2020-03-25,1667.705239752138,1854.6760230971297,1475.6292241821354,1661.9553752204108,1027532,-0.07474173848322674,0.041760988045981405,Energy
2020-03-26,1700.361317256028,1751.95107165033,1644.4591705477808,1695.9139909916557,1605468,0.02022697720017738,0.048302517727190374,Energy
2020-03-27,1581.7423067210264,1765.3981200073579,1387.3463518892445,1569.5913158185424,1905824,-0.07740654614680469,0.04503194606084559,Energy
2020-03-30,1464.4961408801998,1612.0020022312433,1329.8561754446334,1476.2787870494446,2154442,-0.06129068862079501,0.051196356713912136,Energy
2020-03-31,1448.8996112104633,1496.7480837891496,1396.441160154452,1444.1321934915018,1742228,-0.02201600543772305,0.05253889825038394,Energy
2020-04-01,1510.9972316557387,1605.8027056584212,1411.3394764574143,1505.8201195773713,1106822,0.041829096712416594,0.04879522863771042,Energy
2020-04-02,1495.566766138937,1536.5235891414068,1438.0862412120819,1478.5778134865088,1120533,-0.01825699078537606,0.04761544360826278,Energy
2020-04-03,1531.065829080478,1641.6244026728657,1433.1695875685227,1542.9671890414065,1496353,0.04262661981501224,0.044314580364592404,Energy
2020-04-06,1558.0509375057102,1592.5946795902844,1528.2883513751353,1562.7424736373775,973499,0.012734964954877968,0.04408605146574111,Energy
2020-04-07,1559.9020655360591,1563.6781551714073,1557.093384787793,1560.8677356863188,729189,-0.0012003662752597109,0.0409779312183067,Energy
2020-04-08,1452.125451663212,1607.5832213496203,1301.8117210948194,1456.78696406908,2036423,-0.06900860638279277,0.03799432601619664,Energy
2020-04-09,1371.6030847740124,1495.2469799122746,1248.8124594020685,1372.3862434795667,1902797,-0.05968229280274387,0.04437547983711628,Energy
2020-04-10,1437.5729379402783,1508.758467925162,1348.20895156297,1418.4474272607108,1255772,0.03301190411800438,0.0470068397124112,Energy
2020-04-13,1359.2308176018746,1449.029241961334,1267.6566879189647,1357.3295005947916,1058491,-0.04404374552459161,0.04506863938286913,Energy
2020-04-14,1391.5994951125765,1430.3660038049857,1344.2522983728295,1382.7729206024508,336555,0.01857167900609376,0.044899037101409314,Energy
2020-04-15,1435.2840693118283,1505.5198022623915,1358.7175553103716,1428.6275510431274,1745332,0.032623383041861964,0.0420056533727639,Energy
2020-04-16,1521.85111063652,1643.3456701754203,1386.4353463144457,1506.7221058526554,1226080,0.053222271521723596,0.04088059075383623,Energy
2020-04-17,1474.648325964959,1521.9579207716145,1427.9676715039511,1475.2579678240006,1193479,-0.021103632479272286,0.04314938803964574,Energy
2020-04-20,1591.5597799806035,1769.7763593558623,1411.604501524445,1589.601838324632,2197849,0.07465070078504189,0.040697668804610516,Energy
2020-04-21,1645.469755584073,1752.7752436242083,1547.3057493601166,1654.0965854718738,1724220,0.03977142125759801,0.04754944022865561,Energy
2020-04-22,1681.3166230007625,1736.7556736430322,1631.6932370494083,1686.965561535931,1049238,0.019676399345804722,0.04632520162043757,Energy
2020-04-23,1688.819327837413,1688.8999938276395,1686.9387006768097,1687.0192806882797,1732940,3.18431497858977e-05,0.04330004096789853,Energy
2020-04-24,1786.865729104967,1933.268787880526,1635.74830100652,1781.7306259845036,1441979,0.054621921274741976,0.03999893736532611,Energy
2020-04-27,1887.1024859813624,2053.833982360006,1722.0900991206368,1888.6833603699602,1416001,0.05829479783125938,0.04274886121109943,Energy
2020-04-28,1802.0335347474042,1926.0096225844934,1685.3717349466212,1808.903094539881,787557,-0.04315931512973976,0.04551609194564911,Energy
2020-04-29,1859.5128697967089,1935.9068647347544,1782.752685137929,1859.1309914440683,1238005,0.02738853319378465,0.045130706544148566,Energy
2020-04-30,1846.6314628977102,1862.0442762534394,1837.895365243515,1853.2767409253202,1175754,-0.0031538859917710793,0.04291787857193433,Energy
2020-05-01,1917.2041421907138,2051.707664547907,1798.0633993233937,1931.6680891820442,1201982,0.041428640885778835,0.03968686798450595,Energy
2020-05-04,2004.069045371704,2154.836653409157,1870.029624084114,2019.7485311290275,1533851,0.04458908958156815,0.04021800386869178,Energy
2020-05-05,1967.250153476599,2045.3532806239664,1888.8986652241988,1966.9915243624093,1248719,-0.026467783641831354,0.04113658110007019,Energy
2020-05-06,1951.1199809301925,1987.9081514453137,1905.7971614114379,1942.4213195431653,1201994,-0.01256993278208771,0.03948235275814678,Energy
2020-05-07,1960.8758401562127,1996.5911481611663,1928.3542803947903,1964.017483548815,760426,0.01105681420360661,0.03702411950306075,Energy
2020-05-08,1867.8143553895432,2012.5283750292233,1720.6403642808255,1865.1477840190971,2077980,-0.05165182118594417,0.03485636686505782,Energy
2020-05-11,1824.9166351344109,1880.8516171695835,1777.172717217505,1832.8988661610222,1267318,-0.01744149732567172,0.038368732629563265,Energy
2020-05-12,1725.849862835964,1875.3062363375145,1592.7806776772607,1741.0639878320358,1301314,-0.05140237978755981,0.03637799594842111,Energy
2020-05-13,1653.3259568325318,1787.1894119276533,1516.0172074566688,1649.5771348268793,1953282,-0.053977440460512324,0.03943371106746554,Energy
2020-05-14,1766.907336513063,1993.597786525039,1559.301851317605,1783.9856577985233,1702530,0.0783310216313366,0.042202472281160336,Energy
2020-05-15,1697.7832263330704,1819.9190764450616,1585.5498777869725,1707.0717053948897,1202322,-0.04407054516946124,0.04944897648875074,Energy
2020-05-18,1742.859221828919,1791.2810831862157,1690.6705078351854,1738.9847240116273,1804037,0.01852200137598561,0.048450933565392186,Energy
2020-05-19,1733.287668999464,1754.1859766998327,1704.263613720552,1725.0627533362376,766109,-0.008038022414145212,0.045049462271288435,Energy
2020-05-20,1799.4519898895176,1884.413409611383,1696.1721377503782,1780.2257892684802,1110019,0.03147677559584195,0.04163237575968176,Energy
2020-05-21,1771.0694710193493,1791.360094665683,1746.4402251457934,1766.6805663987295,1170719,-0.00763780453123817,0.040437876791480025,Energy
2020-05-22,1796.7922289670955,1828.9376241036052,1755.8919345990257,1787.8778475718618,1326278,0.011926956872837322,0.03764210291988142,Energy
2020-05-25,1756.4735555284951,1811.8899324592553,1695.4326370692495,1750.6657798810588,1740638,-0.021033195274071464,0.0354242879225784,Energy
2020-05-26,1730.1339017876574,1774.7849472961232,1676.3925671942768,1720.8027968972876,1884655,-0.017205236913486008,0.0342091133380123,Energy
2020-05-27,1721.9314087662535,1728.7986294302973,1717.1378857256834,1723.9993496434417,1376047,0.0018558706872862044,0.03287269041143049,Energy
2020-05-28,1683.7154822555547,1749.7584843885218,1613.6238925649698,1679.5016072989183,1676067,-0.026149707924323837,0.03106457239863109,Energy
2020-05-29,1692.8276767032555,1701.048118664555,1676.7653953200354,1684.9475711594116,1390056,0.003237361201193962,0.031218219204928246,Energy
2020-06-01,1655.19166772557,1700.427565940301,1609.3084273648544,1654.5261368169,1312251,-0.01821980261532313,0.029685583106848518,Energy
2020-06-02,1623.3363520226128,1666.006299192339,1588.5600018848208,1631.064393061959,1412669,-0.014281842081776802,0.029236642362215404,Energy
2020-06-03,1611.6988280394762,1633.3577968575298,1604.8616963304214,1626.4580537175245,1364371,-0.0028281262769056575,0.028538056298216815,Energy
2020-06-04,1595.5352058210772,1636.1760862863393,1566.2224706961038,1606.658988085013,828191,-0.012247817124531917,0.027436039629652683,Energy
2020-06-05,1663.2271531527372,1765.0466681383145,1567.8192497206812,1669.2909276643143,1234978,0.03824208186725226,0.026920073738667484,Energy
2020-06-08,1621.0216673332882,1684.9711912434561,1573.5050047735808,1636.986553382438,1329159,-0.019541857877765106,0.02998534341820149,Energy
2020-06-09,1657.0508514267783,1675.7065220206146,1630.7506713423413,1649.3192973375503,1051887,0.007505571551117673,0.029607081708996567,Energy
2020-06-10,1575.2098404341568,1682.9068813602375,1469.8126923853083,1577.3654984297425,1728304,-0.04460660641031345,0.028455464686153016,Energy
2020-06-11,1546.6405297450624,1593.2923304823203,1499.3318720175369,1545.9632435603414,1321742,-0.02010887461783497,0.03234552792459282,Energy
2020-06-12,1581.1993409905108,1666.2671412145933,1509.1474832515185,1593.648023740967,1241871,0.03037856807852233,0.03158546449137423,Energy
2020-06-15,1675.0359281337046,1810.1339183310104,1544.1019474015443,1678.8980442326308,1500535,0.05211190937579655,0.03219537021815252,Energy
2020-06-16,1616.1559158022546,1707.672248071148,1526.5804559658263,1617.994864483357,1630432,-0.03695000750880042,0.036559282755625915,Energy
2020-06-17,1558.0784288815335,1648.39535890913,1466.4261191657663,1556.6608782180706,1422303,-0.038644580124433746,0.03706832047341377,Energy
2020-06-18,1570.714380210128,1585.7845108161425,1551.6185213128713,1566.649653123918,819846,0.00639629576447821,0.03772610292787783,Energy
2020-06-19,1619.7508348483664,1693.5835912956816,1541.3728990963648,1614.9885786355949,1296932,0.030388524316551084,0.03528092917747303,Energy
2020-06-22,1531.0949397393158,1652.1460346430983,1413.7784664439123,1534.563770518583,1031122,-0.051081732534660355,0.035132812759887826,Energy
2020-06-23,1641.8786388614737,1810.4962445632189,1474.169074418354,1642.7025243968785,1778087,0.06809661423754375,0.03845585957625257,Energy
2020-06-24,1671.9755313641451,1772.4823063252836,1594.654335655867,1694.1362777894608,1350642,0.030830274031260346,0.044482073233959,Energy
2020-06-25,1635.4818467871016,1719.0928176323434,1558.4549542476245,1641.7697799810296,1799651,-0.03139824620729605,0.04272586735081483,Energy
2020-06-26,1758.654620771219,1962.9633263023125,1564.09501549543,1767.4326134684422,1980957,0.07375319860150405,0.04133131104184377,Energy
2020-06-29,1687.7629919571268,1801.5825860392351,1581.172743920599,1694.5628920213003,981330,-0.04210316596365459,0.04777606056952628,Energy
2020-06-30,1829.2784396502277,2031.2672102863366,1622.604153931002,1824.0113308598216,1432720,0.07361327696499857,0.04681819153340816,Energy
2020-07-01,2047.3958886231046,2364.407141531762,1740.2865053296389,2056.0062100276195,2060577,0.1197272643027613,0.05163711483609393,Energy
2020-07-02,1845.955628029648,2122.848972234095,1558.5194100682281,1833.552247139092,1425677,-0.11451016405758836,0.0662065402773038,Energy
2020-07-03,1647.3583007710172,1894.4620458866696,1392.9199033671277,1638.729298078974,2271018,-0.11233408070743722,0.07465608770399484,Energy
2020-07-06,1690.5162557310437,1751.1466989017194,1618.1882408567333,1678.3835437550372,1013170,0.023910030625312037,0.0803222696284848,Energy
2020-07-07,1723.0922598422276,1767.4550407778127,1663.4802018447583,1707.4399992465328,1426844,0.017164018421798384,0.07312377884992209,Energy
2020-07-08,1761.1190971612095,1808.3362495890747,1691.6294645773496,1738.2330211727904,1309144,0.017873919866814792,0.06649706877668689,Energy
2020-07-09,1651.4005783969856,1806.533772016241,1479.334030876424,1632.7115721997598,1251864,-0.06262691828526273,0.060707575115663596,Energy
2020-07-10,1679.5196481991784,1742.6223548733021,1611.224096757279,1674.1240818737606,987679,0.025047918409998562,0.060304621508019574,Energy
2020-07-13,1823.9587334606179,2061.6890972307874,1587.6066869786764,1825.1789347427823,1642891,0.086387936359177,0.05570841617459151,Energy
2020-07-14,1751.8887133180572,1858.2141388106304,1648.8671503051605,1755.0090795494357,1616434,-0.0392039982257302,0.06084548823376121,Energy
2020-07-15,1978.9031810353858,2275.7386581906935,1675.8327739274969,1971.567969326467,1473046,0.11635511924983079,0.05737840858943613,Energy
2020-07-16,1882.6320450660494,2008.9849779159067,1766.046679484411,1891.830011752189,1903130,-0.04128452889034871,0.06902610002130624,Energy
2020-07-17,1701.7107572411153,1963.5893746078314,1446.454143654948,1707.4690213981144,2017954,-0.10253245116396176,0.06455496755615175,Energy
2020-07-20,1727.4721590595543,1809.4058363119068,1666.744447667342,1747.9579650562323,1294785,0.023436059861122033,0.070787079330865,Energy
2020-07-21,1778.4882957985967,1804.7545397057986,1739.1824228317064,1765.2531994595347,1317300,0.009845906387370913,0.06473820985652487,Energy
2020-07-22,1728.5394713742164,1782.644171166212,1675.2904921234708,1729.3696185959573,774190,-0.020537176089056614,0.05888437766700344,Energy
2020-07-23,1716.3219558690805,1751.7050475156757,1670.5987167088365,1705.764152380606,1186855,-0.013743766246031852,0.0541955928728635,Energy
2020-07-24,1636.2557333450286,1733.6583352805665,1550.0500785508596,1646.8922962788536,1118387,-0.035123138369060516,0.04978015162759926,Energy
2020-07-27,1619.7710081299522,1655.5620756923477,1593.6310480289314,1629.2688390357655,1178991,-0.01075870600219377,0.04761823205650588,Energy
2020-07-28,1621.3288934884795,1630.0958914589748,1618.854796816175,1627.612206649282,890944,-0.0010173122727663002,0.0439472329342365,Energy
2020-07-29,1625.3591401506517,1628.717541894222,1622.0386873804932,1625.3970117560075,353564,-0.0013619360333498001,0.04056159100306448,Energy
2020-07-30,1631.229705140964,1651.9405251673147,1615.329353703661,1635.9937365098065,1168865,0.006498308765545278,0.037636051363337066,Energy
2020-07-31,1679.3456275056324,1734.068375912191,1617.4417783859822,1671.92264323134,1411734,0.021723837948252726,0.03520670521791057,Energy
2020-08-03,1696.4052720312625,1735.4030520971603,1658.220850002431,1697.2007251962693,996897,0.015006014053512812,0.03409396492226994,Energy
2020-08-04,1749.887973864239,1841.3545564751814,1663.0444663643077,1754.292462827983,1463267,0.0330853589094456,0.03261434996995819,Energy
2020-08-05,1779.105892615942,1810.2398799171315,1743.8188055265075,1774.8788199247717,791337,0.011666529586728154,0.033393903714530805,Energy
2020-08-06,1721.3759036221459,1794.3409113183995,1662.0606983036062,1734.5710281354475,1268062,-0.022972013334886195,0.03182040903454863,Energy
2020-08-07,1759.0581372267727,1778.506802514935,1728.0837404160675,1747.403549142916,1057095,0.007370863182052679,0.03145135536665337,Energy
2020-08-10,1739.2286532939995,1750.6791377928873,1729.3735673065814,1740.8150626477968,1586886,-0.0037775696211662796,0.029991659626084275,Energy
2020-08-11,1778.4121698306726,1837.3332777084104,1720.274350182559,1779.1706622910078,1259960,0.021793905310356798,0.02866601162592956,Energy
2020-08-12,1668.5017573602386,1831.5759914172581,1504.0180676641517,1666.93962356482,1196354,-0.06515795117292207,0.02878607865500028,Energy
2020-08-13,1734.6160679736913,1865.8569637879273,1614.919515860648,1745.4152201022914,1233038,0.046003091336466156,0.0374131587763373,Energy
2020-08-14,1765.9687053922978,1797.7459633556484,1734.5012027242735,1766.2730378383799,917651,0.011879222461847666,0.03920762963474618,Energy
2020-08-17,1786.6392018898077,1871.7439862256088,1723.817786713464,1808.1656623740673,1264919,0.02344118689805775,0.03675538009876991,Energy
2020-08-18,1792.0119817348527,1833.8786763464993,1738.6298961511802,1780.2211214285342,1484864,-0.015575303081443078,0.03554138094450598,Energy
2020-08-19,1852.6037091138141,1930.5404559995432,1753.8338142796997,1830.85564709251,1087863,0.028045842185000485,0.033866507311292315,Energy
2020-08-20,1735.117087952384,1894.2341980426693,1564.3376860050396,1722.2773403825133,1832196,-0.06113597412535805,0.033697739442765974,Energy
2020-08-21,1528.5444846929793,1783.5357670586004,1299.2628119890323,1550.9006670074787,1700961,-0.10481161250907284,0.03961150356500626,Energy
2020-08-24,1500.2288645774277,1577.7496234102196,1420.9588956259977,1498.3843432032993,1702141,-0.034448414577788425,0.05480034752861709,Energy
2020-08-25,1599.952904335505,1747.4609122490185,1446.4683722194432,1593.3694137815742,1265630,0.061463479128583694,0.05177322147060433,Energy
2020-08-26,1680.5868202422955,1808.0179798349232,1548.9029509711256,1675.985190143555,1636396,0.050550263379333764,0.05301921405626334,Energy
2020-08-27,1663.2906861264987,1677.0132991398686,1660.2221784523629,1673.925172523961,999550,-0.0012298943292475156,0.052269771536454034,Energy
2020-08-28,1571.5420796131689,1730.7991374896517,1406.0216235116336,1564.572386016943,1476066,-0.06755872037724192,0.04781140145600887,Energy
2020-08-31,1623.300995925691,1729.6256023154867,1523.8620788233,1629.7892337573858,1583653,0.040838151130308684,0.05112114232097785,Energy
2020-09-01,1644.4222244815066,1654.477490943467,1626.4401557821718,1636.446653448179,815176,0.0040765144589029545,0.049405061905867784,Energy
2020-09-02,1559.369325728627,1688.0756678313062,1420.997033328787,1548.8338001926206,1574933,-0.05502495570018992,0.04533410205417274,Energy
2020-09-03,1470.658830713433,1586.4572694360636,1353.910972971634,1469.6282658870928,2059074,-0.05249277231142066,0.04688610145573738,Energy
2020-09-04,1440.3164248295493,1480.8361708184075,1406.3020803383745,1446.6717399475679,1088425,-0.015743922147848057,0.047665174703497695,Energy
2020-09-07,1539.7942014994455,1690.023884548408,1392.15931663519,1542.1619781551644,1435169,0.063919747509327,0.0442126199891116,Energy
2020-09-08,1579.2083132425091,1628.2535046496419,1525.5279596529335,1574.42458362095,1200797,0.020704547967004442,0.04771440800523139,Energy
2020-09-09,1553.9443603444884,1594.1530675817894,1507.4564834191249,1547.498399780382,879296,-0.017250170282110268,0.044560448056650534,Energy
2020-09-10,1517.3275804394177,1559.2292873610545,1481.7168149008462,1523.47426288317,1488180,-0.015646265621938032,0.041631023059994936,Energy
2020-09-11,1404.257413480537,1582.8632942318054,1221.6040568064464,1399.6201263571318,1758734,-0.0847925644005599,0.0390286370374921,Energy
2020-09-14,1452.4805493659571,1528.5902830770376,1373.430265984735,1449.3773949313047,1328938,0.03493321992931523,0.04895972277134446,Energy
2020-09-15,1351.7615308657219,1503.6585403950444,1193.6562001548496,1344.7672664339918,1911482,-0.07491311944252062,0.046911544861281324,Energy
2020-09-16,1397.994842124944,1474.4860952097927,1318.4131161970122,1394.725486574048,922527,0.03647665011819476,0.05198413943414869,Energy
2020-09-17,1462.2561074246908,1556.4757023887028,1362.1302927312747,1455.9431137345014,1954274,0.04295626668297331,0.049613128330553695,Energy
2020-09-18,1399.0393379019552,1480.406658452257,1323.1414860498462,1404.2273566998751,1514196,-0.03616665130895118,0.04843507127377847,Energy
2020-09-21,1463.6098562948569,1558.593622771245,1370.308132601861,1465.1910985620007,1287349,0.04249844920156991,0.04661511453887343,Energy
2020-09-22,1560.5565995645786,1686.244186565278,1421.4964795363794,1546.0126973085312,1472051,0.05369348647175765,0.045927038337547896,Energy
2020-09-23,1374.4392184117683,1585.264232468522,1168.273335650003,1378.4906369291498,1495905,-0.11469000389646204,0.047115632796247135,Energy
2020-09-24,1242.2303416452446,1428.5648928920311,1055.6510239206034,1241.9423810830629,2255542,-0.104312568849333,0.062040114700878904,Energy
2020-09-25,1169.407317077198,1274.7382913233344,1064.6890408130014,1169.969658424851,1963631,-0.05969877488933343,0.06936387726093889,Energy
2020-09-28,1215.1121201834349,1293.6997845866852,1140.4995357385822,1218.8572355703182,962126,0.04093591211626309,0.06696020858263191,Energy
2020-09-29,1257.4334479219472,1302.746621834984,1203.5028051468082,1248.4938287966972,1531985,0.02402416021190988,0.06275585998026176,Energy
2020-09-30,1152.2000851786456,1293.713526206087,1009.0552227513751,1150.3402368401687,2205542,-0.08188013109169896,0.05776861094550312,Energy
2020-10-01,1089.9089613473955,1173.079950595109,1019.3309309510166,1101.7360467000067,1828072,-0.043170596749736535,0.061444473377167075,Energy
2020-10-02,1219.9986633236808,1410.6133164701766,1036.9988638251286,1226.620275191458,1744095,0.1073754836702458,0.05830860751584769,Energy
2020-10-05,1250.6807184431323,1286.5104467779017,1214.4543495897635,1250.2723797638996,1968282,0.019098787727572283,0.06744878903555362,Energy
2020-10-06,1163.4585823348195,1297.0697508600206,1025.1256730319556,1158.1242485707423,2138444,-0.07655976216306794,0.061596963137719105,Energy
2020-10-07,1120.636986587364,1185.9580945767689,1049.0500387442928,1113.9833087318007,1824414,-0.03885951101692918,0.06336054191372932,Energy
2020-10-08,1137.4283152295793,1172.727479779918,1101.9768103890087,1137.2710957607417,1575315,0.020689458888793838,0.059482399554426066,Energy
2020-10-09,1147.8845127548561,1151.2885222791733,1136.1424670754925,1139.5216769161052,208576,0.0019769756083141904,0.05472415135722593,Energy
2020-10-12,1120.5937431074406,1159.2697720487138,1075.166786645359,1113.601485710287,1281353,-0.02300924795696448,0.049963711414367916,Energy
2020-10-13,1061.638997494095,1147.9009084942295,969.1704908605896,1054.8834933333933,1845071,-0.05416901677735918,0.04665310054401907,Energy
2020-10-14,1046.6169529226788,1056.2418907160284,1042.5526841633239,1052.1561120515096,1168264,-0.0025888291783066303,0.047763498501367706,Energy
2020-10-15,1057.418387169641,1058.4487085159742,1051.8139366107944,1052.8397966960426,1165157,0.0006495828953703139,0.04388720470421068,Energy
2020-10-16,1024.2981961834312,1061.2438903899356,998.9403901784887,1035.6061417938874,1058248,-0.016504182147624915,0.04050842730951335,Energy
2020-10-19,1105.5269600501506,1206.415167276182,1000.1315104300926,1100.5670896807565,1602389,0.06083868349470474,0.03812616359832705,Energy
2020-10-20,1159.3784311256675,1242.2212399228906,1071.7855755091489,1154.262853234044,1378020,0.04763633488034274,0.04263901138612911,Energy
2020-10-21,1041.9072371071604,1199.725814878587,891.3687574819297,1048.2682704346626,2093012,-0.0963223815351026,0.04352988965887672,Energy
2020-10-22,1064.061888311072,1077.9833248506843,1043.6165132716633,1057.4514636696742,1014734,0.008722197265993725,0.05484141876957841,Energy
2020-10-23,1041.752542911701,1065.0471102716217,1018.6251945652419,1041.916130217581,1474300,-0.014800282788730931,0.050174460424604966,Energy
2020-10-26,1118.9345327649198,1243.6341623035846,996.3634205399813,1120.8529062620744,1592447,0.07302846808624971,0.046333987943130484,Energy
2020-10-27,1131.0107926243622,1135.7591651935138,1119.2755359304508,1123.9944514846732,1288904,0.002798896114353114,0.05116096484259252,Energy
2020-10-28,1249.7383878301252,1437.199146004644,1059.3202334074451,1246.2590981264061,2515704,0.10325752761181616,0.04685222013756479,Energy
2020-10-29,1198.303797135015,1268.7567000488925,1128.0379794676046,1198.480519767036,1193952,-0.03909182175416425,0.05878283743347893,Energy
2020-10-30,1200.249921696315,1221.5208526810134,1186.4897424575931,1207.6755429395366,2154235,0.007642952238521879,0.05561980906649673,Energy
2020-11-02,1338.8896015370865,1539.7230417676494,1136.352115641351,1336.8848419310011,2192150,0.1016446895667038,0.05082925079432994,Energy
2020-11-03,1481.4547733182358,1707.4118711819112,1259.2365573205004,1484.7059749407924,2355025,0.10487459325721048,0.0609642241533266,Energy
2020-11-04,1421.227398219999,1509.027273949656,1346.2105996106577,1433.369573591807,1028625,-0.03518873836483188,0.06872489612886615,Energy
2020-11-05,1687.3231503061786,1940.4216228521052,1423.2598803628694,1674.4233886621992,2838115,0.15544084282307868,0.06375128370860497,Energy
2020-11-06,1535.4858327336515,1743.4260816054655,1322.6955956118125,1529.8761660394393,2178792,-0.09028206553648854,0.0835204123686443,Energy
2020-11-09,1645.9268595592498,1871.9109618636994,1439.4911290730145,1663.296671716523,1546659,0.08361478490059397,0.08308522810592106,Energy
2020-11-10,1896.5071333149112,2200.6518977089704,1612.0310633176746,1913.6103458338875,2178087,0.14019011143607985,0.0816776526451773,Energy
2020-11-11,1849.8282199717023,1943.6051380521665,1756.7146429445488,1850.4597710566475,1781050,-0.03355755812777681,0.09156954327160349,Energy
2020-11-12,1686.4887028366313,1917.4412214789872,1467.1949432377037,1696.8059167912127,1962644,-0.08668652181702768,0.08352784841058053,Energy
2020-11-13,1857.7138112987952,2142.940900295263,1586.704133221805,1870.1211910067952,1988887,0.09725562550007544,0.08251487216127065,Energy
2020-11-16,1507.2947602677118,1755.8883751540054,1281.200546227555,1526.859456655657,3167649,-0.20279025365426603,0.08346113949584147,Energy
2020-11-17,1547.6815625907068,1548.1284020872624,1526.7124574718532,1527.1533701631856,945383,0.00019247693123977092,0.10881724353855726,Energy
2020-11-18,1559.1965638225627,1606.4667228853787,1511.0892208835903,1558.333205514327,1195583,0.020211331981101623,0.09784150218679753,Energy
2020-11-19,1539.545183755021,1568.7618062376478,1509.5405709486229,1538.7419501150603,1053062,-0.0126516249911186,0.08842874154483274,Energy
2020-11-20,1494.5861017864718,1574.1006952616376,1406.1114914104448,1485.1226106108352,1450540,-0.035467832144352,0.0798731707596465,Energy
2020-11-23,1527.6942170678722,1587.7269245773005,1464.6343657203163,1524.5432520084075,1247857,0.02619752340432375,0.07343346507766543,Energy
2020-11-24,1694.3364441749425,1943.0210127752882,1434.495705868497,1681.2611628919349,1666136,0.09784934566579653,0.06720807666886608,Energy
2020-11-25,1846.988155405991,2100.986593468492,1589.279419088776,1842.686258880941,1924452,0.09168022628951084,0.07176151212667013,Energy
2020-11-26,1843.8287176780964,1890.4345725581268,1815.3968956774863,1861.7267628640786,1350332,0.010279993916287327,0.0740308130580731,Energy
2020-11-27,1786.588821497702,1893.907850893085,1686.6477816313527,1793.5759537385707,1037906,-0.037293057646608195,0.06708428107142038,Energy
2020-11-30,1949.6140301174773,2208.8577231400823,1696.9433480021294,1955.4329118513974,1698501,0.08640024066716528,0.06252084800920771,Energy
2020-12-01,2179.0202645354757,2505.873304215797,1840.5984755207844,2165.409971200923,1712250,0.10199809945816997,0.0659305345551966,Energy
2020-12-02,2095.215661222351,2191.2201747458157,2016.3992173208187,2111.7806018104757,1200040,-0.025078227939409635,0.07167991457409104,Energy
2020-12-03,2012.1506885838862,2149.7241081961315,1894.763814513786,2031.2244876213335,1631832,-0.03889267165264343,0.06561056127001459,Energy
2020-12-04,1975.6016461179688,2053.628868077973,1907.104909680393,1984.8127697346674,1236522,-0.02311421993807005,0.061405965397305834,Energy
2020-12-07,1809.2064821567974,2068.1272146615984,1545.9937910781584,1804.197702791652,2118879,-0.09540858015503594,0.05653931502593499,Energy
2020-12-08,1826.7570972218048,1862.4091460947786,1791.7533377527425,1827.393197860291,1054556,0.012774462287039372,0.06342534895419592,Energy
2020-12-09,1656.2061458871726,1904.6370677702484,1398.1188779087759,1644.8457387162068,2321925,-0.10524386530700502,0.057816069954448365,Energy
2020-12-10,1687.4794330966824,1759.3255672899181,1618.532510873739,1690.2648391327732,1040703,0.027238622239647802,0.06660029304512095,Energy
2020-12-11,1713.0818161576171,1726.4774613761733,1685.8130225045124,1699.0993300243388,797654,0.0052130785940713645,0.061316968354476926,Energy
2020-12-14,1643.4482159317643,1739.4617797009507,1538.7219714971027,1634.194940211431,1441098,-0.03894801302059928,0.055784342918164184,Energy
2020-12-15,1697.928969477444,1781.7181473489525,1605.510532137353,1688.8517695267094,1268708,0.03289857992795199,0.05307595019956763,Energy
2020-12-16,1652.327768091256,1710.0270075062633,1592.371858872813,1649.9894440787505,1046001,-0.02327998134077254,0.05015967180774774,Energy
2020-12-17,1679.5929667614878,1716.0762473745579,1637.6937551523702,1674.0567815109769,1126630,0.014481000788111839,0.04684109061895099,Energy
2020-12-18,1507.0283576632444,1733.082611312731,1280.0866330845797,1505.9842742171527,1907100,-0.10580320391580761,0.0434364492548829,Energy
2020-12-21,1597.7343703429237,1731.4478253029442,1459.129062715571,1592.3957299866784,1290717,0.055792943408701653,0.05734568678571309,Energy
2020-12-22,1561.5685168106293,1609.9761454832726,1511.4710465567282,1559.8246153971209,1504989,-0.02066624173132105,0.05654865263179199,Energy
2020-12-23,1455.6145359946663,1619.723202092096,1283.759478359628,1446.8838283870066,1783777,-0.07516122894686965,0.052175321021259366,Energy
2020-12-24,1460.4850951962742,1480.4657272515183,1440.1646426548673,1460.140561202953,1003303,0.009120545915857273,0.05590342430887163,Energy
2020-12-25,1396.7752061198046,1489.3569593487452,1305.1104530181265,1397.6357333005176,1577133,-0.04375065875552001,0.05111391134746666,Energy
2020-12-28,1509.2278664584087,1660.1810600691108,1344.576701575602,1494.0075576570498,1897856,0.06668009824340734,0.04977171453567416,Energy
2020-12-29,1490.4437035563863,1513.6117004076075,1455.6212633096084,1478.6052387757163,513481,-0.010362908171098981,0.052428181157838,Energy
2020-12-30,1472.2148038363152,1480.59008478955,1466.2538707996025,1474.6194155855478,1530587,-0.0026993040332518154,0.04811527640448154,Energy
2020-12-31,1483.6179610076294,1500.8576691146366,1467.8683997554822,1485.092455156387,847635,0.007077096514995299,0.04419453354345213,Energy
2021-01-01,1442.5591362897885,1505.4928440386275,1379.5895967852866,1442.52167001421,1088033,-0.02908428785373859,0.040866101237591,Energy
2021-01-04,1490.7073036925158,1560.3794408553194,1418.6221099196057,1488.1759369834895,1257062,0.031158424814057194,0.03953371920630158,Energy
2021-01-05,1441.4147910193783,1515.7304542574325,1363.7598513153087,1437.8939911069178,1488783,-0.03437162973539248,0.038677630213860656,Energy
2021-01-06,1420.2071891115268,1475.2136824540742,1346.969613485565,1401.241542372236,1752111,-0.02582087729371339,0.038392428977184485,Energy
2021-01-07,1366.184565098283,1414.9310927014253,1324.4647259630005,1373.0030346617548,971101,-0.02035832258739319,0.03713745464954585,Energy
2021-01-08,1404.9375790915067,1448.563572660876,1358.1960311866528,1401.722180491968,1165936,0.02070127253035663,0.03557417075721533,Energy
2021-01-11,1349.9227241005804,1429.7959928641312,1267.7760879407897,1347.5063848820428,1813319,-0.039445847448672064,0.03430304217860606,Energy
2021-01-12,1380.3886064218557,1451.7851992507065,1317.8278497011959,1388.8413545248068,1011274,0.03021407953751294,0.035703714012793784,Energy
2021-01-13,1439.6724958194852,1553.3107562515206,1341.058235209546,1453.7333588092142,1730285,0.04566513606221548,0.035450497116271414,Energy
2021-01-14,1437.520042474396,1454.0994093414934,1436.4330428226685,1453.0007037844878,828716,-0.0005041087519292138,0.037658808987668636,Energy
2021-01-15,1586.762533127136,1772.2292431802678,1387.1550853826293,1570.7502162487265,1848459,0.07792248101868167,0.03513668786810782,Energy
2021-01-18,1582.4721676518059,1601.6414368680585,1563.9155875877673,1583.0777554853685,1174853,0.007817548787845548,0.044704098522268504,Energy
2021-01-19,1440.6297251735884,1650.147120829472,1227.8347728950187,1436.794376129175,2021525,-0.09695639436688595,0.04132713696965352,Energy
2021-01-20,1488.7830197858736,1578.0965763941897,1403.5806097766804,1492.6716232842055,1846895,0.038153045754756934,0.05363233317114658,Energy
2021-01-21,1497.0230666257112,1511.5156386898977,1468.711529420182,1483.0690133031148,1317560,-0.006453951795970138,0.05118095313844187,Energy
2021-01-22,1509.2989488499695,1549.3841488830153,1469.3739906049343,1509.4550610562806,1424690,0.0176351006209236,0.04692376791557997,Energy
2021-01-25,1572.0814531353526,1653.5583861056662,1481.5392241364036,1562.520645046416,1289186,0.03455161639698176,0.04368205023121837,Energy
2021-01-26,1548.5108678904817,1565.4384506193035,1546.7769172898,1563.6875059237273,1223235,0.000746502392131103,0.04249199147214419,Energy
2021-01-27,1575.9542985350377,1625.477949663516,1539.0533254366048,1588.2881787351669,980266,0.015610001352930454,0.039300624184460974,Energy
2021-01-28,1524.5898001408739,1612.7345162705399,1449.332913236145,1536.8713850836045,1610552,-0.03290803725162663,0.03704297599230338,Energy
2021-01-29,1601.7184885884114,1699.829889779248,1502.86683960214,1600.9299391129389,1416143,0.04083589048880537,0.03688070625213485,Energy
2021-02-01,1586.7759435138912,1625.7279106391359,1536.2820373106565,1574.943544255425,904835,-0.016365245635115187,0.03792472396375566,Energy
2021-02-02,1493.3162046436528,1606.8648880243252,1393.9188923148972,1506.5844236199841,1793550,-0.04437430912473734,0.03592771826718611,Energy
2021-02-03,1433.9543418113074,1544.4687235445565,1320.8346081433851,1431.131428924159,943472,-0.051379777124401366,0.037788922298124625,Energy
2021-02-04,1523.3145197756417,1657.6460591046346,1383.9444665446467,1517.7887203288094,1807936,0.05878914589867604,0.04047696064881767,Energy
2021-02-05,1506.0209122490432,1527.826566940717,1481.443574743378,1503.2085086851137,617952,-0.00965265688513791,0.04392188550161662,Energy
2021-02-08,1466.2141412445308,1523.9055830844948,1406.6740849076452,1464.2898096606366,663835,-0.02623147611575804,0.040709724741823376,Energy
2021-02-09,1417.0447206670724,1484.2623114003736,1355.5631591599451,1422.5422285778477,834653,-0.028924780618160922,0.039102927022484635,Energy
2021-02-10,1480.0850186168475,1579.4994263193184,1385.3961088602605,1484.5263791125928,2014940,0.04265021201060223,0.03806215392554549,Energy
2021-02-11,1610.205223885982,1781.9720501804359,1423.9121796278762,1593.9444009772342,1421795,0.07111591481071014,0.03913870382171505,Energy
2021-02-12,1591.7554541611526,1603.8257260216296,1585.846513175628,1597.893997434001,782242,0.0024748110521950507,0.0456518511166828,Energy
2021-02-15,1648.617402555188,1718.022021740916,1574.1914637058965,1643.3754015605655,1474619,0.028065787763798533,0.04204987409928154,Energy
2021-02-16,1626.2676175195097,1664.068955408845,1580.4940815758155,1618.1057020274952,775862,-0.015496153065300269,0.04040676670847013,Energy
2021-02-17,1685.4115949386794,1813.5647763946329,1567.7349195975637,1695.2043628089145,806573,0.04654715627308316,0.037976111578723624,Energy
2021-02-18,1691.058221369371,1703.7891863911443,1674.0192719824774,1686.717558753892,536301,-0.005018934243223528,0.039733407909193455,Energy
2021-02-19,1724.4636424981284,1803.4328608715573,1654.4043418444016,1733.0257114445913,952521,0.02708447965197884,0.03696989881516253,Energy
2021-02-22,1793.4885886316565,1866.9622326586182,1708.0466865699204,1781.009084149153,1268017,0.027311257881310988,0.036103380595526695,Energy
2021-02-23,1720.9976172956924,1807.507222262166,1639.0777388040283,1725.3787985453296,1443891,-0.03173348514775582,0.03542102473671934,Energy
2021-02-24,1676.0911237658763,1772.4791472384568,1564.9920583099067,1660.4824648443819,1608741,-0.038338418122921616,0.03542275125767129,Energy
2021-02-25,1722.4925914339642,1801.6486884457886,1633.4603226821025,1712.1407050663913,1743394,0.0306362602681995,0.036390825642673694,Energy
2021-02-26,1719.6186773767668,1728.7735403893175,1709.0807423737322,1718.228202812488,974987,0.0035491833676042665,0.03605857483661148,Energy
2021-03-01,1601.6185958725177,1770.060939764812,1434.2880101661326,1602.6251892801793,1643930,-0.06965061725165936,0.033794469381609474,Energy
2021-03-02,1656.8214262729039,1785.2694984870254,1547.4577597048958,1674.724109468641,1209726,0.044005412948667104,0.04172929667701344,Energy
2021-03-03,1745.4740190917712,1940.1550142939188,1587.3435193340263,1778.9883018912756,1246360,0.06039639205095919,0.042231964390067996,Energy
2021-03-04,1933.862954661864,2199.9540528693365,1678.0869045277393,1942.973081628415,2040045,0.08817448327712454,0.04554107683082551,Energy
2021-03-05,1882.7577779683454,1961.427442288982,1826.928403811481,1904.9402905831403,1687557,-0.01976865171228019,0.05408699167366502,Energy
2021-03-08,1867.9575378356053,1939.5661737609073,1785.6891768190897,1856.872879496564,1198110,-0.025556839301702335,0.049989419612793094,Energy
2021-03-09,1873.2543546601762,1905.2572871561079,1844.2089325533768,1876.1667080563432,1116113,0.010336884945546493,0.04687351559082248,Energy
2021-03-10,1842.821546768715,1889.8493836159687,1801.264438956072,1848.1716271875325,822680,-0.015033869443485049,0.043286589720502144,Energy
2021-03-11,1914.6974182608042,2010.846430827219,1815.1232487621762,1911.0911688397211,1257866,0.03347753075740141,0.04040897999543454,Energy
2021-03-12,1970.9032878977591,2061.5978373542684,1879.9459798445298,1970.627854765463,1094172,0.030677828456767284,0.039678965350158225,Energy
2021-03-15,2012.1804876398567,2101.930082104226,1933.4027098432846,2022.7389362602055,1561293,0.026100302062191473,0.038738941736070585,Energy
2021-03-16,2043.4633513230995,2072.061475773284,2013.1258701172364,2041.6993068908964,969629,0.009329952645237689,0.03745328224101571,Energy
2021-03-17,1945.6908798200257,2077.920537589788,1833.7376323964388,1964.8640819125035,981495,-0.03835938126476439,0.03514620723427356,Energy
2021-03-18,1993.7007458190917,2089.432883562645,1919.358010522471,2014.3212347016888,320459,0.024859209003665474,0.03617901361308702,Energy
2021-03-19,2030.4413884289613,2041.3154452754081,2010.6995955259176,2021.5259053799912,1495005,0.003570342523688285,0.03521127463833051,Energy
2021-03-22,1889.0446298552542,2086.061869007548,1689.0717143432082,1885.7447987853448,1029880,-0.06952976336593668,0.03307233271460026,Energy
2021-03-23,1784.7401276842475,1922.0897387579716,1672.3338061812558,1808.2055221625737,1383663,-0.04198793230804691,0.04123325783886894,Energy
2021-03-24,1808.9920856998726,1835.9621335143042,1792.4121471878877,1819.287831498123,1154465,0.00611019386358834,0.041528221856119575,Energy
2021-03-25,1811.170878728275,1819.4918050069111,1810.561414940194,1818.8797471642251,1197837,-0.00022433509550421672,0.03853926230200138,Energy
2021-03-26,1808.192566761117,1821.683504457897,1799.7786083818849,1813.2460310840424,521464,-0.003102161622200565,0.03589188404028456,Energy
2021-03-29,1698.8936600900208,1859.171876495188,1553.8262530264924,1712.9078103970219,1338790,-0.056926226155846915,0.033645584895770866,Energy
2021-03-30,1705.735081739454,1728.3722076897402,1675.2876960057788,1697.8197764750146,1341971,-0.008847456713384253,0.0386226564342073,Energy
2021-03-31,1711.6266875151853,1788.6808255278895,1657.5855533322751,1733.9353409498285,1110694,0.021048645158079884,0.036126296455243415,Energy
2021-04-01,1766.4411449578226,1848.4658050841856,1697.8711975761823,1779.393087474729,1565610,0.025878755363524106,0.0347928765109515,Energy
2021-04-02,1904.6143008117488,2072.896426873845,1720.5965709309571,1887.3536311652183,1506194,0.05890330866127733,0.034189061139490586,Energy
2021-04-05,1931.4411266632799,1965.6265742161781,1875.9539949350808,1909.7556209423747,781010,0.011799633990382617,0.03944050566317218,Energy
2021-04-06,1911.8551644014012,1915.355091823521,1908.4949397845687,1911.9946220996326,775631,0.0011717151938423183,0.03695033821116422,Energy
2021-04-07,1899.1700212999813,1915.6244840244838,1897.008025500409,1913.4462363272,580022,0.0007589265399532733,0.034532128990403414,Energy
2021-04-08,1871.7128551654096,1934.7089637391903,1808.0187133244142,1870.990509976733,945713,-0.0224379533430849,0.03246630162971823,Energy
2021-04-09,1792.0353332872871,1907.7782508512914,1676.6713204498928,1792.3913209620312,1527182,-0.04291731332691672,0.03191814304973652,Energy
2021-04-12,1848.5725528907071,1973.467119894701,1739.9853685703506,1863.9751689701766,1299376,0.039160733020929483,0.03451519451016997,Energy
2021-04-13,2004.883686726342,2250.201730980539,1770.7461853655357,2014.8950649906335,1916568,0.07785572230813241,0.03582001358556933,Energy
2021-04-14,1954.5157865240753,2043.0119512294457,1867.6311687084803,1956.0587439125886,1206164,-0.029635513278069146,0.04511857403591619,Energy
2021-04-15,1883.2681419776764,1987.2751778806685,1786.6211037829705,1890.2688707704308,1450075,-0.03421252521630255,0.043131057551557356,Energy
2021-04-16,1918.861924476105,2007.5459174066107,1848.810556162731,1936.8382907965922,1109618,0.024337817960334157,0.041997678896148805,Energy
2021-04-19,1862.3797955399646,1966.18314004615,1771.989261690452,1875.1717492031482,1541024,-0.032356641778431505,0.03999866789771596,Energy
2021-04-20,1841.6996359402817,1884.2624009798617,1814.3771400262137,1856.7171135943533,971727,-0.009890319203296985,0.03920405064467292,Energy
2021-04-21,1761.7647778027124,1902.0259009264032,1620.5600861653666,1760.739589997551,1732923,-0.05307599322789105,0.03666386274864569,Energy
2021-04-22,1773.4316393081172,1813.6270472682108,1741.7734845493424,1781.8191638455487,997026,0.011900902204543911,0.03997436958715289,Energy
2021-04-23,1622.8211907296482,1849.3936732851507,1399.2492671967325,1625.4584247662547,1675706,-0.09184496103044434,0.03741129375074528,Energy
2021-04-26,1666.8489468550845,1757.0709699915276,1587.8943652009712,1677.6068143137502,696892,0.03157837899392158,0.04984985907789728,Energy
2021-04-27,1759.4980221247415,1855.2364030371414,1644.924487331608,1739.5790295138754,747068,0.03627488435471989,0.047303127413010834,Energy
2021-04-28,1604.4960756077799,1795.3135106206178,1424.495899917262,1614.2222098705258,1618639,-0.07478991002303084,0.045688606628824596,Energy
2021-04-29,1695.4989759024857,1817.684786437857,1571.6139057125802,1693.6677492481388,1628327,0.048043206266298384,0.05107825972695955,Energy
2021-04-30,1614.3990998177876,1737.369362874733,1487.1888034064548,1609.8094701540706,1590915,-0.05078061266297149,0.050333024383993695,Energy
2021-05-03,1733.658711694316,1948.794991329523,1528.1014115669998,1742.2223173843272,1227880,0.07904566173289619,0.050135130081368835,Energy
2021-05-04,1516.2701767862595,1768.1636782924909,1288.8296502683206,1537.5336332978184,2755649,-0.12498189643221821,0.055209215810762394,Energy
2021-05-05,1641.0752464093662,1795.9497448356879,1482.851352626632,1637.3768161553735,1983830,0.06291586314732105,0.06986785508172215,Energy
2021-05-06,1438.1917674649928,1663.1038884289803,1222.463002345244,1446.17729428607,2268654,-0.12417173254534619,0.06781574016636761,Energy
2021-05-07,1604.513856781356,1844.1195954323368,1358.9942260470864,1597.5617977606034,1797684,0.09955486418863686,0.07805108946034499,Energy
2021-05-10,1621.018597045303,1681.8778215383795,1570.5328040090535,1631.078711398859,1160051,0.020762991503520144,0.08037570342025077,Energy
2021-05-11,1644.2988080958173,1670.0386655961383,1620.9115530941442,1646.6184182251152,1086154,0.009482159360380785,0.0730264899380107,Energy
2021-05-12,1606.2877740947185,1662.2726845266,1558.6099670233314,1614.355413904185,1512883,-0.019787988943744447,0.06617991604749472,Energy
2021-05-13,1474.2059325937146,1679.139218608556,1266.9154540646716,1471.4681542305962,1671762,-0.09267510573382921,0.06051908547234024,Energy
2021-05-14,1393.165490100843,1523.1695465212244,1253.6877635912979,1382.716793773591,1670015,-0.06221039177524234,0.0657141464872154,Energy
2021-05-17,1612.0452868476982,1864.6953638370808,1370.2384938205435,1621.4742294235486,2764474,0.15928549861485708,0.06430551427023139,Energy
2021-05-18,1575.4005259462413,1640.6771734258314,1516.5384964361438,1581.5841054996877,920602,-0.024908810401191084,0.08493491533400556,Energy
2021-05-19,1430.880284971834,1645.512327717609,1214.6642163649158,1429.016725135195,1258858,-0.1014403402276422,0.07722835748335016,Energy
2021-05-20,1453.7347041839848,1500.8339709782697,1410.5882218347892,1457.5735525693358,1291874,0.019786499891172656,0.08009305059420493,Energy
2021-05-21,1568.5228371139444,1738.2433902793016,1397.0895773037037,1566.6023230308579,1619082,0.07213604594483305,0.07273680800997666,Energy
2021-05-24,1706.99785547589,1938.0229175553195,1480.8225361680738,1711.2801932502489,2176435,0.08833259264006173,0.07150563586366758,Energy
2021-05-25,1642.66890625531,1760.754871013599,1513.9405672820849,1631.2022311825567,1338685,-0.04792443334487173,0.07321776974608829,Energy
2021-05-26,1595.49059459669,1648.0986774156595,1543.6972995405868,1596.2797641019654,1356498,-0.021641533637159295,0.06879815507691336,Energy
2021-05-27,1554.8216284974,1628.1706752499717,1473.8844230580992,1546.8577732145022,1362883,-0.03145014425157659,0.06290311844666256,Energy
2021-05-28,1439.6327240620967,1591.0991222775046,1298.2985046626545,1448.8591131715207,1451413,-0.06544920197916908,0.058427806601554326,Energy
2021-05-31,1538.4716489611224,1652.5654356989244,1409.3976109296245,1522.2914677599833,1379278,0.04944031600662278,0.05893714086525931,Energy
2021-06-01,1528.3132800804544,1529.8438581445955,1521.7826064722265,1523.3081720113055,809375,0.0006676545897974588,0.05696947415697588,Energy
2021-06-02,1647.2797601310565,1881.016442830604,1430.9630893569747,1662.6777468357875,1894197,0.08754500440041497,0.051927677138261887,Energy
2021-06-03,1641.1105371619103,1669.6077302970814,1620.2380503299396,1648.639486420897,1512189,-0.00847900912596535,0.05836785152548237,Energy
2021-06-04,1590.2467389136282,1675.065954935324,1508.2496795038487,1592.9305134645058,1104639,-0.03437498404211814,0.05325625702886314,Energy
2021-06-07,1477.3348211353814,1651.1729295829675,1299.4478634563727,1472.7460056079726,1324290,-0.07844672083835652,0.05046017300172334,Energy
2021-06-08,1526.7955917889499,1617.2977717393726,1439.5852208589486,1529.9095328879803,1289392,0.038079915608443975,0.05531786735797699,Energy
2021-06-09,1567.0759404342261,1675.191386345656,1480.3903707930351,1587.3825223113445,1572080,0.03687784252802755,0.05258864093261701,Energy
2021-06-10,1507.3833427486916,1618.0748969171568,1412.1125055320786,1521.8873649869563,1838514,-0.0421351952595717,0.050164214481441614,Energy
2021-06-11,1549.4667593254355,1606.3787134529418,1498.747627008253,1555.463294847738,846955,0.0218221879718428,0.04877975946605719,Energy
2021-06-14,1547.3335995431148,1557.5131676405697,1541.183580989753,1551.347196679233,653158,-0.002649727486121058,0.045552202252304816,Energy
2021-06-15,1556.120820571195,1568.2150423055452,1531.3350938704812,1543.3299041858043,1296379,-0.0051813550612395485,0.0419649337231755,Energy
2021-06-16,1597.1191365050463,1671.6949321886477,1517.7855167670295,1592.128269157171,1318489,0.031129297737422703,0.038895648804885684,Energy
2021-06-17,1551.8403034965963,1627.9258765242726,1465.3784064316635,1540.9290067135332,1077548,-0.03268616959972856,0.038153010017640425,Energy
2021-06-18,1552.5092423592812,1578.5125827196327,1529.9650037935792,1555.9188329360413,945241,0.009680774817349918,0.03774625267745488,Energy
2021-06-21,1518.4520195793953,1577.8989921408754,1456.4904894078338,1515.835006643641,1243631,-0.026099813843287894,0.03541018614907088,Energy
2021-06-22,1568.1279568199388,1625.7824941717656,1496.3338714838228,1553.448704470852,1426569,0.024510983346344797,0.03471721574215915,Energy
2021-06-23,1588.2631733689839,1635.4295574592525,1537.4552369766504,1584.5101687196304,1040326,0.01979788777289364,0.033975672190566256,Energy
2021-06-24,1580.038567082681,1598.3617001474556,1571.7741933696177,1590.0449879640432,1614247,0.003486992400159109,0.03289787979005437,Energy
2021-06-25,1620.4189696420547,1660.7423141275196,1576.4139522634136,1616.6433420780404,1167468,0.01658967844773802,0.031106916644767432,Energy
2021-06-28,1750.4914287210104,1925.049087204708,1555.4779742581145,1727.769854879833,1350502,0.06647948708180296,0.03025549247930876,Energy
2021-06-29,1894.3140361840558,2132.8616713134784,1642.452963130349,1879.082520244505,1923287,0.08395216089582773,0.03866838748294721,Energy
2021-06-30,1878.1953289685234,1888.6034076944604,1861.7787340141374,1872.1533308165183,172495,-0.0036943543856193615,0.04851175270268969,Energy
2021-07-01,1959.243390741052,2078.283105893524,1831.0919858384382,1949.5422809355089,1700198,0.04050533510878979,0.04455063813660269,Energy
2021-07-02,1903.1090053809287,1978.6955730506704,1823.19173263299,1898.5991817728052,609980,-0.026478275795387186,0.04397624145540542,Energy
2021-07-05,1865.100740035074,1914.489373909008,1816.6069903148798,1865.9729462973314,634774,-0.01733373741491382,0.041860395523690204,Energy
2021-07-06,1926.9045803234753,2041.7968945779187,1821.1155246368419,1935.534070926207,1318974,0.03660068995870197,0.039330686984023096,Energy
2021-07-07,1846.3560879090178,2001.2863128036693,1676.6542019955457,1830.231381028858,1294802,-0.05594089746437032,0.03922325747214422,Energy
2021-07-08,1877.5974783439199,1933.5251663046506,1811.3289680693347,1866.9391790171185,1552188,0.019857890595400714,0.04242851332239645,Energy
2021-07-09,1918.4418949003057,2013.552758604236,1830.240403946254,1925.047567958255,1093969,0.030650390885267532,0.03999116611245356,Energy
2021-07-12,1927.1972715456752,1928.1314065205404,1924.7363359103997,1925.6697304683044,771504,0.00032314110190218546,0.03899168709917585,Energy
2021-07-13,1866.2813559385845,1959.9745301280377,1768.793931234213,1862.2865538358394,1411276,-0.033468756427076224,0.036280807506142834,Energy
2021-07-14,1834.0542903277146,1875.4574188669899,1793.9832592240323,1835.3579059338565,1036397,-0.01456555614338705,0.03634640619310905,Energy
2021-07-15,1877.1685923155362,1979.5689590750765,1790.8193175365968,1892.5138082890162,1194828,0.030666496031105155,0.03447712732216106,Energy
2021-07-16,1897.7596984581048,1921.7584621798965,1880.2506664942705,1904.1901022904387,1158764,0.006150772400411608,0.03452539563183414,Energy
2021-07-19,1956.5953247912682,2027.0591933148503,1880.218102512073,1950.4610544181073,1277427,0.024009007766624506,0.03254653829512422,Energy
2021-07-20,2059.8349567516407,2273.0301519130826,1865.505888440776,2077.074654995983,1686055,0.06289470512314628,0.0321541069241157,Energy
2021-07-21,2144.6862016129535,2257.335501302329,2035.9929644736515,2148.4514408877726,1404361,0.03378683466064706,0.03899321560924542,Energy
2021-07-22,2238.397869074671,2438.3506742390555,2064.5510073497885,2262.6223963040443,1315613,0.05177717036716938,0.038569537465429446,Energy
2021-07-23,2225.258626182828,2287.0537224345358,2159.4391569589793,2221.119304882821,1211346,-0.01851323273157702,0.041136585686252156,Energy
2021-07-26,2164.412959023569,2246.1416063662705,2087.6855264807887,2169.2429527912705,1179465,-0.023633023209333828,0.038796725550797745,Energy
2021-07-27,2096.1693013507825,2203.406953811971,1990.1145672708983,2097.2952527331126,1231355,-0.03372969731390237,0.037254888252054585,Energy
2021-07-28,2091.267599103742,2110.0120671102936,2066.11379129958,2084.800291477943,664533,-0.005975472488419492,0.03716174418769363,Energy
2021-07-29,2112.4909036225804,2149.6582044004545,2072.2847940836514,2109.3976723516703,904484,0.011729376195699599,0.03478724084454304,Energy
2021-07-30,2092.6799969723384,2156.2020891218135,2004.3934653993956,2067.140315267652,1810523,-0.020236281464080453,0.03299633980234825,Energy
2021-08-02,2103.100354847396,2181.356199038639,2034.5812084349857,2112.5298394057295,1098539,0.02172004338086913,0.03213149257979853,Energy
2021-08-03,2130.2960012419217,2155.3902351882784,2104.103973064553,2129.1851211843223,1445534,0.007853128996072907,0.0315707189495986,Energy
2021-08-04,2138.833543902157,2176.4876188443354,2110.5240858863644,2148.0560918001875,864385,0.008823955498704225,0.03011011426829828,Energy
2021-08-05,2118.4122486803208,2186.360146001395,2035.1701420612012,2102.611222786171,947163,-0.02138327808587246,0.028930511810136554,Energy
2021-08-06,2017.1681340979712,2152.457190384287,1875.8157813311525,2010.6689447545834,1461860,-0.04471253668262486,0.028951101846593396,Energy
2021-08-09,2043.4089485777713,2078.0930854099392,1999.0336390427792,2033.550440878076,795685,0.011315775975340482,0.03271719240697037,Energy
2021-08-10,2004.374715268206,2055.701464214719,1947.9367565345071,1999.1291811909448,842431,-0.017071574676310066,0.031233615882321243,Energy
2021-08-11,1872.8157556343688,2048.96142599987,1715.7666193908917,1890.4348051212783,1091836,-0.05590481810467988,0.03039978302812105,Energy
2021-08-12,1848.9620903378452,1923.1089026404986,1766.7543922919133,1840.5644433611037,825974,-0.026734570957448273,0.03616793814448193,Energy
2021-08-13,1795.739889641991,1856.8532590931372,1746.2654382626351,1807.0667414819893,1000091,-0.018367341381948628,0.035407716564899834,Energy
2021-08-16,1834.4517224757785,1881.0392908124452,1789.9749901464347,1836.512592190958,1484172,0.016163496985470944,0.03396423115997744,Energy
2021-08-17,1804.2997296965104,1840.8512485404863,1801.7441278831898,1838.2475631724426,859283,0.000944263591116551,0.03258901646031382,Energy
2021-08-18,1975.099031222226,2176.11801842028,1767.0779006002376,1967.303482909918,1755087,0.06785110822980178,0.030818321501014788,Energy
2021-08-19,2034.65074926131,2128.988312053744,1934.9845660624128,2029.0630526058692,1472392,0.030910321366515777,0.03937487886094088,Energy
2021-08-20,2103.296809121299,2188.2382226106765,2000.2544420554118,2084.43408653938,1476675,0.026923261019245415,0.03851781488218416,Energy
2021-08-23,2087.095877514673,2109.2250023432002,2047.8068712762165,2069.752102994955,1043828,-0.007068553986725656,0.03735809080005467,Energy
2021-08-24,2004.0183857586487,2112.99218074875,1887.5224438372,1996.0636807220326,1188374,-0.03625176154886677,0.03498565744558178,Energy
2021-08-25,1911.8329148362018,2036.280513144899,1786.8833023928673,1911.295947715885,1342715,-0.043395562915203634,0.035725698227313314,Energy
2021-08-26,1963.3590100526453,2086.198764462055,1858.5896415587918,1980.5139678253204,1679924,0.035574872096721694,0.037463804440717924,Energy
2021-08-27,1894.7042009269678,2021.0897343556478,1768.0073095585976,1894.370589566546,1685833,-0.0444697500773812,0.037585436584435215,Energy
2021-08-30,1921.3252129457771,1953.6474371996974,1883.5078235974445,1915.7360215530703,985254,0.01121525359549922,0.03907385104370687,Energy
2021-08-31,1868.762028402645,1931.7519491526828,1820.2286442619138,1882.8526200250633,1641014,-0.017313916344292708,0.03660983413360866,Energy
2021-09-01,1892.1745026812462,1916.5662597437038,1871.9617041633526,1896.3092921147609,695647,0.007121541376249641,0.03488824614549784,Energy
2021-09-02,1937.8206475486606,1983.1647215370435,1881.052693052516,1926.1230488399895,788022,0.015599680340470152,0.03288402694353478,Energy
2021-09-03,1917.0738366246812,1934.5391289101071,1897.01853419697,1914.4600135319372,992464,-0.006073594020136553,0.03164790492950876,Energy
2021-09-06,1897.0888266623795,1919.9880177658943,1880.4616458588423,1903.306343062085,829999,-0.005843051230163052,0.030113206252240822,Energy
2021-09-07,1810.6546067210074,1946.612674584423,1674.4379540580308,1810.3750290496566,1941375,-0.05005853218637065,0.028819530526775466,Energy
2021-09-08,1844.9546062678694,1895.8441111275824,1793.1110190835955,1843.9734609470693,1147876,0.01838871073460779,0.033768783936130725,Energy
2021-09-09,1790.146694676738,1873.388073816333,1704.560493933999,1787.6875221589269,1258374,-0.0309998353345848,0.03260347093780394,Energy
2021-09-10,1819.651819583313,1865.2976188110001,1772.2346643993374,1817.834886014878,1076110,0.016723272271629726,0.03308379546499293,Energy
2021-09-13,1815.781889128838,1819.2472869941003,1814.9356159965787,1818.3997937470492,1188183,0.0003107102739325114,0.03189953280561094,Energy
2021-09-14,1865.8521347992512,1958.7220388302758,1781.522776977027,1874.0233724180746,1169441,0.030130775549120095,0.030233733406646094,Energy
2021-09-15,1919.6875951760403,1986.5893666056802,1851.2278338790927,1918.0733482494134,1215507,0.02323356209894305,0.031103736975515283,Energy
2021-09-16,1926.5528687871467,1996.7875982282353,1879.7270592142472,1949.4063242449438,1549528,0.01620365933771944,0.030901840143338483,Energy
2021-09-17,1946.423411636799,1951.8245645113773,1940.403938785472,1945.8033711023882,1341352,-0.0018499410567736027,0.03005532840921034,Energy
2021-09-20,1972.5801443824266,2018.5663174157103,1928.8423333418855,1974.7797350830597,930081,0.014781929533627641,0.028690966433973942,Energy
2021-09-21,1868.6213289025388,2022.7782171332587,1716.3328713076064,1870.348961358443,1232526,-0.05433184178425745,0.028130287237120518,Energy
2021-09-22,1772.5668724416553,1911.875391327789,1642.0470609337035,1780.7528219738213,1569411,-0.049088815223151484,0.03429056434042406,Energy
2021-09-23,1861.6143875825087,1967.6675499810854,1744.3110458673782,1849.6845867996365,1478758,0.03797892234681941,0.03744503984815233,Energy
2021-09-24,1755.0184080178915,1891.4902198146892,1623.1975435452289,1759.3444246996432,1320143,-0.05007387723890616,0.03792182206563437,Energy
2021-09-27,1790.728823990462,1830.4453457813368,1745.9496364646745,1785.551326695698,1065672,0.01478598034453577,0.04033064155555505,Energy
2021-09-28,1890.3895199012268,2036.999583045546,1734.4716496736044,1880.299149301115,1261365,0.051703652113623516,0.03786875098070282,Energy
2021-09-29,1830.9354869969297,1924.5934818855737,1724.2997528276376,1817.2581075927353,1552549,-0.034102055316818904,0.04059832492792991,Energy
2021-09-30,1796.185801116145,1821.0034565496658,1784.987176027884,1809.7204474130028,1146933,-0.0041564464289838,0.03991267613287446,Energy
2021-10-01,1884.034140003886,2019.3421327397548,1757.7078118810166,1892.4514179165997,581379,0.04470065074390805,0.03710806893261536,Energy
2021-10-04,1950.621504339988,2035.863967037358,1863.2507959966015,1948.396003982708,1498862,0.029133436875618576,0.0387469902116992,Energy
2021-10-05,1917.3843670938825,1963.331163346789,1871.8643623903931,1917.8012612924067,644779,-0.015827118611758475,0.037793874794737024,Energy
2021-10-06,1934.897513023183,1938.394445264703,1916.6431305162037,1920.113343389329,782257,0.0012048638986417869,0.03578094786520905,Energy
2021-10-07,1819.9153906689937,1963.1311751364685,1684.5539758177817,1827.2260119111031,1577410,-0.049585240993521684,0.03353265182860407,Energy
2021-10-08,1817.274811844416,1828.071271167779,1814.7481627242166,1825.5331400759896,816098,-0.0009269003982342224,0.03699128829311775,Energy
2021-10-11,1771.291342619269,1849.7107043479798,1696.805026507924,1775.0656702687636,1663653,-0.02803465634332056,0.03456607005894476,Energy
2021-10-12,1620.5388783124258,1839.0571975855921,1410.8724333554394,1628.3766909845472,2101403,-0.0862537960933612,0.03425991612510332,Energy
2021-10-13,1532.9635224578335,1672.222769637407,1393.4516384764197,1532.685642129473,1967998,-0.060562105203171464,0.046421450681732916,Energy
2021-10-14,1446.5542179683262,1574.296918559556,1317.4472684822815,1445.0578252183764,1503580,-0.05887218006509436,0.04872500543574368,Energy
2021-10-15,1302.6359364328591,1503.308659849922,1108.7960732664044,1308.5837301181623,2103231,-0.09920390788402275,0.05019154272995735,Energy
2021-10-18,1508.993926689009,1741.2726162120314,1282.6448376856576,1514.1501010539405,2814889,0.14590886181270385,0.05992966769647366,Energy
2021-10-19,1737.5801044666346,1998.2171201366295,1463.3564373486033,1721.5958086454157,1622409,0.12839736426845638,0.07852809337739974,Energy
2021-10-20,1506.1795273261018,1732.106456425017,1271.7188247646336,1496.1397938407454,2164572,-0.1403633361457415,0.08663839583149432,Energy
2021-10-21,1436.199600190793,1534.174595733471,1332.0949523331856,1429.621179667487,1135846,-0.04547882041357042,0.09518534144445834,Energy
2021-10-22,1274.1957124163966,1477.877830681072,1083.0663555539372,1285.1111571139759,1947075,-0.1065642816571015,0.08751255822252005,Energy
2021-10-25,1370.7640773924315,1507.2625720131368,1235.8849375768716,1372.238366500287,1684338,0.06559803253289062,0.08905139075884262,Energy
2021-10-26,1487.1673940791045,1703.6459179839505,1286.693126012643,1501.270510862253,2355402,0.08986850611196137,0.08419967599519128,Energy
2021-10-27,1293.065279068287,1487.0250709285299,1091.5235219264941,1284.1453199135226,2262447,-0.15621838047503547,0.08356506811327026,Energy
2021-10-28,1282.9667805605588,1295.3994757526202,1263.5120017208583,1275.8759829550577,1377502,-0.006460388208767839,0.09668052465081496,Energy
2021-10-29,1286.919106522043,1306.5445126509928,1268.4999384816342,1288.108323810319,1248487,0.009541738325307969,0.08708593210029202,Energy
2021-11-01,1084.8677635292145,1256.6293690559173,922.1375989998322,1092.7211904834064,2191895,-0.16450363630311782,0.07861821908032281,Energy
2021-11-02,964.999206993678,1109.7490880427295,820.2200914763944,964.9648135016405,2149185,-0.12433473118037675,0.09541423610044561,Energy
2021-11-03,827.1090204000435,953.2991810319108,703.0426673400369,828.955809592966,2424204,-0.15192478994507472,0.09849857850324412,Energy
2021-11-04,839.955296017634,855.6386370122483,823.6671079607241,839.3389405900837,1295172,0.012447758485061852,0.10641309714366018,Energy
2021-11-05,720.8806666193452,833.2714458000925,612.7485666264434,724.583865913124,2218533,-0.14701709450624223,0.09582400429255819,Energy
2021-11-08,805.9176007480575,927.5423148964115,685.0299606358489,806.5585346925318,1929169,0.10717896158022906,0.1033822796734855,Energy
2021-11-09,705.1404983055602,810.9115730513942,595.9050894490637,701.0648111165456,2748321,-0.14017613560426043,0.10184996843986674,Energy
2021-11-10,808.7640708047146,937.1274687790244,687.4494601840074,814.8934511121952,1761676,0.1504570318713385,0.1065182388415387,Energy
2021-11-11,876.7030002797823,969.371862761827,781.9645045028108,874.3887468159754,1548385,0.07046769731024174,0.11212718640299689,Energy
2021-11-12,811.7282616403859,902.7207725825473,720.467637879116,811.4262997183255,1820609,-0.07473150415984338,0.10441675727177657,Energy
2021-11-15,741.1225763481191,838.0619977461264,655.536519485496,751.3005694604014,1735465,-0.07698776567150178,0.09828533469659341,Energy
2021-11-16,769.4692811395239,785.7832185254491,745.839653111686,761.9951268817625,1119865,0.014134363156352461,0.09336526668199809,Energy
2021-11-17,681.6194245981737,784.7955834810712,579.3765109084477,682.4309421574533,2202913,-0.11027882221028576,0.08428300808203185,Energy
2021-11-18,671.7348538774874,688.3565924900812,654.6555537674461,671.2656829839943,930891,-0.016496328887950745,0.08721876607300662,Energy
2021-11-19,659.7167890687601,680.705901319131,636.269580134999,657.1779173241312,964476,-0.021210224951223516,0.07890823692273954,Energy
2021-11-22,626.6307222589127,673.8062025687767,577.9551330843306,625.0084842786271,1221070,-0.050189559958378975,0.07175436523150618,Energy
2021-11-23,579.7098660100855,658.0728117233845,493.9421293819129,571.1476705017278,1863836,-0.09011743092872787,0.0677997045210631,Energy
2021-11-24,556.4462860351448,578.8182765648495,533.6865564449315,556.0423048625131,1006653,-0.026803414323075394,0.07067964806147436,Energy
2021-11-25,560.3978817846953,564.166799340491,554.7845560671817,558.5409851921779,763596,0.0044836209870420885,0.06484021570739311,Energy
2021-11-26,475.8253767022941,549.2207846832987,404.45157019694994,477.58329102895544,2667000,-0.15658942404166992,0.05887629647794035,Energy
2021-11-29,536.3947265173884,617.2365682667687,455.93551753978016,536.7274506667554,2211267,0.11675184882506053,0.0809393092867857,Energy
2021-11-30,544.2733133558676,557.3790964184576,531.860167104897,544.9505055632703,1546799,0.01520455005033393,0.08593943542325624,Energy
2021-12-01,498.9809839000604,564.2097696137987,435.97499024413867,500.95457227899055,1673905,-0.08417955217914143,0.0777376742643449,Energy
2021-12-02,493.7951178847665,508.7561899215133,476.06293065219353,490.93741976020675,973286,-0.02019875787193477,0.07744318143507298,Energy
2021-12-03,525.5216239603652,584.0859542336448,469.0415759435204,527.4036381347785,2160093,0.07164950713313187,0.07042127202460818,Energy
2021-12-06,552.3302677867886,589.7004454860688,514.4073563414828,551.7374226637711,1984379,0.04510607738255857,0.06955122014540217,Energy
2021-12-07,539.495242934907,556.8275418375501,523.9750091084196,541.2566361381721,757798,-0.019178709518741757,0.06538410748413993,Energy
2021-12-08,568.2947038029317,628.7603329554132,515.8275550003963,575.6171479935142,2238165,0.06154922607517333,0.05979329932374273,Energy
2021-12-09,564.5148680764923,580.2414280392137,550.44664850921,566.1328860060686,1017215,-0.016613934504173276,0.05940064814278438,Energy
2021-12-10,599.4473009341543,651.705649470347,547.5437459056599,599.7738223605587,1081944,0.05772378983952952,0.054444035695222326,Energy
2021-12-13,567.3033737500278,619.3256754884965,512.4673056128956,564.2055320911545,2320152,-0.061134017700367506,0.054508052664187526,Energy
2021-12-14,575.5920907045265,594.3087403518743,557.472798297341,576.1712173855082,1312959,0.02098626521547858,0.05511358691123088,Energy
2021-12-15,547.364084293527,589.065969931417,506.7004061921124,548.3304970275025,1803929,-0.049526667006779684,0.050951638530390767,Energy
2021-12-16,522.3770867414835,558.7459155970465,489.99722197271154,526.1332243312903,1027646,-0.04132374305919259,0.05044590356872743,Energy
2021-12-17,555.6486837202901,602.0435844091321,509.6322006605574,555.9981592577163,1330503,0.05521052469296967,0.048907863483857096,Energy
2021-12-20,557.6215364134449,575.917364870301,545.7703274166967,563.9320378973338,1254821,0.014168760497754842,0.049707279084410104,Energy
2021-12-21,557.397342648418,569.7794678183991,543.2989163695122,555.6420491325318,1390086,-0.014809453654908173,0.045899498268355376,Energy
2021-12-22,545.5513193163611,560.503052271873,530.6997406910602,545.648819395648,666340,-0.018148709509628488,0.04264163623341555,Energy
2021-12-23,548.6694674513575,548.8775912728535,545.5797918245419,545.7868221878015,608243,0.0002528830608621077,0.04005063870976444,Energy
2021-12-24,564.3702295458853,597.8826243993906,532.9947421516234,566.3945948396649,1226858,0.03706253537328718,0.03719210294302322,Energy
2021-12-27,580.1573233682967,599.9914604558727,559.6418902855577,579.4519110800796,1373209,0.022791676543208742,0.037585193179016305,Energy
2021-12-28,586.5806264321449,594.065228524655,576.9452259224412,584.4020297403003,834544,0.008506477206194137,0.036166786904433694,Energy
2021-12-29,625.0579458118827,687.5065505568613,562.244024795433,624.6520801044551,2164654,0.0666056698299275,0.03401886540085513,Energy
2021-12-30,638.6450573955525,659.5220343026223,617.5450925187222,638.4145337261623,1477516,0.021792988834003987,0.04112510000660419,Energy
2021-12-31,607.2721498455043,652.3936884530235,563.241842712635,608.2896102841831,1638207,-0.04833671047823828,0.03904176270086188,Energy
2022-01-03,610.9730825279906,619.5431210120935,604.2310025896738,612.7810897379694,1177602,0.0073566579075468866,0.040864079884549986,Energy
2022-01-04,599.3693766871675,617.9130191532694,583.7750123532327,602.2438664787427,1576867,-0.017345302068570725,0.03800021687022335,Energy
2022-01-05,615.158530697576,633.6370149964728,595.9693253788663,614.4257994776821,988389,0.020025715190242637,0.036060256673028555,Energy
2022-01-06,633.2002634276193,661.8602112977583,604.5700117334134,633.228674971049,789357,0.03014344049619274,0.0346471943942344,Energy
2022-01-07,649.1804160359188,671.86335913054,625.5051810430991,648.1521972559175,2172390,0.023293928297190104,0.034592434349950296,Energy
2022-01-10,656.4855013221919,669.102061772809,643.8837444395205,656.5000260760338,853075,0.012797192380020516,0.03374463328785322,Energy
2022-01-11,651.4388444662699,657.9329076172668,650.5863387254591,657.0730286986915,892918,0.000872433637275913,0.03217958111142906,Energy
2022-01-12,657.3780557604838,661.5069225016512,654.722214092647,658.845153681614,267707,0.0026933681408681065,0.03047186445679606,Energy
2022-01-13,689.1262555439503,738.2748250946432,641.10159546729,690.176943416675,1770730,0.046459469209796975,0.029050228115627894,Energy
2022-01-14,692.4917612394398,695.3774664245046,689.2129218009767,692.0969818880272,1344842,0.0027780885844282616,0.03314973521379055,Energy
2022-01-17,642.7383519432739,715.090765179242,569.7830000913649,642.0589316665204,1447452,-0.0750459996847506,0.03130944940785417,Energy
2022-01-18,653.0985771814088,664.6017219238643,638.2002301713834,649.6425024369802,1191209,0.011742121985218859,0.04158137333086682,Energy
2022-01-19,685.4658295168077,737.0461835965245,631.6640006508778,683.0635894969805,1881230,0.050165743118152105,0.038780021928463394,Energy
2022-01-20,650.7579846238242,696.9264995368467,607.3791228637076,653.3733033078007,1419393,-0.04443931823614594,0.04099515029862856,Energy
2022-01-21,701.0523520839524,782.7784608273014,622.590798799672,703.9883154674503,1585298,0.07461311845546206,0.04172181478794677,Energy
2022-01-24,702.11439058872,705.3357615679573,701.3085683891896,704.5271702023177,1161340,0.0007651385684268148,0.04824557472149243,Energy
2022-01-25,729.5848817187876,776.2761252788597,686.3930860680568,732.8887395651561,1245096,0.039467005355134456,0.04429668384563366,Energy
2022-01-26,695.9361871652183,752.0074908112617,638.6010319224438,694.5615843638672,1447379,-0.053713069943419914,0.04362801435467066,Energy
2022-01-27,735.5527761520664,800.9623617830684,671.0442956588139,736.3812256991121,1582170,0.05846712167568167,0.04533747888488163,Energy
2022-01-28,660.0661082317367,763.7686825925242,561.0561919969762,664.1466805152385,1997032,-0.1032449248576853,0.04750947527457565,Energy
2022-01-31,671.9759150561574,680.4222539957482,661.3171736043173,669.735349968852,1415878,0.008379604834383467,0.059200062238335315,Energy
2022-02-01,674.8721141362322,681.121931255657,667.6423144684709,673.8829713912726,1176580,0.006173828580272581,0.053983799067824814,Energy
2022-02-02,652.4312797041401,680.5296542287671,632.308295995179,660.1680449275128,1121526,-0.020562046747243944,0.04936717404649587,Energy
2022-02-03,637.2000849713166,668.7244076776424,611.011668999911,642.3253474985663,1509849,-0.02739946900936624,0.04596861933574891,Energy
2022-02-04,618.3685639035833,660.8048377121564,571.4914939336549,613.6005576776555,1864219,-0.04575078821459381,0.04362454362176497,Energy
2022-02-07,634.6274775648325,653.6624338167621,607.217575969418,625.9935675447048,1564114,0.019995936645090112,0.044005122864324696,Energy
2022-02-08,615.4989276795657,633.5019406160361,595.9487639556845,613.9051600451554,1489865,-0.019499641810199787,0.041341701621856575,Energy
2022-02-09,671.9141597782423,756.1727552526161,583.7375123000029,667.4343338733122,1823575,0.08360055546597644,0.03904285387880103,Energy
2022-02-10,652.7861962989994,682.7993632625199,617.5265941336885,647.286920771348,949864,-0.030651349690175834,0.04866038925382839,Energy
2022-02-11,617.8982409601942,666.3858664196193,566.0900234668507,614.294887034486,1857373,-0.052314574628638824,0.04620814399585526,Energy
2022-02-14,574.8730414184296,631.1250205287049,521.17190373192,577.2059561581734,1969471,-0.062275938995745954,0.04710282650775502,Energy
2022-02-15,580.0507308227985,581.3358798067767,576.7784137373442,578.0591502145205,1039792,0.0014770535468570261,0.049564956357148304,Energy
2022-02-16,584.8927017311584,594.0667979390673,574.9732526317879,584.135471615182,681386,0.010456728423014542,0.04544969936122631,Energy
2022-02-17,550.5239668409176,601.2091436255946,498.7824145541313,549.3604716431372,2003078,-0.0613781050266526,0.04205878758378071,Energy
2022-02-18,529.3677576635894,556.472007811986,507.6392039679285,534.5315018556818,1291524,-0.027364157061071953,0.0456096925763975,Energy
2022-02-21,511.1171144052349,544.307473952757,480.7181871572343,513.7518448882565,870610,-0.0396503089556093,0.043318758168722285,Energy
2022-02-22,509.9378686061152,514.0965103348392,508.9087815735766,513.0611203816911,983743,-0.0013453757093342803,0.04286063342352146,Energy
2022-02-23,533.8877015951022,576.4077512281001,495.8167929094431,538.0406972695295,1050698,0.047539221665173076,0.03962194623365034,Energy
2022-02-24,532.8948918665704,539.4739643529822,528.5899906239838,535.1508388244986,969839,-0.005385553897264593,0.04116935192777987,Energy
2022-02-25,518.3240578749862,546.5162115585608,488.0226903388119,516.0935230461849,1237369,-0.036260653613952344,0.038213650167705324,Energy
2022-02-28,512.2048405347052,517.971938763116,506.52854091575404,512.2946439348932,963246,-0.007388059320206765,0.03828121859853037,Energy
2022-03-01,511.8223895698442,520.3320824235769,498.22397881894096,506.6476348478394,722528,-0.011084174285386536,0.0357847575231216,Energy
2022-03-02,516.1009359102545,530.2542884909043,501.8451021540478,515.99556508594,1167772,0.01828240898354158,0.03380632980270426,Energy
2022-03-03,540.3408037234224,593.516705422098,493.8263475239689,546.4742595528588,1488660,0.057389035313673765,0.03262562366483728,Energy
2022-03-04,589.6773302290634,639.7145912359166,529.2094618078658,578.279561450286,1376569,0.05657021610718964,0.03802065572489231,Energy
2022-03-07,583.4562752846894,588.3572041150521,576.6422195646752,581.5269423418279,1283600,0.005599881302697901,0.04167114843585127,Energy
2022-03-08,579.7100278297283,581.7874656716439,578.9294992825414,581.0051932981078,986643,-0.000897608010576133,0.03865089248854218,Energy
2022-03-09,574.6919932892439,586.9119233511713,560.6469031283369,572.827180858674,1195533,-0.014175628225926397,0.03598936019367077,Energy
2022-03-10,601.9669096515523,641.7328433981531,559.0735197857518,598.618240446354,1165613,0.04403999966223987,0.03415156662672698,Energy
2022-03-11,610.817978268638,627.6016983219602,592.9323733584772,609.6849609868385,1587210,0.01831829955943745,0.03638669864092277,Energy
2022-03-14,570.2272068022536,627.7295199080488,512.5609025921261,570.0448240263956,1936332,-0.06722736997913431,0.03477826167594719,Energy
2022-03-15,570.091838858935,574.7538929767151,567.2736060160922,571.9265900931625,907155,0.0032956477661372956,0.04177977835397451,Energy
2022-03-16,582.7823656480327,598.1692597342236,566.714141182758,582.082558635091,827853,0.01760164685042846,0.03870489759159113,Energy
2022-03-17,541.634915578742,603.7236618394966,477.44018352987814,539.25625945023,1056098,-0.0764213980979076,0.036673259656560736,Energy
2022-03-18,537.7424581094632,541.5348215912344,532.9416496045675,536.7268506377924,1045481,-0.004701585829895821,0.04529875155184579,Energy
2022-03-21,514.2405425474569,545.8781937925813,485.8979498391632,517.363479070183,1256439,-0.036743625292409626,0.04177196727617773,Energy
2022-03-22,525.4858379337728,537.6896893182817,513.2332619508218,525.4359548536895,486377,0.01548262643004147,0.04121203586383475,Energy
2022-03-23,516.1294149746174,528.0350594742953,508.3133140772243,520.1579516888739,1325239,-0.010095789506303658,0.03866137967286519,Energy
2022-03-24,514.0512967814313,522.2870938276604,507.6325105058936,515.8458989561686,1201813,-0.008324443255276821,0.036208432269719794,Energy
2022-03-25,528.2618244452372,551.9684723016736,506.5486378525743,530.1765832306858,1526082,0.02740205151800157,0.03404753893119526,Energy
2022-03-28,522.056467442384,533.8359375748599,510.9331458459535,522.6989272540413,1392151,-0.014204493562321552,0.033764164285915436,Energy
2022-03-29,493.10510051611965,538.6811500776244,446.0392656628279,491.4635965188103,2057775,-0.06161776264167821,0.03228436428900738,Energy
2022-03-30,479.79511213847434,495.5417316448934,467.4305575516586,483.0922092536396,1292905,-0.01718032589884222,0.03877288283041638,Energy
2022-03-31,507.5332181483591,545.3321645528904,469.8282908809929,507.6207355674065,1449713,0.04952704035796993,0.036700731519732986,Energy
2022-04-01,523.6749628264898,540.2091293899807,502.0506218567346,518.4188349175877,978285,0.02104889194911947,0.03931277291491679,Energy
2022-04-04,478.96412073440143,535.195359279245,424.58757697038146,480.62972081716146,1760192,-0.07568631470856145,0.03745468821457079,Energy
2022-04-05,442.6307540247054,499.3291590717715,384.7628815567067,441.28947686121813,2450051,-0.08539609223794323,0.045623959391147516,Energy
2022-04-06,402.8698160804705,457.436912428788,349.7803238164443,404.17537575385353,1494104,-0.08785218805177156,0.05347065009747645,Energy
2022-04-07,432.06585958928497,475.5075569993986,388.7065198959728,432.14070618504246,1359963,0.0669023618058736,0.05953981339658348,Energy
2022-04-08,535.2283307748999,615.5125803911347,450.8515922130914,530.4136378977546,3401468,0.20490590704380654,0.060061471891059974,Energy
2022-04-11,500.7988977750038,543.4762824585456,459.3743932569751,501.95606104623056,1459262,-0.0551445629534109,0.09635283563960759,Energy
2022-04-12,509.51780290472914,519.4648991029087,498.60389492918017,508.53174065965635,1036401,0.013015045652277308,0.08934894275889889,Energy
2022-04-13,496.1377948948668,514.1398882040511,478.93909893552916,496.9142754230951,1457377,-0.023110106555487717,0.08069693655713346,Energy
2022-04-14,460.7950053263328,516.8010929802281,402.5429475352261,458.2382855739987,1570177,-0.08102820416384815,0.07341463075924116,Energy
2022-04-15,463.5921045343904,465.14769887727783,457.7234462862377,459.26451931389664,1212077,0.0022370158704489666,0.07346156742212429,Energy
2022-04-18,488.2378071352884,528.3756277735856,445.25471616604864,485.1376763855727,1732948,0.05480638062259583,0.06646827925027808,Energy
2022-04-19,474.07132502162636,491.07130782635033,456.6914773006599,473.6773316828648,888614,-0.023906364446951107,0.06391390005888144,Energy
2022-04-20,488.2524360183887,510.2826667379085,466.1169346218877,488.1421910238492,1672811,0.03008038341692315,0.05876832850906954,Energy
2022-04-21,486.2484676585416,491.7700877112447,484.0853135160438,489.5920590671548,1113169,0.002965773380447707,0.054760364941956866,Energy
2022-04-22,475.6117881023711,497.8599310005738,452.36067537056414,474.55959902409063,1133648,-0.03118529783428333,0.05000277418926539,Energy
2022-04-25,480.3570309660278,486.3220670083887,472.5625693382894,478.504602063414,1102001,0.008278614527427428,0.047393041276648146,Energy
2022-04-26,515.3487124421947,571.5035619949151,458.48964179943385,514.558372105886,1678604,0.072643174349018,0.04367104999807218,Energy
2022-04-27,466.7704353810222,532.7438569346108,407.8303844013126,473.0152593480923,1886997,-0.08418135413338988,0.04916587336021369,Energy
2022-04-28,492.12998300881014,522.0826178015661,462.47095802675176,492.4069037352666,1880975,0.04017776604563894,0.05564891319853188,Energy
2022-04-29,461.480931791237,513.7319994520625,404.9074488172037,456.60662416814466,1267318,-0.0754831732093646,0.053099709648969866,Energy
2022-05-02,446.75189668965254,467.7760558418966,421.6794864399094,442.5037265644331,1728725,-0.03137335555898647,0.056659683616370145,Energy
2022-05-03,432.2485668139052,447.32032304389816,417.46872150824333,432.53082645391595,1387065,-0.022795287157115495,0.05306504418032948,Energy
2022-05-04,437.1654777414177,440.94315923780414,431.27054608658506,435.0297722946222,566260,0.005760871933291031,0.049301753504054587,Energy
2022-05-05,463.70058499960356,506.8835066820458,419.78656020688794,462.89440497554796,1337303,0.06208449026430721,0.045271497276701746,Energy
2022-05-06,460.03549773054834,464.76868033821097,458.9193234191517,463.64375139793805,964122,0.001617519107261608,0.04814332105543156,Energy
2022-05-09,481.24262029763076,517.4753957233743,448.90098467338385,484.88872566870634,1681012,0.04480295282830493,0.04421103872345052,Energy
2022-05-10,474.54735206776485,490.98095118868406,457.4139811287411,473.82247781721674,1414419,-0.023086700830889983,0.044325934207024346,Energy
2022-05-11,484.0027038457284,494.84414298175676,470.17809004467887,480.9511763611187,669128,0.014933028334877455,0.04185427239779248,Energy
2022-05-12,499.0677960558124,531.8789674771219,468.3853031389662,501.07318408834027,1325898,0.04098640593433499,0.039177460288365155,Energy
2022-05-13,492.75227294333416,506.74113138989776,477.720585838129,491.6789741567587,876275,-0.0189261544656839,0.03974772366349118,Energy
2022-05-16,499.8718274638695,515.118589523145,485.787202681395,501.00211716405585,718952,0.018784314976546097,0.03765149568838194,Energy
2022-05-17,479.3923665484419,509.8174303276251,452.05387896960633,482.31241978215536,1932326,-0.03801824905371891,0.0358752794473926,Energy
2022-05-18,462.83436616450655,490.83709354614564,436.3111033186388,464.23364348253136,1072910,-0.03820411041883107,0.036693822770452765,Energy
2022-05-19,454.0327659254168,470.18789769107116,437.2202834503649,453.3511628073595,1470026,-0.023720948469033446,0.037364186215434345,Energy
2022-05-20,445.34179563532473,463.1740299122467,423.734530242237,441.40930081459936,1480490,-0.026694454239703676,0.03607309854550762,Energy
2022-05-23,429.60039593829185,450.19821173774505,407.0248586826854,427.52307427364445,1719994,-0.03196430294167586,0.035325682357351125,Energy
2022-05-24,424.32420326869317,430.3922259556588,417.4108376438954,423.46659617228266,1411154,-0.009533626474319839,0.03537768458494788,Energy
2022-05-25,405.9490332249419,430.10924107973796,385.49838313890484,409.4806760681696,1260055,-0.03358492226404697,0.03339008772579708,Energy
2022-05-26,414.8903820313265,423.86108661066834,406.2448448582564,415.2089118732951,1295387,0.013892082579726425,0.03407507031821727,Energy
2022-05-27,418.01649245176685,426.3967748805679,411.3159487274623,419.6697307767725,1428716,0.010686250973822054,0.032524403568911946,Energy
2022-05-30,412.4038472007126,425.68659579422206,397.52497739510244,410.7546070809443,1166552,-0.021472073524805364,0.031038667110429997,Energy
2022-05-31,397.33316952136505,416.4030588979763,379.94387247604834,398.94329468095583,1568070,-0.029176684923744926,0.030657406544126794,Energy
2022-06-01,404.2609176736843,419.01498586130236,392.2494567223945,406.92438749562854,791634,0.019808099878348594,0.03129845207482979,Energy
2022-06-02,419.6569683017781,441.6792139233651,398.7174121055015,420.6882024050335,1132974,0.033264559355088597,0.030700628738560533,Energy
2022-06-03,411.6259648180087,424.01494434022254,401.53394755915673,413.86795910800925,1024673,-0.01634496382869323,0.03193747830242042,Energy
2022-06-06,404.9205569086236,419.06886838981205,390.21076585351403,404.33874838863454,1384810,-0.02329397086217628,0.03092047368069017,Energy
2022-06-07,408.76473687325915,413.3992347261492,402.7874401514461,407.406539011947,1000541,0.007558541519245583,0.030761207971888724,Energy
2022-06-08,402.32450217458603,409.10271893507235,397.21328523437734,403.97058974460924,1676161,-0.008469476608363398,0.029420592536462557,Energy
2022-06-09,410.638954623021,420.06116196646883,400.78548205402205,410.1975615291725,1490551,0.015296823381174702,0.028341080029882195,Energy
2022-06-10,397.9164082800723,414.3246444503715,385.3861450190232,401.6759930408946,689846,-0.020993124854554377,0.02788677777444676,Energy
2022-06-13,396.2368842371743,403.72436028328906,390.0468387523218,397.5143579973517,1038278,-0.010414721985930938,0.028075693996532636,Energy
2022-06-14,400.21861854496734,420.08641861889055,386.8247733977867,406.4829300073796,1717287,0.02231088131427644,0.027328842635870734,Energy
2022-06-15,417.5691450484287,430.720311401133,402.03418446312565,415.10783281179704,925839,0.020996389074962356,0.027787745961230972,Energy
2022-06-16,420.7984022378235,430.1306788543877,411.76523043532836,421.0912211824135,1186468,0.014311163024790215,0.027997398336502742,Energy
2022-06-17,422.2599732303037,422.6309181858142,420.9677706260343,421.3379055678809,1282866,0.0005856501981828398,0.027528255646854263,Energy
2022-06-20,424.4731297926214,425.6827587188868,419.3397870135118,420.53820250473007,1032209,-0.0018998123263324414,0.02657621747145454,Energy
2022-06-21,427.1988762982681,440.9111713771214,414.9698361382267,428.64085303858843,1568723,0.01908407042329256,0.0257987918535603,Energy
2022-06-22,448.6580107456223,484.1144339496616,415.18248163126833,450.50136726057065,1617574,0.049741716129130906,0.026212447243072173,Energy
2022-06-23,453.86856553534466,459.1365992209618,441.8402071100015,447.028852529386,798966,-0.00773797245230146,0.03195011206392444,Energy
2022-06-24,445.87430198685024,449.4977870133993,444.39937199955847,448.01577314615366,585769,0.002205300134618509,0.03042415424245595,Energy
2022-06-27,447.4296654120769,451.14405855319274,441.84438424085556,445.54311595650086,978915,-0.005534416435702001,0.029004014056636412,Energy
2022-06-28,430.2568832789628,452.3090951550891,409.3226781168359,431.3230171113315,1112095,-0.032436754220856054,0.027885134568630208,Energy
2022-06-29,414.7069978470184,439.01675644421454,390.7036465445138,414.99664054531877,1412901,-0.038586843927752586,0.029662873050096242,Energy
2022-06-30,424.89269198887,446.93405173863374,405.74013828859637,427.65689809380564,1696921,0.030050809002500387,0.03205074895715561,Energy
2022-07-01,427.3366174023555,432.4142405699168,419.24132483730574,424.2826608250699,1216725,-0.007921348121966158,0.03251550515104144,Energy
2022-07-04,415.448679592918,426.1096100397979,409.9866900388531,420.5801559073075,1708883,-0.008764804290495268,0.030906611324962963,Energy
2022-07-05,411.44700968174124,425.1763795633218,397.6019908748166,411.3273685098544,1286563,-0.022245667215972473,0.029592197755683267,Energy
2022-07-06,423.4792359064458,441.2143085456007,405.2594090735554,422.97329311256186,1744754,0.027919625702849376,0.02957683199552889,Energy
2022-07-07,446.861188880692,480.3070246729405,411.33634852779335,444.6139901670492,1632195,0.049897427694156116,0.030277995601120534,Energy
2022-07-08,439.0905264623917,447.53536085087063,430.50754568480914,438.949671063541,1360906,-0.012821705896680273,0.03474001450303684,Energy
2022-07-11,424.2057446373642,447.2457656411544,400.3470987166521,423.34010390087207,1738485,-0.03620887787754365,0.0330174848747162,Energy
2022-07-12,388.1977889749316,436.71222197660785,345.3768398064416,393.3256352609833,1866713,-0.07353802689356251,0.03418751046119505,Energy
2022-07-13,380.45586427695247,402.12589591996505,357.101936766899,378.6702640687607,1169865,-0.03797204648025073,0.04296748662811458,Energy
2022-07-14,344.6790629401461,391.913680556722,301.708735693435,348.4706634069525,1781270,-0.08311176369919306,0.0423467280057682,Energy
2022-07-15,321.0467399937914,360.05290672249987,283.4134351323074,322.2755589182232,2169408,-0.07814709443285776,0.05070237753808184,Energy
2022-07-18,326.46658300992846,332.53100030834116,320.23025369702435,326.29141712793535,1426677,0.012383947013301201,0.055431309976005864,Energy
2022-07-19,320.2379362984327,330.75683649093537,308.73832933863287,319.2239220640421,901481,-0.02189809305353497,0.050804610244239407,Energy
2022-07-20,316.05960746821745,319.765983206629,314.43847894968786,318.1342136471001,880897,-0.0034194573433274436,0.047294986093268404,Energy
2022-07-21,311.56480045939185,323.15123769397906,298.80298074099863,310.3440197167619,1790796,-0.024791926040218876,0.043488003758834305,Energy
2022-07-22,310.35367309104566,312.5009755040919,306.77847156508403,308.91582567237657,582322,-0.004612592233154771,0.041293596552737594,Energy
2022-07-25,313.0162080179809,327.7115153870551,301.8056013751263,316.3804202239941,1141656,0.023876520034623098,0.03830561700422816,Energy
2022-07-26,342.9353147762763,384.16927922237625,301.569350185411,342.78527397882516,1372917,0.08015887675104769,0.036869627969431086,Energy
2022-07-27,334.88704133060816,348.63974998265354,319.83097539007207,333.5278672351488,1642105,-0.027377805955906134,0.04638224230868805,Energy
2022-07-28,345.33922812416483,363.3244035460667,327.3275515631016,345.3112709845882,1339200,0.03471982320995864,0.04397137205170393,Energy
2022-07-29,360.884246168266,382.14160929917887,337.98639092787533,359.1410750948244,1741000,0.039269033134799104,0.04275049902219988,Energy
2022-08-01,365.70496152971117,373.3415888834378,356.5710511094805,364.17574547240457,909014,0.013921290214901268,0.04234846724285287,Energy
2022-08-02,350.05960859390456,369.4881078396571,333.744602074952,353.0344545585133,1499411,-0.031070911198020544,0.03954471507600367,Energy
2022-08-03,345.7652255941174,356.54441549030156,335.0115822329045,345.79000157148255,926895,-0.020733998226176432,0.038676062632526875,Energy
2022-08-04,353.8931732477743,367.0709773215936,341.0757207831222,354.2409296679909,1431069,0.02414561499265027,0.03689383497239852,Energy
2022-08-05,361.6925172812186,379.0695937394688,346.8125747849453,364.0909791050851,1809242,0.027426505084343206,0.035726399982120446,Energy
2022-08-08,359.99183257049003,364.4318555720395,359.7896699203299,364.2273143783973,798558,0.00037438377183277336,0.03512737538896395,Energy
2022-08-09,365.99576193598875,369.0903088812549,363.0762492869191,366.16941105006623,819431,0.005317935256274521,0.03297221596822155,Energy
2022-08-10,347.5291151469212,374.0246892853893,322.8984573814573,349.2706057219537,1609964,-0.04724910171444878,0.03120858353069752,Energy
2022-08-11,316.73449420669687,361.8263629349716,275.89720486561566,320.5031697909237,1641919,-0.08595482986123458,0.03484325172422012,Energy
2022-08-12,328.9254051508513,342.4590391373637,315.69313053351726,329.2151100397498,1353936,0.02681920056466995,0.0466848655245462,Energy
2022-08-15,333.0500693250707,346.87226769064927,322.5119298455373,336.23340336167894,1363710,0.02109420464594423,0.044175465623750576,Energy
2022-08-16,341.23593812731633,352.8021039397178,331.3024145312637,342.8223978256853,836059,0.01940695080470768,0.041568283954318844,Energy
2022-08-17,342.422534682389,345.0838422751674,338.4000689335569,341.05071474315685,858328,-0.005181332658196406,0.03922795235104627,Energy
2022-08-18,341.4307715980578,349.52363315659295,336.3813628625942,344.429870838607,946255,0.009859311961113924,0.036538920724920154,Energy
2022-08-19,328.31609979272685,351.5717398091844,305.9067112647802,329.1082805648801,1502491,-0.045503684898170166,0.03438975264589125,Energy
2022-08-22,327.78607466040376,329.39539316016237,326.92518572250015,328.5325437150825,1244638,-0.0017509162315605085,0.03683356988581559,Energy
2022-08-23,320.4003528855364,334.01134331013236,305.7920153853436,319.3587575955065,1293284,-0.028320797822713444,0.03443587304794377,Energy
2022-08-24,326.35789471924676,335.67711299551195,316.2019424933995,325.49656532786304,735511,0.019036806783918777,0.034190256220983956,Energy
2022-08-25,314.30776325562175,330.3388729548946,299.34823626334844,315.33066098569043,1278971,-0.03173010393236128,0.03300816411502561,Energy
2022-08-26,343.0944003031671,386.5440634881099,299.6542752916511,343.1028665427331,1630178,0.08440849898867717,0.033505985180700755,Energy
2022-08-29,345.50628795389133,347.5233235506661,342.42998946500586,344.44080486436525,1040936,0.0038919418972464784,0.0454625124643557,Energy
2022-08-30,344.8691772126645,345.59321658464023,343.23692014565233,343.9590487384328,1259768,-0.001399640636347213,0.04190160036820897,Energy
2022-08-31,347.36780896904355,347.4978591866182,343.9161026347415,344.0449087995315,662405,0.000249591766453733,0.038792900636847316,Energy
2022-09-01,342.3009072542649,345.72970584843756,338.33172020778545,341.75505100712274,870711,-0.0066779423630053915,0.036109841543043766,Energy
2022-09-02,343.51783258764914,350.51640903482445,338.2767497383911,345.2489149050342,542242,0.010171394033662412,0.033909080821242076,Energy
2022-09-05,364.0450303351698,395.36068333955734,333.7229302580359,364.9621909645648,1383213,0.05552811245945208,0.03217730874702583,Energy
2022-09-06,369.468671613938,372.54727761027146,363.9372071100161,366.9952028725626,965897,0.005555014958616613,0.03729355238586925,Energy
2022-09-07,339.9029419111388,377.6838769427924,305.8211167169155,343.2649460000401,1819268,-0.06684619046953956,0.03488948220201365,Energy
2022-09-08,342.1741310194879,348.13357162345454,333.3929444781874,339.3023693398548,690101,-0.011610931518426593,0.04176221679584546,Energy
2022-09-09,346.45547978703013,358.26693743779623,335.03950975295135,346.83835149154226,824203,0.021967170772025958,0.03892927254613674,Energy
2022-09-12,334.4928881099548,352.9225574661427,315.908905553032,334.3295768952212,1507940,-0.03673156193808168,0.03721255295644495,Energy
2022-09-13,341.9716953279498,356.39916755574734,328.70503450538496,343.0891553018814,1522945,0.02586307776114267,0.03755263538542462,Energy
2022-09-14,317.45219777814367,352.5966680697549,287.4056025651775,322.10928344392244,1966066,-0.06309946384214282,0.036448527517642645,Energy
2022-09-15,320.0416851505377,325.82531700199627,312.50061422755334,318.25190202136764,1307789,-0.01204766362177291,0.04195268140582156,Energy
2022-09-16,319.95691224121316,322.93756689997207,313.33509748319176,316.2815128557154,357346,-0.006210533449395285,0.03911257996504707,Energy
2022-09-19,326.05071989028943,345.62153094558374,308.4199208821282,327.8912096745263,1698825,0.03604919507429936,0.036463964925343345,Energy
2022-09-20,329.7890058600692,333.5660882259106,326.38318952903586,330.15647692616733,788571,0.006884839034483503,0.036859574879358946,Energy
2022-09-21,336.9666156208258,356.60599297704925,321.1702125706491,340.6375050771667,1700750,0.03125216231697706,0.03455448971565443,Energy
2022-09-22,339.968136833238,343.113872789917,338.4886742296411,341.6271903695244,1028822,0.002901178950431348,0.0346657591151617,Energy
2022-09-23,360.2466822922781,394.41209307220896,328.3931120521244,362.37071276424183,983354,0.05894770038772109,0.03259807371486384,Energy
2022-09-26,362.8707961049831,363.21962312889366,361.7904331764238,362.1385562995662,1042012,-0.0006408654313597406,0.038357948786214284,Energy
2022-09-27,355.5849512909058,366.2810166357297,344.2718263133355,354.9487547406696,1313915,-0.020053464591219247,0.03573691920610725,Energy
2022-09-28,356.42218378951003,361.3233556113527,352.6034389214582,357.4931364436141,1211128,0.007142736978285421,0.03438056328496905,Energy
2022-09-29,364.4949463314888,374.7617290051845,354.0091676120609,364.2696030072548,1123217,0.01877809788956327,0.03245414163345804,Energy
2022-09-30,337.175905222624,375.0566639389581,302.7053048913076,340.2697678669318,1513273,-0.06815552317033012,0.03155169712367541,Energy
2022-10-03,353.9854433700581,371.5952742204859,334.2456705092794,351.7439953018139,1201711,0.033164887013010874,0.03991470874127141,Energy
2022-10-04,354.91181396842273,360.7465524889927,349.50575602423646,355.3340628015704,917238,0.010154744045173426,0.03923689129770973,Energy
2022-10-05,375.66050066843013,402.899479112245,345.89154871126397,372.9327382999197,1353695,0.04833970814134445,0.03670278919864374,Energy
2022-10-06,360.06167991764113,377.4248824719624,346.36594660249466,363.5947607036029,1225090,-0.025358124415941156,0.03909200551834886,Energy
2022-10-07,365.84355119591635,368.3293841374066,362.76376248775057,365.2455320098158,1168535,0.004529865172082846,0.03766965738417921,Energy
2022-10-10,389.7672605694786,424.0306143933907,353.24471922190435,387.290333268534,1669644,0.05860480905767682,0.035189208881768644,Energy
2022-10-11,407.5829078989374,441.294592764269,374.9139137499962,408.54822550971613,1251331,0.05343533551222359,0.04007247040154637,Energy
2022-10-12,397.8042172203735,413.14283844549965,383.7277975699375,399.0232818338707,1043700,-0.02359019678707607,0.04257866331229568,Energy
2022-10-13,402.09046067035416,413.29786965130245,393.55708878586165,404.7089273123748,1037589,0.014148345076819948,0.040420646497024426,Energy
2022-10-14,426.14838772797475,458.64695723839003,393.34339026061855,425.81666198148156,1792580,0.05084077197254002,0.037908960429585074,Energy
2022-10-17,439.5684388160425,462.9531400374985,417.18444066177284,440.5206526150354,1609547,0.033948446063082394,0.040464664077390404,Energy
2022-10-18,445.0217705751594,455.55011675877444,436.00988720878684,446.5081338922442,1532395,0.013500288393719565,0.039784240342521836,Energy
2022-10-19,448.4207302731883,462.16491077622226,439.09062108746565,452.7448317558342,1078094,0.013871064316523395,0.03733051421708886,Energy
2022-10-20,461.49553711255015,470.2714032987623,449.8017068115071,458.52100893776685,1377211,0.01267743019592398,0.0352663408530115,Energy
2022-10-21,434.74315699849524,467.96673537924454,405.2826399359575,438.2673970010487,1107284,-0.04517689213087825,0.03345264448716288,Energy
2022-10-24,446.6467589562567,464.493573767014,430.9091467789321,448.6841732354097,919621,0.023490020337474923,0.03607500902201355,Energy
2022-10-25,467.01453985644366,499.698532806113,436.25780888266775,468.82271846698,1128260,0.043905458108763624,0.034984170407041736,Energy
2022-10-26,482.77019110135626,502.293751877754,462.15669724308583,481.63432271553717,1117769,0.026960461569866413,0.03699009503929677,Energy
2022-10-27,473.6989564878871,485.18144173918046,462.90805665756693,474.3751384305325,1101018,-0.015186719585685645,0.036106006121170514,Energy
2022-10-28,465.881242861229,479.8833729262651,450.99020037616543,464.96478619990074,2126441,-0.020036765849084173,0.03431487156006473,Energy
2022-10-31,444.8883122585392,474.8819779719813,414.55987700449776,444.5293414760695,1374770,-0.044945611272148946,0.033199836234545574,Energy
2022-11-01,442.59095797990346,449.1153133946142,433.693271859087,440.1821178975874,1387148,-0.009827517255043739,0.035844099886795655,Energy
2022-11-02,424.39474604366364,447.6745021397077,401.0970102916604,424.3757228914107,1236675,-0.03656934385272997,0.03379832261615057,Energy
2022-11-03,432.43021095703835,449.0940012765944,417.592167075532,434.1953885854951,1229116,0.0228754351654684,0.03484908644147212,Energy
2022-11-04,455.19192484110476,485.2569262836194,423.77216846371584,453.74136155623086,761369,0.044032710602250634,0.03391253294499821,Energy
2022-11-07,494.1044206895281,556.0108254353311,431.4670207816741,493.2687205526743,2130924,0.08352675015456834,0.03620607480856913,Energy
2022-11-08,455.2781523711116,509.6018900109198,402.15155325004974,456.35019391153287,1836756,-0.07779361377855981,0.04685308507603865,Energy
2022-11-09,428.8639955198273,466.5580928990868,397.0219569488517,434.31158495175333,1636406,-0.049498269697956745,0.05257324620587141,Energy
2022-11-10,442.41485340115446,454.40801579078567,430.24373208556085,442.2319358721702,1597273,0.01807227205782295,0.05175585743432609,Energy
2022-11-11,438.48973668333065,443.95252907946883,433.2897947516777,438.7495066002668,1462601,-0.007905836019461628,0.047874064749189885,Energy
2022-11-14,424.70258347352177,448.99216670303525,398.1815494964202,422.3357699664252,1488089,-0.038127989130426136,0.04407852308055129,Energy
2022-11-15,416.66324521129263,424.0974413797939,411.3596491136329,418.7670663006712,1348047,-0.008485823437534519,0.04327117390179793,Energy
2022-11-16,391.5586267846263,430.35875715567823,354.5457079096666,393.19148852328084,1326417,-0.06301809630041832,0.04010881415080309,Energy
2022-11-17,425.11034510636534,473.3903850176976,375.9501954901861,424.11747448210565,1763592,0.0757137379617713,0.044527133831701426,Energy
2022-11-18,430.01416718917983,439.43805501348476,420.8000059717178,430.2194941372528,791959,0.014285050618511947,0.05045808196151104,Energy
2022-11-21,432.17853352222687,434.4387208193423,429.46427320124616,431.7220733239376,1073017,0.003486502485743625,0.046555599328799,Energy
2022-11-22,400.2575599171982,448.60711109783756,350.20295707606465,398.31824680064716,1895956,-0.08053073157967164,0.04284579813737165,Energy
2022-11-23,419.5266061062601,459.07844697817717,382.8828277924925,422.20106647684344,1596257,0.05823036057056211,0.05041219836246272,Energy
2022-11-24,428.24337142744156,438.90929205981433,418.2014551523297,428.8530787054102,978724,0.0156327249800966,0.05139774342143517,Energy
2022-11-25,431.96914752287034,432.5751947243113,427.85103640532634,428.45214930314694,1298341,-0.0009353248257294662,0.047434583761197344,Energy
2022-11-28,406.71052467699053,442.34781959271044,368.7287591574879,404.14089476871686,1521352,-0.058415494974831776,0.04359085929593361,Energy
2022-11-29,401.67782801305475,405.4680704120383,397.8169820255439,401.60655186090787,1474927,-0.006290683950588689,0.046173433046498666,Energy
2022-11-30,415.17207288870634,432.63591830013144,395.6544372986732,413.0280983193598,660904,0.028042742679220856,0.042562009364273734,Energy
2022-12-01,390.85305742364915,421.4442333748092,364.6839130942594,394.9975959449256,1481307,-0.04463594665113025,0.040831103652063695,Energy
2022-12-02,378.1220133729462,401.8507622624853,356.8847727733384,380.4810275226195,1454425,-0.037443364572837354,0.04162449255393797,Energy
2022-12-05,364.69195135874213,385.78653053104904,348.49296367282057,369.37933724590226,982171,-0.02961218388207464,0.04118712829123235,Energy
2022-12-06,361.24417235835966,374.0768026638503,347.9198414405964,360.73436151890826,940806,-0.023682283410901107,0.03985769492384897,Energy
2022-12-07,356.9007339846286,362.58227625499086,351.2994050909533,356.9797079159427,1108216,-0.010462907208845965,0.03814493751269268,Energy
2022-12-08,339.5141078411395,364.9007865414513,314.5313333336565,339.89032826529774,1018579,-0.04905593794288433,0.0357833742171825,Energy
2022-12-09,349.71843741918207,362.8517660398215,335.4193972097032,348.50724053413404,1179555,0.025036004616665317,0.03854001366647338,Energy
2022-12-12,365.62750673271177,389.2078657471291,340.35450980586194,363.81818020023724,1592234,0.042995231631839506,0.03717911176728698,Energy
2022-12-13,357.7996705269154,366.31636916807935,350.2165545465931,358.7138777112546,895548,-0.01412916520046905,0.038511265532372,Energy
2022-12-14,340.12382102196,369.27168907545547,309.76038694130375,338.7943196315283,1734630,-0.05713187620107639,0.03628276525725696,Energy
2022-12-15,313.7286407731997,347.85644792147053,285.21867723322634,318.87849358669115,1666857,-0.060583064119168126,0.04053096267680843,Energy
2022-12-16,293.54070602378476,329.4490463459592,259.24131199041204,294.9813206084157,974473,-0.07789809801391688,0.044325537753276675,Energy
2022-12-19,304.046960339878,325.15361293882853,285.97090553108075,306.9074949889889,1905501,0.03963434856376789,0.05081357779985183,Energy
2022-12-20,289.5785748924768,314.0656559627876,267.0488997063132,291.3946845476195,1524823,-0.05186773041831352,0.049002530434339955,Energy
2022-12-21,282.07855413332817,295.2711421181942,270.1605074686747,283.3014280434785,1138195,-0.02816720493875906,0.049239593925892174,Energy
2022-12-22,275.9605923334871,286.6018553962025,265.8267094283937,276.45000034711217,1391355,-0.024481473530701327,0.04646115369960925,Energy
2022-12-23,265.9828707853832,288.3118799604404,239.45862545158116,261.40317338288446,1449871,-0.05596603297328886,0.04378141642768237,Energy
2022-12-26,266.8808081791921,272.7289083803811,259.43755309287457,265.24991591204383,1601942,0.014608519413811093,0.045861524904285474,Energy
2022-12-27,274.11948769192134,291.6514300466697,258.24778484461996,275.6888595144964,977709,0.03860044873360556,0.04259853165493703,Energy
2022-12-28,266.301851811513,278.1731965908868,258.8258059404988,270.5771284078677,1487871,-0.018715718823479267,0.04213320680521119,Energy
2022-12-29,270.127149048224,272.66077202289824,266.36848728367875,268.8905113737744,1516158,-0.006252914559190028,0.039657375256243146,Energy
2022-12-30,264.5715282694247,270.3719567761527,260.0984018291984,265.8767626610483,990628,-0.01127137267184466,0.03693278720654953,Energy
2023-01-02,269.56504317111836,273.7133279659541,264.48476851629067,268.61848693864556,1240919,0.010259205585501634,0.034789095891695085,Energy
2023-01-03,266.70931400898485,269.5344883701604,263.9427310033809,266.76730383451087,1396169,-0.006915351558890471,0.03292434736264461,Energy
2023-01-04,268.5228786655133,269.9363856233254,266.2959232055165,267.705125502993,433736,0.00350933960099742,0.031215115448806587,Energy
2023-01-05,285.04122955071625,311.68059451082195,258.28756061782536,284.91514166432717,2018946,0.06230529059976067,0.029687607947612223,Energy
2023-01-06,293.93651034227133,308.62064204740176,279.63931395150195,294.30549794339044,1940884,0.03242694910344454,0.037247491701173606,Energy
2023-01-09,286.3708123343673,298.250604872472,274.4017840954732,286.27771457057435,1397071,-0.027655966847705698,0.03698143540544099,Energy
2023-01-10,283.5362583029474,289.804428778858,275.85328346380385,282.08946960639895,927271,-0.014738080915241767,0.036177743531896144,Energy
2023-01-11,287.1462648924922,298.80605114428823,277.12504568504363,288.72957542185713,1216283,0.023266236137415828,0.03434595982073226,Energy
2023-01-12,295.3336693749668,303.5274474390903,285.9595422736995,294.1196380862752,1188879,0.01849609196600017,0.03353973205626698,Energy
2023-01-13,287.82740002201774,298.89491710665345,275.6525754023444,286.6758117012972,1090200,-0.025634615476240477,0.03242293499711519,Energy
2023-01-16,280.39249265648886,289.0154015906299,273.29003024791155,281.875377081912,1246740,-0.016886953335274884,0.03224232308091233,Energy
2023-01-17,280.6693615148795,284.9151715728369,274.82569335139635,279.0469606307813,1458777,-0.010084962688341904,0.031215850093587204,Energy
2023-01-18,293.67381231906666,315.75212870572716,271.3322390772016,293.3891550053596,1334892,0.0501198165232228,0.02991319789852021,Energy
2023-01-19,292.6903384692662,300.41080169438266,280.670992041389,288.27498902723175,972652,-0.01758505426017487,0.03453460479086238,Energy
2023-01-20,281.4558695501345,290.5139262988617,274.68263515402737,283.6869997629398,1445029,-0.01604333071689735,0.033173728497846576,Energy
2023-01-23,286.13730051519553,291.81135805998167,281.2650596683387,286.9256927595861,739163,0.011351755114495128,0.03192186208592525,Energy
2023-01-24,296.71939013104463,306.0817625329343,283.7793790085982,293.02518844541413,1417774,0.021035300721342312,0.030570141884740824,Energy
2023-01-25,302.7903150474353,314.31542654077725,289.1158816825702,300.55594637354056,615329,0.0253753415495614,0.030232423676380033,Energy
2023-01-26,300.14840086030756,302.1841709417995,299.1744779224389,301.2068136611141,1242969,0.0021632031245813854,0.030459575619040554,Energy
2023-01-27,292.38878104089156,304.9006907690704,281.05449985523074,293.52246305878515,1182444,-0.02584294592360047,0.029033265656439163,Energy
2023-01-30,298.20609752349225,306.71881788611364,290.27535123509637,298.77299504348264,1004334,0.017729899677344476,0.029572336563812748,Energy
2023-01-31,291.15066813295977,301.2306523779274,283.715104231237,293.72923561918833,1094100,-0.017025695434381708,0.029099327711478804,Energy
2023-02-01,297.43587558325606,301.17364895004226,292.4781208209636,296.20036799287936,1046325,0.008377768506587871,0.02865131488015305,Energy
2023-02-02,289.81071699211475,301.3353481969592,276.9804970266874,288.4510600271215,1303354,-0.026510708608837877,0.02769921165415796,Energy
2023-02-03,283.9403769877259,290.2249824630078,278.567251975072,284.834929452046,1360156,-0.012615618038445218,0.028622014458295538,Energy
2023-02-06,292.67133200611573,304.1265457473587,280.92184944806525,292.36507627968615,1148394,0.026093465008964624,0.02791502896460068,Energy
2023-02-07,292.7909182267484,296.42819040975553,290.3602878897931,293.98762549894843,1092989,0.005534393738886221,0.028732027619047442,Energy
2023-02-08,313.48167514297745,341.87998501194437,283.9992966189395,312.28961801388107,1375801,0.060393343791710824,0.027658957970066723,Energy
2023-02-09,310.8718289712935,312.5272777962358,310.7299150408294,312.38467324778236,956100,0.00030433535032477774,0.035484049387626275,Energy
2023-02-10,289.9660480785226,321.04722177555925,262.49939599095524,293.2678142363376,1970070,-0.06314912215775326,0.033276239297066294,Energy
2023-02-13,298.7406623708506,307.2532214498738,290.3204949809804,298.8305213363856,923923,0.018790361118004383,0.03979972645381777,Energy
2023-02-14,300.21784515026195,311.7746923500307,292.52134745946313,303.98170298298413,1156796,0.01709091762338251,0.03768522563659039,Energy
2023-02-15,311.3935558824052,328.78905185445115,296.5301778413,313.81031741126236,1476058,0.031821206659177544,0.035776471385618375,Energy
2023-02-16,298.20794790745293,320.78771287967936,276.21474281656464,298.7542195773104,2018963,-0.049167491443954325,0.03571908597419157,Energy
2023-02-17,299.8868200224731,305.631809805465,295.77481914637025,301.49772051534813,1320171,0.009141228404757656,0.038513618558881864,Energy
2023-02-20,304.8201462789199,311.2714618860345,298.9518871970653,305.39219007666725,1139254,0.01283436403070498,0.03604404749901753,Energy
2023-02-21,298.5795647649906,312.49831038125643,282.2465684308894,296.0472670967673,921302,-0.031077691976276994,0.034118130416247075,Energy
2023-02-22,300.0945554736792,302.08808871705827,295.385896629113,297.3612726279935,1045822,0.004428678021682087,0.03429447330497857,Energy
2023-02-23,298.0526548973969,299.31778366715446,296.87848881994694,298.1432606520902,1215735,0.0026263056949991,0.032308368850278865,Energy
2023-02-24,292.70121212714565,301.80990388485924,282.9340742805109,292.0216174463814,1312334,-0.020746279551351055,0.030595737945881833,Energy
2023-02-27,296.56531752297934,302.03627842025406,290.1814167363693,295.63521942249207,1366024,0.012298495641073093,0.03022317921142446,Energy
2023-02-28,292.88611248039456,296.5134960239836,290.2441188337525,293.8626930837643,1148377,-0.006013699600998478,0.0292137022400744,Energy
2023-03-01,280.9790133187155,300.2081397848214,261.5428032645051,280.75671659507697,1956968,-0.04562411082826863,0.028074490312221874,Energy
2023-03-02,283.67038637762573,292.96323571933266,276.37142272123117,285.6142554575795,1264559,0.017153626196468968,0.03229203506072903,Energy
2023-03-03,288.4897667155765,298.5172561821835,280.7807910163154,290.74793800427057,793171,0.01781455609795544,0.03127870611844279,Energy
2023-03-06,283.06561147541845,293.8418064832937,273.61387211218903,284.34727167727954,1474865,-0.022260420623483157,0.030500651247148944,Energy
2023-03-07,283.4326127624219,285.0185813243985,281.70336097226976,283.28852327062737,1186141,-0.003730383615160429,0.030307766828823367,Energy
2023-03-08,283.48534570910516,285.16869131571707,282.35885140947903,284.0399929973718,899861,0.0026491535139928067,0.02892984528834711,Energy
2023-03-09,256.3994613316662,294.68612737644423,221.59018769851826,259.46118797008074,1473719,-0.09050792190269158,0.027759709308226996,Energy
2023-03-10,277.5338066383214,301.1818777194422,251.22625400726224,274.6266088919853,1905931,0.056805262435262335,0.044104804248215064,Energy
2023-03-13,240.9277015806361,277.65485438410946,204.78854634354067,241.43900381226914,1717026,-0.12879552020782303,0.04626243273185652,Energy
2023-03-14,240.23187555453012,241.85261835442967,238.98867495667633,240.60747403344394,1270757,-0.003450001781220998,0.06557753464149291,Energy
2023-03-15,249.37205757506936,262.1592444792646,236.20803325335322,248.97485245408257,820521,0.034185030000392976,0.05951567706553061,Energy
2023-03-16,225.99510636560933,258.20919716317513,195.71141665206525,227.69739779582594,1786034,-0.0893343524130765,0.055758273777745185,Energy
2023-03-17,252.5537624947927,290.94011994028665,214.67069812057377,252.99140864372754,2302869,0.10533798542993945,0.061516518545011556,Energy
2023-03-20,244.63197560947825,256.1850171085884,234.85471876687592,246.33951469755098,1390336,-0.02664480476095621,0.06922311260904641,Energy
2023-03-21,255.8195403288667,272.7333630549298,239.91154118467074,256.7664790413143,1224762,0.04145630450732464,0.06356070561707287,Energy
2023-03-22,272.3980592435334,295.71775623759316,248.57453300409603,271.847059520428,2083191,0.057072597014384024,0.05991464275402769,Energy
2023-03-23,266.06861173611287,273.6227991705551,260.71195873303884,268.22277721499074,961642,-0.01342173350981806,0.05882519640909967,Energy
2023-03-24,256.45310004735154,276.30594795330643,235.01170640531078,254.7312613134572,1650273,-0.05160878123469558,0.05380840478602397,Energy
2023-03-27,279.7145390733564,325.83991974856997,237.75735821235293,283.33906065093043,2090165,0.10643516243681345,0.05306406962882593,Energy
2023-03-28,309.77932548632447,352.37272154076004,267.6763262266123,310.2110459155893,1733628,0.09060858444660977,0.0636545596080983,Energy
2023-03-29,325.0126691398902,344.7753416890836,303.4015066133798,323.0445031509755,1242440,0.04053723526428086,0.06762403199627713,Energy
2023-03-30,318.93994887820287,323.4902658741752,317.61229516012276,322.14925276273675,690616,-0.0027751383350791176,0.06328426249216751,Energy
2023-03-31,328.32760328107037,346.55426247658824,313.75351783718776,331.824934513649,1572846,0.02959256811030547,0.05748976876157071,Energy
2023-04-03,348.2765380263514,367.44699089173355,325.280114438011,344.2277042366926,1400998,0.03669584515419688,0.053622913226638085,Energy
2023-04-04,323.9840648488355,358.08666915823505,287.1221402263186,320.90012905797767,1769805,-0.07017341902357903,0.05101295145417843,Energy
2023-04-05,355.02929788004786,409.62819133420885,301.7749031980407,356.19842724713817,2064247,0.10435800519044465,0.054041680983033025,Energy
2023-04-06,369.18394515123634,393.77097669691574,346.57126435458656,371.04434554870176,1115322,0.04083362976394956,0.06379648590539184,Energy
2023-04-07,347.96721782196107,381.2871829830227,315.1777777769943,348.45205595891287,1741023,-0.0628209370798519,0.060050820885782945,Energy
2023-04-10,335.8989550438398,358.4637645928027,310.808051977548,333.19094449020656,1427385,-0.04478491564230057,0.059806783825781126,Energy
2023-04-11,360.7033301125348,409.0712544768711,314.6739914552324,362.7772615103543,2087239,0.08507330875476324,0.05711684877188314,Energy
2023-04-12,347.5430965107294,373.5597744068169,319.2818247391927,345.1168787546775,1635271,-0.049905902620020995,0.06160752965568922,Energy
2023-04-13,369.73183805608164,405.7139461616398,332.41234719917543,368.25026986750595,1690337,0.06487964952245615,0.059245084485290034,Energy
2023-04-14,329.99933931663503,379.4992402141303,279.8989589518188,329.29289288449274,1971543,-0.1118151815255279,0.05949276734913947,Energy
2023-04-17,266.56244160530423,306.93952008389846,226.57807536450858,266.9039305077378,2954330,-0.21005882383434774,0.06933185931752502,Energy
2023-04-18,294.2620181612934,335.77582061657694,251.85758233942317,293.22509858834405,1831305,0.09405178580795447,0.1027824488603988,Energy
2023-04-19,288.47415432229064,299.171764700179,275.45651609780913,286.06477856454455,1218959,-0.02472228497793869,0.09938936661958461,Energy
2023-04-20,289.8148763651602,297.7075836565221,282.8281130897985,290.69949429823106,1062308,0.016071784312775353,0.08996819251165003,Energy
2023-04-21,282.93220302755793,293.7815076587095,273.5211896295122,284.32419327844656,1017918,-0.022174955218580646,0.08132752220927497,Energy
2023-04-24,291.41824663364997,304.1006706760946,279.51870568815826,292.1704162352221,1457959,0.0272221365293139,0.07392626049518533,Energy
2023-04-25,290.00475180688215,296.5866376247713,281.25153894863826,287.7830003711525,1312989,-0.015130524073325317,0.06769955908441865,Energy
2023-04-26,312.32717929248633,345.68502947312123,276.0163409417798,309.0210865812236,1921303,0.07120279073203585,0.061651635452676955,Energy
2023-04-27,334.2983215595911,374.4262624252404,294.4704112695356,334.5664121378478,1818781,0.07942588544716118,0.06245970648663291,Energy
2023-04-28,351.20032542882444,376.6663083323195,325.67554043941203,351.1369261828317,1638657,0.048340849100676826,0.06455418374804922,Energy
2023-05-01,343.5869981199994,354.9180754637999,332.17288482057364,343.50113035077294,1186679,-0.021985848137057094,0.06151682505841539,Energy
2023-05-02,313.55375501359583,355.84892937084436,273.1287938597881,315.2103867426559,1952359,-0.08595009203882728,0.05656821050696237,Energy
2023-05-03,313.74909250941425,318.6020489380272,307.1511730773591,311.97671501794156,1465458,-0.010311756632873415,0.06138471063864713,Energy
2023-05-04,321.80002084333785,342.2294997276897,303.6333233314077,323.9418866598861,749409,0.03763558387249499,0.05595012072266415,Energy
2023-05-05,309.2621244456507,334.16856421152625,282.2831810077008,307.008092178742,796864,-0.0536900314159497,0.05307351866155187,Energy
2023-05-08,301.9065839471797,312.9068742271796,288.72276772740355,299.6404904600718,1818377,-0.02429071521877228,0.05278097789461016,Energy
2023-05-09,286.12023090623575,306.45991793920643,265.4563156479645,285.77119010235526,1301860,-0.04739193489522047,0.04916473460606683,Energy
2023-05-10,285.5278085195027,286.1209470525361,285.3182151485123,285.91107234447577,1170599,0.0004893705965737581,0.0486891797741029,Energy
2023-05-11,278.2868226931534,293.05807844272397,261.3223717173214,275.9706888186307,1896168,-0.03538616646575886,0.04468271370672385,Energy
2023-05-12,278.2227331502781,282.51921583517793,274.29131012952286,278.5827062192542,859091,0.009420325401978574,0.043417312675118405,Energy
2023-05-15,282.8002454663013,290.42766867985364,275.6819707161704,283.29689297376956,544361,0.01678045396411347,0.040266137281158125,Energy
2023-05-16,282.12157752031277,283.55027643105353,281.3618558501783,282.78875811862434,789345,-0.001795258334632394,0.037938463259893876,Energy
2023-05-17,288.6236167580792,300.7607980261254,277.83543716076684,289.92401221997926,1031036,0.024918680641334782,0.03538283536534437,Energy
2023-05-18,287.29563249531395,290.8961496244107,284.36598455989815,287.9597296719422,1203975,-0.006798218986647429,0.03456439103367187,Energy
2023-05-19,289.24526575670524,292.02078403436997,286.8087300966672,289.5814167158878,632821,0.005615846822738785,0.03259892742455529,Energy
2023-05-22,282.83654796253813,292.4400662965762,274.1052452286705,283.6826441588165,1414124,-0.020580326450653913,0.03090117660730103,Energy
2023-05-23,282.4190583267435,287.12204328774436,275.8788376762142,280.5507099554284,1524622,-0.011101670425182442,0.03045387739015854,Energy
2023-05-24,284.36134664109954,289.7807119724799,278.72283725010726,284.13794498744005,1335232,0.012705349245234105,0.02933322316777093,Energy
2023-05-25,278.6005365130663,286.51465592204954,271.361052321512,279.25808521133115,1672187,-0.017323451184894582,0.02850551297634737,Energy
2023-05-26,278.73320801539046,280.4686670613089,276.36981137040505,278.1013362327764,1378419,-0.004150824745701135,0.028196927318044435,Energy
2023-05-29,285.87431906382886,299.26884249017047,273.12619536944555,286.49312413926066,1011617,0.0297289702601488,0.027177891199533732,Energy
2023-05-30,276.6944803234774,289.99066353740693,266.0197979781452,279.218602305696,852286,-0.025719540514752677,0.02869637550200855,Energy
2023-05-31,281.1582311466837,282.2537569851533,278.85405929996983,279.94485725819516,585624,0.0025976495726305095,0.02929180411318705,Energy
2023-06-01,296.3791455855905,325.91999036939825,268.60351416558194,297.9931043042369,1931622,0.06247770090824942,0.02806100493673713,Energy
2023-06-02,295.4600399631744,301.33923094702646,288.21469067059104,294.06614533956076,1387886,-0.01326562013729479,0.03626920822219268,Energy
2023-06-05,300.6552039336737,311.6986510647865,290.0406830175968,301.06950345707367,760592,0.023536420407164145,0.03433308715650059,Energy
2023-06-06,306.05189672843596,312.77510075757726,298.79979217453206,305.5111166003282,828399,0.014645019577854803,0.03355746059811601,Energy
2023-06-07,291.6044099513492,311.4094358691507,273.2042860238744,292.9259248685756,1325430,-0.04206640526125718,0.03214115771406888,Energy
2023-06-08,298.9354941392026,316.8355039722309,284.6641600061382,302.3988284778036,837599,0.03182700931106506,0.03452362355114492,Energy
2023-06-09,303.568223386473,304.69686266123466,302.0222041483951,303.1492858511858,775171,0.0024786065378671015,0.034719565733659856,Energy
2023-06-12,298.47291107692405,307.898698412272,287.45966910378104,296.8336897596108,1592496,-0.021053361931213148,0.032638629250361845,Energy
2023-06-13,292.2026203979516,297.99614845210095,288.714387812415,294.4807205485768,978763,-0.007958478904777196,0.031917247731674155,Energy
2023-06-14,287.26216816012084,299.1299883115306,274.64516497404975,286.48069989673155,1530043,-0.02754236714014405,0.030405084610698175,Energy
2023-06-15,283.40223358018153,287.61060136123353,279.9945770271508,284.193431367568,801321,-0.00801606609325147,0.03087657096083283,Energy
2023-06-16,276.7855415459217,290.55975869313846,261.23818428999726,274.9195399722348,1529714,-0.033176629748032885,0.02953521127029875,Energy
2023-06-19,270.306979568306,276.68042366986595,264.9737290090941,271.3270468294183,1583067,-0.013153564804306078,0.031031697956132778,Energy
2023-06-20,267.19871293580917,276.0731036975503,256.57123396996894,265.38539970283153,1120136,-0.022141800171203475,0.02993869506995397,Energy
2023-06-21,263.9863673188882,265.6681149185082,263.1390713667799,264.8181492623508,1314884,-0.0021397467369589328,0.029842909831592743,Energy
2023-06-22,257.3307342016186,269.52629240023316,244.4219335813955,256.58200772747927,1306580,-0.031595029476889414,0.028516068999565998,Energy
2023-06-23,265.9334670562864,279.34974574061306,251.9711680145161,265.3584365497515,912291,0.03363317106552075,0.030004496931247387,Energy
2023-06-26,256.46896308733193,269.54664738328967,243.4629705925487,256.5371947412508,938793,-0.03380783997725423,0.031462587278642144,Energy
2023-06-27,257.3171486803686,260.10929489536073,255.17689085706462,257.96365966060023,1605614,0.005545058136182295,0.03260921687501992,Energy
2023-06-28,254.86058151027066,260.95576820181753,247.8115260462522,253.88334128675103,1173931,-0.01594384573041877,0.030907943487422672,Energy
2023-06-29,265.0168706363676,277.66857636379865,249.58128621792895,262.0934290465256,1221254,0.03182616436719993,0.030039502475884647,Energy
2023-06-30,268.9316943721624,276.1006643230686,259.68089609300694,266.7928504212298,1832986,0.01777147655192413,0.031206298690298853,Energy
2023-07-03,271.5152544250241,276.1909722074222,265.22598514674485,269.87342934001504,760720,0.01148055270362777,0.030437481321289657,Energy
2023-07-04,284.30349851961586,307.0533343103926,261.77803113109354,284.5113951943297,1091077,0.05282023730699455,0.029341483924713176,Energy
2023-07-05,283.5062931228221,285.4590931189033,281.25716347948156,283.2079081910498,1070069,-0.004592020338293322,0.034745284046881014,Energy
2023-07-06,295.4714667938531,313.075673782001,277.12608081207657,294.68333060048735,1575091,0.03972003834903881,0.032694813172991985,Energy
2023-07-07,276.4849835359449,304.272184472056,247.88926620473976,275.58613096134917,1866336,-0.0670011093809214,0.034522642768201384,Energy
2023-07-10,267.3594698262614,281.27196248080213,252.33805265869196,266.1896729985809,1214293,-0.034691103737804166,0.04155505492358068,Energy
2023-07-11,260.80943058133596,270.5002163685347,250.02816855884032,259.6768723588137,1128768,-0.024771051582499256,0.040767376338728366,Energy
2023-07-12,254.47552213226817,261.36402040118594,249.3804987109673,256.2337934619565,670592,-0.01334777605486852,0.03900799826074434,Energy
2023-07-13,260.3939233958282,264.6682190738433,254.80090940060293,259.05319742518674,827084,0.01094315264676307,0.03666092758632581,Energy
2023-07-14,274.68176010017373,297.6321722127677,251.00792361035477,273.89238093534544,1590577,0.055701822851832096,0.03454246339897335,Energy
2023-07-17,276.39610241406723,279.9031889024447,272.71424603040776,276.2190864293402,996558,0.008459083317374941,0.03898652821793784,Energy
2023-07-18,285.09245439681183,297.4773587496329,271.9836435233573,284.33567195097214,1204386,0.02896114146321325,0.03642379606213491,Energy
2023-07-19,278.66891102988535,287.34487983754974,269.8243481954997,278.4948993929668,1091054,-0.020755739073058308,0.03587710262672605,Energy
2023-07-20,279.4950794319421,283.26875132765565,276.63612720826626,280.40053718614894,1243868,0.0068193263115437245,0.034559416950828876,Energy
2023-07-21,280.3121226546877,280.9218397389451,279.38519997165156,279.99422558644375,1396569,-0.0014500908926879585,0.03259536963567813,Energy
2023-07-24,274.9824145123269,282.6755335625487,267.1318158314393,274.82040230378664,814029,-0.018651178267442566,0.030826642890343228,Energy
2023-07-25,260.2378510854495,285.4943251621803,232.60158181033546,257.6022686561758,1703404,-0.06470100069708358,0.030206050670777657,Energy
2023-07-26,264.651140406118,279.2987310500298,251.62423284979016,266.1957912365071,1483249,0.03281529421798443,0.038181897823197204,Energy
2023-07-27,260.2389662134186,272.08607557931214,246.48226490816597,258.2382958271372,1498825,-0.03034930942708476,0.037786404794539395,Energy
2023-07-28,247.96013710068908,266.5782688911917,227.18674969845617,245.62991644944438,1899181,-0.050056787375040504,0.03715389612466736,Energy
2023-07-31,250.8094336098027,268.00082791088505,237.48743724681222,254.48367073244924,1374828,0.03541067327825265,0.03975150175956325,Energy
2023-08-01,257.2143504688477,261.12327350223256,253.16825260261697,257.07505880072847,881968,0.010131428064464883,0.03939838678188894,Energy
2023-08-02,248.77657590612583,260.36084382415004,238.70191635060866,250.22742932281506,1195106,-0.02699787823357014,0.036839967155333775,Energy
2023-08-03,255.09822037908282,262.16797616063644,247.82949609686364,254.89358051843766,1771854,0.018475905139721756,0.0359872110390908,Energy
2023-08-04,243.36440593955888,258.99962698876624,230.74883786602936,246.23524009524905,1448341,-0.03455878719493234,0.034456746034810755,Energy
2023-08-07,238.02382836249518,252.27723586373733,222.43071432864213,236.5987871235907,1428734,-0.03992151429907853,0.035056530685503524,Energy
2023-08-08,210.8333966373188,242.4584061329166,178.38569003836102,209.86551769218946,2431336,-0.11989889162021788,0.036362444507384954,Energy
2023-08-09,206.59133044905062,212.88037155331307,199.38893920911056,205.64930317461116,1364142,-0.020294627370833967,0.057568598456151705,Energy
2023-08-10,209.4926822424259,218.24409103722826,201.94136001686988,210.65101580216086,1472462,0.024030504374428392,0.053038623733866405,Energy
2023-08-11,218.18428664209245,229.87161908983524,206.57440539414324,218.25782477811956,1463888,0.03547423579894474,0.04936695511310718,Energy
2023-08-14,221.00473197532165,221.39271675025046,218.12980479928532,218.51341594528526,1008968,0.0011703664184353198,0.047312157174868925,Energy
2023-08-15,210.30787873093624,222.78906653318057,197.5716696438456,210.03676776408196,1101929,-0.03956481287516737,0.04348514271408812,Energy
2023-08-16,225.80813232094894,246.24682253683432,202.90741630343075,223.10108183527697,1304392,0.060342350548695474,0.04298339530759221,Energy
2023-08-17,213.90299278739343,229.6682685767885,196.74911523385407,212.40390378182403,1924123,-0.04913528194550882,0.046089453329327304,Energy
2023-08-18,203.52521942416075,219.03479682083136,186.49823481473712,201.88263994193764,1198008,-0.05080313041156038,0.046492274157505876,Energy
2023-08-21,192.07413431471846,208.0682212367941,175.07776409557414,190.98080943507847,1782769,-0.0555135893375729,0.04707832785912699,Energy
2023-08-22,177.41371959566342,196.72966665937258,158.92486179921312,178.16274998258038,1437963,-0.06947549054112057,0.04832555176488175,Energy
2023-08-23,170.9671588656245,181.16630383489147,161.65881466407043,171.81196403205047,1475771,-0.036296811868491326,0.05188751035262352,Energy
2023-08-24,168.09241652158613,173.04701920266757,164.35778119890253,169.28586807155745,819186,-0.014811833474173076,0.04951231934829339,Energy
2023-08-25,165.82965833958573,171.94118646813877,159.08979316664468,165.17727831700913,1328148,-0.024569501779703254,0.04576116667468068,Energy
2023-08-28,170.88628886478506,181.60752181663145,160.99804057060217,171.67370980949613,1438013,0.038576327997100736,0.04319509883074411,Energy
2023-08-29,172.41096859104107,175.06233948421388,170.3818417123332,173.02597452155825,1066396,0.007846085800263915,0.04261306387317375,Energy
2023-08-30,171.35826559401175,174.46866216860863,167.84192152501925,170.94481335258192,802729,-0.012100949488545608,0.03952129463321152,Energy
2023-08-31,162.67822828288658,173.85124016508672,153.7395354599438,164.79617250211967,1549284,-0.036631383385034105,0.037033918647190724,Energy
2023-09-01,161.72162635410817,165.20354402007771,160.51024911329043,163.97528572425762,1098627,-0.004993672432179961,0.03739635866763762,Energy
2023-09-04,163.7508806214817,168.10685558551972,161.2950644655227,165.62296330031776,960971,0.009998179945204947,0.03496470546040484,Energy
2023-09-05,157.23704730925377,169.02281776221852,146.62333912721763,158.33499655710781,1331276,-0.04500087972762595,0.033060838505379685,Energy
2023-09-06,159.6796564623529,166.23483061563698,154.97412726788355,161.47635529759614,1582289,0.019645705235589467,0.035751602909269334,Energy
2023-09-07,161.3335093583027,163.85180202594975,157.31029034559353,159.80471977734237,665802,-0.010406156694346864,0.03435745550235364,Energy
2023-09-08,162.64057847545746,166.5143882404017,158.49529690240854,162.36248292518252,824875,0.015878816144802767,0.03256671634428413,Energy
2023-09-11,166.57096277774718,171.30351466004288,160.76592431838066,165.46711406395633,1460339,0.018941083941544118,0.03140530737126001,Energy
2023-09-12,156.80815795505745,169.54171929025966,144.01883028685387,156.74746289736504,1557903,-0.05413647479085774,0.030705852276052322,Energy
2023-09-13,161.0425023669471,166.52653617522435,154.8863403129701,160.3466790176823,921400,0.022702221370858845,0.035970726662331615,Energy
2023-09-14,161.72703637847493,163.69046870299323,159.68723413316476,161.6497279011702,1407224,0.008093605820791609,0.03481986745478308,Energy
2023-09-15,160.24949760533298,161.94132331352023,159.37595322102965,161.06334253671565,1157381,-0.003634101395457428,0.03285977029640168,Energy
2023-09-18,168.04660607881468,178.45127736871916,157.45811940606762,167.85065852670468,1461035,0.04127692720762098,0.03107720397797549,Energy
2023-09-19,166.51053615155755,168.01390351752522,166.0228085895056,167.52320972388216,1136806,-0.001952739541590838,0.03358871527204401,Energy
2023-09-20,166.99779265828604,167.62803958599048,166.68350134357684,167.3131547570375,1105649,-0.0012546725307213962,0.031672281472270795,Energy
2023-09-21,175.6642229119594,190.14292607161445,161.87411003562528,176.3026916834499,1508833,0.052335122268069065,0.03004567957961511,Energy
2023-09-22,178.71809555214264,182.64703006205636,174.9030591945959,178.82961317453243,927296,0.014231113888273243,0.035114655666014745,Energy
2023-09-25,172.9749777491504,180.5783406803958,167.68759636395362,175.22226572593124,937143,-0.020378212903003737,0.03341870620489931,Energy
2023-09-26,170.9620758900064,178.64197135094074,162.41351132546484,170.0525493707993,1867319,-0.029947754673870664,0.03249213248919687,Energy
2023-09-27,182.87709311381184,206.63879699721616,160.75166177193864,184.33676667993834,1640523,0.08065683520061799,0.03284997930680276,Energy
2023-09-28,181.89029586043625,186.71867299124244,176.29576498327586,181.10324954015016,1293364,-0.01769703035545108,0.04403550467580499,Energy
2023-09-29,191.69177589560573,208.9852977926394,174.80007880899498,192.06105976267148,1692774,0.058746032992080886,0.04121017192578233,Energy
2023-10-02,193.6647745540671,198.3519213815359,189.89804642941797,194.56763290320805,1185598,0.012966488556742402,0.04445545045287506,Energy
2023-10-03,195.00682450653466,196.1083978763616,194.08261823063506,195.1833549602387,1165708,0.0031595689988057766,0.04130676861966139,Energy
2023-10-04,199.84311808011577,208.46808188711958,191.85440514267333,200.45491251522128,990907,0.026649947599529267,0.038294865693423275,Energy
2023-10-05,200.8901428405917,201.07381540866473,200.14960368894126,200.33276665154247,1456854,-0.0006095290539592093,0.03714472165517613,Energy
2023-10-06,208.45320853137864,219.23467683723976,196.63591195931906,207.3608838251246,1296823,0.03448085826013469,0.034696397598634805,Energy
2023-10-09,213.30934230099044,221.87310127155587,204.43501709922265,212.98578622011638,1589008,0.026764756693064558,0.03523366916759261,Energy
2023-10-10,219.98439860837445,231.44194964667344,208.85197977383686,220.29386986669314,1373195,0.03373699500195309,0.03464941535632217,Energy
2023-10-11,222.95341439665015,227.50768570640938,218.61809890422214,223.16819384083914,1573335,0.012963292516092389,0.03508836434478271,Energy
2023-10-12,235.59999176299496,255.40481795388388,216.0665605074868,235.85060825919425,1470381,0.05527286909573433,0.033319089015794556,Energy
2023-10-13,249.80023793693672,275.5026478272515,225.86189424432868,251.41003715961264,2063711,0.06388663168167563,0.03803147200655111,Energy
2023-10-16,252.8153180069561,254.0602537598937,250.99465056249846,252.23673721626764,840495,0.003282859500634452,0.043235859498020585,Energy
2023-10-17,256.38240073983826,262.53444826093124,250.15405923690776,256.3042310295138,946933,0.01599706142943806,0.03996358607784339,Energy
2023-10-18,244.7329676724848,261.3918988441875,228.8125593884251,245.42638243192783,1265528,-0.043368106976540165,0.03763052571938825,Energy
2023-10-19,246.93501781507686,255.59094127715656,240.8786124212915,249.47230557117174,1097381,0.01635087494508603,0.03892253946164519,Energy
2023-10-20,255.05432643661607,266.5615197336909,244.794225910228,256.2531922890027,631743,0.026818078772295965,0.03677055791302517,Energy
2023-10-23,253.78127832851845,258.8119444325674,247.8760469237006,252.88902605212758,1257936,-0.01321522779295729,0.035910173290359816,Energy
2023-10-24,261.79377428568654,273.57042467465936,248.86553627033538,260.58794299528734,1011128,0.029989636998577332,0.03402688309907183,Energy
2023-10-25,264.0812130959367,265.7386208710211,260.03820865441804,261.68054955529755,880030,0.004184086038417154,0.034075941187974336,Energy
2023-10-26,266.19960138110355,267.43260964994164,261.2740243511784,262.489849443216,964043,0.0030879291640332133,0.03211793580966187,Energy
2023-10-27,255.37871729197715,266.68876919076496,243.56637454141978,254.85315046746996,1152122,-0.029524913740447894,0.030441414824497914,Energy
2023-10-30,237.7180151000808,262.1080884205277,214.50685455941382,238.792056764058,1427067,-0.06509438092269378,0.031178548217017137,Energy
2023-10-31,239.0461808442485,241.427929292431,234.84770346817263,237.21116868189958,1267023,-0.006642366312569801,0.0389008130929548,Energy
2023-11-01,237.25689319283435,239.97861725433324,235.6022713950357,238.31660506069673,616308,0.0046493114854871485,0.03629375651498419,Energy
2023-11-02,235.36162468347575,239.10854625702706,232.9833427214437,236.7165728161578,1168995,-0.006736532814785098,0.03401517050035952,Energy
2023-11-03,231.71340572862434,241.05997573904912,221.1407760817225,230.43581209341818,1345235,-0.02689117901496872,0.032131489079865634,Energy
2023-11-06,236.34593085491815,251.98151910521014,223.4675153715891,238.96062951381748,836654,0.03632645711801866,0.03216234442191495,Energy
2023-11-07,248.58486630138273,263.5089724626655,233.74392357038718,248.66334445154973,1085745,0.03980114303767926,0.033548097442078505,Energy
2023-11-08,258.0730690160741,269.2436572699304,244.86499891184977,255.94340554503174,955213,0.028856396617813435,0.03518521737395445,Energy
2023-11-09,247.543159275037,259.76316308720453,235.72101011236055,247.92287928254498,1178103,-0.03183862078111736,0.034861201373254824,Energy
2023-11-10,245.03494775276414,249.42584924245685,240.58883819550218,244.97873233350722,512707,-0.011946327193901774,0.0349899607735686,Energy
2023-11-13,266.061465522202,294.1093033521755,235.1094308661113,262.81503433582964,1995019,0.0702790932787497,0.03317898572835311,Energy
2023-11-14,266.3187779576597,276.0997084022117,258.3694211657848,268.0972654854429,1168806,0.019899352329657404,0.04149154995878423,Energy
2023-11-15,253.5888494507437,273.71103766453535,236.09172338909676,256.0444781111376,1937433,-0.04599867357350176,0.03919995673284355,Energy
2023-11-16,247.19976645324277,260.20620150614246,234.26106506856672,247.26413120139043,1454020,-0.03489404964607407,0.04057944038381604,Energy
2023-11-17,264.30163226411344,290.15700077508876,238.10861189603733,263.9273679096879,1853285,0.0652168213756076,0.03999989988232904,Energy
2023-11-20,264.1392809866407,272.47657287466507,259.05807840335893,267.33391564585537,1030111,0.01282455368319802,0.04492191737924555,Energy
2023-11-21,263.1196764265572,269.01137402185566,258.0366850318134,263.91305598367586,842680,-0.012878781913427206,0.041701958052328854,Energy
2023-11-22,268.2675712092434,277.4398849786734,260.14978916346166,269.2911300228148,941457,0.020173346606126557,0.03893741257267359,Energy
2023-11-23,277.7782190698797,293.1438379520438,263.4178112710277,278.7340178545341,960982,0.03446492396448935,0.03706672719943477,Energy
2023-11-24,275.8504656368248,279.7627489315881,272.7499360192891,276.6531967030519,1878636,-0.0074932617577856105,0.03711237610021162,Energy
2023-11-27,275.3563551772008,278.6207326859048,274.18403281176427,277.4395412112823,605281,0.0028383156187602957,0.034789152240439124,Energy
2023-11-28,288.7545972122351,306.25687207570786,271.33026891227786,288.8281079168479,1401177,0.04022868892404248,0.032702239926639814,Energy
2023-11-29,290.88881543139763,291.40464838560433,288.65697773910324,289.16976229746433,435632,0.0011821995824343394,0.03461648897357615,Energy
2023-11-30,287.9875479631019,295.4400392972927,276.86873097147003,284.22382535100303,616064,-0.017251883254215325,0.03253998596287468,Energy
2023-12-01,283.46520271751996,288.73803715235175,275.49917121869464,280.7209590259482,1929487,-0.012400897615844233,0.03149166033323468,Energy
2023-12-04,273.3425304423922,286.5913307238099,258.62120326747925,271.7949951482375,796508,-0.03231305975930671,0.03027287689808914,Energy
2023-12-05,268.3759898914824,277.3707952069097,256.88129411100175,265.78940837333744,1415077,-0.022343790438840033,0.0314607332273227,Energy
2023-12-06,282.68229160280043,305.2277382430142,257.9481971030852,280.30395879675586,1871901,0.053170284119748515,0.031091943230310212,Energy
2023-12-07,276.42853704649855,282.66039742807544,269.8976757159299,276.12263989067304,865455,-0.015029467044566033,0.036019841949621094,Energy
2023-12-08,289.32503293565395,308.57568358708556,269.44098811034735,288.6464910144703,1037962,0.044357610438114654,0.034231943316252164,Energy
2023-12-11,303.6277747844585,328.4544905859466,279.54700165082176,304.3189038800996,1488640,0.052873452592254636,0.03650479961775728,Energy
2023-12-12,306.9563040089629,311.25558616997336,302.7885306495888,307.086051137621,979129,0.009051827692175135,0.03981734062515852,Energy
2023-12-13,334.76882134165044,382.36317014868354,289.0102102349784,336.38381067970755,1688046,0.0911247965551981,0.037156787122317826,Energy
2023-12-14,336.68519829411304,338.49991649459486,335.4169480809929,337.2296155311584,912568,0.0025112483303810287,0.049498088301332725,Energy
2023-12-15,350.09950957694537,367.0352030420544,331.4345078467215,348.28229550313114,1565311,0.03224929484681618,0.045398177844664114,Energy
2023-12-18,360.3699520320973,384.507187858403,338.595485705803,362.5980916842208,1221648,0.040281690530356046,0.04364399379078562,Energy
2023-12-19,352.86499967266826,368.2257726822591,336.893368157957,352.22633926731413,1284829,-0.029021057200988243,0.043211465423028804,Energy
2023-12-20,374.0809246025082,416.6582964631157,335.24330772985843,377.46893183193464,1958681,0.06921428728096375,0.04147430360312209,Energy
2023-12-21,378.398559103398,380.8737363141138,373.36809890283064,375.82645146648247,1120405,-0.004360793932162617,0.046847485760315076,Energy
2023-12-22,389.0155859595966,414.0438958519315,366.0187191286812,390.9336420948646,1054755,0.03941036068291599,0.04311150677264896,Energy
2023-12-25,378.70913285728517,398.4243430345368,357.9412462380629,377.59864558345646,1369444,-0.03470598491337176,0.04265979479955518,Energy
2023-12-26,384.0825604775365,393.55676454803233,374.39079161666643,383.85949326526674,364314,0.01644473531717835,0.04167208036795383,Energy
2023-12-27,413.56096786386234,458.0784907171174,368.02429102433007,412.4188738511777,1607858,0.0717629343072007,0.039112839627191094,Energy
2023-12-28,403.1780908090081,416.6676932243723,390.16411562881893,403.6388455813483,1183998,-0.02151898540927758,0.04578579681537536,Energy
2023-12-29,397.4812938649551,406.2450048906665,389.5739622604334,398.32096912713007,1022570,-0.013262396204248694,0.04297128531905666,Energy
