date,realized_volatility
2000-01-03,0.01144380260586191
2000-01-04,0.027715358561863506
2000-01-05,0.013280534345070831
2000-01-06,0.04259753373010164
2000-01-07,0.015328602619505066
2000-01-10,0.01845708674570147
2000-01-11,0.01864447431066641
2000-01-12,0.016979989853605517
2000-01-13,0.02416148995191599
2000-01-14,0.031136615297092135
2000-01-17,0.01853192959114597
2000-01-18,0.01661942770027319
2000-01-19,0.017465832200970813
2000-01-20,0.03892156685882218
2000-01-21,0.03372806382019253
2000-01-24,0.04883943061602486
2000-01-25,0.029893953196650835
2000-01-26,0.021222059300935497
2000-01-27,0.025987787701317017
2000-01-28,0.05657699202430024
2000-01-31,0.059110986522721225
2000-02-01,0.03523364502232008
2000-02-02,0.03556007016483433
2000-02-03,0.047082044412133976
2000-02-04,0.04775580353024925
2000-02-07,0.11761150063922962
2000-02-08,0.11226438504155206
2000-02-09,0.11138621532509027
2000-02-10,0.09515025995169378
2000-02-11,0.1521429058794487
2000-02-14,0.16534087514198556
2000-02-15,0.1691079888350901
2000-02-16,0.17514268749048045
2000-02-17,0.2612922250398639
2000-02-18,0.25596235667630096
2000-02-21,0.8057203379662389
2000-02-22,0.42994782613985677
2000-02-23,0.5304461878012583
2000-02-24,1.0892046300494533
2000-02-25,0.5300449271833391
2000-02-28,0.46741822090078794
2000-02-29,0.37910006033669597
2000-03-01,0.42305388256467485
2000-03-02,0.46212484259263026
2000-03-03,1.053784792270274
2000-03-06,0.8182059805773246
2000-03-07,0.379697784811638
2000-03-08,0.4028065088453473
2000-03-09,0.7225086767798211
2000-03-10,1.4592230931449632
2000-03-13,0.3761133543453941
2000-03-14,0.5942307636892377
2000-03-15,0.7678607808686442
2000-03-16,0.4323581364154278
2000-03-17,1.3155507271449427
2000-03-20,0.5385739097904273
2000-03-21,0.48006278798916624
2000-03-22,0.46145826308767995
2000-03-23,0.423122121577837
2000-03-24,0.6154263020569375
2000-03-27,0.6051116654424339
2000-03-28,0.4575363904070025
2000-03-29,0.43542512345773254
2000-03-30,0.8502066126248036
2000-03-31,0.5565894851842316
2000-04-03,1.0050148238404468
2000-04-04,0.6158457208314082
2000-04-05,0.8487208349711587
2000-04-06,0.4747476646660305
2000-04-07,0.48510247608123813
2000-04-10,0.3721682814880098
2000-04-11,0.5147149892680701
2000-04-12,0.6723960724694985
2000-04-13,0.8210995105116462
2000-04-14,0.8120802285886167
2000-04-17,0.45181293863096905
2000-04-18,0.5179445322608335
2000-04-19,0.4895635100548258
2000-04-20,0.4378106916712083
2000-04-21,0.5340733746372084
2000-04-24,1.0104884151574889
2000-04-25,0.4417043964406092
2000-04-26,0.5210199726564226
2000-04-27,0.40444019512375406
2000-04-28,0.6544439866394696
2000-05-01,0.44955861545752307
2000-05-02,1.0779621201360916
2000-05-03,0.5984302612468768
2000-05-04,0.4572281324654558
2000-05-05,0.8334475172337491
2000-05-08,0.3422863865137533
2000-05-09,0.9226821246232914
2000-05-10,0.5493631469020666
2000-05-11,0.48321703113877224
2000-05-12,0.48016700851029886
2000-05-15,1.0695367000875853
2000-05-16,0.44671107669609794
2000-05-17,0.8228072418533875
2000-05-18,0.5321303444974406
2000-05-19,0.341880110040544
2000-05-22,0.42104802150124454
2000-05-23,0.46773973789217327
2000-05-24,0.4181250395935961
2000-05-25,0.8890799933826166
2000-05-26,0.3618028818751993
2000-05-29,0.5589703912531324
2000-05-30,1.2495656416994252
2000-05-31,1.0004222115442507
2000-06-01,0.5488045226922402
2000-06-02,0.46597649460311935
2000-06-05,0.7340108228383062
2000-06-06,0.37589618865702423
2000-06-07,0.5229290918066215
2000-06-08,1.1176331466613096
2000-06-09,0.6901303246328733
2000-06-12,0.5205461361400285
2000-06-13,0.44728275958837826
2000-06-14,0.5306202381794555
2000-06-15,0.5974823390590586
2000-06-16,0.6039397926986348
2000-06-19,0.5371949946717317
2000-06-20,0.4889035956365993
2000-06-21,0.939777781114507
2000-06-22,0.9468452107454111
2000-06-23,0.8452894358347638
2000-06-26,0.4226569739873004
2000-06-27,0.3804025743095563
2000-06-28,1.2285364424069387
2000-06-29,0.40400163601357536
2000-06-30,0.6542054838769932
2000-07-03,0.45681337363475283
2000-07-04,0.700443678678494
2000-07-05,0.6456736905927147
2000-07-06,0.7735760944810995
2000-07-07,0.4541176112628598
2000-07-10,0.5543501968909018
2000-07-11,1.000272757478523
2000-07-12,0.6632688349668139
2000-07-13,0.4304575193011007
2000-07-14,0.37544623046451847
2000-07-17,0.6082674837317885
2000-07-18,0.4808390232667967
2000-07-19,0.9836773695743225
2000-07-20,0.35412914662013334
2000-07-21,0.40841280813460695
2000-07-24,0.5459587929326372
2000-07-25,1.0728560735159671
2000-07-26,0.6861651666101591
2000-07-27,0.45419503884330215
2000-07-28,0.392639556047107
2000-07-31,0.46599209305515743
2000-08-01,0.6668573101839065
2000-08-02,0.6520519077908349
2000-08-03,0.5222164766102368
2000-08-04,0.5522454164871616
2000-08-07,0.4477257686995517
2000-08-08,1.3386074108170838
2000-08-09,0.5698134242374062
2000-08-10,0.43008869049762716
2000-08-11,0.5634520438625098
2000-08-14,0.3912928154282651
2000-08-15,0.6485883132310393
2000-08-16,0.3885174810992636
2000-08-17,1.0242816916611974
2000-08-18,0.9071766253936466
2000-08-21,0.9872467885959649
2000-08-22,0.878464110787337
2000-08-23,0.7593103113564497
2000-08-24,0.39400456490764746
2000-08-25,0.5139603645024674
2000-08-28,0.799658374761707
2000-08-29,1.0889749960404278
2000-08-30,0.7945185690048182
2000-08-31,0.49560751184476115
2000-09-01,0.7089652731394744
2000-09-04,0.38605147058912614
2000-09-05,0.47033122911673425
2000-09-06,0.6712358637667989
2000-09-07,0.47547400434069026
2000-09-08,0.5896928736883927
2000-09-11,0.8655182609198582
2000-09-12,0.511101735263432
2000-09-13,0.52599237798068
2000-09-14,1.4187541096082115
2000-09-15,0.680520157377537
2000-09-18,0.44010542974782724
2000-09-19,0.4176677269558711
2000-09-20,0.4930443948694756
2000-09-21,0.7621676559390108
2000-09-22,1.1938013071082052
2000-09-25,0.7969999835035864
2000-09-26,0.4399031192382625
2000-09-27,0.4033122498490212
2000-09-28,0.650866860172878
2000-09-29,0.7078923622465735
2000-10-02,0.44161654143400386
2000-10-03,0.41282827145939355
2000-10-04,0.4746520792745713
2000-10-05,0.6918916454551599
2000-10-06,0.44117490305679513
2000-10-09,0.7952322059922186
2000-10-10,0.46619194133091685
2000-10-11,0.417224843788207
2000-10-12,0.6515518970860865
2000-10-13,0.7409387536916263
2000-10-16,0.41702039734448804
2000-10-17,0.47005490320605525
2000-10-18,0.4039008002048251
2000-10-19,0.6344992006282453
2000-10-20,0.4926891945010735
2000-10-23,0.4225457990033156
2000-10-24,0.7410317740553469
2000-10-25,0.994599876262203
2000-10-26,0.40572219541373505
2000-10-27,0.5258190493800349
2000-10-30,0.34309592626521235
2000-10-31,0.5737767746311139
2000-11-01,0.5749588776186387
2000-11-02,0.49416002913929613
2000-11-03,0.4484361664812722
2000-11-06,0.6212217845249699
2000-11-07,0.8645482348806731
2000-11-08,0.4908620416804825
2000-11-09,0.7268194331124108
2000-11-10,0.39495414476691776
2000-11-13,1.227937380387005
2000-11-14,0.4559793450475865
2000-11-15,0.7088634595855929
2000-11-16,0.461154158117764
2000-11-17,0.43047844755494014
2000-11-20,0.7769297505260765
2000-11-21,0.5237721342181504
2000-11-22,0.5851968482738523
2000-11-23,0.4364369197800737
2000-11-24,1.5056610328512534
2000-11-27,1.032053947610712
2000-11-28,0.4728059656264457
2000-11-29,0.4190300808739466
2000-11-30,0.576952619478351
2000-12-01,0.5636509407922815
2000-12-04,0.7639884292406289
2000-12-05,0.4495115603263849
2000-12-06,0.3611303298359079
2000-12-07,0.5656856305991056
2000-12-08,0.6335196861348582
2000-12-11,0.42609292191214626
2000-12-12,0.6770595191172418
2000-12-13,0.50400576020381
2000-12-14,1.3818352483660223
2000-12-15,1.0500986585754282
2000-12-18,0.478323983783444
2000-12-19,0.44620772214078613
2000-12-20,0.3976025769390957
2000-12-21,0.4502996576697287
2000-12-22,0.6110343802324343
2000-12-25,0.6467012288755789
2000-12-26,0.5908185002691972
2000-12-27,0.5230614432307291
2000-12-28,0.7808841622528669
2000-12-29,0.4987605339544732
2001-01-01,0.7382923228912969
2001-01-02,0.4730977942714777
2001-01-03,0.6650280845279042
2001-01-04,1.0822487552158049
2001-01-05,1.2034840739794321
2001-01-08,0.935294985513494
2001-01-09,0.580536472600088
2001-01-10,1.081055815228461
2001-01-11,0.412434983069118
2001-01-12,0.8127260707320287
2001-01-15,0.46954285479357843
2001-01-16,0.44959909004725596
2001-01-17,0.9173951807551257
2001-01-18,0.6398972059356216
2001-01-19,0.4881973048064546
2001-01-22,0.7463766506329318
2001-01-23,0.5851309718831653
2001-01-24,0.572707654208355
2001-01-25,0.47128403407185543
2001-01-26,0.3895602200849147
2001-01-29,0.7500460534651404
2001-01-30,0.6079563441829917
2001-01-31,0.4349497404602426
2001-02-01,0.5484878556742011
2001-02-02,0.6741183581545865
2001-02-05,1.5191985076043018
2001-02-06,0.5469671415851534
2001-02-07,0.39905871655730574
2001-02-08,1.097231434567409
2001-02-09,0.5893863867922255
2001-02-12,0.5004962681371168
2001-02-13,0.4719468979031913
2001-02-14,1.0089168080434001
2001-02-15,0.8081288961476609
2001-02-16,0.5152543975410883
2001-02-19,0.45750488587458293
2001-02-20,0.6118570148248369
2001-02-21,0.35013836899019746
2001-02-22,0.4050770548663267
2001-02-23,0.4459741111145582
2001-02-26,0.42439957626961305
2001-02-27,0.41133791460360664
2001-02-28,0.4659767087193201
2001-03-01,0.37579446387167026
2001-03-02,0.556477659486226
2001-03-05,0.37858620884642474
2001-03-06,0.40757410320139104
2001-03-07,0.6629200961806393
2001-03-08,0.4955076125653713
2001-03-09,0.4018542185730712
2001-03-12,0.4959785478504882
2001-03-13,0.6700334110731259
2001-03-14,0.6571331528688672
2001-03-15,0.6766257398155895
2001-03-16,0.3825462959606434
2001-03-19,0.48545374132452856
2001-03-20,0.5222022274599517
2001-03-21,0.368531982216559
2001-03-22,0.7594676609234496
2001-03-23,0.39157500757674485
2001-03-26,0.43039567460805006
2001-03-27,0.3992062204061788
2001-03-28,0.9317365666562775
2001-03-29,0.9478999226871161
2001-03-30,1.2288782442388289
2001-04-02,0.3958128956807794
2001-04-03,0.43761563311496954
2001-04-04,0.8408723917041065
2001-04-05,0.5202521801753144
2001-04-06,0.8480062326865122
2001-04-09,0.4419481355284277
2001-04-10,0.7983727404247931
2001-04-11,0.8816491130253378
2001-04-12,0.4376340320328946
2001-04-13,0.5036334457994631
2001-04-16,0.43788074214446626
2001-04-17,0.6425766396285802
2001-04-18,0.5032684266927682
2001-04-19,0.4641159181194197
2001-04-20,0.4845876556973405
2001-04-23,0.4390394705437151
2001-04-24,0.5503944909720273
2001-04-25,0.595699076184621
2001-04-26,0.7436482983767377
2001-04-27,0.446275845148713
2001-04-30,0.4695355416586836
2001-05-01,0.4855538340697742
2001-05-02,0.9328850832577454
2001-05-03,1.4710817800591933
2001-05-04,0.8485124252652564
2001-05-07,0.4740817839669217
2001-05-08,0.7723164261347362
2001-05-09,0.9656328067926035
2001-05-10,0.8337084408213162
2001-05-11,0.5700413268558534
2001-05-14,0.7173082690247734
2001-05-15,0.4514460254432765
2001-05-16,0.43705718981271635
2001-05-17,0.5598443659128529
2001-05-18,0.6916137340208319
2001-05-21,0.3892482937501875
2001-05-22,0.7217508388825302
2001-05-23,0.4726126380186454
2001-05-24,0.8474402976961424
2001-05-25,0.7879736486942159
2001-05-28,0.6256901688356757
2001-05-29,0.605955343917595
2001-05-30,0.4514870151185844
2001-05-31,0.4654789076036223
2001-06-01,0.5046554595916909
2001-06-04,0.406258165579774
2001-06-05,0.4914553814317251
2001-06-06,1.1452490144807361
2001-06-07,0.46624081835132625
2001-06-08,1.1166145675941592
2001-06-11,0.6488526694069604
2001-06-12,1.2716001130643104
2001-06-13,0.36755534559174735
2001-06-14,0.46673909240391587
2001-06-15,0.43739819244710576
2001-06-18,0.8239928255418822
2001-06-19,0.34852906560234875
2001-06-20,1.1227770450353043
2001-06-21,0.5180396586196595
2001-06-22,0.42229150578013536
2001-06-25,0.6140477072766253
2001-06-26,0.40709664613428226
2001-06-27,0.7455705875808113
2001-06-28,0.6873636001936214
2001-06-29,0.6855810118148137
2001-07-02,0.8707321122941667
2001-07-03,0.5843078773960299
2001-07-04,0.888313237461749
2001-07-05,0.3887129932559226
2001-07-06,0.6093071034019287
2001-07-09,0.6257566530255985
2001-07-10,0.8592318182104339
2001-07-11,0.5102983742477399
2001-07-12,0.4056581709131749
2001-07-13,1.1849333238376918
2001-07-16,1.3155200538081826
2001-07-17,0.6967319289354365
2001-07-18,0.457342795980757
2001-07-19,0.5273010771688037
2001-07-20,0.8940350543710543
2001-07-23,0.5663722604854396
2001-07-24,1.3371958776310768
2001-07-25,0.46721924771524415
2001-07-26,0.40121858957674295
2001-07-27,0.6700184469949616
2001-07-30,0.44868736080825783
2001-07-31,1.1664453733045914
2001-08-01,0.5752554627936687
2001-08-02,1.0570553990354679
2001-08-03,1.0094792961926768
2001-08-06,0.4465307353781603
2001-08-07,0.3810724681413076
2001-08-08,0.8717478745975072
2001-08-09,0.9797568246990297
2001-08-10,0.5164729344092372
2001-08-13,0.9336605197886054
2001-08-14,0.5805058092423507
2001-08-15,1.1898778641333507
2001-08-16,1.338042363188974
2001-08-17,0.5314916600693489
2001-08-20,1.4662931104587626
2001-08-21,0.7274567010287226
2001-08-22,0.5433925194525941
2001-08-23,0.762106886314309
2001-08-24,0.8093984377025939
2001-08-27,0.40509213041332603
2001-08-28,0.44385036670976324
2001-08-29,0.4307118388266523
2001-08-30,0.3958302340143193
2001-08-31,0.7360154832834374
2001-09-03,0.7015321660192987
2001-09-04,0.7012539336544671
2001-09-05,1.0956483683040454
2001-09-06,1.216144150787439
2001-09-07,0.38403632510643415
2001-09-10,0.45166487621816365
2001-09-11,0.4240731928456513
2001-09-12,0.9272396584414132
2001-09-13,0.5111501720602827
2001-09-14,0.4460194509926967
2001-09-17,0.45413696859111186
2001-09-18,1.1566630597065997
2001-09-19,1.022749421946547
2001-09-20,0.5097095248995633
2001-09-21,0.4240868187359268
2001-09-24,0.8361955954732113
2001-09-25,0.3702725325417759
2001-09-26,0.4651468982758476
2001-09-27,0.4241638714767324
2001-09-28,0.4428112226234549
2001-10-01,0.8186790139414872
2001-10-02,0.599541376218995
2001-10-03,1.014931206514325
2001-10-04,0.4185352205614725
2001-10-05,1.1905841257128615
2001-10-08,0.8673477337356479
2001-10-09,0.40866078315630117
2001-10-10,0.4540606750863191
2001-10-11,0.38635765358509483
2001-10-12,0.6189506706830148
2001-10-15,0.4111890895864197
2001-10-16,0.7279165724456027
2001-10-17,0.49579991645410065
2001-10-18,0.6852618949095702
2001-10-19,0.7416316533253039
2001-10-22,0.9064309111265947
2001-10-23,0.9090901581189166
2001-10-24,0.7001815322928633
2001-10-25,0.5907982455925024
2001-10-26,0.7716954962966396
2001-10-29,0.7481883218616191
2001-10-30,0.49215021613237186
2001-10-31,0.8099794728231948
2001-11-01,0.502202628987562
2001-11-02,0.9180952087742673
2001-11-05,0.5205035417754511
2001-11-06,1.0684517179318804
2001-11-07,0.7244482338675229
2001-11-08,0.4513969545488166
2001-11-09,0.5380242877892126
2001-11-12,0.6061964861251655
2001-11-13,0.47211458499858244
2001-11-14,0.5062860957787626
2001-11-15,0.4336184405596721
2001-11-16,0.7846578231369574
2001-11-19,0.5095374478309771
2001-11-20,0.4786775682735214
2001-11-21,0.779399672191324
2001-11-22,0.4570646646823643
2001-11-23,1.0382895309358242
2001-11-26,0.45542183858856167
2001-11-27,0.8019716734216312
2001-11-28,0.7334788942834374
2001-11-29,0.36494658013555553
2001-11-30,0.5051649657091731
2001-12-03,0.49908052828558297
2001-12-04,1.0465571724044533
2001-12-05,0.6501368127149042
2001-12-06,0.6815459548349352
2001-12-07,0.6079442662138199
2001-12-10,0.682050033350573
2001-12-11,0.4280815183627981
2001-12-12,0.7777699457491324
2001-12-13,0.4129638170799282
2001-12-14,0.4840030109139099
2001-12-17,0.47264815879490524
2001-12-18,0.3909745440855967
2001-12-19,0.3863981378674248
2001-12-20,1.148792792832515
2001-12-21,0.46727404122334776
2001-12-24,0.5030176098681223
2001-12-25,0.788867994228195
2001-12-26,0.8074069364850788
2001-12-27,0.5548867603643266
2001-12-28,0.5139829851320342
2001-12-31,0.4346306991468323
2002-01-01,0.41918353596522306
2002-01-02,0.5468304616833737
2002-01-03,0.6215303097923794
2002-01-04,0.4057728505896403
2002-01-07,0.4744183505122605
2002-01-08,0.49478211571581554
2002-01-09,0.41365587638494594
2002-01-10,0.878774409590402
2002-01-11,0.45445644205545316
2002-01-14,0.39988462549256126
2002-01-15,0.48351967850616034
2002-01-16,0.6326855271058456
2002-01-17,0.42814148067705904
2002-01-18,0.9125406138285863
2002-01-21,0.38464269587700306
2002-01-22,0.6719811415802387
2002-01-23,0.5258850072435636
2002-01-24,0.6007289328567987
2002-01-25,0.584150014228278
2002-01-28,0.43285435231926594
2002-01-29,0.7834282972246703
2002-01-30,0.7270566548617551
2002-01-31,0.5721843529587157
2002-02-01,0.4620097434618043
2002-02-04,0.4350887325721037
2002-02-05,0.4475210456723481
2002-02-06,0.457791364451249
2002-02-07,0.46979896816064676
2002-02-08,0.7177311669573722
2002-02-11,0.4988323166392013
2002-02-12,0.6258250135557621
2002-02-13,0.6290459403987307
2002-02-14,0.4574105780399119
2002-02-15,0.865273228892026
2002-02-18,0.49190183437661944
2002-02-19,0.6216189468456408
2002-02-20,0.3825638085438634
2002-02-21,0.4972282579736762
2002-02-22,0.3690961619671406
2002-02-25,0.4533248984437869
2002-02-26,0.6265337588285614
2002-02-27,0.8421176694869557
2002-02-28,0.7169801940395671
2002-03-01,0.6499090818659757
2002-03-04,0.6479746284127317
2002-03-05,0.8333921004787885
2002-03-06,1.3082778977377847
2002-03-07,0.639528345342837
2002-03-08,0.4338583411182279
2002-03-11,0.4781246725291355
2002-03-12,0.688293625951615
2002-03-13,0.5258176525691094
2002-03-14,0.4513074647698536
2002-03-15,0.6912728086812482
2002-03-18,0.4116907250459965
2002-03-19,0.781347943536488
2002-03-20,0.38380072354775036
2002-03-21,0.6686176772374125
2002-03-22,0.5905934536375635
2002-03-25,0.9662489578066419
2002-03-26,0.430831928452266
2002-03-27,0.4275566830585292
2002-03-28,1.087459721334638
2002-03-29,0.3787278522230036
2002-04-01,0.48250399286573503
2002-04-02,0.6741083773336999
2002-04-03,0.5459316646398912
2002-04-04,0.5194949606559661
2002-04-05,0.627765247938296
2002-04-08,0.40736559357639507
2002-04-09,0.4958559840778651
2002-04-10,0.9773249202153155
2002-04-11,0.4362203352490105
2002-04-12,0.44281662345476824
2002-04-15,0.38342805812366343
2002-04-16,0.4248234120905764
2002-04-17,0.7701878288123492
2002-04-18,0.36520966345189054
2002-04-19,0.4065738411839666
2002-04-22,0.3836446874898854
2002-04-23,0.36146007084800663
2002-04-24,0.5687480003069303
2002-04-25,0.48568620945056473
2002-04-26,0.4226182937541836
2002-04-29,0.522770935049961
2002-04-30,0.5450524089523354
2002-05-01,0.5780722735762599
2002-05-02,0.6453595182351263
2002-05-03,0.44564675288661026
2002-05-06,0.6626630856255247
2002-05-07,0.5513820587041551
2002-05-08,0.4709397348662519
2002-05-09,0.5930219393625632
2002-05-10,0.3992736288757569
2002-05-13,0.5347330167074119
2002-05-14,0.7979987157004095
2002-05-15,0.8735838486252997
2002-05-16,0.4297670410615741
2002-05-17,0.42995031583894916
2002-05-20,0.9231099809909217
2002-05-21,0.766082794234965
2002-05-22,0.4398781106962683
2002-05-23,0.6005554051224969
2002-05-24,0.7754036310812135
2002-05-27,0.6407890122578923
2002-05-28,0.8585652908263629
2002-05-29,0.5596887208229575
2002-05-30,0.5493207657770053
2002-05-31,1.044126710951135
2002-06-03,1.3566354744254168
2002-06-04,0.45964272351920865
2002-06-05,0.6182615887467361
2002-06-06,0.48052994512676156
2002-06-07,0.7416304720553228
2002-06-10,0.8627160550789744
2002-06-11,0.42202095499073405
2002-06-12,0.4060309758881912
2002-06-13,0.4442886161146845
2002-06-14,0.523566346623551
2002-06-17,0.39819116967507445
2002-06-18,0.8631050988810253
2002-06-19,0.5419566553068048
2002-06-20,0.605090339948082
2002-06-21,0.657035020875965
2002-06-24,0.4580332425306785
2002-06-25,0.9937859355116205
2002-06-26,0.4415593464770047
2002-06-27,0.8752353881197973
2002-06-28,0.4741663949527367
2002-07-01,0.6652686347862171
2002-07-02,0.7313749666465564
2002-07-03,0.45811687281539976
2002-07-04,0.4360563322542907
2002-07-05,1.1863422222962066
2002-07-08,0.49879745024124456
2002-07-09,0.9144295730119285
2002-07-10,0.9805272020211454
2002-07-11,0.4542013667845731
2002-07-12,0.42165330872061824
2002-07-15,0.4781183590796055
2002-07-16,0.3673136017393128
2002-07-17,0.6368790121139972
2002-07-18,0.44092077847890654
2002-07-19,0.4379330039677902
2002-07-22,0.4255662775277606
2002-07-23,0.4617660407382928
2002-07-24,0.4459543932210679
2002-07-25,0.4080983030597265
2002-07-26,0.4518469409111464
2002-07-29,0.8195356142384143
2002-07-30,0.40053409315183325
2002-07-31,0.404673975865519
2002-08-01,0.328017604702638
2002-08-02,0.4644374816678437
2002-08-05,0.8659039493836627
2002-08-06,1.365723630564552
2002-08-07,0.8042734912844451
2002-08-08,0.8548462841708859
2002-08-09,0.7918759071567512
2002-08-12,0.5740866762816642
2002-08-13,0.8750083915929981
2002-08-14,0.47212451338699457
2002-08-15,0.8919715473233735
2002-08-16,0.6979546633518938
2002-08-19,0.448485029263447
2002-08-20,0.42112759727486954
2002-08-21,0.40033276865542106
2002-08-22,0.35664692056547975
2002-08-23,0.9261160687095484
2002-08-26,0.46694870265919985
2002-08-27,1.532478182197909
2002-08-28,0.8706109344429307
2002-08-29,0.505492509638235
2002-08-30,0.7168496639414715
2002-09-02,0.5384168257478299
2002-09-03,0.75515312486858
2002-09-04,0.493033451062472
2002-09-05,0.947728281814588
2002-09-06,0.4956727909734911
2002-09-09,0.6592619704207945
2002-09-10,0.4558222617939907
2002-09-11,0.7306117045723721
2002-09-12,0.6442466699424404
2002-09-13,1.1905883800976915
2002-09-16,0.42923038750170445
2002-09-17,0.3294630213232625
2002-09-18,0.47470942208623135
2002-09-19,0.795533252043282
2002-09-20,0.4327206144208254
2002-09-23,0.604397367845323
2002-09-24,0.4362430198516894
2002-09-25,0.42408523772746215
2002-09-26,0.5186323077194982
2002-09-27,0.45747676412900184
2002-09-30,0.44083816776131185
2002-10-01,0.3809214609587887
2002-10-02,0.6622292090798995
2002-10-03,0.43278929563667273
2002-10-04,0.565698851259859
2002-10-07,0.38043367124297084
2002-10-08,1.3366140936792095
2002-10-09,0.4179484653406715
2002-10-10,0.5236116836550027
2002-10-11,0.7386667518462094
2002-10-14,0.5089022537296787
2002-10-15,0.6456315019808554
2002-10-16,0.4140508568601795
2002-10-17,0.39877500811719047
2002-10-18,0.501225206019682
2002-10-21,0.3932813442235633
2002-10-22,0.599765681279697
2002-10-23,0.6874064707436197
2002-10-24,0.3582504762372147
2002-10-25,0.4003345408988754
2002-10-28,0.4822894181425189
2002-10-29,0.47383949671155323
2002-10-30,0.3207988206450952
2002-10-31,0.6711739744527365
2002-11-01,1.2309355326475495
2002-11-04,0.7845172831096364
2002-11-05,0.3990922068299254
2002-11-06,0.4137552064488513
2002-11-07,0.39957172319316875
2002-11-08,0.6426856559928625
2002-11-11,0.7547370356974547
2002-11-12,0.45248738269733574
2002-11-13,0.6056818169239995
2002-11-14,0.5048446598679002
2002-11-15,0.561315988657822
2002-11-18,0.4562564518137169
2002-11-19,0.44786660269453926
2002-11-20,0.5918934360859535
2002-11-21,0.920565761681924
2002-11-22,0.41854329209815466
2002-11-25,0.6899583387418191
2002-11-26,0.6393107534736308
2002-11-27,0.41780392892419344
2002-11-28,0.4586366784137918
2002-11-29,0.6390809723180795
2002-12-02,0.47443476109881233
2002-12-03,0.8245679811621265
2002-12-04,0.5872453444449274
2002-12-05,0.5889199643928814
2002-12-06,0.982074892080117
2002-12-09,0.44359081703802467
2002-12-10,0.40821525653110163
2002-12-11,0.4658588307839936
2002-12-12,0.4112177458655309
2002-12-13,0.9245774203366179
2002-12-16,0.47591256542049803
2002-12-17,0.47517161439156397
2002-12-18,1.2970535648814971
2002-12-19,0.5139263672912983
2002-12-20,0.38436089946569063
2002-12-23,0.5615590713511321
2002-12-24,0.8142766514063334
2002-12-25,0.44792105168119
2002-12-26,0.5745980584786591
2002-12-27,0.47535957833508224
2002-12-30,0.4106981628437406
2002-12-31,0.41144515473648297
2003-01-01,0.6199314332816136
2003-01-02,0.5528408359624878
2003-01-03,0.641376814603186
2003-01-06,0.5648205175727563
2003-01-07,0.6296585472886524
2003-01-08,0.6221378896827527
2003-01-09,0.49662910735752047
2003-01-10,1.1596237457101717
2003-01-13,1.4533831446299985
2003-01-14,0.4219756058158245
2003-01-15,0.7752879644250971
2003-01-16,0.41008947538664947
2003-01-17,0.7865958733522088
2003-01-20,0.7281512375104412
2003-01-21,0.7409355190790685
2003-01-22,0.9677641788862021
2003-01-23,0.7233114922415617
2003-01-24,0.4065385622177071
2003-01-27,0.8246811038631643
2003-01-28,0.4267696999653299
2003-01-29,0.6667320350563226
2003-01-30,0.7700762432644479
2003-01-31,0.3263327717249967
2003-02-03,0.3952599447838709
2003-02-04,1.029977226849619
2003-02-05,0.6578232401587017
2003-02-06,0.4122339577064985
2003-02-07,0.5253390914676619
2003-02-10,1.071749192355608
2003-02-11,0.7002884161992039
2003-02-12,0.46074804283106274
2003-02-13,0.4398260732176773
2003-02-14,0.7803957833579422
2003-02-17,1.3633635030471782
2003-02-18,0.6242994205013733
2003-02-19,0.39989745892363665
2003-02-20,0.40456895347032634
2003-02-21,0.5964934634639879
2003-02-24,0.3830946477739103
2003-02-25,0.5168638841368466
2003-02-26,0.5400392606652746
2003-02-27,0.3743403777223481
2003-02-28,0.47879142738299596
2003-03-03,0.42603145249662294
2003-03-04,0.4119070140290645
2003-03-05,0.732022786526835
2003-03-06,0.4163711492131933
2003-03-07,0.38881570582825964
2003-03-10,0.9026290410158408
2003-03-11,0.9445131393350077
2003-03-12,0.5128261405839923
2003-03-13,1.4414304254617618
2003-03-14,0.5931847134885633
2003-03-17,0.46136588576413573
2003-03-18,0.4138325008575518
2003-03-19,0.626382204780345
2003-03-20,0.8014616296846693
2003-03-21,0.48685774687144406
2003-03-24,0.39468521561693193
2003-03-25,0.4237843805131333
2003-03-26,1.074841092159163
2003-03-27,0.8431632927854462
2003-03-28,0.357928738086719
2003-03-31,0.42196948917849014
2003-04-01,0.8067911062023835
2003-04-02,0.6455205929716674
2003-04-03,0.7177548024403153
2003-04-04,0.6177139879253029
2003-04-07,0.5217298064406812
2003-04-08,0.401926337790738
2003-04-09,0.481309908618402
2003-04-10,0.6345413888630266
2003-04-11,0.39339526174515543
2003-04-14,0.5153415183760832
2003-04-15,0.39519207543953
2003-04-16,0.5293919175063396
2003-04-17,0.42895645744839717
2003-04-18,0.544759195570295
2003-04-21,0.4720163978361972
2003-04-22,0.4657787262994355
2003-04-23,0.41707671323719897
2003-04-24,1.190676005243897
2003-04-25,0.4178399087318057
2003-04-28,0.5696601357270157
2003-04-29,0.3767102546995302
2003-04-30,0.529589804315252
2003-05-01,0.3695865199254724
2003-05-02,0.7201102426132602
2003-05-05,0.3951135956818586
2003-05-06,0.6661242990773963
2003-05-07,0.78512735735459
2003-05-08,0.5710410948500336
2003-05-09,0.4532082210716856
2003-05-12,0.3960462183793686
2003-05-13,0.36276762431664955
2003-05-14,0.40439436837815806
2003-05-15,0.5625264983550391
2003-05-16,0.8589635190696522
2003-05-19,0.7022920076867789
2003-05-20,0.6307657246619084
2003-05-21,0.7235300872679635
2003-05-22,0.6280570090433877
2003-05-23,0.44336381958431903
2003-05-26,0.37929136791045903
2003-05-27,0.4405569711223208
2003-05-28,0.4794109804935199
2003-05-29,0.4960445384478907
2003-05-30,1.075596183894229
2003-06-02,0.7063592774783781
2003-06-03,0.3816444399797008
2003-06-04,1.0957259870807377
2003-06-05,0.7140362888678403
2003-06-06,0.5691151311583112
2003-06-09,0.7600968225352259
2003-06-10,0.48187316114838324
2003-06-11,0.45460763243839125
2003-06-12,0.5645362306460175
2003-06-13,0.4339830689583314
2003-06-16,0.584376645823299
2003-06-17,0.541698195568305
2003-06-18,0.47264432752786145
2003-06-19,0.5262262917776132
2003-06-20,0.386801940053569
2003-06-23,0.6907579353452906
2003-06-24,0.6736518298747894
2003-06-25,0.7230450955014849
2003-06-26,0.6888450601858432
2003-06-27,1.102783066888203
2003-06-30,0.4319775745298893
2003-07-01,0.3620531495372605
2003-07-02,0.45079930545183455
2003-07-03,0.4755216594174424
2003-07-04,0.5064669768833269
2003-07-07,0.5087970747330335
2003-07-08,0.46811856963332504
2003-07-09,0.7632688897300183
2003-07-10,0.4976092087989535
2003-07-11,0.53867280884129
2003-07-14,1.416449739501261
2003-07-15,0.5682210107390462
2003-07-16,0.8071474471304049
2003-07-17,0.9067016211153008
2003-07-18,1.1129153187719296
2003-07-21,1.2949638689327625
2003-07-22,0.4533767064290036
2003-07-23,0.8006762335562883
2003-07-24,0.3641461642354952
2003-07-25,0.5150644775016546
2003-07-28,0.5271722242778297
2003-07-29,0.5179014611399189
2003-07-30,0.41464883809033065
2003-07-31,0.8337262643094643
2003-08-01,0.7548344437791216
2003-08-04,0.4439158534837204
2003-08-05,0.3839278213630154
2003-08-06,0.390763192823584
2003-08-07,0.7436529544997151
2003-08-08,0.36747965610975836
2003-08-11,1.1186223578451744
2003-08-12,0.5926119524795534
2003-08-13,0.42756547759344077
2003-08-14,0.568178498763823
2003-08-15,1.086669327478736
2003-08-18,0.7222019934245021
2003-08-19,0.9416476118839177
2003-08-20,0.5038153252928707
2003-08-21,0.5668198723751149
2003-08-22,0.5041024080175782
2003-08-25,0.8088823199188954
2003-08-26,0.3711280491312252
2003-08-27,0.6195770716333262
2003-08-28,0.9683892829157534
2003-08-29,0.369445973790218
2003-09-01,0.6409616648792442
2003-09-02,0.5504955835832828
2003-09-03,0.37565883461998173
2003-09-04,0.7543208274428381
2003-09-05,0.5342190239605542
2003-09-08,0.5944618427374172
2003-09-09,1.093376631433617
2003-09-10,0.5577284621171146
2003-09-11,0.6915825669120937
2003-09-12,0.47227595819172247
2003-09-15,1.2522517273001763
2003-09-16,0.5444828605609932
2003-09-17,0.5131994543398026
2003-09-18,0.6472307428602964
2003-09-19,0.6689840178098712
2003-09-22,0.44197157231933265
2003-09-23,0.5988668959421388
2003-09-24,1.3675942084153225
2003-09-25,0.42265492480960926
2003-09-26,0.43191267843771314
2003-09-29,0.9555883368430699
2003-09-30,0.5443955114455628
2003-10-01,0.7740839680804846
2003-10-02,0.8915806160826414
2003-10-03,0.46940222019498035
2003-10-06,0.9625144705037172
2003-10-07,0.5165861833102255
2003-10-08,0.4257157151982663
2003-10-09,0.4574992817320098
2003-10-10,0.40926256664202976
2003-10-13,0.7234255206845005
2003-10-14,1.0802393729722854
2003-10-15,0.5870198144274911
2003-10-16,0.4521690894572652
2003-10-17,0.4119486615932542
2003-10-20,0.3634477212730801
2003-10-21,0.5944851907543284
2003-10-22,0.45526496413924605
2003-10-23,0.48611506869476045
2003-10-24,0.4454029750192658
2003-10-27,0.42430583151572004
2003-10-28,0.4743198069108097
2003-10-29,0.352283315603851
2003-10-30,0.4882869012657894
2003-10-31,0.5153632502836714
2003-11-03,0.592126158090226
2003-11-04,0.3979117779948689
2003-11-05,0.4210300696140823
2003-11-06,0.5674036278182685
2003-11-07,0.6165876252538249
2003-11-10,0.6675243415503141
2003-11-11,1.1383368407459833
2003-11-12,0.4057740693351725
2003-11-13,0.34670622728822403
2003-11-14,0.768163056776172
2003-11-17,0.5958819360835046
2003-11-18,0.6804646977609521
2003-11-19,0.719893780297784
2003-11-20,0.582452885266363
2003-11-21,1.3076051981602175
2003-11-24,0.46727162433141584
2003-11-25,0.862883979818318
2003-11-26,0.4374824920399592
2003-11-27,0.5890689061229758
2003-11-28,0.48530840200215064
2003-12-01,0.44182713117904204
2003-12-02,0.3997221587668893
2003-12-03,0.5379094828296179
2003-12-04,0.70013902166009
2003-12-05,0.41963027147895693
2003-12-08,0.4562444532719614
2003-12-09,0.4397350382881569
2003-12-10,0.4034466913704047
2003-12-11,0.5242139814262158
2003-12-12,0.8677588174719505
2003-12-15,1.191154002990605
2003-12-16,0.45283743953693917
2003-12-17,0.39149302594058083
2003-12-18,0.4513233097563955
2003-12-19,0.4792324783851502
2003-12-22,0.9004967799064284
2003-12-23,0.8094834714125998
2003-12-24,0.6239622054584179
2003-12-25,0.7009367421142068
2003-12-26,1.1276944144965644
2003-12-29,0.5141488280767806
2003-12-30,0.5760113137938947
2003-12-31,0.41258499931163456
2004-01-01,0.5086259340045611
2004-01-02,0.49740632649245
2004-01-05,0.38165894603687917
2004-01-06,0.681159873233735
2004-01-07,0.8901089122223946
2004-01-08,0.6497296047337401
2004-01-09,0.5518583092192008
2004-01-12,0.4999330129173345
2004-01-13,1.0040783850525403
2004-01-14,0.4647219210181076
2004-01-15,0.9226963783478451
2004-01-16,0.6218167895043409
2004-01-19,0.6629799230243959
2004-01-20,0.40374845010280347
2004-01-21,1.0733702718278724
2004-01-22,0.5165045858285441
2004-01-23,0.5325424951264527
2004-01-26,0.402009312285842
2004-01-27,1.0370038838330935
2004-01-28,0.7792206379349477
2004-01-29,0.8132981206158871
2004-01-30,0.6774354276283343
2004-02-02,0.7180315807185244
2004-02-03,0.5307643656760368
2004-02-04,0.4354437253552449
2004-02-05,0.6211425244731582
2004-02-06,0.3883425551004543
2004-02-09,0.4550484477894632
2004-02-10,0.4972157962561011
2004-02-11,0.4129143541576046
2004-02-12,0.9002022604809227
2004-02-13,0.8510186549827898
2004-02-16,0.39233967941794007
2004-02-17,0.4607440603858688
2004-02-18,0.4668980800955146
2004-02-19,0.9203629956237624
2004-02-20,0.546597458077165
2004-02-23,0.4104176443548787
2004-02-24,0.3552817647760446
2004-02-25,0.46570464791684835
2004-02-26,0.621172146898397
2004-02-27,0.37591423694981385
2004-03-01,1.0823453300000343
2004-03-02,1.1465811021935934
2004-03-03,0.9174975964439538
2004-03-04,0.4067417084322168
2004-03-05,0.4679027915825251
2004-03-08,0.43149749586759556
2004-03-09,0.47595451845563513
2004-03-10,0.6069818950130249
2004-03-11,0.5160297096426706
2004-03-12,0.602492006412518
2004-03-15,0.5745900326384702
2004-03-16,0.39385915376357056
2004-03-17,0.48951650288669635
2004-03-18,0.9459657332581661
2004-03-19,0.5481798747200385
2004-03-22,0.641428906721403
2004-03-23,0.44346379666411384
2004-03-24,0.3837830770548427
2004-03-25,0.4032834870070279
2004-03-26,0.5411946205743642
2004-03-29,1.0897984727533045
2004-03-30,0.4061456948356481
2004-03-31,0.4404239704950765
2004-04-01,0.5531213355937896
2004-04-02,0.9572535349565087
2004-04-05,0.7623848544495283
2004-04-06,0.4517397247763049
2004-04-07,0.959109909732675
2004-04-08,0.5632342882183905
2004-04-09,0.4775529394264888
2004-04-12,0.39527318505348413
2004-04-13,0.7303972663739875
2004-04-14,0.3738089887870367
2004-04-15,0.44725775628934866
2004-04-16,1.1051208441340001
2004-04-19,0.35378899678875997
2004-04-20,0.7186815421956885
2004-04-21,0.468869335355132
2004-04-22,0.47590186688532815
2004-04-23,0.5935942244344459
2004-04-26,0.5465968760779164
2004-04-27,0.3385648095637715
2004-04-28,1.1114967579753936
2004-04-29,0.34743776540789667
2004-04-30,0.6452271426892856
2004-05-03,0.3850596399157122
2004-05-04,0.4041782491560755
2004-05-05,0.7200182903880707
2004-05-06,0.4401910706397829
2004-05-07,0.45840007531670873
2004-05-10,1.1583654449739837
2004-05-11,0.769178419167669
2004-05-12,1.3993164145280903
2004-05-13,0.4051417850290326
2004-05-14,0.40302823891254147
2004-05-17,0.616062112197737
2004-05-18,0.6102440544933164
2004-05-19,0.4648651173433413
2004-05-20,0.3236991298484201
2004-05-21,0.438080677928514
2004-05-24,0.822065623729787
2004-05-25,0.609142166026058
2004-05-26,0.40994584895107955
2004-05-27,0.7127012386561413
2004-05-28,0.589706352569767
2004-05-31,0.5022093987484936
2004-06-01,0.8966283082580697
2004-06-02,0.6025995730672771
2004-06-03,0.7791934599580081
2004-06-04,0.9139391421664947
2004-06-07,0.48899466799723723
2004-06-08,0.40203004763453243
2004-06-09,0.8374043929427828
2004-06-10,0.6746572556412901
2004-06-11,0.5793748203609804
2004-06-14,0.6045777551635363
2004-06-15,0.5483946412749612
2004-06-16,0.45708282112029497
2004-06-17,0.8104109595068486
2004-06-18,0.5396051304593883
2004-06-21,0.3873856423805183
2004-06-22,1.077116158070097
2004-06-23,0.5477867345300972
2004-06-24,0.43692363009769647
2004-06-25,0.5949384335052336
2004-06-28,0.39555625372103453
2004-06-29,0.4978890402264647
2004-06-30,0.5384308171831776
2004-07-01,0.5117445455776295
2004-07-02,0.6321333884958708
2004-07-05,0.49698913737049694
2004-07-06,0.6736864483451902
2004-07-07,0.38214285356160393
2004-07-08,0.5721138108423464
2004-07-09,0.5001631031588365
2004-07-12,0.5721967736910912
2004-07-13,0.7476048877313725
2004-07-14,0.705317058529011
2004-07-15,0.6648550359030917
2004-07-16,0.5898471030249346
2004-07-19,0.4072655318953924
2004-07-20,0.3482399634062904
2004-07-21,0.6763515054874947
2004-07-22,0.9191397417066445
2004-07-23,0.3356748383333414
2004-07-26,0.48389906236664443
2004-07-27,0.700889320043412
2004-07-28,0.6332445405323013
2004-07-29,0.45010591265773253
2004-07-30,0.4369122962261752
2004-08-02,0.3994422508962261
2004-08-03,0.5131540282159087
2004-08-04,0.6568269839518746
2004-08-05,0.47116471654291336
2004-08-06,0.8088910275280348
2004-08-09,0.6512823901343499
2004-08-10,0.9135219665298452
2004-08-11,0.4036401927519808
2004-08-12,0.6344037664148053
2004-08-13,0.4489709954570798
2004-08-16,0.5808966328467824
2004-08-17,0.5892897802123821
2004-08-18,0.44706854647890454
2004-08-19,0.46268118866864383
2004-08-20,0.6167835727205551
2004-08-23,0.6249750950318969
2004-08-24,0.32937549165145624
2004-08-25,0.7963389389800702
2004-08-26,0.6969310821235096
2004-08-27,0.8441469929738222
2004-08-30,0.6566882988029177
2004-08-31,0.5645067552828985
2004-09-01,0.9075851696372118
2004-09-02,0.9852182728784922
2004-09-03,0.4198030291139617
2004-09-06,0.5675063018782263
2004-09-07,0.40048402591775795
2004-09-08,0.5916139572764534
2004-09-09,0.8192422750584307
2004-09-10,0.687108504118208
2004-09-13,0.4967234614674818
2004-09-14,0.4775872109216702
2004-09-15,0.48302342553551136
2004-09-16,0.5333897662659267
2004-09-17,0.6327271716793881
2004-09-20,0.6593847421801334
2004-09-21,0.4333475945370809
2004-09-22,0.4143828610163423
2004-09-23,0.6997905567103524
2004-09-24,0.3993230881739558
2004-09-27,0.615007346163274
2004-09-28,1.2076809525042123
2004-09-29,0.545383781437285
2004-09-30,0.4457180164233364
2004-10-01,0.7512712701145404
2004-10-04,0.6739336268104774
2004-10-05,0.4994630003539696
2004-10-06,0.9229987674811533
2004-10-07,0.43341943618309314
2004-10-08,1.1168262543836003
2004-10-11,1.282965523069732
2004-10-12,0.5685482888784881
2004-10-13,0.7353255740631222
2004-10-14,0.5798773832000231
2004-10-15,0.833287840582462
2004-10-18,1.044449125239193
2004-10-19,0.4000078931378642
2004-10-20,0.5070524553065459
2004-10-21,0.867033918204747
2004-10-22,0.7572877860701721
2004-10-25,0.684073535073354
2004-10-26,0.6882661705843948
2004-10-27,0.3760996576703948
2004-10-28,0.8740744460295417
2004-10-29,0.9926787017969338
2004-11-01,0.367641202446085
2004-11-02,0.8050820450804519
2004-11-03,0.43494576302126536
2004-11-04,0.647140804670919
2004-11-05,0.4165186728708904
2004-11-08,0.8068934178508266
2004-11-09,0.4925290305923567
2004-11-10,0.424407990917721
2004-11-11,0.43200700339344367
2004-11-12,0.7545447181579112
2004-11-15,0.4208173747970119
2004-11-16,0.723514545224969
2004-11-17,0.3409246077338968
2004-11-18,0.38671626044259455
2004-11-19,1.2337669120357797
2004-11-22,0.42215443227159166
2004-11-23,0.5797766536881592
2004-11-24,0.6003907374161815
2004-11-25,0.4252041039983617
2004-11-26,0.46769065963825285
2004-11-29,0.6172228492298438
2004-11-30,0.36929797878017523
2004-12-01,0.4454894508572988
2004-12-02,0.45798661225624515
2004-12-03,0.7871625871876654
2004-12-06,0.5763652808038265
2004-12-07,0.42140826999142744
2004-12-08,0.40614441502237775
2004-12-09,0.877414639511844
2004-12-10,1.4811443525391663
2004-12-13,0.37668857352323737
2004-12-14,1.03824977209561
2004-12-15,0.42012159282940653
2004-12-16,1.2040826387035932
2004-12-17,0.43303804992243267
2004-12-20,0.665469041961697
2004-12-21,0.9781847714825108
2004-12-22,0.43041394200324395
2004-12-23,0.40110204711235137
2004-12-24,0.7090629931801782
2004-12-27,0.4263768683933066
2004-12-28,0.5297577882548942
2004-12-29,0.46939454932919283
2004-12-30,0.45719724230677417
2004-12-31,0.45063292480243006
2005-01-03,0.9148182693202634
2005-01-04,0.405268688047285
2005-01-05,0.49545991137992623
2005-01-06,0.7967524425336588
2005-01-07,0.7684117069911872
2005-01-10,0.6372815512832811
2005-01-11,0.5366152083533614
2005-01-12,0.8643586108160217
2005-01-13,0.37263837957486173
2005-01-14,0.4987377309916745
2005-01-17,0.36089668562861177
2005-01-18,1.3523607708556733
2005-01-19,0.44772917106298643
2005-01-20,0.5872888229212493
2005-01-21,0.6363886641202049
2005-01-24,0.5795301325689959
2005-01-25,0.8219188425664172
2005-01-26,0.7109081015542367
2005-01-27,0.8680714305900209
2005-01-28,0.5029722366153216
2005-01-31,0.9260869355028467
2005-02-01,0.9315764885421086
2005-02-02,0.37212170208153766
2005-02-03,0.49381534887464346
2005-02-04,0.39958743480812714
2005-02-07,0.7889801387575904
2005-02-08,0.8287129520201892
2005-02-09,0.5436614004404019
2005-02-10,0.5452275379505543
2005-02-11,0.6690134818700558
2005-02-14,0.4660471997854942
2005-02-15,0.8163256567865793
2005-02-16,0.45013317974677686
2005-02-17,0.6827222150797001
2005-02-18,0.46028363841634706
2005-02-21,0.7023340745062329
2005-02-22,0.47266007557128803
2005-02-23,0.4577626553850266
2005-02-24,0.7775174963777461
2005-02-25,1.06436514049888
2005-02-28,1.1569838979212708
2005-03-01,0.9411015766994882
2005-03-02,0.4877152053283456
2005-03-03,0.5728269177690541
2005-03-04,0.8727725149100393
2005-03-07,0.5304775361399486
2005-03-08,0.50523481658678
2005-03-09,0.6469047312246863
2005-03-10,0.8272436502407251
2005-03-11,0.5012393241965273
2005-03-14,1.051869213595017
2005-03-15,0.4911773439526833
2005-03-16,0.43455801563866925
2005-03-17,0.9017585097229135
2005-03-18,0.4273334621062678
2005-03-21,0.4079897084592199
2005-03-22,0.8581225715079898
2005-03-23,0.4085169953211415
2005-03-24,0.638770243952282
2005-03-25,0.678062465391215
2005-03-28,0.4104733822441982
2005-03-29,0.4734361057231181
2005-03-30,0.4134123635562852
2005-03-31,0.7535101044871463
2005-04-01,0.4711075769477152
2005-04-04,0.421143184585276
2005-04-05,0.5195749490227144
2005-04-06,0.3731194594233509
2005-04-07,1.202405926414884
2005-04-08,1.0904139799565469
2005-04-11,0.4647467847484177
2005-04-12,0.5783636103104125
2005-04-13,0.8030838547198269
2005-04-14,0.4330340451587873
2005-04-15,0.5382801653386274
2005-04-18,0.8309412563106398
2005-04-19,0.6440834003306685
2005-04-20,0.527173832768734
2005-04-21,0.808762444396192
2005-04-22,0.5668208371251666
2005-04-25,0.46021704608692104
2005-04-26,0.43997980495268874
2005-04-27,0.3723805896727727
2005-04-28,0.4375919736404535
2005-04-29,0.48321318736701446
2005-05-02,0.47582115401113656
2005-05-03,1.5686822132351448
2005-05-04,0.44198504339215955
2005-05-05,0.4550346355405095
2005-05-06,0.4787634310367246
2005-05-09,0.4189357568529617
2005-05-10,1.673191036677504
2005-05-11,0.6980733182337344
2005-05-12,1.1534933975369819
2005-05-13,0.5985150883830297
2005-05-16,0.8248100852371868
2005-05-17,0.3726842314547329
2005-05-18,0.6682499517707201
2005-05-19,0.7092958212091506
2005-05-20,0.44276914960871716
2005-05-23,0.6700994688180624
2005-05-24,0.5970963843244426
2005-05-25,0.930436042437312
2005-05-26,0.5081302518447449
2005-05-27,0.672746516529122
2005-05-30,0.4129948052737559
2005-05-31,0.45485175855587573
2005-06-01,0.9070906938526024
2005-06-02,0.9182942663139152
2005-06-03,0.41995982491830347
2005-06-06,0.5649773221844803
2005-06-07,0.40288264144699065
2005-06-08,0.43337070249176496
2005-06-09,0.4086852898535591
2005-06-10,0.3635186420021069
2005-06-13,0.39121915104128085
2005-06-14,1.4187434330870736
2005-06-15,0.44249873471167644
2005-06-16,0.6594421351026563
2005-06-17,1.2008172592239763
2005-06-20,0.5420594136480898
2005-06-21,0.9782855575171153
2005-06-22,0.9055408714353477
2005-06-23,0.8614527725464696
2005-06-24,0.6045247329671072
2005-06-27,0.43096917411179997
2005-06-28,0.5694259532577635
2005-06-29,0.43970870561236575
2005-06-30,0.7163904040901203
2005-07-01,0.4553007849663171
2005-07-04,0.474581845025498
2005-07-05,0.5637392699783248
2005-07-06,0.9358407064859912
2005-07-07,0.5351384357810819
2005-07-08,0.5231025630371023
2005-07-11,0.4835294928248077
2005-07-12,1.0121801004027104
2005-07-13,0.4873525628644393
2005-07-14,0.4371657429730806
2005-07-15,0.729922992020012
2005-07-18,0.545055370161192
2005-07-19,0.5473657222400821
2005-07-20,0.40167584313368787
2005-07-21,0.4458982939666955
2005-07-22,0.5173152500304068
2005-07-25,0.42878039292195214
2005-07-26,0.9150261699404724
2005-07-27,0.5626707830083354
2005-07-28,0.5492280230856986
2005-07-29,0.4217136517454853
2005-08-01,1.0480073543255621
2005-08-02,0.8753021025284046
2005-08-03,0.9075644789963832
2005-08-04,0.8146673256411391
2005-08-05,0.484770712408435
2005-08-08,0.5356881374576163
2005-08-09,0.37845175761083805
2005-08-10,0.5001145538747865
2005-08-11,0.4307718323284854
2005-08-12,0.519094448307057
2005-08-15,0.7135364798731745
2005-08-16,0.9038348153785929
2005-08-17,0.8407706308704889
2005-08-18,0.5477219326519922
2005-08-19,0.5346895772734284
2005-08-22,1.2640873312210352
2005-08-23,0.8703126303648414
2005-08-24,0.723369756138025
2005-08-25,0.5784768578501956
2005-08-26,1.1491071297303501
2005-08-29,0.4437297370634422
2005-08-30,0.41599585576829956
2005-08-31,0.6333596163040444
2005-09-01,1.176350090132515
2005-09-02,0.556541793971672
2005-09-05,0.4714033814966834
2005-09-06,0.4744392594482689
2005-09-07,0.4852802490801427
2005-09-08,0.46225606126955804
2005-09-09,0.42193823570514893
2005-09-12,0.5430911068628634
2005-09-13,0.509072454952885
2005-09-14,0.6792115358134955
2005-09-15,1.2167334598167812
2005-09-16,1.2319826007550565
2005-09-19,0.5980697105523402
2005-09-20,0.4783438047242645
2005-09-21,0.9660561356915308
2005-09-22,0.4243456705169851
2005-09-23,0.45787218840557503
2005-09-26,0.4866018897615648
2005-09-27,1.2496414935174176
2005-09-28,1.176929403845531
2005-09-29,0.4165295939597221
2005-09-30,0.714641180238049
2005-10-03,0.5596414886096779
2005-10-04,0.4425358263101277
2005-10-05,0.34976418907038936
2005-10-06,0.4513573198102511
2005-10-07,0.4210040558551697
2005-10-10,0.7371835605782727
2005-10-11,0.3962081799712201
2005-10-12,0.6963379558617926
2005-10-13,0.7098245999369769
2005-10-14,0.5114388476833835
2005-10-17,0.6329395559517446
2005-10-18,0.4864742177809216
2005-10-19,0.37560765800798956
2005-10-20,1.0886041736017185
2005-10-21,0.3651779297934942
2005-10-24,1.3045496768903069
2005-10-25,0.39423997307320324
2005-10-26,0.8641833217663282
2005-10-27,0.5280565190558844
2005-10-28,0.5519155568265042
2005-10-31,1.1343185133475122
2005-11-01,0.38225559029029055
2005-11-02,0.42287733936425154
2005-11-03,0.757320124404799
2005-11-04,0.5074163263474502
2005-11-07,0.4260104327177408
2005-11-08,0.7197759262378784
2005-11-09,0.8352628252643594
2005-11-10,0.37959056325285034
2005-11-11,0.7562630909677834
2005-11-14,0.385917375615562
2005-11-15,0.4725278501547686
2005-11-16,0.46323832306705454
2005-11-17,0.9154156336791333
2005-11-18,0.4523185013329926
2005-11-21,0.39200174035106566
2005-11-22,0.36389939376924174
2005-11-23,0.8011333158755106
2005-11-24,0.8651293328810149
2005-11-25,0.895459542642044
2005-11-28,0.4908999223488515
2005-11-29,0.6337231461067605
2005-11-30,0.9281262195218873
2005-12-01,0.3737565839816532
2005-12-02,0.7472445840793382
2005-12-05,0.5353425675240853
2005-12-06,0.41746420931462486
2005-12-07,0.528200969433921
2005-12-08,0.8764905158677364
2005-12-09,0.7027552305203102
2005-12-12,0.6646141618041912
2005-12-13,0.4907339251626008
2005-12-14,0.6410269388659879
2005-12-15,0.3739828706683494
2005-12-16,0.5475715582572677
2005-12-19,0.45672908767812526
2005-12-20,0.4506676633696277
2005-12-21,0.5884558743287445
2005-12-22,0.9737458069268284
2005-12-23,0.47361748257872444
2005-12-26,0.6071529087179921
2005-12-27,0.6633744924493487
2005-12-28,0.5148245237558142
2005-12-29,1.0399209678235628
2005-12-30,0.9558975400028307
2006-01-02,0.6115641311921898
2006-01-03,0.3444828296372936
2006-01-04,0.41704339773652455
2006-01-05,1.0506433736997158
2006-01-06,0.615953312771393
2006-01-09,0.3368961529567892
2006-01-10,0.6048731851402414
2006-01-11,0.39672845041213356
2006-01-12,0.46661600780669854
2006-01-13,0.5412270315003523
2006-01-16,0.5082087420369332
2006-01-17,0.5421357703797948
2006-01-18,0.3666885807875022
2006-01-19,0.6150698946942095
2006-01-20,0.6788759212595785
2006-01-23,0.39189234701931924
2006-01-24,0.9083020499710099
2006-01-25,0.41015080105111307
2006-01-26,0.37438920906442524
2006-01-27,0.629880479650373
2006-01-30,0.48124818084948
2006-01-31,0.4830838577217333
2006-02-01,0.594300498223949
2006-02-02,0.37434091082089094
2006-02-03,0.41375261556687404
2006-02-06,1.1474648598236221
2006-02-07,0.4258295766385323
2006-02-08,0.4471823954709247
2006-02-09,0.4430856319471922
2006-02-10,0.5716285870552694
2006-02-13,1.1529548677880872
2006-02-14,0.7023281920132084
2006-02-15,0.7464163721626719
2006-02-16,0.5223149689680103
2006-02-17,0.6120937449264893
2006-02-20,0.41302806324968927
2006-02-21,0.4268014336031967
2006-02-22,0.6111665963680654
2006-02-23,0.5511959022828435
2006-02-24,0.7694900617305759
2006-02-27,0.7433062415265399
2006-02-28,0.5915840599652461
2006-03-01,0.3969732400703391
2006-03-02,0.6170922823294229
2006-03-03,0.5175463556003841
2006-03-06,0.5578636889555416
2006-03-07,0.43364789896645217
2006-03-08,1.112044343546472
2006-03-09,0.46559617831967715
2006-03-10,0.5876418418712858
2006-03-13,1.0750724315606561
2006-03-14,0.6348035157331706
2006-03-15,0.9668234280749769
2006-03-16,0.8406468925368317
2006-03-17,0.7707310326317404
2006-03-20,0.838326344199912
2006-03-21,0.3406293615886289
2006-03-22,0.40286591278757866
2006-03-23,0.38718025422430086
2006-03-24,0.40341904149527474
2006-03-27,1.090420014041486
2006-03-28,0.8273662900603866
2006-03-29,0.4134340427925681
2006-03-30,0.6135708760830956
2006-03-31,0.5993687947281185
2006-04-03,0.7561831180787102
2006-04-04,0.39148810614265706
2006-04-05,0.4348906340499416
2006-04-06,1.0461670456217353
2006-04-07,0.6368336034813546
2006-04-10,0.8596637729257667
2006-04-11,0.7602576439664264
2006-04-12,0.40780611697110153
2006-04-13,0.46343292108995576
2006-04-14,0.8806613619644675
2006-04-17,0.5748529911518236
2006-04-18,0.7345112593096045
2006-04-19,0.43613623505223975
2006-04-20,0.4557497680144155
2006-04-21,0.6510986737456734
2006-04-24,0.46818231456244985
2006-04-25,0.49148124609603144
2006-04-26,0.3815339251398754
2006-04-27,0.5182195398946469
2006-04-28,0.5278900187648334
2006-05-01,0.4460847591434847
2006-05-02,0.40931813124397626
2006-05-03,0.8661144810199465
2006-05-04,0.7712992330669667
2006-05-05,0.44176635384743784
2006-05-08,0.6162471378266017
2006-05-09,0.34228841591013415
2006-05-10,0.9554645559179292
2006-05-11,0.9347767060689312
2006-05-12,0.886146437637005
2006-05-15,0.4760888726812746
2006-05-16,0.6485187965666622
2006-05-17,0.7884783769731445
2006-05-18,0.7491636154216788
2006-05-19,0.6205430917159583
2006-05-22,0.4421164371403322
2006-05-23,0.4593160092191514
2006-05-24,1.5736375316665423
2006-05-25,0.7547589289697254
2006-05-26,0.40337144327348884
2006-05-29,0.7984879929637198
2006-05-30,0.5146021898493475
2006-05-31,0.3702189198774416
2006-06-01,0.48209804081516433
2006-06-02,0.615007617546656
2006-06-05,0.43529990391222745
2006-06-06,0.4229540149353187
2006-06-07,0.8040561803368999
2006-06-08,1.2291580854077275
2006-06-09,0.4465534971864934
2006-06-12,0.6589716523919128
2006-06-13,0.9728462359516571
2006-06-14,0.40019530316513335
2006-06-15,0.3698665205573696
2006-06-16,0.42777226727173384
2006-06-19,0.4257892551841559
2006-06-20,0.7265856262402102
2006-06-21,0.7712866951380138
2006-06-22,0.5078035215454635
2006-06-23,0.34690581013386046
2006-06-26,0.7416801405382031
2006-06-27,0.36557699246472714
2006-06-28,0.4124385287799641
2006-06-29,0.6712896156047656
2006-06-30,0.5087498826679298
2006-07-03,0.6568794873663063
2006-07-04,0.42825891383482106
2006-07-05,0.42400824645538415
2006-07-06,0.30916655978166774
2006-07-07,0.6437743772579354
2006-07-10,0.5522985588578648
2006-07-11,0.6933767353120858
2006-07-12,0.45951674151576155
2006-07-13,0.38252827745352935
2006-07-14,0.4041928956140999
2006-07-17,0.4125668438169839
2006-07-18,0.5472925760279201
2006-07-19,0.4318642152305833
2006-07-20,0.6040816695139117
2006-07-21,0.9076479601190168
2006-07-24,0.6043886477367385
2006-07-25,0.40612083332901994
2006-07-26,1.0687352951344795
2006-07-27,0.7718820714075025
2006-07-28,0.6606983288209586
2006-07-31,0.9641569776408331
2006-08-01,0.439968804318652
2006-08-02,0.6545118355250603
2006-08-03,0.7379642273713874
2006-08-04,0.5098542144935483
2006-08-07,0.3811193079859163
2006-08-08,0.4006457020864245
2006-08-09,0.7927585071384592
2006-08-10,0.4767818705214332
2006-08-11,0.9440776333620097
2006-08-14,0.5846642078028439
2006-08-15,0.45993791027944286
2006-08-16,0.5098853857711673
2006-08-17,0.9729759834732169
2006-08-18,1.243893333483374
2006-08-21,0.47748083998403235
2006-08-22,0.6727976699558937
2006-08-23,0.7715221075156083
2006-08-24,0.49615541930675683
2006-08-25,0.8111789427099737
2006-08-28,0.3817051649983698
2006-08-29,0.615772418369733
2006-08-30,0.4443342589768468
2006-08-31,0.9340903584464635
2006-09-01,0.8982556385855343
2006-09-04,0.40949651949820326
2006-09-05,0.3858974085413039
2006-09-06,0.4240625335142711
2006-09-07,0.9081542347355199
2006-09-08,0.4157608040253022
2006-09-11,0.6303144033039785
2006-09-12,0.3713383617952224
2006-09-13,0.571631292238193
2006-09-14,0.8948923565945636
2006-09-15,0.5734455896190016
2006-09-18,0.5932706933782911
2006-09-19,1.0380671974398086
2006-09-20,1.0621077192125055
2006-09-21,0.4580206652031913
2006-09-22,0.4139021324957592
2006-09-25,1.1840571355037945
2006-09-26,0.5248543769234585
2006-09-27,0.8744701039000964
2006-09-28,0.3614210567144916
2006-09-29,0.47911274631769457
2006-10-02,0.5263780137643194
2006-10-03,0.4281570335392605
2006-10-04,0.6964063859559327
2006-10-05,0.4301454400794043
2006-10-06,0.48926814472828173
2006-10-09,1.234336534011352
2006-10-10,0.41126714044899987
2006-10-11,0.4456262249750553
2006-10-12,0.47672527259366215
2006-10-13,1.1351767037416278
2006-10-16,0.44809839875942054
2006-10-17,0.4972668721252115
2006-10-18,0.47097659715699874
2006-10-19,0.7677412981393827
2006-10-20,0.6853580133903877
2006-10-23,0.7934770644974317
2006-10-24,1.1615844487026827
2006-10-25,0.39643795037088386
2006-10-26,1.038529852902096
2006-10-27,0.44060850009677094
2006-10-30,0.7053773109498185
2006-10-31,0.47838666920944384
2006-11-01,0.42030689340478694
2006-11-02,0.5937528674075582
2006-11-03,0.44508988266534794
2006-11-06,0.35469251782942307
2006-11-07,0.4622886787938373
2006-11-08,0.4273222246687367
2006-11-09,0.6617608105571432
2006-11-10,1.0955549485254952
2006-11-13,0.27776394015157874
2006-11-14,0.445125348496754
2006-11-15,0.4911406483096763
2006-11-16,0.7805896091771638
2006-11-17,0.6511687871069144
2006-11-20,0.6337604732175374
2006-11-21,0.4525370718728669
2006-11-22,0.3528550994477787
2006-11-23,0.7330118894286815
2006-11-24,0.6173389570850607
2006-11-27,0.3647782369791497
2006-11-28,0.39957944901589043
2006-11-29,0.41027838907383296
2006-11-30,0.9891387546917791
2006-12-01,0.506146794513593
2006-12-04,0.424343803558871
2006-12-05,0.35090967283166763
2006-12-06,1.0604830868689752
2006-12-07,0.3589582302748747
2006-12-08,0.6182590802782418
2006-12-11,0.4819813742115497
2006-12-12,0.9449154836276568
2006-12-13,0.8097037192079309
2006-12-14,0.8022033586686084
2006-12-15,0.45930385204700536
2006-12-18,0.8937262879199036
2006-12-19,0.46602352169259564
2006-12-20,0.4361815469409988
2006-12-21,0.37455346549560475
2006-12-22,0.8174220667856937
2006-12-25,0.5637763032800815
2006-12-26,0.4540575346477229
2006-12-27,0.5277496653668238
2006-12-28,0.44805582547945616
2006-12-29,0.6304210279443803
2007-01-01,0.5248165890722833
2007-01-02,0.5591277471739288
2007-01-03,0.8662691856220063
2007-01-04,0.45825893149554164
2007-01-05,0.5197686498734924
2007-01-08,0.48373077201946696
2007-01-09,0.48156691724873457
2007-01-10,0.8894861326977125
2007-01-11,0.3806010469520081
2007-01-12,0.5308998045883631
2007-01-15,0.37975284050359315
2007-01-16,0.5819587567728041
2007-01-17,0.44825413451070406
2007-01-18,0.899943846194523
2007-01-19,0.5468664442300549
2007-01-22,0.40519538743689215
2007-01-23,0.9735188496424712
2007-01-24,0.39409488776969226
2007-01-25,0.7280034365303235
2007-01-26,0.39324930322063634
2007-01-29,0.37541828080228795
2007-01-30,0.6386823328350743
2007-01-31,0.3825826449272863
2007-02-01,0.8656253192014677
2007-02-02,0.44994471479556275
2007-02-05,0.8873421214896451
2007-02-06,0.830380359233786
2007-02-07,0.8295153161100136
2007-02-08,0.4893329807531647
2007-02-09,0.6041326698104932
2007-02-12,0.5179892449789429
2007-02-13,0.3835178537873377
2007-02-14,0.3936217813602169
2007-02-15,0.5264142398957506
2007-02-16,0.8445393640256756
2007-02-19,0.7024356169751914
2007-02-20,0.6418721424885272
2007-02-21,0.47460517314138684
2007-02-22,0.8481417349034367
2007-02-23,0.7027067729833488
2007-02-26,0.3995034873433909
2007-02-27,0.5520491153665227
2007-02-28,0.4661749983803374
2007-03-01,0.48568178742038276
2007-03-02,0.43233456470674486
2007-03-05,1.0092495518687505
2007-03-06,0.6108084467304787
2007-03-07,0.4186727074536203
2007-03-08,0.8743567553967213
2007-03-09,0.7438896018543744
2007-03-12,0.7305734759786032
2007-03-13,0.5539018658329741
2007-03-14,0.3686831779933267
2007-03-15,0.42447899033508635
2007-03-16,0.8727229818311317
2007-03-19,0.45620272420236596
2007-03-20,0.624092247006413
2007-03-21,0.4091702881574869
2007-03-22,0.42906913044172595
2007-03-23,0.39501034354752745
2007-03-26,0.4133597403224293
2007-03-27,0.7707512061057653
2007-03-28,0.5225238648808757
2007-03-29,0.7764850661248336
2007-03-30,0.37005312647638083
2007-04-02,0.5068105935066413
2007-04-03,0.545625597390362
2007-04-04,0.4251039590556666
2007-04-05,0.543421792582624
2007-04-06,0.6481625979421077
2007-04-09,0.61124668627219
2007-04-10,0.4094177337981523
2007-04-11,0.564313394345403
2007-04-12,0.5887661672142095
2007-04-13,0.35051642605857763
2007-04-16,0.4320720200569377
2007-04-17,0.41279644827434425
2007-04-18,0.8506411441588574
2007-04-19,0.3308594756696747
2007-04-20,0.498745318300143
2007-04-23,1.054422557854204
2007-04-24,0.5032832075839506
2007-04-25,0.7493062747432849
2007-04-26,0.9894419826737676
2007-04-27,0.3191300822959017
2007-04-30,0.8254582645414899
2007-05-01,0.5307110993537256
2007-05-02,0.8702950404923507
2007-05-03,0.5540019150303667
2007-05-04,0.5620837251991379
2007-05-07,0.5070873833071947
2007-05-08,0.6270629009339193
2007-05-09,0.47624023576764457
2007-05-10,0.7878521376699307
2007-05-11,0.6420794531398336
2007-05-14,0.992941149261935
2007-05-15,0.4857744234691665
2007-05-16,0.9758100498977806
2007-05-17,0.6235557355264368
2007-05-18,0.5253963390790918
2007-05-21,0.4702831031024763
2007-05-22,1.0356505792881445
2007-05-23,0.461708167654003
2007-05-24,0.5707155744312424
2007-05-25,0.8419307194809083
2007-05-28,0.82264768174951
2007-05-29,0.39576031480128315
2007-05-30,0.7915604758240912
2007-05-31,0.6995866935092554
2007-06-01,0.40909305330823625
2007-06-04,1.2253115356491011
2007-06-05,0.44042943167110393
2007-06-06,0.41149099366242425
2007-06-07,0.5330673478736827
2007-06-08,0.43121973308694783
2007-06-11,0.38604461481022645
2007-06-12,0.5305074631054555
2007-06-13,0.8435697029567002
2007-06-14,0.6069816939462288
2007-06-15,0.8096762772243862
2007-06-18,0.5408174629842906
2007-06-19,0.5367796243694191
2007-06-20,0.6128748087273159
2007-06-21,0.4404507448441869
2007-06-22,0.541405156697554
2007-06-25,0.8090235144181467
2007-06-26,0.5401459872411901
2007-06-27,1.4725654168771285
2007-06-28,1.0027039411481597
2007-06-29,1.235163713230391
2007-07-02,0.8515823865100004
2007-07-03,0.7030142733365924
2007-07-04,0.42922556684445107
2007-07-05,1.1474434471664205
2007-07-06,1.3195235984317233
2007-07-09,0.49752751591204614
2007-07-10,0.4554122449502782
2007-07-11,0.41541915785421696
2007-07-12,1.0539908924259942
2007-07-13,0.5674844232206707
2007-07-16,0.3965071014913163
2007-07-17,0.5653982869515449
2007-07-18,0.4279170094100556
2007-07-19,0.5772529134102314
2007-07-20,0.44379443811873065
2007-07-23,0.46383985767225133
2007-07-24,0.9449893721949442
2007-07-25,0.386355803448432
2007-07-26,0.3896757192233217
2007-07-27,0.47405830275126065
2007-07-30,0.5156080579156741
2007-07-31,0.6539317354485243
2007-08-01,0.49114885412917964
2007-08-02,0.5047466973187285
2007-08-03,0.4026025176207911
2007-08-06,0.7160696771944357
2007-08-07,0.4601237000588985
2007-08-08,0.6438109855251976
2007-08-09,0.83415740820415
2007-08-10,0.450847715339017
2007-08-13,0.7894039592147665
2007-08-14,0.48078472643133885
2007-08-15,0.9168640451149951
2007-08-16,0.4289183237759889
2007-08-17,1.0550815025517215
2007-08-20,0.5835932238210315
2007-08-21,0.36631885054428737
2007-08-22,0.8135972492217586
2007-08-23,0.43021980046001057
2007-08-24,0.4253781908019945
2007-08-27,0.37862603150593693
2007-08-28,0.5589434679470386
2007-08-29,0.41906927628701324
2007-08-30,0.50227245176575
2007-08-31,0.5536795367682312
2007-09-03,0.45405635131155375
2007-09-04,0.43038884889372614
2007-09-05,0.6444908962201076
2007-09-06,1.027502855413133
2007-09-07,0.768975810637095
2007-09-10,0.6931397644172327
2007-09-11,0.7872961482464376
2007-09-12,0.7849757850603812
2007-09-13,0.7250080480454096
2007-09-14,0.5091475780071825
2007-09-17,1.1909545144358025
2007-09-18,0.38448157843445335
2007-09-19,0.5501990200845744
2007-09-20,0.490630113043023
2007-09-21,0.49926193758007226
2007-09-24,0.48210080851285475
2007-09-25,0.37001651960186666
2007-09-26,0.6087172074030536
2007-09-27,0.42638156458605697
2007-09-28,0.6883269968029547
2007-10-01,0.5926170281374447
2007-10-02,0.751311924586935
2007-10-03,0.7594001976806191
2007-10-04,0.5244949100701096
2007-10-05,0.7627369017417533
2007-10-08,0.41937632717319934
2007-10-09,0.3583633652443839
2007-10-10,0.4167628423534293
2007-10-11,0.6894367446507215
2007-10-12,0.7891864209429805
2007-10-15,0.9878464464731396
2007-10-16,0.9692212460193022
2007-10-17,0.3831271775106306
2007-10-18,0.4092514324910803
2007-10-19,0.3945554492894855
2007-10-22,0.5918935185779476
2007-10-23,0.5108241764055137
2007-10-24,0.3951824688121738
2007-10-25,0.4365094053477703
2007-10-26,0.4541009094264155
2007-10-29,0.436950463812216
2007-10-30,0.36807268192731146
2007-10-31,0.4447543469010698
2007-11-01,0.432676262388613
2007-11-02,0.9085250205006692
2007-11-05,0.5812133153021991
2007-11-06,1.2568787814207276
2007-11-07,0.6006567240501363
2007-11-08,0.4350616605706811
2007-11-09,0.7318460409792485
2007-11-12,0.5852105535559096
2007-11-13,0.43927741909022167
2007-11-14,0.39260042843275283
2007-11-15,0.43615464144101523
2007-11-16,0.4762784741176616
2007-11-19,0.6479312653825362
2007-11-20,0.9281850615607214
2007-11-21,1.003848515770486
2007-11-22,0.557352772014916
2007-11-23,0.6803885031514821
2007-11-26,0.43290322225410915
2007-11-27,0.41980534087946303
2007-11-28,0.6056037579019783
2007-11-29,0.6909838627903274
2007-11-30,0.5166086966924319
2007-12-03,0.9526020218136125
2007-12-04,0.4973701852134313
2007-12-05,0.40604733718287783
2007-12-06,0.47518620762589736
2007-12-07,1.0609516698090762
2007-12-10,0.7502605289172106
2007-12-11,0.732602495127855
2007-12-12,0.40349559759963494
2007-12-13,0.4725940308631783
2007-12-14,0.4454010349240255
2007-12-17,0.4542515969906779
2007-12-18,0.37738803387514763
2007-12-19,1.0594883045457149
2007-12-20,0.34831849075856236
2007-12-21,0.8363423180737705
2007-12-24,0.6141213001143242
2007-12-25,0.36621457466857543
2007-12-26,0.47437844457866774
2007-12-27,1.3222798524174308
2007-12-28,0.666574919191309
2007-12-31,0.6145815148044569
2008-01-01,0.3667834492483335
2008-01-02,0.4195493907569535
2008-01-03,0.5645028337289605
2008-01-04,0.5831185697047727
2008-01-07,0.8382464517390462
2008-01-08,0.47847924374674095
2008-01-09,0.5421430386143233
2008-01-10,0.7202562996024593
2008-01-11,0.5531413982287734
2008-01-14,0.47916443531567904
2008-01-15,0.42168521591189406
2008-01-16,0.7486224603792884
2008-01-17,0.5414843642880577
2008-01-18,1.3724233438980753
2008-01-21,0.6237979999242201
2008-01-22,0.49141341657682086
2008-01-23,0.8130327025552443
2008-01-24,0.963140160979419
2008-01-25,0.6997854832663607
2008-01-28,0.680295908415795
2008-01-29,1.1676927063628295
2008-01-30,0.47914827418853045
2008-01-31,0.3807818466554747
2008-02-01,0.4500184390457949
2008-02-04,0.37443710382608336
2008-02-05,0.41297383400466603
2008-02-06,0.3399554822584527
2008-02-07,0.7016208893190042
2008-02-08,0.34597519703661594
2008-02-11,0.41044024815136065
2008-02-12,0.4409488104720826
2008-02-13,0.7610329102431288
2008-02-14,0.5544065719463067
2008-02-15,0.4877286202641878
2008-02-18,1.0356028052202355
2008-02-19,0.7873516859348316
2008-02-20,0.45845512003773303
2008-02-21,0.4535503892712601
2008-02-22,0.41780146898361886
2008-02-25,0.6488186252759247
2008-02-26,0.4359568791547894
2008-02-27,0.3704387544788562
2008-02-28,0.670829059199718
2008-02-29,0.5645687367403772
2008-03-03,0.4060648218323252
2008-03-04,0.5972913454947746
2008-03-05,1.0095250066087342
2008-03-06,0.3994058162076469
2008-03-07,0.47445919185341456
2008-03-10,0.49610558398450866
2008-03-11,0.3888570900514406
2008-03-12,0.6947079056912049
2008-03-13,0.5424778868160027
2008-03-14,0.3825907930206774
2008-03-17,0.48734976392881973
2008-03-18,0.720121892832274
2008-03-19,0.43284211317630283
2008-03-20,0.45130979238291963
2008-03-21,0.6241326868347473
2008-03-24,0.5075588989855991
2008-03-25,1.2205726998449813
2008-03-26,1.059887051162718
2008-03-27,0.438861806411138
2008-03-28,0.40859824200393446
2008-03-31,0.5793343436206438
2008-04-01,0.42812188024560927
2008-04-02,0.7734309761044045
2008-04-03,0.6106293978628601
2008-04-04,0.5784064350312166
2008-04-07,0.4145112219234785
2008-04-08,0.6338385305391984
2008-04-09,0.5256912160567276
2008-04-10,1.3221364547079406
2008-04-11,0.4237079272516864
2008-04-14,0.4042081823829428
2008-04-15,0.419697975384582
2008-04-16,0.3683853717054333
2008-04-17,0.6306547748547116
2008-04-18,0.8331226961296572
2008-04-21,0.5965473569952047
2008-04-22,0.36673252017163593
2008-04-23,0.4531829571981684
2008-04-24,0.37629776528609804
2008-04-25,0.5269890845522511
2008-04-28,0.46790203286648757
2008-04-29,0.4414091818512106
2008-04-30,1.6141415812074507
2008-05-01,0.35952924431060723
2008-05-02,0.45965764005837095
2008-05-05,1.278380103425211
2008-05-06,0.6799973923300546
2008-05-07,0.8697727950850271
2008-05-08,0.46546096177689095
2008-05-09,0.417458447102775
2008-05-12,0.5778991349587514
2008-05-13,0.5124478698527009
2008-05-14,0.47890528986354447
2008-05-15,0.5495771892334288
2008-05-16,0.8868658123948193
2008-05-19,1.259631731793818
2008-05-20,0.5556599606416508
2008-05-21,0.41919229473604275
2008-05-22,0.5115297724991772
2008-05-23,0.5863677307643658
2008-05-26,0.6006639396018681
2008-05-27,0.4336271704073668
2008-05-28,0.8576957779870772
2008-05-29,0.4730515141530207
2008-05-30,0.37035919425860836
2008-06-02,0.9042339254404933
2008-06-03,0.35392921500277674
2008-06-04,0.5262273170842945
2008-06-05,0.6231810090180754
2008-06-06,1.0039645947599811
2008-06-09,0.4431853045780351
2008-06-10,0.9000828640555198
2008-06-11,0.48901555679237557
2008-06-12,1.1620530747362787
2008-06-13,0.9312294087650628
2008-06-16,0.4192006450231138
2008-06-17,0.45165453436967545
2008-06-18,0.4023754563503497
2008-06-19,0.6762462650091663
2008-06-20,0.654560706943731
2008-06-23,1.159036262010075
2008-06-24,0.9969752860658312
2008-06-25,0.3557635863055883
2008-06-26,0.5646783266118686
2008-06-27,0.41315761018547087
2008-06-30,0.37468386008507576
2008-07-01,0.8491647437441279
2008-07-02,0.6750680289405213
2008-07-03,0.7633823558867271
2008-07-04,0.3992438328074534
2008-07-07,0.6394710259115653
2008-07-08,0.43582369210105787
2008-07-09,0.43953340329465646
2008-07-10,0.5467003262827058
2008-07-11,0.49613099015919154
2008-07-14,0.8394473583883337
2008-07-15,0.539047528991011
2008-07-16,0.6175023543020711
2008-07-17,0.38842189004577116
2008-07-18,0.5040060074424901
2008-07-21,0.3609650842746309
2008-07-22,0.3585940327122605
2008-07-23,0.48020997161731394
2008-07-24,0.5390977715150705
2008-07-25,0.3746395806270371
2008-07-28,0.37268677199107414
2008-07-29,0.4474638487102697
2008-07-30,0.7136093391715606
2008-07-31,0.409342028190596
2008-08-01,0.4900109532703181
2008-08-04,0.44140217279428107
2008-08-05,0.4659404975302604
2008-08-06,0.8142362100087414
2008-08-07,0.49394643414019623
2008-08-08,1.5618641039821364
2008-08-11,0.4839451293304284
2008-08-12,0.7774103511903397
2008-08-13,0.6382866175885279
2008-08-14,0.3952200858104927
2008-08-15,0.3787389603691259
2008-08-18,0.7052521174583775
2008-08-19,0.4882339944636613
2008-08-20,0.6666460039980246
2008-08-21,0.78618999195272
2008-08-22,0.7913761729469454
2008-08-25,0.647964621435921
2008-08-26,0.47120214812826255
2008-08-27,1.1291731094804622
2008-08-28,0.3905579767650106
2008-08-29,0.41053296473771156
2008-09-01,0.6689327929575013
2008-09-02,0.3792030952872038
2008-09-03,0.4232423828675418
2008-09-04,0.6931583388867397
2008-09-05,0.6842000768735534
2008-09-08,1.0044853302832437
2008-09-09,0.5810028983395806
2008-09-10,0.6067453677813898
2008-09-11,0.8909937133276781
2008-09-12,0.39073201025028326
2008-09-15,0.5994245133729101
2008-09-16,0.42544325302554303
2008-09-17,0.6846479163127585
2008-09-18,0.39684568124350855
2008-09-19,0.42193564196042105
2008-09-22,0.41547961002154177
2008-09-23,0.649850817388494
2008-09-24,0.9323549199566104
2008-09-25,0.44714912925977346
2008-09-26,0.41907313592895773
2008-09-29,1.191253490165025
2008-09-30,1.2202149505414193
2008-10-01,1.3196710061591292
2008-10-02,0.5108605775626911
2008-10-03,0.40837518964776504
2008-10-06,0.47718543973843247
2008-10-07,0.4791366293624954
2008-10-08,0.38722351043746944
2008-10-09,0.5114299209049543
2008-10-10,0.6913938379778847
2008-10-13,0.4919630974110851
2008-10-14,0.3384924168033196
2008-10-15,0.5810135621142729
2008-10-16,0.39918924659397953
2008-10-17,0.5057453496945656
2008-10-20,0.4083958978481291
2008-10-21,0.397153250418986
2008-10-22,0.5893294604811353
2008-10-23,0.49965544527525996
2008-10-24,0.8187473076690087
2008-10-27,0.6840096507935959
2008-10-28,0.9242717420925975
2008-10-29,0.624620615003787
2008-10-30,0.4452674311792537
2008-10-31,0.5802891947724722
2008-11-03,0.5970336071501313
2008-11-04,0.39676819874935365
2008-11-05,0.6805276758548744
2008-11-06,0.48550346001386263
2008-11-07,0.8311743687131078
2008-11-10,0.4978948721485171
2008-11-11,0.8352997302774313
2008-11-12,0.5294076702738107
2008-11-13,0.5373422355715318
2008-11-14,0.551803056949791
2008-11-17,0.5424273702697385
2008-11-18,0.7822885895409055
2008-11-19,0.44856101674232046
2008-11-20,0.6469357216531195
2008-11-21,0.6210166648669154
2008-11-24,0.4304268215916718
2008-11-25,0.4433183014513117
2008-11-26,0.6690129758127034
2008-11-27,0.40793648018459505
2008-11-28,0.3679927399147492
2008-12-01,0.4576084482825959
2008-12-02,0.7985044016027115
2008-12-03,0.6267815082789722
2008-12-04,0.6278407293419465
2008-12-05,1.18457692522472
2008-12-08,0.5894419033006129
2008-12-09,0.6748620923684582
2008-12-10,0.5260340817842527
2008-12-11,0.4746092218803691
2008-12-12,0.4359031325050224
2008-12-15,0.4332617269127239
2008-12-16,0.688495497301992
2008-12-17,0.6274343169249857
2008-12-18,0.3965272801330657
2008-12-19,0.5041624403976253
2008-12-22,0.8646791916654097
2008-12-23,0.693117826779615
2008-12-24,0.4371276483859293
2008-12-25,0.5577300590348871
2008-12-26,0.9181143495497517
2008-12-29,0.376273569544156
2008-12-30,0.4539488961890341
2008-12-31,0.4320814500605401
2009-01-01,0.6516912179689403
2009-01-02,0.6235745927486467
2009-01-05,0.39096328731316105
2009-01-06,0.39331882849662186
2009-01-07,0.4517264125084325
2009-01-08,0.6408559010521117
2009-01-09,0.39253687001325155
2009-01-12,0.5382190807347066
2009-01-13,0.789207827368967
2009-01-14,0.3447033526211129
2009-01-15,0.43009856630053084
2009-01-16,0.8598824295774966
2009-01-19,0.7415075474054311
2009-01-20,0.565132558190571
2009-01-21,0.5093708697274836
2009-01-22,1.0342739721407912
2009-01-23,0.6229524930420449
2009-01-26,0.5851706996311115
2009-01-27,0.5272030087933487
2009-01-28,0.5947702613177454
2009-01-29,0.47591222822279183
2009-01-30,0.9295200826749253
2009-02-02,0.3657775404427935
2009-02-03,0.36075330038605014
2009-02-04,0.5973259699941293
2009-02-05,0.9034528240952057
2009-02-06,0.4325869064362578
2009-02-09,0.3934515705892804
2009-02-10,0.43428400983271837
2009-02-11,0.9204810027420169
2009-02-12,0.3893124448803679
2009-02-13,0.7323829345079134
2009-02-16,0.8928979794268472
2009-02-17,0.9847241932347622
2009-02-18,0.6937743783152351
2009-02-19,0.4548181818038644
2009-02-20,0.5338587683039687
2009-02-23,0.6012246787777816
2009-02-24,0.4057653096150997
2009-02-25,0.8815655625416071
2009-02-26,0.8481396779682888
2009-02-27,1.2633407550203262
2009-03-02,0.4997367832378643
2009-03-03,0.3858477746558221
2009-03-04,0.9876501502395102
2009-03-05,0.7618307087750351
2009-03-06,0.4306872313679518
2009-03-09,0.9849338060442441
2009-03-10,0.6816392329173563
2009-03-11,0.39006647577571785
2009-03-12,0.4010506544730926
2009-03-13,0.4802243011741799
2009-03-16,0.7612767072735064
2009-03-17,0.40039322537335165
2009-03-18,0.6339987059526268
2009-03-19,0.3708679873333958
2009-03-20,0.7965739839724166
2009-03-23,0.38048339844019974
2009-03-24,0.8374401697570539
2009-03-25,0.42974867143176154
2009-03-26,0.950156255212221
2009-03-27,0.5064079425513587
2009-03-30,0.5870331730282145
2009-03-31,0.6499555709055339
2009-04-01,0.49472407149647346
2009-04-02,0.4821737272451758
2009-04-03,1.4360862798996665
2009-04-06,0.38949378099547255
2009-04-07,0.4752772844924618
2009-04-08,1.1048127884314127
2009-04-09,1.5990698277093973
2009-04-10,0.334260250142885
2009-04-13,0.3854447832402272
2009-04-14,0.41681576102371903
2009-04-15,0.6943154472994131
2009-04-16,0.4372129618464534
2009-04-17,0.42638583034199984
2009-04-20,0.5583098943988758
2009-04-21,0.56450751165511
2009-04-22,0.45139475552564734
2009-04-23,0.49750008698848963
2009-04-24,0.38223776585261277
2009-04-27,1.1579663129167133
2009-04-28,0.7852448692506708
2009-04-29,0.43361401697251256
2009-04-30,0.4834906638861605
2009-05-01,0.49261950725876524
2009-05-04,0.7772171548986588
2009-05-05,0.45209624952694855
2009-05-06,0.7922712322837574
2009-05-07,0.6110092251273221
2009-05-08,0.48156465225469597
2009-05-11,0.4796904604179069
2009-05-12,0.7926191774361769
2009-05-13,0.5687157266366881
2009-05-14,0.6434539782911614
2009-05-15,0.53362878091952
2009-05-18,0.514461966076552
2009-05-19,0.4334155341775724
2009-05-20,0.7674083725692654
2009-05-21,0.9595113956476837
2009-05-22,0.425857592301915
2009-05-25,0.4604381557951955
2009-05-26,0.8537546966736148
2009-05-27,0.4911467216943978
2009-05-28,0.392318083226134
2009-05-29,0.47942071536614334
2009-06-01,0.7672907275105886
2009-06-02,0.7355672989994586
2009-06-03,0.974202366207452
2009-06-04,0.46659314239771893
2009-06-05,0.8266148703447153
2009-06-08,0.8721121257966417
2009-06-09,0.3714455679996512
2009-06-10,0.5442920532533914
2009-06-11,0.6491006536829129
2009-06-12,0.8075078482745897
2009-06-15,0.4596275630606416
2009-06-16,0.5555474575136208
2009-06-17,0.304748063252361
2009-06-18,0.5430654855540125
2009-06-19,0.5007823833320861
2009-06-22,0.6623524812555137
2009-06-23,0.5772583067052618
2009-06-24,0.4021728925921732
2009-06-25,1.6365028974337055
2009-06-26,0.4285573144729633
2009-06-29,0.7234781755475737
2009-06-30,0.4327293751912323
2009-07-01,0.5302273129964724
2009-07-02,0.38895933437482405
2009-07-03,0.4007882839418349
2009-07-06,0.569378021395587
2009-07-07,0.8609458529029682
2009-07-08,0.7970602237092739
2009-07-09,0.5588509294561931
2009-07-10,0.5029970497683816
2009-07-13,0.44841435197302365
2009-07-14,0.8413802340200981
2009-07-15,0.6493659209374072
2009-07-16,0.45796318934017943
2009-07-17,0.8361773286036241
2009-07-20,0.4828074769585896
2009-07-21,0.6180422043415064
2009-07-22,0.42833515602822847
2009-07-23,1.1555575928205457
2009-07-24,0.8199020943858193
2009-07-27,0.3986516758324823
2009-07-28,0.4499551088763244
2009-07-29,0.43352130036707254
2009-07-30,0.567691130259534
2009-07-31,0.4923234654374072
2009-08-03,0.3934033214425328
2009-08-04,1.0523137798885849
2009-08-05,0.7014317555744916
2009-08-06,0.4613453565133009
2009-08-07,0.8839679679868668
2009-08-10,0.5869304185512062
2009-08-11,1.169210765266202
2009-08-12,0.5099699848220567
2009-08-13,0.41765089867523425
2009-08-14,0.8027679102768273
2009-08-17,0.4415772052330274
2009-08-18,0.4343127120597323
2009-08-19,0.60372744406399
2009-08-20,0.4381324168133359
2009-08-21,0.4546700633301561
2009-08-24,0.8775350070852361
2009-08-25,0.5710890947710813
2009-08-26,0.7041811174367628
2009-08-27,0.5736991388340725
2009-08-28,0.5462793981665391
2009-08-31,0.4426994287211423
2009-09-01,0.3862784477705013
2009-09-02,0.6714218717751315
2009-09-03,0.49586901852195003
2009-09-04,0.48690451147253766
2009-09-07,1.1182609994087318
2009-09-08,0.45908171742628284
2009-09-09,0.8540592183829218
2009-09-10,1.0060458290167886
2009-09-11,0.4015055823898185
2009-09-14,0.4281385422449578
2009-09-15,0.5286966048863088
2009-09-16,0.4157532075475171
2009-09-17,1.3155614197341259
2009-09-18,0.41692106409068336
2009-09-21,0.929370763626961
2009-09-22,0.4722233703913739
2009-09-23,0.47843319108559973
2009-09-24,0.6459625623635187
2009-09-25,0.4354443378835386
2009-09-28,0.594315407478494
2009-09-29,0.7797177192641321
2009-09-30,0.42198945876915805
2009-10-01,0.6273058658203069
2009-10-02,0.44475622738267717
2009-10-05,0.6593046475934825
2009-10-06,0.468612917425976
2009-10-07,0.37836809824393075
2009-10-08,0.4253112485736183
2009-10-09,0.4114324243095975
2009-10-12,0.5544854254449036
2009-10-13,0.582266804134194
2009-10-14,0.6380325696765128
2009-10-15,0.43783537655042076
2009-10-16,0.4957493668281497
2009-10-19,0.2954161196526657
2009-10-20,1.0307512247892023
2009-10-21,0.3975297854670861
2009-10-22,0.38990978240814417
2009-10-23,0.42865977850655484
2009-10-26,1.0552086493715338
2009-10-27,0.9083580669663641
2009-10-28,0.5873320703636213
2009-10-29,0.6600715485465739
2009-10-30,0.5488381704154169
2009-11-02,1.062377967393164
2009-11-03,0.7149864754941543
2009-11-04,0.9950356657567798
2009-11-05,1.0149856802870294
2009-11-06,0.4945682013441954
2009-11-09,0.6129943353043336
2009-11-10,0.6723892303316303
2009-11-11,0.4574910781865755
2009-11-12,0.4794807041225048
2009-11-13,0.9864251688577126
2009-11-16,0.5462625143860361
2009-11-17,0.9052753623849246
2009-11-18,1.0127264774490545
2009-11-19,0.7275295112703335
2009-11-20,0.49026707940010333
2009-11-23,0.4902539088176235
2009-11-24,0.3655033078257408
2009-11-25,1.000433803622562
2009-11-26,0.6665481440007188
2009-11-27,1.0109966149603522
2009-11-30,0.3834953954622961
2009-12-01,0.7273373500205748
2009-12-02,0.4151085361740695
2009-12-03,0.5469782816208396
2009-12-04,0.4706841314708506
2009-12-07,1.0190476780331799
2009-12-08,0.8689168943270038
2009-12-09,0.5514099410655037
2009-12-10,0.513531395054359
2009-12-11,0.5120538185432342
2009-12-14,0.6513222036005705
2009-12-15,0.6193901128941478
2009-12-16,0.5021715147989846
2009-12-17,0.6811280394400755
2009-12-18,0.401365041130181
2009-12-21,1.060689359978059
2009-12-22,0.9012698106115197
2009-12-23,0.6510259405584174
2009-12-24,0.6046690141421702
2009-12-25,0.6722922553490535
2009-12-28,0.7450385470148566
2009-12-29,0.6961715847557117
2009-12-30,1.6383268962250315
2009-12-31,0.45748457257250913
2010-01-01,0.5098793553260469
2010-01-04,0.7827049486184062
2010-01-05,0.45538223769130615
2010-01-06,0.40829669351540726
2010-01-07,0.752134877333751
2010-01-08,0.40675571764050455
2010-01-11,0.4060046400633982
2010-01-12,0.4148613635295141
2010-01-13,1.0104509824490777
2010-01-14,0.4946766570550923
2010-01-15,0.777854017941207
2010-01-18,0.7168036858151383
2010-01-19,0.39737008070676283
2010-01-20,0.45419776249270105
2010-01-21,0.6926084955488441
2010-01-22,0.6152540970352224
2010-01-25,0.46127725978495476
2010-01-26,1.0314304972495258
2010-01-27,1.178037927883394
2010-01-28,0.46106462696911404
2010-01-29,0.40861329503239974
2010-02-01,0.4243963751492175
2010-02-02,0.5171112325630968
2010-02-03,0.542554440841717
2010-02-04,0.4292351076576855
2010-02-05,0.40297450398846174
2010-02-08,0.5448417808360353
2010-02-09,1.0959521801178678
2010-02-10,0.9322792593574007
2010-02-11,0.7651694672080267
2010-02-12,0.568566435312811
2010-02-15,0.9537433581779893
2010-02-16,0.5874181464840831
2010-02-17,0.6574973460251624
2010-02-18,0.7336860161617043
2010-02-19,1.046258062578447
2010-02-22,0.7162275543932277
2010-02-23,0.41718065519387826
2010-02-24,0.7493856101218526
2010-02-25,0.49128467679767573
2010-02-26,0.4409094211937672
2010-03-01,0.9199230815764976
2010-03-02,0.6131752134098656
2010-03-03,0.45732050135496677
2010-03-04,0.4708420623491597
2010-03-05,0.6406287218465514
2010-03-08,1.1088192986353236
2010-03-09,0.9243756722939578
2010-03-10,0.4207589378967535
2010-03-11,0.561851181653579
2010-03-12,1.1489823358618614
2010-03-15,1.0054475127995823
2010-03-16,0.927141042000335
2010-03-17,0.7016185764175765
2010-03-18,0.8712291145748907
2010-03-19,0.825802101995146
2010-03-22,0.39650006443473645
2010-03-23,0.8430477200166199
2010-03-24,0.5419409272612046
2010-03-25,0.9910419847146694
2010-03-26,0.4997902397527482
2010-03-29,0.3978018375587595
2010-03-30,0.5176604638474898
2010-03-31,0.38058492380358416
2010-04-01,0.6729900163977461
2010-04-02,0.749055913077148
2010-04-05,0.47782110908540176
2010-04-06,0.4067779238213414
2010-04-07,0.576798405236863
2010-04-08,0.5024884085815725
2010-04-09,0.5391244654851036
2010-04-12,1.4642122065411718
2010-04-13,0.5171289002210969
2010-04-14,0.463943826798101
2010-04-15,0.7133422155504757
2010-04-16,0.45654509781112856
2010-04-19,1.1906100237243977
2010-04-20,0.3787517377573673
2010-04-21,0.7201506233727551
2010-04-22,0.5897087299272319
2010-04-23,1.1927012522711506
2010-04-26,1.0085358986758435
2010-04-27,0.4667772490235109
2010-04-28,0.6153842809786095
2010-04-29,0.5624838261879472
2010-04-30,0.7218313126021502
2010-05-03,0.4293915083612486
2010-05-04,0.5097340681272985
2010-05-05,0.8195119866730803
2010-05-06,0.8643858707673475
2010-05-07,0.4654556519454307
2010-05-10,0.42368444551578227
2010-05-11,0.4569082591397158
2010-05-12,0.9740865712552288
2010-05-13,0.6490219805596218
2010-05-14,0.6394097760122539
2010-05-17,0.6077437662503529
2010-05-18,0.5411607733674537
2010-05-19,0.45141754383484944
2010-05-20,0.5764310329719808
2010-05-21,0.9443039911971581
2010-05-24,0.4396411083354648
2010-05-25,0.5497515521093884
2010-05-26,0.44762394693585794
2010-05-27,0.38284483860156693
2010-05-28,0.6731388233183457
2010-05-31,0.6233530293760645
2010-06-01,0.7990845081475361
2010-06-02,0.4808412743688104
2010-06-03,0.45730949951811206
2010-06-04,0.38507096259814433
2010-06-07,1.7210206053006636
2010-06-08,0.6741512786042113
2010-06-09,0.7796646425764308
2010-06-10,0.8851109517780708
2010-06-11,0.8075623557538985
2010-06-14,0.3710654209802376
2010-06-15,0.5803329955325011
2010-06-16,0.6270068593168353
2010-06-17,1.3837665173426412
2010-06-18,0.5588777239538621
2010-06-21,0.5386923642799422
2010-06-22,0.7057651876695678
2010-06-23,0.6648443427673156
2010-06-24,0.9939257618859746
2010-06-25,0.869429549979866
2010-06-28,0.9824082734721675
2010-06-29,0.43644224289224454
2010-06-30,0.6883961398951823
2010-07-01,0.6817205604231402
2010-07-02,0.47828268928932177
2010-07-05,0.46663564559536413
2010-07-06,0.39229575057102717
2010-07-07,0.7289085137178944
2010-07-08,0.5375498427770539
2010-07-09,0.9663108586732503
2010-07-12,0.44705664437924614
2010-07-13,0.468101813001113
2010-07-14,0.6495590732770365
2010-07-15,0.5849273945368536
2010-07-16,0.3856263868732981
2010-07-19,0.5422879793463065
2010-07-20,1.4974763463847822
2010-07-21,0.6175947486984814
2010-07-22,0.473187373507477
2010-07-23,0.3170208094134832
2010-07-26,0.7936843737714283
2010-07-27,0.7465621990671311
2010-07-28,0.44590207387143205
2010-07-29,0.6540813545906654
2010-07-30,0.7318685225576969
2010-08-02,0.5983988539805439
2010-08-03,0.45479665925326834
2010-08-04,1.0751664576482944
2010-08-05,0.8532324035453732
2010-08-06,0.5314743425732189
2010-08-09,0.6612558400664574
2010-08-10,0.5997549850014529
2010-08-11,0.7712044854720767
2010-08-12,0.48624246054207926
2010-08-13,0.41610020604006537
2010-08-16,0.43147445176382515
2010-08-17,0.8562904954914218
2010-08-18,0.4475427878636532
2010-08-19,0.6329270703230733
2010-08-20,0.5582306484351429
2010-08-23,1.0496665226392439
2010-08-24,0.931710335009475
2010-08-25,0.3841797847334749
2010-08-26,0.4532045063670204
2010-08-27,0.569575335888376
2010-08-30,0.4306613909214626
2010-08-31,0.4197088882549448
2010-09-01,1.2393527420837898
2010-09-02,0.3785810542763005
2010-09-03,0.5249213092839629
2010-09-06,0.3942393142467879
2010-09-07,0.8638643756969316
2010-09-08,0.924793758257271
2010-09-09,0.4435903637113122
2010-09-10,0.7352816836659201
2010-09-13,0.7182385960176229
2010-09-14,0.7031483615115485
2010-09-15,0.9259136722657616
2010-09-16,0.6043140769512007
2010-09-17,0.57011669046223
2010-09-20,0.5392531031821056
2010-09-21,0.6323649844037099
2010-09-22,0.4148573276483486
2010-09-23,0.4154074641749687
2010-09-24,0.933172888862133
2010-09-27,0.39715538339835943
2010-09-28,0.5941006119865346
2010-09-29,0.4442634619734911
2010-09-30,0.4058353687510347
2010-10-01,0.48462161373308577
2010-10-04,0.4118076398129263
2010-10-05,0.3624789953339673
2010-10-06,0.9952539880728813
2010-10-07,0.6236517435863902
2010-10-08,0.651014003818487
2010-10-11,0.6597431940321761
2010-10-12,0.40322377037822243
2010-10-13,0.9695465590009429
2010-10-14,0.4907451613792943
2010-10-15,0.3765460098739536
2010-10-18,0.5203525671589142
2010-10-19,0.7791885688219343
2010-10-20,0.5270688420916375
2010-10-21,0.36872110056414126
2010-10-22,0.6363813567124705
2010-10-25,0.6570951123655443
2010-10-26,0.5245430949526316
2010-10-27,0.454911307979269
2010-10-28,0.797832928823414
2010-10-29,0.6631394051519609
2010-11-01,0.7289750686613917
2010-11-02,1.338526063799226
2010-11-03,0.44886705561694373
2010-11-04,0.7470779019710609
2010-11-05,0.5775710745759742
2010-11-08,0.7114704779527442
2010-11-09,0.41524525921216493
2010-11-10,0.41660551229707776
2010-11-11,0.5306313725512453
2010-11-12,0.4464422221946793
2010-11-15,0.7834334292064769
2010-11-16,0.9107508268988939
2010-11-17,0.836037126860606
2010-11-18,0.8619915110535389
2010-11-19,0.6305991011186443
2010-11-22,0.4927848398080231
2010-11-23,0.37805940715950437
2010-11-24,0.9212195471437927
2010-11-25,1.0067497883566674
2010-11-26,0.4897525938821684
2010-11-29,0.6022250195472639
2010-11-30,0.5558468591756717
2010-12-01,0.40561664129990227
2010-12-02,0.7539968765437405
2010-12-03,0.569966874694116
2010-12-06,0.7524991123724266
2010-12-07,0.8603111708410593
2010-12-08,0.4014870906951929
2010-12-09,0.8408890534248911
2010-12-10,0.5759527407835208
2010-12-13,0.5977060154693712
2010-12-14,0.4227023121663523
2010-12-15,0.39493896979095194
2010-12-16,1.5357396654627848
2010-12-17,0.4284386548824739
2010-12-20,0.42824816747600886
2010-12-21,0.4705039355299776
2010-12-22,1.280119746240746
2010-12-23,1.2018503568065826
2010-12-24,0.49385838045525055
2010-12-27,0.6890648299421954
2010-12-28,0.5662301535924937
2010-12-29,0.6075877180807333
2010-12-30,0.4482486899846698
2010-12-31,0.4217396271489385
2011-01-03,0.5580292204289351
2011-01-04,0.5459255371249959
2011-01-05,0.70046996923899
2011-01-06,0.554903219826842
2011-01-07,0.41307125205802914
2011-01-10,1.1731053748705906
2011-01-11,0.732650128737043
2011-01-12,0.48619787673364234
2011-01-13,0.5137087477595933
2011-01-14,0.45427615266277804
2011-01-17,0.7540999943092679
2011-01-18,0.4595668345971323
2011-01-19,0.5007405420535148
2011-01-20,1.2534854452011448
2011-01-21,0.8209968332199227
2011-01-24,0.8692173168869699
2011-01-25,0.40883514461731685
2011-01-26,1.2596856674108754
2011-01-27,0.44102736683484905
2011-01-28,0.8059145145447546
2011-01-31,0.6775218678152773
2011-02-01,0.6129847969677368
2011-02-02,0.42580283515617695
2011-02-03,0.8014683118770413
2011-02-04,0.46700177254921743
2011-02-07,0.4682234683114868
2011-02-08,0.4258852393768664
2011-02-09,0.5480972365042424
2011-02-10,0.5206602503418919
2011-02-11,0.4452716729071401
2011-02-14,0.47617260058702243
2011-02-15,0.3987798858465525
2011-02-16,0.4451746542462685
2011-02-17,1.213483350433172
2011-02-18,0.825611794597921
2011-02-21,0.48917645617362515
2011-02-22,0.4336465439853263
2011-02-23,0.49539968674835705
2011-02-24,0.6984292672792413
2011-02-25,0.7489422588760786
2011-02-28,0.9253826187079845
2011-03-01,0.47568988164916204
2011-03-02,0.4225999547305134
2011-03-03,0.7879049091909714
2011-03-04,0.8062374093778766
2011-03-07,0.5513058944491352
2011-03-08,0.5895500615199624
2011-03-09,0.43490620914196854
2011-03-10,0.38463084197444847
2011-03-11,0.5520761054499373
2011-03-14,0.4598290939802638
2011-03-15,0.6914195663368684
2011-03-16,0.7829958739962569
2011-03-17,0.9279561426623854
2011-03-18,0.43866470060798957
2011-03-21,0.4771934748718248
2011-03-22,0.44732013225734635
2011-03-23,0.4402722838425986
2011-03-24,1.2690934095184914
2011-03-25,0.9936656664906685
2011-03-28,0.42669810363051025
2011-03-29,0.657115874090343
2011-03-30,1.19700074220941
2011-03-31,0.874843358969955
2011-04-01,0.6110862201010434
2011-04-04,0.4333182629000021
2011-04-05,0.6042422406291851
2011-04-06,0.4218953639173485
2011-04-07,0.4377475062208397
2011-04-08,0.5305246221136173
2011-04-11,0.565849200145879
2011-04-12,0.49200669096260946
2011-04-13,0.4480646819400297
2011-04-14,0.38368903292439055
2011-04-15,0.4402300583647989
2011-04-18,0.47106946083710416
2011-04-19,0.4613771657662325
2011-04-20,0.7686470596613981
2011-04-21,0.946079087777824
2011-04-22,0.4273936616653696
2011-04-25,0.5825564972247886
2011-04-26,0.7258340124105384
2011-04-27,0.897651661040149
2011-04-28,0.8520404833482796
2011-04-29,0.6830515607806494
2011-05-02,0.40767774777489924
2011-05-03,1.0990218787162809
2011-05-04,0.46374922060395196
2011-05-05,0.40813870094390486
2011-05-06,0.9760014078421877
2011-05-09,0.4697542472770876
2011-05-10,0.42055576236698283
2011-05-11,1.3845415507666452
2011-05-12,0.7299085789866318
2011-05-13,0.44015936032200464
2011-05-16,0.4228936540961255
2011-05-17,0.41931161600401645
2011-05-18,0.6915623860040089
2011-05-19,0.47416029823325523
2011-05-20,0.5555033294303374
2011-05-23,0.7918466267622057
2011-05-24,0.5122496554089574
2011-05-25,1.3582278063480233
2011-05-26,0.9743562973766495
2011-05-27,0.5347919146376617
2011-05-30,0.4090376447985474
2011-05-31,0.5423005146647147
2011-06-01,0.5635020965978844
2011-06-02,0.6004321332075986
2011-06-03,0.4285894039528544
2011-06-06,0.7380513783403795
2011-06-07,0.42277498535007485
2011-06-08,0.3930971100867146
2011-06-09,0.46490133074333845
2011-06-10,0.5708019447854575
2011-06-13,1.3130334439619364
2011-06-14,0.6097915299224987
2011-06-15,0.48829625808475313
2011-06-16,0.7923178305818832
2011-06-17,0.5364944938899061
2011-06-20,1.1159671767080983
2011-06-21,0.3078583656307685
2011-06-22,0.4868142223460989
2011-06-23,0.45538095449776883
2011-06-24,0.514136123225053
2011-06-27,0.41882172547123236
2011-06-28,0.6545964480444082
2011-06-29,0.8944191152044555
2011-06-30,0.8018844595288502
2011-07-01,0.4258270836097709
2011-07-04,1.083586110846235
2011-07-05,1.3698070640806148
2011-07-06,0.48667825280972565
2011-07-07,0.3425106970922912
2011-07-08,0.3918155192493319
2011-07-11,1.1302279079721211
2011-07-12,0.4555268925547805
2011-07-13,1.094613156321928
2011-07-14,1.1474962402701336
2011-07-15,0.5067809284457517
2011-07-18,0.42412494874705053
2011-07-19,0.39688585967485596
2011-07-20,0.503881554689108
2011-07-21,0.8217682222496352
2011-07-22,0.5414022844782189
2011-07-25,1.1618936048758912
2011-07-26,0.6276486447461201
2011-07-27,0.8111418001139068
2011-07-28,1.0252991133444378
2011-07-29,0.5649613584889412
2011-08-01,0.9845395366745293
2011-08-02,0.44732491820189096
2011-08-03,0.8933443461452232
2011-08-04,0.48882746995822834
2011-08-05,0.8056327190383828
2011-08-08,1.0926062847011497
2011-08-09,0.5533372767503753
2011-08-10,0.5024611707293324
2011-08-11,0.8545198470047087
2011-08-12,0.44647573541031954
2011-08-15,0.8661937619532349
2011-08-16,0.8619107526929785
2011-08-17,0.3874159167960341
2011-08-18,1.067463502305796
2011-08-19,0.43175410825353067
2011-08-22,0.6804433663869335
2011-08-23,0.4467431463909689
2011-08-24,0.558916630422197
2011-08-25,0.6501034537447413
2011-08-26,0.5854299557521744
2011-08-29,1.189359245156695
2011-08-30,0.4181439148958954
2011-08-31,0.708409207304076
2011-09-01,0.477626948207478
2011-09-02,0.8093103942594111
2011-09-05,0.7870647499643393
2011-09-06,0.4339576316424093
2011-09-07,0.39941712252233097
2011-09-08,0.5146351278127183
2011-09-09,0.5716348863032807
2011-09-12,0.6294672565539202
2011-09-13,0.5679246904446472
2011-09-14,0.7391545822941292
2011-09-15,0.6019254683640819
2011-09-16,1.1873784689999307
2011-09-19,0.5335155796009363
2011-09-20,0.40747773852470376
2011-09-21,0.4432103067003303
2011-09-22,1.71102728019213
2011-09-23,0.4996689273990665
2011-09-26,0.43117571382631187
2011-09-27,0.6370267901425873
2011-09-28,0.5963764575761121
2011-09-29,0.46873270632809794
2011-09-30,0.5691447805987667
2011-10-03,0.5918896699518186
2011-10-04,0.6497316727008432
2011-10-05,0.4244511253285259
2011-10-06,0.5236362292373203
2011-10-07,0.35715992756176185
2011-10-10,0.6321437267798653
2011-10-11,0.4950732066697147
2011-10-12,0.5209755176949763
2011-10-13,1.154876556173954
2011-10-14,0.8312908005197462
2011-10-17,0.6439808056994492
2011-10-18,0.6381893164699365
2011-10-19,0.3681345940457379
2011-10-20,0.4802709594554151
2011-10-21,0.9575813732714958
2011-10-24,0.4413830773516501
2011-10-25,0.7420740162685603
2011-10-26,0.39783201983063404
2011-10-27,0.4492684445348417
2011-10-28,0.4116542004363592
2011-10-31,0.5066206768972068
2011-11-01,0.5774322248156143
2011-11-02,0.9362778284852086
2011-11-03,0.38413042013961074
2011-11-04,0.6958517174311334
2011-11-07,0.4617375963707223
2011-11-08,0.41561369641144136
2011-11-09,0.4427725938078825
2011-11-10,0.5768911356833609
2011-11-11,0.4308308728011075
2011-11-14,0.8100983452800431
2011-11-15,0.4180186221004043
2011-11-16,0.3950999991211233
2011-11-17,0.5918500785314531
2011-11-18,0.49696174769483664
2011-11-21,0.40513852667486056
2011-11-22,0.6971003146325893
2011-11-23,0.7469640827385002
2011-11-24,1.1105098278194923
2011-11-25,0.3905482611323189
2011-11-28,0.6640050991797876
2011-11-29,1.001135998178291
2011-11-30,0.5217301361164405
2011-12-01,0.5058334898614125
2011-12-02,0.47781059532617803
2011-12-05,0.8447461769505188
2011-12-06,0.33733502480860206
2011-12-07,0.4021361573431801
2011-12-08,0.9335102014018222
2011-12-09,0.436074700102167
2011-12-12,0.6669271172198874
2011-12-13,0.3805930245146893
2011-12-14,0.5804771530894455
2011-12-15,0.858389309181453
2011-12-16,0.8270356805934536
2011-12-19,0.6086227072783826
2011-12-20,0.6708444177214963
2011-12-21,0.45208991547548116
2011-12-22,0.5133054056367968
2011-12-23,0.7849306835369969
2011-12-26,0.5275432006357501
2011-12-27,0.9219582190739949
2011-12-28,0.3717382068603568
2011-12-29,0.46521330788625964
2011-12-30,0.7961521347787043
2012-01-02,0.42004070845812336
2012-01-03,0.43178036989021445
2012-01-04,0.6692018737537678
2012-01-05,0.7756785074037578
2012-01-06,0.46525738004918604
2012-01-09,0.35151305533412347
2012-01-10,0.6116265407155249
2012-01-11,0.5921458154325798
2012-01-12,0.9260212767862814
2012-01-13,0.3429183253804336
2012-01-16,0.5454635811076906
2012-01-17,1.1895632686843916
2012-01-18,0.3756658227075336
2012-01-19,0.4182002225892588
2012-01-20,0.380801539373213
2012-01-23,0.898938823345655
2012-01-24,0.38404453614234424
2012-01-25,0.4403614822567512
2012-01-26,0.6844821775329321
2012-01-27,0.583021233476649
2012-01-30,0.42325464663569434
2012-01-31,0.3909836333277951
2012-02-01,0.5361909043875985
2012-02-02,0.40504472252204127
2012-02-03,0.572290264114596
2012-02-06,1.4089141316979832
2012-02-07,0.4714538745430609
2012-02-08,0.4479908713976896
2012-02-09,0.834667782448492
2012-02-10,0.4390761742785542
2012-02-13,0.5118951766190462
2012-02-14,0.6420784380719956
2012-02-15,0.5851495899213712
2012-02-16,0.45188142600196485
2012-02-17,0.5152322414748023
2012-02-20,0.4761523886059839
2012-02-21,0.5453175244123161
2012-02-22,0.6339755085045033
2012-02-23,0.9077654473841964
2012-02-24,0.4685849672057843
2012-02-27,1.094448736947592
2012-02-28,0.43565050887306467
2012-02-29,1.044801210975826
2012-03-01,1.0436975603298753
2012-03-02,0.4630949124183229
2012-03-05,0.627722673772413
2012-03-06,0.46499580365709464
2012-03-07,0.37011847629784006
2012-03-08,0.6047995258084712
2012-03-09,0.49580951069685036
2012-03-12,0.9096260952023311
2012-03-13,0.7403619556218891
2012-03-14,0.9348372437358682
2012-03-15,0.34146782776329176
2012-03-16,0.6709901631091408
2012-03-19,0.5080545382491659
2012-03-20,0.6915312822427795
2012-03-21,0.798568642929403
2012-03-22,1.132444860609089
2012-03-23,0.4177961298579948
2012-03-26,0.36113447207490473
2012-03-27,0.8542568858178902
2012-03-28,0.8573621783221739
2012-03-29,0.550110622714963
2012-03-30,1.1814029308981109
2012-04-02,0.8817823544759398
2012-04-03,0.391878167042403
2012-04-04,0.9804710165031016
2012-04-05,0.4674723306899657
2012-04-06,0.39954943975827495
2012-04-09,0.5241718450144985
2012-04-10,0.6486364117814478
2012-04-11,0.5892943151164622
2012-04-12,1.0028574433754271
2012-04-13,0.6979613560436493
2012-04-16,0.44264020035814394
2012-04-17,0.4332396629788466
2012-04-18,0.6783536214932591
2012-04-19,0.39200068011365347
2012-04-20,0.4070236002215351
2012-04-23,0.83761781027667
2012-04-24,0.4327667366635234
2012-04-25,0.4482288775006909
2012-04-26,0.4749777218086167
2012-04-27,1.2085418303692375
2012-04-30,0.7316467642979781
2012-05-01,0.3859661354841771
2012-05-02,0.5982022516972028
2012-05-03,0.4370436395344446
2012-05-04,0.47124930822881067
2012-05-07,0.823353285947565
2012-05-08,0.8939118540426132
2012-05-09,0.8615412540473287
2012-05-10,0.3864910867376714
2012-05-11,0.5821565873290715
2012-05-14,0.48445012392775166
2012-05-15,0.5829480706281306
2012-05-16,1.0603426260255422
2012-05-17,0.7833820953740598
2012-05-18,0.4767319582244067
2012-05-21,0.3792939040252284
2012-05-22,0.6378168344208412
2012-05-23,0.6196968245276698
2012-05-24,0.8022041859611465
2012-05-25,0.7929502960208632
2012-05-28,0.6133523982249452
2012-05-29,0.3559351564865669
2012-05-30,0.6602377259315083
2012-05-31,0.44079587889954375
2012-06-01,0.531138219305124
2012-06-04,0.43289154043754285
2012-06-05,0.5309300936261737
2012-06-06,0.546770522680921
2012-06-07,0.4840277156761411
2012-06-08,0.5219845907030097
2012-06-11,0.3765355498536189
2012-06-12,0.5248715116662451
2012-06-13,0.9888316192728502
2012-06-14,1.3197412256704375
2012-06-15,0.6997459514966734
2012-06-18,0.4511460387166183
2012-06-19,0.33156697977220484
2012-06-20,0.5130519929363313
2012-06-21,0.6134306526043705
2012-06-22,0.40017588517207053
2012-06-25,0.4147278817547529
2012-06-26,0.6320798926595759
2012-06-27,1.1770622051251127
2012-06-28,0.5783901724529249
2012-06-29,0.4235237784119834
2012-07-02,0.6263474677545303
2012-07-03,0.4384501871345324
2012-07-04,0.862679659194684
2012-07-05,0.9509389710597238
2012-07-06,0.5301494210032377
2012-07-09,0.40138646079985785
2012-07-10,0.7338509144905122
2012-07-11,0.4250924200958145
2012-07-12,0.49930943005167155
2012-07-13,0.7290117629335203
2012-07-16,0.46917322978825515
2012-07-17,0.625232419453699
2012-07-18,0.4316361221500192
2012-07-19,0.49834939610440243
2012-07-20,0.769785132630074
2012-07-23,0.4803958981576762
2012-07-24,0.4517404902873274
2012-07-25,0.6485306139965078
2012-07-26,0.49899710183908463
2012-07-27,0.4801211669432511
2012-07-30,1.044694979057371
2012-07-31,0.5030000705656702
2012-08-01,0.47923064265387777
2012-08-02,0.4364639345172723
2012-08-03,0.4932172816603847
2012-08-06,0.8689596439361131
2012-08-07,0.8604670928090286
2012-08-08,0.5799000283472167
2012-08-09,0.7011053839860301
2012-08-10,0.4904533337428038
2012-08-13,0.8730645272508099
2012-08-14,0.424075002803438
2012-08-15,0.6490682544874222
2012-08-16,1.0008476915528408
2012-08-17,0.37039851146463965
2012-08-20,0.46098205954383337
2012-08-21,0.47462194971450083
2012-08-22,1.2973625532592736
2012-08-23,0.9184379073155674
2012-08-24,0.3929180876939598
2012-08-27,0.4850500680241977
2012-08-28,0.4151780538738298
2012-08-29,0.5043580463444512
2012-08-30,0.41249763133235445
2012-08-31,0.8161438779200564
2012-09-03,0.586836240009842
2012-09-04,0.45447081240758647
2012-09-05,0.3757212697875694
2012-09-06,0.9590140004534796
2012-09-07,0.5097443872654189
2012-09-10,1.3227012872207475
2012-09-11,0.5776660375564941
2012-09-12,0.4866938678721463
2012-09-13,0.5165706021569902
2012-09-14,0.5439075991514611
2012-09-17,0.5339129530164827
2012-09-18,0.4491064565844257
2012-09-19,0.4248057822168353
2012-09-20,1.1889963180694285
2012-09-21,0.481187124270565
2012-09-24,0.5239945026302071
2012-09-25,0.5511611547453538
2012-09-26,0.5149638783036669
2012-09-27,1.139472988356787
2012-09-28,0.6088104513602683
2012-10-01,0.7325412184579254
2012-10-02,0.9006739597235932
2012-10-03,0.4068361729555795
2012-10-04,1.118577766107619
2012-10-05,0.8285119821323536
2012-10-08,0.6637060754463835
2012-10-09,0.47399288990964444
2012-10-10,0.8662119161809566
2012-10-11,0.5191337530506996
2012-10-12,0.5606467092201267
2012-10-15,0.59176529225893
2012-10-16,0.49925981129525565
2012-10-17,0.4333649158525602
2012-10-18,0.3769277772599029
2012-10-19,0.3755781140060188
2012-10-22,0.518542705673576
2012-10-23,0.4192427480807535
2012-10-24,1.0386832187982467
2012-10-25,0.9465674259674682
2012-10-26,0.8947411100637929
2012-10-29,0.4328961628584883
2012-10-30,0.5060420464791364
2012-10-31,0.557859788414478
2012-11-01,0.7776169482674428
2012-11-02,0.38904310495667743
2012-11-05,0.38213826800038136
2012-11-06,0.38369727077075366
2012-11-07,0.7562991185082251
2012-11-08,0.4859212561245434
2012-11-09,0.5510870000950152
2012-11-12,0.4042149515271377
2012-11-13,0.4339555481125662
2012-11-14,0.7777095319458115
2012-11-15,0.38709424025180794
2012-11-16,0.43829290388670605
2012-11-19,0.6437841963933844
2012-11-20,1.0871927787709987
2012-11-21,0.5301844048368007
2012-11-22,0.7122687581873586
2012-11-23,0.7554893390518306
2012-11-26,0.5631200520246017
2012-11-27,0.4916018671003515
2012-11-28,0.8235852741836999
2012-11-29,0.9057929882838326
2012-11-30,0.4558975048396579
2012-12-03,0.45702684229954305
2012-12-04,0.4342768093304142
2012-12-05,0.43300114820997365
2012-12-06,0.9112366415896491
2012-12-07,0.3526983796816124
2012-12-10,0.7420459011397216
2012-12-11,0.43010555938015244
2012-12-12,0.7089441154857026
2012-12-13,0.48840689837141016
2012-12-14,0.6170804712390718
2012-12-17,0.7882664862606149
2012-12-18,0.4330332783521223
2012-12-19,0.5783259265305892
2012-12-20,1.0762144290746747
2012-12-21,0.4624131525640279
2012-12-24,0.5241667851178892
2012-12-25,0.84224216924276
2012-12-26,0.47483312677370576
2012-12-27,0.4532427467820403
2012-12-28,0.5798117086321728
2012-12-31,0.8551036621379335
2013-01-01,0.5177812397393093
2013-01-02,0.7732635380979264
2013-01-03,0.36216413052374363
2013-01-04,0.7637729563442319
2013-01-07,0.6885269035085555
2013-01-08,0.9327382361711869
2013-01-09,0.8312603846068533
2013-01-10,1.3224636835445016
2013-01-11,0.43771750905748236
2013-01-14,0.47931924083315036
2013-01-15,0.6097834819677503
2013-01-16,0.6136213560837643
2013-01-17,0.5474426432794656
2013-01-18,1.2196953188360289
2013-01-21,0.7182943090994388
2013-01-22,0.9432501634765549
2013-01-23,0.4415077142823317
2013-01-24,0.649100181186461
2013-01-25,0.6208491471930214
2013-01-28,0.3600875827759516
2013-01-29,0.45572931923487786
2013-01-30,0.9191894229155158
2013-01-31,0.8611065119661109
2013-02-01,0.4612833396177929
2013-02-04,1.0049974265182309
2013-02-05,0.5856542039816681
2013-02-06,0.41241502792936496
2013-02-07,0.7400324005589346
2013-02-08,0.39068092114207326
2013-02-11,0.46798192683310985
2013-02-12,0.4057235256683716
2013-02-13,0.450905397879024
2013-02-14,0.4591724229747278
2013-02-15,0.6546910654142163
2013-02-18,0.6874397050100887
2013-02-19,0.4404042469556438
2013-02-20,0.603459776091998
2013-02-21,0.702936956810999
2013-02-22,0.7317560834982677
2013-02-25,0.39437432371221814
2013-02-26,1.3221197172948165
2013-02-27,0.9210770947787494
2013-02-28,0.44730826171784943
2013-03-01,0.7831470536494007
2013-03-04,0.7714558194893236
2013-03-05,0.3986626320287292
2013-03-06,0.551011996014946
2013-03-07,0.5463634626912405
2013-03-08,0.4707219277248277
2013-03-11,0.6171702749733103
2013-03-12,0.9000795338598875
2013-03-13,0.8653049756410011
2013-03-14,0.6588364794032654
2013-03-15,0.5514285263524353
2013-03-18,0.4870174547966626
2013-03-19,0.5180003194046013
2013-03-20,0.5158548256815141
2013-03-21,0.42415048308752756
2013-03-22,0.4142188178670219
2013-03-25,0.4394735512051063
2013-03-26,0.7364995907868035
2013-03-27,0.602291395919845
2013-03-28,0.6323259263797836
2013-03-29,0.58848689391661
2013-04-01,0.5171818736371168
2013-04-02,0.46893952642775594
2013-04-03,0.9462916318889604
2013-04-04,1.055365892265317
2013-04-05,0.5237201229242157
2013-04-08,1.6091917044735577
2013-04-09,1.231530245360284
2013-04-10,0.5043084073123727
2013-04-11,0.8902607047890109
2013-04-12,0.4371151909744821
2013-04-15,0.47164662177348193
2013-04-16,0.4379784691520679
2013-04-17,0.427596696886781
2013-04-18,0.37998422867331
2013-04-19,0.6508659237160481
2013-04-22,0.6975010301654231
2013-04-23,0.3922483505664817
2013-04-24,0.47280756967884285
2013-04-25,0.4020940657988602
2013-04-26,0.6318894138795381
2013-04-29,0.7489602621798506
2013-04-30,0.3388313244510118
2013-05-01,0.7633294121477393
2013-05-02,0.6059160356806328
2013-05-03,1.266968524987843
2013-05-06,0.4148000610800099
2013-05-07,0.6651252519902559
2013-05-08,0.47089336671041626
2013-05-09,0.49592125402353543
2013-05-10,0.4508178950399149
2013-05-13,0.6341410268254151
2013-05-14,0.8314447541768623
2013-05-15,0.6032858265399227
2013-05-16,0.729862081794313
2013-05-17,0.5482970153206075
2013-05-20,0.39619059525386974
2013-05-21,0.6212624616575146
2013-05-22,0.6030274348349628
2013-05-23,0.43357452391214085
2013-05-24,0.965253018101894
2013-05-27,0.4825421106689815
2013-05-28,0.37480182452003585
2013-05-29,0.6064983147844969
2013-05-30,0.63103278972839
2013-05-31,0.5945843110346931
2013-06-03,0.6812813683339519
2013-06-04,0.37443300096798565
2013-06-05,0.3820311695056336
2013-06-06,0.38404106537040916
2013-06-07,0.46360729961877006
2013-06-10,0.8656713437641357
2013-06-11,0.4257821743915802
2013-06-12,0.384053386504964
2013-06-13,0.43041754592954656
2013-06-14,0.5553548223887376
2013-06-17,0.9108620515372698
2013-06-18,0.5610360497426484
2013-06-19,0.6430343462378278
2013-06-20,0.47738353645373555
2013-06-21,0.6331047090163264
2013-06-24,0.6926292375870355
2013-06-25,1.0916192458317042
2013-06-26,0.3247726751556596
2013-06-27,0.5054902741910049
2013-06-28,0.4474539884018718
2013-07-01,0.42768919000537275
2013-07-02,0.5457556748157217
2013-07-03,0.9177941710299612
2013-07-04,1.4101524857485919
2013-07-05,0.3945353927352625
2013-07-08,0.7829387038147255
2013-07-09,0.80883742010529
2013-07-10,0.981231555548045
2013-07-11,0.540348753360785
2013-07-12,1.0399030949048913
2013-07-15,0.36708074428086335
2013-07-16,0.9646897371661964
2013-07-17,0.5488913907251419
2013-07-18,0.7866358666613246
2013-07-19,0.611402605210885
2013-07-22,0.42622496404028165
2013-07-23,0.382798085445565
2013-07-24,0.3696597347357752
2013-07-25,0.5236621700726551
2013-07-26,0.5311668894728867
2013-07-29,0.9814274263997225
2013-07-30,0.4384367611787801
2013-07-31,1.760595219345821
2013-08-01,0.4670470156566601
2013-08-02,0.6733643718562993
2013-08-05,0.5901362442549811
2013-08-06,0.4037826663150319
2013-08-07,0.49968828175326213
2013-08-08,0.49247940833071596
2013-08-09,0.5117266868343817
2013-08-12,0.4901787972468321
2013-08-13,0.5072561693606548
2013-08-14,0.47434515070715966
2013-08-15,0.8684968411872889
2013-08-16,0.8161667105706651
2013-08-19,0.6239073679143926
2013-08-20,0.9853552014493885
2013-08-21,0.4465901318195126
2013-08-22,0.4446364607146619
2013-08-23,0.385984747252343
2013-08-26,0.483193709959378
2013-08-27,0.6125820809955679
2013-08-28,0.512646911421337
2013-08-29,1.1897397226663058
2013-08-30,0.8648718323425783
2013-09-02,0.49642203327393264
2013-09-03,0.3954049403746731
2013-09-04,0.7268043505427303
2013-09-05,0.6254569299008791
2013-09-06,0.5288925303577343
2013-09-09,0.8072248228145602
2013-09-10,0.8803465160481851
2013-09-11,1.0448856762938115
2013-09-12,0.43619859153418133
2013-09-13,0.7519049274913268
2013-09-16,0.596998694836046
2013-09-17,0.5861301614878763
2013-09-18,0.45722654768545146
2013-09-19,0.5443580360427177
2013-09-20,0.791391815980768
2013-09-23,0.5833619870619238
2013-09-24,0.5004851502293013
2013-09-25,0.5584279067904412
2013-09-26,0.4634654016607941
2013-09-27,0.4417436984871398
2013-09-30,0.5021682130522157
2013-10-01,0.8284656606750613
2013-10-02,0.6120754719961276
2013-10-03,0.4923342613271438
2013-10-04,0.3605959951919831
2013-10-07,0.5907180017086634
2013-10-08,0.4430595559044765
2013-10-09,1.0519783526714375
2013-10-10,0.6373257805663395
2013-10-11,1.0677913662335303
2013-10-14,0.41065039839631456
2013-10-15,0.46523826822622777
2013-10-16,0.6642032748138424
2013-10-17,0.7955752496875611
2013-10-18,0.43809755791782523
2013-10-21,0.4393975898243148
2013-10-22,0.4998334515607368
2013-10-23,0.5080105140895204
2013-10-24,0.3232056484680246
2013-10-25,0.7773229724791485
2013-10-28,0.44028754147677196
2013-10-29,0.8873267648123253
2013-10-30,0.8183648519486029
2013-10-31,0.5762123359510128
2013-11-01,0.4810976725662832
2013-11-04,0.53803370989768
2013-11-05,1.1177233519147671
2013-11-06,0.37838237333388575
2013-11-07,0.9098865131949346
2013-11-08,0.4927113706152684
2013-11-11,0.46557585004362
2013-11-12,0.642001058660786
2013-11-13,0.8017562780138467
2013-11-14,0.49638804363129657
2013-11-15,0.41932051866364944
2013-11-18,0.3718361886582232
2013-11-19,0.619715480308024
2013-11-20,0.8026232932114765
2013-11-21,0.4794193938031321
2013-11-22,0.4517057064710946
2013-11-25,0.40927977671076365
2013-11-26,0.7736855772073999
2013-11-27,0.4095196506220348
2013-11-28,0.7035392596649485
2013-11-29,0.38357329793656186
2013-12-02,0.48063635842047203
2013-12-03,0.4381587578084189
2013-12-04,0.5067206161631496
2013-12-05,0.45085256011385033
2013-12-06,0.41575040870899616
2013-12-09,0.8797566186648625
2013-12-10,0.40463360340021837
2013-12-11,0.5773546972766807
2013-12-12,0.6622107979900645
2013-12-13,0.47488618211489386
2013-12-16,0.3934137360876131
2013-12-17,0.6534956451280258
2013-12-18,0.8546705842659341
2013-12-19,0.568930061712438
2013-12-20,0.775289063556103
2013-12-23,0.7197940076422903
2013-12-24,0.5382715776216261
2013-12-25,0.432971678953194
2013-12-26,1.0718570094830238
2013-12-27,0.6964761034204866
2013-12-30,0.4087323248638169
2013-12-31,0.8740909083339559
2014-01-01,0.49676457818918407
2014-01-02,0.5005971233738115
2014-01-03,0.5372924800385328
2014-01-06,0.789669460736504
2014-01-07,0.4420465006848887
2014-01-08,0.7340903102106224
2014-01-09,0.5276262878788283
2014-01-10,0.9626458889053313
2014-01-13,1.25681252319169
2014-01-14,0.40077215973257757
2014-01-15,0.46310194954867584
2014-01-16,0.49600517184124976
2014-01-17,0.7816222228649397
2014-01-20,0.8009061689779955
2014-01-21,0.4040798870468788
2014-01-22,0.8623213147654868
2014-01-23,0.6150766634303495
2014-01-24,0.3531475548807634
2014-01-27,0.5269230453776682
2014-01-28,0.9624120933014507
2014-01-29,0.5547188790174384
2014-01-30,0.5298607736927808
2014-01-31,0.5689379257424764
2014-02-03,0.6475533803918272
2014-02-04,0.4230649525444124
2014-02-05,0.9501923921729709
2014-02-06,1.1034505196805247
2014-02-07,0.4189581111856494
2014-02-10,1.016746108687637
2014-02-11,0.46397558947480383
2014-02-12,0.5852225101185112
2014-02-13,0.6045208934268511
2014-02-14,0.6382881413040662
2014-02-17,0.8172960046857431
2014-02-18,0.4497151573452087
2014-02-19,0.555688598803556
2014-02-20,0.8001002779102879
2014-02-21,0.5584534666496985
2014-02-24,0.426413140106796
2014-02-25,0.4508260085465931
2014-02-26,0.43026361236133187
2014-02-27,0.44438353264100233
2014-02-28,0.4498740460119637
2014-03-03,0.584002856905132
2014-03-04,0.7074267122413448
2014-03-05,0.41671512117063697
2014-03-06,0.5866895559068257
2014-03-07,0.6218440688644515
2014-03-10,0.5508131845863076
2014-03-11,0.5912626370716609
2014-03-12,0.7600408004907111
2014-03-13,1.2877517545554924
2014-03-14,0.3786795954051829
2014-03-17,0.7110902704304727
2014-03-18,0.540261172192754
2014-03-19,0.4299222470176557
2014-03-20,0.5814488753868872
2014-03-21,0.4840735254557592
2014-03-24,0.5127486827746105
2014-03-25,0.47227369922325635
2014-03-26,0.6116985157339836
2014-03-27,0.9178742742016158
2014-03-28,0.927764175302865
2014-03-31,0.7308051258309596
2014-04-01,0.41393460713039204
2014-04-02,0.5432523660733471
2014-04-03,0.761264778210705
2014-04-04,0.9311396590613656
2014-04-07,0.43199871690043895
2014-04-08,0.3816560050381384
2014-04-09,1.0608770008334072
2014-04-10,0.3905731413834747
2014-04-11,0.552722204610144
2014-04-14,0.712333007756323
2014-04-15,0.38341050927855014
2014-04-16,0.44946146190289427
2014-04-17,0.48123951159334766
2014-04-18,0.5074238104160167
2014-04-21,0.38360760112441156
2014-04-22,0.8536343430300518
2014-04-23,0.4418367258262081
2014-04-24,0.7347156098831275
2014-04-25,1.5434667093344003
2014-04-28,0.4708979278773665
2014-04-29,0.514839480642287
2014-04-30,0.3988091384513392
2014-05-01,0.38946334104431457
2014-05-02,0.6169800327213616
2014-05-05,1.0693413393934152
2014-05-06,0.43767049621773735
2014-05-07,0.65132545248616
2014-05-08,0.7416685457230624
2014-05-09,0.631062051822531
2014-05-12,0.688201577548828
2014-05-13,0.33747674504970304
2014-05-14,0.6753744531121858
2014-05-15,0.6280031501524195
2014-05-16,0.8181692012111103
2014-05-19,0.7943563741191174
2014-05-20,0.5275522176160552
2014-05-21,0.5856725182394277
2014-05-22,0.6036454611552088
2014-05-23,0.7306967315046644
2014-05-26,0.5064249314233363
2014-05-27,0.5163554971834774
2014-05-28,0.6948489226447626
2014-05-29,0.37909594749669956
2014-05-30,0.3984173042026525
2014-06-02,0.8332346301439031
2014-06-03,0.6306742842243218
2014-06-04,1.2903249192241124
2014-06-05,0.44744284248029587
2014-06-06,0.4500294608898419
2014-06-09,0.40094640333915504
2014-06-10,0.5192658515993328
2014-06-11,0.9637062471879473
2014-06-12,0.597831906879768
2014-06-13,0.3580916146894309
2014-06-16,1.3931280690316024
2014-06-17,0.987050027094104
2014-06-18,0.39948993060051546
2014-06-19,0.4163197237952294
2014-06-20,0.9247893541611122
2014-06-23,0.9810122507413828
2014-06-24,0.43366220134038164
2014-06-25,0.8029108487449936
2014-06-26,0.3948130056218309
2014-06-27,0.6896914892094674
2014-06-30,0.5737977450829963
2014-07-01,0.7483397875800218
2014-07-02,0.6426209299287945
2014-07-03,0.3956694961554693
2014-07-04,0.6892094072529394
2014-07-07,0.39805029795604985
2014-07-08,0.6679945844770394
2014-07-09,0.6812816579764752
2014-07-10,0.603875328994363
2014-07-11,0.5641313311878685
2014-07-14,0.6810317679991507
2014-07-15,0.391913875286884
2014-07-16,0.9368215666572985
2014-07-17,0.5192129880016975
2014-07-18,0.3665492898129003
2014-07-21,0.6587917656894102
2014-07-22,0.39899517831914955
2014-07-23,0.4291485549766362
2014-07-24,0.5494337646639766
2014-07-25,0.5212058128520928
2014-07-28,0.4076647841105861
2014-07-29,0.7901367942776655
2014-07-30,0.6332724678437847
2014-07-31,0.7501881746931996
2014-08-01,0.7938094974232173
2014-08-04,0.4162575420476258
2014-08-05,0.4326110963341464
2014-08-06,1.1495075008550126
2014-08-07,0.6693634198452665
2014-08-08,0.43934078310518687
2014-08-11,0.9006589053618594
2014-08-12,0.7538493177443109
2014-08-13,1.0741980281122252
2014-08-14,0.5235278696783974
2014-08-15,0.8968230466521295
2014-08-18,0.9262435501029646
2014-08-19,0.7473337813464316
2014-08-20,0.39910739889360713
2014-08-21,0.47114211096420944
2014-08-22,0.8412787815128484
2014-08-25,0.452119099697158
2014-08-26,0.39153221940216
2014-08-27,0.7340353524275772
2014-08-28,0.4027457733535326
2014-08-29,0.8217952139063646
2014-09-01,0.372653584095995
2014-09-02,0.3958280266220833
2014-09-03,0.8355866202225146
2014-09-04,0.6856547797416951
2014-09-05,0.45014720504522554
2014-09-08,1.063383517127659
2014-09-09,0.8953989636563031
2014-09-10,0.5388834860487298
2014-09-11,1.5377531626568919
2014-09-12,1.1835524377861737
2014-09-15,0.579883591449212
2014-09-16,0.49269076226027014
2014-09-17,0.834704931359181
2014-09-18,0.7275286827237062
2014-09-19,0.5291511535083256
2014-09-22,0.41323768730992916
2014-09-23,0.8268283512635465
2014-09-24,0.4111049672647983
2014-09-25,0.9076348009469182
2014-09-26,0.7178433294807322
2014-09-29,0.7031186049759282
2014-09-30,0.5351595251594727
2014-10-01,0.8009134102134725
2014-10-02,0.7642216390279697
2014-10-03,0.7205941752971062
2014-10-06,0.682746757636006
2014-10-07,0.6074390365034155
2014-10-08,0.6073743685836485
2014-10-09,0.6149432354272565
2014-10-10,0.716442489627651
2014-10-13,0.6524546098203075
2014-10-14,0.6132756527190157
2014-10-15,0.4055478195812446
2014-10-16,0.41679711640465966
2014-10-17,0.3784563527369389
2014-10-20,0.4992966249281728
2014-10-21,0.37252342467555627
2014-10-22,0.8074870118319618
2014-10-23,0.9147863649728409
2014-10-24,0.41846197128198637
2014-10-27,0.5393800437632387
2014-10-28,0.50100343156452
2014-10-29,0.7248084388978863
2014-10-30,0.54357086048726
2014-10-31,0.8021870060818551
2014-11-03,0.40175588187464667
2014-11-04,0.47374927105420755
2014-11-05,0.7585967580832943
2014-11-06,0.4173101643214123
2014-11-07,0.8085805175888903
2014-11-10,0.505613816462136
2014-11-11,0.7253442868751729
2014-11-12,0.4967619199639444
2014-11-13,0.4415166030165413
2014-11-14,0.4980350774175844
2014-11-17,0.40023249189517895
2014-11-18,0.4771814441086416
2014-11-19,0.874978679776591
2014-11-20,0.7002020793223704
2014-11-21,0.4690911654340254
2014-11-24,0.8446717350478168
2014-11-25,0.5414882533080851
2014-11-26,0.38581320296757005
2014-11-27,0.5104945636984407
2014-11-28,0.6717182808095832
2014-12-01,0.9002345693666816
2014-12-02,0.618481741424425
2014-12-03,0.87751686886001
2014-12-04,0.6420755297459111
2014-12-05,0.45930885726240733
2014-12-08,0.43962826147099887
2014-12-09,0.7360801934064968
2014-12-10,0.7818002059809661
2014-12-11,0.5159856379270985
2014-12-12,0.4285991914521706
2014-12-15,0.42934393000487286
2014-12-16,0.5219113471398652
2014-12-17,0.6446570641710511
2014-12-18,0.3744674953089511
2014-12-19,0.5816612830749948
2014-12-22,0.46301405403881013
2014-12-23,0.6387170086325956
2014-12-24,0.36974423174871845
2014-12-25,0.43806036615425414
2014-12-26,0.7905059950551268
2014-12-29,0.6027280560811438
2014-12-30,0.40690002564242506
2014-12-31,1.101742207022659
2015-01-01,0.7224399720344402
2015-01-02,0.5706552324556349
2015-01-05,0.7291639338749668
2015-01-06,0.4965873242985209
2015-01-07,0.47244158099568695
2015-01-08,0.6535227274481559
2015-01-09,0.42452527760120884
2015-01-12,0.44319925354240747
2015-01-13,0.42193685268320025
2015-01-14,0.42404683049588987
2015-01-15,1.2476068998825813
2015-01-16,0.4728167983905106
2015-01-19,0.6938346004439271
2015-01-20,0.5546554100075543
2015-01-21,0.7072682394440961
2015-01-22,0.8761424568710299
2015-01-23,0.5146069488336911
2015-01-26,0.6833526857912428
2015-01-27,0.9001258921185228
2015-01-28,0.796004481093093
2015-01-29,0.729480213605866
2015-01-30,0.38478341887475787
2015-02-02,0.3963770324057543
2015-02-03,0.4168050448499339
2015-02-04,0.9460407619521621
2015-02-05,0.38858193907862926
2015-02-06,0.47491327331325944
2015-02-09,0.6446583461869981
2015-02-10,0.9890105251740705
2015-02-11,0.8019764793366944
2015-02-12,0.7332115746202328
2015-02-13,0.44431223512924506
2015-02-16,0.6998408374168545
2015-02-17,0.8211659223950534
2015-02-18,0.4531390393269501
2015-02-19,0.6830667368379276
2015-02-20,1.0089568611849533
2015-02-23,0.7883575598564051
2015-02-24,0.7326457624387457
2015-02-25,0.5643472099459318
2015-02-26,0.3871175411222114
2015-02-27,0.6037912246893222
2015-03-02,0.5163180629617254
2015-03-03,0.45753037467582836
2015-03-04,0.5721230881235836
2015-03-05,0.5303870590759118
2015-03-06,0.43762577486691184
2015-03-09,0.7028942015710998
2015-03-10,0.4263879610698836
2015-03-11,0.3949706788044664
2015-03-12,0.7829904308239908
2015-03-13,0.4562210354025411
2015-03-16,1.2814059285402863
2015-03-17,0.8513630107584543
2015-03-18,0.5498504223784628
2015-03-19,1.3387231317769097
2015-03-20,0.43569299843516046
2015-03-23,0.3948966124036951
2015-03-24,0.38363221136457526
2015-03-25,0.4535991081394314
2015-03-26,0.41384171521053476
2015-03-27,1.0245385715445778
2015-03-30,0.45983466104854537
2015-03-31,0.38440883117104235
2015-04-01,0.43109654313359164
2015-04-02,0.6354623424513338
2015-04-03,0.9023378905741051
2015-04-06,0.5020129271230751
2015-04-07,0.6700383874447648
2015-04-08,1.1489205902516748
2015-04-09,1.04883563235991
2015-04-10,0.3581287309092792
2015-04-13,0.9859731279280857
2015-04-14,0.6353764459817233
2015-04-15,0.39031664392216037
2015-04-16,1.0016095947385812
2015-04-17,0.51730266256246
2015-04-20,0.5440667999108038
2015-04-21,0.8573265757503357
2015-04-22,0.45539149788641614
2015-04-23,0.37018482644429723
2015-04-24,0.9079975776954458
2015-04-27,0.6567193359934944
2015-04-28,0.5904224521002357
2015-04-29,0.6391870319594444
2015-04-30,0.7877094834992752
2015-05-01,0.8682522896408099
2015-05-04,0.9100841942943507
2015-05-05,0.4692439685955732
2015-05-06,0.397775723270598
2015-05-07,0.6857569442891046
2015-05-08,1.2835795122720872
2015-05-11,0.5786861069354075
2015-05-12,0.6329365904062442
2015-05-13,0.7003621275951138
2015-05-14,0.6349156452107928
2015-05-15,0.612292464489448
2015-05-18,0.5973705945340403
2015-05-19,0.41804513150904926
2015-05-20,0.42744935668763456
2015-05-21,0.387564923037571
2015-05-22,0.4657473267668617
2015-05-25,0.5633660542373771
2015-05-26,0.385903501537466
2015-05-27,0.6447682337244602
2015-05-28,0.6887215090600106
2015-05-29,0.4140450287398689
2015-06-01,0.741274451516966
2015-06-02,0.4557760128645378
2015-06-03,0.5492921597921666
2015-06-04,0.97273237183544
2015-06-05,0.6453433754896214
2015-06-08,0.4315121169474315
2015-06-09,0.7534370292745616
2015-06-10,0.5183053496832628
2015-06-11,0.8585846500051488
2015-06-12,0.6175142137569626
2015-06-15,1.1174177615563337
2015-06-16,0.5422876838597396
2015-06-17,0.7826922074963435
2015-06-18,0.7196807291312752
2015-06-19,0.667302756635522
2015-06-22,0.5466856720790223
2015-06-23,0.653411969780809
2015-06-24,0.5677270921006174
2015-06-25,0.39358615711491907
2015-06-26,0.39767937902728373
2015-06-29,0.4345067759900804
2015-06-30,1.1463734123946057
2015-07-01,0.4300710140470559
2015-07-02,0.41011050207680133
2015-07-03,1.0882786366827781
2015-07-06,0.8897327544804066
2015-07-07,0.5005251584116336
2015-07-08,0.5682216818710122
2015-07-09,0.47439466324962776
2015-07-10,0.46335246820147585
2015-07-13,0.6121254010054369
2015-07-14,0.43641796854558174
2015-07-15,0.8557296689172411
2015-07-16,0.4366715410863758
2015-07-17,0.6275893175623742
2015-07-20,0.46292580217962126
2015-07-21,0.8704018567029198
2015-07-22,0.4361110274978956
2015-07-23,0.4487162383768661
2015-07-24,0.7229021387240638
2015-07-27,0.4968972624173783
2015-07-28,0.3861189543135664
2015-07-29,1.0730238167569215
2015-07-30,0.44817576222971284
2015-07-31,0.6615227547590885
2015-08-03,0.37485121213178013
2015-08-04,0.6565484953981451
2015-08-05,0.34649059646772723
2015-08-06,0.6742865000817363
2015-08-07,0.9429770520583667
2015-08-10,0.4227835049248078
2015-08-11,0.4345509291174426
2015-08-12,1.0035333250996208
2015-08-13,0.6802553455439327
2015-08-14,0.4092692722334899
2015-08-17,0.5859261508150322
2015-08-18,0.9633413866536571
2015-08-19,0.642382576701917
2015-08-20,0.693922375277443
2015-08-21,0.4549067336132739
2015-08-24,0.37423041086755227
2015-08-25,0.41734873677239887
2015-08-26,0.49822836815158517
2015-08-27,0.5096655641765975
2015-08-28,0.9606816226771506
2015-08-31,0.6475517680399682
2015-09-01,0.5048510870727212
2015-09-02,0.34700521601923073
2015-09-03,0.5319662588053973
2015-09-04,0.6860845744571836
2015-09-07,0.8254905847288164
2015-09-08,0.9806796206125895
2015-09-09,0.4405365517737786
2015-09-10,0.403730302539564
2015-09-11,0.43881375873278117
2015-09-14,0.8936160951382133
2015-09-15,0.43930387959616735
2015-09-16,0.44766452359424824
2015-09-17,0.5092156768672014
2015-09-18,0.4623132712777423
2015-09-21,0.9873376293018743
2015-09-22,0.9495053424570962
2015-09-23,0.6172943475528915
2015-09-24,0.714066482511994
2015-09-25,0.6085042927351946
2015-09-28,0.4037473402103206
2015-09-29,0.42803983569405885
2015-09-30,0.5577074374115084
2015-10-01,0.4431474081907362
2015-10-02,0.40877801471969444
2015-10-05,0.9004090528609425
2015-10-06,0.4949555538685491
2015-10-07,0.687641923862051
2015-10-08,0.3619973946797053
2015-10-09,0.42072138609970056
2015-10-12,0.5095793616260617
2015-10-13,0.4008990630872858
2015-10-14,0.9201867015776252
2015-10-15,0.7325232665499166
2015-10-16,0.6443375872170504
2015-10-19,0.5686074658564494
2015-10-20,0.6182423171777952
2015-10-21,0.396878936174961
2015-10-22,0.6969788754223906
2015-10-23,1.0592677651017393
2015-10-26,0.4246498277857215
2015-10-27,0.7360952705738512
2015-10-28,0.38887755777276933
2015-10-29,0.5492651034543905
2015-10-30,0.9257482608416884
2015-11-02,0.6261335693409679
2015-11-03,0.39057556444120717
2015-11-04,0.4205882315381604
2015-11-05,0.6276885090848869
2015-11-06,0.4425444456288279
2015-11-09,0.6190862956408997
2015-11-10,0.6441374915175561
2015-11-11,0.8160471853256067
2015-11-12,0.5027852985745459
2015-11-13,0.545671488241028
2015-11-16,1.033736277348059
2015-11-17,0.9027406645303521
2015-11-18,0.36863628256557057
2015-11-19,0.45452410867705445
2015-11-20,0.42554533089135704
2015-11-23,0.6232768645196683
2015-11-24,0.6003257954320477
2015-11-25,0.8433702411406698
2015-11-26,0.7778965130443113
2015-11-27,0.40511232215140086
2015-11-30,0.7601732933358434
2015-12-01,0.4153724387609911
2015-12-02,0.43823694492235615
2015-12-03,0.4190198560755946
2015-12-04,0.47043140857827087
2015-12-07,0.43921442201803534
2015-12-08,0.43570445413618314
2015-12-09,0.8004837499558413
2015-12-10,0.5830072883441626
2015-12-11,0.6652746355620489
2015-12-14,0.3904624389071937
2015-12-15,0.4163039774029252
2015-12-16,0.7970593369150808
2015-12-17,0.9216008618091251
2015-12-18,0.4909721785579026
2015-12-21,1.2442089717356062
2015-12-22,0.5874533817602664
2015-12-23,0.5416459027798075
2015-12-24,0.45945058836971575
2015-12-25,0.7920057738844868
2015-12-28,0.6202531952441672
2015-12-29,0.5052515400749354
2015-12-30,0.5699627890722826
2015-12-31,0.4005410719751383
2016-01-01,0.3835168739896073
2016-01-04,0.45270142287174586
2016-01-05,0.4383828676678446
2016-01-06,0.4220904163980369
2016-01-07,0.9614063676528946
2016-01-08,1.1277833273260767
2016-01-11,0.5688873572696329
2016-01-12,0.682128331013959
2016-01-13,0.37269563803687056
2016-01-14,0.5642219138545826
2016-01-15,0.4081859463999853
2016-01-18,0.4839319067251231
2016-01-19,0.9409705020113528
2016-01-20,0.66193948085271
2016-01-21,0.4080363616482403
2016-01-22,0.649136582990467
2016-01-25,0.5370043744598855
2016-01-26,0.9038487428452073
2016-01-27,0.7798641816883175
2016-01-28,0.6708816443289963
2016-01-29,1.0769806951343222
2016-02-01,0.37818768897541244
2016-02-02,0.5226330416438655
2016-02-03,1.066485725534892
2016-02-04,0.41023600282391554
2016-02-05,0.3581581860437751
2016-02-08,0.5189893309441836
2016-02-09,0.6924680336984613
2016-02-10,0.7192420865766457
2016-02-11,0.489401653252649
2016-02-12,0.5804946855358001
2016-02-15,0.3728704251141389
2016-02-16,0.4926326668598677
2016-02-17,0.5163076837634564
2016-02-18,0.3775898309782125
2016-02-19,1.1097913483405255
2016-02-22,0.6682410908627461
2016-02-23,0.41787431996508784
2016-02-24,0.6405445571000393
2016-02-25,0.4470348221100614
2016-02-26,0.5008872892372971
2016-02-29,0.35567449113697697
2016-03-01,0.5649758010780793
2016-03-02,0.6693084702058664
2016-03-03,0.38537998396540496
2016-03-04,0.7622522950098312
2016-03-07,1.063106630010129
2016-03-08,0.34410580341850683
2016-03-09,0.47430271841015287
2016-03-10,0.49522104364660696
2016-03-11,0.615728487904793
2016-03-14,0.539118447398153
2016-03-15,0.40622620929986225
2016-03-16,0.4621794552568126
2016-03-17,0.6581118840947222
2016-03-18,0.745105590185363
2016-03-21,0.5253615826391025
2016-03-22,0.3539194936093079
2016-03-23,0.44202670614948836
2016-03-24,0.7439037038404187
2016-03-25,0.9121706424787738
2016-03-28,0.5869055084584234
2016-03-29,1.3383007751019382
2016-03-30,0.5646400709833942
2016-03-31,1.6958862859022141
2016-04-01,0.36910641704138075
2016-04-04,0.5756346458092998
2016-04-05,0.6941357493627174
2016-04-06,0.6101108541390843
2016-04-07,1.3327712797831521
2016-04-08,0.4042734030708891
2016-04-11,0.9376324453766876
2016-04-12,0.3903981593609184
2016-04-13,0.42843491104762843
2016-04-14,0.40306019493564904
2016-04-15,0.472304154233541
2016-04-18,0.43120991801528474
2016-04-19,0.43442072018559336
2016-04-20,0.5893518022044207
2016-04-21,0.42906255472117655
2016-04-22,0.49235770473969764
2016-04-25,0.4685395534874066
2016-04-26,0.441673552470327
2016-04-27,1.231017726337377
2016-04-28,0.37028384520387414
2016-04-29,0.607291218310942
2016-05-02,0.4902885555966348
2016-05-03,0.5103775579163137
2016-05-04,0.6168411036727516
2016-05-05,0.4203961798890332
2016-05-06,0.35178751993170976
2016-05-09,0.7720558247829331
2016-05-10,0.7769739972502069
2016-05-11,0.4218585769111821
2016-05-12,0.49446186216473736
2016-05-13,0.5142225711542845
2016-05-16,0.40973849905785736
2016-05-17,0.846800460769207
2016-05-18,1.1931319465851837
2016-05-19,0.7818560097889801
2016-05-20,0.9000113199726604
2016-05-23,0.4019987684474647
2016-05-24,0.4552322805632021
2016-05-25,1.0022231430985937
2016-05-26,0.40939961583629136
2016-05-27,0.805926161059561
2016-05-30,0.47996764148075477
2016-05-31,0.8753791303116385
2016-06-01,0.36984798521785545
2016-06-02,0.6795206354423282
2016-06-03,0.6094527233431167
2016-06-06,0.44903588446790943
2016-06-07,1.0219172412746775
2016-06-08,0.9420201786601926
2016-06-09,0.6538780772078784
2016-06-10,0.5016424948719053
2016-06-13,0.46476543111002844
2016-06-14,0.3696943122533581
2016-06-15,0.3939237644696249
2016-06-16,0.4044575632851739
2016-06-17,1.1976973139818377
2016-06-20,0.6629076031508427
2016-06-21,0.6524950670738653
2016-06-22,0.5961746981745146
2016-06-23,0.7294797290020804
2016-06-24,0.3856928346135959
2016-06-27,0.4293974367141716
2016-06-28,0.7709821054555152
2016-06-29,0.9006729080044299
2016-06-30,0.5075263394810148
2016-07-01,0.467938643310018
2016-07-04,0.43854552409514935
2016-07-05,0.45087682958011993
2016-07-06,0.8773090191610012
2016-07-07,0.4256797414799069
2016-07-08,0.7929840890145676
2016-07-11,0.5593811468290119
2016-07-12,0.6615475230718652
2016-07-13,0.5157276721657045
2016-07-14,0.6757574690939372
2016-07-15,0.4565881801546065
2016-07-18,0.5074190261797206
2016-07-19,0.9852781832113072
2016-07-20,0.5483878890295857
2016-07-21,0.41461031493678413
2016-07-22,0.4452237655845973
2016-07-25,0.4553853498735754
2016-07-26,0.8866214038914363
2016-07-27,0.9487336401887095
2016-07-28,0.4151285983384649
2016-07-29,0.43478492479852815
2016-08-01,0.4523990587532545
2016-08-02,0.4322893394709001
2016-08-03,0.3972185295563308
2016-08-04,0.7198550223278813
2016-08-05,0.582357248919513
2016-08-08,1.401571505474718
2016-08-09,0.4142760400341521
2016-08-10,0.49146205369478
2016-08-11,0.4609723478580872
2016-08-12,0.3661367481914096
2016-08-15,0.47935818392515356
2016-08-16,0.600604994497058
2016-08-17,0.5280814354050785
2016-08-18,0.6038408204604244
2016-08-19,0.5974211195038411
2016-08-22,0.4037334351399954
2016-08-23,0.41939891790697104
2016-08-24,0.3933685718659715
2016-08-25,0.7621890580506498
2016-08-26,0.40759893991302815
2016-08-29,0.47018178807954175
2016-08-30,0.6970174808265466
2016-08-31,0.45539053957790915
2016-09-01,0.544805180713514
2016-09-02,0.45721011695551883
2016-09-05,0.5139683296387999
2016-09-06,0.6602368677347643
2016-09-07,0.8925208325693099
2016-09-08,0.5859365655962058
2016-09-09,0.4309792051619235
2016-09-12,0.44076596047442085
2016-09-13,0.4505206020809267
2016-09-14,1.0102048561910366
2016-09-15,0.4496925847451065
2016-09-16,0.5949455861931656
2016-09-19,0.34659338304149895
2016-09-20,0.8386025413060362
2016-09-21,0.5275998108125876
2016-09-22,0.6423837820073431
2016-09-23,0.4366498816500854
2016-09-26,0.3805614923741792
2016-09-27,0.416893725659324
2016-09-28,0.5439824130394005
2016-09-29,0.8406867845906291
2016-09-30,0.4585229487944408
2016-10-03,0.3412061515417894
2016-10-04,0.41303410187917344
2016-10-05,0.9299807424273725
2016-10-06,0.6372543600565828
2016-10-07,0.44545407652843744
2016-10-10,0.6854909644554497
2016-10-11,1.794924777356209
2016-10-12,0.37746800107386597
2016-10-13,0.4759782781693022
2016-10-14,0.36210410337504406
2016-10-17,0.4884539425279269
2016-10-18,0.6980311900387222
2016-10-19,1.431270465022727
2016-10-20,0.5877524582142818
2016-10-21,0.7921526838762781
2016-10-24,1.4026863244780239
2016-10-25,0.5839439739084246
2016-10-26,0.5522991568150385
2016-10-27,0.793332877399166
2016-10-28,0.36961845542392624
2016-10-31,0.7523335442774083
2016-11-01,0.5893315865162984
2016-11-02,0.567284496572396
2016-11-03,0.7117851068975898
2016-11-04,0.4468302868573481
2016-11-07,1.0192627363967188
2016-11-08,0.4178797835120387
2016-11-09,0.49131606165869085
2016-11-10,0.678472917378435
2016-11-11,0.49788461256464
2016-11-14,0.5545482972350827
2016-11-15,0.3870091767242913
2016-11-16,0.6967384971149452
2016-11-17,0.4524800689697789
2016-11-18,0.3961242533331369
2016-11-21,0.5571737313351142
2016-11-22,0.9004859698197132
2016-11-23,0.48184687781370317
2016-11-24,0.7286081324415036
2016-11-25,0.5013642479051508
2016-11-28,0.65107565259541
2016-11-29,0.5703325873434358
2016-11-30,0.4916654959036552
2016-12-01,0.6739802728445573
2016-12-02,0.49674093648459394
2016-12-05,0.8111716251126908
2016-12-06,0.3638862214474568
2016-12-07,0.8452977033222875
2016-12-08,0.45280592207501774
2016-12-09,0.8475037234085837
2016-12-12,0.49709118554626297
2016-12-13,0.9648196730210243
2016-12-14,0.533912930261182
2016-12-15,0.7396146029973194
2016-12-16,1.1224478232703232
2016-12-19,0.8928431657770529
2016-12-20,0.39315039835641846
2016-12-21,0.8579934517144168
2016-12-22,0.46829031509104485
2016-12-23,0.39215727642690557
2016-12-26,0.3897463566887667
2016-12-27,0.5484074899064818
2016-12-28,0.7634028018106781
2016-12-29,0.45942974499765904
2016-12-30,0.3999164328531288
2017-01-02,0.40358868759841793
2017-01-03,0.40779914427516445
2017-01-04,0.8822785430355464
2017-01-05,0.6403505983614881
2017-01-06,0.4513118030624985
2017-01-09,0.8057547816517922
2017-01-10,0.6829349862462402
2017-01-11,0.532039618249315
2017-01-12,0.5416875072474215
2017-01-13,0.6081502407767576
2017-01-16,0.8909557956554313
2017-01-17,1.4986982411202232
2017-01-18,0.41068215671884273
2017-01-19,0.736814311708827
2017-01-20,0.4171187783886049
2017-01-23,0.425051796669632
2017-01-24,0.8473677008536379
2017-01-25,0.4366861096924639
2017-01-26,0.8576678575662897
2017-01-27,1.0557589293716465
2017-01-30,0.3890059153192713
2017-01-31,0.7026433371840437
2017-02-01,0.7404170877085494
2017-02-02,0.6715609109357569
2017-02-03,0.560994977534792
2017-02-06,0.674234311455526
2017-02-07,1.1803957145364206
2017-02-08,0.3876351219886767
2017-02-09,0.4467847892273957
2017-02-10,0.5260211353306637
2017-02-13,1.1158152089205513
2017-02-14,0.7336069297058753
2017-02-15,0.7409873813402283
2017-02-16,0.4536944478064096
2017-02-17,0.5188510700119815
2017-02-20,1.1552067156411443
2017-02-21,0.9668828548335434
2017-02-22,0.6923615134227988
2017-02-23,0.42923317332226
2017-02-24,0.7758358196427321
2017-02-27,0.38800280962670947
2017-02-28,0.41246696978449077
2017-03-01,0.35796069341171477
2017-03-02,0.34613762992187264
2017-03-03,0.6788000584380834
2017-03-06,0.9006179610210452
2017-03-07,0.4883418439086279
2017-03-08,0.6928921692424379
2017-03-09,0.7341319384441445
2017-03-10,0.4164178106349639
2017-03-13,0.4238256044641314
2017-03-14,0.40028256057529515
2017-03-15,0.8575880889260326
2017-03-16,0.7505042282882062
2017-03-17,0.37975469316511506
2017-03-20,1.23633671285805
2017-03-21,0.4246556816051328
2017-03-22,0.5054608719631121
2017-03-23,0.4111276417851341
2017-03-24,0.3728878863297767
2017-03-27,0.9501968016756778
2017-03-28,0.6552324269245346
2017-03-29,0.4535714012474608
2017-03-30,0.3517028792620612
2017-03-31,0.42327843557799416
2017-04-03,0.37986829907545344
2017-04-04,1.0185339499467245
2017-04-05,0.5569937667864769
2017-04-06,0.4193029677112463
2017-04-07,0.5133627440284754
2017-04-10,0.5067863126391742
2017-04-11,0.5785864083859888
2017-04-12,0.5033296932953726
2017-04-13,0.41492547038877176
2017-04-14,0.3904489025816025
2017-04-17,0.7741544744583917
2017-04-18,0.8422853626832425
2017-04-19,0.5800264618283951
2017-04-20,0.9121073847299459
2017-04-21,0.5627874298044673
2017-04-24,0.514375231893223
2017-04-25,0.6571302847381306
2017-04-26,0.4078786682019958
2017-04-27,0.5309781006587769
2017-04-28,0.5832285336445447
2017-05-01,0.7593720624314141
2017-05-02,0.41737129898318287
2017-05-03,0.5604814395539804
2017-05-04,0.38318041916353046
2017-05-05,0.991520699713391
2017-05-08,0.42050857860591007
2017-05-09,0.6601411635145473
2017-05-10,0.6680582361276667
2017-05-11,0.3625820551524971
2017-05-12,0.8589183573656431
2017-05-15,0.8714910519770452
2017-05-16,1.339673707231564
2017-05-17,0.48914175062758863
2017-05-18,0.8112746863245112
2017-05-19,0.803325951654146
2017-05-22,0.5868163384464139
2017-05-23,0.7108144911080484
2017-05-24,0.42613537056262585
2017-05-25,0.4227709507598105
2017-05-26,0.5722597134067933
2017-05-29,0.36969279425152607
2017-05-30,0.7101071438944242
2017-05-31,1.0343153305629356
2017-06-01,0.6512104499839573
2017-06-02,0.5260932961975519
2017-06-05,0.4176811406977135
2017-06-06,0.3995712471615479
2017-06-07,0.39380867604945713
2017-06-08,0.5556977479725979
2017-06-09,0.9624916782319297
2017-06-12,0.975566121577083
2017-06-13,0.6146546384634154
2017-06-14,0.597027530359496
2017-06-15,0.3761838053729078
2017-06-16,0.9885894016883306
2017-06-19,0.40749952839413256
2017-06-20,0.6819879190841872
2017-06-21,0.9091336761003012
2017-06-22,0.3638505185450871
2017-06-23,0.7230462445071427
2017-06-26,0.5808740814397508
2017-06-27,0.9767529322889291
2017-06-28,0.47473037120925626
2017-06-29,0.4369762360064068
2017-06-30,0.5929481197868601
2017-07-03,1.2198235486777862
2017-07-04,0.8170202774295483
2017-07-05,0.610231694033395
2017-07-06,0.43134078287187455
2017-07-07,0.43097711377938636
2017-07-10,0.5694488560276352
2017-07-11,0.6938886893739351
2017-07-12,1.0364633963021448
2017-07-13,0.3781866208844112
2017-07-14,0.39147410889877765
2017-07-17,1.1126394481910868
2017-07-18,0.7585441868592677
2017-07-19,0.7241590375764619
2017-07-20,0.3882723667855696
2017-07-21,0.856806306130646
2017-07-24,0.6368657635689475
2017-07-25,0.9312101932041956
2017-07-26,0.548298662655745
2017-07-27,0.537905262147809
2017-07-28,0.40700519299203186
2017-07-31,0.7236377165714046
2017-08-01,1.5271960374882558
2017-08-02,1.0592458898221246
2017-08-03,0.3628495250281121
2017-08-04,0.4901588540228664
2017-08-07,0.5019242384497354
2017-08-08,1.019177920910365
2017-08-09,0.8123920008531815
2017-08-10,0.5012588516865585
2017-08-11,0.5802137225509066
2017-08-14,0.4620728379635087
2017-08-15,0.5779804904822639
2017-08-16,0.44072385333381875
2017-08-17,0.44953111045684024
2017-08-18,1.025945295195887
2017-08-21,0.45285714068245486
2017-08-22,0.4622926022974308
2017-08-23,0.8800810630648801
2017-08-24,1.1797276607732938
2017-08-25,0.6353154858383471
2017-08-28,0.8979766105763148
2017-08-29,0.46461323637351676
2017-08-30,0.6961545332223938
2017-08-31,0.46549182757836005
2017-09-01,0.49357752388517984
2017-09-04,0.5210093424277452
2017-09-05,0.5380628957127961
2017-09-06,0.7114311132384458
2017-09-07,0.9552871190868626
2017-09-08,0.6065755690853685
2017-09-11,0.5602380320871686
2017-09-12,0.8842247706178287
2017-09-13,0.6851297312419686
2017-09-14,0.39079677054591944
2017-09-15,0.5314200826414506
2017-09-18,0.7866655231312828
2017-09-19,0.6203878159452838
2017-09-20,0.3990903782952057
2017-09-21,0.7128718234495499
2017-09-22,0.5465902722741667
2017-09-25,0.4971466148387282
2017-09-26,0.46383961217594744
2017-09-27,0.45871205769698264
2017-09-28,0.47288053027776916
2017-09-29,0.4214001402561063
2017-10-02,0.4761345238739601
2017-10-03,0.4092943431010485
2017-10-04,0.6929616345292616
2017-10-05,0.36362710813634136
2017-10-06,0.7989943161546278
2017-10-09,0.8425962243381324
2017-10-10,1.1305381680411226
2017-10-11,0.7372242379163405
2017-10-12,0.7122119711163244
2017-10-13,0.9249687842937903
2017-10-16,0.4365235078746219
2017-10-17,0.5891413139225369
2017-10-18,0.4480697337311959
2017-10-19,0.46641643991324594
2017-10-20,0.7892716514709699
2017-10-23,0.6173737046054139
2017-10-24,0.6244106862826458
2017-10-25,0.47308572880676525
2017-10-26,0.559683513992179
2017-10-27,0.36379885092608377
2017-10-30,0.42617037769204225
2017-10-31,0.43643606286659553
2017-11-01,0.5060964784336461
2017-11-02,0.764247909853912
2017-11-03,0.6556655062296745
2017-11-06,0.6514810274900893
2017-11-07,0.3506060270364194
2017-11-08,0.4995587648834248
2017-11-09,0.3896568624210666
2017-11-10,0.7749815087225409
2017-11-13,0.6874524665446778
2017-11-14,0.4769825861999619
2017-11-15,0.6985760656008194
2017-11-16,0.413257471259721
2017-11-17,1.106617699000923
2017-11-20,0.3982841320379872
2017-11-21,0.9615848803847719
2017-11-22,0.4811378346090285
2017-11-23,0.44230831765245027
2017-11-24,0.8551012474469462
2017-11-27,0.4497523264516548
2017-11-28,0.6073003230005566
2017-11-29,0.403017799646058
2017-11-30,0.8349228399899185
2017-12-01,0.7101422637984416
2017-12-04,0.5671929818015387
2017-12-05,0.7851425833997172
2017-12-06,0.4344906536749826
2017-12-07,0.8255564541449227
2017-12-08,0.4942026007972285
2017-12-11,0.3718544069079403
2017-12-12,0.6912889570327008
2017-12-13,0.3944375164914247
2017-12-14,0.9417260425365328
2017-12-15,0.550849026074778
2017-12-18,0.3813186018156621
2017-12-19,0.517862996985821
2017-12-20,0.3951119672289619
2017-12-21,0.3998688171937965
2017-12-22,0.39806870432813246
2017-12-25,0.3933221670931078
2017-12-26,0.6380809286624008
2017-12-27,0.5126083510089413
2017-12-28,0.6759655353850251
2017-12-29,0.5381300585625021
2018-01-01,0.6230999581715181
2018-01-02,0.3831674451210181
2018-01-03,0.5491761130377157
2018-01-04,1.1529590580044284
2018-01-05,1.1980661704214537
2018-01-08,0.361954869241552
2018-01-09,0.7407479218823788
2018-01-10,0.4390625175644968
2018-01-11,0.4977981248101455
2018-01-12,0.4691951777308456
2018-01-15,0.40742408203480857
2018-01-16,0.39343530788672276
2018-01-17,0.44048054775103
2018-01-18,0.944179443808889
2018-01-19,0.4910912081526551
2018-01-22,0.5919844846706931
2018-01-23,0.4305744181163651
2018-01-24,1.0064072595814613
2018-01-25,0.37973280277083277
2018-01-26,0.46354749795964706
2018-01-29,0.4097808678063584
2018-01-30,0.5761755655029839
2018-01-31,0.6446710198651309
2018-02-01,0.42249064700750577
2018-02-02,0.3726981134494469
2018-02-05,0.5448947230750811
2018-02-06,0.5956329869706387
2018-02-07,0.7186716106694687
2018-02-08,0.5720756853193211
2018-02-09,0.41314322827666394
2018-02-12,0.5386639942991891
2018-02-13,0.4510859438224057
2018-02-14,0.39352527990879455
2018-02-15,0.9113714324141253
2018-02-16,0.4720609829284842
2018-02-19,0.4380028598944234
2018-02-20,0.35099702236303076
2018-02-21,0.7486232421042385
2018-02-22,0.4612213457391262
2018-02-23,0.566142070158145
2018-02-26,0.6723925696851322
2018-02-27,1.0146146051475107
2018-02-28,0.4718589001606902
2018-03-01,0.517359523015278
2018-03-02,0.9418409438473517
2018-03-05,0.45633224556721474
2018-03-06,0.9143239670272574
2018-03-07,0.647462272959081
2018-03-08,0.5694789737666666
2018-03-09,0.5842757826513917
2018-03-12,0.4343602342726336
2018-03-13,0.403438661638244
2018-03-14,0.9874411491945745
2018-03-15,0.6281703360029927
2018-03-16,0.7970841726792378
2018-03-19,0.46399651773278
2018-03-20,0.7021439097561307
2018-03-21,0.5374260296293186
2018-03-22,0.5456832660393486
2018-03-23,0.5465395218114321
2018-03-26,0.6906497348188414
2018-03-27,0.7898156193014999
2018-03-28,0.484945517531872
2018-03-29,0.3937121865161279
2018-03-30,0.4111482142606967
2018-04-02,0.8284097511090984
2018-04-03,0.3792966901812426
2018-04-04,0.4140589030230669
2018-04-05,0.7730824287611842
2018-04-06,1.109612204396413
2018-04-09,0.5943578230847961
2018-04-10,0.5238734882779378
2018-04-11,0.44312307220683866
2018-04-12,1.4135049802426751
2018-04-13,0.4865582960306328
2018-04-16,0.4414616421870318
2018-04-17,0.5210722937485185
2018-04-18,0.45517986741873656
2018-04-19,0.47060329334097156
2018-04-20,0.45069494526588544
2018-04-23,0.6424916810374751
2018-04-24,1.0511575889750107
2018-04-25,0.5255747229194376
2018-04-26,0.6835597533428358
2018-04-27,0.4530915539345971
2018-04-30,0.4292217567077417
2018-05-01,0.8297059755202681
2018-05-02,0.9141311122567788
2018-05-03,0.48728474222707546
2018-05-04,0.4678808654290303
2018-05-07,0.38672829939142184
2018-05-08,0.7497991260187549
2018-05-09,1.081442685911661
2018-05-10,0.39724298201366837
2018-05-11,0.43222063038216735
2018-05-14,0.5334306103879254
2018-05-15,0.5969223541294877
2018-05-16,0.47163040603491935
2018-05-17,0.39859440797476453
2018-05-18,0.40485155924726957
2018-05-21,0.4585299114925837
2018-05-22,0.6115479080483172
2018-05-23,1.2110796109465665
2018-05-24,0.44681799897067365
2018-05-25,0.420938374677794
2018-05-28,0.4451887297595985
2018-05-29,0.5186758590962459
2018-05-30,1.0186656015633164
2018-05-31,1.1987694880359177
2018-06-01,0.3427925075442537
2018-06-04,0.44483396612635484
2018-06-05,0.3856713089956806
2018-06-06,0.5352173396733898
2018-06-07,0.5213768610744866
2018-06-08,0.6469088688004667
2018-06-11,0.48673206079022
2018-06-12,0.4692446715971719
2018-06-13,0.46563417999943596
2018-06-14,0.8012806630919315
2018-06-15,0.37691444453360223
2018-06-18,0.4223351216226731
2018-06-19,0.45851673271861326
2018-06-20,0.400079575632244
2018-06-21,0.856799811487199
2018-06-22,0.49933629614191044
2018-06-25,0.578823550679392
2018-06-26,1.0597433644641199
2018-06-27,0.6044751112248331
2018-06-28,0.5181246701868056
2018-06-29,0.4363328143928706
2018-07-02,0.5033269724417269
2018-07-03,0.49503966507615865
2018-07-04,0.7353165194057669
2018-07-05,1.0057952985087073
2018-07-06,0.4445904104700149
2018-07-09,0.7309696042109505
2018-07-10,0.5835256255858338
2018-07-11,0.5317639479691718
2018-07-12,0.3981925471414362
2018-07-13,0.6322562356419348
2018-07-16,0.4075136011198411
2018-07-17,0.37875654063044095
2018-07-18,0.5736674628900742
2018-07-19,0.38577387474689373
2018-07-20,0.34961892287531915
2018-07-23,0.9816881003823814
2018-07-24,0.6649940442102505
2018-07-25,0.45924167554314393
2018-07-26,0.6329651510114032
2018-07-27,0.6384675554410376
2018-07-30,0.4182590851006693
2018-07-31,1.5673856381272762
2018-08-01,0.44137512936174467
2018-08-02,1.0165858268254924
2018-08-03,0.4623807253685094
2018-08-06,0.58844428489185
2018-08-07,0.5051116810331808
2018-08-08,0.5272008567947108
2018-08-09,0.4178062663691067
2018-08-10,0.5102803032394341
2018-08-13,0.5251079462628094
2018-08-14,1.097655060600864
2018-08-15,0.4353089412588462
2018-08-16,0.38886781454606495
2018-08-17,0.4531690794007355
2018-08-20,0.678765578333608
2018-08-21,0.7437470383263354
2018-08-22,0.3724002566947902
2018-08-23,0.451806401412749
2018-08-24,0.36776548143147925
2018-08-27,0.74811593097851
2018-08-28,0.5243178874458009
2018-08-29,0.36688357374015806
2018-08-30,0.4518722084743648
2018-08-31,1.1441014892966075
2018-09-03,0.5367396791971277
2018-09-04,0.504235167377665
2018-09-05,0.39962892918703746
2018-09-06,0.5853511708950826
2018-09-07,0.47077983275677077
2018-09-10,0.7672563517231197
2018-09-11,0.36311693852976806
2018-09-12,0.3942898198345797
2018-09-13,0.48048007484300764
2018-09-14,0.7577672241870508
2018-09-17,0.645923094404821
2018-09-18,0.63353473030503
2018-09-19,0.7301238726168875
2018-09-20,0.6102265846289733
2018-09-21,1.4242322828014766
2018-09-24,0.4321341724814966
2018-09-25,0.4031360644366751
2018-09-26,0.857087150722895
2018-09-27,0.4340646932032138
2018-09-28,0.4434784132552174
2018-10-01,1.1780560519934198
2018-10-02,1.1132420946535515
2018-10-03,0.47858522535173365
2018-10-04,0.4418627376668143
2018-10-05,0.36336196749145744
2018-10-08,0.44499839487422976
2018-10-09,0.44573126956726367
2018-10-10,0.37078303294126436
2018-10-11,0.5753271909668978
2018-10-12,0.5046862698326023
2018-10-15,0.49829502643262863
2018-10-16,1.140933166309008
2018-10-17,0.9979302523744701
2018-10-18,0.8576762070788733
2018-10-19,0.43533946278066055
2018-10-22,0.391238420722204
2018-10-23,0.6179094527908284
2018-10-24,0.9595331543969279
2018-10-25,0.4125409723266037
2018-10-26,0.48165529003816737
2018-10-29,0.5619514346293439
2018-10-30,0.4749668790184911
2018-10-31,0.6789370348280769
2018-11-01,0.5536642092809833
2018-11-02,0.3390099379843809
2018-11-05,0.3562393727330315
2018-11-06,0.56849795773754
2018-11-07,0.3704882337145519
2018-11-08,0.4081055040075216
2018-11-09,0.6250991841721737
2018-11-12,0.41011085170654116
2018-11-13,0.4410481616213271
2018-11-14,0.39306919813359337
2018-11-15,0.838833321165909
2018-11-16,0.6549469969062301
2018-11-19,0.4482310034258051
2018-11-20,0.5848917224571425
2018-11-21,0.5150106575015769
2018-11-22,0.9581928203392985
2018-11-23,0.43767682636568894
2018-11-26,1.3425921698315824
2018-11-27,0.7718265437666656
2018-11-28,0.535262265375445
2018-11-29,0.7260039174059316
2018-11-30,0.4891405357209792
2018-12-03,1.0494584603811064
2018-12-04,0.46684679600996687
2018-12-05,0.5871676298174879
2018-12-06,0.6710949880902259
2018-12-07,0.4271248827354744
2018-12-10,0.6157939744638542
2018-12-11,0.4590802917300877
2018-12-12,0.4072953535281611
2018-12-13,0.9315228740420445
2018-12-14,0.6153789941175414
2018-12-17,1.1127562372000877
2018-12-18,0.6776340509772121
2018-12-19,0.8456840088008843
2018-12-20,0.46876863614374253
2018-12-21,1.148102356636021
2018-12-24,0.5930945072324519
2018-12-25,0.4927872765081394
2018-12-26,0.4993165069115788
2018-12-27,1.017100910826767
2018-12-28,0.5567837382986308
2018-12-31,0.5366888375266661
2019-01-01,0.4542825101361841
2019-01-02,0.5636649301244179
2019-01-03,0.5839184831017667
2019-01-04,0.5241490563202034
2019-01-07,0.47133174460812943
2019-01-08,0.8237198604921857
2019-01-09,0.41493419732853426
2019-01-10,0.6578821331527781
2019-01-11,0.6744306923107568
2019-01-14,1.1736821785147968
2019-01-15,0.843023140934929
2019-01-16,0.8375494405296552
2019-01-17,0.43674952758134744
2019-01-18,1.1712611759108937
2019-01-21,0.8723155227860394
2019-01-22,0.43431357598543996
2019-01-23,1.5817237735538439
2019-01-24,0.6793134179345507
2019-01-25,1.100766441039632
2019-01-28,0.43665086535625686
2019-01-29,0.4689598474442919
2019-01-30,0.7302181675804055
2019-01-31,0.6733830188070078
2019-02-01,0.5066573257395807
2019-02-04,0.788126195825276
2019-02-05,0.4546352662374174
2019-02-06,0.48807134943304575
2019-02-07,0.5104109003601404
2019-02-08,0.7737277392594248
2019-02-11,0.46377193023219293
2019-02-12,0.7067090261268423
2019-02-13,0.3664747781177282
2019-02-14,0.47785344324580614
2019-02-15,0.3913185401458193
2019-02-18,0.6187776647476217
2019-02-19,0.562505132788604
2019-02-20,0.4419618920261046
2019-02-21,0.37856179896733405
2019-02-22,0.5908782687321276
2019-02-25,0.43418261367828836
2019-02-26,0.6758280110116414
2019-02-27,0.6373807370915401
2019-02-28,0.36053382491643354
2019-03-01,0.41711613748607107
2019-03-04,0.7149128524542335
2019-03-05,0.5756571372187531
2019-03-06,0.5748104965557014
2019-03-07,0.49091348066556506
2019-03-08,0.44038643421559315
2019-03-11,0.39602622894911
2019-03-12,0.6826545001688592
2019-03-13,0.5227036267566678
2019-03-14,0.4180380338978972
2019-03-15,0.7379767462713072
2019-03-18,0.43572602935704763
2019-03-19,0.3756456581639283
2019-03-20,0.3910198344043353
2019-03-21,0.38388997939377106
2019-03-22,0.4192136546396116
2019-03-25,0.5976168449884098
2019-03-26,0.4477038570561885
2019-03-27,0.4805451680398264
2019-03-28,0.512241940561485
2019-03-29,0.8215560408616167
2019-04-01,0.5430953636658143
2019-04-02,0.8814645184560405
2019-04-03,0.4470426699014205
2019-04-04,0.7456221723768599
2019-04-05,1.2741837891115981
2019-04-08,0.36099592412385734
2019-04-09,0.4521215746400096
2019-04-10,0.42920965588274695
2019-04-11,0.6723630162473963
2019-04-12,0.5209721064109881
2019-04-15,1.0631357096556204
2019-04-16,0.6730552152314463
2019-04-17,0.5822599647385728
2019-04-18,0.7896787223089106
2019-04-19,0.5361849585814941
2019-04-22,1.0157693520881974
2019-04-23,0.5376282125558606
2019-04-24,0.605901250764206
2019-04-25,0.35822536282936
2019-04-26,0.4166734430058987
2019-04-29,0.4547365031663125
2019-04-30,0.7689148582476195
2019-05-01,0.356439515647299
2019-05-02,0.44960071839826143
2019-05-03,0.8793459650356192
2019-05-06,0.874141262814317
2019-05-07,0.670533088674849
2019-05-08,0.47234076363498084
2019-05-09,0.8508683702916839
2019-05-10,0.45190314483031174
2019-05-13,0.7652299883496972
2019-05-14,0.2864409368176188
2019-05-15,0.43510257816648046
2019-05-16,0.4563883144028546
2019-05-17,0.4478337390498902
2019-05-20,0.47248356749889775
2019-05-21,0.4099774170314284
2019-05-22,0.7436028414174034
2019-05-23,0.5383491469916991
2019-05-24,0.48326534796572723
2019-05-27,0.6200999016158699
2019-05-28,0.917077317510993
2019-05-29,0.3898733330947148
2019-05-30,0.4183107611291417
2019-05-31,0.5079755660511005
2019-06-03,0.585901234148706
2019-06-04,0.3627966186513224
2019-06-05,0.7777181612679601
2019-06-06,0.7656647420984218
2019-06-07,0.672693855702069
2019-06-10,1.2690247618557218
2019-06-11,0.6657525662423132
2019-06-12,0.5834056575734129
2019-06-13,0.6180050289019564
2019-06-14,0.391111612339359
2019-06-17,0.42857901630453155
2019-06-18,0.3969155276576611
2019-06-19,0.7489385558036205
2019-06-20,0.43407089729154635
2019-06-21,0.8618597105762237
2019-06-24,1.1647263605462657
2019-06-25,0.3898242944176562
2019-06-26,0.46412524893776563
2019-06-27,0.4330468799151685
2019-06-28,0.8107619158944672
2019-07-01,0.8512090104712449
2019-07-02,0.7531353654467924
2019-07-03,0.5068904883774458
2019-07-04,0.448857292811702
2019-07-05,0.5227913064154804
2019-07-08,0.4775458001431555
2019-07-09,0.4719612318963876
2019-07-10,0.9691356544667958
2019-07-11,0.41804793861205797
2019-07-12,0.4290759419479349
2019-07-15,0.4077768872804088
2019-07-16,0.8041242118685215
2019-07-17,0.6163918257040163
2019-07-18,0.39093442009686125
2019-07-19,0.4142912712303726
2019-07-22,1.0003309508427023
2019-07-23,0.328871962809022
2019-07-24,0.4711479805301689
2019-07-25,0.7416818487442616
2019-07-26,0.36676816906473453
2019-07-29,0.36094990837491747
2019-07-30,1.0099847593195654
2019-07-31,0.4230961047273499
2019-08-01,0.5269025166319555
2019-08-02,0.411103767097354
2019-08-05,0.3491937498043377
2019-08-06,0.40629135997311017
2019-08-07,0.32342522760215486
2019-08-08,0.9165788484920563
2019-08-09,0.39787861236076555
2019-08-12,0.42539009012728324
2019-08-13,0.5409467846796999
2019-08-14,0.48792154628176043
2019-08-15,0.52278906117697
2019-08-16,0.3878322407413202
2019-08-19,0.7457176836824049
2019-08-20,0.410546972419857
2019-08-21,0.3787634410876932
2019-08-22,0.46080473400201266
2019-08-23,0.507762648929966
2019-08-26,0.5252131143016563
2019-08-27,0.3975726203392974
2019-08-28,0.4543557188558101
2019-08-29,0.6634237383957441
2019-08-30,0.41649437320206983
2019-09-02,0.4088434563609293
2019-09-03,0.5592008035091284
2019-09-04,0.39286492094567926
2019-09-05,0.5988828874540459
2019-09-06,0.9113353974530285
2019-09-09,0.546409127174736
2019-09-10,0.4895252133335563
2019-09-11,0.5793447172300991
2019-09-12,0.4791363933673722
2019-09-13,0.5540179165289932
2019-09-16,0.40881273088725156
2019-09-17,0.5104952393912712
2019-09-18,0.6136655120642357
2019-09-19,0.4875916178627153
2019-09-20,0.4672186400474054
2019-09-23,1.2259559797012147
2019-09-24,0.4339212656910877
2019-09-25,0.7947306032270588
2019-09-26,0.5658820071416765
2019-09-27,0.8225467983396618
2019-09-30,0.7574335636473591
2019-10-01,0.49758464732724617
2019-10-02,0.7474195518977654
2019-10-03,0.40032847378005865
2019-10-04,0.4965538448663633
2019-10-07,0.4554679649691804
2019-10-08,0.39828253327667257
2019-10-09,0.6412372978767472
2019-10-10,0.4816437526407482
2019-10-11,0.5861861240799259
2019-10-14,0.3838185093590765
2019-10-15,0.9706194209907106
2019-10-16,0.6755367728408151
2019-10-17,0.5583178090621249
2019-10-18,0.6476114851620747
2019-10-21,0.7355163937772863
2019-10-22,0.7590112200881406
2019-10-23,0.5967818456543975
2019-10-24,0.8590121652420443
2019-10-25,0.6147106347956579
2019-10-28,0.42613349918958043
2019-10-29,0.6976256663189246
2019-10-30,0.5759355095683794
2019-10-31,0.8420593220391134
2019-11-01,0.9893114571615824
2019-11-04,0.7943211359974816
2019-11-05,0.8944146850399635
2019-11-06,0.627296437529806
2019-11-07,1.0784428349703101
2019-11-08,0.5254154210799363
2019-11-11,0.4450169851052176
2019-11-12,0.5083785108058461
2019-11-13,0.4419512031541138
2019-11-14,0.48218415910821744
2019-11-15,0.8393357497013848
2019-11-18,0.7820785819100363
2019-11-19,0.5382198556291364
2019-11-20,0.37804286688280503
2019-11-21,0.9570811771519943
2019-11-22,0.4354811699106581
2019-11-25,0.4438890702829026
2019-11-26,0.4360430738735194
2019-11-27,0.35712726918950904
2019-11-28,0.4197318670198902
2019-11-29,0.6683009336716117
2019-12-02,0.5509053329709012
2019-12-03,0.5073168885692325
2019-12-04,0.8268512241500314
2019-12-05,0.49098001286677734
2019-12-06,0.8022832654823373
2019-12-09,0.3878587932674343
2019-12-10,0.405307646763608
2019-12-11,0.3627322275041213
2019-12-12,0.8466106746083388
2019-12-13,0.46717017997831056
2019-12-16,0.547459857696875
2019-12-17,0.606286168677389
2019-12-18,0.5263125742087525
2019-12-19,0.5109557428539584
2019-12-20,0.4771820295240596
2019-12-23,0.3817429168289299
2019-12-24,0.5604891684398106
2019-12-25,0.3805704757701769
2019-12-26,0.5281139298261581
2019-12-27,0.87694328284934
2019-12-30,1.1038202618821251
2019-12-31,0.4608454590532084
2020-01-01,0.4907747150769095
2020-01-02,0.3565504591354647
2020-01-03,0.4050843272060055
2020-01-06,0.5544663707232874
2020-01-07,0.3988732082836974
2020-01-08,0.43292351440295407
2020-01-09,1.1237927831994927
2020-01-10,1.0676942377598635
2020-01-13,0.4150372411150794
2020-01-14,0.44180044617866265
2020-01-15,0.4815571614771819
2020-01-16,0.8591665148106097
2020-01-17,0.6385348370188916
2020-01-20,0.44545530299089203
2020-01-21,0.6039915944462143
2020-01-22,0.5829483102218769
2020-01-23,0.38672500610785837
2020-01-24,0.3973396044382693
2020-01-27,0.3984466671936868
2020-01-28,0.544205502152373
2020-01-29,0.8587413327126218
2020-01-30,0.7698753321888571
2020-01-31,0.7166544399316712
2020-02-03,0.4617453599971359
2020-02-04,0.3592591788056386
2020-02-05,0.4325685347129047
2020-02-06,0.4240698180753954
2020-02-07,1.1562426351234245
2020-02-10,0.5053977429755746
2020-02-11,0.40301149689664784
2020-02-12,0.5487730029452795
2020-02-13,0.8338178975613082
2020-02-14,0.40491476638260804
2020-02-17,0.36751774744711335
2020-02-18,0.4530841084358923
2020-02-19,0.44187821987269604
2020-02-20,0.6265375788003503
2020-02-21,1.2760225380966377
2020-02-24,0.8658122702533249
2020-02-25,0.4363689125924334
2020-02-26,0.5321421521923739
2020-02-27,0.772334247650552
2020-02-28,0.6891188247860314
2020-03-02,0.8064975963595079
2020-03-03,0.4820366423322612
2020-03-04,0.39804236912676977
2020-03-05,0.38660865280213264
2020-03-06,0.411796300465348
2020-03-09,0.4901004306131771
2020-03-10,0.7651563510572351
2020-03-11,0.4284172858186363
2020-03-12,0.5825667693240039
2020-03-13,0.45243082912970795
2020-03-16,0.42310964173250537
2020-03-17,0.7918006998924737
2020-03-18,0.3688583731721856
2020-03-19,0.483662843238418
2020-03-20,0.8347099756281624
2020-03-23,0.4338804545622051
2020-03-24,0.46519428812926295
2020-03-25,0.3839475180388338
2020-03-26,0.38680942146966474
2020-03-27,0.5336616356236277
2020-03-30,0.44529213753427077
2020-03-31,0.6320417509253118
2020-04-01,0.5602158985050328
2020-04-02,0.38190560019823755
2020-04-03,0.7063544825127962
2020-04-06,0.480656052851906
2020-04-07,1.1356230674831198
2020-04-08,0.608102003037028
2020-04-09,0.555792177277086
2020-04-10,0.6092602711259213
2020-04-13,0.4533556116475981
2020-04-14,0.8717676355621119
2020-04-15,0.8428090236509476
2020-04-16,1.0652323027756958
2020-04-17,0.591401213539627
2020-04-20,0.3980310049882961
2020-04-21,0.38830629809478684
2020-04-22,0.5249789805641868
2020-04-23,0.785611772584264
2020-04-24,0.5441795168985382
2020-04-27,0.45585701920323995
2020-04-28,0.3666296597646927
2020-04-29,0.4713996345654666
2020-04-30,0.7409105632665663
2020-05-01,0.5837295189919445
2020-05-04,0.5672788690418608
2020-05-05,0.42223485872854694
2020-05-06,0.9675907372800652
2020-05-07,0.4955183177003181
2020-05-08,0.5826498826444679
2020-05-11,0.4339419099744069
2020-05-12,0.7191560068127173
2020-05-13,0.8257810842733754
2020-05-14,0.5282740508110101
2020-05-15,0.8110679278397848
2020-05-18,1.0057678171604552
2020-05-19,0.4726692413135919
2020-05-20,0.40163325427695
2020-05-21,0.5659100856940167
2020-05-22,1.3559389059178595
2020-05-25,0.5301464801466654
2020-05-26,0.6041288737569764
2020-05-27,0.8264855318131356
2020-05-28,0.3699730910046487
2020-05-29,0.531731993392964
2020-06-01,1.2790017366888995
2020-06-02,0.7303249444086927
2020-06-03,0.5216393982022955
2020-06-04,0.7107635551392743
2020-06-05,0.7134749881018381
2020-06-08,0.6132026764263648
2020-06-09,1.0267941347204135
2020-06-10,0.4280986278168316
2020-06-11,0.7576026819481574
2020-06-12,0.6426268087008192
2020-06-15,0.6374906418216726
2020-06-16,0.37682639537145163
2020-06-17,0.8984669832149913
2020-06-18,0.42902749629550296
2020-06-19,0.9899802838178624
2020-06-22,0.8998975485698552
2020-06-23,0.416504971224031
2020-06-24,0.4614952235135064
2020-06-25,0.4784553273000108
2020-06-26,0.43567738183982985
2020-06-29,0.7997454297061456
2020-06-30,0.4887330497891198
2020-07-01,0.4342850946800225
2020-07-02,0.44670393964915406
2020-07-03,0.4420371252151165
2020-07-06,0.7648420483382649
2020-07-07,0.5878684458481415
2020-07-08,0.7454279738594879
2020-07-09,0.4076849346829172
2020-07-10,0.4119997160067019
2020-07-13,0.6413342604496077
2020-07-14,0.3788466558591072
2020-07-15,0.6538562930089099
2020-07-16,0.32332797030326743
2020-07-17,0.4083612170391766
2020-07-20,0.5826243376391623
2020-07-21,1.00919474902166
2020-07-22,0.42635847706875313
2020-07-23,1.4819239212524493
2020-07-24,0.3840502215477747
2020-07-27,0.5189451416003396
2020-07-28,0.9386828526932521
2020-07-29,0.42169029261254753
2020-07-30,0.8097788908624856
2020-07-31,0.5870317276435398
2020-08-03,0.5907401113463148
2020-08-04,0.6434350333539814
2020-08-05,0.9505812903095933
2020-08-06,0.487311431206498
2020-08-07,1.0017968295166297
2020-08-10,0.5456283684404187
2020-08-11,0.6741605864314067
2020-08-12,0.39522059658673186
2020-08-13,0.7475940470923605
2020-08-14,0.7007091196637436
2020-08-17,0.5622815427117518
2020-08-18,0.4790691093481961
2020-08-19,0.6165464047690369
2020-08-20,1.0098235223913188
2020-08-21,0.8178619185391267
2020-08-24,0.952155752766857
2020-08-25,0.5711785429106315
2020-08-26,0.508084832363238
2020-08-27,0.42458791094245907
2020-08-28,0.3684773855145838
2020-08-31,0.55984563929617
2020-09-01,0.5554376358057399
2020-09-02,0.4789158102366161
2020-09-03,0.6763874967702146
2020-09-04,0.4448141462288038
2020-09-07,0.4312826378810212
2020-09-08,0.443493530705887
2020-09-09,0.41192200782504973
2020-09-10,0.508486040931256
2020-09-11,0.850286814333104
2020-09-14,0.42964666063456886
2020-09-15,0.46955842216352073
2020-09-16,0.4385028797006704
2020-09-17,0.5249691355444094
2020-09-18,0.4256004928456754
2020-09-21,0.7450234090564969
2020-09-22,0.422395151194601
2020-09-23,0.8247501400024851
2020-09-24,0.3438439765737109
2020-09-25,0.6394546547835155
2020-09-28,0.8749867989311458
2020-09-29,0.644322614566129
2020-09-30,0.6466737599331235
2020-10-01,0.8531787501715197
2020-10-02,0.6347579808823824
2020-10-05,0.4460826168735462
2020-10-06,0.5649780491704751
2020-10-07,0.5230919607462847
2020-10-08,0.5700205745635983
2020-10-09,0.49903490245469795
2020-10-12,0.5010803666297159
2020-10-13,0.6636109336837944
2020-10-14,0.9415870276425775
2020-10-15,0.9034801877839221
2020-10-16,0.6245760891368575
2020-10-19,0.677469409683398
2020-10-20,0.6383795546229073
2020-10-21,0.4957030402542239
2020-10-22,0.9094158295014335
2020-10-23,0.6219786914658348
2020-10-26,0.5863651563162268
2020-10-27,0.9500269736971106
2020-10-28,0.7463524895254812
2020-10-29,0.3809532759024167
2020-10-30,0.4398120254887366
2020-11-02,0.8019225156996522
2020-11-03,0.9184000221161492
2020-11-04,0.7558871625894927
2020-11-05,0.37714168408482407
2020-11-06,0.6087322379911222
2020-11-09,0.4784083892296703
2020-11-10,1.0153341623019887
2020-11-11,0.8608900388382605
2020-11-12,0.4644213605321516
2020-11-13,0.36788080226861386
2020-11-16,0.41229774193489166
2020-11-17,0.9098550549743851
2020-11-18,0.4617148237463221
2020-11-19,0.44914937200696836
2020-11-20,0.40930695927422234
2020-11-23,0.5073151787326106
2020-11-24,0.8457971423128078
2020-11-25,0.7253412855232506
2020-11-26,0.8561650767572914
2020-11-27,0.59411704670737
2020-11-30,0.7403614685145392
2020-12-01,0.8508867246896172
2020-12-02,0.6269643098855118
2020-12-03,1.0311185146810244
2020-12-04,0.4156620971034868
2020-12-07,0.4617930794943112
2020-12-08,0.40888310148133356
2020-12-09,0.6867001850883419
2020-12-10,0.9069748733832879
2020-12-11,0.6169657110403177
2020-12-14,0.45188713581233086
2020-12-15,0.43279619489344556
2020-12-16,0.4087221799093077
2020-12-17,0.4568676515667101
2020-12-18,0.8825359845560866
2020-12-21,0.967431886524198
2020-12-22,0.5088587965258374
2020-12-23,0.432470178451894
2020-12-24,0.478158731218927
2020-12-25,0.3953227221598899
2020-12-28,0.41470218515247786
2020-12-29,0.3940333745978484
2020-12-30,0.4064458118414122
2020-12-31,0.4312649287906253
2021-01-01,0.7279004835689799
2021-01-04,0.39592374008433223
2021-01-05,0.43287026953003105
2021-01-06,0.4205795085743713
2021-01-07,0.6015584323876171
2021-01-08,0.4592793509795465
2021-01-11,0.46305496582136635
2021-01-12,0.45809113858489364
2021-01-13,0.4848847437639985
2021-01-14,0.4310959219354566
2021-01-15,0.6376727044475063
2021-01-18,0.7009936012222501
2021-01-19,0.9672705171507018
2021-01-20,0.6028124563358727
2021-01-21,0.4236766414598254
2021-01-22,0.38286571853110474
2021-01-25,0.41983253284521904
2021-01-26,0.5455223603726504
2021-01-27,0.5513307711972042
2021-01-28,0.9778400432523545
2021-01-29,0.3887827384573172
2021-02-01,0.4681191133646482
2021-02-02,0.5100935167863492
2021-02-03,0.3788212291590035
2021-02-04,0.40875244900036417
2021-02-05,0.4433899292857274
2021-02-08,0.4908784621952711
2021-02-09,0.3973467599289708
2021-02-10,1.394512114821603
2021-02-11,0.5077478165368923
2021-02-12,0.3598087910612892
2021-02-15,0.4012355595794989
2021-02-16,0.6873732512184203
2021-02-17,0.7551214893464244
2021-02-18,0.7930603269752414
2021-02-19,0.6831408398606302
2021-02-22,0.42463232203017703
2021-02-23,0.5850018308142889
2021-02-24,0.40800939735212516
2021-02-25,0.7500169556430386
2021-02-26,0.6211030801792955
2021-03-01,0.4158140092720145
2021-03-02,0.6890892416760492
2021-03-03,0.6248716685250112
2021-03-04,0.39490580268186504
2021-03-05,0.706122339652304
2021-03-08,1.1625037375750304
2021-03-09,0.5488160185138203
2021-03-10,0.5733908875232193
2021-03-11,0.4428621709415256
2021-03-12,0.5371673859504827
2021-03-15,0.3996449405943561
2021-03-16,0.4507318502000081
2021-03-17,0.49302799006906867
2021-03-18,0.7227483399012194
2021-03-19,0.5309973180912354
2021-03-22,0.7114464243689036
2021-03-23,0.545205045493692
2021-03-24,0.4293568541809947
2021-03-25,0.3603376414823248
2021-03-26,0.7171066010196768
2021-03-29,0.43626262478289357
2021-03-30,0.5711129809793861
2021-03-31,0.39190378243551466
2021-04-01,0.6637144525061173
2021-04-02,0.6787516690030638
2021-04-05,0.3803754202912785
2021-04-06,0.8444849110538016
2021-04-07,0.3997670927676591
2021-04-08,0.458602900496569
2021-04-09,0.7394190306467007
2021-04-12,0.9423108280619868
2021-04-13,1.0263736050319896
2021-04-14,0.47207149936749104
2021-04-15,0.9021411819107763
2021-04-16,0.7426393320624448
2021-04-19,0.6963022027421021
2021-04-20,0.3863504087372985
2021-04-21,0.4931835413553525
2021-04-22,0.7581677525706849
2021-04-23,0.38966543122048614
2021-04-26,0.4025144502736797
2021-04-27,0.5969667618339879
2021-04-28,0.3807719647806891
2021-04-29,0.779607289092941
2021-04-30,0.4128349188775859
2021-05-03,0.9322341247147282
2021-05-04,0.991639083577609
2021-05-05,0.5273776970381797
2021-05-06,0.44406680165481127
2021-05-07,0.6003578494227844
2021-05-10,0.4905788116268352
2021-05-11,0.5016205150899287
2021-05-12,0.37487214500134547
2021-05-13,0.5490376904334487
2021-05-14,0.8409361285929591
2021-05-17,0.7377208637822732
2021-05-18,1.0095056754414482
2021-05-19,0.45714701395869484
2021-05-20,0.4564992570264211
2021-05-21,0.40801802901286194
2021-05-24,0.90030851580171
2021-05-25,0.5011864456931248
2021-05-26,0.6145699781217303
2021-05-27,0.4012469861382742
2021-05-28,0.5750344717949402
2021-05-31,0.5978912332896406
2021-06-01,0.37892421662614323
2021-06-02,0.3944384238801114
2021-06-03,0.4684660717216172
2021-06-04,0.5356539964476833
2021-06-07,0.37364998192036114
2021-06-08,0.8820460646941224
2021-06-09,0.8500103051640083
2021-06-10,0.8817688901335909
2021-06-11,0.5024079229207988
2021-06-14,0.8569595417815807
2021-06-15,1.0687509242214859
2021-06-16,0.3813902118597919
2021-06-17,0.4350956760448261
2021-06-18,0.41767667861832314
2021-06-21,0.4698104510593884
2021-06-22,1.027555758408384
2021-06-23,0.4379613865908985
2021-06-24,0.4724239126612648
2021-06-25,0.5723252548583876
2021-06-28,0.4745792249931946
2021-06-29,0.8484003483232474
2021-06-30,0.5287210429865016
2021-07-01,0.6228645626026841
2021-07-02,0.3991275621849094
2021-07-05,0.6177240267500823
2021-07-06,1.2003982710578176
2021-07-07,0.6942565279875288
2021-07-08,1.1019316820667944
2021-07-09,0.5493439752498215
2021-07-12,0.7001587135320497
2021-07-13,0.4459975129380638
2021-07-14,0.8603989193412359
2021-07-15,0.6793808653111914
2021-07-16,0.7373933324777663
2021-07-19,0.5666649381732309
2021-07-20,0.9936326938036668
2021-07-21,0.4683155293608553
2021-07-22,0.5027214304448607
2021-07-23,0.45813143980832755
2021-07-26,0.3757014014600852
2021-07-27,0.6772590368975518
2021-07-28,0.9736979621947264
2021-07-29,0.6205802381539085
2021-07-30,0.6616992037136266
2021-08-02,0.5103586132868967
2021-08-03,0.40003026744870224
2021-08-04,0.824270678224477
2021-08-05,0.6248532194799988
2021-08-06,0.5210516507279085
2021-08-09,0.9437595827016783
2021-08-10,0.4123096441154884
2021-08-11,0.6599968470194721
2021-08-12,0.39720757243645954
2021-08-13,0.43886911962602937
2021-08-16,0.5770103681266855
2021-08-17,0.37776084296781376
2021-08-18,0.4862712927598358
2021-08-19,0.5940503396043442
2021-08-20,0.976492829508149
2021-08-23,0.6490458443513619
2021-08-24,0.47488498551921504
2021-08-25,0.44888415686036104
2021-08-26,0.6025488586081492
2021-08-27,0.7172743589166314
2021-08-30,0.45839538127844154
2021-08-31,0.44661957199684427
2021-09-01,0.6908615271577058
2021-09-02,0.4807132426774929
2021-09-03,0.5375348915888654
2021-09-06,1.1986201991716174
2021-09-07,0.8729783665142306
2021-09-08,0.3849189581162376
2021-09-09,0.5998470275223128
2021-09-10,0.6475317763203164
2021-09-13,0.472614953738108
2021-09-14,0.5184039979802337
2021-09-15,0.3706919415861558
2021-09-16,0.4208847755935382
2021-09-17,0.42879154030359545
2021-09-20,0.7183509399648531
2021-09-21,0.3809881197701261
2021-09-22,0.5156650869941946
2021-09-23,0.5343502915872803
2021-09-24,0.800844303555648
2021-09-27,1.2045851937104943
2021-09-28,0.459357921200098
2021-09-29,0.8065752599265246
2021-09-30,0.614169175316175
2021-10-01,0.6183042590393218
2021-10-04,0.4268844364652831
2021-10-05,0.9331525158867279
2021-10-06,0.45702113532744576
2021-10-07,1.1971648317074195
2021-10-08,0.6221242986032324
2021-10-11,0.38128253445443683
2021-10-12,0.4779985942188245
2021-10-13,0.6377247418920636
2021-10-14,0.3749694366197285
2021-10-15,0.5416337066054573
2021-10-18,0.44700050045098894
2021-10-19,0.5614022266385102
2021-10-20,0.383244416350215
2021-10-21,0.5307056951897309
2021-10-22,0.4246821046875564
2021-10-25,0.6716464683480334
2021-10-26,0.5901552252319108
2021-10-27,0.5072795473801659
2021-10-28,0.815783461575176
2021-10-29,0.3988931729792788
2021-11-01,0.43741984655899047
2021-11-02,0.38601278173999576
2021-11-03,1.1114539101814953
2021-11-04,0.4557605510195427
2021-11-05,0.4355469283537885
2021-11-08,0.4714299761324842
2021-11-09,0.810451257714267
2021-11-10,0.471816324000255
2021-11-11,1.1286660131227286
2021-11-12,0.41378257780022465
2021-11-15,0.6639836525824157
2021-11-16,0.7951224701994007
2021-11-17,0.5465781653066987
2021-11-18,0.3957964659451254
2021-11-19,0.39219901011816133
2021-11-22,0.41272022969084415
2021-11-23,0.5500843940443558
2021-11-24,1.2541740639955734
2021-11-25,0.4998080929176082
2021-11-26,0.3391969229365317
2021-11-29,0.33023793948195707
2021-11-30,0.7532108280566313
2021-12-01,0.40545056903718985
2021-12-02,1.4416894991016072
2021-12-03,0.9237280205306796
2021-12-06,1.02002953643404
2021-12-07,1.0780963106805503
2021-12-08,0.7177519101441352
2021-12-09,0.402489694666725
2021-12-10,0.46031437533933023
2021-12-13,0.4019097794793601
2021-12-14,0.42728369343240913
2021-12-15,0.7940599346973771
2021-12-16,0.43800127833708064
2021-12-17,0.6841540198297633
2021-12-20,0.4814558101719895
2021-12-21,0.4082491925621756
2021-12-22,0.8128581077846192
2021-12-23,1.249884367567089
2021-12-24,0.7869886830187467
2021-12-27,0.4288299346916293
2021-12-28,0.87743338097041
2021-12-29,1.4574179479459528
2021-12-30,0.835097778619681
2021-12-31,0.3777847758365391
2022-01-03,0.7704342117407887
2022-01-04,0.5375208344766441
2022-01-05,0.43196250210936454
2022-01-06,0.5573875037808868
2022-01-07,0.9432710147654358
2022-01-10,0.4380507039030692
2022-01-11,0.5586327939919762
2022-01-12,0.5772264979583783
2022-01-13,0.479930073159318
2022-01-14,0.5685008158198055
2022-01-17,0.5986731280234584
2022-01-18,0.5508246542381781
2022-01-19,0.5359039578009499
2022-01-20,0.5297641840596534
2022-01-21,0.5051164807663883
2022-01-24,0.4417845281817684
2022-01-25,0.38703741108381295
2022-01-26,0.327901718672243
2022-01-27,0.6934218811555724
2022-01-28,0.5542854658615198
2022-01-31,0.4817403935547612
2022-02-01,1.3131299415127793
2022-02-02,0.6248749614998911
2022-02-03,1.3293714166726416
2022-02-04,0.45293325802208445
2022-02-07,0.6643249573735843
2022-02-08,1.2919106699879344
2022-02-09,1.0570225833650326
2022-02-10,0.590992264013708
2022-02-11,0.6823664007361072
2022-02-14,0.494564280391093
2022-02-15,0.4305014591906057
2022-02-16,0.9927353058685637
2022-02-17,0.41359479658106657
2022-02-18,0.414709812426106
2022-02-21,0.7137613011802248
2022-02-22,0.4434263232735426
2022-02-23,0.40521035512057285
2022-02-24,0.5258116514157971
2022-02-25,0.7357767576033688
2022-02-28,1.036969257969934
2022-03-01,0.44596480319672527
2022-03-02,0.8041740077636643
2022-03-03,0.5322490146419069
2022-03-04,0.4557639458235164
2022-03-07,0.37772505753813607
2022-03-08,0.4425720590921486
2022-03-09,0.515292536736895
2022-03-10,0.9607531865513995
2022-03-11,0.40622761862358675
2022-03-14,0.58819888411773
2022-03-15,0.45320357116739574
2022-03-16,1.1399442712804788
2022-03-17,0.43864377462455545
2022-03-18,0.7377408133433738
2022-03-21,0.4240790169753623
2022-03-22,0.44955038312077006
2022-03-23,0.4929014855631747
2022-03-24,0.5862832237869698
2022-03-25,0.4476071646130716
2022-03-28,0.4492978429048089
2022-03-29,0.9665515422812335
2022-03-30,0.5849221651782929
2022-03-31,0.84174819158607
2022-04-01,0.3852656182127118
2022-04-04,0.45479535763899037
2022-04-05,0.44090977429365164
2022-04-06,0.338437531408832
2022-04-07,0.8678874416002103
2022-04-08,0.5564391680310873
2022-04-11,0.4120603183985919
2022-04-12,0.8544207015696037
2022-04-13,0.4058508440596485
2022-04-14,1.7370586005209423
2022-04-15,0.3781910885184961
2022-04-18,0.3898873172468946
2022-04-19,0.40309997186204055
2022-04-20,1.1873766217710895
2022-04-21,0.9869812321154035
2022-04-22,0.4561560392792774
2022-04-25,0.6752750751829975
2022-04-26,0.4314624164584921
2022-04-27,0.7090591715166837
2022-04-28,0.5821436058388014
2022-04-29,0.5841576772612013
2022-05-02,0.5440596610724904
2022-05-03,0.6073193679786152
2022-05-04,0.4219739424010716
2022-05-05,0.4193473559423997
2022-05-06,1.2384432304244208
2022-05-09,0.4041924824860319
2022-05-10,0.729012993689792
2022-05-11,0.951259292559561
2022-05-12,0.5829699374950992
2022-05-13,0.4103390644893405
2022-05-16,0.6068174610931125
2022-05-17,0.41388808872580884
2022-05-18,0.7394831910644997
2022-05-19,0.80058466014221
2022-05-20,0.37505909950531496
2022-05-23,0.5065113553524296
2022-05-24,1.180132933062232
2022-05-25,0.8540336642978729
2022-05-26,0.4407969567971415
2022-05-27,0.3716454071404541
2022-05-30,0.4527800753959908
2022-05-31,0.4075414027003176
2022-06-01,0.45174133800378685
2022-06-02,0.4892932302376035
2022-06-03,0.9160539535282225
2022-06-06,0.46187277867831905
2022-06-07,0.38140363982393294
2022-06-08,0.4452381165663625
2022-06-09,0.7403098259187176
2022-06-10,0.4152527054396043
2022-06-13,0.9355945995979952
2022-06-14,0.46881277636311836
2022-06-15,0.4474539538394245
2022-06-16,0.40729938950296424
2022-06-17,0.60516866204542
2022-06-20,0.6163423326952762
2022-06-21,0.6335092651805049
2022-06-22,0.41870610196329605
2022-06-23,0.7923694809154077
2022-06-24,0.5400597354044162
2022-06-27,0.40450003895285647
2022-06-28,0.5047837665552407
2022-06-29,0.5513674151443109
2022-06-30,0.4493812201874407
2022-07-01,0.5343061840317919
2022-07-04,0.5196863044290106
2022-07-05,0.49168127058449945
2022-07-06,0.6083086220238686
2022-07-07,0.5135674296236536
2022-07-08,0.8083813884078256
2022-07-11,0.4362011593925962
2022-07-12,0.4769093709856892
2022-07-13,0.4409651695100078
2022-07-14,0.5265285400073186
2022-07-15,0.9280875617798171
2022-07-18,0.5562329055858345
2022-07-19,1.288376839785559
2022-07-20,0.39966807590192144
2022-07-21,0.8059646234867679
2022-07-22,0.4112574257392905
2022-07-25,1.1297577741080829
2022-07-26,0.49889774348754157
2022-07-27,0.4177927295848688
2022-07-28,0.606857839677142
2022-07-29,0.6352831528810942
2022-08-01,0.4224648188770625
2022-08-02,0.8282042243743538
2022-08-03,0.6031393103929458
2022-08-04,0.47637034628968117
2022-08-05,0.7475575292007968
2022-08-08,0.8851894625258715
2022-08-09,0.46054143945541853
2022-08-10,0.972161661318617
2022-08-11,0.458613983258407
2022-08-12,0.6741854294248323
2022-08-15,0.5920976880422696
2022-08-16,0.9903472994867119
2022-08-17,0.6102590405602434
2022-08-18,0.443083864238313
2022-08-19,0.3900720228306477
2022-08-22,0.377965586638357
2022-08-23,0.42165707343331016
2022-08-24,0.7319423865142112
2022-08-25,0.4537270952433142
2022-08-26,0.4487139097093643
2022-08-29,0.4310519595086622
2022-08-30,0.5227511928473896
2022-08-31,0.6522910680482189
2022-09-01,0.3870006431580927
2022-09-02,0.4030734335082781
2022-09-05,0.5409263915332533
2022-09-06,0.49001310576585944
2022-09-07,1.105788071118629
2022-09-08,0.42768257125889075
2022-09-09,0.798469568423341
2022-09-12,0.6754408046517623
2022-09-13,0.589579381409435
2022-09-14,0.7126109276335186
2022-09-15,0.5273077904377175
2022-09-16,0.33846089777146454
2022-09-19,0.470249670440764
2022-09-20,0.6910639217037753
2022-09-21,0.5455804138156904
2022-09-22,0.6363196042454218
2022-09-23,1.1207079276216712
2022-09-26,0.451202210402713
2022-09-27,0.3857047541212271
2022-09-28,0.5520865371293902
2022-09-29,0.42677585099102067
2022-09-30,0.41943197289626893
2022-10-03,0.9052700194883861
2022-10-04,0.8489745588450497
2022-10-05,0.4021529641406862
2022-10-06,0.9626691289918089
2022-10-07,0.9977677388229925
2022-10-10,0.49060803804580977
2022-10-11,0.5176727908213455
2022-10-12,0.5797790840694982
2022-10-13,0.45717343478404077
2022-10-14,0.41820042540716784
2022-10-17,0.6312674246397784
2022-10-18,0.5030355117622313
2022-10-19,0.8946300357255864
2022-10-20,0.5420119722776273
2022-10-21,0.8043508393730859
2022-10-24,0.5266939773861944
2022-10-25,0.3746886386417168
2022-10-26,0.7148349843585204
2022-10-27,0.4481348041725273
2022-10-28,0.5949298645637288
2022-10-31,0.3786566670648631
2022-11-01,0.5651646824957118
2022-11-02,0.42705298194585833
2022-11-03,0.4336727323703833
2022-11-04,0.8176094632775933
2022-11-07,0.8281776419003614
2022-11-08,0.6386334156759541
2022-11-09,0.629218679830472
2022-11-10,0.962938147169466
2022-11-11,0.4695367463060673
2022-11-14,0.4995573441229757
2022-11-15,1.0244624892012582
2022-11-16,1.0730429113031947
2022-11-17,0.7382231485106306
2022-11-18,0.7598480553984723
2022-11-21,1.0313407938020858
2022-11-22,0.6993197312522863
2022-11-23,0.6855319433960293
2022-11-24,0.6915204860397423
2022-11-25,0.6156965017324566
2022-11-28,0.49846687028364906
2022-11-29,1.2444869926962274
2022-11-30,0.6179306987558898
2022-12-01,0.6905789733484511
2022-12-02,0.5952738696497542
2022-12-05,0.46083924200259374
2022-12-06,0.927424971185441
2022-12-07,0.9948485876733921
2022-12-08,0.3891357766331749
2022-12-09,0.39528196678767913
2022-12-12,0.6033952767686489
2022-12-13,0.70202078488958
2022-12-14,0.43824427679527456
2022-12-15,0.41805617026597636
2022-12-16,0.6530910529549092
2022-12-19,1.0166143130650365
2022-12-20,0.504008384849249
2022-12-21,0.42179216639968786
2022-12-22,0.4998949909535899
2022-12-23,0.6833720403194394
2022-12-26,0.5164531026917458
2022-12-27,0.5788213296525894
2022-12-28,0.7785624479821639
2022-12-29,0.4670551346041326
2022-12-30,0.5110967036214654
2023-01-02,0.7469816740070412
2023-01-03,0.47791878178155744
2023-01-04,0.40545473096967094
2023-01-05,0.5117613242756476
2023-01-06,0.5948772043832918
2023-01-09,1.0216641297469926
2023-01-10,0.3765757276680372
2023-01-11,0.7145921011434264
2023-01-12,1.1933478738948837
2023-01-13,0.4144227583357871
2023-01-16,0.7813735154137978
2023-01-17,0.3897200441509692
2023-01-18,0.46933716549231447
2023-01-19,0.5209696600439186
2023-01-20,0.44943533586986867
2023-01-23,0.6718867209312129
2023-01-24,0.7986759630802197
2023-01-25,0.43634537589210465
2023-01-26,0.47960940395125995
2023-01-27,0.5586112106626718
2023-01-30,0.5654094351154773
2023-01-31,0.5403771393024543
2023-02-01,0.9442143792459526
2023-02-02,0.6464458463229135
2023-02-03,0.5003716736418571
2023-02-06,0.6425518358666441
2023-02-07,1.1790219808418938
2023-02-08,0.38871434503424646
2023-02-09,0.44042455283099263
2023-02-10,0.6076229053359544
2023-02-13,0.5220937594725602
2023-02-14,0.6902800374985982
2023-02-15,0.40520307766777236
2023-02-16,0.5707108976895895
2023-02-17,0.43499753985294265
2023-02-20,0.5626867299502177
2023-02-21,0.4822113277359949
2023-02-22,0.682754035790486
2023-02-23,0.8446560403150172
2023-02-24,0.4107178295562799
2023-02-27,0.6396892380843865
2023-02-28,0.4407333658560269
2023-03-01,1.2794488640625847
2023-03-02,0.2997481771660871
2023-03-03,0.39756366336980886
2023-03-06,0.6598374990395471
2023-03-07,0.4815978807128199
2023-03-08,0.8035665168021197
2023-03-09,0.8684066032112219
2023-03-10,0.4752974192431279
2023-03-13,1.007988320680759
2023-03-14,0.532588362935789
2023-03-15,0.8803719329064926
2023-03-16,0.5028817369286989
2023-03-17,0.5734686986710497
2023-03-20,0.8937237926635777
2023-03-21,0.40294839510909114
2023-03-22,0.4748257197360655
2023-03-23,0.3713213733316018
2023-03-24,0.6105997189499479
2023-03-27,0.6015150397899854
2023-03-28,0.42363670903407297
2023-03-29,0.4316164412537007
2023-03-30,1.1179411271906854
2023-03-31,0.5340314593180121
2023-04-03,0.4314671254997376
2023-04-04,0.4336643240854229
2023-04-05,0.4898577435387593
2023-04-06,0.4195292625101317
2023-04-07,0.6560192216520876
2023-04-10,0.4427955600957851
2023-04-11,0.49487005623400426
2023-04-12,0.48654360201341956
2023-04-13,0.8771276843413008
2023-04-14,1.0645281475294968
2023-04-17,0.9067100436070097
2023-04-18,0.7547508726980752
2023-04-19,0.5149350866688348
2023-04-20,0.9975018168974785
2023-04-21,0.5365586254332961
2023-04-24,0.6723928351228867
2023-04-25,0.41748265975163806
2023-04-26,1.0199691220425184
2023-04-27,0.39597080936874185
2023-04-28,0.5405097299817189
2023-05-01,0.4100057488132867
2023-05-02,0.49388601723444614
2023-05-03,0.9295439578562911
2023-05-04,0.4346555925760149
2023-05-05,0.47685989753665414
2023-05-08,0.5968000470897351
2023-05-09,0.4169354063102204
2023-05-10,0.4864623151455547
2023-05-11,0.6629006035178611
2023-05-12,0.5137949178713096
2023-05-15,0.6010921047147251
2023-05-16,0.48302886067642686
2023-05-17,0.3844486888701013
2023-05-18,0.40102754387738787
2023-05-19,0.43513163770027186
2023-05-22,0.41944352461961104
2023-05-23,0.6745980978469991
2023-05-24,0.46867255138877745
2023-05-25,0.37026119314411216
2023-05-26,1.5163743810825587
2023-05-29,0.42137306043418044
2023-05-30,1.3252323303256295
2023-05-31,0.7614887674088057
2023-06-01,0.35802058934037206
2023-06-02,0.9791911121145727
2023-06-05,0.6349490574917267
2023-06-06,0.5306679955596251
2023-06-07,0.4577329708237651
2023-06-08,0.6526750757477335
2023-06-09,0.44053273092097245
2023-06-12,0.4592571488506436
2023-06-13,1.0362364473923362
2023-06-14,0.5280357098880286
2023-06-15,0.9397570069950928
2023-06-16,1.0942516877198196
2023-06-19,0.6822123345711134
2023-06-20,0.4708530044402516
2023-06-21,0.43883351300826007
2023-06-22,0.5974247570663517
2023-06-23,0.46221380527214906
2023-06-26,0.7377609485319284
2023-06-27,0.5683637026480491
2023-06-28,0.5932902944900644
2023-06-29,0.7512275149226963
2023-06-30,0.7514719916876937
2023-07-03,0.43969221037135187
2023-07-04,0.7695588495978694
2023-07-05,1.3322576904012318
2023-07-06,0.6173342883813396
2023-07-07,0.44682541985151836
2023-07-10,0.6227894837356548
2023-07-11,1.0712780377689066
2023-07-12,0.4285423133094061
2023-07-13,0.4279463941061896
2023-07-14,0.5169272052390208
2023-07-17,0.5088759317646917
2023-07-18,0.6265834153413175
2023-07-19,0.402820088967683
2023-07-20,0.42803489604012745
2023-07-21,0.42262812517466153
2023-07-24,0.4391486651604707
2023-07-25,0.7503710142950588
2023-07-26,0.4445230833700387
2023-07-27,0.784716989147885
2023-07-28,0.3735107647044661
2023-07-31,0.7351674435672889
2023-08-01,0.48135724850958145
2023-08-02,0.6172328433661544
2023-08-03,0.5115152629319815
2023-08-04,0.451647090476389
2023-08-07,0.3993242805415515
2023-08-08,0.6528681186371244
2023-08-09,0.8747493965706176
2023-08-10,0.6547285747822045
2023-08-11,0.5636183374768317
2023-08-14,0.5880852816798832
2023-08-15,0.6937102709298715
2023-08-16,0.5228633275065441
2023-08-17,1.0297670107648282
2023-08-18,0.8734922359249743
2023-08-21,0.45575489918126677
2023-08-22,1.2464093786956714
2023-08-23,0.45851364004043915
2023-08-24,0.7748580873955629
2023-08-25,0.7861236249042576
2023-08-28,0.584462222087064
2023-08-29,0.4231070153403666
2023-08-30,0.5243996345182013
2023-08-31,0.4910885020495749
2023-09-01,0.7325390596895557
2023-09-04,0.537728567559709
2023-09-05,0.46572402699482107
2023-09-06,0.5606874384721016
2023-09-07,0.8166905896940938
2023-09-08,0.988275427104915
2023-09-11,0.5857276777864214
2023-09-12,0.4439329598877962
2023-09-13,0.4428806162907277
2023-09-14,0.4405341591937531
2023-09-15,0.6450713601948436
2023-09-18,0.741091913072
2023-09-19,0.4962068285915069
2023-09-20,0.7124013063797032
2023-09-21,0.6448049543939913
2023-09-22,0.6488977785547883
2023-09-25,1.0492314309636992
2023-09-26,0.37047657576172116
2023-09-27,0.8265195791872451
2023-09-28,0.7416195858618922
2023-09-29,0.46863328087866357
2023-10-02,0.4894147190202812
2023-10-03,0.7138506013750385
2023-10-04,0.7907575350080682
2023-10-05,0.4038441720139721
2023-10-06,0.6403213708316357
2023-10-09,0.8494195560271908
2023-10-10,0.6234352326258537
2023-10-11,0.6784551800155578
2023-10-12,0.48212078878684705
2023-10-13,0.4417911825106075
2023-10-16,0.42977699037763356
2023-10-17,0.62503855534363
2023-10-18,0.4450312846135955
2023-10-19,0.4407511371619059
2023-10-20,0.465883842820875
2023-10-23,0.7386202638291377
2023-10-24,0.4548404878802335
2023-10-25,0.4423019010830451
2023-10-26,0.5257280379920345
2023-10-27,0.5172965626349133
2023-10-30,0.4794394620041719
2023-10-31,0.5481976788649242
2023-11-01,0.5814616651725929
2023-11-02,0.5054412577429749
2023-11-03,0.39716111038879054
2023-11-06,0.5129414644203687
2023-11-07,0.42020730103672577
2023-11-08,0.6305712301993499
2023-11-09,0.9414226918660097
2023-11-10,0.4280950513342653
2023-11-13,0.6934990725156617
2023-11-14,0.5157712255611983
2023-11-15,0.41647126213555064
2023-11-16,0.7699098514906002
2023-11-17,0.6842465953598313
2023-11-20,0.6340283108913514
2023-11-21,0.4018732854671738
2023-11-22,0.3623730262480423
2023-11-23,0.3762582979361114
2023-11-24,0.3750973883051937
2023-11-27,1.1958104380538832
2023-11-28,0.35024821696408825
2023-11-29,0.41246632516551107
2023-11-30,0.7803546338348878
2023-12-01,0.6507664622589815
2023-12-04,0.8059554423359789
2023-12-05,0.48667258744680114
2023-12-06,0.6372533939904416
2023-12-07,0.5306929808187762
2023-12-08,0.503783101960631
2023-12-11,0.6141869164816907
2023-12-12,0.5415276338420563
2023-12-13,0.40171800426905074
2023-12-14,0.3526216793584846
2023-12-15,0.4247274746508132
2023-12-18,0.553811468166121
2023-12-19,0.879505919696881
2023-12-20,1.2942005766614832
2023-12-21,0.4020869611667666
2023-12-22,0.35520474444404126
2023-12-25,1.0680515041111878
2023-12-26,0.4699559666981549
2023-12-27,1.1870967020368277
2023-12-28,0.5668004537090774
2023-12-29,0.33175375332589757
